LSCO 2601C, x = 22%
T=35 K, B = 45.0 T, theta= -14 to 99, phi = 0
Fixed parameters:
T=0.19,T1multvalue=-0.134,T11multvalue=0.067,mumultvalue=0.805
h_func_val =  strength*np.exp(-(deltak[:,0]**2 + deltak[:,1]**2 + deltak[:,2]**2)/(spread**2))
cost,Tzmultvalue,invtau_iso,strength,spread
119.44961932901458,0.032,5.0,6.0,0.202
119.44987061811949,0.03200001,5.0,6.0,0.202
119.44961888870384,0.032,5.00000001,6.0,0.202
119.44961924817403,0.032,5.0,6.00000001,0.202
119.44961162085747,0.032,5.0,6.0,0.20200001
820.0964891398029,0.9675282859287944,5.001751381320998,6.00032155161348,0.23265998852372077
820.113025287722,0.9675282759287943,5.001751381320998,6.00032155161348,0.23265998852372077
820.0964891393836,0.9675282859287944,5.001751391320998,6.00032155161348,0.23265998852372077
820.096489138516,0.9675282859287944,5.001751381320998,6.00032156161348,0.23265998852372077
820.0964890441481,0.9675282859287944,5.001751381320998,6.00032155161348,0.23265999852372077
11.859649161964626,0.02454972556437935,5.0000130544294406,6.00000239677836,0.20222853313098835
11.85950968231188,0.024549735564379352,5.0000130544294406,6.00000239677836,0.20222853313098835
11.859649307920897,0.02454972556437935,5.0000130644294405,6.00000239677836,0.20222853313098835
11.859649196763996,0.02454972556437935,5.0000130544294406,6.00000240677836,0.20222853313098835
11.859652265509872,0.02454972556437935,5.0000130544294406,6.00000239677836,0.20222854313098834
16.789224607058543,0.027208957317317907,5.000009602046646,6.000001664799871,0.20216137018747832
16.789357758827176,0.02720896731731791,5.000009602046646,6.000001664799871,0.20216137018747832
16.789224393793305,0.027208957317317907,5.000009612046646,6.000001664799871,0.20216137018747832
16.789224566723817,0.027208957317317907,5.000009602046646,6.000001674799871,0.20216137018747832
16.789220765621963,0.027208957317317907,5.000009602046646,6.000001664799871,0.2021613801874783
4.996142932030931,0.025606295109911414,5.000011682724054,6.00000210594768,0.20220184785971684
4.996143771040462,0.025606305109911416,5.000011682724054,6.00000210594768,0.20220184785971684
4.996142902615533,0.025606295109911414,5.000011692724054,6.00000210594768,0.20220184785971684
4.996142929321586,0.025606295109911414,5.000011682724054,6.00000211594768,0.20220184785971684
4.996142583653061,0.025606295109911414,5.000011682724054,6.00000210594768,0.20220185785971684
4.995743739207734,0.025599975926003053,5.000011904546547,6.0000021264015855,0.20220447552891524
4.995743880026518,0.025599985926003054,5.000011904546547,6.0000021264015855,0.20220447552891524
4.995743710703973,0.025599975926003053,5.000011914546547,6.0000021264015855,0.20220447552891524
4.995743736689756,0.025599975926003053,5.000011904546547,6.000002136401585,0.20220447552891524
4.995743408509316,0.025599975926003053,5.000011904546547,6.0000021264015855,0.20220448552891523
4.995598322054879,0.025597559534870307,5.000012283082335,6.000002159937472,0.20220887310215876
4.995598186015364,0.02559756953487031,5.000012283082335,6.000002159937472,0.20220887310215876
4.995598293913267,0.025597559534870307,5.000012293082335,6.000002159937472,0.20220887310215876
4.99559831961272,0.025597559534870307,5.000012283082335,6.000002169937472,0.20220887310215876
4.995597998364141,0.025597559534870307,5.000012283082335,6.000002159937472,0.20220888310215876
4.995225576019692,0.02559396365795545,5.000013631547469,6.00000227858625,0.2022244870937456
4.995225002216593,0.025593973657955453,5.000013631547469,6.00000227858625,0.2022244870937456
4.995225548452437,0.02559396365795545,5.0000136415474685,6.00000227858625,0.2022244870937456
4.995225573697182,0.02559396365795545,5.000013631547469,6.00000228858625,0.2022244870937456
4.995225263405452,0.02559396365795545,5.000013631547469,6.00000227858625,0.2022244970937456
4.994239732050501,0.0255886704477073,5.000017813199043,6.000002645576196,0.2022728470979571
4.994238441776695,0.0255886804477073,5.000017813199043,6.000002645576196,0.2022728470979571
4.994239705427872,0.0255886704477073,5.000017823199043,6.000002645576196,0.2022728470979571
4.994239729923459,0.0255886704477073,5.000017813199043,6.000002655576196,0.2022728470979571
4.99423943756118,0.0255886704477073,5.000017813199043,6.000002645576196,0.2022728570979571
4.991666354198123,0.025581666574692553,5.000029720317204,6.000003689284245,0.20241046977795907
4.991663906721403,0.025581676574692555,5.000029720317204,6.000003689284245,0.20241046977795907
4.991666329113169,0.025581666574692553,5.000029730317204,6.000003689284245,0.20241046977795907
4.991666352386359,0.025581666574692553,5.000029720317204,6.000003699284245,0.20241046977795907
4.991666089002393,0.025581666574692553,5.000029720317204,6.000003689284245,0.20241047977795906
4.984916680283375,0.025574329590617857,5.00006255599825,6.000006565596156,0.20278986791868384
4.98491235136862,0.025574339590617858,5.00006255599825,6.000006565596156,0.20278986791868384
4.984916657728972,0.025574329590617857,5.00006256599825,6.000006565596156,0.20278986791868384
4.984916678985426,0.025574329590617857,5.00006255599825,6.000006575596156,0.20278986791868384
4.984916462887518,0.025574329590617857,5.00006255599825,6.000006565596156,0.20278987791868383
4.967312494700772,0.025573017947460135,5.000150869987513,6.000014298805684,0.20381011114157443
4.96730511090041,0.025573027947460136,5.000150869987513,6.000014298805684,0.20381011114157443
4.967312476331448,0.025573017947460135,5.000150879987513,6.000014298805684,0.20381011114157443
4.967312494249964,0.025573017947460135,5.000150869987513,6.000014308805684,0.20381011114157443
4.967312355892794,0.025573017947460135,5.000150869987513,6.000014298805684,0.20381012114157443
4.922282229341878,0.02559838835981049,5.000382285992185,6.0000345581435095,0.20648325608664422
4.922269907056758,0.025598398359810492,5.000382285992185,6.0000345581435095,0.20648325608664422
4.922282217918377,0.02559838835981049,5.000382295992185,6.0000345581435095,0.20648325608664422
4.92228223033692,0.02559838835981049,5.000382285992185,6.000034568143509,0.20648325608664422
4.922282222264102,0.02559838835981049,5.000382285992185,6.0000345581435095,0.20648326608664422
4.8164821224831655,0.025704705484675437,5.000944373341691,6.000083757616993,0.21297557896410563
4.816462147527907,0.025704715484675438,5.000944373341691,6.000083757616993,0.21297557896410563
4.816482122177071,0.025704705484675437,5.000944383341691,6.000083757616993,0.21297557896410563
4.816482126070508,0.025704705484675437,5.000944373341691,6.000083767616993,0.21297557896410563
4.816482338359555,0.025704705484675437,5.000944373341691,6.000083757616993,0.21297558896410562
4.615041395210997,0.02597480280237194,5.002022775454863,6.000178129939445,0.22543046241451742
4.6150118895947365,0.025974812802371943,5.002022775454863,6.000178129939445,0.22543046241451742
4.615041409245797,0.02597480280237194,5.002022785454863,6.000178129939445,0.22543046241451742
4.615041403115615,0.02597480280237194,5.002022775454863,6.000178139939445,0.22543046241451742
4.6150419375312,0.02597480280237194,5.002022775454863,6.000178129939445,0.2254304724145174
4.256035322983397,0.026456303365392203,5.003552241686288,6.000311913270945,0.24309193631470563
4.2559990640003225,0.026456313365392205,5.003552241686288,6.000311913270945,0.24309193631470563
4.256035348208361,0.026456303365392203,5.003552251686288,6.000311913270945,0.24309193631470563
4.256035336005103,0.026456303365392203,5.003552241686288,6.000311923270945,0.24309193631470563
4.256036169827188,0.026456303365392203,5.003552241686288,6.000311913270945,0.24309194631470563
3.4245066794206918,0.027456229132195864,5.006165047976754,6.000540143214213,0.27325166345772034
3.4244699636387494,0.027456239132195866,5.006165047976754,6.000540143214213,0.27325166345772034
3.4245067090877837,0.027456229132195864,5.006165057976754,6.000540143214213,0.27325166345772034
3.4245066977892487,0.027456229132195864,5.006165047976754,6.000540153214213,0.27325166345772034
3.42450768735829,0.027456229132195864,5.006165047976754,6.000540143214213,0.27325167345772033
1.9070693258451348,0.0292092686688874,5.010199755684016,6.0007201193797925,0.3167923085552715
1.907053104765702,0.029209278668887402,5.010199755684016,6.0007201193797925,0.3167923085552715
1.9070693360506126,0.0292092686688874,5.010199765684016,6.0007201193797925,0.3167923085552715
1.9070693359278623,0.0292092686688874,5.010199755684016,6.0007201293797925,0.3167923085552715
1.907069718583544,0.0292092686688874,5.010199755684016,6.0007201193797925,0.3167923185552715
0.7755480243289673,0.03186270462738101,5.016589512511565,6.001054828475708,0.38662519178713545
0.7755457486038109,0.03186271462738101,5.016589512511565,6.001054828475708,0.38662519178713545
0.7755480235960895,0.03186270462738101,5.016589522511565,6.001054828475708,0.38662519178713545
0.7755480249523469,0.03186270462738101,5.016589512511565,6.001054838475708,0.38662519178713545
0.7755480088236121,0.03186270462738101,5.016589512511565,6.001054828475708,0.38662520178713544
0.47330169696713875,0.03447447364602197,5.023083456683146,6.001429468052864,0.4582042849284657
0.47331537198133256,0.03447448364602197,5.023083456683146,6.001429468052864,0.4582042849284657
0.47330168203375117,0.03447447364602197,5.023083466683146,6.001429468052864,0.4582042849284657
0.47330167640010684,0.03447447364602197,5.023083456683146,6.001429478052864,0.4582042849284657
0.47330122696659105,0.03447447364602197,5.023083456683146,6.001429468052864,0.4582042949284657
0.37574093910983064,0.03423888746990217,5.022680169143083,6.001436147195736,0.45428102066472725
0.37574752445501874,0.03423889746990217,5.022680169143083,6.001436147195736,0.45428102066472725
0.375740931292625,0.03423888746990217,5.022680179143083,6.001436147195736,0.45428102066472725
0.37574092875967197,0.03423888746990217,5.022680169143083,6.0014361571957355,0.45428102066472725
0.37574069103577773,0.03423888746990217,5.022680169143083,6.001436147195736,0.45428103066472725
0.27353784772336465,0.034806859803711655,5.024460146158642,6.001599057476115,0.4749521782513171
0.2735391411601514,0.03480686980371166,5.024460146158642,6.001599057476115,0.4749521782513171
0.27353784559672406,0.034806859803711655,5.024460156158642,6.001599057476115,0.4749521782513171
0.27353784493854094,0.034806859803711655,5.024460146158642,6.001599067476115,0.4749521782513171
0.27353777838713034,0.034806859803711655,5.024460146158642,6.001599057476115,0.4749521882513171
0.18630360359717674,0.03599606132537148,5.027880370381089,6.001872047697462,0.5139729085382708
0.18630565402930224,0.035996071325371484,5.027880370381089,6.001872047697462,0.5139729085382708
0.18630360114627886,0.03599606132537148,5.027880380381089,6.001872047697462,0.5139729085382708
0.1863035996875932,0.03599606132537148,5.027880370381089,6.001872057697462,0.5139729085382708
0.18630352619076765,0.03599606132537148,5.027880370381089,6.001872047697462,0.5139729185382709
0.14015981938649846,0.03722427143633183,5.0315018640488125,6.002184736766658,0.5556939206110164
0.14016363445722968,0.03722428143633183,5.0315018640488125,6.002184736766658,0.5556939206110164
0.14015981555839746,0.03722427143633183,5.031501874048812,6.002184736766658,0.5556939206110164
0.1401598122915558,0.03722427143633183,5.0315018640488125,6.002184746766658,0.5556939206110164
0.1401597031160897,0.03722427143633183,5.0315018640488125,6.002184736766658,0.5556939306110165
0.11201819294091798,0.03784713966581388,5.0334961560018385,6.002388992275857,0.5792233450259795
0.11202053835463699,0.03784714966581388,5.0334961560018385,6.002388992275857,0.5792233450259795
0.1120181905903154,0.03784713966581388,5.0334961660018385,6.002388992275857,0.5792233450259795
0.1120181883404724,0.03784713966581388,5.0334961560018385,6.002389002275857,0.5792233450259795
0.11201812209067716,0.03784713966581388,5.0334961560018385,6.002388992275857,0.5792233550259795
0.09057581466128031,0.03860486826269884,5.035952923350763,6.002646500782006,0.6083103812412335
0.09057716092881345,0.038604878262698844,5.035952923350763,6.002646500782006,0.6083103812412335
0.09057581330919515,0.03860486826269884,5.035952933350763,6.002646500782006,0.6083103812412335
0.09057581184630144,0.03860486826269884,5.035952923350763,6.0026465107820055,0.6083103812412335
0.0905757743467028,0.03860486826269884,5.035952923350763,6.002646500782006,0.6083103912412335
0.07727561568739878,0.03943941292268315,5.038677191177429,6.002936387481584,0.6406387147598747
0.0772772099949382,0.039439422922683154,5.038677191177429,6.002936387481584,0.6406387147598747
0.07727561418527282,0.03943941292268315,5.038677201177429,6.002936387481584,0.6406387147598747
0.07727561231344353,0.03943941292268315,5.038677191177429,6.002936397481584,0.6406387147598747
0.07727557218816218,0.03943941292268315,5.038677191177429,6.002936387481584,0.6406387247598747
0.07014779595388212,0.04021639100457897,5.041363534054702,6.003398869087969,0.6755727003608547
0.07014537976415984,0.040216401004578975,5.041363534054702,6.003398869087969,0.6755727003608547
0.07014779795402844,0.04021639100457897,5.041363544054702,6.003398869087969,0.6755727003608547
0.07014780085639116,0.04021639100457897,5.041363534054702,6.003398879087969,0.6755727003608547
0.07014785106407254,0.04021639100457897,5.041363534054702,6.003398869087969,0.6755727103608548
0.1557854013246353,0.04282224998682791,5.049916974418773,6.004512437593272,0.7805939468816915
0.15579501294640433,0.04282225998682791,5.049916974418773,6.004512437593272,0.7805939468816915
0.155785393443021,0.04282224998682791,5.049916984418773,6.004512437593272,0.7805939468816915
0.1557853787807202,0.04282224998682791,5.049916974418773,6.004512447593272,0.7805939468816915
0.15578520323084688,0.04282224998682791,5.049916974418773,6.004512437593272,0.7805939568816915
0.05769596026654082,0.040986889255487644,5.0438926083003395,6.003728128112133,0.7066252965695404
0.057695661149615746,0.040986899255487645,5.0438926083003395,6.003728128112133,0.7066252965695404
0.05769596046439687,0.040986889255487644,5.043892618300339,6.003728128112133,0.7066252965695404
0.05769596080145558,0.040986889255487644,5.0438926083003395,6.003728138112133,0.7066252965695404
0.05769596527188016,0.040986889255487644,5.0438926083003395,6.003728128112133,0.7066253065695405
0.1294754321977432,0.042882989159140225,5.050188147156004,6.004607295716747,0.7849536711092671
0.12948381461734554,0.04288299915914023,5.050188147156004,6.004607295716747,0.7849536711092671
0.12947542534076173,0.042882989159140225,5.050188157156004,6.004607295716747,0.7849536711092671
0.12947541246715147,0.042882989159140225,5.050188147156004,6.004607305716747,0.7849536711092671
0.1294752606514386,0.042882989159140225,5.050188147156004,6.004607295716747,0.7849536811092671
0.0557655562762244,0.04129768023733925,5.044924514213349,6.003872233052238,0.7194641519395274
0.05576615652117498,0.04129769023733925,5.044924514213349,6.003872233052238,0.7194641519395274
0.05576555572434649,0.04129768023733925,5.044924524213349,6.003872233052238,0.7194641519395274
0.05576555485548009,0.04129768023733925,5.044924514213349,6.003872243052238,0.7194641519395274
0.05576554119982719,0.04129768023733925,5.044924514213349,6.003872233052238,0.7194641619395274
0.054994420372594166,0.041526591069118046,5.045698351954995,6.003991605691035,0.7292876482197276
0.05499544891330046,0.04152660106911805,5.045698351954995,6.003991605691035,0.7292876482197276
0.05499441946990224,0.041526591069118046,5.045698361954995,6.003991605691035,0.7292876482197276
0.05499441799467607,0.041526591069118046,5.045698351954995,6.003991615691035,0.7292876482197276
0.0549943961609103,0.041526591069118046,5.045698351954995,6.003991605691035,0.7292876582197276
0.05378204776963652,0.041746529733531615,5.0464590159026805,6.004122955224628,0.739186029332122
0.053783155409171716,0.04174653973353162,5.0464590159026805,6.004122955224628,0.739186029332122
0.05378204680921264,0.041746529733531615,5.0464590259026805,6.004122955224628,0.739186029332122
0.05378204519767122,0.041746529733531615,5.0464590159026805,6.004122965224628,0.739186029332122
0.053782022296230234,0.041746529733531615,5.0464590159026805,6.004122955224628,0.739186039332122
0.050600405172056995,0.0422352395906445,5.048179764630251,6.004449604796926,0.7620853142546887
0.050601343040404256,0.0422352495906445,5.048179764630251,6.004449604796926,0.7620853142546887
0.05060040436837162,0.0422352395906445,5.048179774630251,6.004449604796926,0.7620853142546887
0.05060040294613002,0.0422352395906445,5.048179764630251,6.0044496147969255,0.7620853142546887
0.05060038434783831,0.0422352395906445,5.048179764630251,6.004449604796926,0.7620853242546888
0.04804469118401379,0.04256059027982235,5.049359190988397,6.0047062609169455,0.7783431538436474
0.048045018199833936,0.04256060027982235,5.049359190988397,6.0047062609169455,0.7783431538436474
0.04804469088729756,0.04256059027982235,5.0493592009883965,6.0047062609169455,0.7783431538436474
0.048044690353064544,0.04256059027982235,5.049359190988397,6.004706270916945,0.7783431538436474
0.048044683518455186,0.04256059027982235,5.049359190988397,6.0047062609169455,0.7783431638436474
0.04808292803970034,0.0433449427437597,5.052150506700304,6.00526689387898,0.8160157075074854
0.04808461155686729,0.0433449527437597,5.052150506700304,6.00526689387898,0.8160157075074854
0.04808292666999254,0.0433449427437597,5.052150516700304,6.00526689387898,0.8160157075074854
0.048082923943571776,0.0433449427437597,5.052150506700304,6.00526690387898,0.8160157075074854
0.048082894855202944,0.0433449427437597,5.052150506700304,6.00526689387898,0.8160157175074855
0.046886531657185496,0.04297729615120324,5.050842143741794,6.005004110490589,0.7983575925346783
0.04688734531817572,0.042977306151203244,5.050842143741794,6.005004110490589,0.7983575925346783
0.04688653097496545,0.04297729615120324,5.050842153741794,6.005004110490589,0.7983575925346783
0.046886529670425,0.04297729615120324,5.050842143741794,6.005004120490589,0.7983575925346783
0.04688651468973033,0.04297729615120324,5.050842143741794,6.005004110490589,0.7983576025346784
0.04511318644074739,0.04335669741013202,5.0522366730559005,6.005324943605802,0.8178788952746796
0.04511383477961465,0.04335670741013202,5.0522366730559005,6.005324943605802,0.8178788952746796
0.04511318589969214,0.04335669741013202,5.0522366830559005,6.005324943605802,0.8178788952746796
0.04511318482684852,0.04335669741013202,5.0522366730559005,6.005324953605802,0.8178788952746796
0.045113173275505083,0.04335669741013202,5.0522366730559005,6.005324943605802,0.8178789052746797
0.043710073355328574,0.04360225047762214,5.053180601198112,6.0055792011677855,0.8317291742989127
0.04370991957053879,0.04360226047762214,5.053180601198112,6.0055792011677855,0.8317291742989127
0.04371007345579407,0.04360225047762214,5.053180611198112,6.0055792011677855,0.8317291742989127
0.043710073675249095,0.04360225047762214,5.053180601198112,6.0055792111677855,0.8317291742989127
0.04371007560492885,0.04360225047762214,5.053180601198112,6.0055792011677855,0.8317291842989127
0.05150179508549289,0.04478247178766908,5.057545461620602,6.006607859637515,0.8932492712876692
0.051504759806386996,0.04478248178766908,5.057545461620602,6.006607859637515,0.8932492712876692
0.05150179277373935,0.04478247178766908,5.057545471620602,6.006607859637515,0.8932492712876692
0.051501787525852695,0.04478247178766908,5.057545461620602,6.006607869637515,0.8932492712876692
0.051501744510135526,0.04478247178766908,5.057545461620602,6.006607859637515,0.8932492812876692
0.042707490006809845,0.04394414985855045,5.054445061569726,6.005877194172142,0.8495509869505322
0.04270777973333795,0.04394415985855045,5.054445061569726,6.005877194172142,0.8495509869505322
0.04270748975952173,0.04394414985855045,5.054445071569726,6.005877194172142,0.8495509869505322
0.04270748924593466,0.04394414985855045,5.054445061569726,6.005877204172142,0.8495509869505322
0.04270748416922978,0.04394414985855045,5.054445061569726,6.005877194172142,0.8495509969505323
0.0436933666649669,0.04456647031130501,5.056774937135344,6.006451392961489,0.8828205544856786
0.043694861065940095,0.044566480311305015,5.056774937135344,6.006451392961489,0.8828205544856786
0.04369336548779833,0.04456647031130501,5.056774947135344,6.006451392961489,0.8828205544856786
0.04369336286156067,0.04456647031130501,5.056774937135344,6.006451402961489,0.8828205544856786
0.043693340493231286,0.04456647031130501,5.056774937135344,6.006451392961489,0.8828205644856787
0.04235325383157763,0.044169723939387485,5.055289577504969,6.00608532547098,0.861610291900849
0.04235382795190938,0.04416973393938749,5.055289577504969,6.00608532547098,0.861610291900849
0.04235325336396115,0.044169723939387485,5.055289587504969,6.00608532547098,0.861610291900849
0.042353252361918184,0.044169723939387485,5.055289577504969,6.00608533547098,0.861610291900849
0.04235324307033829,0.044169723939387485,5.055289577504969,6.00608532547098,0.8616103019008491
0.04181138983183512,0.04435154570464018,5.055988299229778,6.006273251152651,0.871857679491297
0.04181194120823798,0.04435155570464018,5.055988299229778,6.006273251152651,0.871857679491297
0.04181138938488952,0.04435154570464018,5.055988309229778,6.006273251152651,0.871857679491297
0.04181138841112629,0.04435154570464018,5.055988299229778,6.006273261152651,0.871857679491297
0.04181137968391314,0.04435154570464018,5.055988299229778,6.006273251152651,0.871857689491297
0.0406403007637687,0.044666594981685695,5.057230837593096,6.006632697393495,0.8905085712613832
0.04064049861198643,0.0446666049816857,5.057230837593096,6.006632697393495,0.8905085712613832
0.04064030059547655,0.044666594981685695,5.057230847593096,6.006632697393495,0.8905085712613832
0.04064030022375286,0.044666594981685695,5.057230837593096,6.006632707393495,0.8905085712613832
0.040640296983763216,0.044666594981685695,5.057230837593096,6.006632697393495,0.8905085812613832
0.040731117871734945,0.04519399301515252,5.0592841043504695,6.007205353448992,0.9209652108039895
0.04073213654744746,0.04519400301515252,5.0592841043504695,6.007205353448992,0.9209652108039895
0.04073111707888632,0.04519399301515252,5.059284114350469,6.007205353448992,0.9209652108039895
0.040731115211051425,0.04519399301515252,5.0592841043504695,6.007205363448992,0.9209652108039895
0.040731101127907114,0.04519399301515252,5.0592841043504695,6.007205353448992,0.9209652208039896
0.04026018251427383,0.04493345458938331,5.05826977578892,6.006922457234484,0.9059194115838258
0.04026066646437562,0.04493346458938331,5.05826977578892,6.006922457234484,0.9059194115838258
0.04026018212786037,0.04493345458938331,5.05826978578892,6.006922457234484,0.9059194115838258
0.04026018124137984,0.04493345458938331,5.05826977578892,6.006922467234484,0.9059194115838258
0.04026017413577102,0.04493345458938331,5.05826977578892,6.006922457234484,0.9059194215838259
0.03950166943422202,0.045260201101616555,5.059582852260057,6.007321775129116,0.9259608290493903
0.03950212246193088,0.04526021110161656,5.059582852260057,6.007321775129116,0.9259608290493903
0.03950166907559922,0.045260201101616555,5.059582862260057,6.007321775129116,0.9259608290493903
0.03950166822938914,0.045260201101616555,5.059582852260057,6.007321785129116,0.9259608290493903
0.039501661873109384,0.045260201101616555,5.059582852260057,6.007321775129116,0.9259608390493903
0.03888574760750952,0.045435433649812985,5.06033217997608,6.0075854819653225,0.938001637077773
0.03888557291057692,0.04543544364981299,5.06033217997608,6.0075854819653225,0.938001637077773
0.038885747728631175,0.045435433649812985,5.06033218997608,6.0075854819653225,0.938001637077773
0.03888574802998464,0.045435433649812985,5.06033217997608,6.007585491965322,0.938001637077773
0.038885750023252584,0.045435433649812985,5.06033217997608,6.0075854819653225,0.938001647077773
0.04009588931707375,0.0461832780746209,5.063372845762978,6.0085385949360015,0.9848855010559371
0.04009727342907023,0.0461832880746209,5.063372845762978,6.0085385949360015,0.9848855010559371
0.040095888270614215,0.0461832780746209,5.063372855762978,6.0085385949360015,0.9848855010559371
0.04009588559413594,0.0461832780746209,5.063372845762978,6.0085386049360014,0.9848855010559371
0.040095869206397614,0.0461832780746209,5.063372845762978,6.0085385949360015,0.9848855110559371
0.038340097589686636,0.04572712321218103,5.061518162572548,6.007957234559957,0.9562882396280644
0.03834027206263436,0.04572713321218103,5.061518162572548,6.007957234559957,0.9562882396280644
0.03834009744711599,0.04572712321218103,5.061518172572548,6.007957234559957,0.9562882396280644
0.03834009710127253,0.04572712321218103,5.061518162572548,6.0079572445599565,0.9562882396280644
0.03834009467553853,0.04572712321218103,5.061518162572548,6.007957234559957,0.9562882496280645
0.039380800385022896,0.046240057628942496,5.063628494603222,6.008638123844072,0.989154946581805
0.03938200440366939,0.0462400676289425,5.063628494603222,6.008638123844072,0.989154946581805
0.039380799475036095,0.046240057628942496,5.063628504603222,6.008638123844072,0.989154946581805
0.039380797136911505,0.046240057628942496,5.063628494603222,6.008638133844072,0.989154946581805
0.03938078300061538,0.046240057628942496,5.063628494603222,6.008638123844072,0.9891549565818051
0.03821554107893474,0.04586493468662873,5.062085151176194,6.008140170922021,0.9651186265109195
0.038215889091749576,0.04586494468662873,5.062085151176194,6.008140170922021,0.9651186265109195
0.03821554080640369,0.04586493468662873,5.062085161176194,6.008140170922021,0.9651186265109195
0.03821554013087983,0.04586493468662873,5.062085151176194,6.0081401809220205,0.9651186265109195
0.03821553563934612,0.04586493468662873,5.062085151176194,6.008140170922021,0.9651186365109196
0.038007135496856,0.045994875765068444,5.0626330906584265,6.008327274764144,0.9738265244459464
0.03800750309941828,0.045994885765068445,5.0626330906584265,6.008327274764144,0.9738265244459464
0.038007135210777684,0.045994875765068444,5.062633100658426,6.008327274764144,0.9738265244459464
0.038007134493588036,0.045994875765068444,5.0626330906584265,6.008327284764144,0.9738265244459464
0.0380071298640182,0.045994875765068444,5.0626330906584265,6.008327274764144,0.9738265344459465
0.03746659793929072,0.04626672032630526,5.063804275378311,6.008746151239534,0.9927575262613143
0.03746686414499073,0.04626673032630526,5.063804275378311,6.008746151239534,0.9927575262613143
0.037466597731484225,0.04626672032630526,5.0638042853783105,6.008746151239534,0.9927575262613143
0.037466597200401304,0.04626672032630526,5.063804275378311,6.008746161239534,0.9927575262613143
0.03746659394797134,0.04626672032630526,5.063804275378311,6.008746151239534,0.9927575362613144
0.03706698370552182,0.046473074666800014,5.064712840564155,6.009085635771548,1.0076880932784393
0.037067112456660174,0.046473084666800016,5.064712840564155,6.009085635771548,1.0076880932784393
0.03706698360142699,0.046473074666800014,5.064712850564155,6.009085635771548,1.0076880932784393
0.03706698333394169,0.046473074666800014,5.064712840564155,6.009085645771548,1.0076880932784393
0.03706698172567629,0.046473074666800014,5.064712840564155,6.009085635771548,1.0076881032784393
0.03799895717098927,0.047007409406472925,5.067036710710091,6.009933041890488,1.0455245578477845
0.03800006296308169,0.047007419406472926,5.067036710710091,6.009933041890488,1.0455245578477845
0.03799895635050185,0.047007409406472925,5.067036720710091,6.009933041890488,1.0455245578477845
0.03799895411211153,0.047007409406472925,5.067036710710091,6.009933051890488,1.0455245578477845
0.037998942779047834,0.047007409406472925,5.067036710710091,6.009933041890488,1.0455245678477845
0.03692846983869293,0.04662970178444195,5.065394026075236,6.009334032082001,1.0187789244508345
0.03692875621212341,0.04662971178444195,5.065394026075236,6.009334032082001,1.0187789244508345
0.03692846961853045,0.04662970178444195,5.065394036075236,6.009334032082001,1.0187789244508345
0.03692846903859669,0.04662970178444195,5.065394026075236,6.009334042082001,1.0187789244508345
0.036928465778837065,0.04662970178444195,5.065394026075236,6.009334032082001,1.0187789344508345
0.03657010790590295,0.047019939552176204,5.067141826521036,6.010008648748434,1.0478634818523065
0.03657056540418564,0.047019949552176206,5.067141826521036,6.010008648748434,1.0478634818523065
0.03657010756272357,0.047019939552176204,5.067141836521036,6.010008648748434,1.0478634818523065
0.03657010662750529,0.047019939552176204,5.067141826521036,6.010008658748434,1.0478634818523065
0.036570101881707034,0.047019939552176204,5.067141826521036,6.010008648748434,1.0478634918523064
0.036238142689147865,0.04705784776129735,5.067359777284321,6.010127230251098,1.0520701392158132
0.03623800756068127,0.04705785776129735,5.067359777284321,6.010127230251098,1.0520701392158132
0.03623814278137283,0.04705784776129735,5.067359787284321,6.010127230251098,1.0520701392158132
0.03623814304088327,0.04705784776129735,5.067359777284321,6.010127240251098,1.0520701392158132
0.03623814424234412,0.04705784776129735,5.067359777284321,6.010127230251098,1.052070149215813
0.035936434987636365,0.047335600653070554,5.068626312039775,6.010632204618096,1.073417333940768
0.03593664312059971,0.047335610653070556,5.068626312039775,6.010632204618096,1.073417333940768
0.035936434829492395,0.047335600653070554,5.068626322039775,6.010632204618096,1.073417333940768
0.03593643439057468,0.047335600653070554,5.068626312039775,6.010632214618096,1.073417333940768
0.03593643229797725,0.047335600653070554,5.068626312039775,6.010632204618096,1.073417343940768
0.03585999955028542,0.0474983114912558,5.069386300166572,6.010947892364067,1.08644007650458
0.03586035063438305,0.0474983214912558,5.069386300166572,6.010947892364067,1.08644007650458
0.035859999289047914,0.0474983114912558,5.069386310166572,6.010947892364067,1.08644007650458
0.03585999855173722,0.0474983114912558,5.069386300166572,6.010947902364067,1.08644007650458
0.03585999522303502,0.0474983114912558,5.069386300166572,6.010947892364067,1.08644008650458
0.03560216862916065,0.047600525677045494,5.069892022383308,6.011177384481875,1.0954326205118967
0.03560233164511387,0.047600535677045495,5.069892022383308,6.011177384481875,1.0954326205118967
0.035602168505158516,0.047600525677045494,5.069892032383308,6.011177384481875,1.0954326205118967
0.03560216815493965,0.047600525677045494,5.069892022383308,6.011177394481875,1.0954326205118967
0.035602166584205744,0.047600525677045494,5.069892022383308,6.011177384481875,1.0954326305118967
0.035412395273566044,0.047865532944607596,5.071173494479909,6.011739667527662,1.117895568952675
0.03541270158425201,0.0478655429446076,5.071173494479909,6.011739667527662,1.117895568952675
0.03541239504736065,0.047865532944607596,5.071173504479909,6.011739667527662,1.117895568952675
0.0354123943917245,0.047865532944607596,5.071173494479909,6.011739677527662,1.117895568952675
0.03541239170318014,0.047865532944607596,5.071173494479909,6.011739667527662,1.117895578952675
0.03515454456671431,0.04798358688560591,5.071782248705804,6.0120319117013885,1.1289892263845798
0.035154603641237306,0.04798359688560591,5.071782248705804,6.0120319117013885,1.1289892263845798
0.03515454451916421,0.04798358688560591,5.071782258705804,6.0120319117013885,1.1289892263845798
0.03515454438368101,0.04798358688560591,5.071782248705804,6.0120319217013884,1.1289892263845798
0.03515454380255684,0.04798358688560591,5.071782248705804,6.0120319117013885,1.1289892363845797
0.0353883001371563,0.04839008767334106,5.073802450199259,6.012954502903696,1.1650097502405152
0.035388953976329414,0.04839009767334106,5.073802450199259,6.012954502903696,1.1650097502405152
0.0353882996662475,0.04839008767334106,5.073802460199259,6.012954502903696,1.1650097502405152
0.03538829824462652,0.04839008767334106,5.073802450199259,6.012954512903696,1.1650097502405152
0.035388293272998736,0.04839008767334106,5.073802450199259,6.012954502903696,1.1650097602405152
0.0350450762933409,0.04814274381230535,5.072573216572812,6.012393133093301,1.14309231313862
0.035045266160462184,0.04814275381230535,5.072573216572812,6.012393133093301,1.14309231313862
0.035045076152439236,0.04814274381230535,5.072573226572812,6.012393133093301,1.14309231313862
0.03504507573719784,0.04814274381230535,5.072573216572812,6.012393143093301,1.14309231313862
0.03504507414421506,0.04814274381230535,5.072573216572812,6.012393133093301,1.1430923231386199
0.034928850300431,0.048343410079771415,5.073594162590677,6.012874675431476,1.1615531729770547
0.034929144748298085,0.04834342007977142,5.073594162590677,6.012874675431476,1.1615531729770547
0.03492885008576277,0.048343410079771415,5.073594172590677,6.012874675431476,1.1615531729770547
0.03492884944164333,0.048343410079771415,5.073594162590677,6.012874685431476,1.1615531729770547
0.03492884713733223,0.048343410079771415,5.073594162590677,6.012874675431476,1.1615531829770547
0.034725426470924574,0.048431126431905634,5.07407277726401,6.013120822583622,1.1705506167193582
0.03472550299896193,0.048431136431905636,5.07407277726401,6.013120822583622,1.1705506167193582
0.03472542641207824,0.048431126431905634,5.07407278726401,6.013120822583622,1.1705506167193582
0.03472542623732154,0.048431126431905634,5.07407277726401,6.013120832583622,1.1705506167193582
0.034725425594420434,0.048431126431905634,5.07407277726401,6.013120822583622,1.1705506267193582
0.03464811803514593,0.04871982258309593,5.0755834206649055,6.013859727731785,1.1983100076270037
0.03464846753841605,0.04871983258309593,5.0755834206649055,6.013859727731785,1.1983100076270037
0.034648117783716334,0.04871982258309593,5.0755834306649055,6.013859727731785,1.1983100076270037
0.034648117008173954,0.04871982258309593,5.0755834206649055,6.013859737731785,1.1983100076270037
0.03464811454555445,0.04871982258309593,5.0755834206649055,6.013859727731785,1.1983100176270036
0.034628943000569075,0.04856494613289556,5.074773007756785,6.01346332824426,1.1834179631512651
0.03462908779221263,0.04856495613289556,5.074773007756785,6.01346332824426,1.1834179631512651
0.034628942893582454,0.04856494613289556,5.074773017756785,6.01346332824426,1.1834179631512651
0.034628942569343894,0.04856494613289556,5.074773007756785,6.01346333824426,1.1834179631512651
0.03462894146352889,0.04856494613289556,5.074773007756785,6.01346332824426,1.183417973151265
0.034564715351445945,0.04883959506695738,5.076234717696383,6.014193380000133,1.2105317273165732
0.03456507985864545,0.04883960506695738,5.076234717696383,6.014193380000133,1.2105317273165732
0.03456471509020957,0.04883959506695738,5.076234727696383,6.014193380000133,1.2105317273165732
0.03456471427749888,0.04883959506695738,5.076234717696383,6.014193390000133,1.2105317273165732
0.03456471179653921,0.04883959506695738,5.076234717696383,6.014193380000133,1.2105317373165732
0.03454111960587652,0.0486972802306333,5.0754773034667675,6.01381508908668,1.196482188320558
0.03454131599858921,0.0486972902306333,5.0754773034667675,6.01381508908668,1.196482188320558
0.034541119462810535,0.0486972802306333,5.0754773134667674,6.01381508908668,1.196482188320558
0.03454111902375815,0.0486972802306333,5.0754773034667675,6.01381509908668,1.196482188320558
0.03454111760244742,0.0486972802306333,5.0754773034667675,6.01381508908668,1.196482198320558
0.034380556973612184,0.048868222114314984,5.07641352795084,6.014298661882518,1.2141170713234
0.034380721026961644,0.048868232114314986,5.07641352795084,6.014298661882518,1.2141170713234
0.034380556854119185,0.048868222114314984,5.07641353795084,6.014298661882518,1.2141170713234
0.03438055648351482,0.048868222114314984,5.07641352795084,6.014298671882518,1.2141170713234
0.03438055534234316,0.048868222114314984,5.07641352795084,6.014298661882518,1.2141170813234
0.034241198596913415,0.048987152709176904,5.0770932119780205,6.014666396138545,1.2271996090574169
0.034241187051710864,0.048987162709176905,5.0770932119780205,6.014666396138545,1.2271996090574169
0.03424119860149226,0.048987152709176904,5.0770932219780205,6.014666396138545,1.2271996090574169
0.034241198619636856,0.048987152709176904,5.0770932119780205,6.014666406138545,1.2271996090574169
0.03424119863150006,0.048987152709176904,5.0770932119780205,6.014666396138545,1.2271996190574168
0.03744992768323492,0.04964078881960944,5.080713514978716,6.016560211664282,1.2957927763021901
0.03745147703243115,0.04964079881960944,5.080713514978716,6.016560211664282,1.2957927763021901
0.037449926602637865,0.04964078881960944,5.080713524978716,6.016560211664282,1.2957927763021901
0.03744992305107318,0.04964078881960944,5.080713514978716,6.016560221664282,1.2957927763021901
0.03744991490683661,0.04964078881960944,5.080713514978716,6.016560211664282,1.29579278630219
0.03416201374719532,0.04911132972655273,5.077780992872387,6.0150261809786,1.2402308580732964
0.03416211579374374,0.04911133972655273,5.077780992872387,6.0150261809786,1.2402308580732964
0.03416201367216055,0.04911132972655273,5.077781002872387,6.0150261809786,1.2402308580732964
0.03416201343670161,0.04911132972655273,5.077780992872387,6.0150261909786,1.2402308580732964
0.03416201275544797,0.04911132972655273,5.077780992872387,6.0150261809786,1.2402308680732963
0.034199056326271474,0.049351153116587644,5.079131348211684,6.015745380197035,1.2660310492010796
0.034199443940283174,0.049351163116587646,5.079131348211684,6.015745380197035,1.2660310492010796
0.034199056052305506,0.049351153116587644,5.079131358211684,6.015745380197035,1.2660310492010796
0.03419905516932559,0.049351153116587644,5.079131348211684,6.015745390197035,1.2660310492010796
0.03419905291354223,0.049351153116587644,5.079131348211684,6.015745380197035,1.2660310592010795
0.034119314071110275,0.04921923592224301,5.078388572089211,6.015349777653609,1.2518394024787274
0.03411950217397609,0.04921924592224301,5.078388572089211,6.015349777653609,1.2518394024787274
0.03411931393607571,0.04921923592224301,5.078388582089211,6.015349777653609,1.2518394024787274
0.034119313506336964,0.04921923592224301,5.078388572089211,6.015349787653609,1.2518394024787274
0.03411931233851347,0.04921923592224301,5.078388572089211,6.015349777653609,1.2518394124787273
0.03404558192850308,0.04930023253319249,5.078860613075942,6.015610329196844,1.2610118859628316
0.03404574476393222,0.04930024253319249,5.078860613075942,6.015610329196844,1.2610118859628316
0.034045581811466455,0.04930023253319249,5.078860623075942,6.015610329196844,1.2610118859628316
0.03404558143734671,0.04930023253319249,5.078860613075942,6.015610339196844,1.2610118859628316
0.03404558044545545,0.04930023253319249,5.078860613075942,6.015610329196844,1.2610118959628316
0.03390995478943112,0.04943141393086407,5.079647127058523,6.016056640464814,1.2764995575167377
0.033909986625564846,0.04943142393086407,5.079647127058523,6.016056640464814,1.2764995575167377
0.033909954764229755,0.04943141393086407,5.079647137058523,6.016056640464814,1.2764995575167377
0.033909954685524345,0.04943141393086407,5.079647127058523,6.016056650464814,1.2764995575167377
0.033909954460072396,0.04943141393086407,5.079647127058523,6.016056640464814,1.2764995675167377
0.03464186240604924,0.0498459494363101,5.082074801063877,6.017403197680986,1.3237829679566557
0.0346426695439209,0.0498459594363101,5.082074801063877,6.017403197680986,1.3237829679566557
0.03464186184497298,0.0498459494363101,5.082074811063877,6.017403197680986,1.3237829679566557
0.034641859974320746,0.0498459494363101,5.082074801063877,6.017403207680986,1.3237829679566557
0.03464185604715829,0.0498459494363101,5.082074801063877,6.017403197680986,1.3237829779566557
0.03386446316032818,0.049527506085531706,5.080209878434317,6.01636878160251,1.2874601742299363
0.03386458278388016,0.04952751608553171,5.080209878434317,6.01636878160251,1.2874601742299363
0.0338644630741815,0.049527506085531706,5.080209888434317,6.01636878160251,1.2874601742299363
0.03386446279527932,0.049527506085531706,5.080209878434317,6.01636879160251,1.2874601742299363
0.03386446210780551,0.049527506085531706,5.080209878434317,6.01636878160251,1.2874601842299362
0.03381191441834652,0.04970823814527861,5.0812937148906405,6.016983926841489,1.3088045279989209
0.033812156432622816,0.04970824814527861,5.0812937148906405,6.016983926841489,1.3088045279989209
0.03381191424782738,0.04970823814527861,5.0812937248906405,6.016983926841489,1.3088045279989209
0.033811913685916156,0.04970823814527861,5.0812937148906405,6.016983936841489,1.3088045279989209
0.03381191242502024,0.04970823814527861,5.0812937148906405,6.016983926841489,1.3088045379989208
0.033717072315089865,0.049722211649490845,5.081402661592146,6.017059242754433,1.3111764115662705
0.03371713978283103,0.04972222164949085,5.081402661592146,6.017059242754433,1.3111764115662705
0.03371707226564964,0.049722211649490845,5.081402671592146,6.017059242754433,1.3111764115662705
0.0337170721047284,0.049722211649490845,5.081402661592146,6.017059252754433,1.3111764115662705
0.033717071724476654,0.049722211649490845,5.081402661592146,6.017059242754433,1.3111764215662705
0.033621619588461354,0.04988523988605754,5.082417449619429,6.017655103614672,1.3314951776082558
0.0336217223554762,0.04988524988605754,5.082417449619429,6.017655103614672,1.3314951776082558
0.03362161951496559,0.04988523988605754,5.082417459619429,6.017655103614672,1.3314951776082558
0.033621619271528146,0.04988523988605754,5.082417449619429,6.017655113614672,1.3314951776082558
0.03362161874813171,0.04988523988605754,5.082417449619429,6.017655103614672,1.3314951876082557
0.03357853386057193,0.05008707725937949,5.083694315202533,6.018415511597118,1.3572403466920362
0.033578782038431496,0.05008708725937949,5.083694315202533,6.018415511597118,1.3572403466920362
0.0335785336875212,0.05008707725937949,5.083694325202533,6.018415511597118,1.3572403466920362
0.03357853310270107,0.05008707725937949,5.083694315202533,6.018415521597118,1.3572403466920362
0.033578531986211024,0.05008707725937949,5.083694315202533,6.018415511597118,1.3572403566920361
0.03347673934606403,0.05009097296602888,5.083754697159545,6.018469691529009,1.3587636582344131
0.03347674354677898,0.05009098296602888,5.083754697159545,6.018469691529009,1.3587636582344131
0.033476739340871225,0.05009097296602888,5.083754707159545,6.018469691529009,1.3587636582344131
0.03347673932607789,0.05009097296602888,5.083754697159545,6.018469701529009,1.3587636582344131
0.03347673927176647,0.05009097296602888,5.083754697159545,6.018469691529009,1.358763668234413
0.03340239143515231,0.050236022418304334,5.084703164246615,6.019050263717483,1.3781515081443412
0.033402471441495385,0.050236032418304336,5.084703164246615,6.019050263717483,1.3781515081443412
0.033402391378125014,0.050236022418304334,5.084703174246615,6.019050263717483,1.3781515081443412
0.033402391185295414,0.050236022418304334,5.084703164246615,6.019050273717483,1.3781515081443412
0.033402390825259407,0.050236022418304334,5.084703164246615,6.019050263717483,1.3781515181443411
0.03354487483326866,0.050494814714390726,5.086417470613484,6.020110510893722,1.4133768858585005
0.03354530613827061,0.05049482471439073,5.086417470613484,6.020110510893722,1.4133768858585005
0.033544874537030124,0.050494814714390726,5.086417480613484,6.020110510893722,1.4133768858585005
0.03354487350758346,0.050494814714390726,5.086417470613484,6.020110520893722,1.4133768858585005
0.03354487190492423,0.050494814714390726,5.086417470613484,6.020110510893722,1.4133768958585005
0.03337801663111328,0.05031459050182524,5.085223619329125,6.019372149608042,1.3888457616447534
0.033378154635099244,0.05031460050182524,5.085223619329125,6.019372149608042,1.3888457616447534
0.03337801653453644,0.05031459050182524,5.085223629329125,6.019372149608042,1.3888457616447534
0.033378016204389294,0.05031459050182524,5.085223619329125,6.019372159608042,1.3888457616447534
0.033378015627606734,0.05031459050182524,5.085223619329125,6.019372149608042,1.3888457716447533
0.03332759105271359,0.050398004512942324,5.085794363215888,6.019733984678294,1.4007218271652193
0.033327720761364144,0.050398014512942325,5.085794363215888,6.019733984678294,1.4007218271652193
0.033327590962045996,0.050398004512942324,5.085794373215888,6.019733984678294,1.4007218271652193
0.033327590650548945,0.050398004512942324,5.085794363215888,6.019733994678294,1.4007218271652193
0.03332759012681934,0.050398004512942324,5.085794363215888,6.019733984678294,1.4007218371652193
0.033241790536450586,0.05050603993564718,5.086560219859091,6.020232085531265,1.4168682200170364
0.033241820534534186,0.05050604993564718,5.086560219859091,6.020232085531265,1.4168682200170364
0.03324179051407284,0.05050603993564718,5.086560229859091,6.020232085531265,1.4168682200170364
0.03324179043857308,0.05050603993564718,5.086560219859091,6.020232095531265,1.4168682200170364
0.03324179030111311,0.05050603993564718,5.086560219859091,6.020232085531265,1.4168682300170363
0.03352070705287648,0.05080909878238443,5.088658824536317,6.021574345390428,1.460733274225763
0.03352122783014015,0.050809108782384434,5.088658824536317,6.021574345390428,1.460733274225763
0.033520706698100665,0.05080909878238443,5.088658834536317,6.021574345390428,1.460733274225763
0.0335207054402737,0.05080909878238443,5.088658824536317,6.0215743553904275,1.460733274225763
0.0335207037948965,0.05080909878238443,5.088658824536317,6.021574345390428,1.460733284225763
0.03321317737731628,0.050586822756240796,5.087119620143763,6.020589875902871,1.4285608098972618
0.03321327494354542,0.0505868327562408,5.087119620143763,6.020589875902871,1.4285608098972618
0.03321317730904255,0.050586822756240796,5.087119630143763,6.020589875902871,1.4285608098972618
0.03321317707217425,0.050586822756240796,5.087119620143763,6.020589885902871,1.4285608098972618
0.03321317670557235,0.050586822756240796,5.087119620143763,6.020589875902871,1.4285608198972617
0.03317552022579417,0.05073207843893742,5.0881520228207995,6.021262557214409,1.4503472214040907
0.033175700921437755,0.05073208843893742,5.0881520228207995,6.021262557214409,1.4503472214040907
0.033175520101405384,0.05073207843893742,5.088152032820799,6.021262557214409,1.4503472214040907
0.033175519663784195,0.05073207843893742,5.0881520228207995,6.021262567214409,1.4503472214040907
0.03317551905513267,0.05073207843893742,5.0881520228207995,6.021262557214409,1.4503472314040906
0.03311185583685938,0.05075896814008731,5.088371546571706,6.021418485734783,1.4551957905467452
0.03311190440030695,0.05075897814008731,5.088371546571706,6.021418485734783,1.4551957905467452
0.03311185580220642,0.05075896814008731,5.088371556571706,6.021418485734783,1.4551957905467452
0.033111855681796656,0.05075896814008731,5.088371546571706,6.021418495734783,1.4551957905467452
0.03311185550209232,0.05075896814008731,5.088371546571706,6.021418485734783,1.4551958005467451
0.033054319578820414,0.0509169931207849,5.089536219453279,6.022196194376483,1.480089195638213
0.033054441544878785,0.0509170031207849,5.089536219453279,6.022196194376483,1.480089195638213
0.03305431949476477,0.0509169931207849,5.089536229453279,6.022196194376483,1.480089195638213
0.03305431919626082,0.0509169931207849,5.089536219453279,6.022196204376483,1.480089195638213
0.0330543188181722,0.0509169931207849,5.089536219453279,6.022196194376483,1.480089205638213
0.03300741588705685,0.05099204198148949,5.090113744496359,6.022592517192962,1.492612011948215
0.03300750774342898,0.05099205198148949,5.090113744496359,6.022592517192962,1.492612011948215
0.03300741582351488,0.05099204198148949,5.090113754496359,6.022592517192962,1.492612011948215
0.03300741559732142,0.05099204198148949,5.090113744496359,6.022592527192962,1.492612011948215
0.033007415319438405,0.05099204198148949,5.090113744496359,6.022592517192962,1.4926120219482149
0.032952096112572445,0.05107765333433906,5.0907956326050625,6.023070139518217,1.5075599623509865
0.03295208942179495,0.05107766333433906,5.0907956326050625,6.023070139518217,1.5075599623509865
0.032952096115614525,0.05107765333433906,5.0907956426050625,6.023070139518217,1.5075599623509865
0.03295209612884899,0.05107765333433906,5.0907956326050625,6.023070149518217,1.5075599623509865
0.03295209612466194,0.05107765333433906,5.0907956326050625,6.023070139518217,1.5075599723509865
0.03881386270251075,0.05172986364718728,5.095825060348118,6.026525950163122,1.6166895915771389
0.03881578840732693,0.05172987364718728,5.095825060348118,6.026525950163122,1.6166895915771389
0.03881386141754614,0.05172986364718728,5.095825070348118,6.026525950163122,1.6166895915771389
0.03881385660785829,0.05172986364718728,5.095825060348118,6.026525960163122,1.6166895915771389
0.03881385338698305,0.05172986364718728,5.095825060348118,6.026525950163122,1.6166896015771388
0.03292090267130905,0.05117035575941714,5.0915104942675535,6.023561333878506,1.5230711879140375
0.032920983374376475,0.05117036575941714,5.0915104942675535,6.023561333878506,1.5230711879140375
0.032920902615629646,0.05117035575941714,5.0915105042675535,6.023561333878506,1.5230711879140375
0.03292090241540174,0.05117035575941714,5.0915104942675535,6.023561343878506,1.5230711879140375
0.03292090219470356,0.05117035575941714,5.0915104942675535,6.023561333878506,1.5230711979140374
0.03290120054135802,0.051275355164871465,5.092342049988987,6.024141863806823,1.5412677978824916
0.03290135216465656,0.05127536516487147,5.092342049988987,6.024141863806823,1.5412677978824916
0.032901200438259635,0.051275355164871465,5.092342059988987,6.024141863806823,1.5412677978824916
0.032901200063257564,0.051275355164871465,5.092342049988987,6.024141873806823,1.5412677978824916
0.032901199693774134,0.051275355164871465,5.092342049988987,6.024141863806823,1.5412678078824915
0.032856845874126336,0.051303175094754856,5.092587381357829,6.024323332683424,1.5468070972879797
0.03285690834712007,0.05130318509475486,5.092587381357829,6.024323332683424,1.5468070972879797
0.03285684583091851,0.051303175094754856,5.092587391357829,6.024323332683424,1.5468070972879797
0.03285684567467463,0.051303175094754856,5.092587381357829,6.024323342683424,1.5468070972879797
0.03285684551438092,0.051303175094754856,5.092587381357829,6.024323332683424,1.5468071072879797
0.03281105668844633,0.051444327421369264,5.093751681977744,6.025155090447601,1.5726021350137536
0.032811170415372105,0.051444337421369266,5.093751681977744,6.025155090447601,1.5726021350137536
0.03281105661116875,0.051444327421369264,5.093751691977744,6.025155090447601,1.5726021350137536
0.03281105632760734,0.051444327421369264,5.093751681977744,6.025155100447601,1.5726021350137536
0.03281105607906669,0.051444327421369264,5.093751681977744,6.025155090447601,1.5726021450137535
0.03276657235570078,0.05150840071746602,5.094310789544736,6.025566487598718,1.5851897902244665
0.03276662420790338,0.05150841071746602,5.094310789544736,6.025566487598718,1.5851897902244665
0.03276657231990222,0.05150840071746602,5.094310799544736,6.025566487598718,1.5851897902244665
0.032766572189069865,0.05150840071746602,5.094310789544736,6.025566497598718,1.5851897902244665
0.03276657207220784,0.05150840071746602,5.094310789544736,6.025566487598718,1.5851898002244664
0.03278926769009126,0.051692030242687564,5.095876208610764,6.026704666987276,1.6202043734503677
0.032789514219926694,0.051692040242687566,5.095876208610764,6.026704666987276,1.6202043734503677
0.03278926752494096,0.051692030242687564,5.095876218610764,6.026704666987276,1.6202043734503677
0.032789266907600687,0.051692030242687564,5.095876208610764,6.026704676987276,1.6202043734503677
0.032789266488854996,0.051692030242687564,5.095876208610764,6.026704666987276,1.6202043834503677
0.0327464441222831,0.05158874608059895,5.094995723861064,6.0260644872323486,1.6005100901644627
0.03274654578971902,0.05158875608059895,5.094995723861064,6.0260644872323486,1.6005100901644627
0.03274644405336889,0.05158874608059895,5.094995733861064,6.0260644872323486,1.6005100901644627
0.03274644379842063,0.05158874608059895,5.094995723861064,6.0260644972323485,1.6005100901644627
0.032746443599566626,0.05158874608059895,5.094995723861064,6.0260644872323486,1.6005101001644626
0.03269689892161523,0.051703579651099334,5.096015623468166,6.02682155101888,1.6235826569308753
0.032696990737523926,0.051703589651099335,5.096015623468166,6.02682155101888,1.6235826569308753
0.032696898859488024,0.051703579651099334,5.096015633468166,6.02682155101888,1.6235826569308753
0.03269689862818968,0.051703579651099334,5.096015623468166,6.02682156101888,1.6235826569308753
0.03269689846497461,0.051703579651099334,5.096015623468166,6.02682155101888,1.6235826669308753
0.03266524096592453,0.05175632288557321,5.096527096667464,6.0272169363670205,1.635416386165328
0.032665186915343154,0.051756332885573214,5.096527096667464,6.0272169363670205,1.635416386165328
0.032665241000838105,0.05175632288557321,5.096527106667464,6.0272169363670205,1.635416386165328
0.032665241134186895,0.05175632288557321,5.096527096667464,6.02721694636702,1.635416386165328
0.032665241201076674,0.05175632288557321,5.096527096667464,6.0272169363670205,1.6354163961653279
0.03279130228040989,0.05202630521338672,5.098963207056044,6.029039273571589,1.6907614449355972
0.032791672853775246,0.05202631521338672,5.098963207056044,6.029039273571589,1.6907614449355972
0.03279130203450886,0.05202630521338672,5.098963217056044,6.029039273571589,1.6907614449355972
0.0327913010961938,0.05202630521338672,5.098963207056044,6.029039283571589,1.6907614449355972
0.0327913006699937,0.05202630521338672,5.098963207056044,6.029039273571589,1.6907614549355972
0.03262470906229435,0.051854373343359385,5.097411827682092,6.027878761156057,1.6555162511919606
0.03262473616124818,0.051854383343359386,5.097411827682092,6.027878761156057,1.6555162511919606
0.032624709043376755,0.051854373343359385,5.097411837682092,6.027878761156057,1.6555162511919606
0.032624708973535886,0.051854373343359385,5.097411827682092,6.027878771156057,1.6555162511919606
0.032624708922224854,0.051854373343359385,5.097411827682092,6.027878761156057,1.6555162611919605
0.03314566853640781,0.05213782833565567,5.099999729008274,6.029825505985266,1.714491486147802
0.033146278073748876,0.05213783833565567,5.099999729008274,6.029825505985266,1.714491486147802
0.03314566813330979,0.05213782833565567,5.099999739008274,6.029825505985266,1.714491486147802
0.0331456665847866,0.05213782833565567,5.099999729008274,6.029825515985266,1.714491486147802
0.033145665990275915,0.05213782833565567,5.099999729008274,6.029825505985266,1.714491496147802
0.03261610373605027,0.051896612817453835,5.097797467709599,6.028168858279116,1.664304534964813
0.03261617393486176,0.05189662281745384,5.097797467709599,6.028168858279116,1.664304534964813
0.032616103688608795,0.051896612817453835,5.097797477709599,6.028168858279116,1.664304534964813
0.032616103510285,0.051896612817453835,5.097797467709599,6.028168868279116,1.664304534964813
0.03261610340493837,0.051896612817453835,5.097797467709599,6.028168858279116,1.6643045449648128
0.03260545930408813,0.0519357956455663,5.098165031308234,6.028448848866062,1.672739288907554
0.03260554464449458,0.0519358056455663,5.098165031308234,6.028448848866062,1.672739288907554
0.032605459246677675,0.0519357956455663,5.098165041308234,6.028448848866062,1.672739288907554
0.032605459029998236,0.0519357956455663,5.098165031308234,6.028448858866062,1.672739288907554
0.0326054589104111,0.0519357956455663,5.098165031308234,6.028448848866062,1.672739298907554
0.03257678693882664,0.05202539506803174,5.099024927241124,6.0291105760745545,1.6925840972854327
0.032576886137141076,0.052025405068031744,5.099024927241124,6.0291105760745545,1.6925840972854327
0.03257678687240942,0.05202539506803174,5.099024937241124,6.0291105760745545,1.6925840972854327
0.03257678662009363,0.05202539506803174,5.099024927241124,6.029110586074554,1.6925840972854327
0.032576786497737396,0.05202539506803174,5.099024927241124,6.0291105760745545,1.6925841072854326
0.03254128483378393,0.052084660088355925,5.099622579619376,6.0295802704993635,1.7065402421368563
0.03254132697015036,0.052084670088355926,5.099622579619376,6.0295802704993635,1.7065402421368563
0.03254128480515716,0.052084660088355925,5.099622589619376,6.0295802704993635,1.7065402421368563
0.032541284696963144,0.052084660088355925,5.099622579619376,6.0295802804993635,1.7065402421368563
0.03254128464191178,0.052084660088355925,5.099622579619376,6.0295802704993635,1.7065402521368562
0.03253750652807217,0.05222947374461608,5.101050861678885,6.030692426951244,1.739720208604203
0.03253767735723843,0.052229483744616084,5.101050861678885,6.030692426951244,1.739720208604203
0.032537506414869265,0.05222947374461608,5.101050871678885,6.030692426951244,1.739720208604203
0.032537505978429866,0.05222947374461608,5.101050861678885,6.030692436951244,1.739720208604203
0.03253750583138735,0.05222947374461608,5.101050861678885,6.030692426951244,1.739720218604203
0.03252737005307697,0.05213534854422319,5.100122514597948,6.02996955349024,1.7181540726925606
0.032527434314957894,0.052135358544223194,5.100122514597948,6.02996955349024,1.7181540726925606
0.03252737000991249,0.05213534854422319,5.100122524597948,6.02996955349024,1.7181540726925606
0.03252736984541525,0.05213534854422319,5.100122514597948,6.02996956349024,1.7181540726925606
0.03252736977335065,0.05213534854422319,5.100122514597948,6.02996955349024,1.7181540826925605
0.03250063138848914,0.05228317513930296,5.10161859774483,6.031147045977293,1.7531188068085912
0.03250076686682961,0.05228318513930296,5.10161859774483,6.031147045977293,1.7531188068085912
0.03250063129869187,0.05228317513930296,5.10161860774483,6.031147045977293,1.7531188068085912
0.032500630951695336,0.05228317513930296,5.10161859774483,6.031147055977293,1.7531188068085912
0.03250063084428434,0.05228317513930296,5.10161859774483,6.031147045977293,1.7531188168085912
0.03246894884253992,0.05228268559887779,5.101657631162813,6.031191885675009,1.7542671125801095
0.032468930376195984,0.05228269559887779,5.101657631162813,6.031191885675009,1.7542671125801095
0.03246894885398495,0.05228268559887779,5.101657641162813,6.031191885675009,1.7542671125801095
0.032468948900015795,0.05228268559887779,5.101657631162813,6.031191895675009,1.7542671125801095
0.03246894890170892,0.05228268559887779,5.101657631162813,6.031191885675009,1.7542671225801094
0.0324413320290616,0.05237524502092249,5.102622195321537,6.031959973069476,1.7769590587668544
0.032441377017634956,0.05237525502092249,5.102622195321537,6.031959973069476,1.7769590587668544
0.03244133199888483,0.05237524502092249,5.102622205321537,6.031959973069476,1.7769590587668544
0.03244133188264325,0.05237524502092249,5.102622195321537,6.031959983069476,1.7769590587668544
0.03244133184643482,0.05237524502092249,5.102622195321537,6.031959973069476,1.7769590687668544
0.03248899174697595,0.05252372922267672,5.104194889700925,6.033220215580334,1.8140896823324206
0.03248923178122124,0.052523739222676724,5.104194889700925,6.033220215580334,1.8140896823324206
0.03248899158927569,0.05252372922267672,5.104194899700925,6.033220215580334,1.8140896823324206
0.032488990970260145,0.05252372922267672,5.104194889700925,6.033220225580334,1.8140896823324206
0.0324889908748814,0.05252372922267672,5.104194889700925,6.033220215580334,1.8140896923324206
0.03243467140348535,0.05241712936940206,5.103065820156098,6.032315461639102,1.787432846269568
0.03243474935518371,0.05241713936940206,5.103065820156098,6.032315461639102,1.787432846269568
0.032434671351735604,0.05241712936940206,5.103065830156098,6.032315461639102,1.787432846269568
0.03243467115079848,0.05241712936940206,5.103065820156098,6.032315471639102,1.787432846269568
0.03243467110089854,0.05241712936940206,5.103065820156098,6.032315461639102,1.787432856269568
0.03241987541437686,0.05245937697353563,5.103530154268784,6.032692709968547,1.7984819237893688
0.032419949563593134,0.05245938697353563,5.103530154268784,6.032692709968547,1.7984819237893688
0.03241987536518352,0.05245937697353563,5.103530164268784,6.032692709968547,1.7984819237893688
0.03241987517376724,0.05245937697353563,5.103530154268784,6.032692719968547,1.7984819237893688
0.032419875130697405,0.05245937697353563,5.103530154268784,6.032692709968547,1.7984819337893687
791.3337090372245,0.35754204950905477,4.660799809027458,6.075718396632046,1.6148673960102444
791.3337075851866,0.3575420395090548,4.660799809027458,6.075718396632046,1.6148673960102444
791.3337090252529,0.35754204950905477,4.660799819027458,6.075718396632046,1.6148673960102444
791.3337090031324,0.35754204950905477,4.660799809027458,6.0757184066320455,1.6148673960102444
791.3337089843228,0.35754204950905477,4.660799809027458,6.075718396632046,1.6148674060102444
791.3059418778545,0.6414860844016528,4.669036460972312,6.09917435206795,1.651264695006427
791.3059426773682,0.6414860944016528,4.669036460972312,6.09917435206795,1.651264695006427
791.3059418755274,0.6414860844016528,4.669036470972312,6.09917435206795,1.651264695006427
791.3059418313405,0.6414860844016528,4.669036460972312,6.0991743620679495,1.651264695006427
791.3059418184646,0.6414860844016528,4.669036460972312,6.09917435206795,1.6512647050064269
233.081257926411,0.07265556394933187,4.6643466440857395,6.085818909027439,1.630540659488016
233.08138280886956,0.07265557394933186,4.6643466440857395,6.085818909027439,1.630540659488016
233.08125780114764,0.07265556394933187,4.6643466540857395,6.085818909027439,1.630540659488016
233.08125737558703,0.07265556394933187,4.6643466440857395,6.085818919027439,1.630540659488016
233.08125709689295,0.07265556394933187,4.6643466440857395,6.085818909027439,1.630540669488016
790.5976555660266,0.35258628399042896,4.660840667652267,6.075834751928968,1.6150479479619
790.5976540585796,0.35258627399042897,4.660840667652267,6.075834751928968,1.6150479479619
790.5976555537864,0.35258628399042896,4.660840677652267,6.075834751928968,1.6150479479619
790.5976555310154,0.35258628399042896,4.660840667652267,6.075834761928968,1.6150479479619
790.5976555117252,0.35258628399042896,4.660840667652267,6.075834751928968,1.6150479579619
100.03619383128888,0.045121682438057475,4.663375610185303,6.08305364371723,1.6262497156134645
100.03657574402703,0.045121672438057474,4.663375610185303,6.08305364371723,1.6262497156134645
100.03619404837184,0.045121682438057475,4.663375620185303,6.08305364371723,1.6262497156134645
100.0361948962664,0.045121682438057475,4.663375610185303,6.08305365371723,1.6262497156134645
100.03619544501596,0.045121682438057475,4.663375610185303,6.08305364371723,1.6262497256134645
733.4676611017917,0.19885398321424325,4.662108138918786,6.0794441978231,1.6206488317876822
733.4676526289062,0.19885397321424325,4.662108138918786,6.0794441978231,1.6206488317876822
733.4676610703227,0.19885398321424325,4.662108148918786,6.0794441978231,1.6206488317876822
733.4676609951354,0.19885398321424325,4.662108138918786,6.0794442078231,1.6206488317876822
733.4676609386465,0.19885398321424325,4.662108138918786,6.0794441978231,1.620648841787682
393.47618062422583,0.08769176967150016,4.6630246340917365,6.082054150274397,1.6246987721107384
393.4760928911434,0.08769175967150017,4.6630246340917365,6.082054150274397,1.6246987721107384
393.4761805129864,0.08769176967150016,4.6630246440917364,6.082054150274397,1.6246987721107384
393.4761801574527,0.08769176967150016,4.6630246340917365,6.082054160274397,1.6246987721107384
393.47617991486226,0.08769176967150016,4.6630246340917365,6.082054150274397,1.6246987821107384
28.59163274267713,0.056602277347586716,4.663280956530237,6.082784093427869,1.625831446466288
28.59153455635841,0.056602267347586714,4.663280956530237,6.082784093427869,1.625831446466288
28.59163266971089,0.056602277347586716,4.663280966530237,6.082784093427869,1.625831446466288
28.591632402817886,0.056602277347586716,4.663280956530237,6.082784103427869,1.625831446466288
28.591632227082645,0.056602277347586716,4.663280956530237,6.082784093427869,1.625831456466288
820.8414684614476,9818.575268071647,11.959905105799635,40.06870877465397,53.1852803814915
820.9111110009867,9818.575268081648,11.959905105799635,40.06870877465397,53.1852803814915
820.8414684614394,9818.575268071647,11.959905115799636,40.06870877465397,53.1852803814915
820.8414684612011,9818.575268071647,11.959905105799635,40.06870878465397,53.1852803814915
820.8414684614474,9818.575268071647,11.959905105799635,40.06870877465397,53.1852803914915
821.0950060894044,5726.304325212216,8.918772351123883,25.903842031946844,31.696010033773636
821.089180391941,5726.304325222216,8.918772351123883,25.903842031946844,31.696010033773636
821.0950060894021,5726.304325212216,8.918772361123883,25.903842031946844,31.696010033773636
821.0950060893595,5726.304325212216,8.918772351123883,25.903842041946845,31.696010033773636
821.0950060894044,5726.304325212216,8.918772351123883,25.903842031946844,31.696010043773637
819.3287418994232,47.2026787763877,4.69840124782613,6.246365984223828,1.8739986575778969
819.3721108381113,47.2026787863877,4.69840124782613,6.246365984223828,1.8739986575778969
819.3287418993436,47.2026787763877,4.69840125782613,6.246365984223828,1.8739986575778969
819.3287418970938,47.2026787763877,4.69840124782613,6.246365994223828,1.8739986575778969
819.3287418972814,47.2026787763877,4.69840124782613,6.246365984223828,1.8739986675778968
806.4679846061287,27.482230696614625,4.6837461818665,6.1781062030273075,1.7704429433835998
808.7387721284013,27.482230706614626,4.6837461818665,6.1781062030273075,1.7704429433835998
806.4679846060834,27.482230696614625,4.6837461918665,6.1781062030273075,1.7704429433835998
806.4679845826092,27.482230696614625,4.6837461818665,6.1781062130273074,1.7704429433835998
806.467984584351,27.482230696614625,4.6837461818665,6.1781062030273075,1.7704429533835997
819.7671830716215,15.987868057826756,4.675204254119528,6.138319952961222,1.7100839227643472
819.7614750809892,15.987868067826756,4.675204254119528,6.138319952961222,1.7100839227643472
819.767183071514,15.987868057826756,4.675204264119528,6.138319952961222,1.7100839227643472
819.7671830696179,15.987868057826756,4.675204254119528,6.138319962961222,1.7100839227643472
819.767183069177,15.987868057826756,4.675204254119528,6.138319952961222,1.7100839327643471
301.87345642950095,0.07845157772086861,4.663381320535462,6.083251564884878,1.6265406391965815
301.87356698076104,0.0784515877208686,4.663381320535462,6.083251564884878,1.6265406391965815
301.87345630750457,0.07845157772086861,4.663381330535462,6.083251564884878,1.6265406391965815
301.873455903344,0.07845157772086861,4.663381320535462,6.083251574884878,1.6265406391965815
301.8734556321292,0.07845157772086861,4.663381320535462,6.083251564884878,1.6265406491965815
9419191.058824876,0.005871258191664223,4.663318656811129,6.082959692291214,1.6260978444152212
9419257.433798045,0.0058712481916642235,4.663318656811129,6.082959692291214,1.6260978444152212
9419191.062934075,0.005871258191664223,4.663318666811129,6.082959692291214,1.6260978444152212
9419191.086326985,0.005871258191664223,4.663318656811129,6.082959702291214,1.6260978444152212
9419191.100057062,0.005871258191664223,4.663318656811129,6.082959692291214,1.6260978544152211
456.0976021353682,0.040192331025511785,4.663293151427877,6.082840894335275,1.6259176181244774
456.09878470138506,0.04019232102551178,4.663293151427877,6.082840894335275,1.6259176181244774
456.09760272266067,0.040192331025511785,4.663293161427877,6.082840894335275,1.6259176181244774
456.09760509159105,0.040192331025511785,4.663293151427877,6.082840904335275,1.6259176181244774
456.0976066153972,0.040192331025511785,4.663293151427877,6.082840894335275,1.6259176281244774
0.6972232443478757,0.052272458820539415,4.66328417419425,6.08279908053486,1.6258541831428628
0.6972038718534118,0.05227244882053941,4.66328417419425,6.08279908053486,1.6258541831428628
0.697223231249529,0.052272458820539415,4.66328418419425,6.08279908053486,1.6258541831428628
0.6972231822101301,0.052272458820539415,4.66328417419425,6.08279909053486,1.6258541831428628
0.6972231500841856,0.052272458820539415,4.66328417419425,6.08279908053486,1.6258541931428627
0.2750606816252568,0.05120818625388712,4.663284876252604,6.08280242780949,1.6258592609338116
0.2750731846792072,0.05120817625388712,4.663284876252604,6.08280242780949,1.6258592609338116
0.2750606898734792,0.05120818625388712,4.663284886252604,6.08280242780949,1.6258592609338116
0.27506072094235084,0.05120818625388712,4.663284876252604,6.08280243780949,1.6258592609338116
0.27506074124354885,0.05120818625388712,4.663284876252604,6.08280242780949,1.6258592709338116
0.03366600677703966,0.051625642832543256,4.66328460504269,6.0828011308194005,1.6258572939413882
0.03366524145000695,0.051625632832543254,4.66328460504269,6.0828011308194005,1.6258572939413882
0.03366600626590837,0.051625642832543256,4.66328461504269,6.0828011308194005,1.6258572939413882
0.03366600434715679,0.051625642832543256,4.66328460504269,6.0828011408194005,1.6258572939413882
0.033666003077326784,0.051625642832543256,4.66328460504269,6.0828011308194005,1.6258573039413882
0.03270995553724539,0.05160156372270648,4.663284620871445,6.082801206319351,1.625857408892921
0.032709927660990096,0.05160155372270648,4.663284620871445,6.082801206319351,1.625857408892921
0.03270995551739072,0.05160156372270648,4.663284630871445,6.082801206319351,1.625857408892921
0.03270995544467166,0.05160156372270648,4.663284620871445,6.082801216319351,1.625857408892921
0.03270995538261579,0.05160156372270648,4.663284620871445,6.082801206319351,1.625857418892921
0.03270867579222199,0.05160065351227151,4.6632846215117105,6.082801209311151,1.6258574139115465
0.032708675857773,0.05160064351227151,4.6632846215117105,6.082801209311151,1.6258574139115465
0.032708675790969734,0.05160065351227151,4.6632846315117105,6.082801209311151,1.6258574139115465
0.03270867578816602,0.05160065351227151,4.6632846215117105,6.082801219311151,1.6258574139115465
0.03270867577185214,0.05160065351227151,4.6632846215117105,6.082801209311151,1.6258574239115464
0.03270867581655599,0.051600655647114316,4.663284621552423,6.082801209443025,1.6258574145735938
0.03270867581668578,0.051600645647114314,4.663284621552423,6.082801209443025,1.6258574145735938
0.03270867581526134,0.051600655647114316,4.663284631552423,6.082801209443025,1.6258574145735938
0.03270867581229403,0.051600655647114316,4.663284621552423,6.0828012194430245,1.6258574145735938
0.0327086757958726,0.051600655647114316,4.663284621552423,6.082801209443025,1.6258574245735937
0.03270867579363884,0.0516006536808835,4.663284621514926,6.082801209321567,1.6258574139638355
0.03270867585402097,0.0516006436808835,4.663284621514926,6.082801209321567,1.6258574139638355
0.03270867579238393,0.0516006536808835,4.663284631514926,6.082801209321567,1.6258574139638355
0.03270867578956757,0.0516006536808835,4.663284621514926,6.082801219321567,1.6258574139638355
0.032708675773245176,0.0516006536808835,4.663284621514926,6.082801209321567,1.6258574239638355
0.03270867579233875,0.051600653526610064,4.663284621511984,6.082801209312037,1.6258574139159931
0.03270867585745114,0.05160064352661006,4.663284621511984,6.082801209312037,1.6258574139159931
0.03270867579108694,0.051600653526610064,4.663284631511984,6.082801209312037,1.6258574139159931
0.03270867578828224,0.051600653526610064,4.663284621511984,6.082801219312037,1.6258574139159931
0.03270867577196718,0.051600653526610064,4.663284621511984,6.082801209312037,1.625857423915993
0.032708675792232786,0.051600653513500475,4.663284621511734,6.082801209311227,1.6258574139119275
0.03270867585774518,0.05160064351350047,4.663284621511734,6.082801209311227,1.6258574139119275
0.0327086757909817,0.051600653513500475,4.663284631511734,6.082801209311227,1.6258574139119275
0.03270867578817753,0.051600653513500475,4.663284621511734,6.082801219311227,1.6258574139119275
0.032708675771863184,0.051600653513500475,4.663284621511734,6.082801209311227,1.6258574239119274
0.03270867579221975,0.05160065351237211,4.663284621511712,6.082801209311158,1.6258574139115776
0.03270867585777662,0.05160064351237211,4.663284621511712,6.082801209311158,1.6258574139115776
0.03270867579096857,0.05160065351237211,4.663284631511712,6.082801209311158,1.6258574139115776
0.032708675788164845,0.05160065351237211,4.663284621511712,6.082801219311158,1.6258574139115776
0.03270867577185102,0.05160065351237211,4.663284621511712,6.082801209311158,1.6258574239115775
0.03270867579221756,0.051600653512449746,4.663284621511714,6.082801209311162,1.6258574139116018
0.03270867585777165,0.051600643512449744,4.663284621511714,6.082801209311162,1.6258574139116018
0.03270867579096616,0.051600653512449746,4.663284631511714,6.082801209311162,1.6258574139116018
0.03270867578816315,0.051600653512449746,4.663284621511714,6.082801219311162,1.6258574139116018
0.0327086757718486,0.051600653512449746,4.663284621511714,6.082801209311162,1.6258574239116017
0.03270867579222154,0.05160065351297511,4.663284621511724,6.082801209311195,1.6258574139117647
0.03270867585776129,0.05160064351297511,4.663284621511724,6.082801209311195,1.6258574139117647
0.03270867579097028,0.05160065351297511,4.663284631511724,6.082801209311195,1.6258574139117647
0.0327086757881662,0.05160065351297511,4.663284621511724,6.082801219311195,1.6258574139117647
0.03270867577185243,0.05160065351297511,4.663284621511724,6.082801209311195,1.6258574239117647
0.03270867579221932,0.05160065351249667,4.663284621511715,6.082801209311166,1.6258574139116162
0.03270867585777034,0.05160064351249667,4.663284621511715,6.082801209311166,1.6258574139116162
0.03270867579096778,0.05160065351249667,4.663284631511715,6.082801209311166,1.6258574139116162
0.032708675788163506,0.05160065351249667,4.663284621511715,6.082801219311166,1.6258574139116162
0.03270867577185001,0.05160065351249667,4.663284621511715,6.082801209311166,1.6258574239116161
0.03270867579221681,0.05160065351245104,4.663284621511714,6.082801209311162,1.6258574139116022
0.032708675857770514,0.05160064351245104,4.663284621511714,6.082801209311162,1.6258574139116022
0.03270867579096488,0.05160065351245104,4.663284631511714,6.082801209311162,1.6258574139116022
0.03270867578816177,0.05160065351245104,4.663284621511714,6.082801219311162,1.6258574139116022
0.032708675771847724,0.05160065351245104,4.663284621511714,6.082801209311162,1.6258574239116022
0.03270867579221693,0.05160065351245105,4.663284621511714,6.082801209311162,1.6258574139116022
0.032708675857770514,0.05160064351245105,4.663284621511714,6.082801209311162,1.6258574139116022
0.032708675790964974,0.05160065351245105,4.663284631511714,6.082801209311162,1.6258574139116022
0.03270867578816216,0.05160065351245105,4.663284621511714,6.082801219311162,1.6258574139116022
0.03270867577184797,0.05160065351245105,4.663284621511714,6.082801209311162,1.6258574239116022
0.03270867579221681,0.05160065351245104,4.663284621511714,6.082801209311162,1.6258574139116022
0.032708675857770514,0.05160064351245104,4.663284621511714,6.082801209311162,1.6258574139116022
0.03270867579096488,0.05160065351245104,4.663284631511714,6.082801209311162,1.6258574139116022
0.03270867578816177,0.05160065351245104,4.663284621511714,6.082801219311162,1.6258574139116022
0.032708675771847724,0.05160065351245104,4.663284621511714,6.082801209311162,1.6258574239116022
777.0367133609633,0.24763897422285389,4.93350017870025,5.289341111069622,1.0306970754889317
777.0367101045792,0.2476389642228539,4.93350017870025,5.289341111069622,1.0306970754889317
777.0367133393198,0.24763897422285389,4.93350018870025,5.289341111069622,1.0306970754889317
777.0367133088987,0.24763897422285389,4.93350017870025,5.289341121069622,1.0306970754889317
777.0367131289969,0.24763897422285389,4.93350017870025,5.289341111069622,1.0306970854889317
809.3826710180525,0.7496847384103077,4.940128865133513,5.305286789574541,1.1017407808596016
809.3826711849007,0.7496847484103077,4.940128865133513,5.305286789574541,1.1017407808596016
809.3826710164476,0.7496847384103077,4.940128875133513,5.305286789574541,1.1017407808596016
809.3826709977463,0.7496847384103077,4.940128865133513,5.3052867995745405,1.1017407808596016
809.3826709526134,0.7496847384103077,4.940128865133513,5.305286789574541,1.1017407908596015
318.75724206539905,0.0360807915477763,4.935385914834255,5.293877355533844,1.0509076682903666
318.7562266684894,0.0360808015477763,4.935385914834255,5.293877355533844,1.0509076682903666
318.7572426726628,0.0360807915477763,4.935385924834255,5.293877355533844,1.0509076682903666
318.7572444816096,0.0360807915477763,4.935385914834255,5.293877365533844,1.0509076682903666
318.7572518649605,0.0360807915477763,4.935385914834255,5.293877355533844,1.0509076782903666
782.8883832477472,0.27078687622647324,4.936945882796118,5.297629946314578,1.0676268034291398
782.8883857894525,0.27078688622647323,4.936945882796118,5.297629946314578,1.0676268034291398
782.8883832291058,0.27078687622647324,4.936945892796118,5.297629946314578,1.0676268034291398
782.8883832027525,0.27078687622647324,4.936945882796118,5.297629956314578,1.0676268034291398
782.8883830633949,0.27078687622647324,4.936945882796118,5.297629946314578,1.0676268134291398
611.8742446283896,0.11147304554068013,4.935887007513478,5.295082762192388,1.0562781864200932
611.8742817004296,0.11147305554068013,4.935887007513478,5.295082762192388,1.0562781864200932
611.8742445432653,0.11147304554068013,4.935887017513478,5.295082762192388,1.0562781864200932
611.8742443682089,0.11147304554068013,4.935887007513478,5.295082772192388,1.0562781864200932
611.8742435615762,0.11147304554068013,4.935887007513478,5.295082762192388,1.0562781964200931
180.95968158842135,0.05983565004418431,4.935543800890953,5.294257159334471,1.0525998301699684
180.9598327909555,0.059835660044184315,4.935543800890953,5.294257159334471,1.0525998301699684
180.95968142588757,0.05983565004418431,4.935543810890953,5.294257159334471,1.0525998301699684
180.95968101153136,0.05983565004418431,4.935543800890953,5.294257169334471,1.0525998301699684
180.95967923482166,0.05983565004418431,4.935543800890953,5.294257159334471,1.0525998401699683
774.7953998015216,0.2411069307256595,4.93359284478728,5.289571867020691,1.0317160363691644
774.795396268935,0.2411069207256595,4.93359284478728,5.289571867020691,1.0317160363691644
774.7953997788768,0.2411069307256595,4.93359285478728,5.289571867020691,1.0317160363691644
774.7953997465702,0.2411069307256595,4.93359284478728,5.289571877020691,1.0317160363691644
774.7953995575192,0.2411069307256595,4.93359284478728,5.289571867020691,1.0317160463691644
17180.943241814053,0.02051281909466776,4.935022916355816,5.293006236105471,1.0470240792828271
17180.98751331853,0.02051280909466776,4.935022916355816,5.293006236105471,1.0470240792828271
17180.94325587827,0.02051281909466776,4.935022926355816,5.293006236105471,1.0470240792828271
17180.943304443656,0.02051281909466776,4.935022916355816,5.293006246105471,1.0470240792828271
17180.943495416046,0.02051281909466776,4.935022916355816,5.293006236105471,1.047024089282827
179.15561666636737,0.059716284536614615,4.935543027066043,5.294255300965696,1.0525915468468154
179.15576808518313,0.05971629453661462,4.935543027066043,5.294255300965696,1.0525915468468154
179.1556165039842,0.059716284536614615,4.935543037066043,5.294255300965696,1.0525915468468154
179.1556160897441,0.059716284536614615,4.935543027066043,5.294255310965696,1.0525915468468154
179.15561431390478,0.059716284536614615,4.935543027066043,5.294255300965696,1.0525915568468154
177.3494788753081,0.05959695002924048,4.935542253442101,5.294253443079555,1.052583265674909
177.34963050352,0.05959696002924048,4.935542253442101,5.294253443079555,1.052583265674909
177.34947871308347,0.05959695002924048,4.935542263442101,5.294253443079555,1.052583265674909
177.34947829897953,0.05959695002924048,4.935542253442101,5.294253453079555,1.052583265674909
177.34947652409656,0.05959695002924048,4.935542253442101,5.294253443079555,1.052583275674909
22225.973326040552,0.01954206546728636,4.9352825848989585,5.293629839592513,1.049803672478868
22225.91462520371,0.01954207546728636,4.9352825848989585,5.293629839592513,1.049803672478868
22225.97334368813,0.01954206546728636,4.9352825948989585,5.293629839592513,1.049803672478868
22225.973405499313,0.01954206546728636,4.9352825848989585,5.293629849592513,1.049803672478868
22225.97364558833,0.01954206546728636,4.9352825848989585,5.293629839592513,1.049803682478868
11.299273792594846,0.047530346809409305,4.9354640278445725,5.294065581451019,1.0517459084193341
11.299352891536152,0.047530356809409306,4.9354640278445725,5.294065581451019,1.0517459084193341
11.299273727626014,0.047530346809409305,4.935464037844572,5.294065581451019,1.0517459084193341
11.29927354947314,0.047530346809409305,4.9354640278445725,5.294065591451019,1.0517459084193341
11.299272803174619,0.047530346809409305,4.9354640278445725,5.294065581451019,1.051745918419334
589.3270381803213,0.034023063689499866,4.935369244188168,5.293834195251728,1.05072159004738
589.3253739008672,0.03402307368949987,4.935369244188168,5.293834195251728,1.05072159004738
589.3270391112454,0.034023063689499866,4.935369254188168,5.293834195251728,1.05072159004738
589.3270419316234,0.034023063689499866,4.935369244188168,5.293834205251728,1.05072159004738
589.3270533843535,0.034023063689499866,4.935369244188168,5.293834195251728,1.05072160004738
0.046243980511456104,0.044864919841514514,4.935445323941526,5.294019921416346,1.0515437770367253
0.04624146916183373,0.044864929841514516,4.935445323941526,5.294019921416346,1.0515437770367253
0.046243982428621835,0.044864919841514514,4.935445333941526,5.294019921416346,1.0515437770367253
0.046243987787253533,0.044864919841514514,4.935445323941526,5.294019931416346,1.0515437770367253
0.04624401001647929,0.044864919841514514,4.935445323941526,5.294019921416346,1.0515437870367252
0.0391466211795667,0.044946947258549814,4.935445904184455,5.294021340689084,1.0515500582917707
0.03914739121783597,0.044946957258549816,4.935445904184455,5.294021340689084,1.0515500582917707
0.039146620574895256,0.044946947258549814,4.935445914184455,5.294021340689084,1.0515500582917707
0.03914661889524549,0.044946947258549814,4.935445904184455,5.294021350689084,1.0515500582917707
0.0391466118064252,0.044946947258549814,4.935445904184455,5.294021340689084,1.0515500682917707
0.03840115263898416,0.04492769858627373,4.935445768348981,5.294021008670198,1.0515485905985367
0.038401157822481775,0.044927708586273735,4.935445768348981,5.294021008670198,1.0515485905985367
0.038401152623079846,0.04492769858627373,4.935445778348981,5.294021008670198,1.0515485905985367
0.0384011525859347,0.04492769858627373,4.935445768348981,5.294021018670198,1.0515485905985367
0.038401152339898874,0.04492769858627373,4.935445768348981,5.294021008670198,1.0515486005985366
0.03840112161867743,0.044927568685476316,4.935445767735298,5.294021007391962,1.0515485867057126
0.03840112162683636,0.04492757868547632,4.935445767735298,5.294021007391962,1.0515485867057126
0.038401121606753186,0.044927568685476316,4.935445777735298,5.294021007391962,1.0515485867057126
0.03840112158071862,0.044927568685476316,4.935445767735298,5.2940210173919615,1.0515485867057126
0.038401121380964555,0.044927568685476316,4.935445767735298,5.294021007391962,1.0515485967057125
0.03840112147043617,0.04492756874469804,4.935445768038895,5.2940210083558075,1.051548592724337
0.03840112147799023,0.04492757874469804,4.935445768038895,5.2940210083558075,1.051548592724337
0.03840112145851277,0.04492756874469804,4.935445778038895,5.2940210083558075,1.051548592724337
0.03840112143247895,0.04492756874469804,4.935445768038895,5.294021018355807,1.051548592724337
0.03840112123273041,0.04492756874469804,4.935445768038895,5.2940210083558075,1.051548602724337
0.03840112087748622,0.04492756898158494,4.935445769253284,5.294021012211191,1.051548616798835
0.038401120882621084,0.04492757898158494,4.935445769253284,5.294021012211191,1.051548616798835
0.038401120865566456,0.04492756898158494,4.935445779253284,5.294021012211191,1.051548616798835
0.038401120839536715,0.04492756898158494,4.935445769253284,5.294021022211191,1.051548616798835
0.038401120639811055,0.04492756898158494,4.935445769253284,5.294021012211191,1.051548626798835
0.03840111850584321,0.044927569929132535,4.935445774110838,5.294021027632725,1.0515487130968268
0.03840111850128441,0.04492757992913254,4.935445774110838,5.294021027632725,1.0515487130968268
0.038401118493929846,0.044927569929132535,4.935445784110838,5.294021027632725,1.0515487130968268
0.03840111846792146,0.044927569929132535,4.935445774110838,5.294021037632725,1.0515487130968268
0.03840111826828181,0.044927569929132535,4.935445774110838,5.294021027632725,1.0515487230968268
0.0384011090216352,0.04492757371932292,4.935445793541056,5.294021089318862,1.051549098288794
0.03840110897830918,0.04492758371932292,4.935445793541056,5.294021089318862,1.051549098288794
0.038401109009750495,0.04492757371932292,4.9354458035410556,5.294021089318862,1.051549098288794
0.038401108983826926,0.04492757371932292,4.935445793541056,5.294021099318862,1.051549098288794
0.03840110878453355,0.04492757371932292,4.935445793541056,5.294021089318862,1.051549108288794
0.03840107112267287,0.044927588880084454,4.935445871261925,5.294021336063411,1.051550639056663
0.03840107092429367,0.044927598880084456,4.935445871261925,5.294021336063411,1.051550639056663
0.038401071110907535,0.044927588880084454,4.935445881261925,5.294021336063411,1.051550639056663
0.038401071085316374,0.044927588880084454,4.935445871261925,5.294021346063411,1.051550639056663
0.038401070887412264,0.044927588880084454,4.935445871261925,5.294021336063411,1.0515506490566628
0.038400920132995404,0.044927649523130594,4.935446182145404,5.294022323041604,1.0515568021281383
0.03840091931441663,0.044927659523130596,4.935446182145404,5.294022323041604,1.0515568021281383
0.03840092012170797,0.044927649523130594,4.935446192145404,5.294022323041604,1.0515568021281383
0.03840092009744832,0.044927649523130594,4.935446182145404,5.294022333041604,1.0515568021281383
0.038400919905097364,0.044927649523130594,4.935446182145404,5.294022323041604,1.0515568121281382
0.03840032587010736,0.044927892095315156,4.93544742567932,5.294026270954378,1.0515814544140398
0.038400322571053,0.04492790209531516,4.93544742567932,5.294026270954378,1.0515814544140398
0.038400325860730014,0.044927892095315156,4.93544743567932,5.294026270954378,1.0515814544140398
0.03840032584179679,0.044927892095315156,4.93544742567932,5.294026280954378,1.0515814544140398
0.03840032567165204,0.044927892095315156,4.93544742567932,5.294026270954378,1.0515814644140398
0.03839810377789364,0.0449288623840534,4.9354523998149835,5.294042062605472,1.051680063557646
0.03839809056236566,0.0449288723840534,4.9354523998149835,5.294042062605472,1.051680063557646
0.03839810377615018,0.0449288623840534,4.9354524098149835,5.294042062605472,1.051680063557646
0.03839810377851449,0.0449288623840534,4.9354523998149835,5.294042072605472,1.051680063557646
0.038398103697123785,0.0449288623840534,4.9354523998149835,5.294042062605472,1.051680073557646
0.03836540087318713,0.04494880677113836,4.935542252282987,5.294327309502268,1.0534611787440116
0.03836530640678651,0.044948816771138364,4.935542252282987,5.294327309502268,1.0534611787440116
0.038365400933998726,0.04494880677113836,4.935542262282987,5.294327309502268,1.0534611787440116
0.03836540111117706,0.04494880677113836,4.935542252282987,5.294327319502268,1.0534611787440116
0.03836540175429279,0.04494880677113836,4.935542252282987,5.294327309502268,1.0534611887440115
0.038284629288842874,0.045006715130809935,4.9357910394525115,5.295117098834725,1.0583926319231804
0.03828443112671779,0.04500672513080994,4.9357910394525115,5.295117098834725,1.0583926319231804
0.03828462942939776,0.045006715130809935,4.9357910494525115,5.295117098834725,1.0583926319231804
0.03828462983123824,0.045006715130809935,4.9357910394525115,5.295117108834725,1.0583926319231804
0.038284631380565926,0.045006715130809935,4.9357910394525115,5.295117098834725,1.0583926419231804
0.03771905692011717,0.045316813590328485,4.937102903777828,5.2992816637200715,1.084396073492311
0.03771883098137095,0.04531682359032849,4.937102903777828,5.2992816637200715,1.084396073492311
0.037719057081887046,0.045316813590328485,4.937102913777828,5.2992816637200715,1.084396073492311
0.037719057553760676,0.045316813590328485,4.937102903777828,5.299281673720071,1.084396073492311
0.037719059244804065,0.045316813590328485,4.937102903777828,5.2992816637200715,1.084396083492311
0.0623431948414129,0.046557207428402685,4.942350361079094,5.315939923261459,1.1884098397688334
0.06234760568043047,0.046557217428402686,4.942350361079094,5.315939923261459,1.1884098397688334
0.062343191544692256,0.046557207428402685,4.942350371079094,5.315939923261459,1.1884098397688334
0.062343181269394254,0.046557207428402685,4.942350361079094,5.3159399332614585,1.1884098397688334
0.062343153655343146,0.046557207428402685,4.942350361079094,5.315939923261459,1.1884098497688333
0.037289840231653035,0.045537664677714564,4.938037209169732,5.30224765292507,1.1029156377469644
0.037289914664668494,0.045537674677714565,4.938037209169732,5.30224765292507,1.1029156377469644
0.03728984016539566,0.045537664677714564,4.938037219169732,5.30224765292507,1.1029156377469644
0.037289839978004044,0.045537664677714564,4.938037209169732,5.30224766292507,1.1029156377469644
0.037289839242762565,0.045537664677714564,4.938037209169732,5.30224765292507,1.1029156477469644
1.0204565879331797,0.04880588296850173,4.951900441745776,5.346257076052418,1.377709664928394
1.0204815923360702,0.048805892968501734,4.951900441745776,5.346257076052418,1.377709664928394
1.0204565696441905,0.04880588296850173,4.951900451745776,5.346257076052418,1.377709664928394
1.020456506416102,0.04880588296850173,4.951900441745776,5.346257086052418,1.377709664928394
1.0204564180356008,0.04880588296850173,4.951900441745776,5.346257076052418,1.377709674928394
0.03729922190238179,0.04571256812478613,4.938779120189549,5.304602881102546,1.117621639094608
0.03729969376480209,0.04571257812478613,4.938779120189549,5.304602881102546,1.117621639094608
0.03729922153629253,0.04571256812478613,4.938779130189549,5.304602881102546,1.117621639094608
0.03729922045922768,0.04571256812478613,4.938779120189549,5.304602891102546,1.117621639094608
0.037299216758737326,0.04571256812478613,4.938779120189549,5.304602881102546,1.117621649094608
0.037227594915009585,0.04562524755413905,4.938408721008146,5.30342703310238,1.1102796658452896
0.037227849351717655,0.04562525755413905,4.938408721008146,5.30342703310238,1.1102796658452896
0.03722759471276037,0.04562524755413905,4.938408731008146,5.30342703310238,1.1102796658452896
0.03722759412412997,0.04562524755413905,4.938408721008146,5.30342704310238,1.1102796658452896
0.03722759202128904,0.04562524755413905,4.938408721008146,5.30342703310238,1.1102796758452895
0.03719425366700818,0.045646144967400756,4.9385028768146535,5.303725942244527,1.1121460777037855
0.037194509591688935,0.04564615496740076,4.9385028768146535,5.303725942244527,1.1121460777037855
0.037194253463787394,0.045646144967400756,4.938502886814653,5.303725942244527,1.1121460777037855
0.037194252871343966,0.045646144967400756,4.9385028768146535,5.303725952244527,1.1121460777037855
0.037194250768087286,0.045646144967400756,4.9385028768146535,5.303725942244527,1.1121460877037854
0.03708188548187535,0.04572973462044759,4.938879500040682,5.304921578813116,1.119611725137769
0.03708217256674314,0.04572974462044759,4.938879500040682,5.304921578813116,1.119611725137769
0.03708188525571575,0.04572973462044759,4.938879510040682,5.304921578813116,1.119611725137769
0.03708188459149968,0.04572973462044759,4.938879500040682,5.304921588813116,1.119611725137769
0.037081882298007435,0.04572973462044759,4.938879500040682,5.304921578813116,1.119611735137769
0.0367022281084249,0.04599832901569974,4.940129886896282,5.308891145606556,1.1443980683252468
0.036702557594832964,0.04599833901569974,4.940129886896282,5.308891145606556,1.1443980683252468
0.03670222785248329,0.04599832901569974,4.940129896896282,5.308891145606556,1.1443980683252468
0.03670222708464163,0.04599832901569974,4.940129886896282,5.308891155606556,1.1443980683252468
0.03670222464761127,0.04599832901569974,4.940129886896282,5.308891145606556,1.1443980783252468
0.036350970339337214,0.046135412421716857,4.940827446164964,5.311105785284044,1.1582260800894728
0.03635102077504702,0.04613542242171686,4.940827446164964,5.311105785284044,1.1582260800894728
0.036350970293545434,0.046135412421716857,4.940827456164964,5.311105785284044,1.1582260800894728
0.03635097015913387,0.046135412421716857,4.940827446164964,5.311105795284044,1.1582260800894728
0.03635096970305855,0.046135412421716857,4.940827446164964,5.311105785284044,1.1582260900894727
0.037224790109851816,0.046646905059438755,4.943290927835422,5.3189267088208645,1.2070598534569545
0.03722585532196958,0.04664691505943876,4.943290927835422,5.3189267088208645,1.2070598534569545
0.03722478931358872,0.046646905059438755,4.943290937835422,5.3189267088208645,1.2070598534569545
0.03722478680233932,0.046646905059438755,4.943290927835422,5.318926718820864,1.2070598534569545
0.037224780418181405,0.046646905059438755,4.943290927835422,5.3189267088208645,1.2070598634569545
0.036186805513188806,0.046297502417844284,4.941608113773794,5.313584205054546,1.1737013099408289
0.036187021400465647,0.046297512417844286,4.941608113773794,5.313584205054546,1.1737013099408289
0.036186805344492694,0.046297502417844284,4.941608123773794,5.313584205054546,1.1737013099408289
0.0361868048287131,0.046297502417844284,4.941608113773794,5.313584215054546,1.1737013099408289
0.03618680332243496,0.046297502417844284,4.941608113773794,5.313584205054546,1.1737013199408288
0.03606043333318207,0.04654224819488644,4.942829927014155,5.3174632281119125,1.197921674929268
0.03606086966953538,0.04654225819488644,4.942829927014155,5.3174632281119125,1.197921674929268
0.036060433002276654,0.04654224819488644,4.942829937014155,5.3174632281119125,1.197921674929268
0.03606043196787704,0.04654224819488644,4.942829927014155,5.3174632381119125,1.197921674929268
0.03606042922838906,0.04654224819488644,4.942829927014155,5.3174632281119125,1.197921684929268
0.03579823582049672,0.04655394313359425,4.942935451808319,5.317798333465433,1.200013801326908
0.035798356222123094,0.04655395313359425,4.942935451808319,5.317798333465433,1.200013801326908
0.035798235724192426,0.04655394313359425,4.942935461808319,5.317798333465433,1.200013801326908
0.035798235426188714,0.04655394313359425,4.942935451808319,5.317798343465433,1.200013801326908
0.03579823460668207,0.04655394313359425,4.942935451808319,5.317798333465433,1.2000138113269079
0.035552028117448356,0.04675798006310761,4.944019718044882,5.321240788522454,1.2215079188975841
0.03555217453510239,0.04675799006310761,4.944019718044882,5.321240788522454,1.2215079188975841
0.03555202800279636,0.04675798006310761,4.944019728044882,5.321240788522454,1.2215079188975841
0.03555202764170972,0.04675798006310761,4.944019718044882,5.321240798522454,1.2215079188975841
0.03555202672672113,0.04675798006310761,4.944019718044882,5.321240788522454,1.221507928897584
0.03551429393475435,0.047078663290712704,4.945754163047759,5.32674757780313,1.2558909505952918
0.03551480386345468,0.047078673290712705,4.945754163047759,5.32674757780313,1.2558909505952918
0.035514293554828505,0.047078663290712704,4.945754173047759,5.32674757780313,1.2558909505952918
0.03551429232113835,0.047078663290712704,4.945754163047759,5.32674758780313,1.2558909505952918
0.03551428963430635,0.047078663290712704,4.945754163047759,5.32674757780313,1.2558909605952917
0.03543898495612756,0.04687846901407285,4.944671393720172,5.323309831136783,1.2344265097799338
0.03543919364225926,0.046878479014072855,4.944671393720172,5.323309831136783,1.2344265097799338
0.03543898479615157,0.04687846901407285,4.9446714037201716,5.323309831136783,1.2344265097799338
0.03543898428615323,0.04687846901407285,4.944671393720172,5.3233098411367825,1.2344265097799338
0.03543898306652211,0.04687846901407285,4.944671393720172,5.323309831136783,1.2344265197799338
0.0352013723392606,0.047138926677192224,4.946136673465177,5.3279621359916725,1.2634739219680737
0.035201665319741164,0.047138936677192225,4.946136673465177,5.3279621359916725,1.2634739219680737
0.03520137211894479,0.047138926677192224,4.946136683465177,5.3279621359916725,1.2634739219680737
0.03520137140205912,0.047138926677192224,4.946136673465177,5.327962145991672,1.2634739219680737
0.035201369863279,0.047138926677192224,4.946136673465177,5.3279621359916725,1.2634739319680737
0.034976482565730896,0.047229642155190155,4.946723269409027,5.329824734623578,1.275102722868546
0.03497643969513028,0.047229652155190156,4.946723269409027,5.329824734623578,1.275102722868546
0.03497648259148871,0.047229642155190155,4.946723279409027,5.329824734623578,1.275102722868546
0.03497648268056503,0.047229642155190155,4.946723269409027,5.329824744623578,1.275102722868546
0.03497648282051743,0.047229642155190155,4.946723269409027,5.329824734623578,1.275102732868546
0.03507547305854199,0.04760699374031155,4.948930980513442,5.336834436427156,1.318868206294031
0.035076054125486096,0.04760700374031155,4.948930980513442,5.336834436427156,1.318868206294031
0.03507547263228984,0.04760699374031155,4.948930990513442,5.336834436427156,1.318868206294031
0.03507547119764669,0.04760699374031155,4.948930980513442,5.336834446427156,1.318868206294031
0.03507546868650024,0.04760699374031155,4.948930980513442,5.336834436427156,1.3188682162940308
0.034817903418556034,0.04740958508250147,4.947776032970782,5.333167363386379,1.2959726211631113
0.034818047532121775,0.04740959508250147,4.947776032970782,5.333167363386379,1.2959726211631113
0.034817903308426254,0.04740958508250147,4.947776042970782,5.333167363386379,1.2959726211631113
0.0348179029452561,0.04740958508250147,4.947776032970782,5.333167373386379,1.2959726211631113
0.03481790222953961,0.04740958508250147,4.947776032970782,5.333167363386379,1.2959726311631112
0.0348415962363601,0.047625248224679236,4.9490738232064775,5.3372880399796605,1.3217000147192879
0.03484202805803291,0.04762525822467924,4.9490738232064775,5.3372880399796605,1.3217000147192879
0.03484159591855278,0.047625248224679236,4.949073833206477,5.3372880399796605,1.3217000147192879
0.03484159484825817,0.047625248224679236,4.9490738232064775,5.33728804997966,1.3217000147192879
0.03484159298484406,0.047625248224679236,4.9490738232064775,5.3372880399796605,1.3217000247192878
0.034770023497610804,0.04751218562814699,4.948393449488835,5.335127752457178,1.3082122861807204
0.034770267174715576,0.04751219562814699,4.948393449488835,5.335127752457178,1.3082122861807204
0.034770023315568575,0.04751218562814699,4.948393459488835,5.335127752457178,1.3082122861807204
0.03477002270853676,0.04751218562814699,4.948393449488835,5.335127762457178,1.3082122861807204
0.03477002158536375,0.04751218562814699,4.948393449488835,5.335127752457178,1.3082122961807203
0.0346564046329157,0.04759325912186165,4.948913096912832,5.336777765392172,1.318513862877443
0.034656596356856875,0.04759326912186165,4.948913096912832,5.336777765392172,1.318513862877443
0.03465640448900673,0.04759325912186165,4.948913106912832,5.336777765392172,1.318513862877443
0.034656404007253026,0.04759325912186165,4.948913096912832,5.336777775392172,1.318513862877443
0.034656403140302834,0.04759325912186165,4.948913096912832,5.336777765392172,1.318513872877443
0.03447084006211076,0.047738141608180115,4.949866999132933,5.3398066903964585,1.3374242310424778
0.03447092006346219,0.04773815160818012,4.949866999132933,5.3398066903964585,1.3374242310424778
0.034470839999637605,0.047738141608180115,4.949867009132933,5.3398066903964585,1.3374242310424778
0.03447083979049595,0.047738141608180115,4.949866999132933,5.339806700396458,1.3374242310424778
0.0344708394201273,0.047738141608180115,4.949866999132933,5.3398066903964585,1.3374242410424777
0.034730423557406485,0.048059534365446153,4.951933478052281,5.346368300521964,1.3783904429772667
0.03473104302550661,0.048059544365446155,4.951933478052281,5.346368300521964,1.3783904429772667
0.03473042310841964,0.048059534365446153,4.951933488052281,5.346368300521964,1.3783904429772667
0.03473042155197893,0.048059534365446153,4.951933478052281,5.346368310521964,1.3783904429772667
0.034730419356522046,0.048059534365446153,4.951933478052281,5.346368300521964,1.3783904529772666
0.03441282412056604,0.047843047590063456,4.950541519622814,5.341948469068782,1.350796034202008
0.03441300562804669,0.04784305759006346,4.950541519622814,5.341948469068782,1.350796034202008
0.0344128239851968,0.047843047590063456,4.950541529622814,5.341948469068782,1.350796034202008
0.03441282352455769,0.047843047590063456,4.950541519622814,5.341948479068782,1.350796034202008
0.034412822783844665,0.047843047590063456,4.950541519622814,5.341948469068782,1.350796044202008
0.034269033863621755,0.0480621642875098,4.95202318479941,5.346653263096817,1.3801689716792136
0.03426929547220712,0.0480621742875098,4.95202318479941,5.346653263096817,1.3801689716792136
0.03426903367171158,0.0480621642875098,4.95202319479941,5.346653263096817,1.3801689716792136
0.03426903300781288,0.0480621642875098,4.95202318479941,5.346653273096817,1.3801689716792136
0.03426903206113693,0.0480621642875098,4.95202318479941,5.346653263096817,1.3801689816792135
0.034113036677071204,0.048123694034878886,4.952517137021138,5.348221855963399,1.3899613555547579
0.03411299752092912,0.04812370403487889,4.952517137021138,5.348221855963399,1.3899613555547579
0.03411303670106414,0.048123694034878886,4.952517147021138,5.348221855963399,1.3899613555547579
0.03411303678823278,0.048123694034878886,4.952517137021138,5.348221865963399,1.3899613555547579
0.0341130368765903,0.048123694034878886,4.952517137021138,5.348221855963399,1.3899613655547578
0.03402753248934124,0.04838016156273805,4.954318323107512,5.353941346259337,1.4256686817717208
0.034027823111306366,0.04838017156273805,4.954318323107512,5.353941346259337,1.4256686817717208
0.03402753227848839,0.04838016156273805,4.954318333107512,5.353941346259337,1.4256686817717208
0.03402753153374643,0.04838016156273805,4.954318323107512,5.3539413562593365,1.4256686817717208
0.0340275306437331,0.04838016156273805,4.954318323107512,5.353941346259337,1.4256686917717207
0.03402011556019793,0.04823792139429991,4.953319362286027,5.350769243849861,1.4058649423354928
0.03402016640204949,0.04823793139429991,4.953319362286027,5.350769243849861,1.4058649423354928
0.03402011551996216,0.04823792139429991,4.953319372286027,5.350769243849861,1.4058649423354928
0.034020115381707884,0.04823792139429991,4.953319362286027,5.350769253849861,1.4058649423354928
0.03402011518161931,0.04823792139429991,4.953319362286027,5.350769243849861,1.4058649523354927
0.036322496109124684,0.048761962674849245,4.957052962718924,5.362625009750004,1.4798811980318083
0.03632384771393846,0.04876197267484925,4.957052962718924,5.362625009750004,1.4798811980318083
0.03632249514901277,0.048761962674849245,4.957052972718924,5.362625009750004,1.4798811980318083
0.03632249167315936,0.048761962674849245,4.957052962718924,5.362625019750004,1.4798811980318083
0.03632248842475735,0.048761962674849245,4.957052962718924,5.362625009750004,1.4798812080318082
0.03397444031908055,0.048326946157513394,4.95395363081946,5.3527833156246425,1.418438912902098
0.03397458279428996,0.048326956157513395,4.95395363081946,5.3527833156246425,1.418438912902098
0.03397444021365714,0.048326946157513394,4.95395364081946,5.3527833156246425,1.418438912902098
0.03397443984404036,0.048326946157513394,4.95395363081946,5.352783325624642,1.418438912902098
0.033974439376709374,0.048326946157513394,4.95395363081946,5.3527833156246425,1.418438922902098
0.03392967213337202,0.0484197567065989,4.954636129892572,5.354950572705909,1.4319690558102882
0.03392987217015666,0.0484197667065989,4.954636129892572,5.354950572705909,1.4319690558102882
0.03392967198728212,0.0484197567065989,4.954636139892572,5.354950572705909,1.4319690558102882
0.03392967147085683,0.0484197567065989,4.954636129892572,5.354950582705909,1.4319690558102882
0.033929670861194715,0.0484197567065989,4.954636129892572,5.354950572705909,1.4319690658102882
0.03383949897806544,0.04850842239418347,4.955322052796174,5.357128753620438,1.4455671170269424
0.0338396613429899,0.048508432394183475,4.955322052796174,5.357128753620438,1.4455671170269424
0.03383949885914672,0.04850842239418347,4.955322062796174,5.357128753620438,1.4455671170269424
0.03383949843693736,0.04850842239418347,4.955322052796174,5.357128763620438,1.4455671170269424
0.03383949796035068,0.04850842239418347,4.955322052796174,5.357128753620438,1.4455671270269423
0.033716893531231376,0.04861762691422891,4.9562047201268715,5.359931762181756,1.4630655627564995
0.03371693071273325,0.048617636914228914,4.9562047201268715,5.359931762181756,1.4630655627564995
0.03371689350149287,0.04861762691422891,4.9562047301268715,5.359931762181756,1.4630655627564995
0.033716893397370044,0.04861762691422891,4.9562047201268715,5.359931772181756,1.4630655627564995
0.03371689327058138,0.04861762691422891,4.9562047201268715,5.359931762181756,1.4630655727564994
0.034292584245819074,0.048985616753074716,4.959070231432542,5.369031360801678,1.5198728053716903
0.03429333204171786,0.04898562675307472,4.959070231432542,5.369031360801678,1.5198728053716903
0.03429258371641205,0.048985616753074716,4.959070241432542,5.369031360801678,1.5198728053716903
0.03429258177282025,0.048985616753074716,4.959070231432542,5.369031370801678,1.5198728053716903
0.03429258024596719,0.048985616753074716,4.959070231432542,5.369031360801678,1.5198728153716903
0.03367064379806875,0.04870955741259545,4.956920576529949,5.362205006026447,1.4772570364689892
0.03367076775412048,0.04870956741259545,4.956920576529949,5.362205006026447,1.4772570364689892
0.03367064370709231,0.04870955741259545,4.956920586529949,5.362205006026447,1.4772570364689892
0.03367064338061124,0.04870955741259545,4.956920576529949,5.362205016026447,1.4772570364689892
0.033670643051961706,0.04870955741259545,4.956920576529949,5.362205006026447,1.4772570464689891
0.03361576956498209,0.04887665797119156,4.958270780018577,5.366492727677833,1.504024151613337
0.03361601080493938,0.04887666797119156,4.958270780018577,5.366492727677833,1.504024151613337
0.03361576939180133,0.04887665797119156,4.9582707900185765,5.366492727677833,1.504024151613337
0.0336157687613928,0.04887665797119156,4.958270780018577,5.366492737677833,1.504024151613337
0.03361576821480826,0.04887665797119156,4.958270780018577,5.366492727677833,1.504024161613337
0.03351883701568883,0.04889564047238319,4.958475388568664,5.367142557653649,1.5080804556665297
0.03351889955296824,0.048895650472383194,4.958475388568664,5.367142557653649,1.5080804556665297
0.033518836968580115,0.04889564047238319,4.958475398568664,5.367142557653649,1.5080804556665297
0.03351883679884423,0.04889564047238319,4.958475388568664,5.367142567653649,1.5080804556665297
0.03351883663930057,0.04889564047238319,4.958475388568664,5.367142557653649,1.5080804656665296
0.033426094275273516,0.049054540737929975,4.9598319091115775,5.3714504428111605,1.5349728616050569
0.033426213533776464,0.049054550737929976,4.9598319091115775,5.3714504428111605,1.5349728616050569
0.03342609418865456,0.049054540737929975,4.959831919111577,5.3714504428111605,1.5349728616050569
0.033426093871163756,0.049054540737929975,4.9598319091115775,5.37145045281116,1.5349728616050569
0.03342609362287658,0.049054540737929975,4.9598319091115775,5.3714504428111605,1.5349728716050568
0.033368815963836874,0.0492102110550722,4.961203868535704,5.3758074160286515,1.5621713571196418
0.03336902430504784,0.0492102210550722,4.961203868535704,5.3758074160286515,1.5621713571196418
0.03336881581528624,0.0492102110550722,4.961203878535704,5.3758074160286515,1.5621713571196418
0.03336881526385864,0.0492102110550722,4.961203868535704,5.3758074260286515,1.5621713571196418
0.03336881489900405,0.0492102110550722,4.961203868535704,5.3758074160286515,1.5621713671196418
0.033261190009315496,0.04927190884425523,4.961826370904906,5.377784420643902,1.5745122317228852
0.03326120347527452,0.04927191884425523,4.961826370904906,5.377784420643902,1.5745122317228852
0.03326118999729149,0.04927190884425523,4.961826380904906,5.377784420643902,1.5745122317228852
0.0332611899547626,0.04927190884425523,4.961826370904906,5.377784430643902,1.5745122317228852
0.033261189912118606,0.04927190884425523,4.961826370904906,5.377784420643902,1.5745122417228852
0.03323885872440948,0.04948987619413629,4.963836758299001,5.384168988100316,1.6143673244300303
0.03323912612130335,0.049489886194136294,4.963836758299001,5.384168988100316,1.6143673244300303
0.033238858535895734,0.04948987619413629,4.963836768299001,5.384168988100316,1.6143673244300303
0.03323885782391804,0.04948987619413629,4.963836758299001,5.384168998100316,1.6143673244300303
0.03323885747526864,0.04948987619413629,4.963836758299001,5.384168988100316,1.6143673344300302
0.03321843087682687,0.049349523545691325,4.962542237833823,5.380057863419614,1.5887039954107072
0.03321849098317493,0.049349533545691326,4.962542237833823,5.380057863419614,1.5887039954107072
0.03321843083234581,0.049349523545691325,4.962542247833823,5.380057863419614,1.5887039954107072
0.03321843066752097,0.049349523545691325,4.962542237833823,5.380057873419614,1.5887039954107072
0.03321843056078128,0.049349523545691325,4.962542237833823,5.380057863419614,1.588704005410707
0.033532434507135264,0.04966232261033474,4.965475142375719,5.389372212492386,1.6468476250054342
0.03353300656356452,0.049662332610334745,4.965475142375719,5.389372212492386,1.6468476250054342
0.03353243410800594,0.04966232261033474,4.965475152375719,5.389372212492386,1.6468476250054342
0.03353243258390903,0.04966232261033474,4.965475142375719,5.389372222492386,1.6468476250054342
0.033532431996157824,0.04966232261033474,4.965475142375719,5.389372212492386,1.6468476350054342
0.03318438265099545,0.04943518929242402,4.963345467402184,5.382608768325796,1.604627692154045
0.03318450602719604,0.04943519929242402,4.963345467402184,5.382608768325796,1.604627692154045
0.033184382562592867,0.04943518929242402,4.963345477402184,5.382608768325796,1.604627692154045
0.03318438223094922,0.04943518929242402,4.963345467402184,5.382608778325796,1.604627692154045
0.0331843820500687,0.04943518929242402,4.963345467402184,5.382608768325796,1.604627702154045
0.033143205464817284,0.04952859251934476,4.964252144197246,5.385488241094801,1.6226021974559186
0.03314336243981075,0.04952860251934476,4.964252144197246,5.385488241094801,1.6226021974559186
0.033143205353310654,0.04952859251934476,4.964252154197246,5.385488241094801,1.6226021974559186
0.033143204932085356,0.04952859251934476,4.964252144197246,5.385488251094801,1.6226021974559186
0.03314320472954197,0.04952859251934476,4.964252144197246,5.385488241094801,1.6226022074559185
0.033064745795821915,0.04961470519912324,4.9651403198631705,5.388309022133906,1.6402099277757847
0.033064828948984396,0.04961471519912324,4.9651403198631705,5.388309022133906,1.6402099277757847
0.033064745735847785,0.04961470519912324,4.96514032986317,5.388309022133906,1.6402099277757847
0.033064745509160186,0.04961470519912324,4.9651403198631705,5.388309032133906,1.6402099277757847
0.033064745404635096,0.04961470519912324,4.9651403198631705,5.388309022133906,1.6402099377757846
0.03301145837054988,0.04975047743014851,4.966526729869387,5.3927121430409555,1.6676949519077409
0.03301160619310733,0.04975048743014851,4.966526729869387,5.3927121430409555,1.6676949519077409
0.033011458266104014,0.04975047743014851,4.966526739869387,5.3927121430409555,1.6676949519077409
0.03301145786656827,0.04975047743014851,4.966526729869387,5.392712153040955,1.6676949519077409
0.03301145772409579,0.04975047743014851,4.966526729869387,5.3927121430409555,1.6676949619077408
0.03291121044134887,0.04987069875507937,4.967857670168827,5.396939219742828,1.6940803102361452
0.03291123580481315,0.049870708755079374,4.967857670168827,5.396939219742828,1.6940803102361452
0.03291121042182337,0.04987069875507937,4.967857680168827,5.396939219742828,1.6940803102361452
0.032911210348301856,0.04987069875507937,4.967857670168827,5.396939229742828,1.6940803102361452
0.032911210315988364,0.04987069875507937,4.967857670168827,5.396939219742828,1.6940803202361452
0.033269181984070015,0.050147721618097094,4.970809908394964,5.4063154256948875,1.7526072494211518
0.033269747279849216,0.050147731618097095,4.970809908394964,5.4063154256948875,1.7526072494211518
0.033269181594044656,0.050147721618097094,4.970809918394964,5.4063154256948875,1.7526072494211518
0.03326918006411779,0.050147721618097094,4.970809908394964,5.4063154356948875,1.7526072494211518
0.03326917986780553,0.050147721618097094,4.970809908394964,5.4063154256948875,1.7526072594211517
0.03289121498263174,0.04993103986936754,4.9685007266381325,5.398981544729219,1.7068286469179195
0.03289130438529521,0.04993104986936754,4.9685007266381325,5.398981544729219,1.7068286469179195
0.032891214919026544,0.04993103986936754,4.968500736638132,5.398981544729219,1.7068286469179195
0.03289121467397762,0.04993103986936754,4.9685007266381325,5.398981554729219,1.7068286469179195
0.03289121460589121,0.04993103986936754,4.9685007266381325,5.398981544729219,1.7068286569179194
0.032855966638554196,0.05005216674735535,4.969844731268934,5.4032501174506,1.7334729976843952
0.03285612602996638,0.050052176747355355,4.969844731268934,5.4032501174506,1.7334729976843952
0.032855966527069035,0.05005216674735535,4.9698447412689335,5.4032501174506,1.7334729976843952
0.032855966093111755,0.05005216674735535,4.969844731268934,5.4032501274506,1.7334729976843952
0.03285596601008727,0.05005216674735535,4.969844731268934,5.4032501174506,1.7334730076843952
0.03280142266278873,0.05009095627857784,4.9703279901354875,5.404785011134439,1.7430534034898049
0.03280148439629812,0.05009096627857784,4.9703279901354875,5.404785011134439,1.7430534034898049
0.032801422618545927,0.05009095627857784,4.9703280001354875,5.404785011134439,1.7430534034898049
0.03280142244711082,0.05009095627857784,4.9703279901354875,5.404785021134439,1.7430534034898049
0.03280142241057851,0.05009095627857784,4.9703279901354875,5.404785011134439,1.7430534134898048
0.03276277471831798,0.050254516716385256,4.972234634433078,5.410840634949209,1.7808518468537695
0.032762948144705616,0.05025452671638526,4.972234634433078,5.410840634949209,1.7808518468537695
0.03276277459785096,0.050254516716385256,4.972234644433078,5.410840634949209,1.7808518468537695
0.032762774123520196,0.050254516716385256,4.972234634433078,5.410840644949209,1.7808518468537695
0.03276277408287507,0.050254516716385256,4.972234634433078,5.410840634949209,1.7808518568537695
0.03271439509307168,0.050254677864949686,4.972294712992379,5.41103150998875,1.78204286867559
0.03271441513688015,0.05025468786494969,4.972294712992379,5.41103150998875,1.78204286867559
0.0327143950776601,0.050254677864949686,4.972294722992379,5.41103150998875,1.78204286867559
0.032714395018592565,0.050254677864949686,4.972294712992379,5.41103151998875,1.78204286867559
0.03271439500366427,0.050254677864949686,4.972294712992379,5.41103150998875,1.78204287867559
0.032665027113939545,0.050375519239481616,4.973777188699072,5.415740025518125,1.8114323298212467
0.032665098872629444,0.05037552923948162,4.973777188699072,5.415740025518125,1.8114323298212467
0.03266502706333395,0.050375519239481616,4.9737771986990715,5.415740025518125,1.8114323298212467
0.032665026863770916,0.050375519239481616,4.973777188699072,5.415740035518125,1.8114323298212467
0.032665026852634914,0.050375519239481616,4.973777188699072,5.415740025518125,1.8114323398212466
0.03268355104981198,0.05054239141569318,4.975868828653539,5.422383362776973,1.8528982061104051
0.032683803824877594,0.05054240141569318,4.975868828653539,5.422383362776973,1.8528982061104051
0.032683550876239156,0.05054239141569318,4.975868838653539,5.422383362776973,1.8528982061104051
0.03268355018149487,0.05054239141569318,4.975868828653539,5.422383372776973,1.8528982061104051
0.03268355022276127,0.05054239141569318,4.975868828653539,5.422383362776973,1.852898216110405
0.032646223732781456,0.0504495917311856,4.9747056417623225,5.418688920625533,1.8298385186009334
0.032646344555109584,0.0504496017311856,4.9747056417623225,5.418688920625533,1.8298385186009334
0.03264622364884024,0.0504495917311856,4.9747056517623225,5.418688920625533,1.8298385186009334
0.03264622331532644,0.0504495917311856,4.9747056417623225,5.418688930625533,1.8298385186009334
0.032646223315770204,0.0504495917311856,4.9747056417623225,5.418688920625533,1.8298385286009333
0.03260428097582962,0.050516156886986116,4.9755904831348445,5.421499349215904,1.8473801105411871
0.0326043668244904,0.05051616688698612,4.9755904831348445,5.421499349215904,1.8473801105411871
0.03260428091587855,0.050516156886986116,4.9755904931348445,5.421499349215904,1.8473801105411871
0.03260428067730306,0.050516156886986116,4.9755904831348445,5.421499359215904,1.8473801105411871
0.03260428068248732,0.050516156886986116,4.9755904831348445,5.421499349215904,1.847380120541187
0.032557879828867944,0.05059853765367584,4.976713472330472,5.425066208267484,1.8696428675054448
0.03255791830362118,0.05059854765367584,4.976713472330472,5.425066208267484,1.8696428675054448
0.032557879801292815,0.05059853765367584,4.976713482330472,5.425066208267484,1.8696428675054448
0.032557879691960494,0.05059853765367584,4.976713472330472,5.425066218267484,1.8696428675054448
0.03255787969344925,0.05059853765367584,4.976713472330472,5.425066208267484,1.8696428775054448
0.03272998635567211,0.05082692166840451,4.979755503543832,5.43472829883826,1.9299497896628608
0.0327303960896073,0.05082693166840451,4.979755503543832,5.43472829883826,1.9299497896628608
0.03272998607700833,0.05082692166840451,4.979755513543832,5.43472829883826,1.9299497896628608
0.03272998494446873,0.05082692166840451,4.979755503543832,5.43472830883826,1.9299497896628608
0.032729985160227286,0.05082692166840451,4.979755503543832,5.43472829883826,1.9299497996628607
0.0325433368357818,0.05065537678950467,4.977470558703339,5.427470863772797,1.8846517697002696
0.0325434235336061,0.050655386789504674,4.977470558703339,5.427470863772797,1.8846517697002696
0.03254333677552693,0.05065537678950467,4.977470568703339,5.427470863772797,1.8846517697002696
0.03254333653392316,0.05065537678950467,4.977470558703339,5.427470873772797,1.8846517697002696
0.032543336555247084,0.05065537678950467,4.977470558703339,5.427470863772797,1.8846517797002695
0.03250580407814574,0.05080325273795694,4.979531702163994,5.434017547777113,1.9255129972097087
0.032505954445824645,0.05080326273795694,4.979531702163994,5.434017547777113,1.9255129972097087
0.032505803975058006,0.05080325273795694,4.979531712163994,5.434017547777113,1.9255129972097087
0.03250580355738765,0.05080325273795694,4.979531702163994,5.434017557777113,1.9255129972097087
0.03250580362859487,0.05080325273795694,4.979531702163994,5.434017547777113,1.9255130072097086
0.032461592845250874,0.05081969801874991,4.979847665101841,5.435021200240305,1.931776785802267
0.03246157537886779,0.05081970801874991,4.979847665101841,5.435021200240305,1.931776785802267
0.03246159285581631,0.05081969801874991,4.979847675101841,5.435021200240305,1.931776785802267
0.032461592900385784,0.05081969801874991,4.979847665101841,5.435021210240305,1.931776785802267
0.03246159288272301,0.05081969801874991,4.979847665101841,5.435021200240305,1.931776795802267
0.032424264259495086,0.05093796239210472,4.981558554686949,5.440455450905317,1.9656943674750584
0.03242434183432029,0.05093797239210472,4.981558554686949,5.440455450905317,1.9656943674750584
0.03242426420594345,0.05093796239210472,4.981558564686949,5.440455450905317,1.9656943674750584
0.03242426398816121,0.05093796239210472,4.981558554686949,5.440455460905317,1.9656943674750584
0.03242426403434989,0.05093796239210472,4.981558554686949,5.440455450905317,1.9656943774750584
0.03241067964208587,0.051010038924148245,4.9826401640848585,5.443890970645709,1.9871367502493964
0.03241080133304074,0.051010048924148246,4.9826401640848585,5.443890970645709,1.9871367502493964
0.03241067955891254,0.051010038924148245,4.9826401740848585,5.443890970645709,1.9871367502493964
0.03241067921861913,0.051010038924148245,4.9826401640848585,5.443890980645709,1.9871367502493964
0.032410679305668585,0.051010038924148245,4.9826401640848585,5.443890970645709,1.9871367602493963
0.0323682343676701,0.05106585836628492,4.983550585983033,5.4467828086801955,2.005185394053153
0.03236828095276158,0.05106586836628492,4.983550585983033,5.4467828086801955,2.005185394053153
0.032368234335212784,0.05106585836628492,4.983550595983033,5.4467828086801955,2.005185394053153
0.03236823420289481,0.05106585836628492,4.983550585983033,5.446782818680195,2.005185394053153
0.032368234235275344,0.05106585836628492,4.983550585983033,5.4467828086801955,2.005185404053153
0.03234966422300816,0.051192647551278316,4.985547281329126,5.453124999026414,2.0447688736315444
0.03234980314837633,0.05119265755127832,4.985547281329126,5.453124999026414,2.0447688736315444
0.032349664128680636,0.051192647551278316,4.985547291329126,5.453124999026414,2.0447688736315444
0.032349663739043966,0.051192647551278316,4.985547281329126,5.453125009026414,2.0447688736315444
0.032349663869040535,0.051192647551278316,4.985547281329126,5.453124999026414,2.0447688836315443
0.03231541671674583,0.051198720100687635,4.985712955782313,5.453651294853078,2.048053256803139
0.03231543215862461,0.05119873010068764,4.985712955782313,5.453651294853078,2.048053256803139
0.032315416705374585,0.051198720100687635,4.985712965782313,5.453651294853078,2.048053256803139
0.03231541665957818,0.051198720100687635,4.985712955782313,5.453651304853078,2.048053256803139
0.032315416668716436,0.051198720100687635,4.985712955782313,5.453651294853078,2.048053266803139
0.03228414339181016,0.05130567744092292,4.987485871512878,5.459282756097863,2.0832003812752746
0.032284208280703844,0.05130568744092292,4.987485871512878,5.459282756097863,2.0832003812752746
0.03228414334739265,0.05130567744092292,4.987485881512878,5.459282756097863,2.0832003812752746
0.03228414316357068,0.05130567744092292,4.987485871512878,5.459282766097863,2.0832003812752746
0.03228414322970667,0.05130567744092292,4.987485871512878,5.459282756097863,2.0832003912752746
0.0322754081627633,0.0514125902626154,4.989305994164175,5.465064201791816,2.1192833372500415
0.03227555322578437,0.051412600262615404,4.989305994164175,5.465064201791816,2.1192833372500415
0.032275408064885304,0.0514125902626154,4.989306004164175,5.465064201791816,2.1192833372500415
0.032275407656204014,0.0514125902626154,4.989305994164175,5.465064211791816,2.1192833372500415
0.03227540782785876,0.0514125902626154,4.989305994164175,5.465064201791816,2.1192833472500414
0.03227228318643327,0.051358638540065914,4.988387500472452,5.462146694339696,2.101074692124994
0.03227237321099897,0.051358648540065915,4.988387500472452,5.462146694339696,2.101074692124994
0.032272283125267004,0.051358638540065914,4.988387510472452,5.462146694339696,2.101074692124994
0.032272282870990675,0.051358638540065914,4.988387500472452,5.462146704339696,2.101074692124994
0.03227228297026012,0.051358638540065914,4.988387500472452,5.462146694339696,2.101074702124994
0.032239020749562565,0.051435917014609145,4.989769808972255,5.466537515683454,2.1284781870648644
0.03223908386559684,0.05143592701460915,4.989769808972255,5.466537515683454,2.1284781870648644
0.03223902070652378,0.051435917014609145,4.989769818972255,5.466537515683454,2.1284781870648644
0.03223902052729744,0.051435917014609145,4.989769808972255,5.466537525683454,2.1284781870648644
0.03223902060078242,0.051435917014609145,4.989769808972255,5.466537515683454,2.1284781970648643
0.03221148886170841,0.05150082302850229,4.990970641699352,5.4703519189901275,2.152284005086917
0.03221151259358632,0.051500833028502294,4.990970641699352,5.4703519189901275,2.152284005086917
0.03221148884505132,0.05150082302850229,4.990970651699352,5.4703519189901275,2.152284005086917
0.03221148877621136,0.05150082302850229,4.990970641699352,5.4703519289901275,2.152284005086917
0.03221148880242754,0.05150082302850229,4.990970641699352,5.4703519189901275,2.152284015086917
0.032537302482334544,0.05175549452231838,4.995555257406389,5.484914702196642,2.2431714302823518
0.03253779728287955,0.051755504522318384,4.995555257406389,5.484914702196642,2.2431714302823518
0.03253730215289909,0.05175549452231838,4.995555267406389,5.484914702196642,2.2431714302823518
0.03253730075351886,0.05175549452231838,4.995555257406389,5.484914712196642,2.2431714302823518
0.03253730152090032,0.05175549452231838,4.995555257406389,5.484914702196642,2.2431714402823517
0.03220215738385285,0.051547567991743724,4.991812148102327,5.473024918451045,2.1689663957471645
0.03220222023076218,0.051547577991743726,4.991812148102327,5.473024918451045,2.1689663957471645
0.032202157341154655,0.051547567991743724,4.991812158102327,5.473024918451045,2.1689663957471645
0.03220215716238608,0.051547567991743724,4.991812148102327,5.473024928451045,2.1689663957471645
0.03220215724323872,0.051547567991743724,4.991812148102327,5.473024918451045,2.1689664057471645
0.0321824272912208,0.05165793678869324,4.993880013927281,5.479593440428781,2.2099606331157324
0.03218254122965511,0.05165794678869324,4.993880013927281,5.479593440428781,2.2099606331157324
0.03218242721468024,0.05165793678869324,4.993880023927281,5.479593440428781,2.2099606331157324
0.03218242689164347,0.05165793678869324,4.993880013927281,5.479593450428781,2.2099606331157324
0.032182427055130955,0.05165793678869324,4.993880013927281,5.479593440428781,2.2099606431157324
0.03215494588750214,0.051675868812629956,4.994293351750045,5.480906450994289,2.2181547773712835
0.032154959170363775,0.05167587881262996,4.994293351750045,5.480906450994289,2.2181547773712835
0.032154945877951244,0.051675868812629956,4.994293361750045,5.480906450994289,2.2181547773712835
0.03215494583859929,0.051675868812629956,4.994293351750045,5.480906460994289,2.2181547773712835
0.03215494585396784,0.051675868812629956,4.994293351750045,5.480906450994289,2.2181547873712835
0.03213171045524692,0.05178370534095258,4.996402311054537,5.487605566823452,2.2599636260646516
0.03213178514579738,0.05178371534095258,4.996402311054537,5.487605566823452,2.2599636260646516
0.032131710405019456,0.05178370534095258,4.9964023210545365,5.487605566823452,2.2599636260646516
0.0321317101921775,0.05178370534095258,4.996402311054537,5.4876055768234515,2.2599636260646516
0.03213171030748298,0.05178370534095258,4.996402311054537,5.487605566823452,2.2599636360646516
0.03211632988554142,0.05182800906042586,4.997316343491643,5.490509025470039,2.27808374558649
0.032116394826454175,0.05182801906042586,4.997316343491643,5.490509025470039,2.27808374558649
0.03211632984184782,0.05182800906042586,4.997316353491643,5.490509025470039,2.27808374558649
0.03211632965645245,0.05182800906042586,4.997316343491643,5.490509035470039,2.27808374558649
0.032116329759062125,0.05182800906042586,4.997316343491643,5.490509025470039,2.27808375558649
0.032096209403382696,0.051882357100931406,4.998527420128667,5.494356113668741,2.302092531494319
0.03209616300132544,0.05188236710093141,4.998527420128667,5.494356113668741,2.302092531494319
0.0320962094335065,0.051882357100931406,4.998527430128667,5.494356113668741,2.302092531494319
0.03209620956343522,0.051882357100931406,4.998527420128667,5.494356123668741,2.302092531494319
0.03209620948067171,0.051882357100931406,4.998527420128667,5.494356113668741,2.3020925414943187
0.03259660467438759,0.05220085622981513,5.0051591677150045,5.515422150870996,2.4335627214016107
0.03259719612156238,0.05220086622981513,5.0051591677150045,5.515422150870996,2.4335627214016107
0.032596604284413896,0.05220085622981513,5.005159177715004,5.515422150870996,2.4335627214016107
0.032596602596238984,0.05220085622981513,5.0051591677150045,5.515422160870996,2.4335627214016107
0.032596603756370496,0.05220085622981513,5.0051591677150045,5.515422150870996,2.4335627314016106
0.0320729698233531,0.051954483383053515,5.000029224227948,5.499126660287722,2.3318648452872477
0.03207298012834248,0.05195449338305352,5.000029224227948,5.499126660287722,2.3318648452872477
0.03207296981597005,0.051954483383053515,5.000029234227948,5.499126660287722,2.3318648452872477
0.032072969785307714,0.051954483383053515,5.000029224227948,5.499126670287722,2.3318648452872477
0.03207296979968318,0.051954483383053515,5.000029224227948,5.499126660287722,2.3318648552872476
0.03303382698669024,0.05227889907054476,5.006866221720066,5.520844734603387,2.4674039425364627
0.033034614440903935,0.05227890907054476,5.006866221720066,5.520844734603387,2.4674039425364627
0.033033826468326075,0.05227889907054476,5.006866231720066,5.520844734603387,2.4674039425364627
0.033033824217641235,0.05227889907054476,5.006866221720066,5.520844744603387,2.4674039425364627
0.03303382581157704,0.05227889907054476,5.006866221720066,5.520844734603387,2.4674039525364626
0.03206642678499143,0.051994424144201606,5.000870967997845,5.501800502682787,2.348551876519684
0.03206647787565872,0.05199443414420161,5.000870967997845,5.501800502682787,2.348551876519684
0.03206642675068082,0.051994424144201606,5.000870977997845,5.501800502682787,2.348551876519684
0.03206642660421749,0.051994424144201606,5.000870967997845,5.501800512682787,2.348551876519684
0.03206642669242809,0.051994424144201606,5.000870967997845,5.501800502682787,2.348551886519684
0.0320613493455298,0.052021309127229555,5.001456138885583,5.503659339730867,2.3601525048997165
0.03206141189743243,0.05202131912722956,5.001456138885583,5.503659339730867,2.3601525048997165
0.03206134930368139,0.052021309127229555,5.001456148885583,5.503659339730867,2.3601525048997165
0.03206134912460368,0.052021309127229555,5.001456138885583,5.503659349730867,2.3601525048997165
0.03206134923500161,0.052021309127229555,5.001456138885583,5.503659339730867,2.3601525148997164
0.03204568560595754,0.052093755823461714,5.003073897523653,5.508798290267493,2.3922234849029826
0.03204576351083048,0.052093765823461716,5.003073897523653,5.508798290267493,2.3922234849029826
0.03204568555407851,0.052093755823461714,5.003073907523653,5.508798290267493,2.3922234849029826
0.03204568533114386,0.052093755823461714,5.003073897523653,5.508798300267493,2.3922234849029826
0.03204568547470449,0.052093755823461714,5.003073897523653,5.508798290267493,2.3922234949029826
0.03202621971739045,0.05213893679403593,5.0041413739148615,5.512189256698046,2.413385452390212
0.032026260276547695,0.05213894679403593,5.0041413739148615,5.512189256698046,2.413385452390212
0.03202621969018986,0.05213893679403593,5.004141383914861,5.512189256698046,2.413385452390212
0.03202621957351918,0.05213893679403593,5.0041413739148615,5.512189266698046,2.413385452390212
0.03202621964831434,0.05213893679403593,5.0041413739148615,5.512189256698046,2.413385462390212
0.032012688664380104,0.052235926370287185,5.006393480165339,5.5193433192873,2.45803189412073
0.032012778362044136,0.052235936370287187,5.006393480165339,5.5193433192873,2.45803189412073
0.0320126886049595,0.052235926370287185,5.006393490165339,5.5193433192873,2.45803189412073
0.03201268834793633,0.052235926370287185,5.006393480165339,5.5193433292873,2.45803189412073
0.03201268852503649,0.052235926370287185,5.006393480165339,5.5193433192873,2.45803190412073
0.03198826392670306,0.052278053230082444,5.007483418562785,5.522805692646137,2.4796390998135416
0.031988269633021094,0.052278063230082446,5.007483418562785,5.522805692646137,2.4796390998135416
0.031988263922545196,0.052278053230082444,5.007483428562785,5.522805692646137,2.4796390998135416
0.0319882639053518,0.052278053230082444,5.007483418562785,5.522805702646137,2.4796390998135416
0.03198826391384281,0.052278053230082444,5.007483418562785,5.522805692646137,2.4796391098135415
0.032002874322161104,0.05242765476180448,5.011106502850128,5.534314903514853,2.5514641406947622
0.032003044687243506,0.05242766476180448,5.011106502850128,5.534314903514853,2.5514641406947622
0.03200287421019172,0.05242765476180448,5.0111065128501275,5.534314903514853,2.5514641406947622
0.03200287372138011,0.05242765476180448,5.011106502850128,5.534314913514853,2.5514641406947622
0.03200287408740341,0.05242765476180448,5.011106502850128,5.534314903514853,2.551464150694762
0.03197683908719143,0.05234249376819477,5.009044054329111,5.5277632604804445,2.510577581733133
0.031976886905180094,0.05234250376819477,5.009044054329111,5.5277632604804445,2.510577581733133
0.031976839055432166,0.05234249376819477,5.009044064329111,5.5277632604804445,2.510577581733133
0.03197683891784945,0.05234249376819477,5.009044054329111,5.5277632704804445,2.510577581733133
0.031976839015191674,0.05234249376819477,5.009044054329111,5.5277632604804445,2.5105775917331328
0.0319694453643704,0.05241624940711225,5.010882694927372,5.533603976788696,2.547027279549244
0.031969534573798995,0.05241625940711225,5.010882694927372,5.533603976788696,2.547027279549244
0.03196944530556552,0.05241624940711225,5.010882704927372,5.533603976788696,2.547027279549244
0.03196944504932915,0.05241624940711225,5.010882694927372,5.533603986788696,2.547027279549244
0.0319694452389287,0.05241624940711225,5.010882694927372,5.533603976788696,2.547027289549244
0.031953594729174015,0.052431689888816475,5.011333405930127,5.535035763003761,2.555962256510726
0.031953624597743015,0.05243169988881648,5.011333405930127,5.535035763003761,2.555962256510726
0.03195359470927009,0.052431689888816475,5.011333415930127,5.535035763003761,2.555962256510726
0.03195359462302976,0.052431689888816475,5.011333405930127,5.535035773003761,2.555962256510726
0.031953594684943444,0.052431689888816475,5.011333405930127,5.535035763003761,2.555962266510726
0.03193750539711758,0.052518976370275985,5.013614372681963,5.542281650928617,2.6011806856173143
0.031937558647841396,0.05251898637027599,5.013614372681963,5.542281650928617,2.6011806856173143
0.031937505361995085,0.052518976370275985,5.013614382681963,5.542281650928617,2.6011806856173143
0.03193750520864293,0.052518976370275985,5.013614372681963,5.542281660928617,2.6011806856173143
0.031937505325053656,0.052518976370275985,5.013614372681963,5.542281650928617,2.6011806956173142
0.03192376253066494,0.05258218718357082,5.015330271803973,5.547732536118052,2.635197043248877
0.03192381530025514,0.05258219718357082,5.015330271803973,5.547732536118052,2.635197043248877
0.03192376249592641,0.05258218718357082,5.015330281803973,5.547732536118052,2.635197043248877
0.031923762343882923,0.05258218718357082,5.015330271803973,5.547732546118052,2.635197043248877
0.031923762461810834,0.05258218718357082,5.015330271803973,5.547732536118052,2.635197053248877
0.03190874619482774,0.05263665794443848,5.016922729179841,5.552791339979875,2.666764451829471
0.0319087145880248,0.052636667944438484,5.016922729179841,5.552791339979875,2.666764451829471
0.03190874621519579,0.05263665794443848,5.016922739179841,5.552791339979875,2.666764451829471
0.031908746305753466,0.05263665794443848,5.016922729179841,5.552791349979875,2.666764451829471
0.031908746229338696,0.05263665794443848,5.016922729179841,5.552791339979875,2.666764461829471
0.03218226183024243,0.05290275172026578,5.0242969319828,5.5762169926889005,2.8129483374918753
0.03218269672123471,0.052902761720265784,5.0242969319828,5.5762169926889005,2.8129483374918753
0.03218226154770666,0.05290275172026578,5.0242969419828,5.5762169926889005,2.8129483374918753
0.032182260291839,0.05290275172026578,5.0242969319828,5.5762170026889,2.8129483374918753
0.0321822613786551,0.05290275172026578,5.0242969319828,5.5762169926889005,2.8129483474918753
0.031895218336375306,0.05269722036563259,5.01860108326661,5.558122972565794,2.7000356173340108
0.03189523038587749,0.05269723036563259,5.01860108326661,5.558122972565794,2.7000356173340108
0.031895218328299474,0.05269722036563259,5.01860109326661,5.558122972565794,2.7000356173340108
0.031895218293359076,0.05269722036563259,5.01860108326661,5.558122982565794,2.7000356173340108
0.03189521831924811,0.05269722036563259,5.01860108326661,5.558122972565794,2.7000356273340107
0.03208658856261624,0.05290228135168317,5.024356110887634,5.576405021003628,2.8141206389479168
0.03208695395236042,0.05290229135168317,5.024356110887634,5.576405021003628,2.8141206389479168
0.032086588325232396,0.05290228135168317,5.024356120887634,5.576405021003628,2.8141206389479168
0.032086587270087695,0.05290228135168317,5.024356110887634,5.5764050310036275,2.8141206389479168
0.03208658818322728,0.05290228135168317,5.024356110887634,5.576405021003628,2.8141206489479167
0.03189137232650675,0.05272959844053109,5.019509772525085,5.5610096139743765,2.7180490554128736
0.03189141207250215,0.052729608440531095,5.019509772525085,5.5610096139743765,2.7180490554128736
0.0318913723004136,0.05272959844053109,5.019509782525085,5.5610096139743765,2.7180490554128736
0.03189137218572884,0.05272959844053109,5.019509772525085,5.5610096239743765,2.7180490554128736
0.0318913722782607,0.05272959844053109,5.019509772525085,5.5610096139743765,2.7180490654128735
0.03188759329866822,0.052758221541401494,5.020335295591248,5.563632071073414,2.734413589012132
0.03188764448895573,0.052758231541401496,5.020335295591248,5.563632071073414,2.734413589012132
0.03188759326515263,0.052758221541401494,5.020335305591248,5.563632071073414,2.734413589012132
0.031887593117480025,0.052758221541401494,5.020335295591248,5.563632081073414,2.734413589012132
0.031887593238462526,0.052758221541401494,5.020335295591248,5.563632071073414,2.734413599012132
0.03187826147970537,0.0528136525441807,5.021975353166455,5.568842096697894,2.7669243631079086
0.03187831952490575,0.052813662544180705,5.021975353166455,5.568842096697894,2.7669243631079086
0.0318782614417911,0.0528136525441807,5.0219753631664545,5.568842096697894,2.7669243631079086
0.031878261274302225,0.0528136525441807,5.021975353166455,5.568842106697894,2.7669243631079086
0.031878261414089185,0.0528136525441807,5.021975353166455,5.568842096697894,2.7669243731079085
0.03186509288665758,0.05286063708089012,5.023428416235045,5.573458119013727,2.7957276623882166
0.031865122884459335,0.052860647080890125,5.023428416235045,5.573458119013727,2.7957276623882166
0.03186509286701527,0.05286063708089012,5.023428426235045,5.573458119013727,2.7957276623882166
0.03186509278042052,0.05286063708089012,5.023428416235045,5.573458129013727,2.7957276623882166
0.03186509285239676,0.05286063708089012,5.023428416235045,5.573458119013727,2.7957276723882165
0.031856559094674185,0.05294337903882699,5.025959748406745,5.581499523937729,2.845905208654451
0.03185662630007866,0.05294338903882699,5.025959748406745,5.581499523937729,2.845905208654451
0.03185655905096636,0.05294337903882699,5.025959758406745,5.581499523937729,2.845905208654451
0.03185655885687742,0.05294337903882699,5.025959748406745,5.581499533937729,2.845905208654451
0.03185655902497123,0.05294337903882699,5.025959748406745,5.581499523937729,2.845905218654451
0.03184069261058608,0.05298867972927899,5.027467668733233,5.586289860250948,2.8757947892208406
0.031840700165688324,0.05298868972927899,5.027467668733233,5.586289860250948,2.8757947892208406
0.031840692605582546,0.05298867972927899,5.027467678733233,5.586289860250948,2.8757947892208406
0.03184069258389532,0.05298867972927899,5.027467668733233,5.586289870250948,2.8757947892208406
0.03184069260078623,0.05298867972927899,5.027467668733233,5.586289860250948,2.8757947992208406
0.031860712811936816,0.05312930343727784,5.031935477185764,5.600483034842762,2.964356538451464
0.03186086987005238,0.05312931343727784,5.031935477185764,5.600483034842762,2.964356538451464
0.031860712710388664,0.05312930343727784,5.0319354871857636,5.600483034842762,2.964356538451464
0.03186071225583498,0.05312930343727784,5.031935477185764,5.600483044842762,2.964356538451464
0.03186071266985531,0.05312930343727784,5.031935477185764,5.600483034842762,2.964356548451464
0.03183472188737308,0.05303824761227028,5.0290425084935695,5.591292755050506,2.9070115625931034
0.031834759037193405,0.05303825761227028,5.0290425084935695,5.591292755050506,2.9070115625931034
0.03183472186323837,0.05303824761227028,5.029042518493569,5.591292755050506,2.9070115625931034
0.031834721755985264,0.05303824761227028,5.0290425084935695,5.591292765050506,2.9070115625931034
0.03183472185004983,0.05303824761227028,5.0290425084935695,5.591292755050506,2.9070115725931034
0.03182902546041758,0.05310350337831661,5.031173603888152,5.598062767150732,2.949253948773238
0.031829090243572486,0.05310351337831661,5.031173603888152,5.598062767150732,2.949253948773238
0.03182902541847271,0.05310350337831661,5.031173613888152,5.598062767150732,2.949253948773238
0.031829025231208535,0.05310350337831661,5.031173603888152,5.598062777150732,2.949253948773238
0.031829025399648214,0.05310350337831661,5.031173603888152,5.598062767150732,2.949253958773238
0.0318190547159707,0.053124947513282714,5.0319449025226675,5.600513038848052,2.964541855304128
0.03181907755866059,0.053124957513282715,5.0319449025226675,5.600513038848052,2.964541855304128
0.03181905470115248,0.053124947513282714,5.031944912522667,5.600513038848052,2.964541855304128
0.03181905463533531,0.053124947513282714,5.0319449025226675,5.600513048848052,2.964541855304128
0.03181905469343989,0.053124947513282714,5.0319449025226675,5.600513038848052,2.964541865304128
0.03181040262199271,0.053213207236998405,5.03494019755918,5.610028465402229,3.023913205420376
0.031810460024423816,0.05321321723699841,5.03494019755918,5.610028465402229,3.023913205420376
0.03181040258493864,0.053213207236998405,5.03494020755918,5.610028465402229,3.023913205420376
0.03181040241897576,0.053213207236998405,5.03494019755918,5.610028475402229,3.023913205420376
0.03181040257163182,0.053213207236998405,5.03494019755918,5.610028465402229,3.023913215420376
0.0318022623809812,0.05323150180743489,5.035631848800685,5.6122257245886695,3.0376221175403026
0.03180227906367471,0.05323151180743489,5.035631848800685,5.6122257245886695,3.0376221175403026
0.03180226237020383,0.05323150180743489,5.035631858800685,5.6122257245886695,3.0376221175403026
0.03180226232230652,0.05323150180743489,5.035631848800685,5.6122257345886695,3.0376221175403026
0.0318022623651238,0.05323150180743489,5.035631848800685,5.6122257245886695,3.0376221275403026
0.03179781969899733,0.05334181198170066,5.039516738658246,5.624567263296635,3.114625250330414
0.03179790109841736,0.05334182198170066,5.039516738658246,5.624567263296635,3.114625250330414
0.03179781964663818,0.05334181198170066,5.0395167486582455,5.624567263296635,3.114625250330414
0.03179781941095137,0.05334181198170066,5.039516738658246,5.624567273296635,3.114625250330414
0.031797819634140884,0.05334181198170066,5.039516738658246,5.624567263296635,3.114625260330414
0.031796773551644154,0.053274859303520855,5.037158807650263,5.617076575562182,3.067888256187771
0.03179680072542975,0.05327486930352086,5.037158807650263,5.617076575562182,3.067888256187771
0.031796773534132065,0.053274859303520855,5.037158817650263,5.617076575562182,3.067888256187771
0.031796773455833344,0.053274859303520855,5.037158807650263,5.617076585562182,3.067888256187771
0.0317967735277655,0.053274859303520855,5.037158807650263,5.617076575562182,3.067888266187771
0.03179425724799761,0.053381016755425614,5.0409574710843845,5.629144212269712,3.1431817244801246
0.03179434451891438,0.053381026755425616,5.0409574710843845,5.629144212269712,3.1431817244801246
0.031794257191915816,0.053381016755425614,5.0409574810843845,5.629144212269712,3.1431817244801246
0.03179425693913814,0.053381016755425614,5.0409574710843845,5.629144222269712,3.1431817244801246
0.03179425718037914,0.053381016755425614,5.0409574710843845,5.629144212269712,3.1431817344801245
0.031792205294884586,0.05331397521779354,5.038558503955834,5.621523146523108,3.0956316957501575
0.03179224116757695,0.05331398521779354,5.038558503955834,5.621523146523108,3.0956316957501575
0.03179220527179903,0.05331397521779354,5.0385585139558335,5.621523146523108,3.0956316957501575
0.031792205168271206,0.05331397521779354,5.038558503955834,5.621523156523108,3.0956316957501575
0.031792205264767,0.05331397521779354,5.038558503955834,5.621523146523108,3.0956317057501574
0.03178348696534399,0.05338789022184389,5.041268017050032,5.6301307820358515,3.1493364819335996
0.03178353234451594,0.05338790022184389,5.041268017050032,5.6301307820358515,3.1493364819335996
0.031783486936205696,0.05338789022184389,5.041268027050032,5.6301307820358515,3.1493364819335996
0.0317834868050866,0.05338789022184389,5.041268017050032,5.630130792035851,3.1493364819335996
0.03178348692955447,0.05338789022184389,5.041268017050032,5.6301307820358515,3.1493364919335995
796.9868480545875,0.44307346843483975,5.523757634652361,6.56848912989421,1.8515295110473688
796.9868219901808,0.44307345843483975,5.523757634652361,6.56848912989421,1.8515295110473688
796.9868477055174,0.44307346843483975,5.523757644652361,6.56848912989421,1.8515295110473688
796.9868469242144,0.44307346843483975,5.523757634652361,6.56848913989421,1.8515295110473688
796.9868469064445,0.44307346843483975,5.523757634652361,6.56848912989421,1.8515295210473688
785.043192326066,0.5549322097939928,5.53712352245688,6.611771096684536,1.8954918883371146
785.043193445121,0.5549322197939929,5.53712352245688,6.611771096684536,1.8954918883371146
785.0431923198939,0.5549322097939928,5.53712353245688,6.611771096684536,1.8954918883371146
785.043192279016,0.5549322097939928,5.53712352245688,6.611771106684536,1.8954918883371146
785.0431922796024,0.5549322097939928,5.53712352245688,6.611771096684536,1.8954918983371145
795.5346134769512,0.5138715771381454,5.537318917250994,6.613357105477843,1.897056121673951
795.5346143031508,0.5138715871381454,5.537318917250994,6.613357105477843,1.897056121673951
795.5346134706094,0.5138715771381454,5.537318927250994,6.613357105477843,1.897056121673951
795.5346134459612,0.5138715771381454,5.537318917250994,6.613357115477843,1.897056121673951
795.5346134456487,0.5138715771381454,5.537318917250994,6.613357105477843,1.897056131673951
799.4041905689185,0.5526622178888381,5.537134324643117,6.61185877743589,1.8955783652563125
799.404191179479,0.5526622278888381,5.537134324643117,6.61185877743589,1.8955783652563125
799.4041905636435,0.5526622178888381,5.537134334643117,6.61185877743589,1.8955783652563125
799.4041905425171,0.5526622178888381,5.537134324643117,6.61185878743589,1.8955783652563125
799.4041905428825,0.5526622178888381,5.537134324643117,6.61185877743589,1.8955783752563125
785.0424476344582,0.5549255762758234,5.537123554023732,6.611771352910938,1.8954921410455994
785.0424487531827,0.5549255862758234,5.537123554023732,6.611771352910938,1.8954921410455994
785.0424476282857,0.5549255762758234,5.537123564023732,6.611771352910938,1.8954921410455994
785.042447587407,0.5549255762758234,5.537123554023732,6.611771362910938,1.8954921410455994
785.0424475879935,0.5549255762758234,5.537123554023732,6.611771352910938,1.8954921510455993
784.9732304725577,0.5546603174702257,5.537124816307977,6.611781598802707,1.8955022462641449
784.9732315771382,0.5546603274702258,5.537124816307977,6.611781598802707,1.8955022462641449
784.9732304665179,0.5546603174702257,5.537124826307977,6.611781598802707,1.8955022462641449
784.9732304251114,0.5546603174702257,5.537124816307977,6.611781608802707,1.8955022462641449
784.9732304256961,0.5546603174702257,5.537124816307977,6.611781598802707,1.8955022562641448
799.4692088249989,0.5536612676795318,5.537129570475547,6.611820188119299,1.8955403057602287
799.4692094749133,0.5536612776795319,5.537129570475547,6.611820188119299,1.8955403057602287
799.4692088197365,0.5536612676795318,5.537129580475547,6.611820188119299,1.8955403057602287
799.4692087986825,0.5536612676795318,5.537129570475547,6.6118201981192986,1.8955403057602287
799.4692087990447,0.5536612676795318,5.537129570475547,6.611820188119299,1.8955403157602286
784.9730902468492,0.5546590524373378,5.5371248223278755,6.611781647665892,1.895502294456452
784.9730913510192,0.5546590624373379,5.5371248223278755,6.611781647665892,1.895502294456452
784.9730902408098,0.5546590524373378,5.5371248323278754,6.611781647665892,1.895502294456452
784.9730901994029,0.5546590524373378,5.5371248223278755,6.611781657665892,1.895502294456452
784.9730901999877,0.5546590524373378,5.5371248223278755,6.611781647665892,1.8955023044564518
784.9703384715747,0.5546342286927937,5.537124940456364,6.61178260650833,1.895503240134252
784.9703395757773,0.5546342386927937,5.537124940456364,6.61178260650833,1.895503240134252
784.9703384655346,0.5546342286927937,5.537124950456364,6.61178260650833,1.895503240134252
784.9703384241246,0.5546342286927937,5.537124940456364,6.6117826165083295,1.895503240134252
784.9703384247094,0.5546342286927937,5.537124940456364,6.61178260650833,1.895503250134252
790.4152324355861,0.5541477481861627,5.537127255465955,6.6118013973138146,1.8955217729472402
790.4152333650665,0.5541477581861628,5.537127255465955,6.6118013973138146,1.8955217729472402
790.4152324297359,0.5541477481861627,5.537127265465955,6.6118013973138146,1.8955217729472402
790.415232396082,0.5541477481861627,5.537127255465955,6.6118014073138145,1.8955217729472402
790.4152323960259,0.5541477481861627,5.537127255465955,6.6118013973138146,1.8955217829472402
784.9702501814581,0.5546334322963182,5.537124944246167,6.611782637269956,1.8955032704735293
784.9702512867672,0.5546334422963183,5.537124944246167,6.611782637269956,1.8955032704735293
784.9702501754184,0.5546334322963182,5.537124954246167,6.611782637269956,1.8955032704735293
784.970250134008,0.5546334322963182,5.537124944246167,6.611782647269956,1.8955032704735293
784.9702501345928,0.5546334322963182,5.537124944246167,6.611782637269956,1.8955032804735292
784.9701620968339,0.5546326377191513,5.537124948027313,6.611782667961309,1.8955033007434985
784.9701632023188,0.5546326477191513,5.537124948027313,6.611782667961309,1.8955033007434985
784.9701620907939,0.5546326377191513,5.537124958027313,6.611782667961309,1.8955033007434985
784.9701620493835,0.5546326377191513,5.537124948027313,6.611782677961309,1.8955033007434985
784.9701620499684,0.5546326377191513,5.537124948027313,6.611782667961309,1.8955033107434984
782.8761801384046,0.554390192952657,5.537126101746634,6.611792032637561,1.8955125368453694
782.8761813182816,0.5543902029526571,5.537126101746634,6.611792032637561,1.8955125368453694
782.876180132371,0.554390192952657,5.537126111746634,6.611792032637561,1.8955125368453694
782.8761800877833,0.554390192952657,5.537126101746634,6.611792042637561,1.8955125368453694
782.8761800885578,0.554390192952657,5.537126101746634,6.611792032637561,1.8955125468453693
782.8761619676073,0.5543900395748718,5.5371261024765115,6.611792038561934,1.8955125426884027
782.8761631467731,0.5543900495748718,5.5371261024765115,6.611792038561934,1.8955125426884027
782.8761619615739,0.5543900395748718,5.537126112476511,6.611792038561934,1.8955125426884027
782.8761619169859,0.5543900395748718,5.5371261024765115,6.611792048561934,1.8955125426884027
782.8761619177606,0.5543900395748718,5.5371261024765115,6.611792038561934,1.8955125526884027
782.8759482443207,0.5543882354773048,5.537126111061651,6.611792108247043,1.8955126114167533
782.8759494219111,0.5543882454773048,5.537126111061651,6.611792108247043,1.8955126114167533
782.8759482382869,0.5543882354773048,5.537126121061651,6.611792108247043,1.8955126114167533
782.875948193699,0.5543882354773048,5.537126111061651,6.611792118247043,1.8955126114167533
782.8759481944736,0.5543882354773048,5.537126111061651,6.611792108247043,1.8955126214167533
790.4264694153942,0.5542679918317338,5.5371266832638035,6.611796752780428,1.8955171921819969
790.4264703471634,0.5542680018317339,5.5371266832638035,6.611796752780428,1.8955171921819969
790.4264694095457,0.5542679918317338,5.5371266932638035,6.611796752780428,1.8955171921819969
790.4264693759053,0.5542679918317338,5.5371266832638035,6.611796762780428,1.8955171921819969
790.426469375849,0.5542679918317338,5.5371266832638035,6.611796752780428,1.8955172021819968
782.8759437812704,0.5543881978245807,5.537126111240829,6.611792109701417,1.8955126128511601
782.8759449604379,0.5543882078245808,5.537126111240829,6.611792109701417,1.8955126128511601
782.8759437752367,0.5543881978245807,5.537126121240829,6.611792109701417,1.8955126128511601
782.8759437306486,0.5543881978245807,5.537126111240829,6.611792119701417,1.8955126128511601
782.8759437314231,0.5543881978245807,5.537126111240829,6.611792109701417,1.89551262285116
782.8759393199758,0.5543881601452542,5.537126111420133,6.611792111156819,1.8955126142865801
782.8759404975207,0.5543881701452542,5.537126111420133,6.611792111156819,1.8955126142865801
782.875939313942,0.5543881601452542,5.537126121420133,6.611792111156819,1.8955126142865801
782.8759392693541,0.5543881601452542,5.537126111420133,6.611792121156819,1.8955126142865801
782.8759392701286,0.5543881601452542,5.537126111420133,6.611792111156819,1.89551262428658
782.8688202743682,0.554328075988494,5.537126397341968,6.611794431968624,1.8955149032342886
782.8688214546925,0.554328085988494,5.537126397341968,6.611794431968624,1.8955149032342886
782.8688202683336,0.554328075988494,5.537126407341968,6.611794431968624,1.8955149032342886
782.8688202237367,0.554328075988494,5.537126397341968,6.611794441968624,1.8955149032342886
782.8688202245116,0.554328075988494,5.537126397341968,6.611794431968624,1.8955149132342886
784.4957905126906,0.5110195611996445,5.537315037496602,6.6135042199584735,1.8971959804893426
784.4957917113315,0.5110195711996446,5.537315037496602,6.6135042199584735,1.8971959804893426
784.4957905061405,0.5110195611996445,5.537315047496602,6.6135042199584735,1.8971959804893426
784.4957904651163,0.5110195611996445,5.537315037496602,6.613504229958473,1.8971959804893426
784.4957904648263,0.5110195611996445,5.537315037496602,6.6135042199584735,1.8971959904893425
789.0609564810778,0.5479191528332495,5.537154312874535,6.612047451493587,1.8957636740591068
789.0609573819701,0.5479191628332496,5.537154312874535,6.612047451493587,1.8957636740591068
789.0609564758755,0.5479191528332495,5.537154322874535,6.612047451493587,1.8957636740591068
789.0609564385683,0.5479191528332495,5.537154312874535,6.612047461493587,1.8957636740591068
789.060956440004,0.5479191528332495,5.537154312874535,6.612047451493587,1.8957636840591068
790.4208817808238,0.5542081982987175,5.5371269194967,6.611799164650759,1.8955195564452947
790.4208827099706,0.5542082082987175,5.5371269194967,6.611799164650759,1.8955195564452947
790.4208817749745,0.5542081982987175,5.5371269294967,6.611799164650759,1.8955195564452947
790.4208817413278,0.5542081982987175,5.5371269194967,6.611799174650759,1.8955195564452947
790.4208817412714,0.5542081982987175,5.5371269194967,6.611799164650759,1.8955195664452946
782.8688158271262,0.554328038483067,5.5371263975053315,6.611794433449311,1.8955149046901114
782.8688170082598,0.554328048483067,5.5371263975053315,6.611794433449311,1.8955149046901114
782.8688158210915,0.554328038483067,5.5371264075053315,6.611794433449311,1.8955149046901114
782.8688157764949,0.554328038483067,5.5371263975053315,6.611794443449311,1.8955149046901114
782.8688157772694,0.554328038483067,5.5371263975053315,6.611794433449311,1.8955149146901114
782.8688113844823,0.5543280009755186,5.537126397668704,6.611794434930081,1.8955149061460164
782.8688125655597,0.5543280109755186,5.537126397668704,6.611794434930081,1.8955149061460164
782.868811378448,0.5543280009755186,5.537126407668704,6.611794434930081,1.8955149061460164
782.868811333851,0.5543280009755186,5.537126397668704,6.611794444930081,1.8955149061460164
782.8688113346258,0.5543280009755186,5.537126397668704,6.611794434930081,1.8955149161460163
790.4264791302799,0.5542680996371181,5.537126658582702,6.61179679979042,1.8955172312956556
790.4264800603139,0.5542681096371181,5.537126658582702,6.61179679979042,1.8955172312956556
790.4264791244311,0.5542680996371181,5.537126668582702,6.61179679979042,1.8955172312956556
790.4264790907907,0.5542680996371181,5.537126658582702,6.61179680979042,1.8955172312956556
790.4264790907346,0.5542680996371181,5.537126658582702,6.61179679979042,1.8955172412956556
782.8688102732028,0.5543279916051801,5.537126397709518,6.611794435300014,1.8955149065097385
782.8688114560892,0.5543280016051801,5.537126397709518,6.611794435300014,1.8955149065097385
782.8688102671683,0.5543279916051801,5.537126407709518,6.611794435300014,1.8955149065097385
782.8688102225713,0.5543279916051801,5.537126397709518,6.611794445300014,1.8955149065097385
782.8688102233463,0.5543279916051801,5.537126397709518,6.611794435300014,1.8955149165097385
782.8688091630265,0.5543279822234795,5.537126397750383,6.611794435670397,1.8955149068739017
782.868810340949,0.5543279922234795,5.537126397750383,6.611794435670397,1.8955149068739017
782.868809156992,0.5543279822234795,5.537126407750383,6.611794435670397,1.8955149068739017
782.8688091123952,0.5543279822234795,5.537126397750383,6.611794445670397,1.8955149068739017
782.8688091131701,0.5543279822234795,5.537126397750383,6.611794435670397,1.8955149168739016
782.8652605450195,0.5542980409302988,5.537126528166542,6.611795617730409,1.8955160690847785
782.8652617297149,0.5542980509302988,5.537126528166542,6.611795617730409,1.8955160690847785
782.8652605389843,0.5542980409302988,5.537126538166542,6.611795617730409,1.8955160690847785
782.8652604943832,0.5542980409302988,5.537126528166542,6.611795627730409,1.8955160690847785
782.8652604951579,0.5542980409302988,5.537126528166542,6.611795617730409,1.8955160790847785
782.8652602691972,0.5542980385822956,5.53712652817677,6.611795617823106,1.8955160691759194
782.8652614489155,0.5542980485822957,5.53712652817677,6.611795617823106,1.8955160691759194
782.8652602631621,0.5542980385822956,5.53712653817677,6.611795617823106,1.8955160691759194
782.865260218561,0.5542980385822956,5.53712652817677,6.611795627823106,1.8955160691759194
782.8652602193359,0.5542980385822956,5.53712652817677,6.611795617823106,1.8955160791759194
782.8651940792073,0.5542974801704356,5.5371265306090605,6.611795639868792,1.895516090851414
782.8651952629169,0.5542974901704356,5.5371265306090605,6.611795639868792,1.895516090851414
782.8651940731722,0.5542974801704356,5.53712654060906,6.611795639868792,1.895516090851414
782.8651940285708,0.5542974801704356,5.5371265306090605,6.6117956498687915,1.895516090851414
782.8651940293458,0.5542974801704356,5.5371265306090605,6.611795639868792,1.8955161008514139
782.863452802267,0.5542827899037768,5.537126594595882,6.611796219829605,1.8955166610735348
782.8634539828599,0.5542827999037768,5.537126594595882,6.611796219829605,1.8955166610735348
782.8634527962316,0.5542827899037768,5.537126604595882,6.611796219829605,1.8955166610735348
782.8634527516282,0.5542827899037768,5.537126594595882,6.611796229829605,1.8955166610735348
782.8634527524034,0.5542827899037768,5.537126594595882,6.611796219829605,1.8955166710735347
790.4269457677935,0.554273094327782,5.537126636827183,6.611796602603743,1.8955170374201344
790.4269466976494,0.5542731043277821,5.537126636827183,6.611796602603743,1.8955170374201344
790.426945761945,0.554273094327782,5.537126646827183,6.611796602603743,1.8955170374201344
790.4269457283052,0.554273094327782,5.537126636827183,6.611796612603743,1.8955170374201344
790.4269457282488,0.554273094327782,5.537126636827183,6.611796602603743,1.8955170474201344
782.8634527722122,0.5542827896584314,5.53712659459695,6.611796219839292,1.8955166610830583
782.8634539513345,0.5542827996584314,5.53712659459695,6.611796219839292,1.8955166610830583
782.863452766177,0.5542827896584314,5.53712660459695,6.611796219839292,1.8955166610830583
782.8634527215735,0.5542827896584314,5.53712659459695,6.611796229839292,1.8955166610830583
782.8634527223484,0.5542827896584314,5.53712659459695,6.611796219839292,1.8955166710830582
782.863452720774,0.554282789230975,5.537126594598812,6.611796219856167,1.8955166610996506
782.8634539038212,0.554282799230975,5.537126594598812,6.611796219856167,1.8955166610996506
782.8634527147389,0.554282789230975,5.537126604598812,6.611796219856167,1.8955166610996506
782.8634526701353,0.554282789230975,5.537126594598812,6.611796229856167,1.8955166610996506
782.8634526709105,0.554282789230975,5.537126594598812,6.611796219856167,1.8955166710996505
790.4273986406238,0.5542779417793785,5.537126615712998,6.611796411229955,1.8955168492598924
790.4273995703595,0.5542779517793786,5.537126615712998,6.611796411229955,1.8955168492598924
790.4273986347753,0.5542779417793785,5.537126625712998,6.611796411229955,1.8955168492598924
790.4273986011361,0.5542779417793785,5.537126615712998,6.611796421229955,1.8955168492598924
790.4273986010796,0.5542779417793785,5.537126615712998,6.611796411229955,1.8955168592598923
782.863452720774,0.554282789230975,5.537126594598812,6.611796219856167,1.8955166610996506
782.8634539038212,0.554282799230975,5.537126594598812,6.611796219856167,1.8955166610996506
782.8634527147389,0.554282789230975,5.537126604598812,6.611796219856167,1.8955166610996506
782.8634526701353,0.554282789230975,5.537126594598812,6.611796229856167,1.8955166610996506
782.8634526709105,0.554282789230975,5.537126594598812,6.611796219856167,1.8955166710996505
762.944200058394,0.5108743369748185,5.537315178898998,6.613505927414077,1.897197644791488
762.9442016969115,0.5108743469748186,5.537315178898998,6.613505927414077,1.897197644791488
762.944200052124,0.5108743369748185,5.537315188898998,6.613505927414077,1.897197644791488
762.9441999782923,0.5108743369748185,5.537315178898998,6.613505937414077,1.897197644791488
762.9441999782525,0.5108743369748185,5.537315178898998,6.613505927414077,1.897197654791488
783.3560142027695,0.3372405279501929,5.538069516099744,6.620344757645717,1.9039215795588378
783.356016185796,0.3372405379501929,5.538069516099744,6.620344757645717,1.9039215795588378
783.356014189565,0.3372405279501929,5.538069526099744,6.620344757645717,1.9039215795588378
783.3560141621494,0.3372405279501929,5.538069516099744,6.620344767645717,1.9039215795588378
783.3560141597891,0.3372405279501929,5.538069516099744,6.620344757645717,1.9039215895588377
795.90117873957,0.49271666396437513,5.537394063353055,6.614221094833473,1.8979007970723423
795.901179646892,0.49271667396437513,5.537394063353055,6.614221094833473,1.8979007970723423
795.9011787331539,0.49271666396437513,5.537394073353055,6.614221094833473,1.8979007970723423
795.9011787087449,0.49271666396437513,5.537394063353055,6.614221104833473,1.8979007970723423
795.9011787086885,0.49271666396437513,5.537394063353055,6.614221094833473,1.8979008070723422
768.8725064683833,0.5106160794112432,5.537316300876848,6.613516099278896,1.8972076457643423
768.6856619407364,0.5106160894112433,5.537316300876848,6.613516099278896,1.8972076457643423
768.8725064620024,0.5106160794112432,5.5373163108768475,6.613516099278896,1.8972076457643423
768.8725063971704,0.5106160794112432,5.537316300876848,6.613516109278896,1.8972076457643423
768.8725063968834,0.5106160794112432,5.537316300876848,6.613516099278896,1.8972076557643422
762.944200058394,0.5108743369748185,5.537315178898998,6.613505927414077,1.897197644791488
762.9442016969115,0.5108743469748186,5.537315178898998,6.613505927414077,1.897197644791488
762.944200052124,0.5108743369748185,5.537315188898998,6.613505927414077,1.897197644791488
762.9441999782923,0.5108743369748185,5.537315178898998,6.613505937414077,1.897197644791488
762.9441999782525,0.5108743369748185,5.537315178898998,6.613505927414077,1.897197654791488
798.2303545225247,0.4507563681795905,5.537499723816561,6.616240136012213,1.8999329649203311
798.2303553480699,0.4507563781795905,5.537499723816561,6.616240136012213,1.8999329649203311
798.2303545155448,0.4507563681795905,5.537499733816561,6.616240136012213,1.8999329649203311
798.230354496421,0.4507563681795905,5.537499723816561,6.616240146012213,1.8999329649203311
798.2303544965482,0.4507563681795905,5.537499723816561,6.616240136012213,1.899932974920331
786.6863327959736,0.5085059197703604,5.5373224492603645,6.613613644737436,1.8973054059048902
786.6863339602662,0.5085059297703605,5.5373224492603645,6.613613644737436,1.8973054059048902
786.6863327893832,0.5085059197703604,5.5373224592603645,6.613613644737436,1.8973054059048902
786.6863327517647,0.5085059197703604,5.5373224492603645,6.613613654737436,1.8973054059048902
786.6863327516131,0.5085059197703604,5.5373224492603645,6.613613644737436,1.89730541590489
760.8465707289527,0.5108679335723052,5.537315198555607,6.613506218645444,1.897197936141248
760.8465726182786,0.5108679435723052,5.537315198555607,6.613506218645444,1.897197936141248
760.8465707226416,0.5108679335723052,5.537315208555607,6.613506218645444,1.897197936141248
760.8465706458225,0.5108679335723052,5.537315198555607,6.613506228645444,1.897197936141248
760.8465706456393,0.5108679335723052,5.537315198555607,6.613506218645444,1.897197946141248
768.0160844559203,0.5108611898999391,5.5373152192567465,6.613506525352529,1.8971982429730179
768.016086291782,0.5108611998999392,5.5373152192567465,6.613506525352529,1.8971982429730179
768.0160844495457,0.5108611898999391,5.5373152292567465,6.613506525352529,1.8971982429730179
768.016084383428,0.5108611898999391,5.5373152192567465,6.613506535352529,1.8971982429730179
768.0160843832235,0.5108611898999391,5.5373152192567465,6.613506525352529,1.8971982529730178
760.8465706798546,0.510867933371795,5.537315198556223,6.613506218654563,1.8971979361503712
760.8465725834357,0.5108679433717951,5.537315198556223,6.613506218654563,1.8971979361503712
760.8465706735433,0.510867933371795,5.5373152085562225,6.613506218654563,1.8971979361503712
760.8465705967245,0.510867933371795,5.537315198556223,6.613506228654563,1.8971979361503712
760.846570596541,0.510867933371795,5.537315198556223,6.613506218654563,1.8971979461503712
760.8465706524763,0.5108679331697902,5.5373151985568425,6.61350621866375,1.8971979361595623
760.8465725306683,0.5108679431697902,5.5373151985568425,6.61350621866375,1.8971979361595623
760.8465706461651,0.5108679331697902,5.5373152085568424,6.61350621866375,1.8971979361595623
760.8465705693461,0.5108679331697902,5.5373151985568425,6.61350622866375,1.8971979361595623
760.8465705691627,0.5108679331697902,5.5373151985568425,6.61350621866375,1.8971979461595623
760.8459282640629,0.5108645615348647,5.5373152089067945,6.613506372008139,1.89719808956629
760.8459301415711,0.5108645715348648,5.5373152089067945,6.613506372008139,1.89719808956629
760.8459282577517,0.5108645615348647,5.5373152189067945,6.613506372008139,1.89719808956629
760.8459281809319,0.5108645615348647,5.5373152089067945,6.613506382008139,1.89719808956629
760.8459281807486,0.5108645615348647,5.5373152089067945,6.613506372008139,1.89719809956629
762.9419929921175,0.5108623362558139,5.537315215737763,6.613506473215437,1.8971981908147304
762.9419942926006,0.510862346255814,5.537315215737763,6.613506473215437,1.8971981908147304
762.9419929858473,0.5108623362558139,5.537315225737763,6.613506473215437,1.8971981908147304
762.9419929120129,0.5108623362558139,5.537315215737763,6.613506483215437,1.8971981908147304
762.9419929119732,0.5108623362558139,5.537315215737763,6.613506473215437,1.8971982008147303
768.0076971636652,0.5108159068159376,5.537324244963888,6.613558197314799,1.8972502856672946
768.0076988558073,0.5108159168159376,5.537324244963888,6.613558197314799,1.8972502856672946
768.0076971572897,0.5108159068159376,5.537324254963888,6.613558197314799,1.8972502856672946
768.0076970911618,0.5108159068159376,5.537324244963888,6.613558207314799,1.8972502856672946
768.0076970909623,0.5108159068159376,5.537324244963888,6.613558197314799,1.8972502956672945
762.9419903595685,0.5108623257659249,5.537315217777753,6.613506484901558,1.8971982025846166
762.9419923131424,0.510862335765925,5.537315217777753,6.613506484901558,1.8971982025846166
762.9419903532985,0.5108623257659249,5.537315227777753,6.613506484901558,1.8971982025846166
762.9419902794639,0.5108623257659249,5.537315217777753,6.613506494901558,1.8971982025846166
762.9419902794243,0.5108623257659249,5.537315217777753,6.613506484901558,1.8971982125846165
762.9419884057346,0.5108623106611376,5.537315220715211,6.613506501728845,1.8971982195325199
762.9419891328831,0.5108623206611377,5.537315220715211,6.613506501728845,1.8971982195325199
762.9419883994645,0.5108623106611376,5.537315230715211,6.613506501728845,1.8971982195325199
762.9419883256301,0.5108623106611376,5.537315220715211,6.613506511728845,1.8971982195325199
762.9419883255903,0.5108623106611376,5.537315220715211,6.613506501728845,1.8971982295325198
762.9411145702159,0.5108622701618345,5.537325074284315,6.6135599056793035,1.8972520415292438
762.9411164126216,0.5108622801618345,5.537325074284315,6.6135599056793035,1.8972520415292438
762.9411145639459,0.5108622701618345,5.537325084284315,6.6135599056793035,1.8972520415292438
762.9411144901105,0.5108622701618345,5.537325074284315,6.6135599156793035,1.8972520415292438
762.9411144900768,0.5108622701618345,5.537325074284315,6.6135599056793035,1.8972520515292437
762.9376239054022,0.510862108164622,5.53736448856073,6.613773521481137,1.8974673295161393
762.9376257673582,0.510862118164622,5.53736448856073,6.613773521481137,1.8974673295161393
762.9376238991323,0.510862108164622,5.53736449856073,6.613773521481137,1.8974673295161393
762.9376238252946,0.510862108164622,5.53736448856073,6.613773531481137,1.8974673295161393
762.9376238252836,0.510862108164622,5.53736448856073,6.613773521481137,1.8974673395161392
762.9236650813286,0.5108614601757718,5.53752214566639,6.614627984688469,1.8983284814637214
762.9236669063764,0.5108614701757719,5.53752214566639,6.614627984688469,1.8983284814637214
762.9236650750586,0.5108614601757718,5.53752215566639,6.614627984688469,1.8983284814637214
762.9236650012108,0.5108614601757718,5.53752214566639,6.614627994688469,1.8983284814637214
762.9236650012921,0.5108614601757718,5.53752214566639,6.614627984688469,1.8983284914637213
767.9490747542042,0.5108588682203713,5.538152774089031,6.618045837517799,1.9017730892540496
767.949076309047,0.5108588782203713,5.538152774089031,6.618045837517799,1.9017730892540496
767.9490747478294,0.5108588682203713,5.538152784089031,6.618045837517799,1.9017730892540496
767.949074681663,0.5108588682203713,5.538152774089031,6.618045847517799,1.9017730892540496
767.9490746819024,0.5108588682203713,5.538152774089031,6.618045837517799,1.9017730992540496
762.9235626360983,0.5108614554196382,5.537523302844118,6.614634256310599,1.898334802180126
762.9235644639629,0.5108614654196383,5.537523302844118,6.614634256310599,1.898334802180126
762.923562629828,0.5108614554196382,5.537523312844118,6.614634256310599,1.898334802180126
762.9235625559803,0.5108614554196382,5.537523302844118,6.614634266310599,1.898334802180126
762.9235625560623,0.5108614554196382,5.537523302844118,6.614634256310599,1.898334812180126
762.9234605986949,0.5108614506809126,5.537524455786422,6.614640504977765,1.8983410997618748
762.9234624145682,0.5108614606809126,5.537524455786422,6.614640504977765,1.8983410997618748
762.9234605924248,0.5108614506809126,5.537524465786422,6.614640504977765,1.8983410997618748
762.9234605185767,0.5108614506809126,5.537524455786422,6.614640514977765,1.8983410997618748
762.9234605186593,0.5108614506809126,5.537524455786422,6.614640504977765,1.8983411097618748
767.9742618724754,0.510860159450642,5.537838614937727,6.616343171247782,1.9000570945079622
767.9742635574597,0.510860169450642,5.537838614937727,6.616343171247782,1.9000570945079622
767.9742618661005,0.510860159450642,5.537838624937727,6.616343171247782,1.9000570945079622
767.9742617999525,0.510860159450642,5.537838614937727,6.616343181247782,1.9000570945079622
767.9742618000259,0.510860159450642,5.537838614937727,6.616343171247782,1.9000571045079622
762.9234351741143,0.5108614495013187,5.537524742784186,6.614642060435909,1.8983426673961494
762.9234370238889,0.5108614595013188,5.537524742784186,6.614642060435909,1.8983426673961494
762.9234351678441,0.5108614495013187,5.5375247527841855,6.614642060435909,1.8983426673961494
762.9234350939963,0.5108614495013187,5.537524742784186,6.614642070435909,1.8983426673961494
762.9234350940792,0.5108614495013187,5.537524742784186,6.614642060435909,1.8983426773961494
762.9234098183907,0.5108614483237003,5.537525029301344,6.614643613289295,1.8983442324052755
762.9234116498193,0.5108614583237003,5.537525029301344,6.614643613289295,1.8983442324052755
762.9234098121207,0.5108614483237003,5.537525039301344,6.614643613289295,1.8983442324052755
762.9234097382727,0.5108614483237003,5.537525029301344,6.614643623289295,1.8983442324052755
762.9234097383556,0.5108614483237003,5.537525029301344,6.614643613289295,1.8983442424052754
767.9868408145016,0.5108608038871711,5.537681822119535,6.615493392268538,1.8992006634566188
767.9868425979838,0.5108608138871712,5.537681822119535,6.615493392268538,1.8992006634566188
767.986840808127,0.5108608038871711,5.537681832119535,6.615493392268538,1.8992006634566188
767.9868407419881,0.5108608038871711,5.537681822119535,6.615493402268538,1.8992006634566188
767.9868407419784,0.5108608038871711,5.537681822119535,6.615493392268538,1.8992006734566187
762.9234034823091,0.5108614480299422,5.53752510077333,6.61464400065009,1.8983446227983323
762.9234053339642,0.5108614580299422,5.53752510077333,6.61464400065009,1.8983446227983323
762.9234034760393,0.5108614480299422,5.53752511077333,6.61464400065009,1.8983446227983323
762.9234034021913,0.5108614480299422,5.53752510077333,6.61464401065009,1.8983446227983323
762.9234034022743,0.5108614480299422,5.53752510077333,6.61464400065009,1.8983446327983322
762.923397176475,0.5108614477364253,5.5375251721866325,6.61464438769284,1.898345012870854
762.9233989977804,0.5108614577364253,5.5375251721866325,6.61464438769284,1.898345012870854
762.923397170205,0.5108614477364253,5.5375251821866325,6.61464438769284,1.898345012870854
762.923397096357,0.5108614477364253,5.5375251721866325,6.61464439769284,1.898345012870854
762.9233970964401,0.5108614477364253,5.5375251721866325,6.61464438769284,1.898345022870854
767.9931267868322,0.5108611258117982,5.537603497153084,6.615068889980689,1.8987728381637365
767.993128427327,0.5108611358117983,5.537603497153084,6.615068889980689,1.8987728381637365
767.9931267804576,0.5108611258117982,5.537603507153084,6.615068889980689,1.8987728381637365
767.9931267143232,0.5108611258117982,5.537603497153084,6.615068899980689,1.8987728381637365
767.9931267142723,0.5108611258117982,5.537603497153084,6.615068889980689,1.8987728481637365
762.9233955893231,0.5108614476631337,5.537525190018651,6.614644484338047,1.8983451102726001
762.9233974171502,0.5108614576631337,5.537525190018651,6.614644484338047,1.8983451102726001
762.9233955830531,0.5108614476631337,5.537525200018651,6.614644484338047,1.8983451102726001
762.9233955092051,0.5108614476631337,5.537525190018651,6.614644494338047,1.8983451102726001
762.9233955092883,0.5108614476631337,5.537525190018651,6.614644484338047,1.8983451202726
762.9233939966684,0.5108614475898731,5.537525207843103,6.61464458094225,1.8983452076330214
762.9233958503631,0.5108614575898731,5.537525207843103,6.61464458094225,1.8983452076330214
762.9233939903983,0.5108614475898731,5.537525217843103,6.61464458094225,1.8983452076330214
762.9233939165505,0.5108614475898731,5.537525207843103,6.61464459094225,1.8983452076330214
762.9233939166334,0.5108614475898731,5.537525207843103,6.61464458094225,1.8983452176330213
762.9199291666633,0.5108612867008356,5.5375643524980935,6.61485673546147,1.8985590228983789
762.9199310011315,0.5108612967008357,5.5375643524980935,6.61485673546147,1.8985590228983789
762.9199291603934,0.5108612867008356,5.5375643624980935,6.61485673546147,1.8985590228983789
762.9199290865429,0.5108612867008356,5.5375643524980935,6.61485674546147,1.8985590228983789
762.9199290866488,0.5108612867008356,5.5375643524980935,6.61485673546147,1.8985590328983788
767.9941949790441,0.5108611805140709,5.5375901879703875,6.614996757444154,1.898700140973515
767.994196508784,0.510861190514071,5.5375901879703875,6.614996757444154,1.898700140973515
767.9941949726694,0.5108611805140709,5.537590197970387,6.614996757444154,1.898700140973515
767.994194906536,0.5108611805140709,5.5375901879703875,6.614996767444154,1.898700140973515
767.9941949064776,0.5108611805140709,5.5375901879703875,6.614996757444154,1.8987001509735149
762.9199291666633,0.5108612867008356,5.5375643524980935,6.61485673546147,1.8985590228983789
762.9199310011315,0.5108612967008357,5.5375643524980935,6.61485673546147,1.8985590228983789
762.9199291603934,0.5108612867008356,5.5375643624980935,6.61485673546147,1.8985590228983789
762.9199290865429,0.5108612867008356,5.5375643524980935,6.61485674546147,1.8985590228983789
762.9199290866488,0.5108612867008356,5.5375643524980935,6.61485673546147,1.8985590328983788
767.9954692301199,0.5108611967745245,5.537574208676414,6.614910156525165,1.8986128620994127
767.9954707573671,0.5108612067745245,5.537574208676414,6.614910156525165,1.8986128620994127
767.9954692237453,0.5108611967745245,5.537574218676414,6.614910156525165,1.8986128620994127
767.9954691576125,0.5108611967745245,5.537574208676414,6.614910166525165,1.8986128620994127
767.9954691575459,0.5108611967745245,5.537574208676414,6.614910156525165,1.8986128720994127
762.9199291687532,0.510861286698233,5.5375643527833445,6.614856737007547,1.898559024456557
762.9199309630658,0.5108612966982331,5.5375643527833445,6.614856737007547,1.898559024456557
762.9199291624831,0.510861286698233,5.537564362783344,6.614856737007547,1.898559024456557
762.9199290886327,0.510861286698233,5.5375643527833445,6.614856747007547,1.898559024456557
762.9199290887389,0.510861286698233,5.5375643527833445,6.614856737007547,1.898559034456557
762.9199291717433,0.5108612867003405,5.537564352552367,6.614856735755634,1.8985590231948455
762.9199309922722,0.5108612967003405,5.537564352552367,6.614856735755634,1.8985590231948455
762.9199291654733,0.5108612867003405,5.5375643625523665,6.614856735755634,1.8985590231948455
762.9199290916229,0.5108612867003405,5.537564352552367,6.614856745755634,1.8985590231948455
762.9199290917288,0.5108612867003405,5.537564352552367,6.614856735755634,1.8985590331948454
762.9199291790418,0.5108612867007913,5.537564352502947,6.61485673548778,1.898559022924894
762.9199310043322,0.5108612967007914,5.537564352502947,6.61485673548778,1.898559022924894
762.9199291727717,0.5108612867007913,5.537564362502947,6.61485673548778,1.898559022924894
762.9199290989216,0.5108612867007913,5.537564352502947,6.61485674548778,1.898559022924894
762.9199290990274,0.5108612867007913,5.537564352502947,6.61485673548778,1.898559032924894
762.9199291712791,0.5108612867008354,5.537564352498121,6.614856735461619,1.8985590228985294
762.9199310075454,0.5108612967008355,5.537564352498121,6.614856735461619,1.8985590228985294
762.919929165009,0.5108612867008354,5.537564362498121,6.614856735461619,1.8985590228985294
762.9199290911585,0.5108612867008354,5.537564352498121,6.614856745461619,1.8985590228985294
762.9199290912647,0.5108612867008354,5.537564352498121,6.614856735461619,1.8985590328985293
762.9199291666633,0.5108612867008356,5.5375643524980935,6.61485673546147,1.8985590228983789
762.9199310011315,0.5108612967008357,5.5375643524980935,6.61485673546147,1.8985590228983789
762.9199291603934,0.5108612867008356,5.5375643624980935,6.61485673546147,1.8985590228983789
762.9199290865429,0.5108612867008356,5.5375643524980935,6.61485674546147,1.8985590228983789
762.9199290866488,0.5108612867008356,5.5375643524980935,6.61485673546147,1.8985590328983788
762.9199291666622,0.5108612867008355,5.537564352498108,6.614856735461545,1.8985590228984541
762.9199310011304,0.5108612967008356,5.537564352498108,6.614856735461545,1.8985590228984541
762.9199291603921,0.5108612867008355,5.537564362498108,6.614856735461545,1.8985590228984541
762.9199290865416,0.5108612867008355,5.537564352498108,6.614856745461545,1.8985590228984541
762.9199290866477,0.5108612867008355,5.537564352498108,6.614856735461545,1.898559032898454
762.9199291712797,0.5108612867008354,5.537564352498114,6.614856735461582,1.8985590228984919
762.9199310075461,0.5108612967008355,5.537564352498114,6.614856735461582,1.8985590228984919
762.9199291650098,0.5108612867008354,5.537564362498114,6.614856735461582,1.8985590228984919
762.9199290911592,0.5108612867008354,5.537564352498114,6.614856745461582,1.8985590228984919
762.9199290912652,0.5108612867008354,5.537564352498114,6.614856735461582,1.8985590328984918
762.9199291666622,0.5108612867008355,5.537564352498108,6.614856735461545,1.8985590228984541
762.9199310011304,0.5108612967008356,5.537564352498108,6.614856735461545,1.8985590228984541
762.9199291603921,0.5108612867008355,5.537564362498108,6.614856735461545,1.8985590228984541
762.9199290865416,0.5108612867008355,5.537564352498108,6.614856745461545,1.8985590228984541
762.9199290866477,0.5108612867008355,5.537564352498108,6.614856735461545,1.898559032898454
762.9199291666619,0.5108612867008355,5.53756435249811,6.614856735461563,1.898559022898473
762.9199310011301,0.5108612967008356,5.53756435249811,6.614856735461563,1.898559022898473
762.9199291603917,0.5108612867008355,5.53756436249811,6.614856735461563,1.898559022898473
762.9199290865415,0.5108612867008355,5.53756435249811,6.614856745461563,1.898559022898473
762.9199290866475,0.5108612867008355,5.53756435249811,6.614856735461563,1.898559032898473
762.9199291712797,0.5108612867008354,5.537564352498113,6.614856735461576,1.8985590228984854
762.9199310075462,0.5108612967008355,5.537564352498113,6.614856735461576,1.8985590228984854
762.9199291650098,0.5108612867008354,5.537564362498113,6.614856735461576,1.8985590228984854
762.9199290911592,0.5108612867008354,5.537564352498113,6.614856745461576,1.8985590228984854
762.9199290912653,0.5108612867008354,5.537564352498113,6.614856735461576,1.8985590328984854
762.9199291666619,0.5108612867008355,5.53756435249811,6.614856735461563,1.898559022898473
762.9199310011301,0.5108612967008356,5.53756435249811,6.614856735461563,1.898559022898473
762.9199291603917,0.5108612867008355,5.53756436249811,6.614856735461563,1.898559022898473
762.9199290865415,0.5108612867008355,5.53756435249811,6.614856745461563,1.898559022898473
762.9199290866475,0.5108612867008355,5.53756435249811,6.614856735461563,1.898559032898473
762.9199291712798,0.5108612867008354,5.537564352498112,6.6148567354615695,1.8985590228984792
762.9199310075462,0.5108612967008355,5.537564352498112,6.6148567354615695,1.8985590228984792
762.91992916501,0.5108612867008354,5.537564362498112,6.6148567354615695,1.8985590228984792
762.9199290911595,0.5108612867008354,5.537564352498112,6.614856745461569,1.8985590228984792
762.9199290912653,0.5108612867008354,5.537564352498112,6.6148567354615695,1.8985590328984792
762.9199291666619,0.5108612867008355,5.53756435249811,6.614856735461563,1.898559022898473
762.9199310011301,0.5108612967008356,5.53756435249811,6.614856735461563,1.898559022898473
762.9199291603917,0.5108612867008355,5.53756436249811,6.614856735461563,1.898559022898473
762.9199290865415,0.5108612867008355,5.53756435249811,6.614856745461563,1.898559022898473
762.9199290866475,0.5108612867008355,5.53756435249811,6.614856735461563,1.898559032898473
803.6600164426786,0.7675781091714916,3.854120106974142,5.237632289701919,1.1876810145358865
803.6600167404623,0.7675781191714917,3.854120106974142,5.237632289701919,1.1876810145358865
803.6600164403721,0.7675781091714916,3.854120116974142,5.237632289701919,1.1876810145358865
803.6600164116579,0.7675781091714916,3.854120106974142,5.237632299701919,1.1876810145358865
803.6600163572991,0.7675781091714916,3.854120106974142,5.237632289701919,1.1876810245358864
738.6878108122716,0.1888810911994525,3.86152834581684,5.337268501199228,1.4619136555206664
738.687802366826,0.18888108119945252,3.86152834581684,5.337268501199228,1.4619136555206664
738.6878107778757,0.1888810911994525,3.86152835581684,5.337268501199228,1.4619136555206664
738.6878106994152,0.1888810911994525,3.86152834581684,5.337268511199228,1.4619136555206664
738.6878106105685,0.1888810911994525,3.86152834581684,5.337268501199228,1.4619136655206664
805.3155062649746,0.7317964811082391,3.8543972529797115,5.241359731353424,1.1979401979476987
805.3155065315975,0.7317964911082392,3.8543972529797115,5.241359731353424,1.1979401979476987
805.315506262488,0.7317964811082391,3.8543972629797114,5.241359731353424,1.1979401979476987
805.3155062374332,0.7317964811082391,3.8543972529797115,5.241359741353424,1.1979401979476987
805.3155061918033,0.7317964811082391,3.8543972529797115,5.241359731353424,1.1979402079476986
361.1386341100358,0.07696971117900175,3.8594692028447417,5.309574307069216,1.3856898420889052
361.1387394357846,0.07696972117900175,3.8594692028447417,5.309574307069216,1.3856898420889052
361.13863397219575,0.07696971117900175,3.8594692128447416,5.309574307069216,1.3856898420889052
361.13863355616087,0.07696971117900175,3.8594692028447417,5.309574317069216,1.3856898420889052
361.1386329776776,0.07696971117900175,3.8594692028447417,5.309574307069216,1.3856898520889052
719.3437954307424,0.1693635203072782,3.861377172795824,5.335235317953594,1.4563176457700227
719.3437836535498,0.1693635103072782,3.861377172795824,5.335235317953594,1.4563176457700227
719.34379538924,0.1693635203072782,3.861377182795824,5.335235317953594,1.4563176457700227
719.3437952907216,0.1693635203072782,3.861377172795824,5.335235327953594,1.4563176457700227
719.343795178153,0.1693635203072782,3.861377172795824,5.335235317953594,1.4563176557700226
868078.4707194752,0.009406941823155823,3.859992509152076,5.316612451899934,1.4050612033194874
868074.4869934605,0.009406951823155823,3.859992509152076,5.316612451899934,1.4050612033194874
868078.471202324,0.009406941823155823,3.859992519152076,5.316612451899934,1.4050612033194874
868078.4736367754,0.009406941823155823,3.859992509152076,5.3166124618999335,1.4050612033194874
868078.4763841536,0.009406941823155823,3.859992509152076,5.316612451899934,1.4050612133194873
361.1386341100358,0.07696971117900175,3.8594692028447417,5.309574307069216,1.3856898420889052
361.1387394357846,0.07696972117900175,3.8594692028447417,5.309574307069216,1.3856898420889052
361.13863397219575,0.07696971117900175,3.8594692128447416,5.309574307069216,1.3856898420889052
361.13863355616087,0.07696971117900175,3.8594692028447417,5.309574317069216,1.3856898420889052
361.1386329776776,0.07696971117900175,3.8594692028447417,5.309574307069216,1.3856898520889052
820.9989355433822,10532.497914940119,17.643475400909065,60.697068701553135,114.62150982928316
820.9623186567709,10532.497914930118,17.643475400909065,60.697068701553135,114.62150982928316
820.9989355433818,10532.497914940119,17.643475410909065,60.697068701553135,114.62150982928316
820.9989355433586,10532.497914940119,17.643475400909065,60.697068711553136,114.62150982928316
820.9989355433822,10532.497914940119,17.643475400909065,60.697068701553135,114.62150983928315
821.0824370117801,6141.387027562485,11.896817973748991,37.6055993957322,67.41263190224392
821.0823434703688,6141.387027552485,11.896817973748991,37.6055993957322,67.41263190224392
821.0824370117792,6141.387027562485,11.896817983748992,37.6055993957322,67.41263190224392
821.0824370117623,6141.387027562485,11.896817973748991,37.6055994057322,67.41263190224392
821.0824370117801,6141.387027562485,11.896817973748991,37.6055993957322,67.41263191224391
821.0922091074373,2979.775229169622,7.759208974792103,20.979678604396995,33.422111218273834
821.151316954552,2979.775229159622,7.759208974792103,20.979678604396995,33.422111218273834
821.0922091074185,2979.775229169622,7.759208984792103,20.979678604396995,33.422111218273834
821.092209106993,2979.775229169622,7.759208974792103,20.979678614396995,33.422111218273834
821.092209107437,2979.775229169622,7.759208974792103,20.979678604396995,33.422111228273835
819.8809899079204,2.5724197228563908,3.8629364651979436,5.323506611755725,1.4141734549104568
819.8834479440977,2.572419712856391,3.8629364651979436,5.323506611755725,1.4141734549104568
819.8809899078825,2.5724197228563908,3.8629364751979436,5.323506611755725,1.4141734549104568
819.880989905662,2.5724197228563908,3.8629364651979436,5.323506621755725,1.4141734549104568
819.8809899040884,2.5724197228563908,3.8629364651979436,5.323506611755725,1.4141734649104567
11864.86337708822,0.023211591159254794,3.85953955622629,5.309857004092865,1.3862677961854175
11864.835121134327,0.023211601159254795,3.85953955622629,5.309857004092865,1.3862677961854175
11864.863386209772,0.023211591159254794,3.85953956622629,5.309857004092865,1.3862677961854175
11864.86342487026,0.023211591159254794,3.85953955622629,5.309857014092865,1.3862677961854175
11864.863473792293,0.023211591159254794,3.85953955622629,5.309857004092865,1.3862678061854175
141.69962017839026,0.06003996308169547,3.8594913588469786,5.309663335282934,1.3858718539833346
141.69976802551406,0.06003997308169547,3.8594913588469786,5.309663335282934,1.3858718539833346
141.69962003514587,0.06003996308169547,3.8594913688469785,5.309663335282934,1.3858718539833346
141.69961956785573,0.06003996308169547,3.8594913588469786,5.309663345282934,1.3858718539833346
141.69961893228475,0.06003996308169547,3.8594913588469786,5.309663335282934,1.3858718639833345
221.12589837018342,0.03910229970360192,3.8595187600176266,5.30977343986094,1.386096955015817
221.1251630147608,0.03910230970360192,3.8595187600176266,5.30977343986094,1.386096955015817
221.12589880053335,0.03910229970360192,3.8595187700176266,5.30977343986094,1.386096955015817
221.12590039249636,0.03910229970360192,3.8595187600176266,5.30977344986094,1.386096955015817
221.12590248372254,0.03910229970360192,3.8595187600176266,5.30977343986094,1.386096965015817
9.950654463055576,0.04971523878365873,3.8595048708386117,5.309717629756551,1.3859828551995457
9.950726443280763,0.04971524878365873,3.8595048708386117,5.309717629756551,1.3859828551995457
9.950654407292282,0.04971523878365873,3.8595048808386117,5.309717629756551,1.3859828551995457
9.950654214781569,0.04971523878365873,3.8595048708386117,5.309717639756551,1.3859828551995457
9.95065395701771,0.04971523878365873,3.8595048708386117,5.309717629756551,1.3859828651995456
975535.4250811304,0.009123712051711176,3.8594826711754884,5.309690892467364,1.3859242160645706
975540.0256318722,0.009123702051711176,3.8594826711754884,5.309690892467364,1.3859242160645706
975535.4256253412,0.009123712051711176,3.8594826811754883,5.309690892467364,1.3859242160645706
975535.4283556336,0.009123712051711176,3.8594826711754884,5.309690902467364,1.3859242160645706
975535.431662092,0.009123712051711176,3.8594826711754884,5.309690892467364,1.3859242260645706
9.947664794912406,0.04971482340786951,3.859504870681892,5.309717629567798,1.3859828547855806
9.947736766222368,0.04971483340786951,3.859504870681892,5.309717629567798,1.3859828547855806
9.947664739156533,0.04971482340786951,3.859504880681892,5.309717629567798,1.3859828547855806
9.94766454667109,0.04971482340786951,3.859504870681892,5.309717639567798,1.3859828547855806
9.947664288941205,0.04971482340786951,3.859504870681892,5.309717629567798,1.3859828647855805
1.3432214426157647,0.046361553065423666,3.8595036055085523,5.309716105792177,1.3859795129028747
1.3431886990684512,0.04636156306542367,3.8595036055085523,5.309716105792177,1.3859795129028747
1.3432214659782056,0.046361553065423666,3.8595036155085523,5.309716105792177,1.3859795129028747
1.3432215483014898,0.046361553065423666,3.8595036055085523,5.309716115792177,1.3859795129028747
1.343221657882123,0.046361553065423666,3.8595036055085523,5.309716105792177,1.3859795229028746
0.12710792669487087,0.04741013932429675,3.8595040454343112,5.309716742569868,1.385980887821415
0.12711602256081028,0.047410149324296755,3.8595040454343112,5.309716742569868,1.385980887821415
0.12710792075835553,0.04741013932429675,3.859504055434311,5.309716742569868,1.385980887821415
0.12710789997997546,0.04741013932429675,3.8595040454343112,5.309716752569868,1.385980887821415
0.1271078722347267,0.04741013932429675,3.8595040454343112,5.309716742569868,1.385980897821415
0.03536394031927693,0.047202271414504136,3.8595039615398985,5.309716628422123,1.3859806408216526
0.03536461932433402,0.04720228141450414,3.8595039615398985,5.309716628422123,1.3859806408216526
0.03536393981902235,0.047202271414504136,3.8595039715398984,5.309716628422123,1.3859806408216526
0.03536393806923577,0.047202271414504136,3.8595039615398985,5.309716638422123,1.3859806408216526
0.03536393570518087,0.047202271414504136,3.8595039615398985,5.309716628422123,1.3859806508216526
0.03473294814339706,0.04718324135966686,3.859503953932359,5.309716618263858,1.3859806196371354
0.03473293221210395,0.04718325135966686,3.859503953932359,5.309716618263858,1.3859806196371354
0.03473294814963905,0.04718324135966686,3.859503963932359,5.309716618263858,1.3859806196371354
0.034732948175230864,0.04718324135966686,3.859503953932359,5.309716628263858,1.3859806196371354
0.03473294817836762,0.04718324135966686,3.859503953932359,5.309716618263858,1.3859806296371353
0.034732593303103604,0.04718367763799245,3.859503954255021,5.309716619061633,1.3859806220921602
0.03473259333353102,0.04718368763799245,3.859503954255021,5.309716619061633,1.3859806220921602
0.03473259329771669,0.04718367763799245,3.859503964255021,5.309716619061633,1.3859806220921602
0.034732593282545306,0.04718367763799245,3.859503954255021,5.309716629061633,1.3859806220921602
0.03473259323133242,0.04718367763799245,3.859503954255021,5.309716619061633,1.3859806320921602
0.03473259330129661,0.047183676833559916,3.8595039544022716,5.3097166196234475,1.3859806240521184
0.034732593301740965,0.04718368683355992,3.8595039544022716,5.3097166196234475,1.3859806240521184
0.034732593295932625,0.047183676833559916,3.8595039644022715,5.3097166196234475,1.3859806240521184
0.034732593280837866,0.047183676833559916,3.8595039544022716,5.3097166296234475,1.3859806240521184
0.034732593229725654,0.047183676833559916,3.8595039544022716,5.3097166196234475,1.3859806340521184
392.9534554635671,0.0777908971783404,3.556905700935245,4.323950955642846,1.9533360238188973
392.95355484108956,0.07779090717834039,3.556905700935245,4.323950955642846,1.9533360238188973
392.9534553233792,0.0777908971783404,3.556905710935245,4.323950955642846,1.9533360238188973
392.95345481834056,0.0777908971783404,3.556905700935245,4.323950965642846,1.9533360238188973
392.95345504597634,0.0777908971783404,3.556905700935245,4.323950955642846,1.9533360338188972
804.3346033540536,0.9221782031496735,3.5583163170423995,4.330443435746302,1.957537958312311
806.3363018064276,0.9221781931496734,3.5583163170423995,4.330443435746302,1.957537958312311
804.3346033534691,0.9221782031496735,3.5583163270423994,4.330443435746302,1.957537958312311
804.3346033160531,0.9221782031496735,3.5583163170423995,4.330443445746302,1.957537958312311
804.3346033337186,0.9221782031496735,3.5583163170423995,4.330443435746302,1.9575379683123109
392.7066721589718,0.07776607480471727,3.556905735951167,4.323951116806592,1.9533361281241082
392.7067716085437,0.07776608480471726,3.556905735951167,4.323951116806592,1.9533361281241082
392.70667201873715,0.07776607480471727,3.556905745951167,4.323951116806592,1.9533361281241082
392.7066715134804,0.07776607480471727,3.556905735951167,4.323951126806592,1.9533361281241082
392.706671741209,0.07776607480471727,3.556905735951167,4.323951116806592,1.9533361381241081
392.4595370034943,0.07774123505300651,3.5569057709916034,4.32395127808317,1.953336232502343
392.4596365252013,0.0777412450530065,3.5569057709916034,4.32395127808317,1.953336232502343
392.4595368632129,0.07774123505300651,3.5569057809916034,4.32395127808317,1.953336232502343
392.459536357738,0.07774123505300651,3.5569057709916034,4.32395128808317,1.953336232502343
392.45953658555953,0.07774123505300651,3.5569057709916034,4.32395127808317,1.9533362425023428
802.8603763953839,0.4222184840483335,3.5576110440170017,4.327197356914736,1.955437095407327
802.8603758153994,0.4222184740483335,3.5576110440170017,4.327197356914736,1.955437095407327
802.860376387657,0.4222184840483335,3.5576110540170016,4.327197356914736,1.955437095407327
802.8603763646619,0.4222184840483335,3.5576110440170017,4.327197366914736,1.955437095407327
802.8603763768135,0.4222184840483335,3.5576110440170017,4.327197356914736,1.955437105407327
249.96120466748079,0.06569652894010705,3.557108112864164,4.324882573688708,1.9539389672148286
249.96106735080792,0.06569651894010706,3.557108112864164,4.324882573688708,1.9539389672148286
249.9612045097592,0.06569652894010705,3.557108122864164,4.324882573688708,1.9539389672148286
249.96120391165326,0.06569652894010705,3.557108112864164,4.324882583688708,1.9539389672148286
249.96120417830508,0.06569652894010705,3.557108112864164,4.324882573688708,1.9539389772148286
44207.71802916441,0.01746335520326782,3.5569908025672725,4.324342643111824,1.9535895240314987
44207.593715113086,0.01746336520326782,3.5569908025672725,4.324342643111824,1.9535895240314987
44207.71806040363,0.01746335520326782,3.5569908125672725,4.324342643111824,1.9535895240314987
44207.718226838915,0.01746335520326782,3.5569908025672725,4.324342653111824,1.9535895240314987
44207.71815670107,0.01746335520326782,3.5569908025672725,4.324342643111824,1.9535895340314986
249.40239837273748,0.0656558495616607,3.557108055479404,4.324882309570492,1.9539387962774633
249.4022609359924,0.06565583956166071,3.557108055479404,4.324882309570492,1.9539387962774633
249.40239821499296,0.0656558495616607,3.557108065479404,4.324882309570492,1.9539387962774633
249.4023976166896,0.0656558495616607,3.557108055479404,4.3248823195704915,1.9539387962774633
249.40239788341813,0.0656558495616607,3.557108055479404,4.324882309570492,1.9539388062774632
248.84291207662278,0.06561515688142336,3.5571079980758804,4.324882045365911,1.953938625284203
248.84277451770458,0.06561514688142336,3.5571079980758804,4.324882045365911,1.953938625284203
248.84291191885575,0.06561515688142336,3.5571080080758803,4.324882045365911,1.953938625284203
248.84291132035636,0.06561515688142336,3.5571079980758804,4.324882055365911,1.953938625284203
248.84291158716093,0.06561515688142336,3.5571079980758804,4.324882045365911,1.953938635284203
8126.751439503327,0.024075900839077763,3.5570494003215765,4.324612344238867,1.9537640746578508
8126.770922466496,0.02407589083907776,3.5570494003215765,4.324612344238867,1.9537640746578508
8126.751446491284,0.024075900839077763,3.5570494103215764,4.324612344238867,1.9537640746578508
8126.751481212212,0.024075900839077763,3.5570494003215765,4.324612354238867,1.9537640746578508
8126.75146645779,0.024075900839077763,3.5570494003215765,4.324612344238867,1.9537640846578508
59.971652022946905,0.05277268390349918,3.5570898817168524,4.324798663289144,1.9538846603865185
59.97151538210903,0.05277267390349918,3.5570898817168524,4.324798663289144,1.9538846603865185
59.97165190204514,0.05277268390349918,3.5570898917168523,4.324798663289144,1.9538846603865185
59.971651413240934,0.05277268390349918,3.5570898817168524,4.324798673289144,1.9538846603865185
59.97165162814584,0.05277268390349918,3.5570898817168524,4.324798663289144,1.9538846703865185
162.54402387958345,0.0388213597182232,3.5570702011461175,4.3247080817955155,1.9538260360247222
162.54462754400475,0.0388213497182232,3.5570702011461175,4.3247080817955155,1.9538260360247222
162.54402425278428,0.0388213597182232,3.5570702111461174,4.3247080817955155,1.9538260360247222
162.54402589619013,0.0388213597182232,3.5570702011461175,4.324708091795515,1.9538260360247222
162.54402518523145,0.0388213597182232,3.5570702011461175,4.3247080817955155,1.953826046024722
2.3845157771948644,0.04695691864979741,3.5570816776512073,4.324760903382179,1.9538602221667605
2.3844763610843906,0.04695690864979741,3.5570816776512073,4.324760903382179,1.9538602221667605
2.3845157467842775,0.04695691864979741,3.5570816876512072,4.324760903382179,1.9538602221667605
2.3845156196985284,0.04695691864979741,3.5570816776512073,4.324760913382179,1.9538602221667605
2.3845156751950536,0.04695691864979741,3.5570816776512073,4.324760903382179,1.9538602321667604
304617.4810543552,0.011530849367715347,3.55708705976851,4.32479695632837,1.9538835995002797
304618.6570490742,0.011530839367715347,3.55708705976851,4.32479695632837,1.9538835995002797
304617.48124376946,0.011530849367715347,3.5570870697685097,4.32479695632837,1.9538835995002797
304617.48232814274,0.011530849367715347,3.55708705976851,4.32479696632837,1.9538835995002797
304617.4818740969,0.011530849367715347,3.55708705976851,4.32479695632837,1.9538836095002796
393.1345385553235,0.03615560774640371,3.557083318643942,4.3247718958261245,1.9538673498513315
393.13571726440074,0.03615559774640371,3.557083318643942,4.3247718958261245,1.9538673498513315
393.1345392266071,0.03615560774640371,3.557083328643942,4.3247718958261245,1.9538673498513315
393.1345422393973,0.03615560774640371,3.557083318643942,4.3247719058261245,1.9538673498513315
393.1345409400258,0.03615560774640371,3.557083318643942,4.3247718958261245,1.9538673598513314
0.07584028219609251,0.045666275814097615,3.5570818737325474,4.324762216863399,1.9538610738499598
0.07584598494434291,0.04566626581409761,3.5570818737325474,4.324762216863399,1.9538610738499598
0.07584028644666228,0.045666275814097615,3.5570818837325473,4.324762216863399,1.9538610738499598
0.07584030435150535,0.045666275814097615,3.5570818737325474,4.324762226863399,1.9538610738499598
0.07584029653186374,0.045666275814097615,3.5570818737325474,4.324762216863399,1.9538610838499597
0.03537204047193977,0.04582940525747057,3.557081852687358,4.324762066663183,1.9538609767651667
0.03537133621561762,0.04582939525747057,3.557081852687358,4.324762066663183,1.9538609767651667
0.035372039936714054,0.04582940525747057,3.557081862687358,4.324762066663183,1.9538609767651667
0.03537203768713296,0.04582940525747057,3.557081852687358,4.324762076663183,1.9538609767651667
0.03537203865746312,0.04582940525747057,3.557081852687358,4.324762066663183,1.9538609867651666
0.03473029099446114,0.045811474115685,3.5570818552349124,4.3247620842812955,1.953860988438219
0.034730280284981666,0.045811464115685,3.5570818552349124,4.3247620842812955,1.953860988438219
0.03473029097921585,0.045811474115685,3.5570818652349123,4.3247620842812955,1.953860988438219
0.03473029091748976,0.045811474115685,3.5570818552349124,4.324762094281295,1.953860988438219
0.034730290933466426,0.045811474115685,3.5570818552349124,4.3247620842812955,1.953860998438219
0.03473013763876239,0.045811197234428794,3.5570818554614236,4.324762085465262,1.9538609894972898
0.03473013765937026,0.04581118723442879,3.5570818554614236,4.324762085465262,1.9538609894972898
0.03473013763155851,0.045811197234428794,3.5570818654614236,4.324762085465262,1.9538609894972898
0.03473013760366937,0.045811197234428794,3.5570818554614236,4.324762095465262,1.9538609894972898
0.03473013760488684,0.045811197234428794,3.5570818554614236,4.324762085465262,1.9538609994972898
0.03473013764219136,0.045811197764727855,3.5570818556479016,4.324762086373611,1.9538609903726885
0.03473013764247357,0.045811187764727854,3.5570818556479016,4.324762086373611,1.9538609903726885
0.03473013763497284,0.045811197764727855,3.5570818656479015,4.324762086373611,1.9538609903726885
0.034730137607019526,0.045811197764727855,3.5570818556479016,4.324762096373611,1.9538609903726885
0.03473013760826526,0.045811197764727855,3.5570818556479016,4.324762086373611,1.9538610003726884
0.03473013763916794,0.045811197306437706,3.557081855486745,4.324762085588606,1.9538609896161596
0.034730137657012036,0.045811187306437705,3.557081855486745,4.324762085588606,1.9538609896161596
0.03473013763196222,0.045811197306437706,3.557081865486745,4.324762085588606,1.9538609896161596
0.03473013760406356,0.045811197306437706,3.557081855486745,4.324762095588606,1.9538609896161596
0.034730137605285774,0.045811197306437706,3.557081855486745,4.324762085588606,1.9538609996161596
0.03473013763881795,0.04581119724438654,3.5570818554649253,4.324762085482319,1.9538609895137278
0.03473013765904165,0.045811187244386535,3.5570818554649253,4.324762085482319,1.9538609895137278
0.03473013763161355,0.04581119724438654,3.557081865464925,4.324762085482319,1.9538609895137278
0.03473013760372338,0.04581119724438654,3.5570818554649253,4.324762095482319,1.9538609895137278
0.03473013760494065,0.04581119724438654,3.5570818554649253,4.324762085482319,1.9538609995137277
0.03473013763876931,0.04581119723580414,3.5570818554619072,4.324762085467618,1.9538609894995602
0.034730137659322514,0.045811187235804136,3.5570818554619072,4.324762085467618,1.9538609894995602
0.0347301376315655,0.04581119723580414,3.557081865461907,4.324762085467618,1.9538609894995602
0.034730137603676575,0.04581119723580414,3.5570818554619072,4.324762095467618,1.9538609894995602
0.0347301376048934,0.04581119723580414,3.5570818554619072,4.324762085467618,1.9538609994995602
0.0347301376387652,0.045811197234625234,3.557081855461493,4.324762085465599,1.953860989497614
0.034730137659361955,0.04581118723462523,3.557081855461493,4.324762085465599,1.953860989497614
0.034730137631562116,0.045811197234625234,3.557081865461493,4.324762085465599,1.953860989497614
0.034730137603672634,0.045811197234625234,3.557081855461493,4.324762095465599,1.953860989497614
0.034730137604890125,0.045811197234625234,3.557081855461493,4.324762085465599,1.953860999497614
0.034730137638763335,0.04581119723444654,3.55708185546143,4.324762085465292,1.9538609894973191
0.03473013765936677,0.04581118723444654,3.55708185546143,4.324762085465292,1.9538609894973191
0.03473013763156001,0.04581119723444654,3.55708186546143,4.324762085465292,1.9538609894973191
0.03473013760367034,0.04581119723444654,3.55708185546143,4.324762095465292,1.9538609894973191
0.034730137604888314,0.04581119723444654,3.55708185546143,4.324762085465292,1.953860999497319
0.034730137638761725,0.04581119723442943,3.557081855461424,4.324762085465263,1.953860989497291
0.0347301376593685,0.04581118723442943,3.557081855461424,4.324762085465263,1.953860989497291
0.034730137631557946,0.04581119723442943,3.557081865461424,4.324762085465263,1.953860989497291
0.03473013760366841,0.04581119723442943,3.557081855461424,4.324762095465263,1.953860989497291
0.03473013760488588,0.04581119723442943,3.557081855461424,4.324762085465263,1.9538609994972909
0.03473013763876308,0.04581119723443799,3.5570818554614267,4.324762085465278,1.953860989497305
0.034730137659368505,0.045811187234437986,3.5570818554614267,4.324762085465278,1.953860989497305
0.03473013763155958,0.04581119723443799,3.5570818654614267,4.324762085465278,1.953860989497305
0.03473013760367031,0.04581119723443799,3.5570818554614267,4.324762095465278,1.953860989497305
0.03473013760488719,0.04581119723443799,3.5570818554614267,4.324762085465278,1.9538609994973049
0.034730137638761795,0.04581119723442955,3.557081855461424,4.324762085465263,1.9538609894972911
0.034730137659368734,0.04581118723442955,3.557081855461424,4.324762085465263,1.9538609894972911
0.03473013763155813,0.04581119723442955,3.557081865461424,4.324762085465263,1.9538609894972911
0.034730137603668276,0.04581119723442955,3.557081855461424,4.324762095465263,1.9538609894972911
0.03473013760488625,0.04581119723442955,3.557081855461424,4.324762085465263,1.953860999497291
0.034730137638761725,0.04581119723442943,3.557081855461424,4.324762085465263,1.953860989497291
0.0347301376593685,0.04581118723442943,3.557081855461424,4.324762085465263,1.953860989497291
0.034730137631557946,0.04581119723442943,3.557081865461424,4.324762085465263,1.953860989497291
0.03473013760366841,0.04581119723442943,3.557081855461424,4.324762095465263,1.953860989497291
0.03473013760488588,0.04581119723442943,3.557081855461424,4.324762085465263,1.9538609994972909
0.034730137638761725,0.04581119723442949,3.557081855461424,4.324762085465263,1.953860989497291
0.0347301376593685,0.045811187234429486,3.557081855461424,4.324762085465263,1.953860989497291
0.034730137631557946,0.04581119723442949,3.557081865461424,4.324762085465263,1.953860989497291
0.03473013760366841,0.04581119723442949,3.557081855461424,4.324762095465263,1.953860989497291
0.03473013760488588,0.04581119723442949,3.557081855461424,4.324762085465263,1.9538609994972909
799.8700093359465,0.9081777012052925,3.230518882179246,3.5489442339291584,2.2182542139443653
799.4326909815265,0.9081777112052926,3.230518882179246,3.5489442339291584,2.2182542139443653
799.8700093344861,0.9081777012052925,3.230518892179246,3.5489442339291584,2.2182542139443653
799.8700092778895,0.9081777012052925,3.230518882179246,3.5489442439291583,2.2182542139443653
799.8700093182291,0.9081777012052925,3.230518882179246,3.5489442339291584,2.2182542239443652
819.411783476987,1.9081777012052827,3.230518885518738,3.5489443666860527,2.2182542544581274
819.4103189483942,1.9081777112052827,3.230518885518738,3.5489443666860527,2.2182542544581274
819.4117834768422,1.9081777012052827,3.230518895518738,3.5489443666860527,2.2182542544581274
819.4117834723747,1.9081777012052827,3.230518885518738,3.5489443766860527,2.2182542544581274
819.4117834756149,1.9081777012052827,3.230518885518738,3.5489443666860527,2.2182542644581273
811.0778309130822,1.2409530580580945,3.230518883290547,3.5489442781073812,2.218254227426347
811.0778309777896,1.2409530680580945,3.230518883290547,3.5489442781073812,2.218254227426347
811.0778309127401,1.2409530580580945,3.230518893290547,3.5489442781073812,2.218254227426347
811.0778308852541,1.2409530580580945,3.230518883290547,3.548944288107381,2.218254227426347
811.0778309045281,1.2409530580580945,3.230518883290547,3.5489442781073812,2.218254237426347
782.9944248537579,1.0191026575061546,3.230518882549679,3.548944248655211,2.2182542184383527
805.8051406058806,1.0191026675061545,3.230518882549679,3.548944248655211,2.2182542184383527
782.9944248532959,1.0191026575061546,3.230518892549679,3.548944248655211,2.2182542184383527
782.9944247480831,1.0191026575061546,3.230518882549679,3.548944258655211,2.2182542184383527
782.9944248220662,1.0191026575061546,3.230518882549679,3.548944248655211,2.2182542284383526
817.6634120170847,0.9726776980101773,3.230518882394643,3.5489442424919777,2.218254216557503
817.5960899613486,0.9726777080101774,3.230518882394643,3.5489442424919777,2.218254216557503
817.663412016806,0.9726776980101773,3.230518892394643,3.5489442424919777,2.218254216557503
817.6634120076648,0.9726776980101773,3.230518882394643,3.5489442524919776,2.218254216557503
817.663412014292,0.9726776980101773,3.230518882394643,3.5489442424919777,2.218254226557503
807.7091657172809,0.9280901854215978,3.2305188822457436,3.548944236572678,2.218254214751095
807.808654305978,0.9280901954215979,3.2305188822457436,3.548944236572678,2.218254214751095
807.7091657170076,0.9280901854215978,3.2305188922457435,3.548944236572678,2.218254214751095
807.7091656799602,0.9280901854215978,3.2305188822457436,3.548944246572678,2.218254214751095
807.7091657061198,0.9280901854215978,3.2305188822457436,3.548944236572678,2.218254224751095
814.7250435695184,0.9156065142109806,3.2305188822040547,3.5489442349153846,2.2182542142453343
814.8760244207346,0.9156065242109807,3.2305188822040547,3.5489442349153846,2.2182542142453343
814.725043569378,0.9156065142109806,3.2305188922040546,3.5489442349153846,2.2182542142453343
814.7250435517243,0.9156065142109806,3.2305188822040547,3.5489442449153845,2.2182542142453343
814.7250435644302,0.9156065142109806,3.2305188822040547,3.5489442349153846,2.2182542242453342
810.7436953455131,0.9111084987867711,3.2305188821890334,3.548944234318242,2.2182542140631027
810.6107510639407,0.9111085087867712,3.2305188821890334,3.548944234318242,2.2182542140631027
810.7436953445326,0.9111084987867711,3.2305188921890333,3.548944234318242,2.2182542140631027
810.7436953174006,0.9111084987867711,3.2305188821890334,3.5489442443182417,2.2182542140631027
810.7436953368424,0.9111084987867711,3.2305188821890334,3.548944234318242,2.2182542240631027
802.7991768679087,0.9090183784654159,3.2305188821820536,3.548944234040764,2.2182542139784243
803.4660721821858,0.9090183884654159,3.2305188821820536,3.548944234040764,2.2182542139784243
802.7991768670024,0.9090183784654159,3.2305188921820536,3.548944234040764,2.2182542139784243
802.7991768174863,0.9090183784654159,3.2305188821820536,3.548944244040764,2.2182542139784243
802.7991768524804,0.9090183784654159,3.2305188821820536,3.548944234040764,2.218254223978424
799.6795070829849,0.9086191869017369,3.2305188821807205,3.548944233987769,2.2182542139622514
799.2476780142888,0.908619196901737,3.2305188821807205,3.548944233987769,2.2182542139622514
799.6795070821818,0.9086191869017369,3.2305188921807204,3.548944233987769,2.2182542139622514
799.6795070237971,0.9086191869017369,3.2305188821807205,3.5489442439877688,2.2182542139622514
799.6795070653325,0.9086191869017369,3.2305188821807205,3.548944233987769,2.2182542239622514
803.7374929015374,0.9082713350615511,3.2305188821795587,3.548944233941589,2.2182542139481587
803.7375062293374,0.9082713450615512,3.2305188821795587,3.548944233941589,2.2182542139481587
803.7374929007225,0.9082713350615511,3.2305188921795587,3.548944233941589,2.2182542139481587
803.7374928536793,0.9082713350615511,3.2305188821795587,3.548944243941589,2.2182542139481587
803.7374928868755,0.9082713350615511,3.2305188821795587,3.548944233941589,2.2182542239481586
802.1873159882629,0.9082088541185689,3.23051888217935,3.548944233933294,2.2182542139456274
800.9985918531223,0.9082088641185689,3.23051888217935,3.548944233933294,2.2182542139456274
802.187315987576,0.9082088541185689,3.23051889217935,3.548944233933294,2.2182542139456274
802.1873159359288,0.9082088541185689,3.23051888217935,3.548944243933294,2.2182542139456274
802.1873159724944,0.9082088541185689,3.23051888217935,3.548944233933294,2.2182542239456273
805.9997078161407,0.9081815655124079,3.230518882179259,3.5489442339296713,2.218254213944522
805.9997079924065,0.908181575512408,3.230518882179259,3.5489442339296713,2.218254213944522
805.9997078154454,0.9081815655124079,3.230518892179259,3.5489442339296713,2.218254213944522
805.9997077744638,0.9081815655124079,3.230518882179259,3.5489442439296712,2.218254213944522
805.9997078037345,0.9081815655124079,3.230518882179259,3.5489442339296713,2.218254223944522
801.7853989621409,0.9081789021844304,3.23051888217925,3.548944233929318,2.218254213944414
801.8004783678954,0.9081789121844305,3.23051888217925,3.548944233929318,2.218254213944414
801.7853989606982,0.9081789021844304,3.23051889217925,3.548944233929318,2.218254213944414
801.7853989093667,0.9081789021844304,3.23051888217925,3.5489442439293177,2.218254213944414
801.7853989461985,0.9081789021844304,3.23051888217925,3.548944233929318,2.218254223944414
805.5010218244727,0.908178080569028,3.2305188821792474,3.5489442339292085,2.218254213944381
805.5797297857029,0.9081780905690281,3.2305188821792474,3.5489442339292085,2.218254213944381
805.501021823937,0.908178080569028,3.2305188921792474,3.5489442339292085,2.218254213944381
805.5010217812328,0.908178080569028,3.2305188821792474,3.5489442439292085,2.218254213944381
805.5010218118836,0.908178080569028,3.2305188821792474,3.5489442339292085,2.2182542239443808
804.8706393325971,0.9081777814962917,3.2305188821792465,3.548944233929169,2.2182542139443684
803.099942768811,0.9081777914962917,3.2305188821792465,3.548944233929169,2.2182542139443684
804.8706393318198,0.9081777814962917,3.2305188921792465,3.548944233929169,2.2182542139443684
804.8706392878659,0.9081777814962917,3.2305188821792465,3.548944243929169,2.2182542139443684
804.8706393190107,0.9081777814962917,3.2305188821792465,3.548944233929169,2.2182542239443683
799.2207144635856,0.9081777053390635,3.230518882179246,3.548944233929159,2.2182542139443653
800.6825281650125,0.9081777153390636,3.230518882179246,3.548944233929159,2.2182542139443653
799.2207144627823,0.9081777053390635,3.230518892179246,3.548944233929159,2.2182542139443653
799.220714403115,0.9081777053390635,3.230518882179246,3.5489442439291587,2.2182542139443653
799.2207144451417,0.9081777053390635,3.230518882179246,3.548944233929159,2.2182542239443652
798.7111642444065,0.9081777021571873,3.230518882179246,3.5489442339291584,2.2182542139443653
798.7131624184674,0.9081777121571873,3.230518882179246,3.5489442339291584,2.2182542139443653
798.7111642427698,0.9081777021571873,3.230518892179246,3.5489442339291584,2.2182542139443653
798.711164183287,0.9081777021571873,3.230518882179246,3.5489442439291583,2.2182542139443653
798.7111642257447,0.9081777021571873,3.230518882179246,3.5489442339291584,2.2182542239443652
798.5128582098262,0.9081777021528578,3.230518882179246,3.5489442339291584,2.2182542139443653
802.0533894306676,0.9081777121528578,3.230518882179246,3.5489442339291584,2.2182542139443653
798.5128582062491,0.9081777021528578,3.230518892179246,3.5489442339291584,2.2182542139443653
798.5128581499497,0.9081777021528578,3.230518882179246,3.5489442439291583,2.2182542139443653
798.5128581914544,0.9081777021528578,3.230518882179246,3.5489442339291584,2.2182542239443652
800.5339325276128,0.9081777021355396,3.230518882179246,3.5489442339291584,2.2182542139443653
798.50969758718,0.9081777121355397,3.230518882179246,3.5489442339291584,2.2182542139443653
800.5339325213282,0.9081777021355396,3.230518892179246,3.5489442339291584,2.2182542139443653
800.5339324757856,0.9081777021355396,3.230518882179246,3.5489442439291583,2.2182542139443653
800.5339325116774,0.9081777021355396,3.230518882179246,3.5489442339291584,2.2182542239443652
799.929191162775,0.908177702152849,3.230518882179246,3.5489442339291584,2.2182542139443653
800.7609677203156,0.908177712152849,3.230518882179246,3.5489442339291584,2.2182542139443653
799.9291911619939,0.908177702152849,3.230518892179246,3.5489442339291584,2.2182542139443653
799.929191104264,0.908177702152849,3.230518882179246,3.5489442439291583,2.2182542139443653
799.9291911449553,0.908177702152849,3.230518882179246,3.5489442339291584,2.2182542239443652
798.5128582098262,0.9081777021528578,3.230518882179246,3.5489442339291584,2.2182542139443653
802.0533894306676,0.9081777121528578,3.230518882179246,3.5489442339291584,2.2182542139443653
798.5128582062491,0.9081777021528578,3.230518892179246,3.5489442339291584,2.2182542139443653
798.5128581499497,0.9081777021528578,3.230518882179246,3.5489442439291583,2.2182542139443653
798.5128581914544,0.9081777021528578,3.230518882179246,3.5489442339291584,2.2182542239443652
797.5415181859871,0.9081776944813658,3.230518882179246,3.5489442339291575,2.218254213944365
798.0946697872582,0.9081777044813658,3.230518882179246,3.5489442339291575,2.218254213944365
797.5415181851685,0.9081776944813658,3.230518892179246,3.5489442339291575,2.218254213944365
797.5415181208717,0.9081776944813658,3.230518882179246,3.5489442439291574,2.218254213944365
797.5415181661949,0.9081776944813658,3.230518882179246,3.5489442339291575,2.218254223944365
798.8090958926803,0.9081776930608908,3.230518882179246,3.5489442339291575,2.218254213944365
799.1350159697782,0.9081777030608909,3.230518882179246,3.5489442339291575,2.218254213944365
798.8090958910454,0.9081776930608908,3.230518892179246,3.5489442339291575,2.218254213944365
798.8090958318237,0.9081776930608908,3.230518882179246,3.5489442439291574,2.218254213944365
798.809095874136,0.9081776930608908,3.230518882179246,3.5489442339291575,2.218254223944365
796.3487740555241,0.908177694467297,3.230518882179246,3.5489442339291575,2.218254213944365
799.1987675702404,0.9081777044672971,3.230518882179246,3.5489442339291575,2.218254213944365
796.3487740546716,0.908177694467297,3.230518892179246,3.5489442339291575,2.218254213944365
796.3487739871355,0.908177694467297,3.230518882179246,3.5489442439291574,2.218254213944365
796.3487740346923,0.908177694467297,3.230518882179246,3.5489442339291575,2.218254223944365
796.4838334842154,0.9081776944321848,3.230518882179246,3.5489442339291575,2.218254213944365
799.550071083015,0.9081777044321848,3.230518882179246,3.5489442339291575,2.218254213944365
796.4838334833701,0.9081776944321848,3.230518892179246,3.5489442339291575,2.218254213944365
796.4838334161957,0.9081776944321848,3.230518882179246,3.5489442439291574,2.218254213944365
796.4838334635057,0.9081776944321848,3.230518882179246,3.5489442339291575,2.218254223944365
798.7592254485845,0.9081776944668892,3.230518882179246,3.5489442339291575,2.218254213944365
803.4819486646517,0.9081777044668893,3.230518882179246,3.5489442339291575,2.218254213944365
798.7592254477717,0.9081776944668892,3.230518892179246,3.5489442339291575,2.218254213944365
798.7592253868529,0.9081776944668892,3.230518882179246,3.5489442439291574,2.218254213944365
798.7592254297762,0.9081776944668892,3.230518882179246,3.5489442339291575,2.218254223944365
796.3487740555241,0.908177694467297,3.230518882179246,3.5489442339291575,2.218254213944365
799.1987675702404,0.9081777044672971,3.230518882179246,3.5489442339291575,2.218254213944365
796.3487740546716,0.908177694467297,3.230518892179246,3.5489442339291575,2.218254213944365
796.3487739871355,0.908177694467297,3.230518882179246,3.5489442439291574,2.218254213944365
796.3487740346923,0.908177694467297,3.230518882179246,3.5489442339291575,2.218254223944365
798.5094532676804,0.908177687148608,3.230518882179246,3.548944233929157,2.2182542139443644
800.5404933346413,0.9081776971486081,3.230518882179246,3.548944233929157,2.2182542139443644
798.5094532638266,0.908177687148608,3.230518892179246,3.548944233929157,2.2182542139443644
798.5094532080146,0.908177687148608,3.230518882179246,3.548944243929157,2.2182542139443644
798.5094532494629,0.908177687148608,3.230518882179246,3.548944233929157,2.2182542239443643
797.3625237715228,0.9081776937746414,3.230518882179246,3.5489442339291575,2.218254213944365
803.0638309151672,0.9081777037746415,3.230518882179246,3.5489442339291575,2.218254213944365
797.3625237706872,0.9081776937746414,3.230518892179246,3.5489442339291575,2.218254213944365
797.3625237059262,0.9081776937746414,3.230518882179246,3.5489442439291574,2.218254213944365
797.3625237514925,0.9081776937746414,3.230518882179246,3.5489442339291575,2.218254223944365
797.4153914431594,0.9081776944489527,3.230518882179246,3.5489442339291575,2.218254213944365
797.8782217049525,0.9081777044489527,3.230518882179246,3.5489442339291575,2.218254213944365
797.4153914422888,0.9081776944489527,3.230518892179246,3.5489442339291575,2.218254213944365
797.4153913777515,0.9081776944489527,3.230518882179246,3.5489442439291574,2.218254213944365
797.4153914231878,0.9081776944489527,3.230518882179246,3.5489442339291575,2.218254223944365
797.3676423435452,0.908177694467282,3.230518882179246,3.5489442339291575,2.218254213944365
800.3132203266157,0.9081777044672821,3.230518882179246,3.5489442339291575,2.218254213944365
797.3676423425796,0.908177694467282,3.230518892179246,3.5489442339291575,2.218254213944365
797.3676422780919,0.908177694467282,3.230518882179246,3.5489442439291574,2.218254213944365
797.3676423235825,0.908177694467282,3.230518882179246,3.5489442339291575,2.218254223944365
796.3487740555241,0.908177694467297,3.230518882179246,3.5489442339291575,2.218254213944365
799.1987675702404,0.9081777044672971,3.230518882179246,3.5489442339291575,2.218254213944365
796.3487740546716,0.908177694467297,3.230518892179246,3.5489442339291575,2.218254213944365
796.3487739871355,0.908177694467297,3.230518882179246,3.5489442439291574,2.218254213944365
796.3487740346923,0.908177694467297,3.230518882179246,3.5489442339291575,2.218254223944365
799.062938855954,0.9081776944672896,3.230518882179246,3.5489442339291575,2.218254213944365
800.713496299774,0.9081777044672896,3.230518882179246,3.5489442339291575,2.218254213944365
799.0629388550831,0.9081776944672896,3.230518892179246,3.5489442339291575,2.218254213944365
799.0629387951161,0.9081776944672896,3.230518882179246,3.5489442439291574,2.218254213944365
799.0629388374472,0.9081776944672896,3.230518882179246,3.5489442339291575,2.218254223944365
796.3487740555241,0.908177694467297,3.230518882179246,3.5489442339291575,2.218254213944365
799.1987675702404,0.9081777044672971,3.230518882179246,3.5489442339291575,2.218254213944365
796.3487740546716,0.908177694467297,3.230518892179246,3.5489442339291575,2.218254213944365
796.3487739871355,0.908177694467297,3.230518882179246,3.5489442439291574,2.218254213944365
796.3487740346923,0.908177694467297,3.230518882179246,3.5489442339291575,2.218254223944365
800.309733938175,0.9081776944672932,3.230518882179246,3.5489442339291575,2.218254213944365
802.43311941352,0.9081777044672933,3.230518882179246,3.5489442339291575,2.218254213944365
800.3097339327022,0.9081776944672932,3.230518892179246,3.5489442339291575,2.218254213944365
800.3097338850437,0.9081776944672932,3.230518882179246,3.5489442439291574,2.218254213944365
800.3097339218698,0.9081776944672932,3.230518882179246,3.5489442339291575,2.218254223944365
796.3487740555241,0.908177694467297,3.230518882179246,3.5489442339291575,2.218254213944365
799.1987675702404,0.9081777044672971,3.230518882179246,3.5489442339291575,2.218254213944365
796.3487740546716,0.908177694467297,3.230518892179246,3.5489442339291575,2.218254213944365
796.3487739871355,0.908177694467297,3.230518882179246,3.5489442439291574,2.218254213944365
796.3487740346923,0.908177694467297,3.230518882179246,3.5489442339291575,2.218254223944365
799.2604003558995,0.9081776944672951,3.230518882179246,3.5489442339291575,2.218254213944365
800.2683761097906,0.9081777044672952,3.230518882179246,3.5489442339291575,2.218254213944365
799.2604003532414,0.9081776944672951,3.230518892179246,3.5489442339291575,2.218254213944365
799.2604002972352,0.9081776944672951,3.230518882179246,3.5489442439291574,2.218254213944365
799.2604003377119,0.9081776944672951,3.230518882179246,3.5489442339291575,2.218254223944365
796.3487740555241,0.908177694467297,3.230518882179246,3.5489442339291575,2.218254213944365
799.1987675702404,0.9081777044672971,3.230518882179246,3.5489442339291575,2.218254213944365
796.3487740546716,0.908177694467297,3.230518892179246,3.5489442339291575,2.218254213944365
796.3487739871355,0.908177694467297,3.230518882179246,3.5489442439291574,2.218254213944365
796.3487740346923,0.908177694467297,3.230518882179246,3.5489442339291575,2.218254223944365
796.3487740555241,0.9081776944672961,3.230518882179246,3.5489442339291575,2.218254213944365
799.1987675702404,0.9081777044672962,3.230518882179246,3.5489442339291575,2.218254213944365
796.3487740546716,0.9081776944672961,3.230518892179246,3.5489442339291575,2.218254213944365
796.3487739871356,0.9081776944672961,3.230518882179246,3.5489442439291574,2.218254213944365
796.3487740346923,0.9081776944672961,3.230518882179246,3.5489442339291575,2.218254223944365
796.3487740555241,0.9081776944672968,3.230518882179246,3.5489442339291575,2.218254213944365
799.1987675702404,0.9081777044672968,3.230518882179246,3.5489442339291575,2.218254213944365
796.3487740546716,0.9081776944672968,3.230518892179246,3.5489442339291575,2.218254213944365
796.3487739871355,0.9081776944672968,3.230518882179246,3.5489442439291574,2.218254213944365
796.3487740346923,0.9081776944672968,3.230518882179246,3.5489442339291575,2.218254223944365
796.3487740555241,0.908177694467297,3.230518882179246,3.5489442339291575,2.218254213944365
799.1987675702404,0.9081777044672971,3.230518882179246,3.5489442339291575,2.218254213944365
796.3487740546716,0.908177694467297,3.230518892179246,3.5489442339291575,2.218254213944365
796.3487739871355,0.908177694467297,3.230518882179246,3.5489442439291574,2.218254213944365
796.3487740346923,0.908177694467297,3.230518882179246,3.5489442339291575,2.218254223944365
821.0982260372216,284999349.1313981,3.3157726423048133,10.387810104687295,4.301440472331989
821.0983579566073,284999353.3782193,3.3157726423048133,10.387810104687295,4.301440472331989
821.0982260372218,284999349.1313981,3.315772652304813,10.387810104687295,4.301440472331989
821.0982260372273,284999349.1313981,3.3157726423048133,10.387810114687296,4.301440472331989
821.0982260372217,284999349.1313981,3.3157726423048133,10.387810104687295,4.301440482331989
821.0982317059768,94999782.43835267,3.258936802221103,5.82856619084866,2.9126496334069434
821.0982317059764,94999782.43835266,3.258936802221103,5.82856619084866,2.9126496334069434
821.0982317059671,94999782.43835267,3.258936812221103,5.82856619084866,2.9126496334069434
821.0982317060377,94999782.43835267,3.258936802221103,5.82856620084866,2.9126496334069434
821.0982317059659,94999782.43835267,3.258936802221103,5.82856619084866,2.9126496434069433
821.0982816770637,31666593.54066697,3.2399915221931987,4.30881821956902,2.449719353765233
821.0982816770637,31666593.54066696,3.2399915221931987,4.30881821956902,2.449719353765233
821.0982816770637,31666593.54066697,3.2399915321931987,4.30881821956902,2.449719353765233
821.0982816770592,31666593.54066697,3.2399915221931987,4.30881822956902,2.449719353765233
821.0982816770635,31666593.54066697,3.2399915221931987,4.30881821956902,2.449719363765233
821.0985665508571,10555530.57477047,3.2336764288505635,3.802235562475777,2.2954092605513203
821.0983021838147,10555530.57477046,3.2336764288505635,3.802235562475777,2.2954092605513203
821.0985665511471,10555530.57477047,3.2336764388505634,3.802235562475777,2.2954092605513203
821.0985665694847,10555530.57477047,3.2336764288505635,3.802235572475777,2.2954092605513203
821.0985665511391,10555530.57477047,3.2336764288505635,3.802235562475777,2.2954092705513203
821.0982457479464,3518684.8139273115,3.2315714501534116,3.633378881557253,2.243973843630734
821.0982636297625,3518684.8139273017,3.2315714501534116,3.633378881557253,2.243973843630734
821.0982457479464,3518684.8139273115,3.2315714601534116,3.633378881557253,2.243973843630734
821.0982457479444,3518684.8139273115,3.2315714501534116,3.633378891557253,2.243973843630734
821.0982457479463,3518684.8139273115,3.2315714501534116,3.633378881557253,2.243973853630734
821.0980483771082,1172890.5697609782,3.230869737045054,3.5770890261803117,2.226827396336123
821.0982440118614,1172890.5697609682,3.230869737045054,3.5770890261803117,2.226827396336123
821.098048377109,1172890.5697609782,3.230869747045054,3.5770890261803117,2.226827396336123
821.098048377162,1172890.5697609782,3.230869737045054,3.5770890361803116,2.226827396336123
821.0980483771108,1172890.5697609782,3.230869737045054,3.5770890261803117,2.226827406336123
821.097454120871,390949.5150900086,3.2306358297919395,3.558325509733726,2.2211118434419372
821.0980794799883,390949.5150899986,3.2306358297919395,3.558325509733726,2.2211118434419372
821.0974541209207,390949.5150900086,3.2306358397919395,3.558325509733726,2.2211118434419372
821.0974541233935,390949.5150900086,3.2306358297919395,3.558325519733726,2.2211118434419372
821.097454120969,390949.5150900086,3.2306358297919395,3.558325509733726,2.221111853441937
821.0982044944682,130301.61972766557,3.2305578604451832,3.5520709832036443,2.219206652732481
821.0983199709661,130301.61972765558,3.2305578604451832,3.5520709832036443,2.219206652732481
821.0982044944723,130301.61972766557,3.230557870445183,3.5520709832036443,2.219206652732481
821.0982044948123,130301.61972766557,3.2305578604451832,3.5520709932036443,2.219206652732481
821.0982044945196,130301.61972766557,3.2305578604451832,3.5520709832036443,2.219206662732481
821.0992399315212,43432.387613667706,3.2305318746712652,3.549986462566524,2.2185716871068
821.0977818501948,43432.38761365771,3.2305318746712652,3.549986462566524,2.2185716871068
821.0992399313352,43432.387613667706,3.230531884671265,3.549986462566524,2.2185716871068
821.0992399216415,43432.387613667706,3.2305318746712652,3.5499864725665238,2.2185716871068
821.0992399312205,43432.387613667706,3.2305318746712652,3.549986462566524,2.2185716971068
821.0975823916891,14480.562084783967,3.2305232141182203,3.549291732380374,2.2183600654133167
821.1018126019179,14480.562084773966,3.2305232141182203,3.549291732380374,2.2183600654133167
821.0975823916888,14480.562084783967,3.2305232241182202,3.549291732380374,2.2183600654133167
821.0975823916709,14480.562084783967,3.2305232141182203,3.549291742380374,2.2183600654133167
821.0975823916956,14480.562084783967,3.2305232141182203,3.549291732380374,2.2183600754133166
821.097314063647,4822.667749795237,3.2305203250877477,3.5490599808204433,2.2182894715935033
821.0982648896957,4822.667749785237,3.2305203250877477,3.5490599808204433,2.2182894715935033
821.0973140636413,4822.667749795237,3.2305203350877476,3.5490599808204433,2.2182894715935033
821.097314063463,4822.667749795237,3.2305203250877477,3.549059990820443,2.2182894715935033
821.0973140636179,4822.667749795237,3.2305203250877477,3.5490599808204433,2.2182894815935033
821.0783482615072,1606.6822742180161,3.2305193630685207,3.5489828097907314,2.2182659645337544
821.0973062616945,1606.6822742080162,3.2305193630685207,3.5489828097907314,2.2182659645337544
821.0783482621608,1606.6822742180161,3.2305193730685207,3.5489828097907314,2.2182659645337544
821.078348267288,1606.6822742180161,3.2305193630685207,3.5489828197907314,2.2182659645337544
821.0783482614023,1606.6822742180161,3.2305193630685207,3.5489828097907314,2.2182659745337543
821.0356558905969,533.1759938595286,3.2305190419434133,3.548957049853167,2.2182581178017133
821.0304585792161,533.1759938495286,3.2305190419434133,3.548957049853167,2.2182581178017133
821.0356558904713,533.1759938595286,3.2305190519434133,3.548957049853167,2.2182581178017133
821.0356558862642,533.1759938595286,3.2305190419434133,3.548957059853167,2.2182581178017133
821.0356558894616,533.1759938595286,3.2305190419434133,3.548957049853167,2.2182581278017133
820.9396935191769,177.28228119956648,3.2305189354825488,3.548948509800831,2.2182555164172135
820.6092933951445,177.28228118956648,3.2305189354825488,3.548948509800831,2.2182555164172135
820.9396935273144,177.28228119956648,3.2305189454825487,3.548948509800831,2.2182555164172135
820.9396936214996,177.28228119956648,3.2305189354825488,3.548948519800831,2.2182555164172135
820.9396935432969,177.28228119956648,3.2305189354825488,3.548948509800831,2.2182555264172135
819.8815612086591,62.02462941010257,3.230518901004757,3.548945744069537,2.218254673948077
819.9528741306079,62.02462940010257,3.230518901004757,3.548945744069537,2.218254673948077
819.8815612095756,62.02462941010257,3.230518911004757,3.548945744069537,2.218254673948077
819.8815612355081,62.02462941010257,3.230518901004757,3.548945754069537,2.218254673948077
819.8815612115006,62.02462941010257,3.230518901004757,3.548945744069537,2.218254683948077
820.469130535348,19.80863406059825,3.2305188883764044,3.548944731051333,2.218254365372702
820.4672446692391,19.80863405059825,3.2305188883764044,3.548944731051333,2.218254365372702
820.4691305352633,19.80863406059825,3.2305188983764044,3.548944731051333,2.218254365372702
820.4691305343019,19.80863406059825,3.2305188883764044,3.548944741051333,2.218254365372702
820.4691305348733,19.80863406059825,3.2305188883764044,3.548944731051333,2.2182543753727018
820.8437947351131,5.99971129492393,3.230518884245649,3.548944399691382,2.2182542644371797
820.8437712177437,5.99971128492393,3.230518884245649,3.548944399691382,2.2182542644371797
820.8437947351124,5.99971129492393,3.230518894245649,3.548944399691382,2.2182542644371797
820.8437947343969,5.99971129492393,3.230518884245649,3.548944409691382,2.2182542644371797
820.8437947348647,5.99971129492393,3.230518884245649,3.548944399691382,2.2182542744371796
816.943121226862,1.3944614117201144,3.23051888286805,3.548944289183459,2.218254230775372
818.3487478549813,1.3944614017201145,3.23051888286805,3.548944289183459,2.218254230775372
816.9431212263762,1.3944614117201144,3.2305188928680497,3.548944289183459,2.218254230775372
816.9431212156267,1.3944614117201144,3.23051888286805,3.548944299183459,2.218254230775372
816.9431212233243,1.3944614117201144,3.23051888286805,3.548944289183459,2.218254240775372
793.5530239698031,0.30396099239100216,3.2305188823599895,3.548944248427987,2.218254218360852
793.5530255642286,0.30396100239100216,3.2305188823599895,3.548944248427987,2.218254218360852
793.5530239545894,0.30396099239100216,3.2305188923599895,3.548944248427987,2.218254218360852
793.5530239195529,0.30396099239100216,3.2305188823599895,3.548944258427987,2.218254218360852
793.5530239512864,0.30396099239100216,3.2305188823599895,3.548944248427987,2.218254228360852
800.9818385933235,0.7070740589460548,3.2305188822394038,3.5489442387548555,2.21825421541432
800.9818390316668,0.7070740689460548,3.2305188822394038,3.5489442387548555,2.21825421541432
800.9818385906376,0.7070740589460548,3.2305188922394037,3.5489442387548555,2.21825421541432
800.9818385402613,0.7070740589460548,3.2305188822394038,3.5489442487548555,2.21825421541432
800.9818385766573,0.7070740589460548,3.2305188822394038,3.5489442387548555,2.21825422541432
806.3395091601502,0.7637877862862748,3.285034351047832,4.162386673232234,1.2335511913918538
806.3394435980132,0.7637877762862747,3.285034351047832,4.162386673232234,1.2335511913918538
806.3395091576225,0.7637877862862748,3.285034361047832,4.162386673232234,1.2335511913918538
806.3395091276185,0.7637877862862748,3.285034351047832,4.162386683232234,1.2335511913918538
806.3395090963766,0.7637877862862748,3.285034351047832,4.162386673232234,1.2335512013918537
779.8283586188113,0.2362116167725573,3.2850729054907437,4.162882869640801,1.2345239116284867
779.8283618442891,0.2362116267725573,3.2850729054907437,4.162882869640801,1.2345239116284867
779.8283585955584,0.2362116167725573,3.2850729154907437,4.162882869640801,1.2345239116284867
779.828358553846,0.2362116167725573,3.2850729054907437,4.162882879640801,1.2345239116284867
779.8283584751471,0.2362116167725573,3.2850729054907437,4.162882869640801,1.2345239216284867
758.4234690314951,0.1893266018805722,3.285395009372544,4.163781928884473,1.2365123634784154
758.4234753904827,0.1893266118805722,3.285395009372544,4.163781928884473,1.2365123634784154
758.4234689973672,0.1893266018805722,3.285395019372544,4.163781928884473,1.2365123634784154
758.423468929872,0.1893266018805722,3.285395009372544,4.163781938884473,1.2365123634784154
758.423468808727,0.1893266018805722,3.285395009372544,4.163781928884473,1.2365123734784154
448800657.7815039,0.0017865423126318114,3.2866834248997447,4.1673781658591595,1.2444661708781302
448790567.9329118,0.0017865523126318113,3.2866834248997447,4.1673781658591595,1.2444661708781302
448800658.08517593,0.0017865423126318114,3.2866834348997447,4.1673781658591595,1.2444661708781302
448800659.603745,0.0017865423126318114,3.2866834248997447,4.1673781758591595,1.2444661708781302
448800661.55787015,0.0017865423126318114,3.2866834248997447,4.1673781658591595,1.24446618087813
683.2446610668454,0.12696220776459888,3.285823457853944,4.164977818128299,1.2391573150719104
683.2446828100941,0.12696221776459887,3.285823457853944,4.164977818128299,1.2391573150719104
683.2446609978376,0.12696220776459888,3.2858234678539437,4.164977818128299,1.2391573150719104
683.2446608378378,0.12696220776459888,3.285823457853944,4.164977828128299,1.2391573150719104
683.2446605707888,0.12696220776459888,3.285823457853944,4.164977818128299,1.2391573250719103
8.029454433344684,0.043810416473231834,3.2863947174518193,4.166572323041235,1.2426838860583784
8.029528315031598,0.043810426473231835,3.2863947174518193,4.166572323041235,1.2426838860583784
8.029454369149585,0.043810416473231834,3.2863947274518193,4.166572323041235,1.2426838860583784
8.02945415759,0.043810416473231834,3.2863947174518193,4.166572333041235,1.2426838860583784
8.0294538473471,0.043810416473231834,3.2863947174518193,4.166572323041235,1.2426838960583784
41105.614004254014,0.016097443636989478,3.286585107838755,4.167103742396768,1.2438592277369553
41105.48873165616,0.01609745363698948,3.286585107838755,4.167103742396768,1.2438592277369553
41105.614039570944,0.016097443636989478,3.286585117838755,4.167103742396768,1.2438592277369553
41105.61418961629,0.016097443636989478,3.286585107838755,4.167103752396768,1.2438592277369553
41105.61439248899,0.016097443636989478,3.286585107838755,4.167103742396768,1.2438592377369553
128.04331831846704,0.03597277815330879,3.2864485626672426,4.166722616289436,1.2430162900568038
128.0427626231788,0.035972788153308795,3.2864485626672426,4.166722616289436,1.2430162900568038
128.0433187030025,0.03597277815330879,3.2864485726672426,4.166722616289436,1.2430162900568038
128.04332004439814,0.03597277815330879,3.2864485626672426,4.166722626289436,1.2430162900568038
128.0433219748082,0.03597277815330879,3.2864485626672426,4.166722616289436,1.2430163000568037
8.029454433344684,0.043810416473231834,3.2863947174518193,4.166572323041235,1.2426838860583784
8.029528315031598,0.043810426473231835,3.2863947174518193,4.166572323041235,1.2426838860583784
8.029454369149585,0.043810416473231834,3.2863947274518193,4.166572323041235,1.2426838860583784
8.02945415759,0.043810416473231834,3.2863947174518193,4.166572333041235,1.2426838860583784
8.0294538473471,0.043810416473231834,3.2863947174518193,4.166572323041235,1.2426838960583784
811.8642450531247,1.030224908773597,3.2869629404482987,4.169541749260775,1.248910664675343
813.5610732478141,1.0302248987735971,3.2869629404482987,4.169541749260775,1.248910664675343
811.8642450530419,1.030224908773597,3.2869629504482987,4.169541749260775,1.248910664675343
811.8642450311069,1.030224908773597,3.2869629404482987,4.169541759260775,1.248910664675343
811.8642450144177,1.030224908773597,3.2869629404482987,4.169541749260775,1.248910674675343
7.857482371559478,0.04378703441353686,3.2863947298221983,4.166572387686503,1.24268402161715
7.857555578620155,0.04378704441353686,3.2863947298221983,4.166572387686503,1.24268402161715
7.857482307989609,0.04378703441353686,3.286394739822198,4.166572387686503,1.24268402161715
7.857482098457753,0.04378703441353686,3.2863947298221983,4.166572397686503,1.24268402161715
7.8574817912026775,0.04378703441353686,3.2863947298221983,4.166572387686503,1.24268403161715
0.16516174938049713,0.04157813679515969,3.2863958984489594,4.166578494709568,1.2426968278220614
0.16515096699360224,0.04157814679515969,3.2863958984489594,4.166578494709568,1.2426968278220614
0.1651617581703503,0.04157813679515969,3.2863959084489593,4.166578494709568,1.2426968278220614
0.1651617875927698,0.04157813679515969,3.2863958984489594,4.166578504709568,1.2426968278220614
0.1651618304575401,0.04157813679515969,3.2863958984489594,4.166578494709568,1.2426968378220613
0.05088440151232281,0.04186242890172549,3.286395761627845,4.16657775699256,1.2426952850523718
0.05088699987930806,0.041862438901725495,3.286395761627845,4.16657775699256,1.2426952850523718
0.05088439934571264,0.04186242890172549,3.286395771627845,4.16657775699256,1.2426952850523718
0.05088439211779517,0.04186242890172549,3.286395761627845,4.16657776699256,1.2426952850523718
0.050884381494985566,0.04186242890172549,3.286395761627845,4.16657775699256,1.2426952950523718
0.04351092981591982,0.04180722312530297,3.286395789051238,4.166577903580475,1.2426955931489456
0.043510997678776475,0.04180723312530297,3.286395789051238,4.166577903580475,1.2426955931489456
0.04351092973459891,0.04180722312530297,3.286395799051238,4.166577903580475,1.2426955931489456
0.0435109294709848,0.04180722312530297,3.286395789051238,4.166577913580475,1.2426955931489456
0.043510929016926686,0.04180722312530297,3.286395789051238,4.166577903580475,1.2426956031489456
0.04350597217830959,0.04180574263800687,3.286395790359434,4.166577909849534,1.242695607821217
0.04350597173329087,0.04180575263800687,3.286395790359434,4.166577909849534,1.242695607821217
0.04350597215319172,0.04180574263800687,3.286395800359434,4.166577909849534,1.242695607821217
0.04350597207735037,0.04180574263800687,3.286395790359434,4.166577919849534,1.242695607821217
0.04350597189743045,0.04180574263800687,3.286395790359434,4.166577909849534,1.242695617821217
0.043505971537806255,0.041805752269495795,3.286395790922044,4.166577912139209,1.2426956141106564
0.043505971534607606,0.0418057622694958,3.286395790922044,4.166577912139209,1.2426956141106564
0.0435059715123245,0.041805752269495795,3.286395800922044,4.166577912139209,1.2426956141106564
0.04350597143526917,0.041805752269495795,3.286395790922044,4.166577922139209,1.2426956141106564
0.04350597125357602,0.041805752269495795,3.286395790922044,4.166577912139209,1.2426956241106564
782.3258019222765,0.2479468079489019,3.710909145039513,3.574546632316469,1.677148418248145
782.3258047748626,0.2479468179489019,3.710909145039513,3.574546632316469,1.677148418248145
782.3258019008861,0.2479468079489019,3.710909155039513,3.574546632316469,1.677148418248145
782.32580185333,0.2479468079489019,3.710909145039513,3.574546642316469,1.677148418248145
782.3258018655092,0.2479468079489019,3.710909145039513,3.574546632316469,1.677148428248145
811.7683784602684,0.751535379213585,3.7184038634349745,3.5987039461803225,1.6970383887847642
811.7676686916315,0.751535369213585,3.7184038634349745,3.5987039461803225,1.6970383887847642
811.768378459097,0.751535379213585,3.7184038734349745,3.5987039461803225,1.6970383887847642
811.7683784357475,0.751535379213585,3.7184038634349745,3.5987039561803225,1.6970383887847642
811.76837844427,0.751535379213585,3.7184038634349745,3.5987039461803225,1.6970383987847641
795.1340812730521,0.311244005258709,3.715102293980184,3.588062178824397,1.688276469294881
795.1340798221571,0.311243995258709,3.715102293980184,3.588062178824397,1.688276469294881
795.1340812584212,0.311244005258709,3.715102303980184,3.588062178824397,1.688276469294881
795.1340812288578,0.311244005258709,3.715102293980184,3.588062188824397,1.688276469294881
795.1340812371072,0.311244005258709,3.715102293980184,3.588062178824397,1.688276479294881
15.068012406734844,0.0450080197545048,3.7124309020938844,3.5794516281878614,1.6811869559727475
15.068106900592932,0.045008029754504804,3.7124309020938844,3.5794516281878614,1.6811869559727475
15.068012323471486,0.0450080197545048,3.7124309120938843,3.5794516281878614,1.6811869559727475
15.068011993010161,0.0450080197545048,3.7124309020938844,3.5794516381878614,1.6811869559727475
15.068012068732482,0.0450080197545048,3.7124309020938844,3.5794516281878614,1.6811869659727474
109.2963760347176,0.03662661283909291,3.7130430476533194,3.5814247233235763,1.6828115076235017
109.29686870085617,0.03662660283909291,3.7130430476533194,3.5814247233235763,1.6828115076235017
109.29637637692386,0.03662661283909291,3.7130430576533193,3.5814247233235763,1.6828115076235017
109.29637781514352,0.03662661283909291,3.7130430476533194,3.5814247333235762,1.6828115076235017
109.2963774848864,0.03662661283909291,3.7130430476533194,3.5814247233235763,1.6828115176235017
27.402534550557164,0.03907005579050965,3.712475428517991,3.5795951477633308,1.6813051230894889
27.402334045678202,0.03907006579050965,3.712475428517991,3.5795951477633308,1.6813051230894889
27.40253470060338,0.03907005579050965,3.7124754385179908,3.5795951477633308,1.6813051230894889
27.40253531999952,0.03907005579050965,3.712475428517991,3.5795951577633307,1.6813051230894889
27.402535178685117,0.03907005579050965,3.712475428517991,3.5795951477633308,1.6813051330894888
15.068012406734844,0.0450080197545048,3.7124309020938844,3.5794516281878614,1.6811869559727475
15.068106900592932,0.045008029754504804,3.7124309020938844,3.5794516281878614,1.6811869559727475
15.068012323471486,0.0450080197545048,3.7124309120938843,3.5794516281878614,1.6811869559727475
15.068011993010161,0.0450080197545048,3.7124309020938844,3.5794516381878614,1.6811869559727475
15.068012068732482,0.0450080197545048,3.7124309020938844,3.5794516281878614,1.6811869659727474
820.7190317036235,9449.340799154583,12.038766840128872,44.95192017534734,35.481423371305944
821.0077634490001,9449.340799144582,12.038766840128872,44.95192017534734,35.481423371305944
820.7190317036166,9449.340799154583,12.038766850128873,44.95192017534734,35.481423371305944
820.7190317034988,9449.340799154583,12.038766840128872,44.95192018534734,35.481423371305944
820.7190317036233,9449.340799154583,12.038766840128872,44.95192017534734,35.481423381305945
814.9195984102694,1.5007947885998436,3.713792987814476,3.58621965304935,1.6867162571823768
814.756535698086,1.5007947785998437,3.713792987814476,3.58621965304935,1.6867162571823768
814.9195984099548,1.5007947885998436,3.713792997814476,3.58621965304935,1.6867162571823768
814.9195983934161,1.5007947885998436,3.713792987814476,3.58621966304935,1.6867162571823768
814.9195983983986,1.5007947885998436,3.713792987814476,3.58621965304935,1.6867162671823768
801.8076435608988,0.8365570295161513,3.7132076940358414,3.5833114052164947,1.6843402939450651
803.7779510133587,0.8365570195161512,3.7132076940358414,3.5833114052164947,1.6843402939450651
801.8076435604135,0.8365570295161513,3.7132077040358413,3.5833114052164947,1.6843402939450651
801.8076435079055,0.8365570295161513,3.7132076940358414,3.5833114152164947,1.6843402939450651
801.8076435268787,0.8365570295161513,3.7132076940358414,3.5833114052164947,1.684340303945065
14.86877371806458,0.04498688115388372,3.712430920720184,3.5794517207394945,1.6811870315850372
14.868867724820294,0.04498689115388372,3.712430920720184,3.5794517207394945,1.6811870315850372
14.868773635275254,0.04498688115388372,3.712430930720184,3.5794517207394945,1.6811870315850372
14.868773306651976,0.04498688115388372,3.712430920720184,3.5794517307394944,1.6811870315850372
14.868773381951511,0.04498688115388372,3.712430920720184,3.5794517207394945,1.6811870415850372
0.8099013120512072,0.04157662840985713,3.7124339256678662,3.579466651929444,1.6811992299809264
0.8098737565645471,0.04157663840985713,3.7124339256678662,3.579466651929444,1.6811992299809264
0.8099013341823093,0.04157662840985713,3.712433935667866,3.579466651929444,1.6811992299809264
0.8099014239913451,0.04157662840985713,3.7124339256678662,3.5794666619294437,1.6811992299809264
0.8099014034499695,0.04157662840985713,3.7124339256678662,3.579466651929444,1.6811992399809264
0.13379072260030894,0.04235134502755128,3.712433289812972,3.5794634494902158,1.6811966148340467
0.13379975319019646,0.04235135502755128,3.712433289812972,3.5794634494902158,1.6811966148340467
0.13379071516340046,0.04235134502755128,3.712433299812972,3.5794634494902158,1.6811966148340467
0.13379068514440096,0.04235134502755128,3.712433289812972,3.5794634594902157,1.6811966148340467
0.13379069198649743,0.04235134502755128,3.712433289812972,3.5794634494902158,1.6811966248340466
0.04122586334714709,0.04216012069432841,3.712433449696703,3.5794642522401645,1.6811972708643521
0.04122645280480882,0.04216013069432841,3.712433449696703,3.5794642522401645,1.6811972708643521
0.04122586284448981,0.04216012069432841,3.712433459696703,3.5794642522401645,1.6811972708643521
0.0412258608171749,0.04216012069432841,3.712433449696703,3.5794642622401645,1.6811972708643521
0.04122586125908918,0.04216012069432841,3.712433449696703,3.5794642522401645,1.681197280864352
0.04084163848191602,0.04214676719537152,3.7124334612790926,3.5794643103598487,1.6811973188521065
0.04084162461783636,0.04214677719537152,3.7124334612790926,3.5794643103598487,1.6811973188521065
0.040841638472118046,0.04214676719537152,3.7124334712790925,3.5794643103598487,1.6811973188521065
0.04084163843702892,0.04214676719537152,3.7124334612790926,3.5794643203598486,1.6811973188521065
0.04084163842351322,0.04214676719537152,3.7124334612790926,3.5794643103598487,1.6811973288521065
0.04084141911415407,0.04214707405207272,3.7124334614804733,3.579464311281744,1.6811973200743378
0.040841419133917964,0.04214708405207272,3.7124334614804733,3.579464311281744,1.6811973200743378
0.040841419093018104,0.04214707405207272,3.712433471480473,3.579464311281744,1.6811973200743378
0.04084141901209582,0.04214707405207272,3.7124334614804733,3.579464321281744,1.6811973200743378
0.04084141900905696,0.04214707405207272,3.7124334614804733,3.579464311281744,1.6811973300743377
0.04084141907451705,0.042147073649051035,3.7124334619469948,3.579464313534405,1.6811973223940977
0.04084141907525642,0.04214708364905104,3.7124334619469948,3.579464313534405,1.6811973223940977
0.04084141905339737,0.042147073649051035,3.7124334719469947,3.579464313534405,1.6811973223940977
0.04084141897253665,0.042147073649051035,3.7124334619469948,3.579464323534405,1.6811973223940977
0.040841418969484324,0.042147073649051035,3.7124334619469948,3.579464313534405,1.6811973323940976
0.04084141892396876,0.04214707203696429,3.7124334638130807,3.5794643225450478,1.6811973316731375
0.04084141884860965,0.042147082036964295,3.7124334638130807,3.5794643225450478,1.6811973316731375
0.0408414189029106,0.04214707203696429,3.7124334738130806,3.5794643225450478,1.6811973316731375
0.040841418822302314,0.04214707203696429,3.7124334638130807,3.5794643325450477,1.6811973316731375
0.040841418819192225,0.04214707203696429,3.7124334638130807,3.5794643225450478,1.6811973416731374
0.04084141844976645,0.042147065588617326,3.7124334712774245,3.5794643585876194,1.6811973687892965
0.04084141807001311,0.04214707558861733,3.7124334712774245,3.5794643585876194,1.6811973687892965
0.04084141842895728,0.042147065588617326,3.7124334812774245,3.5794643585876194,1.6811973687892965
0.04084141834935226,0.042147065588617326,3.7124334712774245,3.5794643685876193,1.6811973687892965
0.04084141834601342,0.042147065588617326,3.7124334712774245,3.5794643585876194,1.6811973787892964
804.6325052960976,0.42498528336875957,3.986648785150522,3.483952399251394,2.59018187107289
804.6325046812511,0.4249852733687596,3.986648785150522,3.483952399251394,2.59018187107289
804.6325052884886,0.42498528336875957,3.986648795150522,3.483952399251394,2.59018187107289
804.6325052640541,0.42498528336875957,3.986648785150522,3.483952409251394,2.59018187107289
804.6325052891864,0.42498528336875957,3.986648785150522,3.483952399251394,2.59018188107289
805.6240163612092,0.5735202646015753,3.999005834800184,3.5359908468855554,2.60140568344854
805.6240167002981,0.5735202746015754,3.999005834800184,3.5359908468855554,2.60140568344854
805.6240163573831,0.5735202646015753,3.999005844800184,3.5359908468855554,2.60140568344854
805.6240163235791,0.5735202646015753,3.999005834800184,3.5359908568855554,2.60140568344854
805.624016353946,0.5735202646015753,3.999005834800184,3.5359908468855554,2.60140569344854
1109254.7123364038,0.00812890420127016,3.9918076097405524,3.5056774251186695,2.594867591444579
1109260.5293000122,0.00812889420127016,3.9918076097405524,3.5056774251186695,2.594867591444579
1109254.7130634168,0.00812890420127016,3.9918076197405523,3.5056774251186695,2.594867591444579
1109254.7177409166,0.00812890420127016,3.9918076097405524,3.5056774351186695,2.594867591444579
1109254.7135891207,0.00812890420127016,3.9918076097405524,3.5056774251186695,2.594867601444579
788.9774390808581,0.28667175319146115,3.988360490371485,3.49116079324766,2.5917365996518944
788.9774370881903,0.28667174319146116,3.988360490371485,3.49116079324766,2.5917365996518944
788.9774390640492,0.28667175319146115,3.988360500371485,3.49116079324766,2.5917365996518944
788.9774390225697,0.28667175319146115,3.988360490371485,3.4911608032476598,2.5917365996518944
788.9774390674386,0.28667175319146115,3.988360490371485,3.49116079324766,2.5917366096518943
587.1328831287855,0.10226447444267395,3.990642630820168,3.5007714243934087,2.5938094501248714
587.1328379679724,0.10226446444267395,3.990642630820168,3.5007714243934087,2.5938094501248714
587.1328830304897,0.10226447444267395,3.990642640820168,3.5007714243934087,2.5938094501248714
587.1328826776269,0.10226447444267395,3.990642630820168,3.5007714343934087,2.5938094501248714
587.1328830242376,0.10226447444267395,3.990642630820168,3.5007714243934087,2.5938094601248713
23.043795695281872,0.040831721623556805,3.99140289457458,3.503973074196055,2.5944999917976372
23.043969650619754,0.0408317116235568,3.99140289457458,3.503973074196055,2.5944999917976372
23.043795821329876,0.040831721623556805,3.99140290457458,3.503973074196055,2.5944999917976372
23.043796413722433,0.040831721623556805,3.99140289457458,3.503973084196055,2.5944999917976372
23.04379586271854,0.040831721623556805,3.99140289457458,3.503973074196055,2.594500001797637
518.1241699801576,0.08959950859708532,3.9907993666661365,3.5014314759707723,2.5939518120783767
518.1241047604892,0.08959949859708533,3.9907993666661365,3.5014314759707723,2.5939518120783767
518.1241698598132,0.08959950859708532,3.9907993766661365,3.5014314759707723,2.5939518120783767
518.124169409397,0.08959950859708532,3.9907993666661365,3.5014314859707723,2.5939518120783767
518.1241698477189,0.08959950859708532,3.9907993666661365,3.5014314759707723,2.5939518220783766
42.61459767506271,0.04919910334770006,3.9912993436713196,3.5035369969438332,2.594405937315178
42.61446750834588,0.049199093347700056,3.9912993436713196,3.5035369969438332,2.594405937315178
42.61459755797939,0.04919910334770006,3.9912993536713195,3.5035369969438332,2.594405937315178
42.61459703510934,0.04919910334770006,3.9912993436713196,3.503537006943833,2.594405937315178
42.61459752596758,0.04919910334770006,3.9912993436713196,3.5035369969438332,2.594405947315178
23.043795695281872,0.040831721623556805,3.99140289457458,3.503973074196055,2.5944999917976372
23.043969650619754,0.0408317116235568,3.99140289457458,3.503973074196055,2.5944999917976372
23.043795821329876,0.040831721623556805,3.99140290457458,3.503973074196055,2.5944999917976372
23.043796413722433,0.040831721623556805,3.99140289457458,3.503973084196055,2.5944999917976372
23.04379586271854,0.040831721623556805,3.99140289457458,3.503973074196055,2.594500001797637
804.5466811049533,0.42362885562660946,3.9866813267632097,3.48408798114738,2.5902110167693113
804.5466804603527,0.42362884562660946,3.9866813267632097,3.48408798114738,2.5902110167693113
804.5466810973078,0.42362885562660946,3.9866813367632097,3.48408798114738,2.5902110167693113
804.5466810727232,0.42362885562660946,3.9866813267632097,3.48408799114738,2.5902110167693113
804.5466810980017,0.42362885562660946,3.9866813267632097,3.48408798114738,2.5902110267693113
703.2462405971697,0.14434781231232535,3.990126087100491,3.4985957426735967,2.5933401661653206
703.2462244209613,0.14434780231232536,3.990126087100491,3.4985957426735967,2.5933401661653206
703.2462405423375,0.14434781231232535,3.990126097100491,3.4985957426735967,2.5933401661653206
703.246240366812,0.14434781231232535,3.990126087100491,3.4985957526735967,2.5933401661653206
703.246240543972,0.14434781231232535,3.990126087100491,3.4985957426735967,2.5933401761653205
224.3260650104307,0.061119060183685577,3.9911526626992204,3.5029192115122894,2.5942726863119203
224.32591655865062,0.061119050183685575,3.9911526626992204,3.5029192115122894,2.5942726863119203
224.3260648381021,0.061119060183685577,3.9911526726992204,3.5029192115122894,2.5942726863119203
224.3260641145886,0.061119060183685577,3.9911526626992204,3.5029192215122893,2.5942726863119203
224.32606480192135,0.061119060183685577,3.9911526626992204,3.5029192115122894,2.5942726963119203
2.6344454521961445,0.04494560417471773,3.9913521523570767,3.503759371087921,2.5944538986115497
2.634402469507031,0.04494559417471773,3.9913521523570767,3.503759371087921,2.5944538986115497
2.6344454173819516,0.04494560417471773,3.9913521623570767,3.503759371087921,2.5944538986115497
2.6344452579739857,0.04494560417471773,3.9913521523570767,3.503759381087921,2.5944538986115497
2.6344454069320635,0.04494560417471773,3.9913521523570767,3.503759371087921,2.5944539086115497
0.27888077460474825,0.04413049288383491,3.9913622622273772,3.5038019682601704,2.594463090711795
0.27886685560268826,0.04413048288383491,3.9913622622273772,3.5038019682601704,2.594463090711795
0.2788807635587954,0.04413049288383491,3.991362272227377,3.5038019682601704,2.594463090711795
0.27888071272869097,0.04413049288383491,3.9913622622273772,3.5038019782601704,2.594463090711795
0.2788807601804656,0.04413049288383491,3.9913622622273772,3.5038019682601704,2.594463100711795
0.04122156612422392,0.043740127025599006,3.9913670944753026,3.50382232614799,2.5944674831989025
0.041223540024074336,0.043740117025599004,3.9913670944753026,3.50382232614799,2.5944674831989025
0.041221567660337535,0.043740127025599006,3.9913671044753025,3.50382232614799,2.5944674831989025
0.041221574748207666,0.043740127025599006,3.9913670944753026,3.50382233614799,2.5944674831989025
0.04122156812907504,0.043740127025599006,3.9913670944753026,3.50382232614799,2.5944674931989025
0.036627033319304954,0.04378861032911944,3.9913664949669845,3.5038198009604558,2.594466938531264
0.03662695831301134,0.04378860032911944,3.9913664949669845,3.5038198009604558,2.594466938531264
0.03662703324781546,0.04378861032911944,3.9913665049669844,3.5038198009604558,2.594466938531264
0.036627032919878795,0.04378861032911944,3.9913664949669845,3.5038198109604557,2.594466938531264
0.036627033221333434,0.04378861032911944,3.9913664949669845,3.5038198009604558,2.594466948531264
0.036620302784232096,0.04378683536737592,3.9913665172150634,3.503819895046889,2.5944669589692126
0.036620302404391215,0.043786825367375916,3.9913665172150634,3.503819895046889,2.5944669589692126
0.03662030277136845,0.04378683536737592,3.9913665272150634,3.503819895046889,2.5944669589692126
0.03662030271378947,0.04378683536737592,3.9913665172150634,3.503819905046889,2.5944669589692126
0.036620302762927846,0.04378683536737592,3.9913665172150634,3.503819895046889,2.5944669689692126
0.036620302404507615,0.043786826244833564,3.991366517629437,3.5038198971709833,2.5944669595727725
0.03662030240862686,0.04378681624483356,3.991366517629437,3.5038198971709833,2.5944669595727725
0.03662030239194576,0.043786826244833564,3.9913665276294368,3.5038198971709833,2.5944669595727725
0.03662030233575783,0.043786826244833564,3.991366517629437,3.5038199071709832,2.5944669595727725
0.03662030238359783,0.043786826244833564,3.991366517629437,3.5038198971709833,2.5944669695727725
790.0971018206551,0.3138756606086879,3.7401700469967007,4.399216776953341,2.3081971402909947
790.0971000716397,0.3138756506086879,3.7401700469967007,4.399216776953341,2.3081971402909947
790.0971018060608,0.3138756606086879,3.7401700569967007,4.399216776953341,2.3081971402909947
790.0971017724745,0.3138756606086879,3.7401700469967007,4.399216786953341,2.3081971402909947
790.0971018011109,0.3138756606086879,3.7401700469967007,4.399216776953341,2.3081971502909946
801.2100654262173,0.6856480063155009,3.7485103788713583,4.426750923454644,2.3193662449591725
801.2100658448933,0.685648016315501,3.7485103788713583,4.426750923454644,2.3193662449591725
801.2100654228552,0.6856480063155009,3.7485103888713582,4.426750923454644,2.3193662449591725
801.2100653855301,0.6856480063155009,3.7485103788713583,4.4267509334546435,2.3193662449591725
801.2100654122396,0.6856480063155009,3.7485103788713583,4.426750923454644,2.3193662549591725
59810.653427533834,0.016858421768568776,3.7429297935645587,4.408327597415624,2.311892904289033
59810.482375507905,0.016858431768568778,3.7429297935645587,4.408327597415624,2.311892904289033
59810.653466606964,0.016858421768568776,3.7429298035645586,4.408327597415624,2.311892904289033
59810.65368698767,0.016858421768568776,3.7429297935645587,4.408327607415624,2.311892904289033
59810.65353318619,0.016858421768568776,3.7429297935645587,4.408327597415624,2.3118929142890328
790.0968144974058,0.31387401941482346,3.7401700606913253,4.399216822163749,2.308197158630396
790.0968127483628,0.31387400941482346,3.7401700606913253,4.399216822163749,2.308197158630396
790.0968144828114,0.31387401941482346,3.7401700706913252,4.399216822163749,2.308197158630396
790.0968144492246,0.31387401941482346,3.7401700606913253,4.399216832163749,2.308197158630396
790.0968144778612,0.31387401941482346,3.7401700606913253,4.399216822163749,2.308197168630396
790.096527166622,0.31387237820343067,3.7401700743860964,4.399216867374639,2.308197176969994
790.0965254175522,0.3138723682034307,3.7401700743860964,4.399216867374639,2.308197176969994
790.0965271520275,0.31387237820343067,3.7401700843860963,4.399216867374639,2.308197176969994
790.0965271184406,0.31387237820343067,3.7401700743860964,4.399216877374639,2.308197176969994
790.0965271470775,0.31387237820343067,3.7401700743860964,4.399216867374639,2.308197186969994
693.410210568374,0.14850697821743095,3.7415499339753273,4.403772232395132,2.310045040629513
693.4101935241924,0.14850696821743095,3.7415499339753273,4.403772232395132,2.310045040629513
693.4102105163637,0.14850697821743095,3.7415499439753273,4.403772232395132,2.310045040629513
693.4102103562097,0.14850697821743095,3.7415499339753273,4.4037722423951315,2.310045040629513
693.4102104822872,0.14850697821743095,3.7415499339753273,4.403772232395132,2.310045050629513
693.3969854093018,0.14849922278891808,3.7415499986890004,4.403772446036,2.3100451272919864
693.3969683624098,0.1484992127889181,3.7415499986890004,4.403772446036,2.3100451272919864
693.3969853572866,0.14849922278891808,3.7415500086890003,4.403772446036,2.3100451272919864
693.3969851971156,0.14849922278891808,3.7415499986890004,4.403772456036,2.3100451272919864
693.396985323206,0.14849922278891808,3.7415499986890004,4.403772446036,2.3100451372919864
693.3837567023633,0.14849146651279047,3.741550063409746,4.403772659700219,2.310045213963931
693.3837396527598,0.14849145651279047,3.741550063409746,4.403772659700219,2.310045213963931
693.3837566503432,0.14849146651279047,3.741550073409746,4.403772659700219,2.310045213963931
693.3837564901548,0.14849146651279047,3.741550063409746,4.403772669700219,2.310045213963931
693.3837566162584,0.14849146651279047,3.741550063409746,4.403772659700219,2.310045223963931
228.7431958639242,0.06581652237211083,3.742239928487152,4.406050128557921,2.310969059126482
228.74305729326016,0.06581651237211084,3.742239928487152,4.406050128557921,2.310969059126482
228.7431957133275,0.06581652237211083,3.742239938487152,4.406050128557921,2.310969059126482
228.74319511138725,0.06581652237211083,3.742239928487152,4.406050138557921,2.310969059126482
228.74319555679196,0.06581652237211083,3.742239928487152,4.406050128557921,2.310969069126482
228.33238152547963,0.06578681283467155,3.74224017639264,4.406050946974517,2.3109693911135514
228.33224323480087,0.06578680283467156,3.74224017639264,4.406050946974517,2.3109693911135514
228.33238137487956,0.06578681283467155,3.74224018639264,4.406050946974517,2.3109693911135514
228.33238077284537,0.06578681283467155,3.74224017639264,4.406050956974517,2.3109693911135514
228.33238121830695,0.06578681283467155,3.74224017639264,4.406050946974517,2.3109694011135513
23.942140965595712,0.05110977736729644,3.7423626460757347,4.406455259206569,2.3111333985810867
23.94203964639933,0.05110976736729644,3.7423626460757347,4.406455259206569,2.3111333985810867
23.94214088391947,0.05110977736729644,3.7423626560757346,4.406455259206569,2.3111333985810867
23.942140532718426,0.05110977736729644,3.7423626460757347,4.406455269206569,2.3111333985810867
23.942140788763606,0.05110977736729644,3.7423626460757347,4.406455259206569,2.3111334085810866
55405.3423550595,0.017125677799363803,3.7426462198201467,4.407391428311096,2.3115131514350598
55405.49908996581,0.0171256677993638,3.7426462198201467,4.407391428311096,2.3115131514350598
55405.34239148945,0.017125677799363803,3.7426462298201466,4.407391428311096,2.3115131514350598
55405.34259632537,0.017125677799363803,3.7426462198201467,4.407391438311096,2.3115131514350598
55405.34245333865,0.017125677799363803,3.7426462198201467,4.407391428311096,2.3115131614350597
94.32177679433015,0.04121866151722947,3.7424451805784487,4.406727732427454,2.311243926137232
94.32217871075306,0.04121865151722947,3.7424451805784487,4.406727732427454,2.311243926137232
94.32177704622596,0.04121866151722947,3.7424451905784486,4.406727732427454,2.311243926137232
94.32177819572088,0.04121866151722947,3.7424451805784487,4.406727742427454,2.311243926137232
94.32177736692616,0.04121866151722947,3.7424451805784487,4.406727732427454,2.311243936137232
23.942140965595712,0.05110977736729644,3.7423626460757347,4.406455259206569,2.3111333985810867
23.94203964639933,0.05110976736729644,3.7423626460757347,4.406455259206569,2.3111333985810867
23.94214088391947,0.05110977736729644,3.7423626560757346,4.406455259206569,2.3111333985810867
23.942140532718426,0.05110977736729644,3.7423626460757347,4.406455269206569,2.3111333985810867
23.942140788763606,0.05110977736729644,3.7423626460757347,4.406455259206569,2.3111334085810866
821.0134181670373,10131.868526737335,11.90998678388763,47.694184123912926,19.99434413516611
821.1408993846129,10131.868526747336,11.90998678388763,47.694184123912926,19.99434413516611
821.0134181670696,10131.868526737335,11.909986793887631,47.694184123912926,19.99434413516611
821.0134181676706,10131.868526737335,11.90998678388763,47.69418413391293,19.99434413516611
821.0134181670292,10131.868526737335,11.90998678388763,47.694184123912926,19.99434414516611
821.0895925150061,5909.544403513151,8.506253072634633,29.654678444620895,12.625133763613682
821.0583235360083,5909.544403523151,8.506253072634633,29.654678444620895,12.625133763613682
821.0895925149782,5909.544403513151,8.506253082634634,29.654678444620895,12.625133763613682
821.0895925141704,5909.544403513151,8.506253072634633,29.654678454620896,12.625133763613682
821.0895925150031,5909.544403513151,8.506253072634633,29.654678444620895,12.625133773613683
819.0292659948323,9.484628791329834,3.750049671960234,4.447195857286212,2.327776096183183
819.0191795181782,9.484628801329835,3.750049671960234,4.447195857286212,2.327776096183183
819.0292659946422,9.484628791329834,3.750049681960234,4.447195857286212,2.327776096183183
819.0292659905456,9.484628791329834,3.750049671960234,4.4471958672862115,2.327776096183183
819.0292659935094,9.484628791329834,3.750049671960234,4.447195857286212,2.3277761061831828
35672957.580670945,0.0038216451515352343,3.7424007663632985,4.406657293561293,2.311215930424736
35673337.20700352,0.0038216351515352343,3.7424007663632985,4.406657293561293,2.311215930424736
35672957.59947665,0.0038216451515352343,3.7424007763632985,4.406657293561293,2.311215930424736
35672957.72272885,0.0038216451515352343,3.7424007663632985,4.406657303561293,2.311215930424736
35672957.63829302,0.0038216451515352343,3.7424007663632985,4.406657293561293,2.311215940424736
586.6818699753189,0.03567310064827427,3.742375090013103,4.406521211040018,2.3111603401693825
586.683461861031,0.035673090648274265,3.742375090013103,4.406521211040018,2.3111603401693825
586.6818708195401,0.03567310064827427,3.742375100013103,4.406521211040018,2.3111603401693825
586.6818748230161,0.03567310064827427,3.742375090013103,4.406521221040018,2.3111603401693825
586.6818719559654,0.03567310064827427,3.742375090013103,4.406521211040018,2.3111603501693825
0.28127338873655305,0.047363831353401345,3.742365665787712,4.406471263428988,2.311139936370089
0.28126020834399185,0.04736382135340134,3.742365665787712,4.406471263428988,2.311139936370089
0.28127337901635163,0.047363831353401345,3.742365675787712,4.406471263428988,2.311139936370089
0.28127333632078294,0.047363831353401345,3.742365665787712,4.406471273428988,2.311139936370089
0.28127336731527014,0.047363831353401345,3.742365665787712,4.406471263428988,2.311139946370089
0.10030872734593058,0.04680365765305801,3.7423660731504156,4.406473466364028,2.3111408367288604
0.10031583702950839,0.04680364765305801,3.7423660731504156,4.406473466364028,2.3111408367288604
0.10030873250905954,0.04680365765305801,3.7423660831504155,4.406473466364028,2.3111408367288604
0.10030875526544768,0.04680365765305801,3.7423660731504156,4.406473476364028,2.3111408367288604
0.10030873874669896,0.04680365765305801,3.7423660731504156,4.406473466364028,2.3111408467288603
0.03364658494078365,0.04699994364700786,3.7423659318458844,4.406472700804621,2.311140524006148
0.033646317363517156,0.04699993364700786,3.7423659318458844,4.406472700804621,2.311140524006148
0.03364658474042973,0.04699994364700786,3.7423659418458843,4.406472700804621,2.311140524006148
0.033646583860073166,0.04699994364700786,3.7423659318458844,4.406472710804621,2.311140524006148
0.033646584492960395,0.04699994364700786,3.7423659318458844,4.406472700804621,2.3111405340061477
0.03354934202724845,0.04699282424719365,3.7423659371258617,4.406472729339658,2.3111405358295145
0.03354933686527237,0.04699281424719365,3.7423659371258617,4.406472729339658,2.3111405358295145
0.033549342018580126,0.04699282424719365,3.7423659471258617,4.406472729339658,2.3111405358295145
0.03354934198204158,0.04699282424719365,3.7423659371258617,4.406472739339658,2.3111405358295145
0.033549342002496325,0.04699282424719365,3.7423659371258617,4.406472729339658,2.3111405458295144
0.03354930332047952,0.04699268420128194,3.7423659373625995,4.406472730574819,2.31114053650784
0.033549303324459524,0.04699267420128194,3.7423659373625995,4.406472730574819,2.31114053650784
0.03354930331558536,0.04699268420128194,3.7423659473625994,4.406472730574819,2.31114053650784
0.03354930329565557,0.04699268420128194,3.7423659373625995,4.406472740574819,2.31114053650784
0.03354930330405501,0.04699268420128194,3.7423659373625995,4.406472730574819,2.31114054650784
0.03354930331989399,0.04699268430432891,3.742365937495193,4.406472731247355,2.3111405369528106
0.03354930332019918,0.04699267430432891,3.742365937495193,4.406472731247355,2.3111405369528106
0.03354930331499695,0.04699268430432891,3.742365947495193,4.406472731247355,2.3111405369528106
0.03354930329505401,0.04699268430432891,3.742365937495193,4.406472741247355,2.3111405369528106
0.0335493033034633,0.04699268430432891,3.742365937495193,4.406472731247355,2.3111405469528106
0.03354930331790603,0.046992684716516776,3.742365938025567,4.406472733937498,2.3111405387326935
0.03354930330352044,0.046992674716516775,3.742365938025567,4.406472733937498,2.3111405387326935
0.03354930331299811,0.046992684716516776,3.742365948025567,4.406472733937498,2.3111405387326935
0.033549303293009154,0.046992684716516776,3.742365938025567,4.406472743937498,2.3111405387326935
0.033549303301452726,0.046992684716516776,3.742365938025567,4.406472733937498,2.3111405487326935
0.03354930331582296,0.046992686365268245,3.742365940147063,4.406472744698071,2.311140545852225
0.0335493032426653,0.04699267636526824,3.742365940147063,4.406472744698071,2.311140545852225
0.033549303310872663,0.046992686365268245,3.7423659501470627,4.406472744698071,2.311140545852225
0.03354930329069397,0.046992686365268245,3.742365940147063,4.406472754698071,2.311140545852225
0.03354930329927475,0.046992686365268245,3.742365940147063,4.406472744698071,2.311140555852225
755.9256045941181,0.21390691905449813,4.00427916717412,4.835037041290044,1.8600131565709044
755.9255988057732,0.21390690905449813,4.00427916717412,4.835037041290044,1.8600131565709044
755.9256045663511,0.21390691905449813,4.00427917717412,4.835037041290044,1.8600131565709044
755.9256044972328,0.21390691905449813,4.00427916717412,4.835037051290044,1.8600131565709044
755.9256045139458,0.21390691905449813,4.00427916717412,4.835037041290044,1.8600131665709043
799.0239821338789,0.7858456665491041,4.009075031573049,4.85177089511123,1.8738603728929715
799.0506515408812,0.7858456765491042,4.009075031573049,4.85177089511123,1.8738603728929715
799.02398213238,0.7858456665491041,4.009075041573049,4.85177089511123,1.8738603728929715
799.0239820900786,0.7858456665491041,4.009075031573049,4.85177090511123,1.8738603728929715
799.0239821040553,0.7858456665491041,4.009075031573049,4.85177089511123,1.8738603828929714
794.6886546456468,0.3519425150087687,4.006993575913898,4.8445082263119845,1.8678505351703933
794.688655946779,0.3519425250087687,4.006993575913898,4.8445082263119845,1.8678505351703933
794.6886546334789,0.3519425150087687,4.006993585913898,4.8445082263119845,1.8678505351703933
794.688654608954,0.3519425150087687,4.006993575913898,4.8445082363119845,1.8678505351703933
794.6886546154936,0.3519425150087687,4.006993575913898,4.8445082263119845,1.8678505451703933
13.529825243896752,0.04530109550523986,4.005087977952162,4.837859164728685,1.8623484556693681
13.52994197038432,0.04530108550523986,4.005087977952162,4.837859164728685,1.8623484556693681
13.529825322587454,0.04530109550523986,4.005087987952162,4.837859164728685,1.8623484556693681
13.529825648836477,0.04530109550523986,4.005087977952162,4.837859174728685,1.8623484556693681
13.529825579313798,0.04530109550523986,4.005087977952162,4.837859164728685,1.862348465669368
751.0339380768504,0.20593796650131221,4.004317394647995,4.8351704255783705,1.860123531689162
751.0339315758762,0.20593795650131222,4.004317394647995,4.8351704255783705,1.860123531689162
751.0339380472233,0.20593796650131221,4.004317404647995,4.8351704255783705,1.860123531689162
751.033937972367,0.20593796650131221,4.004317394647995,4.8351704355783705,1.860123531689162
751.0339379904071,0.20593796650131221,4.004317394647995,4.8351704255783705,1.860123541689162
337.7661196517554,0.07583260854756937,4.0049415167191,4.837348128414754,1.8619255745767607
337.76600947342,0.07583259854756938,4.0049415167191,4.837348128414754,1.8619255745767607
337.76611951433836,0.07583260854756937,4.0049415267191,4.837348128414754,1.8619255745767607
337.76611902454675,0.07583260854756937,4.0049415167191,4.837348138414754,1.8619255745767607
337.7661191322905,0.07583260854756937,4.0049415167191,4.837348128414754,1.8619255845767606
6.350287969224286,0.04983442701056981,4.00506623132856,4.837783285848425,1.8622856661123137
6.350229228179247,0.04983441701056981,4.00506623132856,4.837783285848425,1.8622856661123137
6.35028792493118,0.04983442701056981,4.00506624132856,4.837783285848425,1.8622856661123137
6.350287746171897,0.04983442701056981,4.00506623132856,4.837783295848425,1.8622856661123137
6.350287784426052,0.04983442701056981,4.00506623132856,4.837783285848425,1.8622856761123137
821.0944923453469,5874.054668555628,8.434376865426671,27.14302232175206,20.34210922769181
821.0683176218071,5874.054668565628,8.434376865426671,27.14302232175206,20.34210922769181
821.0944923453432,5874.054668555628,8.434376875426672,27.14302232175206,20.34210922769181
821.0944923452736,5874.054668555628,8.434376865426671,27.14302233175206,20.34210922769181
821.0944923453469,5874.054668555628,8.434376865426671,27.14302232175206,20.342109237691812
820.3091171312373,6.523116111201945,4.0100224999311225,4.862742193687323,1.8829640463085597
820.3062009372154,6.523116121201945,4.0100224999311225,4.862742193687323,1.8829640463085597
820.3091171311519,6.523116111201945,4.010022509931122,4.862742193687323,1.8829640463085597
820.3091171297234,6.523116111201945,4.0100224999311225,4.862742203687323,1.8829640463085597
820.3091171299943,6.523116111201945,4.0100224999311225,4.862742193687323,1.8829640563085597
126088.76491257669,0.01465561943373303,4.0051148594127834,4.838028168434468,1.8624885505995004
126088.36638959675,0.01465562943373303,4.0051148594127834,4.838028168434468,1.8624885505995004
126088.76498794966,0.01465561943373303,4.005114869412783,4.838028168434468,1.8624885505995004
126088.76539601886,0.01465561943373303,4.0051148594127834,4.838028178434468,1.8624885505995004
126088.76531085753,0.01465561943373303,4.0051148594127834,4.838028168434468,1.8624885605995003
6.32597392819151,0.04983028449516991,4.005066234452183,4.8377833015784475,1.86228567914459
6.325915284594377,0.049830274495169906,4.005066234452183,4.8377833015784475,1.86228567914459
6.325973883976192,0.04983028449516991,4.005066244452183,4.8377833015784475,1.86228567914459
6.325973705526683,0.04983028449516991,4.005066234452183,4.837783311578447,1.86228567914459
6.3259737437143455,0.04983028449516991,4.005066234452183,4.8377833015784475,1.86228568914459
1.9957978192077122,0.048910781221581594,4.0050669277945685,4.837786793130275,1.8622885718847946
1.9957630445462995,0.04891077122158159,4.0050669277945685,4.837786793130275,1.8622885718847946
1.9957977935549946,0.048910781221581594,4.0050669377945685,4.837786793130275,1.8622885718847946
1.9957976894742435,0.048910781221581594,4.0050669277945685,4.837786803130275,1.8622885718847946
1.995797711719756,0.048910781221581594,4.0050669277945685,4.837786793130275,1.8622885818847945
0.14841252950189374,0.047570592774351175,4.005067884624939,4.8377916635933005,1.8622926074423853
0.1484217337795623,0.047570582774351174,4.005067884624939,4.8377916635933005,1.8622926074423853
0.14841253606879073,0.047570592774351175,4.005067894624939,4.8377916635933005,1.8622926074423853
0.14841256292557922,0.047570592774351175,4.005067884624939,4.8377916735933,1.8622926074423853
0.14841255717944005,0.047570592774351175,4.005067884624939,4.8377916635933005,1.8622926174423853
0.034925244005262146,0.04785107854738192,4.005067689743729,4.837790666300652,1.8622917814669901
0.034924228419877676,0.04785106854738192,4.005067689743729,4.837790666300652,1.8622917814669901
0.03492524327116475,0.04785107854738192,4.005067699743729,4.837790666300652,1.8622917814669901
0.034925240276307175,0.04785107854738192,4.005067689743729,4.837790676300652,1.8622917814669901
0.0349252409045122,0.04785107854738192,4.005067689743729,4.837790666300652,1.86229179146699
0.033472263043386984,0.04782320564453586,4.005067709345016,4.837790766419674,1.8622918647053173
0.03347223736092866,0.04782319564453586,4.005067709345016,4.837790766419674,1.8622918647053173
0.033472263020885226,0.04782320564453586,4.005067719345016,4.837790766419674,1.8622918647053173
0.03347226293118167,0.04782320564453586,4.005067709345016,4.837790776419674,1.8622918647053173
0.03347226293886402,0.04782320564453586,4.005067709345016,4.837790766419674,1.8622918747053172
0.033471324184419206,0.04782248249827236,4.00506770996731,4.837790769534475,1.8622918676191507
0.03347132425883175,0.04782247249827236,4.00506770996731,4.837790769534475,1.8622918676191507
0.033471324180420106,0.04782248249827236,4.00506771996731,4.837790769534475,1.8622918676191507
0.03347132416626642,0.04782248249827236,4.00506770996731,4.837790779534475,1.8622918676191507
0.033471324157813155,0.04782248249827236,4.00506770996731,4.837790769534475,1.8622918776191506
0.033471324210852554,0.04782248458635663,4.0050677100792935,4.837790770042772,1.8622918683640544
0.03347132421104061,0.04782247458635663,4.0050677100792935,4.837790770042772,1.8622918683640544
0.03347132420680024,0.04782248458635663,4.0050677200792935,4.837790770042772,1.8622918683640544
0.03347132419242895,0.04782248458635663,4.0050677100792935,4.837790780042772,1.8622918683640544
0.03347132418402187,0.04782248458635663,4.0050677100792935,4.837790770042772,1.8622918783640543
0.033471324186047084,0.047822482673881374,4.0050677099767285,4.837790769577223,1.8622918676817974
0.03347132425421467,0.04782247267388137,4.0050677099767285,4.837790769577223,1.8622918676817974
0.03347132418204258,0.047822482673881374,4.005067719976728,4.837790769577223,1.8622918676817974
0.033471324167871366,0.047822482673881374,4.0050677099767285,4.837790779577223,1.8622918676817974
0.03347132415942127,0.047822482673881374,4.0050677099767285,4.837790769577223,1.8622918776817974
0.03347132418455995,0.04782248251416639,4.005067709968163,4.837790769538344,1.8622918676248208
0.03347132425840667,0.04782247251416639,4.005067709968163,4.837790769538344,1.8622918676248208
0.033471324180560875,0.04782248251416639,4.005067719968163,4.837790769538344,1.8622918676248208
0.03347132416640531,0.04782248251416639,4.005067709968163,4.837790779538344,1.8622918676248208
0.033471324157952245,0.04782248251416639,4.005067709968163,4.837790769538344,1.8622918776248207
0.03347132418443081,0.047822482499732186,4.005067709967388,4.837790769534831,1.8622918676196714
0.033471324258792116,0.047822472499732184,4.005067709967388,4.837790769534831,1.8622918676196714
0.03347132418043152,0.047822482499732186,4.005067719967388,4.837790769534831,1.8622918676196714
0.03347132416627882,0.047822482499732186,4.005067709967388,4.8377907795348305,1.8622918676196714
0.033471324157824514,0.047822482499732186,4.005067709967388,4.837790769534831,1.8622918776196713
0.033471324184418845,0.047822482498414406,4.005067709967318,4.83779076953451,1.8622918676192013
0.03347132425882514,0.047822472498414405,4.005067709967318,4.83779076953451,1.8622918676192013
0.03347132418042059,0.047822482498414406,4.005067719967318,4.83779076953451,1.8622918676192013
0.03347132416626731,0.047822482498414406,4.005067709967318,4.83779077953451,1.8622918676192013
0.03347132415781315,0.047822482498414406,4.005067709967318,4.83779076953451,1.8622918776192012
0.03347132418442813,0.04782248249928414,4.005067709967364,4.837790769534721,1.8622918676195117
0.033471324258802164,0.04782247249928414,4.005067709967364,4.837790769534721,1.8622918676195117
0.033471324180428995,0.04782248249928414,4.005067719967364,4.837790769534721,1.8622918676195117
0.03347132416627594,0.04782248249928414,4.005067709967364,4.837790779534721,1.8622918676195117
0.033471324157821086,0.04782248249928414,4.005067709967364,4.837790769534721,1.8622918776195116
0.03347132418441955,0.04782248249848603,4.005067709967322,4.837790769534528,1.8622918676192268
0.033471324258823494,0.04782247249848603,4.005067709967322,4.837790769534528,1.8622918676192268
0.033471324180420425,0.04782248249848603,4.005067719967322,4.837790769534528,1.8622918676192268
0.03347132416626749,0.04782248249848603,4.005067709967322,4.837790779534528,1.8622918676192268
0.03347132415781238,0.04782248249848603,4.005067709967322,4.837790769534528,1.8622918776192268
0.033471324184416826,0.04782248249842058,4.005067709967318,4.837790769534512,1.8622918676192035
0.03347132425882829,0.04782247249842058,4.005067709967318,4.837790769534512,1.8622918676192035
0.03347132418041755,0.04782248249842058,4.005067719967318,4.837790769534512,1.8622918676192035
0.03347132416626431,0.04782248249842058,4.005067709967318,4.837790779534512,1.8622918676192035
0.03347132415781117,0.04782248249842058,4.005067709967318,4.837790769534512,1.8622918776192035
0.03347132418442049,0.04782248249842255,4.005067709967318,4.837790769534512,1.8622918676192042
0.03347132425882782,0.04782247249842255,4.005067709967318,4.837790769534512,1.8622918676192042
0.033471324180422056,0.04782248249842255,4.005067719967318,4.837790769534512,1.8622918676192042
0.03347132416626841,0.04782248249842255,4.005067709967318,4.837790779534512,1.8622918676192042
0.03347132415781469,0.04782248249842255,4.005067709967318,4.837790769534512,1.8622918776192041
0.033471324184416826,0.04782248249842058,4.005067709967318,4.837790769534512,1.8622918676192035
0.03347132425882829,0.04782247249842058,4.005067709967318,4.837790769534512,1.8622918676192035
0.03347132418041755,0.04782248249842058,4.005067719967318,4.837790769534512,1.8622918676192035
0.03347132416626431,0.04782248249842058,4.005067709967318,4.837790779534512,1.8622918676192035
0.03347132415781117,0.04782248249842058,4.005067709967318,4.837790769534512,1.8622918776192035
809.2593262890796,0.611474781352003,4.8074138639349915,4.624638854947687,1.1818765225857804
809.2593260413548,0.6114747713520029,4.8074138639349915,4.624638854947687,1.1818765225857804
809.2593262866583,0.611474781352003,4.807413873934991,4.624638854947687,1.1818765225857804
809.2593262666503,0.611474781352003,4.8074138639349915,4.624638864947687,1.1818765225857804
809.259326236934,0.611474781352003,4.8074138639349915,4.624638854947687,1.1818765325857803
797.520823491904,0.36321807466143574,4.816940671374079,4.712888636131719,1.3870473111921389
797.5208245953941,0.36321808466143574,4.816940671374079,4.712888636131719,1.3870473111921389
797.5208234803608,0.36321807466143574,4.816940681374079,4.712888636131719,1.3870473111921389
797.5208234615043,0.36321807466143574,4.816940671374079,4.712888646131719,1.3870473111921389
797.5208234359301,0.36321807466143574,4.816940671374079,4.712888636131719,1.3870473211921388
803.6023049669432,0.4231544695114541,4.8092545374730244,4.641689586580635,1.2215175506825207
803.6023044147688,0.4231544595114541,4.8092545374730244,4.641689586580635,1.2215175506825207
803.6023049592495,0.4231544695114541,4.809254547473024,4.641689586580635,1.2215175506825207
803.6023049419872,0.4231544695114541,4.8092545374730244,4.641689596580635,1.2215175506825207
803.6023049073164,0.4231544695114541,4.8092545374730244,4.641689586580635,1.2215175606825206
325.4658665940182,0.0711371851439675,4.8140858249741045,4.6864433057602835,1.3255649005338224
325.4659852109215,0.07113719514396749,4.8140858249741045,4.6864433057602835,1.3255649005338224
325.4658664409064,0.0711371851439675,4.8140858349741045,4.6864433057602835,1.3255649005338224
325.46586598241686,0.0711371851439675,4.8140858249741045,4.686443315760283,1.3255649005338224
325.4658653532289,0.0711371851439675,4.8140858249741045,4.6864433057602835,1.3255649105338223
325.8372114346994,0.07078006149587046,4.812698702587107,4.673593959543229,1.2956916197045873
325.8370922875587,0.07078005149587047,4.812698702587107,4.673593959543229,1.2956916197045873
325.8372112799854,0.07078006149587046,4.812698712587107,4.673593959543229,1.2956916197045873
325.8372108241798,0.07078006149587046,4.812698702587107,4.673593969543229,1.2956916197045873
325.837210123697,0.07078006149587046,4.812698702587107,4.673593959543229,1.2956916297045873
44248634280396.24,0.00011000905935443228,4.813391593734668,4.680012425807778,1.310613829906952
44232548608909.14,0.00011001905935443228,4.813391593734668,4.680012425807778,1.310613829906952
44248634305668.56,0.00011000905935443228,4.813391603734668,4.680012425807778,1.310613829906952
44248634437361.38,0.00011000905935443228,4.813391593734668,4.680012435807778,1.310613829906952
44248634600497.55,0.00011000905935443228,4.813391593734668,4.680012425807778,1.310613839906952
7.498517438970683,0.047470636305114944,4.8138545042537935,4.684300509962074,1.320583141963519
7.498583521681669,0.047470646305114945,4.8138545042537935,4.684300509962074,1.320583141963519
7.498517385954742,0.047470636305114944,4.813854514253793,4.684300509962074,1.320583141963519
7.4985172067889945,0.047470636305114944,4.8138545042537935,4.684300519962074,1.320583141963519
7.498516964969281,0.047470636305114944,4.8138545042537935,4.684300509962074,1.320583151963519
801.3924981301445,0.6088757560428679,4.807466560931108,4.625116892399,1.182985336374367
801.3924976908625,0.6088757460428679,4.807466560931108,4.625116892399,1.182985336374367
801.3924981262418,0.6088757560428679,4.8074665709311075,4.625116892399,1.182985336374367
801.3924980930138,0.6088757560428679,4.807466560931108,4.625116902399,1.182985336374367
801.3924980388215,0.6088757560428679,4.807466560931108,4.625116892399,1.182985346374367
616.7651591086484,0.11306394131799205,4.812292088744021,4.6698248959289,1.2869283434308418
616.76512339087,0.11306393131799206,4.812292088744021,4.6698248959289,1.2869283434308418
616.7651590256081,0.11306394131799205,4.812292098744021,4.6698248959289,1.2869283434308418
616.7651588177425,0.11306394131799205,4.812292088744021,4.6698249059289,1.2869283434308418
616.765158470708,0.11306394131799205,4.812292088744021,4.6698248959289,1.2869283534308418
33405.703502689496,0.018205973686989518,4.813569683603689,4.681661676838748,1.3144480379932575
33405.61188960646,0.01820598368698952,4.813569683603689,4.681661676838748,1.3144480379932575
33405.70352765468,0.018205973686989518,4.813569693603689,4.681661676838748,1.3144480379932575
33405.70363544341,0.018205973686989518,4.813569683603689,4.681661686838748,1.3144480379932575
33405.70377416141,0.018205973686989518,4.813569683603689,4.681661676838748,1.3144480479932574
114.54627236758495,0.03929623984198767,4.813774946291851,4.6835634138803055,1.3188694447017448
114.5457986269798,0.03929624984198767,4.813774946291851,4.6835634138803055,1.3188694447017448
114.54627267325822,0.03929623984198767,4.813774956291851,4.6835634138803055,1.3188694447017448
114.54627376317639,0.03929623984198767,4.813774946291851,4.683563423880305,1.3188694447017448
114.5462752207575,0.03929623984198767,4.813774946291851,4.6835634138803055,1.3188694547017448
0.14805199497876256,0.04560870001932023,4.81383638281121,4.684132616717973,1.3201928018168234
0.14806118467727453,0.04560871001932023,4.81383638281121,4.684132616717973,1.3201928018168234
0.14805198793169558,0.04560870001932023,4.81383639281121,4.684132616717973,1.3201928018168234
0.14805196384483704,0.04560870001932023,4.81383638281121,4.684132626717973,1.3201928018168234
0.14805193136131786,0.04560870001932023,4.81383638281121,4.684132616717973,1.3201928118168234
0.04328489735126612,0.045307925695096556,4.8138334429116,4.6841054495882855,1.3201296547279688
0.04328256436435623,0.04530793569509656,4.8138334429116,4.6841054495882855,1.3201296547279688
0.043284899115328304,0.045307925695096556,4.8138334529116,4.6841054495882855,1.3201296547279688
0.0432849051624013,0.045307925695096556,4.8138334429116,4.684105459588285,1.3201296547279688
0.04328491326609638,0.045307925695096556,4.8138334429116,4.6841054495882855,1.3201296647279688
0.036389414241658,0.04536882443501352,4.813834038694326,4.684110952247551,1.3201424454846247
0.0363894739820161,0.04536883443501352,4.813834038694326,4.684110952247551,1.3201424454846247
0.03638941418711103,0.04536882443501352,4.813834048694326,4.684110952247551,1.3201424454846247
0.036389414005207794,0.04536882443501352,4.813834038694326,4.6841109622475505,1.3201424454846247
0.03638941372118927,0.04536882443501352,4.813834038694326,4.684110952247551,1.3201424554846246
0.036384885522182255,0.04536730464477443,4.813834024065334,4.684110815889229,1.3201421292233484
0.03638488592322805,0.045367314644774434,4.813834024065334,4.684110815889229,1.3201421292233484
0.03638488551280605,0.04536730464477443,4.813834034065334,4.684110815889229,1.3201421292233484
0.03638488548555514,0.04536730464477443,4.813834024065334,4.684110825889229,1.3201421292233484
0.036384885409800616,0.04536730464477443,4.813834024065334,4.684110815889229,1.3201421392233483
0.03638488549383413,0.04536729506573599,4.813834024212195,4.6841108159954645,1.3201421301803264
0.03638488551988442,0.04536730506573599,4.813834024212195,4.6841108159954645,1.3201421301803264
0.03638488548474272,0.04536729506573599,4.813834034212195,4.6841108159954645,1.3201421301803264
0.03638488545846937,0.04536729506573599,4.813834024212195,4.6841108259954645,1.3201421301803264
0.03638488538403052,0.04536729506573599,4.813834024212195,4.6841108159954645,1.3201421401803264
641.3080385392259,0.11743461950940139,5.238404668256914,4.305603747908057,1.2307209705652402
641.3080082527954,0.11743460950940139,5.238404668256914,4.305603747908057,1.2307209705652402
641.3080384608577,0.11743461950940139,5.238404678256914,4.305603747908057,1.2307209705652402
641.308038274896,0.11743461950940139,5.238404668256914,4.305603757908057,1.2307209705652402
641.3080379383042,0.11743461950940139,5.238404668256914,4.305603747908057,1.2307209805652402
809.1205611946716,0.8823271934985599,5.240991620084701,4.3143293353391625,1.250557529119005
809.9550512068371,0.88232720349856,5.240991620084701,4.3143293353391625,1.250557529119005
809.1205611941627,0.8823271934985599,5.240991630084701,4.3143293353391625,1.250557529119005
809.120561167622,0.8823271934985599,5.240991620084701,4.3143293453391625,1.250557529119005
809.1205611447958,0.8823271934985599,5.240991620084701,4.3143293353391625,1.250557539119005
806.3649811204303,0.4526372725484217,5.2398797681296445,4.310579145119119,1.2420319291551043
806.3649816439938,0.45263728254842167,5.2398797681296445,4.310579145119119,1.2420319291551043
806.3649811136313,0.4526372725484217,5.2398797781296444,4.310579145119119,1.2420319291551043
806.3649810993066,0.4526372725484217,5.2398797681296445,4.310579155119119,1.2420319291551043
806.3649810755966,0.4526372725484217,5.2398797681296445,4.310579145119119,1.2420319391551042
0.48226792527134243,0.043347733955595144,5.238820703554282,4.307007002627615,1.2339110989812523
0.48224806068752535,0.043347743955595146,5.238820703554282,4.307007002627615,1.2339110989812523
0.48226794077579604,0.043347733955595144,5.238820713554282,4.307007002627615,1.2339110989812523
0.482267991769488,0.043347733955595144,5.238820703554282,4.307007012627615,1.2339110989812523
0.48226807376485686,0.043347733955595144,5.238820703554282,4.307007002627615,1.2339111089812522
798.0397283778206,0.351325941585219,5.236635290961994,4.299002680874502,1.2158337966938593
798.0397294866245,0.351325951585219,5.236635290961994,4.299002680874502,1.2158337966938593
798.0397283657027,0.351325941585219,5.236635300961994,4.299002680874502,1.2158337966938593
798.0397283480689,0.351325941585219,5.236635290961994,4.299002690874502,1.2158337966938593
798.0397283065258,0.351325941585219,5.236635290961994,4.299002680874502,1.2158338066938592
365.06705831404525,0.07209995022035719,5.238616677899464,4.306259735501575,1.2322234389716336
365.0671692621497,0.07209996022035718,5.238616677899464,4.306259735501575,1.2322234389716336
365.06705815675423,0.07209995022035719,5.238616687899464,4.306259735501575,1.2322234389716336
365.06705771518426,0.07209995022035719,5.238616677899464,4.306259745501575,1.2322234389716336
365.06705696428975,0.07209995022035719,5.238616677899464,4.306259735501575,1.2322234489716335
0.5319710814780678,0.044296770101875285,5.2388139691961575,4.306982337276359,1.233855393697979
0.5319906288502703,0.04429678010187529,5.2388139691961575,4.306982337276359,1.233855393697979
0.5319710658075794,0.044296770101875285,5.238813979196157,4.306982337276359,1.233855393697979
0.531971014609481,0.044296770101875285,5.2388139691961575,4.306982347276359,1.233855393697979
0.5319709320005307,0.044296770101875285,5.2388139691961575,4.306982337276359,1.233855403697979
0.03880877677300115,0.04380148441786539,5.238817483742134,4.3069952097000455,1.233884465329694
0.038808778311258514,0.04380149441786539,5.238817483742134,4.3069952097000455,1.233884465329694
0.038808776757355785,0.04380148441786539,5.238817493742134,4.3069952097000455,1.233884465329694
0.038808776712520775,0.04380148441786539,5.238817483742134,4.306995219700045,1.233884465329694
0.038808776586207204,0.04380148441786539,5.238817483742134,4.3069952097000455,1.233884475329694
0.03880877416472131,0.04380144922066167,5.238817486674633,4.306995220313955,1.233884490482346
0.03880877422832076,0.04380145922066167,5.238817486674633,4.306995220313955,1.233884490482346
0.03880877415024149,0.04380144922066167,5.238817496674633,4.306995220313955,1.233884490482346
0.03880877410922934,0.04380144922066167,5.238817486674633,4.306995230313955,1.233884490482346
0.0388087739890732,0.04380144922066167,5.238817486674633,4.306995220313955,1.233884500482346
0.038808773707299585,0.04380144453885736,5.2388174900046725,4.306995232358626,1.2338845191892571
0.03880877356516953,0.043801454538857365,5.2388174900046725,4.306995232358626,1.2338845191892571
0.03880877369298286,0.04380144453885736,5.238817500004672,4.306995232358626,1.2338845191892571
0.03880877365250387,0.04380144453885736,5.2388174900046725,4.306995242358626,1.2338845191892571
0.038808773533205755,0.04380144453885736,5.2388174900046725,4.306995232358626,1.233884529189257
745.180793881099,0.9318626310031265,5.2302207697340695,4.7031840733879005,1.3750599664324772
735.4039378927888,0.9318626210031264,5.2302207697340695,4.7031840733879005,1.3750599664324772
745.1807938807086,0.9318626310031265,5.230220779734069,4.7031840733879005,1.3750599664324772
745.1807937240455,0.9318626310031265,5.2302207697340695,4.7031840833879,1.3750599664324772
745.1807936523794,0.9318626310031265,5.2302207697340695,4.7031840733879005,1.3750599764324771
274.8040658971044,0.06813736899687317,5.230220769774,4.703184089451702,1.3750599898264615
274.80419547523655,0.06813737899687317,5.230220769774,4.703184089451702,1.3750599898264615
274.8040657433214,0.06813736899687317,5.230220779774,4.703184089451702,1.3750599898264615
274.80406526361645,0.06813736899687317,5.230220769774,4.703184099451702,1.3750599898264615
274.8040647266537,0.06813736899687317,5.230220769774,4.703184089451702,1.3750599998264614
784.1150180550037,0.5990263975836748,5.23022076974736,4.703184078734516,1.3750599742188427
784.1150172617788,0.5990263875836748,5.23022076974736,4.703184078734516,1.3750599742188427
784.1150180511258,0.5990263975836748,5.23022077974736,4.703184078734516,1.3750599742188427
784.1150179822954,0.5990263975836748,5.23022076974736,4.703184088734516,1.3750599742188427
784.1150179341978,0.5990263975836748,5.23022076974736,4.703184078734516,1.3750599842188427
810.4976142587755,0.8209172509125289,5.2302207697385,4.703184075170105,1.3750599690279317
809.9898379549609,0.8209172409125288,5.2302207697385,4.703184075170105,1.3750599690279317
810.4976142584202,0.8209172509125289,5.2302207797385,4.703184075170105,1.3750599690279317
810.4976142367076,0.8209172509125289,5.2302207697385,4.703184085170105,1.3750599690279317
810.4976142263677,0.8209172509125289,5.2302207697385,4.703184075170105,1.3750599790279316
802.692471650298,0.8958284636202982,5.230220769735508,4.703184073966746,1.37505996727546
802.6238648289885,0.8958284536202982,5.230220769735508,4.703184073966746,1.37505996727546
802.6924716497535,0.8958284636202982,5.230220779735508,4.703184073966746,1.37505996727546
802.6924716119848,0.8958284636202982,5.230220769735508,4.703184083966746,1.37505996727546
802.692471591525,0.8958284636202982,5.230220769735508,4.703184073966746,1.37505997727546
786.9956929175728,0.9198933502649009,5.230220769734547,4.703184073580172,1.3750599667124863
785.5800469694384,0.9198933402649009,5.230220769734547,4.703184073580172,1.3750599667124863
786.9956929168931,0.9198933502649009,5.230220779734547,4.703184073580172,1.3750599667124863
786.9956928465915,0.9198933502649009,5.230220769734547,4.703184083580172,1.3750599667124863
786.995692806934,0.9198933502649009,5.230220769734547,4.703184073580172,1.3750599767124863
800.5894651847988,0.9281506759676996,5.230220769734218,4.703184073447528,1.3750599665193146
800.6937694689659,0.9281506659676996,5.230220769734218,4.703184073447528,1.3750599665193146
800.5894651844235,0.9281506759676996,5.230220779734218,4.703184073447528,1.3750599665193146
800.5894651418904,0.9281506759676996,5.230220769734218,4.703184083447528,1.3750599665193146
800.5894651176947,0.9281506759676996,5.230220769734218,4.703184073447528,1.3750599765193146
802.7658176890363,0.9306187330740845,5.230220769734119,4.703184073407882,1.375059966461577
794.7227648219623,0.9306187230740844,5.230220769734119,4.703184073407882,1.375059966461577
802.7658176828622,0.9306187330740845,5.230220779734119,4.703184073407882,1.375059966461577
802.7658176571288,0.9306187330740845,5.230220769734119,4.703184083407882,1.375059966461577
802.7658176440581,0.9306187330740845,5.230220769734119,4.703184073407882,1.375059976461577
760.4003121167289,0.9315801791340563,5.230220769734081,4.703184073392437,1.3750599664390848
789.7796544569619,0.9315801691340563,5.230220769734081,4.703184073392437,1.3750599664390848
760.4003121160094,0.9315801791340563,5.230220779734081,4.703184073392437,1.3750599664390848
760.4003119909502,0.9315801791340563,5.230220769734081,4.703184083392437,1.3750599664390848
760.4003119258433,0.9315801791340563,5.230220769734081,4.703184073392437,1.3750599764390847
779.6855126564279,0.9317061972823161,5.230220769734076,4.703184073390413,1.3750599664361367
771.769755999123,0.931706187282316,5.230220769734076,4.703184073390413,1.3750599664361367
779.6855126554362,0.9317061972823161,5.230220779734076,4.703184073390413,1.3750599664361367
779.6855125706104,0.9317061972823161,5.230220769734076,4.703184083390413,1.3750599664361367
779.6855125281822,0.9317061972823161,5.230220769734076,4.703184073390413,1.3750599764361366
762.1563554000918,0.9318269251854367,5.230220769734071,4.703184073388474,1.3750599664333125
749.0685779591197,0.9318269151854367,5.230220769734071,4.703184073388474,1.3750599664333125
762.1563553994067,0.9318269251854367,5.230220779734071,4.703184073388474,1.3750599664333125
762.15635527788,0.9318269251854367,5.230220769734071,4.703184083388474,1.3750599664333125
762.1563552129362,0.9318269251854367,5.230220769734071,4.703184073388474,1.3750599764333125
796.2661535073138,0.9318559870483228,5.2302207697340695,4.703184073388007,1.3750599664326326
797.2605283840968,0.9318559770483228,5.2302207697340695,4.703184073388007,1.3750599664326326
796.2661535065592,0.9318559870483228,5.230220779734069,4.703184073388007,1.3750599664326326
796.2661534557692,0.9318559870483228,5.2302207697340695,4.703184083388007,1.3750599664326326
796.2661534271049,0.9318559870483228,5.2302207697340695,4.703184073388007,1.3750599764326326
773.0388854484423,0.9318603379100998,5.2302207697340695,4.703184073387937,1.375059966432531
773.0389979339278,0.9318603279100998,5.2302207697340695,4.703184073387937,1.375059966432531
773.0388854480566,0.9318603379100998,5.230220779734069,4.703184073387937,1.375059966432531
773.0388853482309,0.9318603379100998,5.2302207697340695,4.703184083387937,1.375059966432531
773.0388852973715,0.9318603379100998,5.2302207697340695,4.703184073387937,1.3750599764325309
764.5242165622352,0.9318618851698535,5.2302207697340695,4.703184073387912,1.3750599664324947
746.3192682185396,0.9318618751698534,5.2302207697340695,4.703184073387912,1.3750599664324947
764.5242165618076,0.9318618851698535,5.230220779734069,4.703184073387912,1.3750599664324947
764.5242164445868,0.9318618851698535,5.2302207697340695,4.703184083387912,1.3750599664324947
764.5242163827025,0.9318618851698535,5.2302207697340695,4.703184073387912,1.3750599764324947
756.3808751895599,0.931862517093811,5.2302207697340695,4.703184073387902,1.3750599664324799
748.5018477588429,0.9318625070938109,5.2302207697340695,4.703184073387902,1.3750599664324799
756.380875189174,0.931862517093811,5.230220779734069,4.703184073387902,1.3750599664324799
756.3808750551956,0.931862517093811,5.2302207697340695,4.703184083387902,1.3750599664324799
756.3808749963063,0.931862517093811,5.2302207697340695,4.703184073387902,1.3750599764324798
755.6022539713117,0.9318626082868514,5.2302207697340695,4.7031840733879005,1.3750599664324776
737.1999488010144,0.9318625982868514,5.2302207697340695,4.7031840733879005,1.3750599664324776
755.6022539545462,0.9318626082868514,5.230220779734069,4.7031840733879005,1.3750599664324776
755.6022538535948,0.9318626082868514,5.2302207697340695,4.7031840833879,1.3750599664324776
755.6022538007876,0.9318626082868514,5.2302207697340695,4.7031840733879005,1.3750599764324776
735.6201174248816,0.9318626285747709,5.2302207697340695,4.7031840733879005,1.3750599664324772
741.2519302619353,0.9318626185747708,5.2302207697340695,4.7031840733879005,1.3750599664324772
735.6201174244957,0.9318626285747709,5.230220779734069,4.7031840733879005,1.3750599664324772
735.6201172485605,0.9318626285747709,5.2302207697340695,4.7031840833879,1.3750599664324772
735.6201171685886,0.9318626285747709,5.2302207697340695,4.7031840733879005,1.3750599764324771
759.4177379616727,0.9318626294623261,5.2302207697340695,4.7031840733879005,1.3750599664324772
735.764998509508,0.9318626194623261,5.2302207697340695,4.7031840733879005,1.3750599664324772
759.4177379417891,0.9318626294623261,5.230220779734069,4.7031840733879005,1.3750599664324772
759.4177378551715,0.9318626294623261,5.2302207697340695,4.7031840833879,1.3750599664324772
759.41773780631,0.9318626294623261,5.2302207697340695,4.7031840733879005,1.3750599764324771
752.6716679623469,0.9318626285779377,5.2302207697340695,4.7031840733879005,1.3750599664324772
738.4945533177407,0.9318626185779376,5.2302207697340695,4.7031840733879005,1.3750599664324772
752.6716679584963,0.9318626285779377,5.230220779734069,4.7031840733879005,1.3750599664324772
752.6716678242932,0.9318626285779377,5.2302207697340695,4.7031840833879,1.3750599664324772
752.6716677608106,0.9318626285779377,5.2302207697340695,4.7031840733879005,1.3750599764324771
735.6201174248816,0.9318626285747709,5.2302207697340695,4.7031840733879005,1.3750599664324772
741.2519302619353,0.9318626185747708,5.2302207697340695,4.7031840733879005,1.3750599664324772
735.6201174244957,0.9318626285747709,5.230220779734069,4.7031840733879005,1.3750599664324772
735.6201172485605,0.9318626285747709,5.2302207697340695,4.7031840833879,1.3750599664324772
735.6201171685886,0.9318626285747709,5.2302207697340695,4.7031840733879005,1.3750599764324771
568.5978546618236,0.10828971352304861,5.364420241760195,4.4768882111046695,2.1089907244081854
568.5979000814441,0.10828972352304861,5.364420241760195,4.4768882111046695,2.1089907244081854
568.5978545745928,0.10828971352304861,5.364420251760195,4.4768882111046695,2.1089907244081854
568.5978542838369,0.10828971352304861,5.364420241760195,4.476888221104669,2.1089907244081854
568.5978544588703,0.10828971352304861,5.364420241760195,4.4768882111046695,2.1089907344081853
798.6264784359238,0.8916638334432038,5.3663407052315915,4.485209925805082,2.113458922491417
801.0397501267335,0.8916638234432037,5.3663407052315915,4.485209925805082,2.113458922491417
798.626478433681,0.8916638334432038,5.366340715231591,4.485209925805082,2.113458922491417
798.626478388838,0.8916638334432038,5.3663407052315915,4.485209935805082,2.113458922491417
798.6264784158753,0.8916638334432038,5.3663407052315915,4.485209925805082,2.113458932491417
568.555089054593,0.10828030295142799,5.364420259833693,4.476888289420399,2.1089907664584366
568.5551345356232,0.10828031295142798,5.364420259833693,4.476888289420399,2.1089907664584366
568.5550889673506,0.10828030295142799,5.364420269833693,4.476888289420399,2.1089907664584366
568.5550886765475,0.10828030295142799,5.364420259833693,4.476888299420399,2.1089907664584366
568.5550888516079,0.10828030295142799,5.364420259833693,4.476888289420399,2.1089907764584366
568.5122555940567,0.10827087974626719,5.364420277931456,4.476888367841267,2.10899080856514
568.5123010289133,0.10827088974626718,5.364420277931456,4.476888367841267,2.10899080856514
568.5122555068025,0.10827087974626719,5.3644202879314555,4.476888367841267,2.10899080856514
568.5122552159518,0.10827087974626719,5.364420277931456,4.476888377841267,2.10899080856514
568.5122553910396,0.10827087974626719,5.364420277931456,4.476888367841267,2.10899081856514
797.590445110745,0.39169647684846826,5.365380491581523,4.481049146823175,2.1112248655282784
797.5904440954298,0.39169646684846826,5.365380491581523,4.481049146823175,2.1112248655282784
797.5904451004384,0.39169647684846826,5.365380501581523,4.481049146823175,2.1112248655282784
797.5904450779667,0.39169647684846826,5.365380491581523,4.4810491568231745,2.1112248655282784
797.590445093293,0.39169647684846826,5.365380491581523,4.481049146823175,2.1112248755282783
1827.8604028076975,0.03181392432859309,5.364689318178315,4.478054167769585,2.10961676429574
1827.8646285803727,0.03181391432859309,5.364689318178315,4.478054167769585,2.10961676429574
1827.860404693033,0.03181392432859309,5.364689328178315,4.478054167769585,2.10961676429574
1827.8604136681045,0.03181392432859309,5.364689318178315,4.478054177769585,2.10961676429574
1827.8604086573225,0.03181392432859309,5.364689318178315,4.478054167769585,2.10961677429574
565.3052649993788,0.10757184093820876,5.364421620472316,4.476894185313032,2.1089939321541027
565.3053112916249,0.10757185093820876,5.364421620472316,4.476894185313032,2.1089939321541027
565.305264911249,0.10757184093820876,5.364421630472316,4.476894185313032,2.1089939321541027
565.3052646168558,0.10757184093820876,5.364421620472316,4.476894195313032,2.1089939321541027
565.3052647939802,0.10757184093820876,5.364421620472316,4.476894185313032,2.1089939421541026
561.996065196155,0.106863653033414,5.3644229805845,4.476900078924506,2.1089970966249405
561.9961123539368,0.10686366303341399,5.3644229805845,4.476900078924506,2.1089970966249405
561.9960651071266,0.106863653033414,5.3644229905845,4.476900078924506,2.1089970966249405
561.9960648090903,0.106863653033414,5.3644229805845,4.476900088924506,2.1089970966249405
561.9960649883083,0.106863653033414,5.3644229805845,4.476900078924506,2.1089971066249404
438.7888492079027,0.03752486435241045,5.364556149381407,4.477477123347046,2.10930693046034
438.7876252258063,0.037524874352410455,5.364556149381407,4.477477123347046,2.10930693046034
438.788849867385,0.03752486435241045,5.364556159381407,4.477477123347046,2.10930693046034
438.7888528744471,0.03752486435241045,5.364556149381407,4.477477133347046,2.10930693046034
438.7888511841061,0.03752486435241045,5.364556149381407,4.477477123347046,2.10930694046034
549.4431064887766,0.10429112144219166,5.36442792126696,4.476921487792973,2.1090085917396486
549.443156959628,0.10429113144219165,5.36442792126696,4.476921487792973,2.1090085917396486
549.4431063963904,0.10429112144219166,5.36442793126696,4.476921487792973,2.1090085917396486
549.4431060846496,0.10429112144219166,5.36442792126696,4.476921497792973,2.1090085917396486
549.443106271731,0.10429112144219166,5.36442792126696,4.476921487792973,2.1090086017396485
118.60214463140902,0.05963883727174766,5.364513678331299,4.477293088624547,2.10920811625871
118.60228840238373,0.05963884727174766,5.364513678331299,4.477293088624547,2.10920811625871
118.60214449851784,0.05963883727174766,5.364513688331299,4.477293088624547,2.10920811625871
118.60214396610202,0.05963883727174766,5.364513678331299,4.477293098624547,2.10920811625871
118.60214427295209,0.05963883727174766,5.364513678331299,4.477293088624547,2.10920812625871
0.19025123073062583,0.04777767242713475,5.364536458323311,4.477391798439768,2.1092611167547672
0.19024053938625013,0.04777768242713475,5.364536458323311,4.477391798439768,2.1092611167547672
0.19025123834333385,0.04777767242713475,5.364536468323311,4.477391798439768,2.1092611167547672
0.1902512708403986,0.04777767242713475,5.364536458323311,4.477391808439768,2.1092611167547672
0.19025125234330353,0.04777767242713475,5.364536458323311,4.477391798439768,2.109261126754767
113.84073850491073,0.05930754442926595,5.36452559383959,4.477338502932593,2.109232433939948
113.84088191783827,0.059307554429265955,5.36452559383959,4.477338502932593,2.109232433939948
113.84073837322406,0.05930754442926595,5.36452560383959,4.477338502932593,2.109232433939948
113.84073784477476,0.05930754442926595,5.36452559383959,4.477338512932593,2.109232433939948
113.84073814924149,0.05930754442926595,5.36452559383959,4.477338502932593,2.109232443939948
0.040252431974426094,0.04813885645490002,5.364536117983194,4.4773901289081435,2.1092602182387576
0.04025466232513625,0.04813886645490002,5.364536117983194,4.4773901289081435,2.1092602182387576
0.04025243036829473,0.04813885645490002,5.364536127983194,4.4773901289081435,2.1092602182387576
0.0402524235285911,0.04813885645490002,5.364536117983194,4.477390138908143,2.1092602182387576
0.040252427414536385,0.04813885645490002,5.364536117983194,4.4773901289081435,2.1092602282387576
0.0330807514456074,0.048076514240820996,5.36453617714483,4.477390418892957,2.109260374512282
0.033080817624823726,0.048076524240821,5.36453617714483,4.477390418892957,2.109260374512282
0.033080751394794924,0.048076514240820996,5.36453618714483,4.477390418892957,2.109260374512282
0.033080751179998105,0.048076514240820996,5.36453617714483,4.477390428892957,2.109260374512282
0.03308075129501078,0.048076514240820996,5.36453617714483,4.477390418892957,2.109260384512282
0.03307451671836287,0.048074607848361886,5.364536179047727,4.477390428206323,2.109260379745312
0.03307451629105559,0.04807461784836189,5.364536179047727,4.477390428206323,2.109260379745312
0.03307451671534372,0.048074607848361886,5.364536189047727,4.477390428206323,2.109260379745312
0.03307451670420041,0.048074607848361886,5.364536179047727,4.4773904382063225,2.109260379745312
0.033074516703301034,0.048074607848361886,5.364536179047727,4.477390428206323,2.109260389745312
0.03307451624210415,0.0480746200777761,5.364536179130807,4.477390428598475,2.109260380167926
0.0330745162420589,0.048074630077776105,5.364536179130807,4.477390428598475,2.109260380167926
0.03307451623877897,0.0480746200777761,5.364536189130807,4.477390428598475,2.109260380167926
0.03307451622632909,0.0480746200777761,5.364536179130807,4.477390438598475,2.109260380167926
0.03307451622617296,0.0480746200777761,5.364536179130807,4.477390428598475,2.109260390167926
771.8997047010234,0.2710552568814567,6.204937555580567,4.887977160505616,2.803812410869727
771.8997014014759,0.2710552468814567,6.204937555580567,4.887977160505616,2.803812410869727
771.8997046823052,0.2710552568814567,6.2049375655805665,4.887977160505616,2.803812410869727
771.8997046341723,0.2710552568814567,6.204937555580567,4.887977170505616,2.803812410869727
771.8997046840017,0.2710552568814567,6.204937555580567,4.887977160505616,2.803812420869727
805.426638276917,0.7287101796719286,6.210609183615201,4.908233112703823,2.808970017795366
805.4266385355087,0.7287101896719287,6.210609183615201,4.908233112703823,2.808970017795366
805.4266382746362,0.7287101796719286,6.210609193615201,4.908233112703823,2.808970017795366
805.4266382484926,0.7287101796719286,6.210609183615201,4.908233122703823,2.808970017795366
805.4266382708448,0.7287101796719286,6.210609183615201,4.908233112703823,2.808970027795366
119608.26898116083,0.015847962195864207,6.20656514569426,4.893790021881557,2.8052924920723763
119607.9182003206,0.01584797219586421,6.20656514569426,4.893790021881557,2.8052924920723763
119608.26904402404,0.015847962195864207,6.20656515569426,4.893790021881557,2.8052924920723763
119608.26941767968,0.015847962195864207,6.20656514569426,4.893790031881557,2.8052924920723763
119608.26909375913,0.015847962195864207,6.20656514569426,4.893790021881557,2.8052925020723762
771.8992742958989,0.2710539530659108,6.204937562977058,4.887977186921837,2.8038124175958727
771.8992709963037,0.2710539430659108,6.204937562977058,4.887977186921837,2.8038124175958727
771.8992742771806,0.2710539530659108,6.204937572977058,4.887977186921837,2.8038124175958727
771.8992742290474,0.2710539530659108,6.204937562977058,4.887977196921837,2.8038124175958727
771.899274278877,0.2710539530659108,6.204937562977058,4.887977186921837,2.8038124275958727
771.8988438803876,0.2710526492376759,6.204937570373622,4.887977213338316,2.803812424322084
771.8988405807451,0.2710526392376759,6.204937570373622,4.887977213338316,2.803812424322084
771.8988438616691,0.2710526492376759,6.204937580373622,4.887977213338316,2.803812424322084
771.8988438135353,0.2710526492376759,6.204937570373622,4.887977223338316,2.803812424322084
771.8988438633656,0.2710526492376759,6.204937570373622,4.887977213338316,2.803812434322084
613.3584371514228,0.12760234352090588,6.2057513580339405,4.890883617609937,2.80455245819723
613.3584053183802,0.1276023335209059,6.2057513580339405,4.890883617609937,2.80455245819723
613.3584370853928,0.12760234352090588,6.2057513680339405,4.890883617609937,2.80455245819723
613.3584368612665,0.12760234352090588,6.2057513580339405,4.890883627609937,2.80455245819723
613.3584370770927,0.12760234352090588,6.2057513580339405,4.890883617609937,2.80455246819723
613.3390817793693,0.12759626493645038,6.2057513925175,4.890883740766341,2.804552489555535
613.3390499418613,0.12759625493645038,6.2057513925175,4.890883740766341,2.804552489555535
613.3390817133342,0.12759626493645038,6.2057514025175,4.890883740766341,2.804552489555535
613.3390814891873,0.12759626493645038,6.2057513925175,4.890883750766341,2.804552489555535
613.3390817050325,0.12759626493645038,6.2057513925175,4.890883740766341,2.804552499555535
613.319721872462,0.12759018577421746,6.205751427004335,4.890883863934452,2.8045525209168205
613.319690030549,0.12759017577421747,6.205751427004335,4.890883863934452,2.8045525209168205
613.319721806422,0.12759018577421746,6.205751437004335,4.890883863934452,2.8045525209168205
613.3197215822543,0.12759018577421746,6.205751427004335,4.890883873934452,2.8045525209168205
613.3197217981185,0.12759018577421746,6.205751427004335,4.890883863934452,2.8045525309168204
25.63252736063941,0.05587111178917664,6.2061582863492974,4.892336942908004,2.804922506494598
25.63243250251744,0.05587110178917664,6.2061582863492974,4.892336942908004,2.804922506494598
25.632527289794027,0.05587111178917664,6.206158296349297,4.892336942908004,2.804922506494598
25.632526979728524,0.05587111178917664,6.2061582863492974,4.892336952908004,2.804922506494598
25.63252726227795,0.05587111178917664,6.2061582863492974,4.892336942908004,2.804922516494598
25.552073539836833,0.055862626481228056,6.206158334486099,4.892337114826322,2.804922550268749
25.551978784473047,0.055862616481228054,6.206158334486099,4.892337114826322,2.804922550268749
25.552073469080888,0.055862626481228056,6.206158344486099,4.892337114826322,2.804922550268749
25.552073159393437,0.055862626481228056,6.206158334486099,4.892337124826322,2.804922550268749
25.55207344159603,0.055862626481228056,6.206158334486099,4.892337114826322,2.804922560268749
3.802729390109681,0.05283348142939756,6.206175518700885,4.892398487439465,2.8049381770737245
3.802685796368016,0.05283347142939756,6.206175518700885,4.892398487439465,2.8049381770737245
3.802729359626563,0.05283348142939756,6.206175528700885,4.892398487439465,2.8049381770737245
3.8027292240836705,0.05283348142939756,6.206175518700885,4.892398497439465,2.8049381770737245
3.802729347223412,0.05283348142939756,6.206175518700885,4.892398487439465,2.8049381870737244
57552.25696107985,0.01849275961676672,6.206370332197572,4.893094254660511,2.8051153345730504
57552.40754553912,0.018492749616766717,6.206370332197572,4.893094254660511,2.8051153345730504
57552.25699300633,0.01849275961676672,6.206370342197572,4.893094254660511,2.8051153345730504
57552.25717717275,0.01849275961676672,6.206370332197572,4.893094264660511,2.8051153345730504
57552.257016856274,0.01849275961676672,6.206370332197572,4.893094254660511,2.8051153445730503
183.00734059921118,0.04300397155467156,6.206231281104478,4.892597640235586,2.804988885716324
183.0079289010611,0.04300396155467156,6.206231281104478,4.892597640235586,2.804988885716324
183.0073409227244,0.04300397155467156,6.206231291104478,4.892597640235586,2.804988885716324
183.00734244545342,0.04300397155467156,6.206231281104478,4.892597650235586,2.804988885716324
183.00734107643848,0.04300397155467156,6.206231281104478,4.892597640235586,2.804988895716324
3.802729390109681,0.05283348142939756,6.206175518700885,4.892398487439465,2.8049381770737245
3.802685796368016,0.05283347142939756,6.206175518700885,4.892398487439465,2.8049381770737245
3.802729359626563,0.05283348142939756,6.206175528700885,4.892398487439465,2.8049381770737245
3.8027292240836705,0.05283348142939756,6.206175518700885,4.892398497439465,2.8049381770737245
3.802729347223412,0.05283348142939756,6.206175518700885,4.892398487439465,2.8049381870737244
821.0840603310202,4359.321332284239,9.254487318000272,21.49499961565699,7.093565078985697
821.1229876568632,4359.321332294239,9.254487318000272,21.49499961565699,7.093565078985697
821.0840603310116,4359.321332284239,9.254487328000273,21.49499961565699,7.093565078985697
821.0840603307482,4359.321332284239,9.254487318000272,21.49499962565699,7.093565078985697
821.0840603310062,4359.321332284239,9.254487318000272,21.49499961565699,7.093565088985697
821.074570182475,2542.4615478501155,7.984040022593515,14.575520543696896,5.306190687102628
821.0811520458811,2542.4615478601154,7.984040022593515,14.575520543696896,5.306190687102628
821.0745701826156,2542.4615478501155,7.984040032593515,14.575520543696896,5.306190687102628
821.074570186715,2542.4615478501155,7.984040022593515,14.575520553696897,5.306190687102628
821.0745701826925,2542.4615478501155,7.984040022593515,14.575520543696896,5.306190697102628
821.0900046206032,1481.6276293748388,7.242247180818205,10.535352909075971,4.2625727942038445
821.0780656959366,1481.6276293848387,7.242247180818205,10.535352909075971,4.2625727942038445
821.0900046206018,1481.6276293748388,7.242247190818205,10.535352909075971,4.2625727942038445
821.0900046205774,1481.6276293748388,7.242247180818205,10.535352919075972,4.2625727942038445
821.0900046206003,1481.6276293748388,7.242247180818205,10.535352909075971,4.262572804203844
820.1186301325421,2.6399809519204926,6.208058481185493,4.9026540246448524,2.8075872904513766
820.1008924385146,2.6399809619204926,6.208058481185493,4.9026540246448524,2.8075872904513766
820.1186301325068,2.6399809519204926,6.208058491185493,4.9026540246448524,2.8075872904513766
820.1186301305895,2.6399809519204926,6.208058481185493,4.902654034644852,2.8075872904513766
820.1186301320669,2.6399809519204926,6.208058481185493,4.9026540246448524,2.8075873004513765
4.726364173025379,0.049536203058201125,6.20617782433747,4.892411045067125,2.804941420841336
4.7264240240760556,0.049536193058201124,6.20617782433747,4.892411045067125,2.804941420841336
4.726364211828048,0.049536203058201125,6.20617783433747,4.892411045067125,2.804941420841336
4.726364387508554,0.049536203058201125,6.20617782433747,4.892411055067125,2.804941420841336
4.726364228438406,0.049536203058201125,6.20617782433747,4.892411045067125,2.804941430841336
0.0353723629848109,0.051236802823165874,6.2061766351855105,4.892404568362327,2.804939747840207
0.035370913258627366,0.05123679282316587,6.2061766351855105,4.892404568362327,2.804939747840207
0.035372362005999226,0.051236802823165874,6.2061766451855105,4.892404568362327,2.804939747840207
0.035372357616787545,0.051236802823165874,6.2061766351855105,4.892404578362327,2.804939747840207
0.035372361595342294,0.051236802823165874,6.2061766351855105,4.892404568362327,2.804939757840207
0.03204265628101825,0.051181878137971176,6.206176672223508,4.892404771536887,2.8049398004340897
0.03204289678966473,0.051181868137971175,6.206176672223508,4.892404771536887,2.8049398004340897
0.03204265644203909,0.051181878137971176,6.206176682223508,4.892404771536887,2.8049398004340897
0.03204265716522735,0.051181878137971176,6.206176672223508,4.892404781536887,2.8049398004340897
0.03204265650669653,0.051181878137971176,6.206176672223508,4.892404771536887,2.8049398104340897
0.03194923343415614,0.051189693538209874,6.206176666991259,4.892404742803338,2.804939793085068
0.03194923236415286,0.05118968353820987,6.206176666991259,4.892404742803338,2.804939793085068
0.031949233432440605,0.051189693538209874,6.206176676991259,4.892404742803338,2.804939793085068
0.0319492334255324,0.051189693538209874,6.206176666991259,4.892404752803338,2.804939793085068
0.03194923342918672,0.051189693538209874,6.206176666991259,4.892404742803338,2.804939803085068
0.031949231046009635,0.05118965892214293,6.2061766670466145,4.892404743081659,2.804939793245336
0.03194923104524756,0.05118964892214293,6.2061766670466145,4.892404743081659,2.804939793245336
0.03194923104501438,0.05118965892214293,6.2061766770466145,4.892404743081659,2.804939793245336
0.031949231041338365,0.05118965892214293,6.2061766670466145,4.892404753081659,2.804939793245336
0.03194923104206089,0.05118965892214293,6.2061766670466145,4.892404743081659,2.804939803245336
0.03194923104548364,0.051189658896315125,6.2061766670788625,4.892404743233016,2.80493979337328
0.03194923104553886,0.051189648896315124,6.2061766670788625,4.892404743233016,2.80493979337328
0.031949231044489074,0.051189658896315125,6.2061766770788624,4.892404743233016,2.80493979337328
0.03194923104081542,0.051189658896315125,6.2061766670788625,4.892404753233016,2.80493979337328
0.03194923104153638,0.051189658896315125,6.2061766670788625,4.892404743233016,2.80493980337328
0.03194923104341047,0.051189658793003905,6.206176667207854,4.892404743838445,2.8049397938850555
0.03194923104674268,0.0511896487930039,6.206176667207854,4.892404743838445,2.8049397938850555
0.03194923104241835,0.051189658793003905,6.206176677207854,4.892404743838445,2.8049397938850555
0.03194923103875433,0.051189658793003905,6.206176667207854,4.892404753838445,2.8049397938850555
0.03194923103946537,0.051189658793003905,6.206176667207854,4.892404743838445,2.8049398038850555
0.03194923103545473,0.05118965837975902,6.206176667723822,4.892404746260159,2.8049397959321576
0.03194923105190341,0.05118964837975902,6.206176667723822,4.892404746260159,2.8049397959321576
0.031949231034470914,0.05118965837975902,6.206176677723822,4.892404746260159,2.8049397959321576
0.03194923103084644,0.05118965837975902,6.206176667723822,4.892404756260159,2.8049397959321576
0.03194923103152293,0.05118965837975902,6.206176667723822,4.892404746260159,2.8049398059321575
806.3078942756663,0.7748357207606237,7.18014231816345,3.915089465581935,1.9574255371038505
806.9215051519037,0.7748357107606236,7.18014231816345,3.915089465581935,1.9574255371038505
806.3078942738397,0.7748357207606237,7.18014232816345,3.915089465581935,1.9574255371038505
806.3078942416973,0.7748357207606237,7.18014231816345,3.9150894755819348,1.9574255371038505
806.3078942589331,0.7748357207606237,7.18014231816345,3.915089465581935,1.9574255471038504
818.2962868052946,1.7748357207606218,7.1801423211402655,3.915089520941034,1.957425564373942
818.2962865964685,1.7748357107606219,7.1801423211402655,3.915089520941034,1.957425564373942
818.296286805191,1.7748357207606218,7.1801423311402655,3.915089520941034,1.957425564373942
818.2962867983333,1.7748357207606218,7.1801423211402655,3.915089530941034,1.957425564373942
818.2962868020808,1.7748357207606218,7.1801423211402655,3.915089520941034,1.957425574373942
810.6924457182233,1.1081689805648662,7.180142319155722,3.9150894840349637,1.957425546193879
810.9330862413186,1.1081689705648663,7.180142319155722,3.9150894840349637,1.957425546193879
810.6924457180319,1.1081689805648662,7.180142329155722,3.9150894840349637,1.957425546193879
810.6924456920798,1.1081689805648662,7.180142319155722,3.9150894940349636,1.957425546193879
810.6924457055086,1.1081689805648662,7.180142319155722,3.9150894840349637,1.957425556193879
781.1342928932038,0.8665230639078638,7.180142318436387,3.9150894706576636,1.9574255396041726
795.0270499096016,0.8665230539078638,7.180142318436387,3.9150894706576636,1.9574255396041726
781.134292891823,0.8665230639078638,7.180142328436387,3.9150894706576636,1.9574255396041726
781.1342927949802,0.8665230639078638,7.180142318436387,3.9150894806576635,1.9574255396041726
781.1342928466628,0.8665230639078638,7.180142318436387,3.9150894706576636,1.9574255496041726
803.2184889444063,0.7767519606484704,7.180142318169154,3.915089465688016,1.9574255371561065
802.6002177795613,0.7767519506484704,7.180142318169154,3.915089465688016,1.9574255371561065
803.2184889417643,0.7767519606484704,7.180142328169154,3.915089465688016,1.9574255371561065
803.2184889046093,0.7767519606484704,7.180142318169154,3.915089475688016,1.9574255371561065
803.2184889246059,0.7767519606484704,7.180142318169154,3.915089465688016,1.9574255471561064
798.9848406460144,0.7757938219355848,7.180142318166302,3.9150894656349746,1.957425537129978
799.8591309475063,0.7757938119355847,7.180142318166302,3.9150894656349746,1.957425537129978
798.9848406439241,0.7757938219355848,7.180142328166302,3.9150894656349746,1.957425537129978
798.9848405941298,0.7757938219355848,7.180142318166302,3.9150894756349746,1.957425537129978
798.9848406199623,0.7757938219355848,7.180142318166302,3.9150894656349746,1.957425547129978
807.2104468766205,0.7750086017649015,7.1801423181639645,3.9150894655915054,1.957425537108565
807.5148592448819,0.7750085917649014,7.1801423181639645,3.9150894655915054,1.957425537108565
807.2104468747968,0.7750086017649015,7.1801423281639645,3.9150894655915054,1.957425537108565
807.2104468449526,0.7750086017649015,7.1801423181639645,3.9150894755915053,1.957425537108565
807.210446860762,0.7750086017649015,7.1801423181639645,3.9150894655915054,1.9574255471085649
808.9459318890308,0.7748810181864958,7.180142318163585,3.9150894655844426,1.9574255371050857
808.5376983049883,0.7748810081864957,7.180142318163585,3.9150894655844426,1.9574255371050857
808.9459318872765,0.7748810181864958,7.180142328163585,3.9150894655844426,1.9574255371050857
808.9459318616618,0.7748810181864958,7.180142318163585,3.9150894755844425,1.9574255371050857
808.9459318756457,0.7748810181864958,7.180142318163585,3.9150894655844426,1.9574255471050857
804.7813217310959,0.7748561223018312,7.180142318163511,3.915089465583064,1.957425537104407
804.7007737595097,0.7748561123018312,7.180142318163511,3.915089465583064,1.957425537104407
804.7813217295068,0.7748561223018312,7.180142328163511,3.915089465583064,1.957425537104407
804.7813216927414,0.7748561223018312,7.180142318163511,3.915089475583064,1.957425537104407
804.7813217121164,0.7748561223018312,7.180142318163511,3.915089465583064,1.9574255471044069
805.4648645223142,0.7748537549722687,7.1801423181635515,3.9150894655840456,1.9574255371048925
803.1911109665915,0.7748537449722687,7.1801423181635515,3.9150894655840456,1.9574255371048925
805.4648645204359,0.7748537549722687,7.1801423281635515,3.9150894655840456,1.9574255371048925
805.4648644863493,0.7748537549722687,7.1801423181635515,3.9150894755840455,1.9574255371048925
805.4648645045761,0.7748537549722687,7.1801423181635515,3.9150894655840456,1.9574255471048925
804.7104473941959,0.7748560823044235,7.180142318163512,3.9150894655830806,1.9574255371044151
804.6994786678467,0.7748560723044234,7.180142318163512,3.9150894655830806,1.9574255371044151
804.7104473926012,0.7748560823044235,7.1801423281635115,3.9150894655830806,1.9574255371044151
804.7104473556753,0.7748560823044235,7.180142318163512,3.9150894755830805,1.9574255371044151
804.710447375219,0.7748560823044235,7.180142318163512,3.9150894655830806,1.957425547104415
804.9468148085373,0.774856075999086,7.1801423181635124,3.9150894655831054,1.9574255371044273
805.1892715319336,0.774856065999086,7.1801423181635124,3.9150894655831054,1.9574255371044273
804.946814806936,0.774856075999086,7.180142328163512,3.9150894655831054,1.9574255371044273
804.9468147706267,0.774856075999086,7.1801423181635124,3.9150894755831054,1.9574255371044273
804.9468147900534,0.774856075999086,7.1801423181635124,3.9150894655831054,1.9574255471044273
804.5890457389992,0.7748560822659725,7.180142318163512,3.9150894655830806,1.9574255371044151
804.9027962604614,0.7748560722659724,7.180142318163512,3.9150894655830806,1.9574255371044151
804.5890457374078,0.7748560822659725,7.1801423281635115,3.9150894655830806,1.9574255371044151
804.5890457001609,0.7748560822659725,7.180142318163512,3.9150894755830805,1.9574255371044151
804.589045719824,0.7748560822659725,7.180142318163512,3.9150894655830806,1.957425547104415
804.729989676016,0.7748560823031246,7.180142318163512,3.9150894655830806,1.9574255371044151
805.0333935377694,0.7748560723031246,7.180142318163512,3.9150894655830806,1.9574255371044151
804.7299896744248,0.7748560823031246,7.1801423281635115,3.9150894655830806,1.9574255371044151
804.7299896375434,0.7748560823031246,7.180142318163512,3.9150894755830805,1.9574255371044151
804.7299896570828,0.7748560823031246,7.180142318163512,3.9150894655830806,1.957425547104415
804.7097246448648,0.7748560822660233,7.180142318163512,3.9150894655830806,1.9574255371044151
804.9683291107987,0.7748560722660233,7.180142318163512,3.9150894655830806,1.9574255371044151
804.7097246432692,0.7748560822660233,7.1801423281635115,3.9150894655830806,1.9574255371044151
804.7097246063358,0.7748560822660233,7.180142318163512,3.9150894755830805,1.9574255371044151
804.7097246258859,0.7748560822660233,7.180142318163512,3.9150894655830806,1.957425547104415
804.5890457389992,0.7748560822659725,7.180142318163512,3.9150894655830806,1.9574255371044151
804.9027962604614,0.7748560722659724,7.180142318163512,3.9150894655830806,1.9574255371044151
804.5890457374078,0.7748560822659725,7.1801423281635115,3.9150894655830806,1.9574255371044151
804.5890457001609,0.7748560822659725,7.180142318163512,3.9150894755830805,1.9574255371044151
804.589045719824,0.7748560822659725,7.180142318163512,3.9150894655830806,1.957425547104415
804.729989676016,0.7748560823031246,7.180142318163512,3.9150894655830806,1.9574255371044151
805.0333935377694,0.7748560723031246,7.180142318163512,3.9150894655830806,1.9574255371044151
804.7299896744248,0.7748560823031246,7.1801423281635115,3.9150894655830806,1.9574255371044151
804.7299896375434,0.7748560823031246,7.180142318163512,3.9150894755830805,1.9574255371044151
804.7299896570828,0.7748560823031246,7.180142318163512,3.9150894655830806,1.957425547104415
804.7097246448648,0.7748560822660233,7.180142318163512,3.9150894655830806,1.9574255371044151
804.9683291107987,0.7748560722660233,7.180142318163512,3.9150894655830806,1.9574255371044151
804.7097246432692,0.7748560822660233,7.1801423281635115,3.9150894655830806,1.9574255371044151
804.7097246063358,0.7748560822660233,7.180142318163512,3.9150894755830805,1.9574255371044151
804.7097246258859,0.7748560822660233,7.180142318163512,3.9150894655830806,1.957425547104415
804.5890457389992,0.7748560822659725,7.180142318163512,3.9150894655830806,1.9574255371044151
804.9027962604614,0.7748560722659724,7.180142318163512,3.9150894655830806,1.9574255371044151
804.5890457374078,0.7748560822659725,7.1801423281635115,3.9150894655830806,1.9574255371044151
804.5890457001609,0.7748560822659725,7.180142318163512,3.9150894755830805,1.9574255371044151
804.589045719824,0.7748560822659725,7.180142318163512,3.9150894655830806,1.957425547104415
804.6915363709993,0.7748560822659979,7.180142318163512,3.9150894655830806,1.9574255371044151
804.9949836236465,0.7748560722659978,7.180142318163512,3.9150894655830806,1.9574255371044151
804.6915363694083,0.7748560822659979,7.1801423281635115,3.9150894655830806,1.9574255371044151
804.6915363324148,0.7748560822659979,7.180142318163512,3.9150894755830805,1.9574255371044151
804.6915363520019,0.7748560822659979,7.180142318163512,3.9150894655830806,1.957425547104415
804.5890457389992,0.7748560822659725,7.180142318163512,3.9150894655830806,1.9574255371044151
804.9027962604614,0.7748560722659724,7.180142318163512,3.9150894655830806,1.9574255371044151
804.5890457374078,0.7748560822659725,7.1801423281635115,3.9150894655830806,1.9574255371044151
804.5890457001609,0.7748560822659725,7.180142318163512,3.9150894755830805,1.9574255371044151
804.589045719824,0.7748560822659725,7.180142318163512,3.9150894655830806,1.957425547104415
804.4591811973228,0.7748560822659852,7.180142318163512,3.9150894655830806,1.9574255371044151
804.9039729622657,0.7748560722659852,7.180142318163512,3.9150894655830806,1.9574255371044151
804.4591811957365,0.7748560822659852,7.1801423281635115,3.9150894655830806,1.9574255371044151
804.4591811581441,0.7748560822659852,7.180142318163512,3.9150894755830805,1.9574255371044151
804.4591811779871,0.7748560822659852,7.180142318163512,3.9150894655830806,1.957425547104415
804.6867590200814,0.7748560822659916,7.180142318163512,3.9150894655830806,1.9574255371044151
804.8423312035256,0.7748560722659915,7.180142318163512,3.9150894655830806,1.9574255371044151
804.6867590184904,0.7748560822659916,7.1801423281635115,3.9150894655830806,1.9574255371044151
804.6867589814906,0.7748560822659916,7.180142318163512,3.9150894755830805,1.9574255371044151
804.6867590010803,0.7748560822659916,7.180142318163512,3.9150894655830806,1.957425547104415
804.4591811973228,0.7748560822659852,7.180142318163512,3.9150894655830806,1.9574255371044151
804.9039729622657,0.7748560722659852,7.180142318163512,3.9150894655830806,1.9574255371044151
804.4591811957365,0.7748560822659852,7.1801423281635115,3.9150894655830806,1.9574255371044151
804.4591811581441,0.7748560822659852,7.180142318163512,3.9150894755830805,1.9574255371044151
804.4591811779871,0.7748560822659852,7.180142318163512,3.9150894655830806,1.957425547104415
804.5650597887794,0.7748560822659883,7.180142318163512,3.9150894655830806,1.9574255371044151
805.2306143805367,0.7748560722659883,7.180142318163512,3.9150894655830806,1.9574255371044151
804.5650597871856,0.7748560822659883,7.1801423281635115,3.9150894655830806,1.9574255371044151
804.565059749888,0.7748560822659883,7.180142318163512,3.9150894755830805,1.9574255371044151
804.565059769636,0.7748560822659883,7.180142318163512,3.9150894655830806,1.957425547104415
804.4591811973228,0.7748560822659852,7.180142318163512,3.9150894655830806,1.9574255371044151
804.9039729622657,0.7748560722659852,7.180142318163512,3.9150894655830806,1.9574255371044151
804.4591811957365,0.7748560822659852,7.1801423281635115,3.9150894655830806,1.9574255371044151
804.4591811581441,0.7748560822659852,7.180142318163512,3.9150894755830805,1.9574255371044151
804.4591811779871,0.7748560822659852,7.180142318163512,3.9150894655830806,1.957425547104415
804.5956692115799,0.7748560822659868,7.180142318163512,3.9150894655830806,1.9574255371044151
804.9511567218519,0.7748560722659867,7.180142318163512,3.9150894655830806,1.9574255371044151
804.5956692099943,0.7748560822659868,7.1801423281635115,3.9150894655830806,1.9574255371044151
804.5956691727473,0.7748560822659868,7.180142318163512,3.9150894755830805,1.9574255371044151
804.5956691924733,0.7748560822659868,7.180142318163512,3.9150894655830806,1.957425547104415
804.4591811973228,0.7748560822659852,7.180142318163512,3.9150894655830806,1.9574255371044151
804.9039729622657,0.7748560722659852,7.180142318163512,3.9150894655830806,1.9574255371044151
804.4591811957365,0.7748560822659852,7.1801423281635115,3.9150894655830806,1.9574255371044151
804.4591811581441,0.7748560822659852,7.180142318163512,3.9150894755830805,1.9574255371044151
804.4591811779871,0.7748560822659852,7.180142318163512,3.9150894655830806,1.957425547104415
804.5956692115799,0.774856082265986,7.180142318163512,3.9150894655830806,1.9574255371044151
804.9511567218519,0.774856072265986,7.180142318163512,3.9150894655830806,1.9574255371044151
804.5956692099943,0.774856082265986,7.1801423281635115,3.9150894655830806,1.9574255371044151
804.5956691727473,0.774856082265986,7.180142318163512,3.9150894755830805,1.9574255371044151
804.5956691924733,0.774856082265986,7.180142318163512,3.9150894655830806,1.957425547104415
821.098302887403,31375052.763426516,7.339281154573391,7.7989160828516315,3.8749473345572794
821.098302887403,31375052.763426505,7.339281154573391,7.7989160828516315,3.8749473345572794
821.098302887403,31375052.763426516,7.339281164573391,7.7989160828516315,3.8749473345572794
821.0983028874045,31375052.763426516,7.339281154573391,7.7989160928516315,3.8749473345572794
821.098302887403,31375052.763426516,7.339281154573391,7.7989160828516315,3.8749473445572793
821.0982590368626,10458351.437712543,7.233188596966803,5.209698338005888,2.596599469588682
821.0981002330828,10458351.437712533,7.233188596966803,5.209698338005888,2.596599469588682
821.0982590368627,10458351.437712543,7.233188606966803,5.209698338005888,2.596599469588682
821.0982590368659,10458351.437712543,7.233188596966803,5.209698348005888,2.596599469588682
821.0982590368627,10458351.437712543,7.233188596966803,5.209698338005888,2.596599479588682
821.0982828536686,3487065.0925924066,7.19782921660158,4.346743036014943,2.170541417862647
821.0982828536686,3487065.092592397,7.19782921660158,4.346743036014943,2.170541417862647
821.0982828536557,3487065.0925924066,7.19782922660158,4.346743036014943,2.170541417862647
821.0982828529045,3487065.0925924066,7.19782921660158,4.346743046014943,2.170541417862647
821.0982828536447,3487065.0925924066,7.19782921660158,4.346743036014943,2.170541427862647
821.0982981096147,1162355.547434506,7.186037950976199,4.058973989060324,2.0284641640238044
821.098259351881,1162355.547434496,7.186037950976199,4.058973989060324,2.0284641640238044
821.0982981096147,1162355.547434506,7.186037960976199,4.058973989060324,2.0284641640238044
821.0982981096233,1162355.547434506,7.186037950976199,4.058973999060324,2.0284641640238044
821.0982981096131,1162355.547434506,7.186037950976199,4.058973989060324,2.0284641740238043
821.0978161173235,387476.2694726997,7.182107650344414,3.963053932385543,1.9811065403160388
821.0980804397656,387476.2694726897,7.182107650344414,3.963053932385543,1.9811065403160388
821.0978161173235,387476.2694726997,7.182107660344414,3.963053932385543,1.9811065403160388
821.097816117352,387476.2694726997,7.182107650344414,3.963053942385543,1.9811065403160388
821.0978161173277,387476.2694726997,7.182107650344414,3.963053932385543,1.9811065503160388
821.097836173801,129104.942702792,7.180797153318981,3.9310708957864797,1.9653158843802783
821.0986320043313,129104.942702782,7.180797153318981,3.9310708957864797,1.9653158843802783
821.0978361737826,129104.942702792,7.180797163318981,3.9310708957864797,1.9653158843802783
821.0978361732681,129104.942702792,7.180797153318981,3.9310709057864797,1.9653158843802783
821.0978361737778,129104.942702792,7.180797153318981,3.9310708957864797,1.9653158943802782
821.0991070815569,42980.937724124036,7.180360319813677,3.920409855191431,1.9600523183823415
821.0980005956366,42980.93772411404,7.180360319813677,3.920409855191431,1.9600523183823415
821.0991070816247,42980.937724124036,7.180360329813677,3.920409855191431,1.9600523183823415
821.099107085907,42980.937724124036,7.180360319813677,3.9204098651914308,1.9600523183823415
821.099107082773,42980.937724124036,7.180360319813677,3.920409855191431,1.9600523283823414
821.1012051437256,14352.787831543686,7.180215113665042,3.9168660596115394,1.9583026766141058
821.09218464388,14352.787831533686,7.180215113665042,3.9168660596115394,1.9583026766141058
821.1012051447525,14352.787831543686,7.180215123665042,3.9168660596115394,1.9583026766141058
821.1012051841192,14352.787831543686,7.180215113665042,3.9168660696115394,1.9583026766141058
821.1012051502288,14352.787831543686,7.180215113665042,3.9168660596115394,1.9583026866141058
821.0864140733593,4854.031867336558,7.180166934590406,3.915690236181568,1.9577221493972365
821.0941989043752,4854.031867326558,7.180166934590406,3.915690236181568,1.9577221493972365
821.0864140734877,4854.031867336558,7.180166944590406,3.915690236181568,1.9577221493972365
821.086414076521,4854.031867336558,7.180166934590406,3.915690246181568,1.9577221493972365
821.0864140708425,4854.031867336558,7.180166934590406,3.915690236181568,1.9577221593972365
821.0659692557749,1598.5829979357666,7.180150422479278,3.915287253615205,1.9575231889566342
821.0825173647986,1598.5829979257667,7.180150422479278,3.915287253615205,1.9575231889566342
821.0659692554915,1598.5829979357666,7.1801504324792775,3.915287253615205,1.9575231889566342
821.0659692414199,1598.5829979357666,7.180150422479278,3.915287263615205,1.9575231889566342
821.0659692517672,1598.5829979357666,7.180150422479278,3.915287253615205,1.9575231989566342
821.0318735565309,519.5216583022575,7.180144949322897,3.9151536797440265,1.9574572409021005
820.9498372779606,519.5216582922575,7.180144949322897,3.9151536797440265,1.9574572409021005
821.0318735566151,519.5216583022575,7.180144959322897,3.9151536797440265,1.9574572409021005
821.0318735614537,519.5216583022575,7.180144949322897,3.9151536897440264,1.9574572409021005
821.0318735606671,519.5216583022575,7.180144949322897,3.9151536797440265,1.9574572509021004
820.9986152008588,197.50796640793544,7.180143316022519,3.9151138186037753,1.9574375606710204
820.9897303933549,197.50796639793543,7.180143316022519,3.9151138186037753,1.9574375606710204
820.998615200793,197.50796640793544,7.180143326022519,3.9151138186037753,1.9574375606710204
820.9986152002012,197.50796640793544,7.180143316022519,3.915113828603775,1.9574375606710204
820.9986152005262,197.50796640793544,7.180143316022519,3.9151138186037753,1.9574375706710203
820.2261984335187,67.28755196439378,7.180142655525599,3.9150976989966457,1.957429602103071
820.209930613104,67.28755195439379,7.180142655525599,3.9150976989966457,1.957429602103071
820.2261984346771,67.28755196439378,7.180142665525599,3.9150976989966457,1.957429602103071
820.2261984540494,67.28755196439378,7.180142655525599,3.9150977089966457,1.957429602103071
820.2261984484057,67.28755196439378,7.180142655525599,3.9150976989966457,1.957429612103071
820.9205067772059,23.52777351691685,7.180142433569625,3.9150922821006877,1.957426927674705
820.7528089251282,23.527773506916848,7.180142433569625,3.9150922821006877,1.957426927674705
820.9205067777846,23.52777351691685,7.180142443569625,3.9150922821006877,1.957426927674705
820.9205067862497,23.52777351691685,7.180142433569625,3.9150922921006877,1.957426927674705
820.9205067819663,23.52777351691685,7.180142433569625,3.9150922821006877,1.9574269376747049
819.0967647382669,10.53076981501599,7.180142367646928,3.9150906732393245,1.95742613334812
819.0967757738152,10.53076980501599,7.180142367646928,3.9150906732393245,1.95742613334812
819.0967647380751,10.53076981501599,7.180142377646928,3.9150906732393245,1.95742613334812
819.0967647337675,10.53076981501599,7.180142367646928,3.9150906832393244,1.95742613334812
819.0967647358761,10.53076981501599,7.180142367646928,3.9150906732393245,1.95742614334812
819.7392476516039,4.026769827968142,7.180142334657692,3.915089868128044,1.9574257358488028
819.739192601575,4.026769817968142,7.180142334657692,3.915089868128044,1.9574257358488028
819.7392476514624,4.026769827968142,7.180142344657692,3.915089868128044,1.9574257358488028
819.7392476484557,4.026769827968142,7.180142334657692,3.915089878128044,1.9574257358488028
819.7392476499183,4.026769827968142,7.180142334657692,3.915089868128044,1.9574257458488027
814.2261724275139,1.8589221087432146,7.180142323662053,3.915089599776467,1.9574256033583368
814.7448179313026,1.8589220987432147,7.180142323662053,3.915089599776467,1.9574256033583368
814.2261724273408,1.8589221087432146,7.180142333662053,3.915089599776467,1.9574256033583368
814.2261724102962,1.8589221087432146,7.180142323662053,3.915089609776467,1.9574256033583368
814.2261724187248,1.8589221087432146,7.180142323662053,3.915089599776467,1.9574256133583368
810.8937415294204,0.9563277553980154,7.180142319083962,3.9150894880469322,1.9574255481952618
810.6384326189673,0.9563277453980153,7.180142319083962,3.9150894880469322,1.9574255481952618
810.8937415290256,0.9563277553980154,7.180142329083962,3.9150894880469322,1.9574255481952618
810.893741504172,0.9563277553980154,7.180142319083962,3.915089498046932,1.9574255481952618
810.8937415170312,0.9563277553980154,7.180142319083962,3.9150894880469322,1.9574255581952618
803.9388267646278,0.8609688174547871,7.1801423186002875,3.915089476242726,1.9574255423672924
802.7302860752018,0.8609688074547871,7.1801423186002875,3.915089476242726,1.9574255423672924
803.9388267633759,0.8609688174547871,7.1801423286002874,3.915089476242726,1.9574255423672924
803.9388267234049,0.8609688174547871,7.1801423186002875,3.915089486242726,1.9574255423672924
803.9388267451698,0.8609688174547871,7.1801423186002875,3.915089476242726,1.9574255523672923
804.8311964730617,0.8230984632951386,7.180142318408204,3.915089471554865,1.957425540052803
804.8309924467037,0.8230984532951385,7.180142318408204,3.915089471554865,1.957425540052803
804.8311964721854,0.8230984632951386,7.180142328408204,3.915089471554865,1.957425540052803
804.8311964333838,0.8230984632951386,7.180142318408204,3.915089481554865,1.957425540052803
804.8311964535143,0.8230984632951386,7.180142318408204,3.915089471554865,1.9574255500528028
805.7754143615256,0.6944144372450475,5.713643461302684,4.366886561719578,2.791703085221036
805.775414088814,0.6944144272450474,5.713643461302684,4.366886561719578,2.791703085221036
805.7754143584845,0.6944144372450475,5.713643471302684,4.366886561719578,2.791703085221036
805.7754143314042,0.6944144372450475,5.713643461302684,4.3668865717195775,2.791703085221036
805.7754143552316,0.6944144372450475,5.713643461302684,4.366886561719578,2.791703095221036
782.9441870688062,0.2992186516511677,5.7247238889101455,4.476634572732544,2.8146352210417565
782.9441893389935,0.29921866165116767,5.7247238889101455,4.476634572732544,2.8146352210417565
782.944187052935,0.2992186516511677,5.724723898910145,4.476634572732544,2.8146352210417565
782.944187013738,0.2992186516511677,5.7247238889101455,4.476634582732544,2.8146352210417565
782.9441870560966,0.2992186516511677,5.7247238889101455,4.476634572732544,2.8146352310417564
796.9496005790512,0.5863534352080777,5.714848495760212,4.378822033851248,2.7941970335439406
796.9495999591096,0.5863534252080776,5.714848495760212,4.378822033851248,2.7941970335439406
796.9496005748938,0.5863534352080777,5.714848505760212,4.378822033851248,2.7941970335439406
796.949600531135,0.5863534352080777,5.714848495760212,4.3788220438512475,2.7941970335439406
796.9496005693974,0.5863534352080777,5.714848495760212,4.378822033851248,2.7941970435439405
22618633.516998164,0.004460466435256549,5.721436914302024,4.444078164417707,2.8078324738172764
22618426.408303656,0.004460476435256549,5.721436914302024,4.444078164417707,2.8078324738172764
22618633.52800558,0.004460466435256549,5.721436924302024,4.444078164417707,2.8078324738172764
22618633.602699153,0.004460466435256549,5.721436914302024,4.444078174417707,2.8078324738172764
22618633.536964484,0.004460466435256549,5.721436914302024,4.444078164417707,2.8078324838172763
741.997874361278,0.20133246706981478,5.723632318194411,4.465822921849032,2.8123760981271952
741.9978818414106,0.20133247706981477,5.723632318194411,4.465822921849032,2.8123760981271952
741.9978743304946,0.20133246706981478,5.723632328194411,4.465822921849032,2.8123760981271952
741.9978742415357,0.20133246706981478,5.723632318194411,4.465822931849032,2.8123760981271952
741.9978743336003,0.20133246706981478,5.723632318194411,4.465822921849032,2.812376108127195
252.05474063512446,0.07082072403309747,5.7221769259205395,4.451407737439235,2.8093640073957546
252.05486713311467,0.07082073403309747,5.7221769259205395,4.451407737439235,2.8093640073957546
252.0547404984917,0.07082072403309747,5.722176935920539,4.451407737439235,2.8093640073957546
252.05473994021133,0.07082072403309747,5.7221769259205395,4.451407747439235,2.8093640073957546
252.0547404727539,0.07082072403309747,5.7221769259205395,4.451407737439235,2.8093640173957546
802.4027666872835,0.6927449677686417,5.71368242808409,4.367263855728955,2.791782147574931
802.4027663456108,0.6927449577686416,5.71368242808409,4.367263855728955,2.791782147574931
802.4027666844103,0.6927449677686417,5.71368243808409,4.367263855728955,2.791782147574931
802.402766649294,0.6927449677686417,5.71368242808409,4.367263865728955,2.791782147574931
802.4027666793872,0.6927449677686417,5.71368242808409,4.367263855728955,2.791782157574931
695.4960881297357,0.15794344652692452,5.7196319756002945,4.426198242678238,2.8040964847425007
695.496072583493,0.15794343652692452,5.7196319756002945,4.426198242678238,2.8040964847425007
695.4960880831363,0.15794344652692452,5.719631985600294,4.426198242678238,2.8040964847425007
695.4960879361499,0.15794344652692452,5.7196319756002945,4.426198252678238,2.8040964847425007
695.4960880849005,0.15794344652692452,5.7196319756002945,4.426198242678238,2.8040964947425007
1052358.800355082,0.009308425890885139,5.7214926153378425,4.444629167377512,2.807947625524745
1052353.9459263822,0.009308435890885139,5.7214926153378425,4.444629167377512,2.807947625524745
1052358.800898249,0.009308425890885139,5.721492625337842,4.444629167377512,2.807947625524745
1052358.8043947301,0.009308425890885139,5.7214926153378425,4.444629177377512,2.807947625524745
1052358.8012975994,0.009308425890885139,5.7214926153378425,4.444629167377512,2.807947635524745
5.3767603711704695,0.05108270253940522,5.7219573448384216,4.4492326348074736,2.808909519811034
5.376813267557792,0.051082712539405224,5.7219573448384216,4.4492326348074736,2.808909519811034
5.376760332391467,0.05108270253940522,5.7219573548384215,4.4492326348074736,2.808909519811034
5.376760158288182,0.05108270253940522,5.7219573448384216,4.4492326448074735,2.808909519811034
5.376760321324377,0.05108270253940522,5.7219573448384216,4.4492326348074736,2.808909529811034
650.156654275047,0.03689277983837209,5.7217909789986505,4.447632644323668,2.8085743654192075
650.1550002953048,0.03689278983837209,5.7217909789986505,4.447632644323668,2.8085743654192075
650.1566551070842,0.03689277983837209,5.7217909889986505,4.447632644323668,2.8085743654192075
650.1566591872485,0.03689277983837209,5.7217909789986505,4.447632654323668,2.8085743654192075
650.1566554260347,0.03689277983837209,5.7217909789986505,4.447632644323668,2.8085743754192074
0.299615306418779,0.048786021559627406,5.7219304180349475,4.448973671613,2.808855274080933
0.29960159258288016,0.04878603155962741,5.7219304180349475,4.448973671613,2.808855274080933
0.2996153159442374,0.048786021559627406,5.7219304280349474,4.448973671613,2.808855274080933
0.299615359263144,0.048786021559627406,5.7219304180349475,4.448973681613,2.808855274080933
0.29961531879084535,0.048786021559627406,5.7219304180349475,4.448973671613,2.808855284080933
0.042390294806901256,0.049258874546403465,5.7219359764191875,4.4490270534517835,2.808866457743876
0.042392873290080554,0.04925888454640347,5.7219359764191875,4.4490270534517835,2.808866457743876
0.04239029299322507,0.049258874546403465,5.721935986419187,4.4490270534517835,2.808866457743876
0.04239028476835577,0.049258874546403465,5.7219359764191875,4.4490270634517834,2.808866457743876
0.04239029245319794,0.049258874546403465,5.7219359764191875,4.4490270534517835,2.808866467743876
0.032353831570948496,0.04918403938587758,5.721935097290004,4.449018607621113,2.808864688461863
0.03235393090085316,0.04918404938587758,5.721935097290004,4.449018607621113,2.808864688461863
0.03235383149923563,0.04918403938587758,5.721935107290004,4.449018607621113,2.808864688461863
0.032353831174782285,0.04918403938587758,5.721935097290004,4.449018617621113,2.808864688461863
0.0323538314752026,0.04918403938587758,5.721935097290004,4.449018607621113,2.808864698461863
0.032339110111258194,0.0491810410751469,5.7219350621255725,4.449018269535355,2.808864617734783
0.032339109352625586,0.0491810510751469,5.7219350621255725,4.449018269535355,2.808864617734783
0.03233911010974137,0.0491810410751469,5.721935072125572,4.449018269535355,2.808864617734783
0.03233911010379583,0.0491810410751469,5.7219350621255725,4.449018279535355,2.808864617734783
0.03233911010653463,0.0491810410751469,5.7219350621255725,4.449018269535355,2.808864627734783
0.032339108866118085,0.04918106384233137,5.7219350624544,4.44901827241867,2.808864618434865
0.03233910886766832,0.04918107384233137,5.7219350624544,4.44901827241867,2.808864618434865
0.03233910886406846,0.04918106384233137,5.7219350724544,4.44901827241867,2.808864618434865
0.03233910885570474,0.04918106384233137,5.7219350624544,4.44901828241867,2.808864618434865
0.03233910886070371,0.04918106384233137,5.7219350624544,4.44901827241867,2.808864628434865
659.291207343417,0.132209288411945,5.680149897423138,3.805636888311938,3.008889417885916
659.2911832204928,0.132209278411945,5.680149897423138,3.805636888311938,3.008889417885916
659.291207280048,0.132209288411945,5.680149907423138,3.805636888311938,3.008889417885916
659.2912070648615,0.132209288411945,5.680149897423138,3.805636898311938,3.008889417885916
659.2912072981593,0.132209288411945,5.680149897423138,3.805636888311938,3.008889427885916
777.435504883376,0.867718838573157,5.6827766307626435,3.81718339356572,3.010765411610095
784.6946823221349,0.8677188485731571,5.6827766307626435,3.81718339356572,3.010765411610095
777.4355048749725,0.867718838573157,5.682776640762643,3.81718339356572,3.010765411610095
777.4355047828485,0.867718838573157,5.6827766307626435,3.81718340356572,3.010765411610095
777.4355048698442,0.867718838573157,5.6827766307626435,3.81718339356572,3.010765421610095
803.3743476475706,0.4394111035447341,5.681651499688914,3.8122375805824884,3.009961851232857
803.3743482285148,0.4394111135447341,5.681651499688914,3.8122375805824884,3.009961851232857
803.3743476403757,0.4394111035447341,5.681651509688914,3.8122375805824884,3.009961851232857
803.3743476171627,0.4394111035447341,5.681651499688914,3.8122375905824883,3.009961851232857
803.3743476430021,0.4394111035447341,5.681651499688914,3.8122375805824884,3.009961861232857
4403.708917620937,0.027104224627448492,5.68056840161843,3.8074765348481887,3.0091883105188697
4403.69874586156,0.027104234627448494,5.68056840161843,3.8074765348481887,3.0091883105188697
4403.7089216657,0.027104224627448492,5.68056841161843,3.8074765348481887,3.0091883105188697
4403.708943341711,0.027104224627448492,5.68056840161843,3.8074765448481886,3.0091883105188697
4403.708921841464,0.027104224627448492,5.68056840161843,3.8074765348481887,3.0091883205188696
658.8652549869483,0.13203308858927096,5.680150360286354,3.8056389229503518,3.008889748459437
658.8652307679009,0.13203307858927096,5.680150360286354,3.8056389229503518,3.008889748459437
658.8652549234363,0.13203308858927096,5.680150370286354,3.8056389229503518,3.008889748459437
658.8652547076674,0.13203308858927096,5.680150360286354,3.8056389329503517,3.008889748459437
658.8652549415717,0.13203308858927096,5.680150360286354,3.8056389229503518,3.008889758459437
658.4364100941582,0.13185639827462614,5.680150824438054,3.8056409632526407,3.0088900799531837
658.4363857781129,0.13185638827462615,5.680150824438054,3.8056409632526407,3.0088900799531837
658.4364100305022,0.13185639827462614,5.680150834438054,3.8056409632526407,3.0088900799531837
658.436409814147,0.13185639827462614,5.680150824438054,3.8056409732526406,3.0088900799531837
658.4364100486621,0.13185639827462614,5.680150824438054,3.8056409632526407,3.0088900899531836
40.96626772321186,0.05237608682358881,5.6803596130282425,3.806558749050415,3.0090391952360265
40.9661474488957,0.05237607682358881,5.6803596130282425,3.806558749050415,3.0090391952360265
40.96626762165237,0.05237608682358881,5.6803596230282425,3.806558749050415,3.0090391952360265
40.966267163606744,0.05237608682358881,5.6803596130282425,3.806558759050415,3.0090391952360265
40.96626763145005,0.05237608682358881,5.6803596130282425,3.806558749050415,3.0090392052360264
36.24912865846784,0.05197685291560092,5.680360661784635,3.806563359138172,3.0090399442501665
36.2490127102669,0.05197684291560092,5.680360661784635,3.806563359138172,3.0090399442501665
36.2491285614311,0.05197685291560092,5.680360671784635,3.806563359138172,3.0090399442501665
36.249128122843004,0.05197685291560092,5.680360661784635,3.8065633691381717,3.0090399442501665
36.24912857063472,0.05197685291560092,5.680360661784635,3.806563359138172,3.0090399542501665
0.8890803222758389,0.04605558997078617,5.680376216481388,3.8066317339461766,3.009051053300731
0.889106593847919,0.046055579970786166,5.680376216481388,3.8066317339461766,3.009051053300731
0.8890803413759434,0.04605558997078617,5.680376226481388,3.8066317339461766,3.009051053300731
0.8890804306503628,0.04605558997078617,5.680376216481388,3.8066317439461765,3.009051053300731
0.8890803400534126,0.04605558997078617,5.680376216481388,3.8066317339461766,3.009051063300731
485.9576624571104,0.09096841395296634,5.68029908367043,3.806272694649448,3.008992580311699
485.9575929034198,0.09096840395296635,5.68029908367043,3.806272694649448,3.008992580311699
485.9576623432952,0.09096841395296634,5.68029909367043,3.806272694649448,3.008992580311699
485.9576619071774,0.09096841395296634,5.68029908367043,3.806272704649448,3.008992580311699
485.9576623673576,0.09096841395296634,5.68029908367043,3.806272694649448,3.0089925903116987
3.0084818095500596,0.04805232571554263,5.680372787308446,3.806615771765802,3.0090484537067406
3.008439052903641,0.04805231571554263,5.680372787308446,3.806615771765802,3.0090484537067406
3.008481776885436,0.04805232571554263,5.680372797308446,3.806615771765802,3.0090484537067406
3.0084816259857066,0.04805232571554263,5.680372787308446,3.8066157817658017,3.0090484537067406
3.0084817794362855,0.04805232571554263,5.680372787308446,3.806615771765802,3.0090484637067405
0.033392961667241844,0.04672388380688485,5.680375068760592,3.8066263915132668,3.0090501832343515
0.03339289758952635,0.04672387380688485,5.680375068760592,3.8066263915132668,3.0090501832343515
0.0333929616147407,0.04672388380688485,5.680375078760592,3.8066263915132668,3.0090501832343515
0.03339296137134567,0.04672388380688485,5.680375068760592,3.8066264015132667,3.0090501832343515
0.03339296161608234,0.04672388380688485,5.680375068760592,3.8066263915132668,3.0090501932343514
0.03338737379706247,0.046722257766476566,5.6803750717030725,3.8066264053118988,3.0090501855488867
0.033387369519173406,0.046722247766476564,5.6803750717030725,3.8066264053118988,3.0090501855488867
0.033387373788780705,0.046722257766476566,5.6803750817030725,3.8066264053118988,3.0090501855488867
0.03338737375124503,0.046722257766476566,5.6803750717030725,3.8066264153118987,3.0090501855488867
0.033387373786929166,0.046722257766476566,5.6803750717030725,3.8066264053118988,3.0090501955488866
0.03338734677532207,0.04672214144116779,5.680375072052933,3.8066264070591393,3.0090501859103176
0.03338734677634843,0.04672213144116779,5.680375072052933,3.8066264070591393,3.0090501859103176
0.03338734677020358,0.04672214144116779,5.680375082052933,3.8066264070591393,3.0090501859103176
0.033387346747398,0.04672214144116779,5.680375072052933,3.8066264170591393,3.0090501859103176
0.03338734676812424,0.04672214144116779,5.680375072052933,3.8066264070591393,3.0090501959103175
0.033387346773332716,0.046722141460055586,5.680375072192242,3.806626407818898,3.009050186106093
0.03338734677379255,0.046722131460055584,5.680375072192242,3.806626407818898,3.009050186106093
0.033387346768214365,0.046722141460055586,5.680375082192242,3.806626407818898,3.009050186106093
0.033387346745406776,0.046722141460055586,5.680375072192242,3.8066264178188978,3.009050186106093
0.033387346766135924,0.046722141460055586,5.680375072192242,3.806626407818898,3.009050196106093
0.03338734676539135,0.04672214153560676,5.680375072749478,3.8066264108579317,3.0090501868891946
0.03338734676357212,0.04672213153560676,5.680375072749478,3.8066264108579317,3.0090501868891946
0.03338734676027074,0.04672214153560676,5.680375082749478,3.8066264108579317,3.0090501868891946
0.03338734673745574,0.04672214153560676,5.680375072749478,3.8066264208579317,3.0090501868891946
0.03338734675819249,0.04672214153560676,5.680375072749478,3.8066264108579317,3.0090501968891945
0.033387346733758094,0.04672214183781147,5.680375074978422,3.8066264230140674,3.009050190021601
0.03338734672283177,0.046722131837811466,5.680375074978422,3.8066264230140674,3.009050190021601
0.03338734672863144,0.04672214183781147,5.680375084978422,3.8066264230140674,3.009050190021601
0.03338734670578383,0.04672214183781147,5.680375074978422,3.8066264330140673,3.009050190021601
0.033387346726552684,0.04672214183781147,5.680375074978422,3.8066264230140674,3.009050200021601
0.03338734660947361,0.04672214304663029,5.680375083894199,3.80662647163861,3.0090502025512262
0.03338734656212339,0.04672213304663029,5.680375083894199,3.80662647163861,3.0090502025512262
0.03338734660432002,0.04672214304663029,5.680375093894199,3.80662647163861,3.0090502025512262
0.033387346581347184,0.04672214304663029,5.680375083894199,3.80662648163861,3.0090502025512262
0.03338734660224325,0.04672214304663029,5.680375083894199,3.80662647163861,3.009050212551226
0.03338734614841561,0.04672214788190558,5.680375119557305,3.8066266661367805,3.0090502526697276
0.033387345955366174,0.04672213788190558,5.680375119557305,3.8066266661367805,3.0090502526697276
0.03338734614315284,0.04672214788190558,5.680375129557305,3.8066266661367805,3.0090502526697276
0.03338734611967962,0.04672214788190558,5.680375119557305,3.8066266761367804,3.0090502526697276
0.033387346141084684,0.04672214788190558,5.680375119557305,3.8066266661367805,3.0090502626697275
807.3242304016582,0.459338801085273,4.954812943587758,3.0937920614857917,3.28807072380014
807.3242308702215,0.45933881108527297,4.954812943587758,3.0937920614857917,3.28807072380014
807.3242303950302,0.459338801085273,4.954812953587758,3.0937920614857917,3.28807072380014
807.3242303745056,0.459338801085273,4.954812943587758,3.0937920714857916,3.28807072380014
807.3242303991032,0.459338801085273,4.954812943587758,3.0937920614857917,3.28807073380014
806.4632990423815,0.5388720910871276,4.9689328790720335,3.1516368112511874,3.2935138015029466
806.4632985991491,0.5388720810871276,4.9689328790720335,3.1516368112511874,3.2935138015029466
806.4632990364018,0.5388720910871276,4.9689328890720335,3.1516368112511874,3.2935138015029466
806.4632990122635,0.5388720910871276,4.9689328790720335,3.1516368212511874,3.2935138015029466
806.4632990394339,0.5388720910871276,4.9689328790720335,3.1516368112511874,3.2935138115029465
12.89085103259452,0.04603425886416951,4.961961568250075,3.1230776347250577,3.290826438905816
12.890764875555277,0.04603424886416951,4.961961568250075,3.1230776347250577,3.290826438905816
12.890850958973028,0.04603425886416951,4.961961578250075,3.1230776347250577,3.290826438905816
12.890850610392874,0.04603425886416951,4.961961568250075,3.1230776447250577,3.290826438905816
12.890850988801969,0.04603425886416951,4.961961568250075,3.1230776347250577,3.290826448905816
430.1794379632036,0.07765269501065769,4.960211986250265,3.115910170462508,3.2901519945513784
430.179530376909,0.07765270501065769,4.960211986250265,3.115910170462508,3.2901519945513784
430.17943781692964,0.07765269501065769,4.960211996250265,3.115910170462508,3.2901519945513784
430.17943722088836,0.07765269501065769,4.960211986250265,3.115910180462508,3.2901519945513784
430.17943788662075,0.07765269501065769,4.960211986250265,3.115910170462508,3.2901520045513784
201950.18102100916,0.011809164602513633,4.961477445980215,3.1210943443915347,3.2906398151683747
201950.94835015966,0.011809154602513633,4.961477445980215,3.1210943443915347,3.2906398151683747
201950.1811671988,0.011809164602513633,4.961477455980215,3.1210943443915347,3.2906398151683747
201950.1821010862,0.011809164602513633,4.961477445980215,3.1210943543915346,3.2906398151683747
201950.18113265064,0.011809164602513633,4.961477445980215,3.1210943443915347,3.2906398251683746
12.89085103259452,0.04603425886416951,4.961961568250075,3.1230776347250577,3.290826438905816
12.890764875555277,0.04603424886416951,4.961961568250075,3.1230776347250577,3.290826438905816
12.890850958973028,0.04603425886416951,4.961961578250075,3.1230776347250577,3.290826438905816
12.890850610392874,0.04603425886416951,4.961961568250075,3.1230776447250577,3.290826438905816
12.890850988801969,0.04603425886416951,4.961961568250075,3.1230776347250577,3.290826448905816
807.1952106320458,0.45659381448877806,4.954892698963189,3.0941226123599495,3.2881019566993603
807.1952110964173,0.45659382448877806,4.954892698963189,3.0941226123599495,3.2881019566993603
807.1952106253602,0.45659381448877806,4.954892708963189,3.0941226123599495,3.2881019566993603
807.1952106046032,0.45659381448877806,4.954892698963189,3.0941226223599494,3.2881019566993603
807.1952106294633,0.45659381448877806,4.954892698963189,3.0941226123599495,3.2881019666993603
422.2268265042739,0.07680416852936932,4.960233991075845,3.1160012504141936,3.2901605964520306
422.226921376193,0.07680417852936931,4.960233991075845,3.1160012504141936,3.2901605964520306
422.22682635608885,0.07680416852936932,4.960234001075845,3.1160012504141936,3.2901605964520306
422.2268257502638,0.07680416852936932,4.960233991075845,3.1160012604141936,3.2901605964520306
422.22682642647396,0.07680416852936932,4.960233991075845,3.1160012504141936,3.2901606064520306
233934.31903604505,0.011427374999941488,4.961474863365426,3.121084027225996,3.2906388532051607
233935.2322112601,0.011427364999941488,4.961474863365426,3.121084027225996,3.2906388532051607
233934.31920414802,0.011427374999941488,4.961474873365426,3.121084027225996,3.2906388532051607
233934.32028308767,0.011427374999941488,4.961474863365426,3.121084037225996,3.2906388532051607
233934.31916492918,0.011427374999941488,4.961474863365426,3.121084027225996,3.2906388632051606
249.7310894857034,0.035490306403646,4.961813280031286,3.12247022659269,3.2907692856897754
249.73195959047004,0.035490296403645996,4.961813280031286,3.12247022659269,3.2907692856897754
249.7310900380583,0.035490306403646,4.961813290031286,3.12247022659269,3.2907692856897754
249.73109284080866,0.035490306403646,4.961813280031286,3.1224702365926897,3.2907692856897754
249.73108983380183,0.035490306403646,4.961813280031286,3.12247022659269,3.2907692956897754
0.22731151995292492,0.043629250418867546,4.961927744651206,3.1229390887961417,3.2908134026210103
0.22729907910979585,0.043629240418867545,4.961927744651206,3.1229390887961417,3.2908134026210103
0.22731150994518937,0.043629250418867546,4.961927754651206,3.1229390887961417,3.2908134026210103
0.22731146186522774,0.043629250418867546,4.961927744651206,3.1229390987961416,3.2908134026210103
0.2273115139249943,0.043629250418867546,4.961927744651206,3.1229390887961417,3.2908134126210102
0.06003410310274992,0.04322335766294353,4.961922012399328,3.122915596331231,3.2908111911817333
0.060038552679630784,0.04322334766294353,4.961922012399328,3.122915596331231,3.2908111911817333
0.06003410662462643,0.04322335766294353,4.961922022399328,3.122915596331231,3.2908111911817333
0.06003412358907127,0.04322335766294353,4.961922012399328,3.122915606331231,3.2908111911817333
0.060034105225686835,0.04322335766294353,4.961922012399328,3.122915596331231,3.290811201181733
0.03714328977163846,0.043330285539654144,4.961923523518348,3.1229217902947566,3.29081177434642
0.03714314146499364,0.04333027553965414,4.961923523518348,3.1229217902947566,3.29081177434642
0.037143289639163066,0.043330285539654144,4.961923533518348,3.1229217902947566,3.29081177434642
0.037143289002665544,0.043330285539654144,4.961923523518348,3.1229218002947565,3.29081177434642
0.03714328968962472,0.043330285539654144,4.961923523518348,3.1229217902947566,3.29081178434642
0.03711735543204506,0.04332683666445439,4.961923475119666,3.1229215924591354,3.2908117557908363
0.03711735373767809,0.043326826664454386,4.961923475119666,3.1229215924591354,3.2908117557908363
0.037117355416414734,0.04332683666445439,4.961923485119666,3.1229215924591354,3.2908117557908363
0.03711735534233413,0.04332683666445439,4.961923475119666,3.1229216024591353,3.2908117557908363
0.037117355420494845,0.04332683666445439,4.961923475119666,3.1229215924591354,3.2908117657908362
0.037117351215661766,0.04332679693244951,4.961923474899691,3.12292159211254,3.290811755830248
0.037117351211362865,0.043326786932449506,4.961923474899691,3.12292159211254,3.290811755830248
0.03711735120137899,0.04332679693244951,4.961923484899691,3.12292159211254,3.290811755830248
0.037117351133780986,0.04332679693244951,4.961923474899691,3.12292160211254,3.290811755830248
0.0371173512049236,0.04332679693244951,4.961923474899691,3.12292159211254,3.290811765830248
0.037117351197473884,0.043326796859149336,4.961923475237644,3.1229215940489063,3.2908117560840897
0.037117351196686695,0.043326786859149334,4.961923475237644,3.1229215940489063,3.2908117560840897
0.03711735118319324,0.043326796859149336,4.961923485237644,3.1229215940489063,3.2908117560840897
0.03711735111560918,0.043326796859149336,4.961923475237644,3.1229216040489063,3.2908117560840897
0.037117351186737264,0.043326796859149336,4.961923475237644,3.1229215940489063,3.2908117660840897
0.0371173511250132,0.04332679656594865,4.961923476589459,3.122921601794371,3.290811757099457
0.03711735113829581,0.04332678656594865,4.961923476589459,3.122921601794371,3.290811757099457
0.03711735111074382,0.04332679656594865,4.961923486589459,3.122921601794371,3.290811757099457
0.03711735104321441,0.04332679656594865,4.961923476589459,3.122921611794371,3.290811757099457
0.03711735111428416,0.04332679656594865,4.961923476589459,3.122921601794371,3.290811767099457
0.037117350839828006,0.043326795393145906,4.961923481996718,3.12292163277623,3.2908117611609264
0.03711735090936559,0.043326785393145904,4.961923481996718,3.12292163277623,3.2908117611609264
0.03711735082560344,0.043326795393145906,4.961923491996718,3.12292163277623,3.2908117611609264
0.037117350758289085,0.043326795393145906,4.961923481996718,3.12292164277623,3.2908117611609264
0.03711735082912583,0.043326795393145906,4.961923481996718,3.12292163277623,3.2908117711609264
0.03711734977350136,0.04332679070193493,4.961923503625752,3.1229217567036653,3.290811777406804
0.03711735006808641,0.04332678070193493,4.961923503625752,3.1229217567036653,3.290811777406804
0.03711734975945619,0.04332679070193493,4.961923513625752,3.1229217567036653,3.290811777406804
0.03711734969300413,0.04332679070193493,4.961923503625752,3.1229217667036653,3.290811777406804
0.03711734976290685,0.04332679070193493,4.961923503625752,3.1229217567036653,3.290811787406804
804.2169882796901,0.5006844665205626,5.46777185632742,3.5724223165060773,2.9052902679229033
804.21698773595,0.5006844565205626,5.46777185632742,3.5724223165060773,2.9052902679229033
804.2169882735586,0.5006844665205626,5.4677718663274195,3.5724223165060773,2.9052902679229033
804.2169882464414,0.5006844665205626,5.46777185632742,3.5724223265060773,2.9052902679229033
804.2169882745369,0.5006844665205626,5.46777185632742,3.5724223165060773,2.9052902779229033
806.0501146547833,0.49734334113528833,5.4790260943049125,3.6334499468003254,2.914748894349095
806.0501151338975,0.4973433511352883,5.4790260943049125,3.6334499468003254,2.914748894349095
806.0501146490201,0.49734334113528833,5.479026104304912,3.6334499468003254,2.914748894349095
806.0501146261091,0.49734334113528833,5.4790260943049125,3.6334499568003253,2.914748894349095
806.0501146503732,0.49734334113528833,5.4790260943049125,3.6334499468003254,2.914748904349095
1.7459175108587595,0.044710006653898904,5.4729136420007585,3.60030434599153,2.9096116826597265
1.745956242832978,0.0447099966538989,5.4729136420007585,3.60030434599153,2.9096116826597265
1.7459175395074435,0.044710006653898904,5.472913652000758,3.60030434599153,2.9096116826597265
1.7459176737592201,0.044710006653898904,5.4729136420007585,3.60030435599153,2.9096116826597265
1.7459175387615828,0.044710006653898904,5.4729136420007585,3.60030434599153,2.9096116926597264
804.2373153367406,0.4943489496430459,5.467843298640052,3.5728097221261996,2.905350311628
804.2373147909066,0.4943489396430459,5.467843298640052,3.5728097221261996,2.905350311628
804.2373153307042,0.4943489496430459,5.4678433086400515,3.5728097221261996,2.905350311628
804.2373153031338,0.4943489496430459,5.467843298640052,3.5728097321261996,2.905350311628
804.2373153314905,0.4943489496430459,5.467843298640052,3.5728097221261996,2.905350321628
643.4758602146695,0.12306197218732173,5.472030107835324,3.595513262267488,2.908869116204109
643.475831716064,0.12306196218732174,5.472030107835324,3.595513262267488,2.908869116204109
643.4758601428971,0.12306197218732173,5.472030117835324,3.595513262267488,2.908869116204109
643.4758598947251,0.12306197218732173,5.472030107835324,3.595513272267488,2.908869116204109
643.4758601603593,0.12306197218732173,5.472030107835324,3.595513262267488,2.908869126204109
29.852538835053956,0.05020164456826859,5.472851715670148,3.5999685420732654,2.9095596366635115
29.85242731030453,0.05020163456826859,5.472851715670148,3.5999685420732654,2.9095596366635115
29.8525387406976,0.05020164456826859,5.472851725670148,3.5999685420732654,2.9095596366635115
29.852538312442544,0.05020164456826859,5.472851715670148,3.5999685520732654,2.9095596366635115
29.852538745565425,0.05020164456826859,5.472851715670148,3.5999685420732654,2.9095596466635114
1.7459175108587595,0.044710006653898904,5.4729136420007585,3.60030434599153,2.9096116826597265
1.745956242832978,0.0447099966538989,5.4729136420007585,3.60030434599153,2.9096116826597265
1.7459175395074435,0.044710006653898904,5.472913652000758,3.60030434599153,2.9096116826597265
1.7459176737592201,0.044710006653898904,5.4729136420007585,3.60030435599153,2.9096116826597265
1.7459175387615828,0.044710006653898904,5.4729136420007585,3.60030434599153,2.9096116926597264
804.23615413375,0.49435083068495017,5.467909128942927,3.573165477767185,2.9054050215241527
804.2361535870155,0.4943508206849502,5.467909128942927,3.573165477767185,2.9054050215241527
804.2361541277135,0.49435083068495017,5.467909138942927,3.573165477767185,2.9054050215241527
804.2361541001432,0.49435083068495017,5.467909128942927,3.573165487767185,2.9054050215241527
804.2361541284996,0.49435083068495017,5.467909128942927,3.573165477767185,2.9054050315241526
643.4764744891976,0.12306293030171556,5.472041572098387,3.5955752165259116,2.908878643795922
643.4764459909159,0.12306292030171556,5.472041572098387,3.5955752165259116,2.908878643795922
643.4764744174261,0.12306293030171556,5.472041582098387,3.5955752165259116,2.908878643795922
643.4764741692582,0.12306293030171556,5.472041572098387,3.5955752265259115,2.908878643795922
643.4764744348879,0.12306293030171556,5.472041572098387,3.5955752165259116,2.908878653795922
29.853362554066646,0.050201739983262716,5.472852518878284,3.599972882700869,2.909560304181775
29.853251028350126,0.050201729983262715,5.472852518878284,3.599972882700869,2.909560304181775
29.853362459709338,0.050201739983262716,5.472852528878284,3.599972882700869,2.909560304181775
29.853362031450246,0.050201739983262716,5.472852518878284,3.599972892700869,2.909560304181775
29.853362464577224,0.050201739983262716,5.472852518878284,3.599972882700869,2.9095603141817747
0.03719365865189295,0.04566162453099069,5.47290305047117,3.6002469094092935,2.9096027797004633
0.037192161612872324,0.045661614530990685,5.47290305047117,3.6002469094092935,2.9096027797004633
0.037193657509866106,0.04566162453099069,5.47290306047117,3.6002469094092935,2.9096027797004633
0.03719365219013382,0.04566162453099069,5.47290305047117,3.6002469194092934,2.9096027797004633
0.037193657542012454,0.04566162453099069,5.47290305047117,3.6002469094092935,2.9096027897004633
0.03429199987738746,0.045626211825959044,5.472903445409163,3.600249050590155,2.9096031117253656
0.03429186067523112,0.04562620182595904,5.472903445409163,3.600249050590155,2.9096031117253656
0.034291999764758815,0.045626211825959044,5.472903455409163,3.600249050590155,2.9096031117253656
0.034291999241087064,0.045626211825959044,5.472903445409163,3.600249060590155,2.9096031117253656
0.03429199976537392,0.045626211825959044,5.472903445409163,3.600249050590155,2.9096031217253655
0.03426675479985217,0.04562258133961433,5.4729034860838395,3.6002492711263505,2.909603146018387
0.03426675537540857,0.04562257133961433,5.4729034860838395,3.6002492711263505,2.909603146018387
0.03426675479308635,0.04562258133961433,5.472903496083839,3.6002492711263505,2.909603146018387
0.03426675476275645,0.04562258133961433,5.4729034860838395,3.6002492811263505,2.909603146018387
0.03426675479047863,0.04562258133961433,5.4729034860838395,3.6002492711263505,2.909603156018387
0.03426675465567865,0.045622596226555207,5.472903486104917,3.600249271254014,2.9096031461329073
0.03426675465803743,0.045622586226555205,5.472903486104917,3.600249271254014,2.9096031461329073
0.03426675464847902,0.045622596226555207,5.472903496104917,3.600249271254014,2.9096031461329073
0.03426675461612678,0.045622596226555207,5.472903486104917,3.600249281254014,2.9096031461329073
0.03426675464588416,0.045622596226555207,5.472903486104917,3.600249271254014,2.909603156132907
799.1133158807114,0.36253433286785375,5.439064141221813,3.2266097138668375,2.4997096873025453
799.113314866277,0.36253432286785375,5.439064141221813,3.2266097138668375,2.4997096873025453
799.1133158692262,0.36253433286785375,5.439064151221813,3.2266097138668375,2.4997096873025453
799.1133158438756,0.36253433286785375,5.439064141221813,3.2266097238668374,2.4997096873025453
799.1133158719955,0.36253433286785375,5.439064141221813,3.2266097138668375,2.499709697302545
809.0676043525734,0.6367062632524447,5.450377333455937,3.2628937893825087,2.508295059198822
809.0676046411953,0.6367062732524448,5.450377333455937,3.2628937893825087,2.508295059198822
809.0676043488467,0.6367062632524447,5.450377343455937,3.2628937893825087,2.508295059198822
809.0676043226765,0.6367062632524447,5.450377333455937,3.2628937993825087,2.508295059198822
809.0676043461211,0.6367062632524447,5.450377333455937,3.2628937893825087,2.5082950691988217
7.537282021606309,0.0457004051919247,5.442651268430223,3.2381144767861536,2.5024318916535466
7.537213594447484,0.045700395191924696,5.442651268430223,3.2381144767861536,2.5024318916535466
7.537281964456699,0.0457004051919247,5.442651278430223,3.2381144767861536,2.5024318916535466
7.53728170601528,0.0457004051919247,5.442651268430223,3.2381144867861535,2.5024318916535466
7.537281946139588,0.0457004051919247,5.442651268430223,3.2381144767861536,2.5024319016535466
659.6827500900322,0.12393821740948102,5.444571881298908,3.244274335199375,2.5038894091610016
659.6827758336833,0.12393822740948102,5.444571881298908,3.244274335199375,2.5038894091610016
659.6827500186829,0.12393821740948102,5.444571891298908,3.244274335199375,2.5038894091610016
659.6827497800753,0.12393821740948102,5.444571881298908,3.2442743451993747,2.5038894091610016
659.6827500164328,0.12393821740948102,5.444571881298908,3.244274335199375,2.5038894191610015
52122.46568733597,0.01593056221105399,5.442988316342136,3.2391954689265865,2.5026876710667096
52122.62309319606,0.015930552211053987,5.442988316342136,3.2391954689265865,2.5026876710667096
52122.465727982046,0.01593056221105399,5.442988326342136,3.2391954689265865,2.5026876710667096
52122.46596399671,0.01593056221105399,5.442988316342136,3.2391954789265864,2.5026876710667096
52122.46575330574,0.01593056221105399,5.442988316342136,3.2391954689265865,2.5026876810667096
7.537282021606309,0.0457004051919247,5.442651268430223,3.2381144767861536,2.5024318916535466
7.537213594447484,0.045700395191924696,5.442651268430223,3.2381144767861536,2.5024318916535466
7.537281964456699,0.0457004051919247,5.442651278430223,3.2381144767861536,2.5024318916535466
7.53728170601528,0.0457004051919247,5.442651268430223,3.2381144867861535,2.5024318916535466
7.537281946139588,0.0457004051919247,5.442651268430223,3.2381144767861536,2.5024319016535466
821.0394314875521,6842.670180986354,11.15761234090212,34.79721755513264,10.04910402476236
821.0755928601088,6842.670180996354,11.15761234090212,34.79721755513264,10.04910402476236
821.039431486731,6842.670180986354,11.15761235090212,34.79721755513264,10.04910402476236
821.0394314722865,6842.670180986354,11.15761234090212,34.79721756513264,10.04910402476236
821.0394314869376,6842.670180986354,11.15761234090212,34.79721755513264,10.049104034762362
821.0896538640986,3990.429221398043,8.775452050178167,21.642474904963745,6.903433834776434
821.0787413599627,3990.429221408043,8.775452050178167,21.642474904963745,6.903433834776434
821.0896538640978,3990.429221398043,8.775452060178168,21.642474904963745,6.903433834776434
821.0896538640724,3990.429221398043,8.775452050178167,21.642474914963746,6.903433834776434
821.0896538640969,3990.429221398043,8.775452050178167,21.642474904963745,6.903433844776434
820.7502748506064,12.368247069590488,5.453019260877055,3.29536850497564,2.516122945482712
820.7502674040627,12.368247079590489,5.453019260877055,3.29536850497564,2.516122945482712
820.7502748505107,12.368247069590488,5.453019270877055,3.29536850497564,2.516122945482712
820.7502748494502,12.368247069590488,5.453019260877055,3.2953685149756398,2.516122945482712
820.750274850363,12.368247069590488,5.453019260877055,3.29536850497564,2.516122955482712
820.3860418127722,3.8021532242118474,5.445864953476597,3.2558610574458853,2.5066755998917145
820.3610668711112,3.8021532342118474,5.445864953476597,3.2558610574458853,2.5066755998917145
820.38604181272,3.8021532242118474,5.4458649634765965,3.2558610574458853,2.5066755998917145
820.3860418106657,3.8021532242118474,5.445864953476597,3.255861067445885,2.5066755998917145
820.3860418123085,3.8021532242118474,5.445864953476597,3.2558610574458853,2.5066756098917145
27.631469207572287,0.040448374170835806,5.442655654868789,3.2381386995350208,2.5024376839963587
27.631662967147157,0.040448364170835804,5.442655654868789,3.2381386995350208,2.5024376839963587
27.63146934826197,0.040448374170835806,5.442655664868789,3.2381386995350208,2.5024376839963587
27.631470005966932,0.040448374170835806,5.442655654868789,3.2381387095350207,2.5024376839963587
27.631469398505484,0.040448374170835806,5.442655654868789,3.2381386995350208,2.5024376939963586
0.08944765188982647,0.043822575926234945,5.44265283677258,3.2381231374712365,2.5024339626677516
0.08944109787627293,0.043822565926234944,5.44265283677258,3.2381231374712365,2.5024339626677516
0.08944764666116342,0.043822575926234945,5.44265284677258,3.2381231374712365,2.5024339626677516
0.08944762274433649,0.043822575926234945,5.44265283677258,3.2381231474712364,2.5024339626677516
0.08944764491513336,0.043822575926234945,5.44265283677258,3.2381231374712365,2.5024339726677516
0.04003780408637886,0.043623663806154976,5.442652994672553,3.2381240185483593,2.5024341735321527
0.040039450295790285,0.043623653806154974,5.442652994672553,3.2381240185483593,2.5024341735321527
0.04003780537647624,0.043623663806154976,5.442653004672553,3.2381240185483593,2.5024341735321527
0.04003781128729634,0.043623663806154976,5.442652994672553,3.2381240285483592,2.5024341735321527
0.040037805803264534,0.043623663806154976,5.442652994672553,3.2381240185483593,2.5024341835321526
0.03681422423177992,0.0436635957696613,5.442652963423948,3.2381238439916666,2.502434131879075
0.03681419538847146,0.0436635857696613,5.442652963423948,3.2381238439916666,2.502434131879075
0.03681422419580613,0.0436635957696613,5.442652973423948,3.2381238439916666,2.502434131879075
0.03681422403296885,0.0436635957696613,5.442652963423948,3.2381238539916666,2.502434131879075
0.036814224179145885,0.0436635957696613,5.442652963423948,3.2381238439916666,2.5024341418790748
0.036813213893048605,0.04366290816754652,5.442652964275269,3.2381238486993618,2.5024341331246873
0.03681321376948473,0.04366289816754652,5.442652964275269,3.2381238486993618,2.5024341331246873
0.03681321387983451,0.04366290816754652,5.442652974275269,3.2381238486993618,2.5024341331246873
0.036813213821214365,0.04366290816754652,5.442652964275269,3.2381238586993617,2.5024341331246873
0.036813213870778516,0.04366290816754652,5.442652964275269,3.2381238486993618,2.5024341431246873
0.03681321379897356,0.04366290520452735,5.442652964592972,3.238123850426461,2.5024341336601292
0.03681321379952768,0.04366289520452735,5.442652964592972,3.238123850426461,2.5024341336601292
0.03681321378585811,0.04366290520452735,5.442652974592972,3.238123850426461,2.5024341336601292
0.036813213727688185,0.04366290520452735,5.442652964592972,3.238123860426461,2.5024341336601292
0.03681321377683538,0.04366290520452735,5.442652964592972,3.238123850426461,2.502434143660129
805.9300220781514,0.48977151125358404,4.990663394169365,2.94534098176785,3.3405064435095873
805.9300215890673,0.48977150125358404,4.990663394169365,2.94534098176785,3.3405064435095873
805.9300220721774,0.48977151125358404,4.990663404169365,2.94534098176785,3.3405064435095873
805.9300220428488,0.48977151125358404,4.990663394169365,2.94534099176785,3.3405064435095873
805.9300220751924,0.48977151125358404,4.990663394169365,2.94534098176785,3.340506453509587
799.853893320429,0.5075414040650075,5.002845273781306,3.0173280824471886,3.3465403546487282
799.8538936447795,0.5075414140650075,5.002845273781306,3.0173280824471886,3.3465403546487282
799.8538933139341,0.5075414040650075,5.002845283781306,3.0173280824471886,3.3465403546487282
799.8538932666947,0.5075414040650075,5.002845273781306,3.0173280924471886,3.3465403546487282
799.8538933156923,0.5075414040650075,5.002845273781306,3.0173280824471886,3.346540364648728
641.3590086333949,0.1154198011393312,5.00580165882632,3.0461717486186672,3.3491304531135917
641.3590394891379,0.1154198111393312,5.00580165882632,3.0461717486186672,3.3491304531135917
641.3590085527057,0.1154198011393312,5.00580166882632,3.0461717486186672,3.3491304531135917
641.3590082615316,0.1154198011393312,5.00580165882632,3.046171758618667,3.3491304531135917
641.3590085979616,0.1154198011393312,5.00580165882632,3.0461717486186672,3.3491304631135916
818.6701123118899,1.4530666105633738,5.017627199006375,3.1615464133045816,3.3594908469730456
818.9664319569737,1.453066600563374,5.017627199006375,3.1615464133045816,3.3594908469730456
818.6701123117674,1.4530666105633738,5.017627209006375,3.1615464133045816,3.3594908469730456
818.670112304404,1.4530666105633738,5.017627199006375,3.1615464233045816,3.3594908469730456
818.6701123112636,1.4530666105633738,5.017627199006375,3.1615464133045816,3.3594908569730455
641.1063413048873,0.1153380749114209,5.005802274997926,3.0461777602334768,3.349130992943522
641.1063722253446,0.11533808491142089,5.005802274997926,3.0461777602334768,3.349130992943522
641.1063412241015,0.1153380749114209,5.005802284997926,3.0461777602334768,3.349130992943522
641.1063409325112,0.1153380749114209,5.005802274997926,3.0461777702334767,3.349130992943522
641.1063412694047,0.1153380749114209,5.005802274997926,3.0461777602334768,3.3491310029435217
640.8526260475744,0.1152561816228419,5.00580289242908,3.046183784136929,3.349131533876945
640.8526570330363,0.1152561916228419,5.00580289242908,3.046183784136929,3.349131533876945
640.8526259666916,0.1152561816228419,5.00580290242908,3.046183784136929,3.349131533876945
640.8526256746837,0.1152561816228419,5.00580289242908,3.0461837941369287,3.349131533876945
640.8526260120425,0.1152561816228419,5.00580289242908,3.046183784136929,3.349131543876945
804.2459319332872,0.6689052144702661,5.011715045717727,3.103865098720755,3.3543111904249954
804.2459316306596,0.668905204470266,5.011715045717727,3.103865098720755,3.3543111904249954
804.2459319303678,0.6689052144702661,5.011715055717727,3.103865098720755,3.3543111904249954
804.2459318849338,0.6689052144702661,5.011715045717727,3.103865108720755,3.3543111904249954
804.24593192934,0.6689052144702661,5.011715045717727,3.103865098720755,3.3543112004249953
643.1147337156974,0.1162055189293214,5.007547988605624,3.0632096352310723,3.3506604182607735
643.1147033652771,0.11620550892932141,5.007547988605624,3.0632096352310723,3.3506604182607735
643.1147336359512,0.1162055189293214,5.007547998605624,3.0632096352310723,3.3506604182607735
643.1147333487962,0.1162055189293214,5.007547988605624,3.063209645231072,3.3506604182607735
643.1147336805938,0.1162055189293214,5.007547988605624,3.0632096352310723,3.3506604282607735
17718476742.95026,0.0007302917823935884,5.006666355766638,3.0546080752494373,3.349888016889484
17717505650.182865,0.0007303017823935884,5.006666355766638,3.0546080752494373,3.349888016889484
17718476754.360847,0.0007302917823935884,5.006666365766638,3.0546080752494373,3.349888016889484
17718476835.364902,0.0007302917823935884,5.006666355766638,3.0546080852494373,3.349888016889484
17718476751.797455,0.0007302917823935884,5.006666355766638,3.0546080752494373,3.349888026889484
429.33071184444736,0.07714189812653255,5.006090253535658,3.0489873931738454,3.349383291868437
429.3308049853402,0.07714190812653254,5.006090253535658,3.0489873931738454,3.349383291868437
429.33071169643966,0.07714189812653255,5.006090263535658,3.0489873931738454,3.349383291868437
429.3307110907034,0.07714189812653255,5.006090253535658,3.0489874031738453,3.349383291868437
429.33071177223104,0.07714189812653255,5.006090253535658,3.0489873931738454,3.349383301868437
3101.3780035053983,0.026323049488638117,5.006473400199848,3.0527255241372857,3.349718967895621
3101.370225320274,0.02632305948863812,5.006473400199848,3.0527255241372857,3.349718967895621
3101.3780070830276,0.026323049488638117,5.006473410199848,3.0527255241372857,3.349718967895621
3101.3780266765034,0.026323049488638117,5.006473400199848,3.0527255341372856,3.349718967895621
3101.3780057357594,0.026323049488638117,5.006473400199848,3.0527255241372857,3.349718977895621
216.33033530560942,0.059675377803144414,5.0062219416627265,3.050272194821156,3.349498664260926
216.33048676637048,0.059675387803144415,5.0062219416627265,3.050272194821156,3.349498664260926
216.33033512825057,0.059675377803144414,5.006221951662726,3.050272194821156,3.349498664260926
216.3303343456002,0.059675377803144414,5.0062219416627265,3.050272204821156,3.349498664260926
216.33033521339314,0.059675377803144414,5.0062219416627265,3.050272194821156,3.349498674260926
820.2737762287006,185.92845362868047,2.8299322348075275,13.419496855250499,1.930296786741219
820.3149126173678,185.92845361868046,2.8299322348075275,13.419496855250499,1.930296786741219
820.2737762286264,185.92845362868047,2.8299322448075275,13.419496855250499,1.930296786741219
820.2737762301152,185.92845362868047,2.8299322348075275,13.419496845250498,1.930296786741219
820.2737762258724,185.92845362868047,2.8299322348075275,13.419496855250499,1.930296796741219
788.2543860856299,0.2809543645808698,5.002236155009788,3.0201084783591527,3.346899453373044
788.2543840193889,0.2809543545808698,5.002236155009788,3.0201084783591527,3.346899453373044
788.2543860682724,0.2809543645808698,5.002236165009788,3.0201084783591527,3.346899453373044
788.2543860229539,0.2809543645808698,5.002236155009788,3.0201084883591527,3.346899453373044
788.2543860797402,0.2809543645808698,5.002236155009788,3.0201084783591527,3.346899463373044
398.84286438844543,0.033818993698184946,5.0051279426024955,3.0419930067120333,3.348785245677272
398.8441244430696,0.033818983698184944,5.0051279426024955,3.0419930067120333,3.348785245677272
398.84286515821873,0.033818993698184946,5.005127952602495,3.0419930067120333,3.348785245677272
398.8428691217098,0.033818993698184946,5.0051279426024955,3.0419930167120333,3.348785245677272
398.8428648430086,0.033818993698184946,5.0051279426024955,3.0419930067120333,3.348785255677272
143.06229340875302,0.054998157399162625,5.006167212435241,3.0498580138717517,3.349462974241276
143.06245352092864,0.05499816739916263,5.006167212435241,3.0498580138717517,3.349462974241276
143.0622932383032,0.054998157399162625,5.006167222435241,3.0498580138717517,3.349462974241276
143.0622924684581,0.054998157399162625,5.006167212435241,3.0498580238717516,3.349462974241276
143.0622933183924,0.054998157399162625,5.006167212435241,3.0498580138717517,3.349462984241276
71.18092621540453,0.05042120507487626,5.006113656467528,3.0494527119412638,3.349428049327699
71.1810754368718,0.05042121507487626,5.006113656467528,3.0494527119412638,3.349428049327699
71.18092607177228,0.05042120507487626,5.006113666467528,3.0494527119412638,3.349428049327699
71.18092540705044,0.05042120507487626,5.006113656467528,3.0494527219412637,3.349428049327699
71.18092613769385,0.05042120507487626,5.006113656467528,3.0494527119412638,3.349428059327699
910447.429427684,0.008301105688345661,5.005620799535012,3.0457228593266485,3.3491066475024853
910442.7453892197,0.008301115688345661,5.005620799535012,3.0457228593266485,3.3491066475024853
910447.430057841,0.008301105688345661,5.005620809535012,3.0457228593266485,3.3491066475024853
910447.4342687642,0.008301105688345661,5.005620799535012,3.0457228693266485,3.3491066475024853
910447.4298909252,0.008301105688345661,5.005620799535012,3.0457228593266485,3.3491066575024853
123.52685716998805,0.037087837514076266,5.005957639679063,3.0482720049490535,3.349326307671513
123.52633323158109,0.03708784751407627,5.005957639679063,3.0482720049490535,3.349326307671513
123.52685752476451,0.037087837514076266,5.005957649679063,3.0482720049490535,3.349326307671513
123.5268593085253,0.037087837514076266,5.005957639679063,3.0482720149490534,3.349326307671513
123.52685737568524,0.037087837514076266,5.005957639679063,3.0482720049490535,3.349326317671513
2.360635964872796,0.044125462600266514,5.006039988542496,3.0488952063353443,3.3493800090060497
2.360677277303584,0.044125472600266516,5.006039988542496,3.0488952063353443,3.3493800090060497
2.3606359307538134,0.044125462600266514,5.006039998542496,3.0488952063353443,3.3493800090060497
2.360635766962363,0.044125462600266514,5.006039988542496,3.048895216335344,3.3493800090060497
2.3606359458374304,0.044125462600266514,5.006039988542496,3.0488952063353443,3.3493800190060496
70.84960358044486,0.038291849757052715,5.00596985971525,3.0483371283915184,3.3493315008349116
70.84924516065634,0.03829185975705272,5.00596985971525,3.0483371283915184,3.3493315008349116
70.84960383210758,0.038291849757052715,5.00596986971525,3.0483371283915184,3.3493315008349116
70.84960508688097,0.038291849757052715,5.00596985971525,3.0483371383915183,3.3493315008349116
70.8496037253413,0.038291849757052715,5.00596985971525,3.0483371283915184,3.3493315108349115
0.0629611989510679,0.043153129489418025,5.006028299631595,3.048802187193039,3.3493719237761566
0.06296583234090268,0.04315313948941803,5.006028299631595,3.048802187193039,3.3493719237761566
0.0629611952073002,0.043153129489418025,5.006028309631595,3.048802187193039,3.3493719237761566
0.06296117712736787,0.043153129489418025,5.006028299631595,3.048802197193039,3.3493719237761566
0.06296119685003619,0.043153129489418025,5.006028299631595,3.048802187193039,3.3493719337761565
0.03802859538623326,0.04303030006716898,5.006026824899417,3.0487902868545054,3.349370888022327
0.038028000222065025,0.04303031006716898,5.006026824899417,3.0487902868545054,3.349370888022327
0.038028595848405164,0.04303030006716898,5.006026834899417,3.0487902868545054,3.349370888022327
0.038028598083388036,0.04303030006716898,5.006026824899417,3.0487902968545053,3.349370888022327
0.03802859564350467,0.04303030006716898,5.006026824899417,3.0487902868545054,3.349370898022327
0.03761768102369512,0.04304428206879833,5.006026992186709,3.0487916748731276,3.349371009195465
0.037617688267605046,0.04304429206879833,5.006026992186709,3.0487916748731276,3.349371009195465
0.03761768100267554,0.04304428206879833,5.006027002186709,3.0487916748731276,3.349371009195465
0.03761768090223157,0.04304428206879833,5.006026992186709,3.0487916848731276,3.349371009195465
0.037617681009882845,0.04304428206879833,5.006026992186709,3.0487916748731276,3.349371019195465
0.03761762354908942,0.043044114290845044,5.006026989624118,3.0487916892733797,3.3493710107879537
0.03761762356916799,0.043044124290845046,5.006026989624118,3.0487916892733797,3.3493710107879537
0.037617623533866905,0.043044114290845044,5.006026999624118,3.0487916892733797,3.3493710107879537
0.03761762346143531,0.043044114290845044,5.006026989624118,3.0487916992733797,3.3493710107879537
0.03761762353852921,0.043044114290845044,5.006026989624118,3.0487916892733797,3.3493710207879537
0.03761762328372058,0.04304411379977333,5.006026989060242,3.0487917204684103,3.349371013848711
0.03761762327633941,0.043044123799773334,5.006026989060242,3.0487917204684103,3.349371013848711
0.03761762326852004,0.04304411379977333,5.006026999060242,3.0487917204684103,3.349371013848711
0.03761762319619466,0.04304411379977333,5.006026989060242,3.0487917304684102,3.349371013848711
0.037617623273172765,0.04304411379977333,5.006026989060242,3.0487917204684103,3.349371023848711
0.037617622239767334,0.04304411183548649,5.006026986804738,3.0487918452485325,3.349371026091741
0.03761762212254914,0.04304412183548649,5.006026986804738,3.0487918452485325,3.349371026091741
0.0376176222246551,0.04304411183548649,5.006026996804738,3.0487918452485325,3.349371026091741
0.03761762215275634,0.04304411183548649,5.006026986804738,3.0487918552485325,3.349371026091741
0.03761762222926991,0.04304411183548649,5.006026986804738,3.0487918452485325,3.349371036091741
0.03761761834426161,0.04304410397833911,5.006026977782721,3.0487923443690215,3.3493710750638597
0.037617617787694145,0.04304411397833911,5.006026977782721,3.0487923443690215,3.3493710750638597
0.03761761832950195,0.04304410397833911,5.006026987782721,3.0487923443690215,3.3493710750638597
0.0376176182593064,0.04304410397833911,5.006026977782721,3.0487923543690214,3.3493710750638597
0.037617618333961135,0.04304410397833911,5.006026977782721,3.0487923443690215,3.3493710850638596
0.03761755939211488,0.04304405987796289,5.006026812979843,3.0488015381695766,3.349371977022523
0.03761755507367587,0.043044069877962894,5.006026812979843,3.0488015381695766,3.349371977022523
0.03761755938037404,0.04304405987796289,5.006026822979843,3.0488015381695766,3.349371977022523
0.03761755932476778,0.04304405987796289,5.006026812979843,3.0488015481695765,3.349371977022523
0.03761755938350839,0.04304405987796289,5.006026812979843,3.0488015381695766,3.349371987022523
0.037617429874317876,0.04304405540083388,5.006026391921647,3.048825110842329,3.3493742895054037
0.03761742058437743,0.04304406540083388,5.006026391921647,3.048825110842329,3.3493742895054037
0.037617429866566916,0.04304405540083388,5.0060264019216465,3.048825110842329,3.3493742895054037
0.0376174298302419,0.04304405540083388,5.006026391921647,3.048825120842329,3.3493742895054037
0.03761742986794983,0.04304405540083388,5.006026391921647,3.048825110842329,3.3493742995054037
0.03761706011087311,0.04304419585503382,5.0060250920134735,3.0488980040684694,3.3493814401769404
0.03761704208876793,0.043044205855033824,5.0060250920134735,3.0488980040684694,3.3493814401769404
0.03761706011012961,0.04304419585503382,5.006025102013473,3.0488980040684694,3.3493814401769404
0.037617060107673315,0.04304419585503382,5.0060250920134735,3.0488980140684694,3.3493814401769404
0.03761706010843666,0.04304419585503382,5.0060250920134735,3.0488980040684694,3.3493814501769403
0.037616114487660036,0.04304479729873685,5.0060216128226385,3.0490932755611593,3.3494005956566975
0.037616082766297784,0.04304480729873685,5.0060216128226385,3.0490932755611593,3.3494005956566975
0.03761611449791144,0.04304479729873685,5.006021622822638,3.0490932755611593,3.3494005956566975
0.03761611454859614,0.04304479729873685,5.0060216128226385,3.049093285561159,3.3494005956566975
0.03761611449139037,0.04304479729873685,5.0060216128226385,3.0490932755611593,3.3494006056566974
0.03761360393815628,0.04304678589902247,5.006012125960054,3.04962602113642,3.3494528558872148
0.03761354981579236,0.04304679589902247,5.006012125960054,3.04962602113642,3.3494528558872148
0.037613603966389464,0.04304678589902247,5.006012135960054,3.04962602113642,3.3494528558872148
0.03761360410397806,0.04304678589902247,5.006012125960054,3.04962603113642,3.3494528558872148
0.037613603951978034,0.04304678589902247,5.006012125960054,3.04962602113642,3.3494528658872147
0.037607047199087404,0.04305260920121805,5.005986950081527,3.05104025587102,3.3495915862000594
0.03760695708744588,0.04305261920121805,5.005986950081527,3.05104025587102,3.3495915862000594
0.03760704725621246,0.04305260920121805,5.005986960081527,3.05104025587102,3.3495915862000594
0.037607047533422984,0.04305260920121805,5.005986950081527,3.05104026587102,3.3495915862000594
0.03760704722912998,0.04305260920121805,5.005986950081527,3.05104025587102,3.3495915962000593
0.03758980583926386,0.04306892823418542,5.005920150312336,3.054793401856403,3.3499597527797116
0.0375896577563613,0.04306893823418542,5.005920150312336,3.054793401856403,3.3499597527797116
0.03758980594291947,0.04306892823418542,5.0059201603123356,3.054793401856403,3.3499597527797116
0.03758980644495,0.04306892823418542,5.005920150312336,3.054793411856403,3.3499597527797116
0.0375898058954717,0.04306892823418542,5.005920150312336,3.054793401856403,3.3499597627797115
0.03754402666815263,0.043113714018725255,5.005742515455821,3.0647749762396312,3.3509388985977897
0.037543786064374286,0.04311372401872526,5.005742515455821,3.0647749762396312,3.3509388985977897
0.03754402684598056,0.043113714018725255,5.005742525455821,3.0647749762396312,3.3509388985977897
0.03754402770622245,0.043113714018725255,5.005742515455821,3.064774986239631,3.3509388985977897
0.037544026766245873,0.043113714018725255,5.005742515455821,3.0647749762396312,3.3509389085977896
0.03741365504872983,0.04324092859869198,5.005246920740449,3.0926250862051434,3.353670862142558
0.03741326827036161,0.043240938598691984,5.005246920740449,3.0926250862051434,3.353670862142558
0.03741365534322038,0.04324092859869198,5.005246930740449,3.0926250862051434,3.353670862142558
0.03741365676608788,0.04324092859869198,5.005246920740449,3.0926250962051434,3.353670862142558
0.03741365521350241,0.04324092859869198,5.005246920740449,3.0926250862051434,3.353670872142558
0.036830518170326655,0.04371723087307745,5.003407118457773,3.196016662854549,3.3638130810877027
0.03682994233213814,0.043717240873077455,5.003407118457773,3.196016662854549,3.3638130810877027
0.036830518612468235,0.04371723087307745,5.003407128457773,3.196016662854549,3.3638130810877027
0.036830520742671145,0.04371723087307745,5.003407118457773,3.196016672854549,3.3638130810877027
0.03683051842420457,0.04371723087307745,5.003407118457773,3.196016662854549,3.3638130910877027
0.03569262359457432,0.045622439970619336,4.996047909327068,3.6095829694521724,3.404381956868282
0.03569370295570364,0.04562244997061934,4.996047909327068,3.6095829694521724,3.404381956868282
0.0356926227707941,0.045622439970619336,4.996047919327068,3.6095829694521724,3.404381956868282
0.03569261884431629,0.045622439970619336,4.996047909327068,3.6095829794521723,3.404381956868282
0.03569262307797699,0.045622439970619336,4.996047909327068,3.6095829694521724,3.4043819668682818
0.036032330420616175,0.04420123163037601,5.001537579415063,3.3010793595657253,3.374119228914671
0.03603183378256523,0.04420124163037601,5.001537579415063,3.3010793595657253,3.374119228914671
0.03603233079758447,0.04420123163037601,5.001537589415063,3.3010793595657253,3.374119228914671
0.03603233260922648,0.04420123163037601,5.001537579415063,3.3010793695657252,3.374119228914671
0.036032330641420904,0.04420123163037601,5.001537579415063,3.3010793595657253,3.374119238914671
0.03478099553257395,0.045098620844807896,4.998071253902991,3.4958768458216825,3.3932279302189476
0.03478128319458287,0.0450986308448079,4.998071253902991,3.4958768458216825,3.3932279302189476
0.034780995304413996,0.045098620844807896,4.9980712639029905,3.4958768458216825,3.3932279302189476
0.03478099421463484,0.045098620844807896,4.998071253902991,3.4958768558216824,3.3932279302189476
0.03478099539092826,0.045098620844807896,4.998071253902991,3.4958768458216825,3.3932279402189476
0.03479063826619305,0.045287434228895744,4.997335803311532,3.5372058482656,3.397282109604983
0.03479112570096948,0.045287444228895746,4.997335803311532,3.5372058482656,3.397282109604983
0.03479063788714015,0.045287434228895744,4.9973358133115315,3.5372058482656,3.397282109604983
0.034790636077782155,0.045287434228895744,4.997335803311532,3.5372058582656,3.397282109604983
0.03479063803041314,0.045287434228895744,4.997335803311532,3.5372058482656,3.397282119604983
0.034767220110078954,0.04518241558900208,4.997744863406488,3.5142185179670093,3.3950271613815652
0.034767592476171026,0.04518242558900208,4.997744863406488,3.5142185179670093,3.3950271613815652
0.034767219817826614,0.04518241558900208,4.9977448734064875,3.5142185179670093,3.3950271613815652
0.03476721842225657,0.04518241558900208,4.997744863406488,3.5142185279670093,3.3950271613815652
0.03476721992858932,0.04518241558900208,4.997744863406488,3.5142185179670093,3.395027171381565
0.034604223599037025,0.045300314007651096,4.997267268046152,3.541053700507724,3.3976595717521736
0.034604547590168275,0.0453003240076511,4.997267268046152,3.541053700507724,3.3976595717521736
0.034604223344696254,0.045300314007651096,4.997267278046152,3.541053700507724,3.3976595717521736
0.03460422213101558,0.045300314007651096,4.997267268046152,3.541053710507724,3.3976595717521736
0.034604223440115975,0.045300314007651096,4.997267268046152,3.541053700507724,3.3976595817521735
0.03395113683071729,0.046027120845100244,4.994320113311727,3.706648231416344,3.4139036500571383
0.03395145571239154,0.046027130845100246,4.994320113311727,3.706648231416344,3.4139036500571383
0.03395113658577706,0.046027120845100244,4.994320123311727,3.706648231416344,3.4139036500571383
0.03395113542127441,0.046027120845100244,4.994320113311727,3.7066482414163437,3.4139036500571383
0.03395113667334598,0.046027120845100244,4.994320113311727,3.706648231416344,3.413903660057138
0.03351276630481856,0.04642674530473909,4.992645453381091,3.800683252188215,3.423129907317157
0.03351282003674022,0.04642675530473909,4.992645453381091,3.800683252188215,3.423129907317157
0.03351276625966004,0.04642674530473909,4.992645463381091,3.800683252188215,3.423129907317157
0.03351276604606162,0.04642674530473909,4.992645453381091,3.800683262188215,3.423129907317157
0.03351276627394487,0.04642674530473909,4.992645453381091,3.800683252188215,3.4231299173171568
0.03507976637374164,0.04780982290686205,4.986967652093869,4.119595691932676,3.454417363714834
0.03508105633882554,0.047809832906862054,4.986967652093869,4.119595691932676,3.454417363714834
0.03507976543982099,0.04780982290686205,4.9869676620938685,4.119595691932676,3.454417363714834
0.03507976103672028,0.04780982290686205,4.986967652093869,4.119595701932676,3.454417363714834
0.03507976574061252,0.04780982290686205,4.986967652093869,4.119595691932676,3.454417373714834
0.033332058933051245,0.046804434159148096,4.991094967522278,3.887771405332322,3.431673841183248
0.03333229346859191,0.0468044441591481,4.991094967522278,3.887771405332322,3.431673841183248
0.033332058755683756,0.046804434159148096,4.991094977522278,3.887771405332322,3.431673841183248
0.033332057915915266,0.046804434159148096,4.991094967522278,3.8877714153323217,3.431673841183248
0.0333320588153851,0.046804434159148096,4.991094967522278,3.887771405332322,3.431673851183248
0.03312112961842132,0.04737045995643477,4.988728174526174,4.0206750145133014,3.444713577566236
0.033121501648606035,0.04737046995643477,4.988728174526174,4.0206750145133014,3.444713577566236
0.03312112934393871,0.04737045995643477,4.988728184526174,4.0206750145133014,3.444713577566236
0.0331211280475546,0.04737045995643477,4.988728174526174,4.020675024513301,3.444713577566236
0.03312112943372914,0.04737045995643477,4.988728174526174,4.0206750145133014,3.444713587566236
0.03283121397272505,0.047590121169097624,4.987763145858148,4.074827507209259,3.4500277662021777
0.03283133074195006,0.047590131169097626,4.987763145858148,4.074827507209259,3.4500277662021777
0.03283121388465134,0.047590121169097624,4.987763155858148,4.074827507209259,3.4500277662021777
0.032831213469618134,0.047590121169097624,4.987763145858148,4.0748275172092585,3.4500277662021777
0.03283121391188371,0.047590121169097624,4.987763145858148,4.074827507209259,3.4500277762021776
0.03264429187695336,0.0482628530534636,4.9848914604752155,4.236035631469001,3.4658459136101594
0.032644592358706495,0.048262863053463605,4.9848914604752155,4.236035631469001,3.4658459136101594
0.032644291659756526,0.0482628530534636,4.984891470475215,4.236035631469001,3.4658459136101594
0.03264429063850773,0.0482628530534636,4.9848914604752155,4.236035641469001,3.4658459136101594
0.0326442917261115,0.0482628530534636,4.9848914604752155,4.236035631469001,3.4658459236101593
0.032467523209659906,0.04840550780729672,4.984244018042995,4.2723510368854125,3.469410130949105
0.03246760935450855,0.048405517807296725,4.984244018042995,4.2723510368854125,3.469410130949105
0.032467523145746184,0.04840550780729672,4.984244028042995,4.2723510368854125,3.469410130949105
0.03246752284590724,0.04840550780729672,4.984244018042995,4.2723510468854125,3.469410130949105
0.03246752316394112,0.04840550780729672,4.984244018042995,4.2723510368854125,3.469410140949105
0.03233623076116163,0.049106720911878794,4.98118755752797,4.443882415039739,3.4862426310987664
0.03233650561482888,0.049106730911878796,4.98118755752797,4.443882415039739,3.4862426310987664
0.03233623056651727,0.049106720911878794,4.98118756752797,4.443882415039739,3.4862426310987664
0.03233622965504327,0.049106720911878794,4.98118755752797,4.443882425039739,3.4862426310987664
0.03233623062224743,0.049106720911878794,4.98118755752797,4.443882415039739,3.4862426410987664
0.03222502699407749,0.04910829397013552,4.981150264832473,4.445951977184848,3.4864463839846556
0.03222507484992344,0.04910830397013552,4.981150264832473,4.445951977184848,3.4864463839846556
0.032225026958535075,0.04910829397013552,4.981150274832473,4.445951977184848,3.4864463839846556
0.03222502679261006,0.04910829397013552,4.981150264832473,4.445951987184848,3.4864463839846556
0.032225026967453836,0.04910829397013552,4.981150264832473,4.445951977184848,3.4864463939846555
0.032111332118585044,0.049563509790281866,4.979125892343921,4.559530822726793,3.49759283743535
0.03211141975983661,0.04956351979028187,4.979125892343921,4.559530822726793,3.49759283743535
0.03211133205609979,0.049563509790281866,4.979125902343921,4.559530822726793,3.49759283743535
0.032111331764531986,0.049563509790281866,4.979125892343921,4.559530832726793,3.49759283743535
0.03211133207236218,0.049563509790281866,4.979125892343921,4.559530822726793,3.49759284743535
0.0320841993698204,0.0502032217925305,4.976262239060459,4.720183971323648,3.51335949501624
0.03208447862198416,0.0502032317925305,4.976262239060459,4.720183971323648,3.51335949501624
0.03208419917728929,0.0502032217925305,4.976262249060459,4.720183971323648,3.51335949501624
0.032084198280318145,0.0502032217925305,4.976262239060459,4.720183981323648,3.51335949501624
0.032084199227970206,0.0502032217925305,4.976262239060459,4.720183971323648,3.51335950501624
0.032064046544688786,0.049828950782823546,4.977937652999989,4.626191962534392,3.5041350270810425
0.032064176189739876,0.04982896078282355,4.977937652999989,4.626191962534392,3.5041350270810425
0.0320640464537295,0.049828950782823546,4.977937662999989,4.626191962534392,3.5041350270810425
0.03206404602954158,0.049828950782823546,4.977937652999989,4.626191972534392,3.5041350270810425
0.032064046477591465,0.049828950782823546,4.977937652999989,4.626191962534392,3.5041350370810425
0.031978038698005896,0.05025237604562486,4.976016278772316,4.733963180674933,3.5147123530352418
0.031978164439005016,0.05025238604562486,4.976016278772316,4.733963180674933,3.5147123530352418
0.03197803861076932,0.05025237604562486,4.976016288772316,4.733963180674933,3.5147123530352418
0.03197803820474719,0.05025237604562486,4.976016278772316,4.733963190674933,3.5147123530352418
0.03197803863284746,0.05025237604562486,4.976016278772316,4.733963180674933,3.5147123630352417
0.03191210789057159,0.050490401457238474,4.974907923170983,4.796111159639368,3.5208126739340475
0.031912097223862256,0.050490411457238475,4.974907923170983,4.796111159639368,3.5208126739340475
0.031912107896767204,0.050490401457238474,4.974907933170983,4.796111159639368,3.5208126739340475
0.03191210792615911,0.050490401457238474,4.974907923170983,4.796111169639368,3.5208126739340475
0.031912107893707006,0.050490401457238474,4.974907923170983,4.796111159639368,3.5208126839340474
0.031983929305800185,0.051305018654753044,4.97118639004263,5.004836636281566,3.5412990098093826
0.031984261478957436,0.051305028654753046,4.97118639004263,5.004836636281566,3.5412990098093826
0.031983929082633214,0.051305018654753044,4.97118640004263,5.004836636281566,3.5412990098093826
0.0319839280480793,0.051305018654753044,4.97118639004263,5.004836646281566,3.5412990098093826
0.03198392913665214,0.051305018654753044,4.97118639004263,5.004836636281566,3.5412990198093826
0.031871308819772945,0.050820889828128706,4.973398105523435,4.880790617609605,3.5291239344740983
0.031871381486951386,0.05082089982812871,4.973398105523435,4.880790617609605,3.5291239344740983
0.031871308769745574,0.050820889828128706,4.973398115523435,4.880790617609605,3.5291239344740983
0.031871308537732394,0.050820889828128706,4.973398105523435,4.880790627609605,3.5291239344740983
0.031871308781246235,0.050820889828128706,4.973398105523435,4.880790617609605,3.5291239444740983
0.03185026222059858,0.0511415052741577,4.971918781132093,4.963749290572755,3.537266661474351
0.03185039274122298,0.0511415152741577,4.971918781132093,4.963749290572755,3.537266661474351
0.03185026213217418,0.0511415052741577,4.971918791132093,4.963749290572755,3.537266661474351
0.031850261722260555,0.0511415052741577,4.971918781132093,4.963749300572755,3.537266661474351
0.031850262153022606,0.0511415052741577,4.971918781132093,4.963749290572755,3.537266671474351
0.031816905845021316,0.05122868023448453,4.971499883975986,4.987228622745031,3.539571660000403
0.03181695518884485,0.05122869023448453,4.971499883975986,4.987228622745031,3.539571660000403
0.03181690581124275,0.05122868023448453,4.971499893975986,4.987228622745031,3.539571660000403
0.03181690565503075,0.05122868023448453,4.971499883975986,4.987228632745031,3.539571660000403
0.031816905818305055,0.05122868023448453,4.971499883975986,4.987228622745031,3.5395716700004027
0.031785228406738295,0.05157498741179002,4.969877835565484,5.078173817835683,3.5484988878016197
0.0317852879404795,0.05157499741179002,4.969877835565484,5.078173817835683,3.5484988878016197
0.03178522836655679,0.05157498741179002,4.969877845565484,5.078173817835683,3.5484988878016197
0.03178522818091064,0.05157498741179002,4.969877835565484,5.078173827835683,3.5484988878016197
0.03178522837496366,0.05157498741179002,4.969877835565484,5.078173817835683,3.5484988978016196
0.031762347745112045,0.05181868915181752,4.968723506067179,5.142886020523304,3.5548513811585254
0.031762383444622073,0.05181869915181752,4.968723506067179,5.142886020523304,3.5548513811585254
0.031762347721019824,0.05181868915181752,4.968723516067179,5.142886020523304,3.5548513811585254
0.0317623476100186,0.05181868915181752,4.968723506067179,5.142886030523304,3.5548513811585254
0.031762347725426215,0.05181868915181752,4.968723506067179,5.142886020523304,3.5548513911585253
0.03174621536430225,0.05206164237811721,4.967569097919683,5.207600143401857,3.5612041496848525
0.03174624660544385,0.05206165237811721,4.967569097919683,5.207600143401857,3.5612041496848525
0.031746215343357254,0.05206164237811721,4.967569107919683,5.207600143401857,3.5612041496848525
0.03174621524701689,0.05206164237811721,4.967569097919683,5.207600153401857,3.5612041496848525
0.031746215346932935,0.05206164237811721,4.967569097919683,5.207600143401857,3.5612041596848525
0.031735776027756415,0.05227416099213535,4.966543445339225,5.2650846309846395,3.566847622414969
0.031735739108176945,0.052274170992135355,4.966543445339225,5.2650846309846395,3.566847622414969
0.03173577605173763,0.05227416099213535,4.966543455339225,5.2650846309846395,3.566847622414969
0.03173577616293861,0.05227416099213535,4.966543445339225,5.2650846409846395,3.566847622414969
0.03173577604496533,0.05227416099213535,4.966543445339225,5.2650846309846395,3.566847632414969
0.03212496262196343,0.05338626372284109,4.96124152536798,5.56228625879703,3.5960234336553087
0.032125449745063345,0.05338627372284109,4.96124152536798,5.56228625879703,3.5960234336553087
0.032124962308787544,0.05338626372284109,4.9612415353679795,5.56228625879703,3.5960234336553087
0.03212496087019472,0.05338626372284109,4.96124152536798,5.56228626879703,3.5960234336553087
0.03212496237276963,0.05338626372284109,4.96124152536798,5.56228625879703,3.5960234436553087
0.03172479028995411,0.052489966923705195,4.9655145963427145,5.322757247356532,3.5725092514625225
0.03172479456817987,0.052489976923705196,4.9655145963427145,5.322757247356532,3.5725092514625225
0.03172479028696582,0.052489966923705195,4.9655146063427145,5.322757247356532,3.5725092514625225
0.03172479027362998,0.052489966923705195,4.9655145963427145,5.322757257356532,3.5725092514625225
0.03172479028636534,0.052489966923705195,4.9655145963427145,5.322757247356532,3.5725092614625225
0.03172473883768098,0.05275692708095025,4.964236858817315,5.394377831299294,3.5795402557016245
0.03172480588645956,0.05275693708095025,4.964236858817315,5.394377831299294,3.5795402557016245
0.031724738793952906,0.05275692708095025,4.964236868817315,5.394377831299294,3.5795402557016245
0.031724738592908086,0.05275692708095025,4.964236858817315,5.394377841299294,3.5795402557016245
0.03172473880230363,0.05275692708095025,4.964236858817315,5.394377831299294,3.5795402657016244
0.031723139380977705,0.0525476607784007,4.965238459244617,5.338235465551497,3.5740287506309394
0.031723153286986,0.0525476707784007,4.965238459244617,5.338235465551497,3.5740287506309394
0.031723139371722435,0.0525476607784007,4.965238469244617,5.338235465551497,3.5740287506309394
0.031723139329484104,0.0525476607784007,4.965238459244617,5.338235475551497,3.5740287506309394
0.03172313937252496,0.0525476607784007,4.965238459244617,5.338235465551497,3.5740287606309393
0.031720753755403244,0.05264437244825245,4.964773489463066,5.364296768302823,3.5765872449065594
0.031720776131151894,0.05264438244825245,4.964773489463066,5.364296768302823,3.5765872449065594
0.031720753740673596,0.05264437244825245,4.964773499463066,5.364296768302823,3.5765872449065594
0.0317207536732131,0.05264437244825245,4.964773489463066,5.364296778302823,3.5765872449065594
0.03172075374267893,0.05264437244825245,4.964773489463066,5.364296768302823,3.5765872549065594
0.03171875327606871,0.05271115594529919,4.964450235678266,5.382413420933936,3.578365849902857
0.03171877206728106,0.05271116594529919,4.964450235678266,5.382413420933936,3.578365849902857
0.03171875326371292,0.05271115594529919,4.9644502456782655,5.382413420933936,3.578365849902857
0.03171875320721096,0.05271115594529919,4.964450235678266,5.382413430933936,3.578365849902857
0.03171875326518095,0.05271115594529919,4.964450235678266,5.382413420933936,3.578365859902857
0.03171623603232162,0.05279620731957937,4.964035905034174,5.4056325704213215,3.5806454594690837
0.031716238755493995,0.05279621731957937,4.964035905034174,5.4056325704213215,3.5806454594690837
0.03171623603045757,0.05279620731957937,4.964035915034174,5.4056325704213215,3.5806454594690837
0.03171623602230591,0.05279620731957937,4.964035905034174,5.405632580421321,3.5806454594690837
0.03171623602961613,0.05279620731957937,4.964035905034174,5.4056325704213215,3.5806454694690837
0.03171461918092626,0.052886146826712534,4.963600320382175,5.43004459434928,3.583042119977083
0.03171462556044541,0.052886156826712535,4.963600320382175,5.43004459434928,3.583042119977083
0.03171461917671894,0.052886146826712534,4.9636003303821745,5.43004459434928,3.583042119977083
0.03171461915777918,0.052886146826712534,4.963600320382175,5.43004460434928,3.583042119977083
0.031714619176389465,0.052886146826712534,4.963600320382175,5.43004459434928,3.583042129977083
0.03171418053994761,0.052909159686109375,4.96348761209552,5.436360364486849,3.583662204903453
0.0317141812595805,0.05290916968610938,4.96348761209552,5.436360364486849,3.583662204903453
0.03171418053942048,0.052909159686109375,4.96348762209552,5.436360364486849,3.583662204903453
0.0317141805374246,0.052909159686109375,4.96348761209552,5.436360374486849,3.583662204903453
0.03171418053829385,0.052909159686109375,4.96348761209552,5.436360364486849,3.583662214903453
0.031713897717287824,0.05292781491654548,4.963396920725625,5.44144285518158,3.584161189211048
0.03171389812389727,0.052927824916545484,4.963396920725625,5.44144285518158,3.584161189211048
0.0317138977169693,0.05292781491654548,4.963396930725625,5.44144285518158,3.584161189211048
0.031713897715932894,0.05292781491654548,4.963396920725625,5.44144286518158,3.584161189211048
0.03171389771579848,0.05292781491654548,4.963396920725625,5.44144285518158,3.584161199211048
0.03171387950794222,0.052929035723621946,4.963390912371887,5.441779525416692,3.584194246519063
0.03171387946577959,0.05292904572362195,4.963390912371887,5.441779525416692,3.584194246519063
0.03171387950791562,0.052929035723621946,4.963390922371887,5.441779525416692,3.584194246519063
0.03171387950822025,0.052929035723621946,4.963390912371887,5.441779535416692,3.584194246519063
0.031713879506681704,0.052929035723621946,4.963390912371887,5.441779525416692,3.584194256519063
0.03171387854938803,0.05292910092740955,4.963390602773573,5.4417968807680905,3.584195950113975
0.03171387855044646,0.05292911092740955,4.963390602773573,5.4417968807680905,3.584195950113975
0.03171387854933277,0.05292910092740955,4.963390612773573,5.4417968807680905,3.584195950113975
0.03171387854950893,0.05292910092740955,4.963390602773573,5.4417968907680905,3.584195950113975
0.03171387854810527,0.05292910092740955,4.963390602773573,5.4417968807680905,3.584195960113975
753.2363299849302,0.2163733724702266,4.593473451410942,4.631841908552828,2.8986466702126297
753.2363240413164,0.2163733624702266,4.593473451410942,4.631841908552828,2.8986466702126297
753.2363299576989,0.2163733724702266,4.593473461410942,4.631841908552828,2.8986466702126297
753.2363298806791,0.2163733724702266,4.593473451410942,4.631841918552828,2.8986466702126297
753.2363299620622,0.2163733724702266,4.593473451410942,4.631841908552828,2.8986466802126296
788.8662743775643,0.7834549485940746,4.598054270507548,4.649378909388743,2.9024934995337692
789.1340643095615,0.7834549585940747,4.598054270507548,4.649378909388743,2.9024934995337692
788.8662743755095,0.7834549485940746,4.598054280507548,4.649378909388743,2.9024934995337692
788.8662743111785,0.7834549485940746,4.598054270507548,4.649378919388743,2.9024934995337692
788.8662743652633,0.7834549485940746,4.598054270507548,4.649378909388743,2.902493509533769
793.1292575912256,0.3527231770006902,4.596080827384103,4.641823868908946,2.900836263412724
793.1292589630791,0.3527231870006902,4.596080827384103,4.641823868908946,2.900836263412724
793.1292575790718,0.3527231770006902,4.596080837384103,4.641823868908946,2.900836263412724
793.1292575509547,0.3527231770006902,4.596080827384103,4.641823878908946,2.900836263412724
793.1292575823992,0.3527231770006902,4.596080827384103,4.641823868908946,2.900836273412724
18.27300171956247,0.04621711833147271,4.594253040268293,4.63482645130702,2.8993013446740408
18.273137138093663,0.04621710833147271,4.594253040268293,4.63482645130702,2.8993013446740408
18.273001807484352,0.04621711833147271,4.594253050268293,4.63482645130702,2.8993013446740408
18.273002215588804,0.04621711833147271,4.594253040268293,4.63482646130702,2.8993013446740408
18.273001829900764,0.04621711833147271,4.594253040268293,4.63482645130702,2.8993013546740407
748.7570171117918,0.20921723023579394,4.593506238032719,4.631967427374113,2.898674203397271
748.7570105261351,0.20921722023579395,4.593506238032719,4.631967427374113,2.898674203397271
748.7570170829595,0.20921723023579394,4.593506248032719,4.631967427374113,2.898674203397271
748.7570170003626,0.20921723023579394,4.593506238032719,4.631967437374113,2.898674203397271
748.7570170873439,0.20921723023579394,4.593506238032719,4.631967427374113,2.898674213397271
352.84375668436957,0.07947795870201291,4.5941006522137355,4.634243055764912,2.899173373928176
352.8436537365673,0.07947794870201291,4.5941006522137355,4.634243055764912,2.899173373928176
352.8437565564743,0.07947795870201291,4.5941006622137355,4.634243055764912,2.899173373928176
352.843756048818,0.07947795870201291,4.5941006522137355,4.634243065764912,2.899173373928176
352.84375654349645,0.07947795870201291,4.5941006522137355,4.634243055764912,2.899173383928176
8.928867981154742,0.05168269219308075,4.5942279991641435,4.634730585075427,2.899280315934061
8.928801998162804,0.051682682193080746,4.5942279991641435,4.634730585075427,2.899280315934061
8.928867932303854,0.05168269219308075,4.594228009164143,4.634730585075427,2.899280315934061
8.928867712480608,0.05168269219308075,4.5942279991641435,4.6347305950754265,2.899280315934061
8.928867921412182,0.05168269219308075,4.5942279991641435,4.634730585075427,2.899280325934061
821.0904111639313,6598.247509985335,9.479316806792601,31.50214410913738,8.87353628664691
821.0959310504618,6598.247509995334,9.479316806792601,31.50214410913738,8.87353628664691
821.09041116393,6598.247509985335,9.479316816792602,31.50214410913738,8.87353628664691
821.0904111638298,6598.247509985335,9.479316806792601,31.50214411913738,8.87353628664691
821.0904111639272,6598.247509985335,9.479316806792601,31.50214410913738,8.873536296646911
821.0911136748371,3842.3325093513213,7.438959264456077,20.280417752537748,6.378265737899074
821.0775972285121,3842.332509361321,7.438959264456077,20.280417752537748,6.378265737899074
821.0911136748398,3842.3325093513213,7.438959274456077,20.280417752537748,6.378265737899074
821.0911136749014,3842.3325093513213,7.438959264456077,20.28041776253775,6.378265737899074
821.0911136748364,3842.3325093513213,7.438959264456077,20.280417752537748,6.378265747899074
819.8625018851349,9.27010635062323,4.6011294393672,4.672687693973331,2.907720483956235
819.8583642517805,9.270106360623231,4.6011294393672,4.672687693973331,2.907720483956235
819.8625018850156,9.27010635062323,4.6011294493672,4.672687693973331,2.907720483956235
819.862501882708,9.27010635062323,4.6011294393672,4.672687703973331,2.907720483956235
819.8625018846558,9.27010635062323,4.6011294393672,4.672687693973331,2.907720493956235
24376.46645663474,0.021144790282012244,4.594281917410215,4.635027129083274,2.8993462556572087
24376.40701987601,0.021144800282012245,4.594281917410215,4.635027129083274,2.8993462556572087
24376.46647244536,0.021144790282012244,4.594281927410215,4.635027129083274,2.8993462556572087
24376.46656160533,0.021144790282012244,4.594281917410215,4.635027139083274,2.8993462556572087
24376.466479968367,0.021144790282012244,4.594281917410215,4.635027129083274,2.8993462656572087
8.702159771985828,0.05164814982744013,4.594228024737783,4.634730725727433,2.899280347209535
8.702094494521935,0.051648139827440126,4.594228024737783,4.634730725727433,2.899280347209535
8.702159723695338,0.05164814982744013,4.594228034737783,4.634730725727433,2.899280347209535
8.702159506353043,0.05164814982744013,4.594228024737783,4.634730735727433,2.899280347209535
8.702159712919334,0.05164814982744013,4.594228024737783,4.634730725727433,2.899280357209535
0.03369016231449995,0.04922186583856232,4.594229821051107,4.634740605239312,2.8992825440243783
0.03368920691919508,0.04922185583856232,4.594229821051107,4.634740605239312,2.8992825440243783
0.0336901616443967,0.04922186583856232,4.594229831051107,4.634740605239312,2.8992825440243783
0.03369015858853295,0.04922186583856232,4.594229821051107,4.634740615239312,2.8992825440243783
0.03369016148302553,0.04922186583856232,4.594229821051107,4.634740605239312,2.8992825540243783
0.03242672088450742,0.04918571100479831,4.594229846388992,4.634740746149001,2.8992825754710383
0.03242697915774495,0.049185701004798306,4.594229846388992,4.634740746149001,2.8992825754710383
0.03242672106263128,0.04918571100479831,4.594229856388992,4.634740746149001,2.8992825754710383
0.03242672187620634,0.04918571100479831,4.594229846388992,4.634740756149001,2.8992825754710383
0.03242672110223253,0.04918571100479831,4.594229846388992,4.634740746149001,2.8992825854710382
0.032327795610765556,0.04919340488960843,4.594229841067956,4.6347407165274594,2.899282568944359
0.032327794888282704,0.04919339488960843,4.594229841067956,4.6347407165274594,2.899282568944359
0.03232779560800069,0.04919340488960843,4.594229851067956,4.6347407165274594,2.899282568944359
0.03232779559626965,0.04919340488960843,4.594229841067956,4.634740726527459,2.899282568944359
0.03232779560471477,0.04919340488960843,4.594229841067956,4.6347407165274594,2.899282578944359
0.03232779447328928,0.049193383427107405,4.594229841149944,4.6347407169573325,2.89928256912377
0.03232779447282212,0.049193373427107404,4.594229841149944,4.6347407169573325,2.89928256912377
0.032327794471028924,0.049193383427107405,4.594229851149944,4.6347407169573325,2.89928256912377
0.0323277944615986,0.049193383427107405,4.594229841149944,4.634740726957332,2.89928256912377
0.03232779446786207,0.049193383427107405,4.594229841149944,4.6347407169573325,2.8992825791237697
780.8943890350929,0.7813963219367546,4.785443975861642,4.4907123345990385,2.2815555347860483
784.2690118184486,0.7813963119367545,4.785443975861642,4.4907123345990385,2.2815555347860483
780.8943890326191,0.7813963219367546,4.785443985861642,4.4907123345990385,2.2815555347860483
780.8943889496346,0.7813963219367546,4.785443975861642,4.4907123445990385,2.2815555347860483
780.8943890037896,0.7813963219367546,4.785443975861642,4.4907123345990385,2.2815555447860483
819.5990160559458,1.7813963219367541,4.785443976594709,4.490712359922842,2.281555544062146
819.5993222803296,1.7813963119367542,4.785443976594709,4.490712359922842,2.281555544062146
819.5990160558999,1.7813963219367541,4.785443986594709,4.490712359922842,2.281555544062146
819.5990160526579,1.7813963219367541,4.785443976594709,4.490712369922842,2.281555544062146
819.5990160547733,1.7813963219367541,4.785443976594709,4.490712359922842,2.281555554062146
811.3475620776551,1.1147144552739645,4.785443976105987,4.490712343039921,2.28155553787794
812.3820477058813,1.1147144452739646,4.785443976105987,4.490712343039921,2.28155553787794
811.3475620773245,1.1147144552739645,4.785443986105987,4.490712343039921,2.28155553787794
811.3475620563609,1.1147144552739645,4.785443976105987,4.490712353039921,2.28155553787794
811.3475620698404,1.1147144552739645,4.785443976105987,4.490712343039921,2.28155554787794
787.7538583965708,0.8769033298885263,4.785443975931655,4.490712337017639,2.2815555356719806
787.0797494319369,0.8769033198885262,4.785443975931655,4.490712337017639,2.2815555356719806
787.753858394769,0.8769033298885263,4.785443985931655,4.490712337017639,2.2815555356719806
787.7538583250499,0.8769033298885263,4.785443975931655,4.490712347017639,2.2815555356719806
787.753858373076,0.8769033298885263,4.785443975931655,4.490712337017639,2.2815555456719805
801.7762249202596,0.8165500696352582,4.7854439758874125,4.490712335489265,2.2815555351121377
803.6554714430116,0.8165500596352582,4.7854439758874125,4.490712335489265,2.2815555351121377
801.7762249195133,0.8165500696352582,4.7854439858874125,4.490712335489265,2.2815555351121377
801.7762248782967,0.8165500696352582,4.7854439758874125,4.490712345489265,2.2815555351121377
801.7762249068601,0.8165500696352582,4.7854439758874125,4.490712335489265,2.2815555451121377
416.0835413988045,0.7903566524402901,4.785443975868211,4.490712334825949,2.2815555348691654
344.8661513411112,0.79035664244029,4.785443975868211,4.490712334825949,2.2815555348691654
416.0835413976507,0.7903566524402901,4.785443985868211,4.490712334825949,2.2815555348691654
416.08354064996297,0.7903566524402901,4.785443975868211,4.4907123448259485,2.2815555348691654
416.0835411186657,0.7903566524402901,4.785443975868211,4.490712334825949,2.2815555448691653
802.0819751914545,0.7865853298661002,4.785443975865446,4.490712334730444,2.2815555348341823
800.5498400243225,0.7865853198661001,4.785443975865446,4.490712334730444,2.2815555348341823
802.0819751905756,0.7865853298661002,4.785443985865446,4.490712334730444,2.2815555348341823
802.0819751503293,0.7865853298661002,4.785443975865446,4.490712344730444,2.2815555348341823
802.081975177604,0.7865853298661002,4.785443975865446,4.490712334730444,2.281555544834182
789.6472800120825,0.7835465039465782,4.785443975863219,4.490712334653489,2.2815555348059937
789.6767799440906,0.7835464939465782,4.785443975863219,4.490712334653489,2.2815555348059937
789.647280009854,0.7835465039465782,4.7854439858632185,4.490712334653489,2.2815555348059937
789.6472799453869,0.7835465039465782,4.785443975863219,4.490712344653489,2.2815555348059937
789.6472799881358,0.7835465039465782,4.785443975863219,4.490712334653489,2.2815555448059937
805.9522889815657,0.7821099062646549,4.785443975862165,4.490712334617109,2.2815555347926675
806.0637017253491,0.7821098962646549,4.785443975862165,4.490712334617109,2.2815555347926675
805.9522889803475,0.7821099062646549,4.785443985862165,4.490712334617109,2.2815555347926675
805.9522889493908,0.7821099062646549,4.785443975862165,4.490712344617109,2.2815555347926675
805.9522889701109,0.7821099062646549,4.785443975862165,4.490712334617109,2.2815555447926674
789.0050504120583,0.7816302415512615,4.7854439758618135,4.490712334604963,2.281555534788218
789.1575471656593,0.7816302315512614,4.7854439758618135,4.490712334604963,2.281555534788218
789.0050504096247,0.7816302415512615,4.785443985861813,4.490712334604963,2.281555534788218
789.0050503442533,0.7816302415512615,4.7854439758618135,4.490712344604963,2.281555534788218
789.0050503871632,0.7816302415512615,4.7854439758618135,4.490712334604963,2.281555544788218
797.5932188457365,0.7814725382154494,4.785443975861698,4.4907123346009685,2.2815555347867553
797.6044507490651,0.7814725282154493,4.785443975861698,4.4907123346009685,2.2815555347867553
797.5932188437034,0.7814725382154494,4.785443985861698,4.4907123346009685,2.2815555347867553
797.5932187962861,0.7814725382154494,4.785443975861698,4.4907123446009685,2.2815555347867553
797.5932188274202,0.7814725382154494,4.785443975861698,4.4907123346009685,2.2815555447867553
785.2775987440915,0.7814216522552656,4.785443975861661,4.49071233459968,2.2815555347862833
785.2738865618343,0.7814216422552656,4.785443975861661,4.49071233459968,2.2815555347862833
785.2775987415981,0.7814216522552656,4.785443985861661,4.49071233459968,2.2815555347862833
785.2775986682277,0.7814216522552656,4.785443975861661,4.49071234459968,2.2815555347862833
785.2775987162415,0.7814216522552656,4.785443975861661,4.49071233459968,2.281555544786283
779.114234314024,0.7814047613641222,4.785443975861648,4.490712334599253,2.2815555347861265
779.1143751153971,0.7814047513641221,4.785443975861648,4.490712334599253,2.2815555347861265
779.1142343115533,0.7814047613641222,4.785443985861648,4.490712334599253,2.2815555347861265
779.114234224688,0.7814047613641222,4.785443975861648,4.4907123445992525,2.2815555347861265
779.1142342813455,0.7814047613641222,4.785443975861648,4.490712334599253,2.2815555447861264
781.7831766501245,0.7813991343171844,4.785443975861644,4.49071233459911,2.2815555347860745
781.7554255302897,0.7813991243171844,4.785443975861644,4.49071233459911,2.2815555347860745
781.7831766476016,0.7813991343171844,4.785443985861644,4.49071233459911,2.2815555347860745
781.7831765666675,0.7813991343171844,4.785443975861644,4.4907123445991095,2.2815555347860745
781.7831766195396,0.7813991343171844,4.785443975861644,4.49071233459911,2.2815555447860745
775.4243646015316,0.7813972614960303,4.785443975861643,4.4907123345990625,2.281555534786057
774.6606644963078,0.7813972514960302,4.785443975861643,4.4907123345990625,2.281555534786057
775.4243645990682,0.7813972614960303,4.785443985861643,4.4907123345990625,2.281555534786057
775.4243645041744,0.7813972614960303,4.785443975861643,4.490712344599062,2.281555534786057
775.4243645659146,0.7813972614960303,4.785443975861643,4.4907123345990625,2.281555544786057
773.8707308357821,0.7813970881065831,4.785443975861643,4.490712334599079,2.2815555347860634
773.8465287909114,0.7813970781065831,4.785443975861643,4.490712334599079,2.2815555347860634
773.870730833322,0.7813970881065831,4.785443985861643,4.490712334599079,2.2815555347860634
773.8707307350542,0.7813970881065831,4.785443975861643,4.490712344599079,2.2815555347860634
773.8707307989737,0.7813970881065831,4.785443975861643,4.490712334599079,2.2815555447860634
773.8424626486535,0.7813970824319514,4.785443975861644,4.490712334599103,2.2815555347860723
773.8286215708935,0.7813970724319513,4.785443975861644,4.490712334599103,2.2815555347860723
773.8424626461937,0.7813970824319514,4.785443985861644,4.490712334599103,2.2815555347860723
773.8424625478646,0.7813970824319514,4.785443975861644,4.490712344599103,2.2815555347860723
773.8424626118236,0.7813970824319514,4.785443975861644,4.490712334599103,2.2815555447860723
773.8240463734138,0.7813970748512865,4.7854439758616465,4.49071233459919,2.2815555347861043
773.793075329954,0.7813970648512865,4.7854439758616465,4.49071233459919,2.2815555347861043
773.8240463709542,0.7813970748512865,4.785443985861646,4.49071233459919,2.2815555347861043
773.8240462725847,0.7813970748512865,4.7854439758616465,4.49071234459919,2.2815555347861043
773.8240463365698,0.7813970748512865,4.7854439758616465,4.49071233459919,2.2815555447861042
773.7895125460763,0.781397044528627,4.785443975861657,4.490712334599539,2.281555534786232
773.8087528741314,0.781397034528627,4.785443975861657,4.490712334599539,2.281555534786232
773.7895125436168,0.781397044528627,4.785443985861657,4.490712334599539,2.281555534786232
773.7895124451726,0.781397044528627,4.785443975861657,4.4907123445995385,2.281555534786232
773.7895125092059,0.781397044528627,4.785443975861657,4.490712334599539,2.281555544786232
773.7913184141526,0.7813970561478658,4.785443975861653,4.490712334599405,2.2815555347861833
773.7966638179487,0.7813970461478658,4.785443975861653,4.490712334599405,2.2815555347861833
773.7913184116927,0.7813970561478658,4.785443985861653,4.490712334599405,2.2815555347861833
773.7913183132525,0.7813970561478658,4.785443975861653,4.490712344599405,2.2815555347861833
773.7913183772836,0.7813970561478658,4.785443975861653,4.490712334599405,2.2815555447861833
773.7990340633561,0.7813970634706806,4.785443975861654,4.4907123345994595,2.281555534786203
773.7789073339267,0.7813970534706806,4.785443975861654,4.4907123345994595,2.281555534786203
773.7990340608965,0.7813970634706806,4.7854439858616535,4.4907123345994595,2.281555534786203
773.7990339624729,0.7813970634706806,4.785443975861654,4.4907123445994594,2.281555534786203
773.7990340264931,0.7813970634706806,4.785443975861654,4.4907123345994595,2.281555544786203
773.7877825330228,0.7813970570811561,4.785443975861653,4.490712334599412,2.281555534786186
773.7725688238094,0.7813970470811561,4.785443975861653,4.490712334599412,2.281555534786186
773.7877825305632,0.7813970570811561,4.785443985861653,4.490712334599412,2.281555534786186
773.787782432115,0.7813970570811561,4.785443975861653,4.490712344599412,2.281555534786186
773.7877824961511,0.7813970570811561,4.785443975861653,4.490712334599412,2.281555544786186
773.7936625200767,0.7813970563905228,4.785443975861653,4.490712334599407,2.281555534786184
773.7966590650751,0.7813970463905228,4.785443975861653,4.490712334599407,2.281555534786184
773.7936625176171,0.7813970563905228,4.785443985861653,4.490712334599407,2.281555534786184
773.7936624191816,0.7813970563905228,4.785443975861653,4.490712344599407,2.281555534786184
773.7936624832096,0.7813970563905228,4.785443975861653,4.490712334599407,2.2815555447861837
773.7876367906165,0.781397057062072,4.785443975861653,4.490712334599412,2.2815555347861856
773.778890584318,0.7813970470620719,4.785443975861653,4.490712334599412,2.2815555347861856
773.7876367881566,0.781397057062072,4.785443985861653,4.490712334599412,2.2815555347861856
773.7876366897083,0.781397057062072,4.785443975861653,4.490712344599412,2.2815555347861856
773.7876367537443,0.781397057062072,4.785443975861653,4.490712334599412,2.2815555447861855
773.7966942299388,0.7813970567262974,4.785443975861653,4.49071233459941,2.2815555347861847
773.7840562961132,0.7813970467262974,4.785443975861653,4.49071233459941,2.2815555347861847
773.7966942274792,0.7813970567262974,4.785443985861653,4.49071233459941,2.2815555347861847
773.7966941290503,0.7813970567262974,4.785443975861653,4.49071234459941,2.2815555347861847
773.7966941930738,0.7813970567262974,4.785443975861653,4.49071233459941,2.2815555447861846
773.7950075684331,0.7813970570603134,4.785443975861653,4.490712334599412,2.2815555347861856
773.7955605642254,0.7813970470603133,4.785443975861653,4.490712334599412,2.2815555347861856
773.7950075659733,0.7813970570603134,4.785443985861653,4.490712334599412,2.2815555347861856
773.7950074675409,0.7813970570603134,4.785443975861653,4.490712344599412,2.2815555347861856
773.7950075315667,0.7813970570603134,4.785443975861653,4.490712334599412,2.2815555447861855
773.7876367906165,0.781397057062072,4.785443975861653,4.490712334599412,2.2815555347861856
773.778890584318,0.7813970470620719,4.785443975861653,4.490712334599412,2.2815555347861856
773.7876367881566,0.781397057062072,4.785443985861653,4.490712334599412,2.2815555347861856
773.7876366897083,0.781397057062072,4.785443975861653,4.490712344599412,2.2815555347861856
773.7876367537443,0.781397057062072,4.785443975861653,4.490712334599412,2.2815555447861855
773.7895109470534,0.7813970564946537,4.785443975861653,4.490712334599415,2.2815555347861864
773.8096419867825,0.7813970464946537,4.785443975861653,4.490712334599415,2.2815555347861864
773.7895109445938,0.7813970564946537,4.785443985861653,4.490712334599415,2.2815555347861864
773.7895108461495,0.7813970564946537,4.785443975861653,4.490712344599415,2.2815555347861864
773.789510910183,0.7813970564946537,4.785443975861653,4.490712334599415,2.2815555447861864
773.7900928168389,0.7813970570352683,4.785443975861653,4.490712334599412,2.2815555347861856
773.7882618767383,0.7813970470352682,4.785443975861653,4.490712334599412,2.2815555347861856
773.7900928143791,0.7813970570352683,4.785443985861653,4.490712334599412,2.2815555347861856
773.790092715936,0.7813970570352683,4.785443975861653,4.490712344599412,2.2815555347861856
773.7900927799686,0.7813970570352683,4.785443975861653,4.490712334599412,2.2815555447861855
773.7997767308466,0.7813970570620296,4.785443975861653,4.490712334599412,2.2815555347861856
773.7946807989485,0.7813970470620295,4.785443975861653,4.490712334599412,2.2815555347861856
773.7997767283869,0.7813970570620296,4.785443985861653,4.490712334599412,2.2815555347861856
773.7997766299649,0.7813970570620296,4.785443975861653,4.490712344599412,2.2815555347861856
773.799776693984,0.7813970570620296,4.785443975861653,4.490712334599412,2.2815555447861855
773.7876367906165,0.781397057062072,4.785443975861653,4.490712334599412,2.2815555347861856
773.778890584318,0.7813970470620719,4.785443975861653,4.490712334599412,2.2815555347861856
773.7876367881566,0.781397057062072,4.785443985861653,4.490712334599412,2.2815555347861856
773.7876366897083,0.781397057062072,4.785443975861653,4.490712344599412,2.2815555347861856
773.7876367537443,0.781397057062072,4.785443975861653,4.490712334599412,2.2815555447861855
773.794749213312,0.7813970570620508,4.785443975861653,4.490712334599412,2.2815555347861856
773.7882548518174,0.7813970470620507,4.785443975861653,4.490712334599412,2.2815555347861856
773.794749210852,0.7813970570620508,4.785443985861653,4.490712334599412,2.2815555347861856
773.7947491124193,0.7813970570620508,4.785443975861653,4.490712344599412,2.2815555347861856
773.7947491764454,0.7813970570620508,4.785443975861653,4.490712334599412,2.2815555447861855
773.7876367906165,0.781397057062072,4.785443975861653,4.490712334599412,2.2815555347861856
773.778890584318,0.7813970470620719,4.785443975861653,4.490712334599412,2.2815555347861856
773.7876367881566,0.781397057062072,4.785443985861653,4.490712334599412,2.2815555347861856
773.7876366897083,0.781397057062072,4.785443975861653,4.490712344599412,2.2815555347861856
773.7876367537443,0.781397057062072,4.785443975861653,4.490712334599412,2.2815555447861855
773.7936332028956,0.7813970570620614,4.785443975861653,4.490712334599412,2.2815555347861856
773.8045569474258,0.7813970470620614,4.785443975861653,4.490712334599412,2.2815555347861856
773.7936332004359,0.7813970570620614,4.785443985861653,4.490712334599412,2.2815555347861856
773.7936331020004,0.7813970570620614,4.785443975861653,4.490712344599412,2.2815555347861856
773.7936331660284,0.7813970570620614,4.785443975861653,4.490712334599412,2.2815555447861855
773.7876367906165,0.781397057062072,4.785443975861653,4.490712334599412,2.2815555347861856
773.778890584318,0.7813970470620719,4.785443975861653,4.490712334599412,2.2815555347861856
773.7876367881566,0.781397057062072,4.785443985861653,4.490712334599412,2.2815555347861856
773.7876366897083,0.781397057062072,4.785443975861653,4.490712344599412,2.2815555347861856
773.7876367537443,0.781397057062072,4.785443975861653,4.490712334599412,2.2815555447861855
773.7919893735707,0.7813970570620666,4.785443975861653,4.490712334599412,2.2815555347861856
773.7965974780202,0.7813970470620666,4.785443975861653,4.490712334599412,2.2815555347861856
773.791989371111,0.7813970570620666,4.785443985861653,4.490712334599412,2.2815555347861856
773.7919892726718,0.7813970570620666,4.785443975861653,4.490712344599412,2.2815555347861856
773.7919893367019,0.7813970570620666,4.785443975861653,4.490712334599412,2.2815555447861855
773.7876367906165,0.781397057062072,4.785443975861653,4.490712334599412,2.2815555347861856
773.778890584318,0.7813970470620719,4.785443975861653,4.490712334599412,2.2815555347861856
773.7876367881566,0.781397057062072,4.785443985861653,4.490712334599412,2.2815555347861856
773.7876366897083,0.781397057062072,4.785443975861653,4.490712344599412,2.2815555347861856
773.7876367537443,0.781397057062072,4.785443975861653,4.490712334599412,2.2815555447861855
773.789563368353,0.7813970570620693,4.785443975861653,4.490712334599412,2.2815555347861856
773.7982845813189,0.7813970470620692,4.785443975861653,4.490712334599412,2.2815555347861856
773.7895633658933,0.7813970570620693,4.785443985861653,4.490712334599412,2.2815555347861856
773.7895632674491,0.7813970570620693,4.785443975861653,4.490712344599412,2.2815555347861856
773.7895633314826,0.7813970570620693,4.785443975861653,4.490712334599412,2.2815555447861855
773.7876367906165,0.781397057062072,4.785443975861653,4.490712334599412,2.2815555347861856
773.778890584318,0.7813970470620719,4.785443975861653,4.490712334599412,2.2815555347861856
773.7876367881566,0.781397057062072,4.785443985861653,4.490712334599412,2.2815555347861856
773.7876366897083,0.781397057062072,4.785443975861653,4.490712344599412,2.2815555347861856
773.7876367537443,0.781397057062072,4.785443975861653,4.490712334599412,2.2815555447861855
773.7876367906161,0.7813970570620706,4.785443975861653,4.490712334599412,2.2815555347861856
773.7788905843174,0.7813970470620706,4.785443975861653,4.490712334599412,2.2815555347861856
773.7876367881563,0.7813970570620706,4.785443985861653,4.490712334599412,2.2815555347861856
773.787636689708,0.7813970570620706,4.785443975861653,4.490712344599412,2.2815555347861856
773.7876367537441,0.7813970570620706,4.785443975861653,4.490712334599412,2.2815555447861855
773.7876367906167,0.7813970570620716,4.785443975861653,4.490712334599412,2.2815555347861856
773.778890584318,0.7813970470620716,4.785443975861653,4.490712334599412,2.2815555347861856
773.7876367881569,0.7813970570620716,4.785443985861653,4.490712334599412,2.2815555347861856
773.7876366897086,0.7813970570620716,4.785443975861653,4.490712344599412,2.2815555347861856
773.7876367537448,0.7813970570620716,4.785443975861653,4.490712334599412,2.2815555447861855
773.7876367906165,0.7813970570620719,4.785443975861653,4.490712334599412,2.2815555347861856
773.778890584318,0.7813970470620718,4.785443975861653,4.490712334599412,2.2815555347861856
773.7876367881566,0.7813970570620719,4.785443985861653,4.490712334599412,2.2815555347861856
773.7876366897083,0.7813970570620719,4.785443975861653,4.490712344599412,2.2815555347861856
773.7876367537443,0.7813970570620719,4.785443975861653,4.490712334599412,2.2815555447861855
821.0981674555281,874619.8440578721,5.031428188134875,14.58153337472918,5.968772133704082
821.0989679729842,874619.8440578821,5.031428188134875,14.58153337472918,5.968772133704082
821.0981674555281,874619.8440578721,5.031428198134875,14.58153337472918,5.968772133704082
821.0981674555304,874619.8440578721,5.031428188134875,14.58153338472918,5.968772133704082
821.0981674555281,874619.8440578721,5.031428188134875,14.58153337472918,5.968772143704082
821.0978992829645,305154.6260565899,4.871267943807018,8.011402924809273,3.5680265496074832
821.0993176262272,305154.6260565999,4.871267943807018,8.011402924809273,3.5680265496074832
821.0978992829644,305154.6260565899,4.871267953807018,8.011402924809273,3.5680265496074832
821.097899282953,305154.6260565899,4.871267943807018,8.011402934809274,3.5680265496074832
821.0978992829642,305154.6260565899,4.871267943807018,8.011402924809273,3.568026559607483
821.0985248184116,110256.0197813253,4.816453343347725,5.76278575336829,2.746375018361778
821.0950730152838,110256.0197813353,4.816453343347725,5.76278575336829,2.746375018361778
821.0985248184104,110256.0197813253,4.8164533533477245,5.76278575336829,2.746375018361778
821.0985248183056,110256.0197813253,4.816453343347725,5.7627857633682895,2.746375018361778
821.0985248184055,110256.0197813253,4.816453343347725,5.76278575336829,2.746375028361778
821.4191187586906,30289.42796031065,4.793962998934642,4.840181662211345,2.4092526865302246
821.1030076108499,30289.427960320652,4.793962998934642,4.840181662211345,2.4092526865302246
821.4191187717441,30289.42796031065,4.793963008934642,4.840181662211345,2.4092526865302246
821.4191192121797,30289.42796031065,4.793962998934642,4.840181672211345,2.4092526865302246
821.4191187726749,30289.42796031065,4.793962998934642,4.840181662211345,2.4092526965302246
820.60575951643,404.22347104001295,4.785557882166336,4.495385025278555,2.2832629501258515
821.1206732363264,404.22347105001296,4.785557882166336,4.495385025278555,2.2832629501258515
820.6057595162986,404.22347104001295,4.785557892166336,4.495385025278555,2.2832629501258515
820.6057595116877,404.22347104001295,4.785557882166336,4.495385035278555,2.2832629501258515
820.6057595148126,404.22347104001295,4.785557882166336,4.495385025278555,2.2832629601258514
820.9738682097858,234.89573864841438,4.785510259291165,4.493431428719125,2.2825491000206055
820.9505944429393,234.8957386584144,4.785510259291165,4.493431428719125,2.2825491000206055
820.9738682111013,234.89573864841438,4.785510269291165,4.493431428719125,2.2825491000206055
820.9738682588659,234.89573864841438,4.785510259291165,4.493431438719125,2.2825491000206055
820.9738682206502,234.89573864841438,4.785510259291165,4.493431428719125,2.2825491100206055
819.0676243036013,28.906435018961893,4.7854523254680705,4.49105485407795,2.2816806924420088
819.0561499752271,28.906435028961894,4.7854523254680705,4.49105485407795,2.2816806924420088
819.0676243034886,28.906435018961893,4.7854523354680705,4.49105485407795,2.2816806924420088
819.0676242996136,28.906435018961893,4.7854523254680705,4.49105486407795,2.2816806924420088
819.0676243021837,28.906435018961893,4.7854523254680705,4.49105485407795,2.2816807024420087
820.4900104571468,4.798835005927814,4.785445545283809,4.490776715796781,2.281579059870879
820.4382820190083,4.798835015927814,4.785445545283809,4.490776715796781,2.281579059870879
820.490010457111,4.798835005927814,4.785445555283809,4.490776715796781,2.281579059870879
820.4900104558328,4.798835005927814,4.785445545283809,4.490776725796781,2.281579059870879
820.4900104566194,4.798835005927814,4.785445545283809,4.490776715796781,2.281579069870879
796.5098116347757,0.393531576530073,4.78544408494756,4.49071680954665,2.281557169945472
796.5098105641425,0.393531566530073,4.78544408494756,4.49071680954665,2.281557169945472
796.5098116245453,0.393531576530073,4.78544409494756,4.49071680954665,2.281557169945472
796.5098115979623,0.393531576530073,4.78544408494756,4.49071681954665,2.281557169945472
796.5098116191941,0.393531576530073,4.78544408494756,4.49071680954665,2.281557179945472
797.2220143188795,0.6521337922222571,4.7854440122165265,4.490713825957419,2.281556079732922
797.2220138263974,0.652133782222257,4.7854440122165265,4.490713825957419,2.281556079732922
797.2220143163985,0.6521337922222571,4.785444022216526,4.490713825957419,2.281556079732922
797.2220142690217,0.6521337922222571,4.7854440122165265,4.490713835957419,2.281556079732922
797.2220143008308,0.6521337922222571,4.7854440122165265,4.490713825957419,2.281556089732922
808.2178735482498,0.7383283695466724,4.785443987974581,4.49071283149876,2.2815557163547133
808.0952012532966,0.7383283595466723,4.785443987974581,4.49071283149876,2.2815557163547133
808.217873545712,0.7383283695466724,4.785443997974581,4.49071283149876,2.2815557163547133
808.2178735232903,0.7383283695466724,4.785443987974581,4.49071284149876,2.2815557163547133
808.2178735389432,0.7383283695466724,4.785443987974581,4.49071283149876,2.2815557263547133
799.5253063213397,0.7799887971363332,4.785443976257722,4.490712350847027,2.2815555407231134
795.4151516969208,0.7799887871363331,4.785443976257722,4.490712350847027,2.2815555407231134
799.5253063194108,0.7799887971363332,4.785443986257722,4.490712350847027,2.2815555407231134
799.5253062759067,0.7799887971363332,4.785443976257722,4.490712360847027,2.2815555407231134
799.5253063047029,0.7799887971363332,4.785443976257722,4.490712350847027,2.2815555507231133
784.1836739059817,0.7813955628833602,4.785443975862073,4.490712334616651,2.2815555347924845
784.1826703227099,0.7813955528833602,4.785443975862073,4.490712334616651,2.2815555347924845
784.1836739035034,0.7813955628833602,4.785443985862073,4.490712334616651,2.2815555347924845
784.1836738277016,0.7813955628833602,4.785443975862073,4.490712344616651,2.2815555347924845
784.183673877268,0.7813955628833602,4.785443975862073,4.490712334616651,2.2815555447924845
773.8399469050019,0.7813970277401786,4.785443975861661,4.490712334599751,2.281555534786309
773.8537982968882,0.7813970177401786,4.785443975861661,4.490712334599751,2.281555534786309
773.8399469025418,0.7813970277401786,4.785443985861661,4.490712334599751,2.281555534786309
773.8399468042079,0.7813970277401786,4.785443975861661,4.490712344599751,2.281555534786309
773.8399468681699,0.7813970277401786,4.785443975861661,4.490712334599751,2.281555544786309
773.793636066733,0.7813970546610504,4.785443975861654,4.49071233459944,2.2815555347861958
773.7897871020593,0.7813970446610503,4.785443975861654,4.49071233459944,2.2815555347861958
773.7936360642732,0.7813970546610504,4.7854439858616535,4.49071233459944,2.2815555347861958
773.7936359658379,0.7813970546610504,4.785443975861654,4.49071234459944,2.2815555347861958
773.7936360298656,0.7813970546610504,4.785443975861654,4.49071233459944,2.2815555447861957
773.7943831622704,0.7813970569477325,4.785443975861653,4.490712334599413,2.281555534786186
773.7946806218371,0.7813970469477325,4.785443975861653,4.490712334599413,2.281555534786186
773.7943831598106,0.7813970569477325,4.785443985861653,4.490712334599413,2.281555534786186
773.794383061377,0.7813970569477325,4.785443975861653,4.490712344599413,2.281555534786186
773.7943831254037,0.7813970569477325,4.785443975861653,4.490712334599413,2.281555544786186
773.7895606086504,0.7813970570617915,4.785443975861653,4.490712334599412,2.2815555347861856
773.7910038253497,0.7813970470617915,4.785443975861653,4.490712334599412,2.2815555347861856
773.7895606061907,0.7813970570617915,4.785443985861653,4.490712334599412,2.2815555347861856
773.7895605077465,0.7813970570617915,4.785443975861653,4.490712344599412,2.2815555347861856
773.7895605717799,0.7813970570617915,4.785443975861653,4.490712334599412,2.2815555447861855
773.7876367906165,0.781397057062072,4.785443975861653,4.490712334599412,2.2815555347861856
773.778890584318,0.7813970470620719,4.785443975861653,4.490712334599412,2.2815555347861856
773.7876367881566,0.781397057062072,4.785443985861653,4.490712334599412,2.2815555347861856
773.7876366897083,0.781397057062072,4.785443975861653,4.490712344599412,2.2815555347861856
773.7876367537443,0.781397057062072,4.785443975861653,4.490712334599412,2.2815555447861855
773.7877791519564,0.7813970570619317,4.785443975861653,4.490712334599412,2.2815555347861856
773.782961683314,0.7813970470619317,4.785443975861653,4.490712334599412,2.2815555347861856
773.7877791494967,0.7813970570619317,4.785443985861653,4.490712334599412,2.2815555347861856
773.7877790510488,0.7813970570619317,4.785443975861653,4.490712344599412,2.2815555347861856
773.7877791150847,0.7813970570619317,4.785443975861653,4.490712334599412,2.2815555447861855
13.914242251554635,0.05434002835422328,5.228411449181694,5.126229330141131,2.5049602633245054
13.914318355502212,0.05434003835422328,5.228411449181694,5.126229330141131,2.5049602633245054
13.914242196337607,0.05434002835422328,5.228411459181694,5.126229330141131,2.5049602633245054
13.914241958296865,0.05434002835422328,5.228411449181694,5.126229340141131,2.5049602633245054
13.914242141293693,0.05434002835422328,5.228411449181694,5.126229330141131,2.5049602733245053
800.061567936004,0.9456512347245573,5.22913699032733,5.130082680973292,2.506409070943128
796.1212045266085,0.9456512247245572,5.22913699032733,5.130082680973292,2.506409070943128
800.0615679353914,0.9456512347245573,5.22913700032733,5.130082680973292,2.506409070943128
800.0615678958992,0.9456512347245573,5.22913699032733,5.130082690973292,2.506409070943128
800.0615679235419,0.9456512347245573,5.22913699032733,5.130082680973292,2.506409080943128
791.7368944628909,0.5055794462959031,5.228817697348154,5.128386915165367,2.505771486012782
791.7368934228671,0.5055794362959031,5.228817697348154,5.128386915165367,2.505771486012782
791.7368944562922,0.5055794462959031,5.228817707348154,5.128386915165367,2.505771486012782
791.7368944154352,0.5055794462959031,5.228817697348154,5.128386925165367,2.505771486012782
791.7368944463543,0.5055794462959031,5.228817697348154,5.128386915165367,2.505771496012782
359.12767582346913,0.08315406591808527,5.228511207675953,5.126759147752687,2.5051594675562345
359.1275784726184,0.08315405591808528,5.228511207675953,5.126759147752687,2.5051594675562345
359.12767570536136,0.08315406591808527,5.228511217675953,5.126759147752687,2.5051594675562345
359.1276752563318,0.08315406591808527,5.228511207675953,5.126759157752687,2.5051594675562345
359.12767561088395,0.08315406591808527,5.228511207675953,5.126759147752687,2.5051594775562345
1335703.3841116456,0.009204895812966761,5.22844419686358,5.12640325316122,2.5050256560197295
1335697.1676687482,0.009204905812966761,5.22844419686358,5.12640325316122,2.5050256560197295
1335703.3847387685,0.009204895812966761,5.22844420686358,5.12640325316122,2.5050256560197295
1335703.3886940042,0.009204895812966761,5.22844419686358,5.12640326316122,2.5050256560197295
1335703.3858277877,0.009204895812966761,5.22844419686358,5.12640325316122,2.5050256660197294
416.1501959757139,0.04008371199536993,5.228421792816169,5.126284265209599,2.504980918164719
416.1490873918901,0.040083721995369935,5.228421792816169,5.126284265209599,2.504980918164719
416.15019653901027,0.04008371199536993,5.228421802816169,5.126284265209599,2.504980918164719
416.1501991803711,0.04008371199536993,5.228421792816169,5.126284275209599,2.504980918164719
416.1501971815247,0.04008371199536993,5.228421792816169,5.126284265209599,2.504980928164719
0.11354041206042237,0.05127436570193845,5.22841367346552,5.126241143318074,2.504964704918718
0.1135474432334518,0.05127437570193845,5.22841367346552,5.126241143318074,2.504964704918718
0.11354040729624039,0.05127436570193845,5.22841368346552,5.126241143318074,2.504964704918718
0.1135403864185879,0.05127436570193845,5.22841367346552,5.126241153318074,2.504964704918718
0.11354040241357079,0.05127436570193845,5.22841367346552,5.126241143318074,2.5049647149187177
0.04264604240101004,0.050962300567419405,5.22841388339086,5.126242274821837,2.5049651306358163
0.04264346018654904,0.05096231056741941,5.22841388339086,5.126242274821837,2.5049651306358163
0.0426460441368717,0.050962300567419405,5.22841389339086,5.126242274821837,2.5049651306358163
0.04264605175818535,0.050962300567419405,5.22841388339086,5.126242284821837,2.5049651306358163
0.04264604591595063,0.050962300567419405,5.22841388339086,5.126242274821837,2.504965140635816
0.03208666275889163,0.05104612316420698,5.228413827331161,5.126241972313936,2.5049650169477267
0.032086718887870014,0.05104613316420698,5.228413827331161,5.126241972313936,2.5049650169477267
0.03208666272014381,0.05104612316420698,5.228413837331161,5.126241972313936,2.5049650169477267
0.032086662551096184,0.05104612316420698,5.228413827331161,5.126241982313936,2.5049650169477267
0.032086662676753204,0.05104612316420698,5.228413827331161,5.126241972313936,2.5049650269477266
0.03208164681025354,0.051044339894961904,5.22841382855538,5.12624197888643,2.504965019544694
0.0320816472451591,0.051044349894961906,5.22841382855538,5.12624197888643,2.504965019544694
0.032081646809037544,0.051044339894961904,5.2284138385553796,5.12624197888643,2.504965019544694
0.03208164680467879,0.051044339894961904,5.22841382855538,5.12624198888643,2.504965019544694
0.032081646804163685,0.051044339894961904,5.22841382855538,5.12624197888643,2.504965029544694
0.03208164672479353,0.05104432596969187,5.2284138285944906,5.12624197906569,2.5049650197409505
0.03208164672469711,0.05104433596969187,5.2284138285944906,5.12624197906569,2.5049650197409505
0.03208164672387162,0.05104432596969187,5.2284138385944905,5.12624197906569,2.5049650197409505
0.032081646720798274,0.05104432596969187,5.2284138285944906,5.12624198906569,2.5049650197409505
0.032081646719298,0.05104432596969187,5.2284138285944906,5.12624197906569,2.5049650297409505
1341.341999250752,0.03489462762454089,5.347075512457501,5.769028540610506,1.5272329572709982
1341.3450311882739,0.03489461762454089,5.347075512457501,5.769028540610506,1.5272329572709982
1341.3420005935234,0.03489462762454089,5.347075522457501,5.769028540610506,1.5272329572709982
1341.342006036786,0.03489462762454089,5.347075512457501,5.769028550610506,1.5272329572709982
1341.3420108088274,0.03489462762454089,5.347075512457501,5.769028540610506,1.527232967270998
787.8565995003062,1.0348847588810195,5.346632641147954,5.766790378713084,1.523420886183674
783.5972500944974,1.0348847488810196,5.346632641147954,5.766790378713084,1.523420886183674
787.8565994997837,1.0348847588810195,5.346632651147954,5.766790378713084,1.523420886183674
787.8565994437287,1.0348847588810195,5.346632641147954,5.766790388713084,1.523420886183674
787.8565994197144,1.0348847588810195,5.346632641147954,5.766790378713084,1.523420896183674
1140.6141675684144,0.03560595942185585,5.347075197425947,5.769026948519069,1.5272302455968594
1140.6167891412324,0.03560594942185585,5.347075197425947,5.769026948519069,1.5272302455968594
1140.6141687566871,0.03560595942185585,5.347075207425947,5.769026948519069,1.5272302455968594
1140.6141735475326,0.03560595942185585,5.347075197425947,5.769026958519069,1.5272302455968594
1140.6141777534806,0.03560595942185585,5.347075197425947,5.769026948519069,1.5272302555968593
367.92432126284814,0.04015023119954375,5.347072835985153,5.769015348882527,1.5272104717344595
367.925335422695,0.04015022119954375,5.347072835985153,5.769015348882527,1.5272104717344595
367.92432179089246,0.04015023119954375,5.347072845985153,5.769015348882527,1.5272104717344595
367.9243238509131,0.04015023119954375,5.347072835985153,5.769015358882527,1.5272104717344595
367.9243256746986,0.04015023119954375,5.347072835985153,5.769015348882527,1.5272104817344594
153.5011903698582,0.04301733608613561,5.347071030899448,5.769006762238753,1.527195820773872
153.50171547244096,0.04301732608613561,5.347071030899448,5.769006762238753,1.527195820773872
153.50119066605436,0.04301733608613561,5.347071040899448,5.769006762238753,1.527195820773872
153.5011917994889,0.04301733608613561,5.347071030899448,5.769006772238753,1.527195820773872
153.501192807834,0.04301733608613561,5.347071030899448,5.769006762238753,1.527195830773872
42.86045361728499,0.04609575987648002,5.34706881570567,5.768996453361609,1.5271782220399421
42.86067580021949,0.04609574987648002,5.34706881570567,5.768996453361609,1.5271782220399421
42.860453753126336,0.04609575987648002,5.34706882570567,5.768996453361609,1.5271782220399421
42.86045426283913,0.04609575987648002,5.34706881570567,5.768996463361609,1.5271782220399421
42.86045471852467,0.04609575987648002,5.34706881570567,5.768996453361609,1.527178232039942
8.994026033326337,0.048353698229616715,5.347067005701794,5.768988176064518,1.5271640863953757
8.994113177391895,0.04835368822961671,5.347067005701794,5.768988176064518,1.5271640863953757
8.994026089670855,0.048353698229616715,5.347067015701794,5.768988176064518,1.5271640863953757
8.99402629820619,0.048353698229616715,5.347067005701794,5.768988186064518,1.5271640863953757
8.99402648526895,0.048353698229616715,5.347067005701794,5.768988176064518,1.5271640963953756
0.9761797916379287,0.04981080518386172,5.347065753332519,5.768982513116228,1.5271544135987007
0.9762054866687402,0.049810795183861716,5.347065753332519,5.768982513116228,1.5271544135987007
0.9761798088390774,0.04981080518386172,5.347065763332519,5.768982513116228,1.5271544135987007
0.9761798719585083,0.04981080518386172,5.347065753332519,5.768982523116228,1.5271544135987007
0.9761799286879284,0.04981080518386172,5.347065753332519,5.768982513116228,1.5271544235987007
0.065659396678974,0.05042009749281026,5.347065209892433,5.768980070523906,1.527150241393587
0.06566399482028228,0.05042008749281026,5.347065209892433,5.768980070523906,1.527150241393587
0.06565939979981883,0.05042009749281026,5.347065219892433,5.768980070523906,1.527150241393587
0.06565941121319742,0.05042009749281026,5.347065209892433,5.768980080523906,1.527150241393587
0.06565942146546153,0.05042009749281026,5.347065209892433,5.768980070523906,1.5271502513935868
0.03315324319264414,0.05055289491507868,5.3470650899461205,5.7689795324957105,1.5271493228549657
0.033153558821436835,0.05055288491507868,5.3470650899461205,5.7689795324957105,1.5271493228549657
0.03315324340571812,0.05055289491507868,5.3470650999461204,5.7689795324957105,1.5271493228549657
0.033153244186509716,0.05055289491507868,5.3470650899461205,5.76897954249571,1.5271493228549657
0.03315324487124395,0.05055289491507868,5.3470650899461205,5.7689795324957105,1.5271493328549657
0.03299688637841484,0.050562682320123044,5.3470650811441285,5.768979492968691,1.5271492559165525
0.03299689065528579,0.05056267232012304,5.3470650811441285,5.768979492968691,1.5271492559165525
0.03299688637938225,0.050562682320123044,5.347065091144128,5.768979492968691,1.5271492559165525
0.03299688638521926,0.050562682320123044,5.3470650811441285,5.7689795029686906,1.5271492559165525
0.03299688637248456,0.050562682320123044,5.3470650811441285,5.768979492968691,1.5271492659165524
0.03299685973630136,0.0505628167628465,5.347065081084401,5.768979492638062,1.5271492559108912
0.032996859740585346,0.050562806762846496,5.347065081084401,5.768979492638062,1.5271492559108912
0.03299685973435687,0.0505628167628465,5.347065091084401,5.768979492638062,1.5271492559108912
0.032996859729559395,0.0505628167628465,5.347065081084401,5.768979502638062,1.5271492559108912
0.032996859707249845,0.0505628167628465,5.347065081084401,5.768979492638062,1.5271492659108912
0.03299685973567877,0.050562816902725946,5.347065081145615,5.768979492850287,1.5271492568257397
0.03299685973569872,0.050562806902725944,5.347065081145615,5.768979492850287,1.5271492568257397
0.03299685973373159,0.050562816902725946,5.347065091145615,5.768979492850287,1.5271492568257397
0.03299685972892342,0.050562816902725946,5.347065081145615,5.768979502850287,1.5271492568257397
0.03299685970660429,0.050562816902725946,5.347065081145615,5.768979492850287,1.5271492668257396
0.03299685973376366,0.05056281746224374,5.347065081390472,5.768979493699186,1.5271492604851333
0.03299685971672476,0.05056280746224374,5.347065081390472,5.768979493699186,1.5271492604851333
0.03299685973180508,0.05056281746224374,5.347065091390472,5.768979493699186,1.5271492604851333
0.03299685972695312,0.05056281746224374,5.347065081390472,5.768979503699186,1.5271492604851333
0.032996859704595705,0.05056281746224374,5.347065081390472,5.768979493699186,1.5271492704851333
0.032996859735262965,0.05056281970031491,5.347065082369898,5.768979497094785,1.527149275122708
0.032996859649979955,0.05056280970031491,5.347065082369898,5.768979497094785,1.527149275122708
0.032996859733257666,0.05056281970031491,5.347065092369898,5.768979497094785,1.527149275122708
0.032996859728236495,0.05056281970031491,5.347065082369898,5.768979507094785,1.527149275122708
0.03299685970572607,0.05056281970031491,5.347065082369898,5.768979497094785,1.527149285122708
810.4761503099605,0.9908715818949265,4.890850519765598,5.518088922188104,1.6968522447877659
811.0540479380506,0.9908715718949265,4.890850519765598,5.518088922188104,1.6968522447877659
810.4761503090936,0.9908715818949265,4.890850529765598,5.518088922188104,1.6968522447877659
810.476150291534,0.9908715818949265,4.890850519765598,5.518088932188104,1.6968522447877659
810.476150290273,0.9908715818949265,4.890850519765598,5.518088922188104,1.6968522547877658
816.3936852518056,1.9908715818949254,4.890850521265822,5.518088954073469,1.6968522788552027
815.0626165018886,1.9908715718949255,4.890850521265822,5.518088954073469,1.6968522788552027
816.3936852501749,1.9908715818949254,4.890850531265822,5.518088954073469,1.6968522788552027
816.3936852446983,1.9908715818949254,4.890850521265822,5.518088964073469,1.6968522788552027
816.3936852444834,1.9908715818949254,4.890850521265822,5.518088954073469,1.6968522888552027
815.3039201712363,1.5354790735390207,4.890850520582632,5.518088939553112,1.6968522633411471
815.8083573426736,1.5354790635390207,4.890850520582632,5.518088939553112,1.6968522633411471
815.303920171038,1.5354790735390207,4.8908505305826315,5.518088939553112,1.6968522633411471
815.3039201609338,1.5354790735390207,4.890850520582632,5.518088949553112,1.6968522633411471
815.3039201600649,1.5354790735390207,4.890850520582632,5.518088939553112,1.696852273341147
797.3778476097984,1.1120006199104917,4.8908505199473185,5.518088926050348,1.6968522489143216
790.5600890238921,1.1120006099104918,4.8908505199473185,5.518088926050348,1.6968522489143216
797.377847606481,1.1120006199104917,4.890850529947318,5.518088926050348,1.6968522489143216
797.3778475700681,1.1120006199104917,4.8908505199473185,5.518088936050348,1.6968522489143216
797.3778475704758,1.1120006199104917,4.8908505199473185,5.518088926050348,1.6968522589143216
809.8051349156909,1.0606244139024934,4.890850519870243,5.518088924412199,1.6968522471640661
810.0013831813017,1.0606244039024935,4.890850519870243,5.518088924412199,1.6968522471640661
809.8051349153907,1.0606244139024934,4.890850529870243,5.518088924412199,1.6968522471640661
809.8051348955718,1.0606244139024934,4.890850519870243,5.518088934412199,1.6968522471640661
809.8051348955677,1.0606244139024934,4.890850519870243,5.518088924412199,1.696852257164066
796.495828887952,1.0105147237925867,4.890850519795067,5.5180889228144325,1.6968522454569575
787.1189432758989,1.0105147137925867,4.890850519795067,5.5180889228144325,1.6968522454569575
796.4958288874124,1.0105147237925867,4.890850529795067,5.5180889228144325,1.6968522454569575
796.4958288442083,1.0105147237925867,4.890850519795067,5.5180889328144325,1.6968522454569575
796.4958288425704,1.0105147237925867,4.890850519795067,5.5180889228144325,1.6968522554569574
789.5208151915296,1.0022225380813117,4.890850519782627,5.518088922550033,1.6968522451744639
788.3096262193874,1.0022225280813117,4.890850519782627,5.518088922550033,1.6968522451744639
789.5208151910912,1.0022225380813117,4.890850529782627,5.518088922550033,1.6968522451744639
789.5208151352557,1.0022225380813117,4.890850519782627,5.518088932550033,1.6968522451744639
789.5208151351188,1.0022225380813117,4.890850519782627,5.518088922550033,1.6968522551744638
807.5167279931726,0.9970050841576816,4.8908505197748,5.518088922383673,1.6968522449967185
809.6436059266714,0.9970050741576816,4.8908505197748,5.518088922383673,1.6968522449967185
807.5167279901447,0.9970050841576816,4.8908505297747995,5.518088922383673,1.6968522449967185
807.5167279713316,0.9970050841576816,4.8908505197748,5.518088932383673,1.6968522449967185
807.5167279714163,0.9970050841576816,4.8908505197748,5.518088922383673,1.6968522549967184
812.9573304054675,0.9914873299532442,4.890850519766522,5.518088922207737,1.6968522448087429
814.6122291068726,0.9914873199532441,4.890850519766522,5.518088922207737,1.6968522448087429
812.9573304053005,0.9914873299532442,4.890850529766522,5.518088922207737,1.6968522448087429
812.9573303909019,0.9914873299532442,4.890850519766522,5.518088932207737,1.6968522448087429
812.957330391623,0.9914873299532442,4.890850519766522,5.518088922207737,1.6968522548087428
808.9866897168562,0.990945435209388,4.890850519765709,5.518088922190459,1.6968522447902818
809.2027470153976,0.990945425209388,4.890850519765709,5.518088922190459,1.6968522447902818
808.9866897167502,0.990945435209388,4.890850529765709,5.518088922190459,1.6968522447902818
808.9866896950832,0.990945435209388,4.890850519765709,5.518088932190459,1.6968522447902818
808.9866896964002,0.990945435209388,4.890850519765709,5.518088922190459,1.6968522547902818
816.2342977964555,0.9908920555512643,4.890850519765629,5.518088922188757,1.6968522447884633
817.8135548077597,0.9908920455512642,4.890850519765629,5.518088922188757,1.6968522447884633
816.2342977964115,0.9908920555512643,4.890850529765629,5.518088922188757,1.6968522447884633
816.23429778769,0.9908920555512643,4.890850519765629,5.518088932188757,1.6968522447884633
816.2342977875118,0.9908920555512643,4.890850519765629,5.518088922188757,1.6968522547884632
807.4904040336804,0.990874106268183,4.890850519765602,5.518088922188185,1.6968522447878518
806.8084276794427,0.9908740962681829,4.890850519765602,5.518088922188185,1.6968522447878518
807.4904040335615,0.990874106268183,4.8908505297656015,5.518088922188185,1.6968522447878518
807.4904040092285,0.990874106268183,4.890850519765602,5.518088932188185,1.6968522447878518
807.4904040073375,0.990874106268183,4.890850519765602,5.518088922188185,1.6968522547878517
809.8360545359542,0.9908727398117799,4.8908505197656,5.5180889221881415,1.6968522447878054
808.6796066375692,0.9908727298117799,4.8908505197656,5.5180889221881415,1.6968522447878054
809.8360545314758,0.9908727398117799,4.8908505297656,5.5180889221881415,1.6968522447878054
809.8360545195881,0.9908727398117799,4.8908505197656,5.5180889321881414,1.6968522447878054
809.8360545182636,0.9908727398117799,4.8908505197656,5.5180889221881415,1.6968522547878053
807.5751082980248,0.9908738864914731,4.890850519765602,5.518088922188178,1.6968522447878445
807.2145469971762,0.9908738764914731,4.890850519765602,5.518088922188178,1.6968522447878445
807.575108297905,0.9908738864914731,4.8908505297656015,5.518088922188178,1.6968522447878445
807.5751082737257,0.9908738864914731,4.890850519765602,5.518088932188178,1.6968522447878445
807.575108271839,0.9908738864914731,4.890850519765602,5.518088922188178,1.6968522547878444
808.1327610311853,0.9908730010522673,4.890850519765602,5.518088922188204,1.6968522447878724
807.2205760005827,0.9908729910522672,4.890850519765602,5.518088922188204,1.6968522447878724
808.1327610310652,0.9908730010522673,4.8908505297656015,5.518088922188204,1.6968522447878724
808.1327610078895,0.9908730010522673,4.890850519765602,5.518088932188204,1.6968522447878724
808.1327610059664,0.9908730010522673,4.890850519765602,5.518088922188204,1.6968522547878724
807.0634273231319,0.990873772859032,4.890850519765602,5.5180889221881815,1.696852244787848
807.1225863009649,0.990873762859032,4.890850519765602,5.5180889221881815,1.696852244787848
807.0634273230079,0.990873772859032,4.8908505297656015,5.5180889221881815,1.696852244787848
807.0634272979182,0.990873772859032,4.890850519765602,5.518088932188181,1.696852244787848
807.063427295948,0.990873772859032,4.890850519765602,5.5180889221881815,1.696852254787848
806.8388809362161,0.9908737888753634,4.890850519765602,5.518088922188188,1.696852244787855
807.2448808106425,0.9908737788753633,4.890850519765602,5.518088922188188,1.696852244787855
806.8388809360683,0.9908737888753634,4.8908505297656015,5.518088922188188,1.696852244787855
806.8388809106194,0.9908737888753634,4.890850519765602,5.518088932188188,1.696852244787855
806.8388809086523,0.9908737888753634,4.890850519765602,5.518088922188188,1.6968522547878548
807.9588257647296,0.9908738529406889,4.890850519765602,5.518088922188213,1.6968522447878824
807.9064583320716,0.9908738429406888,4.890850519765602,5.518088922188213,1.6968522447878824
807.9588257646092,0.9908738529406889,4.8908505297656015,5.518088922188213,1.6968522447878824
807.9588257411209,0.9908738529406889,4.890850519765602,5.5180889321882125,1.6968522447878824
807.9588257392508,0.9908738529406889,4.890850519765602,5.518088922188213,1.6968522547878824
806.5856171108717,0.990873800838803,4.890850519765602,5.518088922188192,1.69685224478786
807.7093069435048,0.990873790838803,4.890850519765602,5.518088922188192,1.69685224478786
806.5856171107529,0.990873800838803,4.8908505297656015,5.518088922188192,1.69685224478786
806.5856170847935,0.990873800838803,4.890850519765602,5.518088932188192,1.69685224478786
806.5856170828934,0.990873800838803,4.890850519765602,5.518088922188192,1.69685225478786
806.6396379510651,0.9908738128768517,4.890850519765602,5.518088922188197,1.6968522447878651
807.474793210876,0.9908738028768517,4.890850519765602,5.518088922188197,1.6968522447878651
806.6396379509464,0.9908738128768517,4.8908505297656015,5.518088922188197,1.6968522447878651
806.639637925085,0.9908738128768517,4.890850519765602,5.5180889321881965,1.6968522447878651
806.6396379231599,0.9908738128768517,4.890850519765602,5.518088922188197,1.696852254787865
806.8103486077413,0.9908738035052761,4.890850519765602,5.518088922188193,1.6968522447878611
807.566922771331,0.990873793505276,4.890850519765602,5.518088922188193,1.6968522447878611
806.8103486076226,0.9908738035052761,4.8908505297656015,5.518088922188193,1.6968522447878611
806.8103485820667,0.9908738035052761,4.890850519765602,5.518088932188193,1.6968522447878611
806.8103485801355,0.9908738035052761,4.890850519765602,5.518088922188193,1.696852254787861
806.5856171108717,0.990873800838803,4.890850519765602,5.518088922188192,1.69685224478786
807.7093069435048,0.990873790838803,4.890850519765602,5.518088922188192,1.69685224478786
806.5856171107529,0.990873800838803,4.8908505297656015,5.518088922188192,1.69685224478786
806.5856170847935,0.990873800838803,4.890850519765602,5.518088932188192,1.69685224478786
806.5856170828934,0.990873800838803,4.890850519765602,5.518088922188192,1.69685225478786
807.1758979536004,0.990874105059555,4.890850519765602,5.5180889221881895,1.6968522447878573
807.0701277581361,0.9908740950595549,4.890850519765602,5.5180889221881895,1.6968522447878573
807.1758979534812,0.990874105059555,4.8908505297656015,5.5180889221881895,1.6968522447878573
807.1758979285831,0.990874105059555,4.890850519765602,5.518088932188189,1.6968522447878573
807.1758979266313,0.990874105059555,4.890850519765602,5.5180889221881895,1.6968522547878573
806.9031055798429,0.9908739035019009,4.890850519765602,5.518088922188191,1.6968522447878591
807.0156034955636,0.9908738935019008,4.890850519765602,5.518088922188191,1.6968522447878591
806.9031055797213,0.9908739035019009,4.8908505297656015,5.518088922188191,1.6968522447878591
806.9031055543378,0.9908739035019009,4.890850519765602,5.518088932188191,1.6968522447878591
806.9031055524547,0.9908739035019009,4.890850519765602,5.518088922188191,1.696852254787859
805.8311089015918,0.9908738317405231,4.890850519765602,5.518088922188192,1.6968522447878598
806.8453349034081,0.9908738217405231,4.890850519765602,5.518088922188192,1.6968522447878598
805.8311089014738,0.9908738317405231,4.8908505297656015,5.518088922188192,1.6968522447878598
805.8311088741575,0.9908738317405231,4.890850519765602,5.518088932188192,1.6968522447878598
805.8311088722113,0.9908738317405231,4.890850519765602,5.518088922188192,1.6968522547878597
805.1789208552427,0.9908738791030324,4.890850519765602,5.518088922188191,1.6968522447878593
807.2220820910757,0.9908738691030323,4.890850519765602,5.518088922188191,1.6968522447878593
805.1789208551256,0.9908738791030324,4.8908505297656015,5.518088922188191,1.6968522447878593
805.1789208266381,0.9908738791030324,4.890850519765602,5.518088932188191,1.6968522447878593
805.1789208246207,0.9908738791030324,4.890850519765602,5.518088922188191,1.6968522547878593
806.2276943312056,0.9908738838203991,4.890850519765602,5.518088922188191,1.6968522447878593
806.3066505731005,0.990873873820399,4.890850519765602,5.518088922188191,1.6968522447878593
806.2276943310865,0.9908738838203991,4.8908505297656015,5.518088922188191,1.6968522447878593
806.2276943044855,0.9908738838203991,4.890850519765602,5.518088932188191,1.6968522447878593
806.2276943025843,0.9908738838203991,4.890850519765602,5.518088922188191,1.6968522547878593
805.6811087960342,0.990873890091773,4.890850519765602,5.518088922188193,1.6968522447878616
806.1258481351314,0.9908738800917729,4.890850519765602,5.518088922188193,1.6968522447878616
805.6811087959143,0.990873890091773,4.8908505297656015,5.518088922188193,1.6968522447878616
805.6811087683337,0.990873890091773,4.890850519765602,5.518088932188193,1.6968522447878616
805.6811087663995,0.990873890091773,4.890850519765602,5.518088922188193,1.6968522547878615
806.7756302565216,0.9908739151772684,4.890850519765602,5.5180889221882,1.6968522447878704
807.2416397135801,0.9908739051772684,4.890850519765602,5.5180889221882,1.6968522447878704
806.7756302564019,0.9908739151772684,4.8908505297656015,5.5180889221882,1.6968522447878704
806.7756302307865,0.9908739151772684,4.890850519765602,5.5180889321882,1.6968522447878704
806.7756302288956,0.9908739151772684,4.890850519765602,5.5180889221882,1.6968522547878704
807.229552642763,0.9908738923982902,4.890850519765602,5.518088922188194,1.6968522447878625
806.4690099105431,0.9908738823982901,4.890850519765602,5.518088922188194,1.6968522447878625
807.2295526426441,0.9908738923982902,4.8908505297656015,5.518088922188194,1.6968522447878625
807.2295526178419,0.9908738923982902,4.890850519765602,5.518088932188194,1.6968522447878625
807.2295526160323,0.9908738923982902,4.890850519765602,5.518088922188194,1.6968522547878624
806.5088243610716,0.9908738901173529,4.890850519765602,5.518088922188193,1.6968522447878616
805.1747562662282,0.9908738801173529,4.890850519765602,5.518088922188193,1.6968522447878616
806.5088243609522,0.9908738901173529,4.8908505297656015,5.518088922188193,1.6968522447878616
806.5088243348566,0.9908738901173529,4.890850519765602,5.518088932188193,1.6968522447878616
806.5088243329777,0.9908738901173529,4.890850519765602,5.518088922188193,1.6968522547878615
805.6811087960342,0.990873890091773,4.890850519765602,5.518088922188193,1.6968522447878616
806.1258481351314,0.9908738800917729,4.890850519765602,5.518088922188193,1.6968522447878616
805.6811087959143,0.990873890091773,4.8908505297656015,5.518088922188193,1.6968522447878616
805.6811087683337,0.990873890091773,4.890850519765602,5.518088932188193,1.6968522447878616
805.6811087663995,0.990873890091773,4.890850519765602,5.518088922188193,1.6968522547878615
806.6892976627284,0.9908739254167405,4.890850519765602,5.518088922188195,1.6968522447878636
806.3820826380195,0.9908739154167404,4.890850519765602,5.518088922188195,1.6968522447878636
806.6892976625867,0.9908739254167405,4.8908505297656015,5.518088922188195,1.6968522447878636
806.689297636858,0.9908739254167405,4.890850519765602,5.518088932188195,1.6968522447878636
806.6892976349684,0.9908739254167405,4.890850519765602,5.518088922188195,1.6968522547878635
807.1714334681366,0.9908738963791235,4.890850519765602,5.518088922188193,1.696852244787862
807.0192155023727,0.9908738863791234,4.890850519765602,5.518088922188193,1.696852244787862
807.1714334680174,0.9908738963791235,4.8908505297656015,5.518088922188193,1.696852244787862
807.1714334431113,0.9908738963791235,4.890850519765602,5.518088932188193,1.696852244787862
807.1714334412634,0.9908738963791235,4.890850519765602,5.518088922188193,1.696852254787862
806.378330711705,0.9908738902750546,4.890850519765602,5.518088922188193,1.6968522447878616
806.9529568381215,0.9908738802750545,4.890850519765602,5.518088922188193,1.6968522447878616
806.3783307115857,0.9908738902750546,4.8908505297656015,5.518088922188193,1.6968522447878616
806.3783306852549,0.9908738902750546,4.890850519765602,5.518088932188193,1.6968522447878616
806.3783306833751,0.9908738902750546,4.890850519765602,5.518088922188193,1.6968522547878615
807.0130574870415,0.9908738900921262,4.890850519765602,5.518088922188193,1.6968522447878616
807.8183732045447,0.9908738800921262,4.890850519765602,5.518088922188193,1.6968522447878616
807.0130574869229,0.9908738900921262,4.8908505297656015,5.518088922188193,1.6968522447878616
807.0130574617316,0.9908738900921262,4.890850519765602,5.518088932188193,1.6968522447878616
807.0130574598902,0.9908738900921262,4.890850519765602,5.518088922188193,1.6968522547878615
805.6811087960342,0.990873890091773,4.890850519765602,5.518088922188193,1.6968522447878616
806.1258481351314,0.9908738800917729,4.890850519765602,5.518088922188193,1.6968522447878616
805.6811087959143,0.990873890091773,4.8908505297656015,5.518088922188193,1.6968522447878616
805.6811087683337,0.990873890091773,4.890850519765602,5.518088932188193,1.6968522447878616
805.6811087663995,0.990873890091773,4.890850519765602,5.518088922188193,1.6968522547878615
701.7835184858237,0.8893057217086269,5.504730041547941,6.721541599171798,1.3655439539070928
699.4297293063548,0.8893057317086269,5.504730041547941,6.721541599171798,1.3655439539070928
701.7835184851873,0.8893057217086269,5.504730051547941,6.721541599171798,1.3655439539070928
701.7835183158004,0.8893057217086269,5.504730041547941,6.721541609171798,1.3655439539070928
701.7835181021344,0.8893057217086269,5.504730041547941,6.721541599171798,1.3655439639070928
815.4456233254184,1.8893057217086109,5.504730041818322,6.72154167140568,1.3655441169163094
815.7612368354239,1.8893057317086108,5.504730041818322,6.72154167140568,1.3655441169163094
815.4456233252879,1.8893057217086109,5.5047300518183215,6.72154167140568,1.3655441169163094
815.4456233171302,1.8893057217086109,5.504730041818322,6.72154168140568,1.3655441169163094
815.4456233063668,1.8893057217086109,5.504730041818322,6.72154167140568,1.3655441269163093
807.6766868586305,1.2456759325079862,5.504730041644297,6.721541624913801,1.3655440119987217
807.7511182013225,1.2456759425079862,5.504730041644297,6.721541624913801,1.3655440119987217
807.6766868583221,1.2456759325079862,5.504730051644297,6.721541624913801,1.3655440119987217
807.6766868390022,1.2456759325079862,5.504730041644297,6.721541634913801,1.3655440119987217
807.6766868130496,1.2456759325079862,5.504730041644297,6.721541624913801,1.3655440219987216
806.4757289304451,1.0099882731675929,5.504730041580571,6.721541607889167,1.365543973579461
807.9916111554447,1.0099882831675928,5.504730041580571,6.721541607889167,1.365543973579461
806.4757289296011,1.0099882731675929,5.504730051580571,6.721541607889167,1.365543973579461
806.475728909471,1.0099882731675929,5.504730041580571,6.721541617889167,1.365543973579461
806.4757288841005,1.0099882731675929,5.504730041580571,6.721541607889167,1.365543983579461
800.177574579179,0.9433285826647009,5.504730041562548,6.721541603074079,1.365543962713317
799.0113856528086,0.9433285926647009,5.504730041562548,6.721541603074079,1.365543962713317
800.1775745786475,0.9433285826647009,5.504730051562548,6.721541603074079,1.365543962713317
800.1775745486921,0.9433285826647009,5.504730041562548,6.721541613074079,1.365543962713317
800.1775745099867,0.9433285826647009,5.504730041562548,6.721541603074079,1.365543972713317
785.4821182611313,0.9034665816847184,5.50473004155177,6.7215416001946915,1.3655439562154434
785.5083166539104,0.9034665916847184,5.50473004155177,6.7215416001946915,1.3655439562154434
785.4821182603889,0.9034665816847184,5.50473005155177,6.7215416001946915,1.3655439562154434
785.48211820935,0.9034665816847184,5.50473004155177,6.721541610194691,1.3655439562154434
785.4821181410395,0.9034665816847184,5.50473004155177,6.7215416001946915,1.3655439662154434
798.6485589183999,0.8940521111410218,5.504730041549225,6.721541599514648,1.3655439546807981
799.9440130048322,0.8940521211410218,5.504730041549225,6.721541599514648,1.3655439546807981
798.6485589178521,0.8940521111410218,5.504730051549225,6.721541599514648,1.3655439546807981
798.64855888568,0.8940521111410218,5.504730041549225,6.721541609514648,1.3655439546807981
798.6485588432188,0.8940521111410218,5.504730041549225,6.721541599514648,1.365543964680798
793.4480349497692,0.891353773563005,5.504730041548495,6.721541599319736,1.3655439542409442
793.0211218126672,0.8913537835630051,5.504730041548495,6.721541599319736,1.3655439542409442
793.4480349490442,0.891353773563005,5.504730051548495,6.721541599319736,1.3655439542409442
793.4480349095936,0.891353773563005,5.504730041548495,6.721541609319736,1.3655439542409442
793.4480348581023,0.891353773563005,5.504730041548495,6.721541599319736,1.3655439642409442
735.0540717900723,0.8899292735430459,5.50473004154811,6.721541599216839,1.3655439540087375
740.2798624045928,0.8899292835430459,5.50473004154811,6.721541599216839,1.3655439540087375
735.0540717890092,0.8899292735430459,5.50473005154811,6.721541599216839,1.3655439540087375
735.0540716663959,0.8899292735430459,5.50473004154811,6.721541609216839,1.3655439540087375
735.0540715055282,0.8899292735430459,5.50473004154811,6.721541599216839,1.3655439640087375
752.3326045293574,0.889644331991412,5.504730041548033,6.721541599196257,1.3655439539622893
765.5404784133577,0.8896443419914121,5.504730041548033,6.721541599196257,1.3655439539622893
752.3326045287823,0.889644331991412,5.504730051548033,6.721541599196257,1.3655439539622893
752.332604429762,0.889644331991412,5.504730041548033,6.721541609196257,1.3655439539622893
752.332604309987,0.889644331991412,5.504730041548033,6.721541599196257,1.3655439639622893
771.1909449189536,0.8894979486790581,5.504730041547994,6.721541599185683,1.3655439539384275
770.819243191846,0.8894979586790581,5.504730041547994,6.721541599185683,1.3655439539384275
771.190944918527,0.8894979486790581,5.504730051547994,6.721541599185683,1.3655439539384275
771.1909448462183,0.8894979486790581,5.504730041547994,6.7215416091856826,1.3655439539384275
771.1909447558978,0.8894979486790581,5.504730041547994,6.721541599185683,1.3655439639384275
737.9717269688077,0.8893647774786392,5.504730041547957,6.721541599176064,1.3655439539167196
781.5313740598399,0.8893647874786392,5.504730041547957,6.721541599176064,1.3655439539167196
737.9717269681784,0.8893647774786392,5.504730051547957,6.721541599176064,1.3655439539167196
737.9717268489512,0.8893647774786392,5.504730041547957,6.721541609176064,1.3655439539167196
737.9717267010906,0.8893647774786392,5.504730041547957,6.721541599176064,1.3655439639167195
776.7929593211744,0.8893398602738054,5.50473004154795,6.721541599174263,1.3655439539126577
743.0177302997635,0.8893398702738055,5.50473004154795,6.721541599174263,1.3655439539126577
776.7929593202113,0.8893398602738054,5.50473005154795,6.721541599174263,1.3655439539126577
776.7929592569894,0.8893398602738054,5.50473004154795,6.721541609174263,1.3655439539126577
776.792959175767,0.8893398602738054,5.50473004154795,6.721541599174263,1.3655439639126576
693.9918095357399,0.8893068130693507,5.504730041547941,6.721541599171877,1.3655439539072707
674.3835799591843,0.8893068230693507,5.504730041547941,6.721541599171877,1.3655439539072707
693.9918095351027,0.8893068130693507,5.504730051547941,6.721541599171877,1.3655439539072707
693.9918093551081,0.8893068130693507,5.504730041547941,6.721541609171877,1.3655439539072707
693.9918091286861,0.8893068130693507,5.504730041547941,6.721541599171877,1.3655439639072706
674.3851016505049,0.8893122164871498,5.504730041547943,6.721541599172267,1.3655439539081515
693.2881150425738,0.8893122264871498,5.504730041547943,6.721541599172267,1.3655439539081515
674.3851016498953,0.8893122164871498,5.504730051547943,6.721541599172267,1.3655439539081515
674.3851014434651,0.8893122164871498,5.504730041547943,6.721541609172267,1.3655439539081515
674.3851011922408,0.8893122164871498,5.504730041547943,6.721541599172267,1.3655439639081515
674.5160072530806,0.8893094976808762,5.504730041547942,6.72154159917207,1.3655439539077083
633.0522461211233,0.8893095076808762,5.504730041547942,6.72154159917207,1.3655439539077083
674.5160072525546,0.8893094976808762,5.504730051547942,6.72154159917207,1.3655439539077083
674.5160070461525,0.8893094976808762,5.504730041547942,6.72154160917207,1.3655439539077083
674.5160068001799,0.8893094976808762,5.504730041547942,6.72154159917207,1.3655439639077083
739.6384325914514,0.889310741187003,5.504730041547943,6.72154159917216,1.365543953907911
740.0853808489353,0.8893107511870031,5.504730041547943,6.72154159917216,1.365543953907911
739.6384325910643,0.889310741187003,5.504730051547943,6.72154159917216,1.365543953907911
739.6384324737426,0.889310741187003,5.504730041547943,6.72154160917216,1.365543953907911
739.6384323285162,0.889310741187003,5.504730041547943,6.72154159917216,1.365543963907911
651.7267356560786,0.8893117520917105,5.504730041547943,6.721541599172233,1.3655439539080758
628.9521661861231,0.8893117620917106,5.504730041547943,6.721541599172233,1.3655439539080758
651.7267356550777,0.8893117520917105,5.504730051547943,6.721541599172233,1.3655439539080758
651.7267354193941,0.8893117520917105,5.504730041547943,6.721541609172233,1.3655439539080758
651.7267351392519,0.8893117520917105,5.504730041547943,6.721541599172233,1.3655439639080758
821.0982684904635,2277456936.44119,5.604819934086347,30.38999311959603,53.04821734254591
821.0982645079046,2277456970.3779426,5.604819934086347,30.38999311959603,53.04821734254591
821.0982684905781,2277456936.44119,5.604819944086347,30.38999311959603,53.04821734254591
821.0982684905256,2277456936.44119,5.604819934086347,30.389993129596032,53.04821734254591
821.0982684905224,2277456936.44119,5.604819934086347,30.38999311959603,53.04821735254591
821.0982645905043,759152312.7399379,5.538093339060745,14.6110254393135,18.59310175012069
821.0982641401204,759152324.0521889,5.538093339060745,14.6110254393135,18.59310175012069
821.0982645905043,759152312.7399379,5.538093349060745,14.6110254393135,18.59310175012069
821.0982645905043,759152312.7399379,5.538093339060745,14.611025449313502,18.59310175012069
821.0982645905043,759152312.7399379,5.538093339060745,14.6110254393135,18.593101760120692
821.0982919267921,253050771.5061871,5.515851140718877,9.351369545885989,7.108063219312281
821.0982608118136,253050775.27693745,5.515851140718877,9.351369545885989,7.108063219312281
821.0982919267811,253050771.5061871,5.515851150718877,9.351369545885989,7.108063219312281
821.0982919267698,253050771.5061871,5.515851140718877,9.35136955588599,7.108063219312281
821.0982919267799,253050771.5061871,5.515851140718877,9.351369545885989,7.108063229312281
821.0983607025789,84350257.76160334,5.508437074604921,7.598150914743483,3.2797170423761397
821.0983607025789,84350257.76160336,5.508437074604921,7.598150914743483,3.2797170423761397
821.0983607025786,84350257.76160334,5.508437084604921,7.598150914743483,3.2797170423761397
821.0983607025717,84350257.76160334,5.508437074604921,7.598150924743483,3.2797170423761397
821.0983607025793,84350257.76160334,5.508437074604921,7.598150914743483,3.2797170523761396
821.0982499237097,28116753.180075575,5.505965719233602,7.013744704362649,2.003601650064096
821.0982499237097,28116753.180075586,5.505965719233602,7.013744704362649,2.003601650064096
821.0982499237098,28116753.180075575,5.505965729233602,7.013744704362649,2.003601650064096
821.0982499237032,28116753.180075575,5.505965719233602,7.013744714362649,2.003601650064096
821.0982499237095,28116753.180075575,5.505965719233602,7.013744704362649,2.003601660064096
821.0981560572793,9372251.652899642,5.5051419341098295,6.818942634235705,1.5782298526267482
821.0984497328691,9372251.65289965,5.5051419341098295,6.818942634235705,1.5782298526267482
821.0981560572793,9372251.652899642,5.5051419441098295,6.818942634235705,1.5782298526267482
821.0981560572924,9372251.652899642,5.5051419341098295,6.818942644235705,1.5782298526267482
821.0981560572836,9372251.652899642,5.5051419341098295,6.818942634235705,1.5782298626267481
821.0982700112667,3124106.1049421607,5.5048673400190715,6.754008835626447,1.4364397442831596
821.0982700112667,3124106.1049421704,5.5048673400190715,6.754008835626447,1.4364397442831596
821.0982700112667,3124106.1049421607,5.5048673500190715,6.754008835626447,1.4364397442831596
821.0982700112684,3124106.1049421607,5.5048673400190715,6.754008845626447,1.4364397442831596
821.0982700112672,3124106.1049421607,5.5048673400190715,6.754008835626447,1.4364397542831595
821.0983988822705,1041369.2945218388,5.504775807704986,6.732364011323637,1.3891758840331025
821.0988800626724,1041369.2945218488,5.504775807704986,6.732364011323637,1.3891758840331025
821.0983988822704,1041369.2945218388,5.504775817704986,6.732364011323637,1.3891758840331025
821.0983988822686,1041369.2945218388,5.504775807704986,6.732364021323637,1.3891758840331025
821.0983988822688,1041369.2945218388,5.504775807704986,6.732364011323637,1.3891758940331025
821.0987440771195,347127.3537758253,5.504745297094594,6.7251491079542305,1.3734213470685757
821.0991862092754,347127.3537758353,5.504745297094594,6.7251491079542305,1.3734213470685757
821.0987440771195,347127.3537758253,5.504745307094594,6.7251491079542305,1.3734213470685757
821.0987440771095,347127.3537758253,5.504745297094594,6.72514911795423,1.3734213470685757
821.0987440771046,347127.3537758253,5.504745297094594,6.7251491079542305,1.3734213570685756
821.0980096557543,115710.83264229161,5.504735126779463,6.722744113758304,1.3681697770863837
821.1003387069766,115710.83264230161,5.504735126779463,6.722744113758304,1.3681697770863837
821.0980096557564,115710.83264229161,5.504735136779463,6.722744113758304,1.3681697770863837
821.098009655834,115710.83264229161,5.504735126779463,6.722744123758304,1.3681697770863837
821.0980096558047,115710.83264229161,5.504735126779463,6.722744113758304,1.3681697870863836
821.09711944917,38572.84321938487,5.504731736711817,6.72194245786987,1.366419273069835
821.0986637990713,38572.84321939487,5.504731736711817,6.72194245786987,1.366419273069835
821.0971194491624,38572.84321938487,5.504731746711817,6.72194245786987,1.366419273069835
821.0971194489096,38572.84321938487,5.504731736711817,6.72194246786987,1.366419273069835
821.0971194489302,38572.84321938487,5.504731736711817,6.72194245786987,1.366419283069835
821.2150094299284,12858.643341054352,5.504730606621732,6.721675223269862,1.3658357368575729
821.0982863875253,12858.643341064353,5.504730606621732,6.721675223269862,1.3658357368575729
821.215009431321,12858.643341054352,5.504730616621732,6.721675223269862,1.3658357368575729
821.2150094813204,12858.643341054352,5.504730606621732,6.721675233269862,1.3658357368575729
821.2150095510108,12858.643341054352,5.504730606621732,6.721675223269862,1.3658357468575728
821.082657821863,4275.839327619098,5.50473022942385,6.721586026553328,1.3656409659929034
821.0930870567851,4275.839327629098,5.50473022942385,6.721586026553328,1.3656409659929034
821.0826578217736,4275.839327619098,5.50473023942385,6.721586026553328,1.3656409659929034
821.0826578186046,4275.839327619098,5.50473022942385,6.721586036553328,1.3656409659929034
821.0826578134795,4275.839327619098,5.50473022942385,6.721586026553328,1.3656409759929033
821.1306564189304,1426.1989648200304,5.504730104187587,6.721556411690485,1.365576298674788
821.0613309373787,1426.1989648300303,5.504730104187587,6.721556411690485,1.365576298674788
821.1306564192183,1426.1989648200304,5.504730114187587,6.721556411690485,1.365576298674788
821.1306564220918,1426.1989648200304,5.504730104187587,6.721556421690485,1.365576298674788
821.1306564211608,1426.1989648200304,5.504730104187587,6.721556411690485,1.3655763086747879
821.0971488513267,475.2699689808078,5.504730062396069,6.721546529169114,1.3655547190998065
821.0976432482569,475.2699689908078,5.504730062396069,6.721546529169114,1.3655547190998065
821.0971488513067,475.2699689808078,5.504730072396069,6.721546529169114,1.3655547190998065
821.0971488511645,475.2699689808078,5.504730062396069,6.721546539169114,1.3655547190998065
821.0971488501799,475.2699689808078,5.504730062396069,6.721546529169114,1.3655547290998065
819.7252878030005,159.0179137854265,5.504730048497394,6.721543242522363,1.3655475423442673
819.9949663113742,159.0179137954265,5.504730048497394,6.721543242522363,1.3655475423442673
819.7252878030874,159.0179137854265,5.504730058497394,6.721543242522363,1.3655475423442673
819.7252878046535,159.0179137854265,5.504730048497394,6.721543252522363,1.3655475423442673
819.725287813041,159.0179137854265,5.504730048497394,6.721543242522363,1.3655475523442673
819.495972339185,53.91183612285166,5.504730043878182,6.721542150208359,1.3655451571562105
819.5121181750687,53.91183613285166,5.504730043878182,6.721542150208359,1.3655451571562105
819.4959723387033,53.91183612285166,5.504730053878182,6.721542150208359,1.3655451571562105
819.4959723315962,53.91183612285166,5.504730043878182,6.721542160208359,1.3655451571562105
819.4959723137971,53.91183612285166,5.504730043878182,6.721542150208359,1.3655451671562104
820.2161452061414,18.569752580092228,5.504730042324965,6.721541782916061,1.3655443551329836
820.2115476238968,18.56975259009223,5.504730042324965,6.721541782916061,1.3655443551329836
820.21614520603,18.569752580092228,5.504730052324965,6.721541782916061,1.3655443551329836
820.2161452049947,18.569752580092228,5.504730042324965,6.721541792916061,1.3655443551329836
820.2161452026585,18.569752580092228,5.504730042324965,6.721541782916061,1.3655443651329835
820.274910524835,6.782197140079301,5.5047300418069245,6.721541660413993,1.3655440876362117
820.2749256593888,6.782197150079301,5.5047300418069245,6.721541660413993,1.3655440876362117
820.2749105247331,6.782197140079301,5.504730051806924,6.721541660413993,1.3655440876362117
820.2749105236825,6.782197140079301,5.5047300418069245,6.721541670413993,1.3655440876362117
820.2749105215398,6.782197140079301,5.5047300418069245,6.721541660413993,1.3655440976362117
819.88243874332,2.8536074847566923,5.504730041634271,6.7215416195861595,1.3655439984841349
819.8824435318649,2.8536074947566923,5.504730041634271,6.7215416195861595,1.3655439984841349
819.8824387432966,2.8536074847566923,5.5047300516342705,6.7215416195861595,1.3655439984841349
819.8824387415324,2.8536074847566923,5.504730041634271,6.721541629586159,1.3655439984841349
819.8824387389384,2.8536074847566923,5.504730041634271,6.7215416195861595,1.3655440084841348
183058.10242933335,0.013353494356711251,4.664941252558416,4.780458656584237,1.6647972705986283
183058.72549932855,0.013353484356711251,4.664941252558416,4.780458656584237,1.6647972705986283
183058.1025388449,0.013353494356711251,4.664941262558416,4.780458656584237,1.6647972705986283
183058.10311376656,0.013353494356711251,4.664941252558416,4.780458666584237,1.6647972705986283
183058.1031890036,0.013353494356711251,4.664941252558416,4.780458656584237,1.6647972805986282
803.746239814907,1.0133521323085999,4.664765491574345,4.779360172808029,1.663578034839064
802.0631119014025,1.0133521223086,4.664765491574345,4.779360172808029,1.663578034839064
803.7462398135166,1.0133521323085999,4.664765501574345,4.779360172808029,1.663578034839064
803.7462397801557,1.0133521323085999,4.664765491574345,4.779360182808029,1.663578034839064
803.7462397826611,1.0133521323085999,4.664765491574345,4.779360172808029,1.663578044839064
782.6459875469423,0.2835256162520417,4.664893766775725,4.780161876487322,1.6644678666377122
782.6459851064527,0.2835256062520417,4.664893766775725,4.780161876487322,1.6644678666377122
782.6459875296464,0.2835256162520417,4.664893776775725,4.780161876487322,1.6644678666377122
782.6459874934548,0.2835256162520417,4.664893766775725,4.780161886487322,1.6644678666377122
782.6459874869685,0.2835256162520417,4.664893766775725,4.780161876487322,1.6644678766377121
782.6457289922411,0.2835245580247843,4.664893774275401,4.7801618996800945,1.6644678926430108
782.6457265517104,0.28352454802478433,4.664893774275401,4.7801618996800945,1.6644678926430108
782.645728974945,0.2835245580247843,4.664893784275401,4.7801618996800945,1.6644678926430108
782.6457289387531,0.2835245580247843,4.664893774275401,4.7801619096800945,1.6644678926430108
782.6457289322667,0.2835245580247843,4.664893774275401,4.7801618996800945,1.6644679026430107
782.6446947455577,0.2835203251157548,4.664893804274107,4.780161992451183,1.664467996664205
782.6446923049183,0.2835203151157548,4.664893804274107,4.780161992451183,1.664467996664205
782.6446947282615,0.2835203251157548,4.664893814274107,4.780161992451183,1.664467996664205
782.6446946920681,0.2835203251157548,4.664893804274107,4.780162002451183,1.664467996664205
782.6446946855815,0.2835203251157548,4.664893804274107,4.780161992451183,1.664468006664205
782.6405573093147,0.28350339347963677,4.66489392426893,4.7801623635355375,1.6644684127489824
782.6405548682551,0.2835033834796368,4.66489392426893,4.7801623635355375,1.6644684127489824
782.6405572920166,0.28350339347963677,4.66489393426893,4.7801623635355375,1.6644684127489824
782.640557255819,0.28350339347963677,4.66489392426893,4.780162373535537,1.6644684127489824
782.6405572493318,0.28350339347963677,4.66489392426893,4.7801623635355375,1.6644684227489823
782.6240004741021,0.2834356669351646,4.664894404248222,4.780163847872955,1.6644700770880916
782.6239980313057,0.2834356569351646,4.664894404248222,4.780163847872955,1.6644700770880916
782.6240004567973,0.2834356669351646,4.664894414248222,4.780163847872955,1.6644700770880916
782.6240004205816,0.2834356669351646,4.664894404248222,4.780163857872955,1.6644700770880916
782.6240004140916,0.2834356669351646,4.664894404248222,4.780163847872955,1.6644700870880915
782.5576536626324,0.28316476075727587,4.664896324165389,4.780169785222625,1.6644767344445284
782.5576512128298,0.2831647507572759,4.664896324165389,4.780169785222625,1.6644767344445284
782.5576536453002,0.28316476075727587,4.664896334165389,4.780169785222625,1.6644767344445284
782.5576536090118,0.28316476075727587,4.664896324165389,4.7801697952226245,1.6644767344445284
782.557653602511,0.28316476075727587,4.664896324165389,4.780169785222625,1.6644767444445283
782.2903568719922,0.282081136045721,4.664904003834059,4.780193534621303,1.6645033638702755
782.2903543939015,0.282081126045721,4.664904003834059,4.780193534621303,1.6645033638702755
782.2903568545498,0.282081136045721,4.664904013834059,4.780193534621303,1.6645033638702755
782.2903568179688,0.282081136045721,4.664904003834059,4.780193544621303,1.6645033638702755
782.290356811424,0.282081136045721,4.664904003834059,4.780193534621303,1.6645033738702755
781.189751250479,0.2777466371995015,4.664934722508739,4.7802885322160185,1.6646098815732642
781.1897486546785,0.2777466271995015,4.664934722508739,4.7802885322160185,1.6646098815732642
781.1897512325837,0.2777466371995015,4.664934732508739,4.7802885322160185,1.6646098815732642
781.1897511947968,0.2777466371995015,4.664934722508739,4.780288542216018,1.6646098815732642
781.1897511880703,0.2777466371995015,4.664934722508739,4.7802885322160185,1.6646098915732641
776.2237667146671,0.2604086418146235,4.665057597207457,4.780668522594879,1.6650359523852187
776.2237635637616,0.2604086318146235,4.665057597207457,4.780668522594879,1.6650359523852187
776.2237666947465,0.2604086418146235,4.665057607207457,4.780668522594879,1.6650359523852187
776.2237666514895,0.2604086418146235,4.665057597207457,4.780668532594879,1.6650359523852187
776.2237666439432,0.2604086418146235,4.665057597207457,4.780668522594879,1.6650359623852187
740.7907060008635,0.19105666027511142,4.665549096002329,4.78218848411032,1.666740235633037
740.7906979178379,0.19105665027511143,4.665549096002329,4.78218848411032,1.666740235633037
740.7907059671616,0.19105666027511142,4.665549106002329,4.78218848411032,1.666740235633037
740.7907058841193,0.19105666027511142,4.665549096002329,4.78218849411032,1.666740235633037
740.7907058707317,0.19105666027511142,4.665549096002329,4.78218848411032,1.666740245633037
442.40651129505073,0.08635126588293679,4.667515091181818,4.7882683301720865,1.67355736862431
442.40659258937427,0.08635127588293678,4.667515091181818,4.7882683301720865,1.67355736862431
442.4065111741661,0.08635126588293679,4.667515101181818,4.7882683301720865,1.67355736862431
442.40651078005146,0.08635126588293679,4.667515091181818,4.7882683401720865,1.67355736862431
442.40651072652065,0.08635126588293679,4.667515091181818,4.7882683301720865,1.6735573786243099
715.524354470447,0.16594443881432852,4.6657270667871655,4.7827388593027855,1.667357353376482
715.5243420319684,0.16594442881432853,4.6657270667871655,4.7827388593027855,1.667357353376482
715.5243544274864,0.16594443881432852,4.6657270767871655,4.7827388593027855,1.667357353376482
715.5243543157882,0.16594443881432852,4.6657270667871655,4.7827388693027855,1.667357353376482
715.5243542982593,0.16594443881432852,4.6657270667871655,4.7827388593027855,1.667357363376482
97082.727321022,0.015340360180343793,4.667011835560265,4.786712010634438,1.6718123183126274
97082.43089245295,0.015340370180343793,4.667011835560265,4.786712010634438,1.6718123183126274
97082.72738131724,0.015340360180343793,4.667011845560265,4.786712010634438,1.6718123183126274
97082.72769079974,0.015340360180343793,4.667011835560265,4.786712020634438,1.6718123183126274
97082.72772762793,0.015340360180343793,4.667011835560265,4.786712010634438,1.6718123283126274
190.01201181126766,0.06377411770054642,4.667355086508888,4.78777351523524,1.6730025487824451
190.01215435451562,0.06377412770054641,4.667355086508888,4.78777351523524,1.6730025487824451
190.01201166465216,0.06377411770054642,4.667355096508888,4.78777351523524,1.6730025487824451
190.01201113976083,0.06377411770054642,4.667355086508888,4.78777352523524,1.6730025487824451
190.01201106912202,0.06377411770054642,4.667355086508888,4.78777351523524,1.673002558782445
981.2038383386864,0.03400900908974225,4.667144140625487,4.787121164450345,1.6722710891348793
981.2013975024971,0.03400901908974225,4.667144140625487,4.787121164450345,1.6722710891348793
981.2038395439309,0.03400900908974225,4.667144150625487,4.787121164450345,1.6722710891348793
981.2038446987526,0.03400900908974225,4.667144140625487,4.787121174450345,1.6722710891348793
981.2038453637211,0.03400900908974225,4.667144140625487,4.787121164450345,1.6722710991348793
190.01201181126766,0.06377411770054642,4.667355086508888,4.78777351523524,1.6730025487824451
190.01215435451562,0.06377412770054641,4.667355086508888,4.78777351523524,1.6730025487824451
190.01201166465216,0.06377411770054642,4.667355096508888,4.78777351523524,1.6730025487824451
190.01201113976083,0.06377411770054642,4.667355086508888,4.78777352523524,1.6730025487824451
190.01201106912202,0.06377411770054642,4.667355086508888,4.78777351523524,1.673002558782445
781.1678690135815,0.2776701791160675,4.664981909120634,4.780443264886524,1.6647829425016187
781.1678664154975,0.2776701691160675,4.664981909120634,4.780443264886524,1.6647829425016187
781.167868995678,0.2776701791160675,4.664981919120634,4.780443264886524,1.6647829425016187
781.1678689578667,0.2776701791160675,4.664981909120634,4.780443274886524,1.6647829425016187
781.1678689511529,0.2776701791160675,4.664981909120634,4.780443264886524,1.6647829525016187
3558.0474476701365,0.028528228611771136,4.666713547484241,4.785791934893875,1.6707805496084738
3558.0555659889433,0.028528218611771135,4.666713547484241,4.785791934893875,1.6707805496084738
3558.0474509536953,0.028528228611771136,4.666713557484241,4.785791934893875,1.6707805496084738
3558.0474656422857,0.028528228611771136,4.666713547484241,4.785791944893875,1.6707805496084738
3558.0474675450096,0.028528228611771136,4.666713547484241,4.785791934893875,1.6707805596084737
179.99297534962645,0.06307418551571109,4.667350221694188,4.787758488836528,1.6729856992786278
179.9931191293753,0.06307419551571108,4.667350221694188,4.787758488836528,1.6729856992786278
179.99297520367685,0.06307418551571109,4.667350231694188,4.787758488836528,1.6729856992786278
179.99297467943703,0.06307418551571109,4.667350221694188,4.787758498836528,1.6729856992786278
179.99297460891955,0.06307418551571109,4.667350221694188,4.787758488836528,1.6729857092786278
169.8977807944073,0.062374521988862425,4.667345358746771,4.787743468205463,1.672968856242228
169.8979256190315,0.062374531988862426,4.667345358746771,4.787743468205463,1.672968856242228
169.89778064934248,0.062374521988862425,4.667345368746771,4.787743468205463,1.672968856242228
169.89778012653784,0.062374521988862425,4.667345358746771,4.787743478205463,1.672968856242228
169.89778005624817,0.062374521988862425,4.667345358746771,4.787743468205463,1.672968866242228
60929.21503086901,0.016923146688545644,4.667029453115505,4.786767701549668,1.671874702925351
60929.041862815924,0.016923156688545646,4.667029453115505,4.786767701549668,1.671874702925351
60929.2150700445,0.016923146688545644,4.667029463115505,4.786767701549668,1.671874702925351
60929.21526736969,0.016923146688545644,4.667029453115505,4.786767711549668,1.671874702925351
60929.215291070985,0.016923146688545644,4.667029453115505,4.786767701549668,1.6718747129253508
1.800171819951685,0.04848950901553265,4.667248852232733,4.7874453796969165,1.672634601604183
1.800205096801457,0.04848951901553265,4.667248852232733,4.7874453796969165,1.672634601604183
1.8001717951863532,0.04848950901553265,4.667248862232733,4.7874453796969165,1.672634601604183
1.8001716991185028,0.04848950901553265,4.667248852232733,4.7874453896969165,1.672634601604183
1.8001716863646138,0.04848950901553265,4.667248852232733,4.7874453796969165,1.672634611604183
30.67123181127232,0.04383421145316038,4.667214769260552,4.78733888078742,1.6725152951243074
30.671040159816393,0.043834221453160384,4.667214769260552,4.78733888078742,1.6725152951243074
30.671231938054962,0.04383421145316038,4.667214779260552,4.78733888078742,1.6725152951243074
30.6712324441109,0.04383421145316038,4.667214769260552,4.78733889078742,1.6725152951243074
30.67123251075161,0.04383421145316038,4.667214769260552,4.78733888078742,1.6725153051243073
0.04746738174303425,0.047550871455272634,4.667241980156904,4.78742390655256,1.6726105460971628
0.04747048949178753,0.047550881455272635,4.667241980156904,4.78742390655256,1.6726105460971628
0.04746737947836038,0.047550871455272634,4.667241990156904,4.78742390655256,1.6726105460971628
0.04746737064677669,0.047550871455272634,4.667241980156904,4.78742391655256,1.6726105460971628
0.04746736946122552,0.047550871455272634,4.667241980156904,4.78742390655256,1.6726105560971627
0.03404556826417369,0.0474541810952213,4.667241270601327,4.787421688106604,1.6726080614479975
0.03404522634429933,0.0474541910952213,4.667241270601327,4.787421688106604,1.6726080614479975
0.034045568507825766,0.0474541810952213,4.667241280601327,4.787421688106604,1.6726080614479975
0.03404556946153294,0.0474541810952213,4.667241270601327,4.787421698106604,1.6726080614479975
0.03404556957184353,0.0474541810952213,4.667241270601327,4.787421688106604,1.6726080714479974
0.03388309080715089,0.04746376477700995,4.667241341069718,4.787421908585641,1.6726083088204746
0.03388309384298866,0.04746377477700995,4.667241341069718,4.787421908585641,1.6726083088204746
0.0338830908005153,0.04746376477700995,4.667241351069718,4.787421908585641,1.6726083088204746
0.03388309077730424,0.04746376477700995,4.667241341069718,4.787421918585641,1.6726083088204746
0.03388309075825669,0.04746376477700995,4.667241341069718,4.787421908585641,1.6726083188204746
0.033883079517726844,0.047463680479889005,4.667241340573075,4.787421907175628,1.672608307671388
0.03388307952207888,0.047463690479889006,4.667241340573075,4.787421907175628,1.672608307671388
0.03388307951328972,0.047463680479889005,4.667241350573075,4.787421907175628,1.672608307671388
0.03388307949866672,0.047463680479889005,4.667241340573075,4.787421917175628,1.672608307671388
0.033883079480756556,0.047463680479889005,4.667241340573075,4.787421907175628,1.672608317671388
0.033883079514488754,0.04746368038848459,4.667241340695909,4.787421907703998,1.6726083086981132
0.033883079515336804,0.047463690388484595,4.667241340695909,4.787421907703998,1.6726083086981132
0.03388307951005474,0.04746368038848459,4.6672413506959085,4.787421907703998,1.6726083086981132
0.033883079495441726,0.04746368038848459,4.667241340695909,4.787421917703998,1.6726083086981132
0.03388307947753168,0.04746368038848459,4.667241340695909,4.787421907703998,1.672608318698113
0.03388307950188146,0.047463680022866946,4.667241341187242,4.787421909817479,1.6726083128050138
0.03388307948871904,0.04746369002286695,4.667241341187242,4.787421909817479,1.6726083128050138
0.03388307949745799,0.047463680022866946,4.667241351187242,4.787421909817479,1.6726083128050138
0.033883079482883806,0.047463680022866946,4.667241341187242,4.787421919817479,1.6726083128050138
0.03388307946497962,0.047463680022866946,4.667241341187242,4.787421909817479,1.6726083228050137
0.033883079456920116,0.047463678560396357,4.6672413431525746,4.787421918271403,1.6726083292326162
0.0338830793876966,0.04746368856039636,4.6672413431525746,4.787421918271403,1.6726083292326162
0.03388307945253734,0.047463678560396357,4.6672413531525745,4.787421918271403,1.6726083292326162
0.03388307943812187,0.047463678560396357,4.6672413431525746,4.787421928271403,1.6726083292326162
0.03388307942024015,0.047463678560396357,4.6672413431525746,4.787421918271403,1.672608339232616
799.092277130602,0.49109958072225024,4.56705562031209,5.482962966318245,2.1283378278478944
799.0922764007994,0.49109957072225024,4.56705562031209,5.482962966318245,2.1283378278478944
799.0922771244519,0.49109958072225024,4.5670556303120895,5.482962966318245,2.1283378278478944
799.0922770981442,0.49109958072225024,4.56705562031209,5.482962976318245,2.1283378278478944
799.0922771114025,0.49109958072225024,4.56705562031209,5.482962966318245,2.1283378378478943
788.5118221976331,0.5075326672856622,4.575471189996723,5.52737692598518,2.154609706582585
788.5118232927452,0.5075326772856622,4.575471189996723,5.52737692598518,2.154609706582585
788.5118221910677,0.5075326672856622,4.575471199996723,5.52737692598518,2.154609706582585
788.5118221468703,0.5075326672856622,4.575471189996723,5.52737693598518,2.154609706582585
788.5118221680426,0.5075326672856622,4.575471189996723,5.52737692598518,2.154609716582585
420.7873104307299,0.09040176362003072,4.570432339228418,5.5007839176473325,2.138879330469269
420.7872293277214,0.09040175362003072,4.570432339228418,5.5007839176473325,2.138879330469269
420.78731032262914,0.09040176362003072,4.570432349228418,5.5007839176473325,2.138879330469269
420.7873099390075,0.09040176362003072,4.570432339228418,5.5007839276473325,2.138879330469269
420.78731011906785,0.09040176362003072,4.570432339228418,5.5007839176473325,2.138879340469269
800.592814571025,0.4995916671713797,4.575404270427521,5.527023751671519,2.1544007958524833
800.5928152384041,0.4995916771713797,4.575404270427521,5.527023751671519,2.1544007958524833
800.5928145648892,0.4995916671713797,4.575404280427521,5.527023751671519,2.1544007958524833
800.5928145419679,0.4995916671713797,4.575404270427521,5.5270237616715185,2.1544007958524833
800.5928145542414,0.4995916671713797,4.575404270427521,5.527023751671519,2.1544008058524833
322.94676477933,0.0799696166675038,4.5718680751822065,5.5083611490331466,2.1433614371223486
322.9468709435945,0.07996962666750379,4.5718680751822065,5.5083611490331466,2.1433614371223486
322.9467646580627,0.0799696166675038,4.571868085182206,5.5083611490331466,2.1433614371223486
322.94676421070074,0.0799696166675038,4.5718680751822065,5.5083611590331465,2.1433614371223486
322.94676442026815,0.0799696166675038,4.5718680751822065,5.5083611490331466,2.1433614471223486
100029.16866979178,0.0165860775865308,4.571054391090726,5.504066854793433,2.1408212633039625
100029.45251418104,0.0165860675865308,4.571054391090726,5.504066854793433,2.1408212633039625
100029.16872226703,0.0165860775865308,4.571054401090726,5.504066854793433,2.1408212633039625
100029.16901311101,0.0165860775865308,4.571054391090726,5.504066864793433,2.1408212633039625
100029.16888694138,0.0165860775865308,4.571054391090726,5.504066854793433,2.1408212733039624
322.7740955541707,0.0799533500588131,4.571867938101935,5.508360425579138,2.1433610091826623
322.7742017603851,0.0799533600588131,4.571867938101935,5.508360425579138,2.1433610091826623
322.7740954328861,0.0799533500588131,4.571867948101935,5.508360425579138,2.1433610091826623
322.77409498543153,0.0799533500588131,4.571867938101935,5.508360435579138,2.1433610091826623
322.77409519503885,0.0799533500588131,4.571867938101935,5.508360425579138,2.143361019182662
322.601321848486,0.07993708003807187,4.571867800992911,5.50835970197338,2.1433605811532126
322.6014280966421,0.07993709003807187,4.571867800992911,5.50835970197338,2.1433605811532126
322.60132172718386,0.07993708003807187,4.571867810992911,5.50835970197338,2.1433605811532126
322.6013212796369,0.07993708003807187,4.571867800992911,5.50835971197338,2.1433605811532126
322.60132148928403,0.07993708003807187,4.571867800992911,5.50835970197338,2.1433605911532125
3042.8328144414845,0.031675501225770564,4.571461096041818,5.506213278383407,2.1420909222285873
3042.8263554631453,0.031675511225770565,4.571461096041818,5.506213278383407,2.1420909222285873
3042.8328169056927,0.031675501225770564,4.571461106041818,5.506213278383407,2.1420909222285873
3042.8328287059826,0.031675501225770564,4.571461096041818,5.506213288383407,2.1420909222285873
3042.832823477031,0.031675501225770564,4.571461096041818,5.506213278383407,2.1420909322285873
322.601321848486,0.07993708003807187,4.571867800992911,5.50835970197338,2.1433605811532126
322.6014280966421,0.07993709003807187,4.571867800992911,5.50835970197338,2.1433605811532126
322.60132172718386,0.07993708003807187,4.571867810992911,5.50835970197338,2.1433605811532126
322.6013212796369,0.07993708003807187,4.571867800992911,5.50835971197338,2.1433605811532126
322.60132148928403,0.07993708003807187,4.571867800992911,5.50835970197338,2.1433605911532125
791.7804776441587,0.4871906862728943,4.567125682989308,5.483330124008656,2.1285558394592905
791.7804766915272,0.4871906762728943,4.567125682989308,5.483330124008656,2.1285558394592905
791.7804776372989,0.4871906862728943,4.567125692989308,5.483330124008656,2.1285558394592905
791.7804775994558,0.4871906862728943,4.567125682989308,5.483330134008656,2.1285558394592905
791.7804776174604,0.4871906862728943,4.567125682989308,5.483330124008656,2.1285558494592904
367.1227742880878,0.08430414861191196,4.570494475027263,5.5011110908460195,2.139073101135311
367.122679141982,0.08430413861191197,4.570494475027263,5.5011110908460195,2.139073101135311
367.1227741718767,0.08430414861191196,4.570494485027263,5.5011110908460195,2.139073101135311
367.122773750363,0.08430414861191196,4.570494475027263,5.501111100846019,2.139073101135311
367.12277394716074,0.08430414861191196,4.570494475027263,5.5011110908460195,2.139073111135311
92416432.86729738,0.003336437632517092,4.571227294026021,5.504979014472028,2.1413609387590844
92415311.1905929,0.003336447632517092,4.571227294026021,5.504979014472028,2.1413609387590844
92416432.90718412,0.003336437632517092,4.571227304026021,5.504979014472028,2.1413609387590844
92416433.16434152,0.003336437632517092,4.571227294026021,5.504979024472028,2.1413609387590844
92416433.05424194,0.003336437632517092,4.571227294026021,5.504979014472028,2.1413609487590843
14.297613124489763,0.054684043918563324,4.571656644205426,5.507245186208245,2.142701356373639
14.297689798086333,0.054684053918563326,4.571656644205426,5.507245186208245,2.142701356373639
14.29761306920186,0.054684043918563324,4.571656654205426,5.507245186208245,2.142701356373639
14.297612840908723,0.054684043918563324,4.571656644205426,5.507245196208245,2.142701356373639
14.297612944964522,0.054684043918563324,4.571656644205426,5.507245186208245,2.1427013663736387
689601.633657593,0.010815663169867984,4.571009842162998,5.5039640226857705,2.1407464238711937
689604.4172594543,0.010815653169867984,4.571009842162998,5.5039640226857705,2.1407464238711937
689601.6339836501,0.010815663169867984,4.571009852162998,5.5039640226857705,2.1407464238711937
689601.6359224325,0.010815663169867984,4.571009842162998,5.50396403268577,2.1407464238711937
689601.635087472,0.010815663169867984,4.571009842162998,5.5039640226857705,2.1407464338711937
14.291405635524006,0.05468323403731607,4.571656636207942,5.507245145637792,2.142701332201574
14.29148229610915,0.05468324403731607,4.571656636207942,5.507245145637792,2.142701332201574
14.291405580246451,0.05468323403731607,4.571656646207942,5.507245145637792,2.142701332201574
14.291405351995113,0.05468323403731607,4.571656636207942,5.507245155637792,2.142701332201574
14.29140545603176,0.05468323403731607,4.571656636207942,5.507245145637792,2.142701342201574
3.431256858798656,0.04991147916751776,4.57160951567973,5.507006107805213,2.142558912348061
3.43120659460241,0.04991148916751776,4.57160951567973,5.507006107805213,2.142558912348061
3.4312568913279886,0.04991147916751776,4.57160952567973,5.507006107805213,2.142558912348061
3.4312570291803666,0.04991147916751776,4.57160951567973,5.507006117805213,2.142558912348061
3.431256966690721,0.04991147916751776,4.57160951567973,5.507006107805213,2.142558922348061
0.37166683688342766,0.05180132260535953,4.571628262313085,5.50710113210613,2.1426155407443623
0.3716809256195265,0.05180133260535953,4.571628262313085,5.50710113210613,2.1426155407443623
0.37166682735531825,0.05180132260535953,4.5716282723130846,5.50710113210613,2.1426155407443623
0.3716667874009228,0.05180132260535953,4.571628262313085,5.50710114210613,2.1426155407443623
0.37166680554530485,0.05180132260535953,4.571628262313085,5.50710113210613,2.1426155507443623
0.03801289014847332,0.05138758372501677,4.571624167604291,5.507080368410294,2.1426031684799365
0.038014774949382435,0.05138759372501677,4.571624167604291,5.507080368410294,2.1426031684799365
0.03801288888504057,0.05138758372501677,4.571624177604291,5.507080368410294,2.1426031684799365
0.0380128835760881,0.05138758372501677,4.571624167604291,5.5070803784102935,2.1426031684799365
0.03801288598037757,0.05138758372501677,4.571624167604291,5.507080368410294,2.1426031784799364
0.032257654547493395,0.05132368490442068,4.571623534766179,5.507077159752705,2.1426012567210115
0.03225756789820144,0.05132369490442068,4.571623534766179,5.507077159752705,2.1426012567210115
0.03225765460454444,0.05132368490442068,4.571623544766179,5.507077159752705,2.1426012567210115
0.032257654845662606,0.05132368490442068,4.571623534766179,5.507077169752705,2.1426012567210115
0.03225765472988373,0.05132368490442068,4.571623534766179,5.507077159752705,2.1426012667210115
0.032245517520293906,0.05132649340519385,4.571623562613044,5.507077300904844,2.1426013410336586
0.03224551802116783,0.05132650340519385,4.571623562613044,5.507077300904844,2.1426013410336586
0.03224551751905437,0.05132649340519385,4.571623572613044,5.507077300904844,2.1426013410336586
0.03224551751508815,0.05132649340519385,4.571623562613044,5.507077310904844,2.1426013410336586
0.03224551751058363,0.05132649340519385,4.571623562613044,5.507077300904844,2.1426013510336586
0.03224551736667777,0.05132647727928294,4.571623562482472,5.50707730020677,2.142601340827337
0.032245517367250856,0.05132648727928294,4.571623562482472,5.50707730020677,2.142601340827337
0.03224551736577182,0.05132647727928294,4.571623572482472,5.50707730020677,2.142601340827337
0.032245517363213023,0.05132647727928294,4.571623562482472,5.50707731020677,2.142601340827337
0.03224551735806912,0.05132647727928294,4.571623562482472,5.50707730020677,2.142601350827337
799.4220956378632,0.6317664183947989,5.086824595744729,4.835941358255007,1.7591556618478013
799.4220961662363,0.6317664283947989,5.086824595744729,4.835941358255007,1.7591556618478013
799.4220956342582,0.6317664183947989,5.086824605744729,4.835941358255007,1.7591556618478013
799.4220955980358,0.6317664183947989,5.086824595744729,4.835941368255007,1.7591556618478013
799.4220956044431,0.6317664183947989,5.086824595744729,4.835941358255007,1.7591556718478012
794.7592550987459,0.36340429315265765,5.093614494747535,4.910954860558916,1.8221010875891706
794.7592538544428,0.36340428315265766,5.093614494747535,4.910954860558916,1.8221010875891706
794.7592550871478,0.36340429315265765,5.093614504747535,4.910954860558916,1.8221010875891706
794.7592550643919,0.36340429315265765,5.093614494747535,4.910954870558916,1.8221010875891706
794.7592550680532,0.36340429315265765,5.093614494747535,4.910954860558916,1.8221010975891705
790.7337688374851,0.33234439880899364,5.088867506823816,4.858511048153854,1.7780943688258857
790.7337704324684,0.33234440880899363,5.088867506823816,4.858511048153854,1.7780943688258857
790.7337688241123,0.33234439880899364,5.088867516823816,4.858511048153854,1.7780943688258857
790.7337687970953,0.33234439880899364,5.088867506823816,4.858511058153854,1.7780943688258857
790.7337687992474,0.33234439880899364,5.088867506823816,4.858511048153854,1.7780943788258856
110.97859429252941,0.059726549636947346,5.091542547508789,4.888064384735487,1.8028932023168525
110.9784524241898,0.059726539636947344,5.091542547508789,4.888064384735487,1.8028932023168525
110.97859416422062,0.059726549636947346,5.091542557508789,4.888064384735487,1.8028932023168525
110.97859367934811,0.059726549636947346,5.091542547508789,4.888064394735487,1.8028932023168525
110.97859373071306,0.059726549636947346,5.091542547508789,4.888064384735487,1.8028932123168524
790.019443692818,0.32796793782467026,5.088897366754106,4.858840934938423,1.7783711838453615
790.0194453519466,0.32796794782467026,5.088897366754106,4.858840934938423,1.7783711838453615
790.019443679156,0.32796793782467026,5.088897376754106,4.858840934938423,1.7783711838453615
790.0194436513843,0.32796793782467026,5.088897366754106,4.858840944938423,1.7783711838453615
790.0194436536123,0.32796793782467026,5.088897366754106,4.858840934938423,1.7783711938453615
38.637782741590115,0.04443605189491773,5.090831861858514,4.880212865936424,1.7963048258466923
38.637566339770444,0.04443606189491773,5.090831861858514,4.880212865936424,1.7963048258466923
38.637782880184886,0.04443605189491773,5.090831871858514,4.880212865936424,1.7963048258466923
38.637783449452925,0.04443605189491773,5.090831861858514,4.880212875936424,1.7963048258466923
38.637783395702066,0.04443605189491773,5.090831861858514,4.880212865936424,1.7963048358466922
732.5960860407263,0.186201994859794,5.08986461430631,4.869526900437424,1.7873380048460268
732.5960952035218,0.186202004859794,5.08986461430631,4.869526900437424,1.7873380048460268
732.5960860055119,0.186201994859794,5.08986462430631,4.869526900437424,1.7873380048460268
732.5960859146873,0.186201994859794,5.08986461430631,4.869526910437424,1.7873380048460268
732.5960859232231,0.186201994859794,5.08986461430631,4.869526900437424,1.7873380148460267
342.5943749351763,0.07752237404886309,5.090606118894827,4.877718900957025,1.7942120867718476
342.59448164558324,0.07752238404886308,5.090606118894827,4.877718900957025,1.7942120867718476
342.59437480265376,0.07752237404886309,5.0906061288948266,4.877718900957025,1.7942120867718476
342.59437434076955,0.07752237404886309,5.090606118894827,4.877718910957025,1.7942120867718476
342.5943743846244,0.07752237404886309,5.090606118894827,4.877718900957025,1.7942120967718476
38.637782741590115,0.04443605189491773,5.090831861858514,4.880212865936424,1.7963048258466923
38.637566339770444,0.04443606189491773,5.090831861858514,4.880212865936424,1.7963048258466923
38.637782880184886,0.04443605189491773,5.090831871858514,4.880212865936424,1.7963048258466923
38.637783449452925,0.04443605189491773,5.090831861858514,4.880212875936424,1.7963048258466923
38.637783395702066,0.04443605189491773,5.090831861858514,4.880212865936424,1.7963048358466922
802.091247375078,0.6303232598912649,5.086843350522618,4.836154039449423,1.7593337267909126
802.0912478151143,0.630323269891265,5.086843350522618,4.836154039449423,1.7593337267909126
802.0912473715766,0.6303232598912649,5.086843360522618,4.836154039449423,1.7593337267909126
802.0912473403446,0.6303232598912649,5.086843350522618,4.836154049449423,1.7593337267909126
802.0912473458299,0.6303232598912649,5.086843350522618,4.836154039449423,1.7593337367909125
756.1361064837937,0.2189164246088131,5.08964406165574,4.867091909612632,1.785294633006068
756.1361120741941,0.2189164346088131,5.08964406165574,4.867091909612632,1.785294633006068
756.1361064570787,0.2189164246088131,5.08964407165574,4.867091909612632,1.785294633006068
756.1361063924228,0.2189164246088131,5.08964406165574,4.867091919612632,1.785294633006068
756.1361063983587,0.2189164246088131,5.08964406165574,4.867091909612632,1.7852946430060679
432.1047983415466,0.08703116186120093,5.090541889528285,4.877009705782753,1.7936169569047489
432.10488059104813,0.08703117186120092,5.090541889528285,4.877009705782753,1.7936169569047489
432.1047982237525,0.08703116186120093,5.090541899528285,4.877009705782753,1.7936169569047489
432.1047978278609,0.08703116186120093,5.090541889528285,4.877009715782753,1.7936169569047489
432.1047978655785,0.08703116186120093,5.090541889528285,4.877009705782753,1.7936169669047488
27.241523401631866,0.05313399330719106,5.09077264937282,4.879558779132263,1.7957559617493957
27.24162562538275,0.05313400330719106,5.09077264937282,4.879558779132263,1.7957559617493957
27.241523320923086,0.05313399330719106,5.09077265937282,4.879558779132263,1.7957559617493957
27.24152300587235,0.05313399330719106,5.09077264937282,4.879558789132263,1.7957559617493957
27.241523035591495,0.05313399330719106,5.09077264937282,4.879558779132263,1.7957559717493956
5.007469056620945,0.05034331050006107,5.090791930965388,4.8797697886223625,1.7959331290397265
5.007521063844945,0.05034332050006107,5.090791930965388,4.8797697886223625,1.7959331290397265
5.007469018081494,0.05034331050006107,5.090791940965388,4.8797697886223625,1.7959331290397265
5.007468865284519,0.05034331050006107,5.090791930965388,4.8797697986223625,1.7959331290397265
5.00746887969016,0.05034331050006107,5.090791930965388,4.8797697886223625,1.7959331390397264
2.221921874388577,0.04745325866794897,5.090811612765488,4.879987167682375,1.7961155435269267
2.221880149280547,0.047453268667948974,5.090811612765488,4.879987167682375,1.7961155435269267
2.2219219032357285,0.04745325866794897,5.090811622765488,4.879987167682375,1.7961155435269267
2.2219220195534484,0.04745325866794897,5.090811612765488,4.879987177682375,1.7961155435269267
2.221922008565243,0.04745325866794897,5.090811612765488,4.879987167682375,1.7961155535269266
0.100481489676334,0.04873975181336792,5.090802887099843,4.879890546597581,1.7960344767841268
0.10048820292462612,0.04873976181336792,5.090802887099843,4.879890546597581,1.7960344767841268
0.10048148488402915,0.04873975181336792,5.090802897099843,4.879890546597581,1.7960344767841268
0.10048146570931481,0.04873975181336792,5.090802887099843,4.879890556597581,1.7960344767841268
0.10048146750668521,0.04873975181336792,5.090802887099843,4.879890546597581,1.7960344867841267
0.033931153223116725,0.04856145022478724,5.090804099902377,4.879903951927673,1.7960457256624194
0.03393186612238993,0.048561460224787245,5.090804099902377,4.879903951927673,1.7960457256624194
0.03393115271366003,0.04856145022478724,5.090804109902377,4.879903951927673,1.7960457256624194
0.03393115067505362,0.04856145022478724,5.090804099902377,4.879903961927673,1.7960457256624194
0.03393115085548243,0.04856145022478724,5.090804099902377,4.879903951927673,1.7960457356624193
0.03319061832655481,0.04854026624458165,5.090804244013675,4.879905544712781,1.7960470625866627
0.033190604065405874,0.048540276244581654,5.090804244013675,4.879905544712781,1.7960470625866627
0.03319061833363219,0.04854026624458165,5.090804254013675,4.879905544712781,1.7960470625866627
0.033190618364146114,0.04854026624458165,5.090804244013675,4.8799055547127805,1.7960470625866627
0.0331906183493335,0.04854026624458165,5.090804244013675,4.879905544712781,1.7960470725866626
0.03319031551423565,0.04854068163724032,5.090804241277256,4.879905513867821,1.796047037078078
0.03319031554117109,0.04854069163724032,5.090804241277256,4.879905513867821,1.796047037078078
0.03319031551116723,0.04854068163724032,5.090804251277256,4.879905513867821,1.796047037078078
0.03319031550104032,0.04854068163724032,5.090804241277256,4.879905523867821,1.796047037078078
0.033190315490063946,0.04854068163724032,5.090804241277256,4.879905513867821,1.7960470470780778
0.03319031552537876,0.048540680786080904,5.090804241372004,4.87990551431732,1.7960470378352327
0.033190315522909276,0.048540690786080906,5.090804241372004,4.87990551431732,1.7960470378352327
0.03319031552233108,0.048540680786080904,5.0908042513720035,4.87990551431732,1.7960470378352327
0.03319031551228819,0.048540680786080904,5.090804241372004,4.87990552431732,1.7960470378352327
0.03319031550130388,0.048540680786080904,5.090804241372004,4.87990551431732,1.7960470478352326
0.0331903155147869,0.04854068158996046,5.09080424128252,4.87990551389279,1.796047037120136
0.03319031554009038,0.04854069158996046,5.09080424128252,4.87990551389279,1.796047037120136
0.03319031551172026,0.04854068158996046,5.09080425128252,4.87990551389279,1.796047037120136
0.03319031550159787,0.04854068158996046,5.09080424128252,4.8799055238927895,1.796047037120136
0.03319031549062046,0.04854068158996046,5.09080424128252,4.87990551389279,1.796047047120136
0.03319031551426384,0.04854068163452787,5.090804241277558,4.879905513869254,1.7960470370804908
0.033190315541103646,0.04854069163452787,5.090804241277558,4.879905513869254,1.7960470370804908
0.03319031551119507,0.04854068163452787,5.090804251277558,4.879905513869254,1.7960470370804908
0.03319031550106925,0.04854068163452787,5.090804241277558,4.879905523869254,1.7960470370804908
0.033190315490092395,0.04854068163452787,5.090804241277558,4.879905513869254,1.7960470470804908
0.033190315514237255,0.048540681637071995,5.090804241277275,4.87990551386791,1.7960470370782275
0.03319031554116587,0.048540691637071996,5.090804241277275,4.87990551386791,1.7960470370782275
0.033190315511168814,0.048540681637071995,5.090804251277275,4.87990551386791,1.7960470370782275
0.03319031550104181,0.048540681637071995,5.090804241277275,4.87990552386791,1.7960470370782275
0.033190315490064744,0.048540681637071995,5.090804241277275,4.87990551386791,1.7960470470782275
0.03319031551423319,0.04854068163722923,5.090804241277257,4.879905513867827,1.7960470370780877
0.03319031554116959,0.04854069163722923,5.090804241277257,4.879905513867827,1.7960470370780877
0.03319031551116591,0.04854068163722923,5.090804251277257,4.879905513867827,1.7960470370780877
0.03319031550103823,0.04854068163722923,5.090804241277257,4.879905523867827,1.7960470370780877
0.03319031549006207,0.04854068163722923,5.090804241277257,4.879905513867827,1.7960470470780876
0.03319031551422912,0.048540681637224435,5.090804241277258,4.879905513867829,1.796047037078092
0.03319031554116995,0.04854069163722444,5.090804241277258,4.879905513867829,1.796047037078092
0.03319031551116199,0.048540681637224435,5.090804251277258,4.879905513867829,1.796047037078092
0.03319031550103474,0.048540681637224435,5.090804241277258,4.879905523867829,1.796047037078092
0.033190315490058776,0.048540681637224435,5.090804241277258,4.879905513867829,1.796047047078092
0.033190315514233036,0.04854068163714821,5.090804241277267,4.87990551386787,1.7960470370781598
0.03319031554117026,0.04854069163714821,5.090804241277267,4.87990551386787,1.7960470370781598
0.03319031551116474,0.04854068163714821,5.090804251277267,4.87990551386787,1.7960470370781598
0.03319031550103794,0.04854068163714821,5.090804241277267,4.87990552386787,1.7960470370781598
0.03319031549006187,0.04854068163714821,5.090804241277267,4.87990551386787,1.7960470470781598
0.033190315514235194,0.04854068163722317,5.090804241277258,4.87990551386783,1.7960470370780932
0.03319031554117208,0.048540691637223174,5.090804241277258,4.87990551386783,1.7960470370780932
0.03319031551116753,0.04854068163722317,5.090804251277258,4.87990551386783,1.7960470370780932
0.03319031550104091,0.04854068163722317,5.090804241277258,4.87990552386783,1.7960470370780932
0.03319031549006402,0.04854068163722317,5.090804241277258,4.87990551386783,1.7960470470780932
0.03319031551422912,0.048540681637224435,5.090804241277258,4.879905513867829,1.796047037078092
0.03319031554116995,0.04854069163722444,5.090804241277258,4.879905513867829,1.796047037078092
0.03319031551116199,0.048540681637224435,5.090804251277258,4.879905513867829,1.796047037078092
0.03319031550103474,0.048540681637224435,5.090804241277258,4.879905523867829,1.796047037078092
0.033190315490058776,0.048540681637224435,5.090804241277258,4.879905513867829,1.796047047078092
819.6681509706927,0.9774433553215054,4.160420979718139,4.10164791581014,1.7161840573933258
814.516525342221,0.9774433653215054,4.160420979718139,4.10164791581014,1.7161840573933258
819.6681509704381,0.9774433553215054,4.160420989718139,4.10164791581014,1.7161840573933258
819.6681509674538,0.9774433553215054,4.160420979718139,4.10164792581014,1.7161840573933258
819.6681509679333,0.9774433553215054,4.160420979718139,4.10164791581014,1.7161840673933257
814.8919042933722,1.9774433553215054,4.160420979767571,4.101647916438862,1.716184057928964
814.8228123639557,1.9774433653215053,4.160420979767571,4.101647916438862,1.716184057928964
814.8919042931674,1.9774433553215054,4.160420989767571,4.101647916438862,1.716184057928964
814.8919042784729,1.9774433553215054,4.160420979767571,4.101647926438862,1.716184057928964
814.8919042824159,1.9774433553215054,4.160420979767571,4.101647916438862,1.716184067928964
815.589873290427,1.3080526950802838,4.160420979734481,4.101647916018002,1.7161840575704128
815.5898840334856,1.3080527050802837,4.160420979734481,4.101647916018002,1.7161840575704128
815.5898732901355,1.3080526950802838,4.160420989734481,4.101647916018002,1.7161840575704128
815.5898732773222,1.3080526950802838,4.160420979734481,4.101647926018002,1.7161840575704128
815.5898732806553,1.3080526950802838,4.160420979734481,4.101647916018002,1.7161840675704128
810.0798594361987,1.0874814076983497,4.160420979723578,4.101647915879323,1.7161840574522664
808.9117489216839,1.0874814176983496,4.160420979723578,4.101647915879323,1.7161840574522664
810.0798594353348,1.0874814076983497,4.160420989723578,4.101647915879323,1.7161840574522664
810.0798594103715,1.0874814076983497,4.160420979723578,4.101647925879323,1.7161840574522664
810.0798594175646,1.0874814076983497,4.160420979723578,4.101647915879323,1.7161840674522664
808.913931646346,1.0101704611889795,4.160420979719756,4.101647915830717,1.7161840574108558
808.9157930635239,1.0101704711889794,4.160420979719756,4.101647915830717,1.7161840574108558
808.9139316458418,1.0101704611889795,4.160420989719756,4.101647915830717,1.7161840574108558
808.9139316172824,1.0101704611889795,4.160420979719756,4.101647925830717,1.7161840574108558
808.9139316252983,1.0101704611889795,4.160420979719756,4.101647915830717,1.7161840674108557
408.02742907191373,0.9883380212856726,4.160420979718677,4.10164791581699,1.7161840573991614
446.8121751695141,0.9883380312856727,4.160420979718677,4.10164791581699,1.7161840573991614
408.0274290717044,0.9883380212856726,4.160420989718677,4.10164791581699,1.7161840573991614
408.0274282393131,0.9883380212856726,4.160420979718677,4.10164792581699,1.7161840573991614
408.027428492831,0.9883380212856726,4.160420979718677,4.10164791581699,1.7161840673991613
806.6197960142225,0.983671427731964,4.160420979718447,4.101647915814056,1.7161840573966618
810.3524624542304,0.9836714377319641,4.160420979718447,4.101647915814056,1.7161840573966618
806.6197960139876,0.983671427731964,4.160420989718447,4.101647915814056,1.7161840573966618
806.6197959793622,0.983671427731964,4.160420979718447,4.101647925814056,1.7161840573966618
806.6197959904591,0.983671427731964,4.160420979718447,4.101647915814056,1.7161840673966617
800.331645319378,0.9803098368227662,4.160420979718281,4.1016479158119425,1.7161840573948612
818.37010513835,0.9803098468227662,4.160420979718281,4.1016479158119425,1.7161840573948612
800.3316453180112,0.9803098368227662,4.160420989718281,4.1016479158119425,1.7161840573948612
800.3316452704106,0.9803098368227662,4.160420979718281,4.1016479258119425,1.7161840573948612
800.3316452832673,0.9803098368227662,4.160420979718281,4.1016479158119425,1.7161840673948612
707.5925085543411,0.9790424293343983,4.160420979718218,4.101647915811146,1.7161840573941822
744.6499034906783,0.9790424393343984,4.160420979718218,4.101647915811146,1.7161840573941822
707.5925085537338,0.9790424293343983,4.160420989718218,4.101647915811146,1.7161840573941822
707.5925082885152,0.9790424293343983,4.160420979718218,4.101647925811146,1.7161840573941822
707.5925083495584,0.9790424293343983,4.160420979718218,4.101647915811146,1.7161840673941822
813.8865765004026,0.9783566397950969,4.160420979718184,4.101647915810714,1.716184057393815
817.7761841950185,0.978356649795097,4.160420979718184,4.101647915810714,1.716184057393815
813.8865765002644,0.9783566397950969,4.160420989718184,4.101647915810714,1.716184057393815
813.8865764829916,0.9783566397950969,4.160420979718184,4.101647925810714,1.716184057393815
813.8865764885851,0.9783566397950969,4.160420979718184,4.101647915810714,1.716184067393815
820.2776645995225,0.9778680835816361,4.16042097971816,4.101647915810408,1.7161840573935534
816.9914019745455,0.9778680935816362,4.16042097971816,4.101647915810408,1.7161840573935534
820.2776645982464,0.9778680835816361,4.16042098971816,4.101647915810408,1.7161840573935534
820.2776645988162,0.9778680835816361,4.16042097971816,4.101647925810408,1.7161840573935534
820.2776645989738,0.9778680835816361,4.16042097971816,4.101647915810408,1.7161840673935533
818.0642922041476,0.9775477649581303,4.160420979718144,4.101647915810206,1.7161840573933818
817.9887490850721,0.9775477749581304,4.160420979718144,4.101647915810206,1.7161840573933818
818.0642922041179,0.9775477649581303,4.160420989718144,4.101647915810206,1.7161840573933818
818.0642921967868,0.9775477649581303,4.160420979718144,4.101647925810206,1.7161840573933818
818.0642921996082,0.9775477649581303,4.160420979718144,4.101647915810206,1.7161840673933817
812.9606720471224,0.9774778545660918,4.160420979718141,4.101647915810162,1.7161840573933442
818.6943715684878,0.9774778645660919,4.160420979718141,4.101647915810162,1.7161840573933442
812.9606720447831,0.9774778545660918,4.160420989718141,4.101647915810162,1.7161840573933442
812.9606720297047,0.9774778545660918,4.160420979718141,4.101647925810162,1.7161840573933442
812.9606720351863,0.9774778545660918,4.160420979718141,4.101647915810162,1.7161840673933442
772.764922384021,0.9774608261476344,4.16042097971814,4.101647915810151,1.7161840573933351
785.806147978642,0.9774608361476345,4.16042097971814,4.101647915810151,1.7161840573933351
772.7649223725608,0.9774608261476344,4.16042098971814,4.101647915810151,1.7161840573933351
772.7649222796417,0.9774608261476344,4.16042097971814,4.101647925810151,1.7161840573933351
772.7649223102889,0.9774608261476344,4.16042097971814,4.101647915810151,1.716184067393335
814.85195072023,0.9774483024930363,4.160420979718139,4.101647915810144,1.7161840573933285
810.6808812952671,0.9774483124930363,4.160420979718139,4.101647915810144,1.7161840573933285
814.8519507196688,0.9774483024930363,4.160420989718139,4.101647915810144,1.7161840573933285
814.8519507055837,0.9774483024930363,4.160420979718139,4.101647925810144,1.7161840573933285
814.8519507093436,0.9774483024930363,4.160420979718139,4.101647915810144,1.7161840673933284
818.4374419268521,0.9774693466675963,4.1604209797181495,4.101647915810476,1.7161840573935692
813.8433933624618,0.9774693566675964,4.1604209797181495,4.101647915810476,1.7161840573935692
818.437441926726,0.9774693466675963,4.160420989718149,4.101647915810476,1.7161840573935692
818.4374419204987,0.9774693466675963,4.1604209797181495,4.101647925810476,1.7161840573935692
818.4374419216063,0.9774693466675963,4.1604209797181495,4.101647915810476,1.716184067393569
814.8983605857541,0.9774525757460631,4.160420979718141,4.1016479158102115,1.7161840573933773
820.120672948319,0.9774525857460632,4.160420979718141,4.1016479158102115,1.7161840573933773
814.898360585612,0.9774525757460631,4.160420989718141,4.1016479158102115,1.7161840573933773
814.8983605708153,0.9774525757460631,4.160420979718141,4.101647925810211,1.7161840573933773
814.8983605742544,0.9774525757460631,4.160420979718141,4.1016479158102115,1.7161840673933773
819.666805633224,0.9774504982833954,4.16042097971814,4.101647915810179,1.7161840573933536
819.6451175671918,0.9774505082833954,4.16042097971814,4.101647915810179,1.7161840573933536
819.6668056332054,0.9774504982833954,4.16042098971814,4.101647915810179,1.7161840573933536
819.6668056297548,0.9774504982833954,4.16042097971814,4.101647925810179,1.7161840573933536
819.666805631912,0.9774504982833954,4.16042097971814,4.101647915810179,1.7161840673933535
816.7245056949924,0.9774490249369416,4.160420979718139,4.1016479158101555,1.7161840573933367
815.457905617933,0.9774490349369417,4.160420979718139,4.1016479158101555,1.7161840573933367
816.7245056933949,0.9774490249369416,4.160420989718139,4.1016479158101555,1.7161840573933367
816.7245056859638,0.9774490249369416,4.160420979718139,4.1016479258101555,1.7161840573933367
816.7245056885369,0.9774490249369416,4.160420979718139,4.1016479158101555,1.7161840673933366
814.3727743747379,0.977448507481433,4.160420979718139,4.1016479158101475,1.716184057393331
815.8184271680304,0.977448517481433,4.160420979718139,4.1016479158101475,1.716184057393331
814.372774374622,0.977448507481433,4.160420989718139,4.1016479158101475,1.716184057393331
814.3727743584961,0.977448507481433,4.160420979718139,4.1016479258101475,1.716184057393331
814.3727743628132,0.977448507481433,4.160420979718139,4.1016479158101475,1.7161840673933308
819.0167993955444,0.9774484547207593,4.160420979718139,4.1016479158101475,1.7161840573933307
812.9318260470955,0.9774484647207593,4.160420979718139,4.1016479158101475,1.7161840573933307
819.0167993952067,0.9774484547207593,4.160420989718139,4.1016479158101475,1.7161840573933307
819.0167993908096,0.9774484547207593,4.160420979718139,4.1016479258101475,1.7161840573933307
819.0167993916828,0.9774484547207593,4.160420979718139,4.1016479158101475,1.7161840673933306
814.7412532311233,0.9774484866694514,4.160420979718139,4.1016479158101475,1.716184057393331
813.7324507484383,0.9774484966694514,4.160420979718139,4.1016479158101475,1.716184057393331
814.7412532310719,0.9774484866694514,4.160420989718139,4.1016479158101475,1.716184057393331
814.741253215708,0.9774484866694514,4.160420979718139,4.1016479258101475,1.716184057393331
814.741253219963,0.9774484866694514,4.160420979718139,4.1016479158101475,1.7161840673933308
820.9564468525242,0.9774484998863555,4.160420979718139,4.1016479158101475,1.716184057393331
811.5628167459006,0.9774485098863556,4.160420979718139,4.1016479158101475,1.716184057393331
820.956446852249,0.9774484998863555,4.160420989718139,4.1016479158101475,1.716184057393331
820.9564468524575,0.9774484998863555,4.160420979718139,4.1016479258101475,1.716184057393331
820.956446852465,0.9774484998863555,4.160420979718139,4.1016479158101475,1.7161840673933308
821.0420571958964,0.9774485071919713,4.160420979718139,4.1016479158101475,1.716184057393331
818.1935452916754,0.9774485171919713,4.160420979718139,4.1016479158101475,1.716184057393331
821.0420571958689,0.9774485071919713,4.160420989718139,4.1016479158101475,1.716184057393331
821.0420571957864,0.9774485071919713,4.160420979718139,4.1016479258101475,1.716184057393331
821.0420571958281,0.9774485071919713,4.160420979718139,4.1016479158101475,1.7161840673933308
797.8875506361378,0.97744850748113,4.160420979718139,4.1016479158101475,1.716184057393331
816.4539997661832,0.97744851748113,4.160420979718139,4.1016479158101475,1.716184057393331
797.8875506359883,0.97744850748113,4.160420989718139,4.1016479158101475,1.716184057393331
797.8875505800813,0.97744850748113,4.160420979718139,4.1016479258101475,1.716184057393331
797.8875505928627,0.97744850748113,4.160420979718139,4.1016479158101475,1.7161840673933308
816.6727168681588,0.9774485074800241,4.160420979718139,4.1016479158101475,1.716184057393331
810.2363433418262,0.9774485174800241,4.160420979718139,4.1016479158101475,1.716184057393331
816.6727168673932,0.9774485074800241,4.160420989718139,4.1016479158101475,1.716184057393331
816.6727168581717,0.9774485074800241,4.160420979718139,4.1016479258101475,1.716184057393331
816.672716860506,0.9774485074800241,4.160420979718139,4.1016479158101475,1.7161840673933308
797.8875506361378,0.97744850748113,4.160420979718139,4.1016479158101475,1.716184057393331
816.4539997661832,0.97744851748113,4.160420979718139,4.1016479158101475,1.716184057393331
797.8875506359883,0.97744850748113,4.160420989718139,4.1016479158101475,1.716184057393331
797.8875505800813,0.97744850748113,4.160420979718139,4.1016479258101475,1.716184057393331
797.8875505928627,0.97744850748113,4.160420979718139,4.1016479158101475,1.7161840673933308
797.8875506361378,0.9774485074811299,4.160420979718139,4.1016479158101475,1.716184057393331
816.4539997661832,0.9774485174811299,4.160420979718139,4.1016479158101475,1.716184057393331
797.8875506359883,0.9774485074811299,4.160420989718139,4.1016479158101475,1.716184057393331
797.8875505800813,0.9774485074811299,4.160420979718139,4.1016479258101475,1.716184057393331
797.8875505928627,0.9774485074811299,4.160420979718139,4.1016479158101475,1.7161840673933308
813.0732857139516,0.977448507480577,4.160420979718139,4.1016479158101475,1.716184057393331
818.4221661807472,0.977448517480577,4.160420979718139,4.1016479158101475,1.716184057393331
813.0732857138928,0.977448507480577,4.160420989718139,4.1016479158101475,1.716184057393331
813.0732856944976,0.977448507480577,4.160420979718139,4.1016479258101475,1.716184057393331
813.0732857002838,0.977448507480577,4.160420979718139,4.1016479158101475,1.7161840673933308
797.8875506361378,0.9774485074811299,4.160420979718139,4.1016479158101475,1.716184057393331
816.4539997661832,0.9774485174811299,4.160420979718139,4.1016479158101475,1.716184057393331
797.8875506359883,0.9774485074811299,4.160420989718139,4.1016479158101475,1.716184057393331
797.8875505800813,0.9774485074811299,4.160420979718139,4.1016479258101475,1.716184057393331
797.8875505928627,0.9774485074811299,4.160420979718139,4.1016479158101475,1.7161840673933308
817.7148225099651,0.9774485074808534,4.160420979718139,4.1016479158101475,1.716184057393331
817.4967130618849,0.9774485174808535,4.160420979718139,4.1016479158101475,1.716184057393331
817.7148225098103,0.9774485074808534,4.160420989718139,4.1016479158101475,1.716184057393331
817.7148225018805,0.9774485074808534,4.160420979718139,4.1016479258101475,1.716184057393331
817.7148225036859,0.9774485074808534,4.160420979718139,4.1016479158101475,1.7161840673933308
797.8875506361378,0.9774485074811299,4.160420979718139,4.1016479158101475,1.716184057393331
816.4539997661832,0.9774485174811299,4.160420979718139,4.1016479158101475,1.716184057393331
797.8875506359883,0.9774485074811299,4.160420989718139,4.1016479158101475,1.716184057393331
797.8875505800813,0.9774485074811299,4.160420979718139,4.1016479258101475,1.716184057393331
797.8875505928627,0.9774485074811299,4.160420979718139,4.1016479158101475,1.7161840673933308
815.1010539962563,0.9774485074809917,4.160420979718139,4.1016479158101475,1.716184057393331
820.4321835813481,0.9774485174809917,4.160420979718139,4.1016479158101475,1.716184057393331
815.1010539962276,0.9774485074809917,4.160420989718139,4.1016479158101475,1.716184057393331
815.1010539816915,0.9774485074809917,4.160420979718139,4.1016479258101475,1.716184057393331
815.1010539864766,0.9774485074809917,4.160420979718139,4.1016479158101475,1.7161840673933308
797.8875506361378,0.9774485074811299,4.160420979718139,4.1016479158101475,1.716184057393331
816.4539997661832,0.9774485174811299,4.160420979718139,4.1016479158101475,1.716184057393331
797.8875506359883,0.9774485074811299,4.160420989718139,4.1016479158101475,1.716184057393331
797.8875505800813,0.9774485074811299,4.160420979718139,4.1016479258101475,1.716184057393331
797.8875505928627,0.9774485074811299,4.160420979718139,4.1016479158101475,1.7161840673933308
810.8699476706153,0.9774485074810608,4.160420979718139,4.1016479158101475,1.716184057393331
805.2752842541659,0.9774485174810609,4.160420979718139,4.1016479158101475,1.716184057393331
810.8699476705768,0.9774485074810608,4.160420989718139,4.1016479158101475,1.716184057393331
810.8699476457928,0.9774485074810608,4.160420979718139,4.1016479258101475,1.716184057393331
810.869947653526,0.9774485074810608,4.160420979718139,4.1016479158101475,1.7161840673933308
797.8875506361378,0.9774485074811299,4.160420979718139,4.1016479158101475,1.716184057393331
816.4539997661832,0.9774485174811299,4.160420979718139,4.1016479158101475,1.716184057393331
797.8875506359883,0.9774485074811299,4.160420989718139,4.1016479158101475,1.716184057393331
797.8875505800813,0.9774485074811299,4.160420979718139,4.1016479258101475,1.716184057393331
797.8875505928627,0.9774485074811299,4.160420979718139,4.1016479158101475,1.7161840673933308
821.0981980673006,144565277.62539962,4.172005668552377,5.725823564107123,2.9086566741863513
821.0982400978673,144565279.77959013,4.172005668552377,5.725823564107123,2.9086566741863513
821.0981980673034,144565277.62539962,4.172005678552377,5.725823564107123,2.9086566741863513
821.0981980675624,144565277.62539962,4.172005668552377,5.725823574107123,2.9086566741863513
821.0981980674131,144565277.62539962,4.172005668552377,5.725823564107123,2.9086566841863513
821.0982936512677,48188425.22350409,4.164282542662885,4.643039798575842,2.1136749296576975
821.0982936512677,48188425.22350408,4.164282542662885,4.643039798575842,2.1136749296576975
821.0982936512554,48188425.22350409,4.164282552662885,4.643039798575842,2.1136749296576975
821.0982936510741,48188425.22350409,4.164282542662885,4.643039808575842,2.1136749296576975
821.0982936512634,48188425.22350409,4.164282542662885,4.643039798575842,2.1136749396576975
821.0979249911933,16062807.756202325,4.161708167366387,4.282111876732046,1.8486810148147863
821.0979249911933,16062807.756202316,4.161708167366387,4.282111876732046,1.8486810148147863
821.0979249911938,16062807.756202325,4.161708177366387,4.282111876732046,1.8486810148147863
821.0979249915478,16062807.756202325,4.161708167366387,4.282111886732046,1.8486810148147863
821.0979249912015,16062807.756202325,4.161708167366387,4.282111876732046,1.8486810248147862
821.0982994922779,5354268.6004350735,4.160850042267555,4.16180256945078,1.760349709867149
821.0981419011703,5354268.600435063,4.160850042267555,4.16180256945078,1.760349709867149
821.0982994922788,5354268.6004350735,4.160850052267555,4.16180256945078,1.760349709867149
821.098299492382,5354268.6004350735,4.160850042267555,4.16180257945078,1.760349709867149
821.098299492294,5354268.6004350735,4.160850042267555,4.16180256945078,1.760349719867149
821.0983292647855,1784850.5073591645,4.160564008177439,4.12170053387631,1.7309067248363388
821.0982195817178,1784850.5073591545,4.160564008177439,4.12170053387631,1.7309067248363388
821.0983292647861,1784850.5073591645,4.160564018177439,4.12170053387631,1.7309067248363388
821.0983292648355,1784850.5073591645,4.160564008177439,4.12170054387631,1.7309067248363388
821.0983292647893,1784850.5073591645,4.160564008177439,4.12170053387631,1.7309067348363387
821.0980303117442,594972.0612321309,4.160468657677774,4.108332375108795,1.7210917991637869
821.0982442437935,594972.0612321208,4.160468657677774,4.108332375108795,1.7210917991637869
821.0980303117431,594972.0612321309,4.160468667677774,4.108332375108795,1.7210917991637869
821.0980303116309,594972.0612321309,4.160468657677774,4.1083323851087945,1.7210917991637869
821.098030311729,594972.0612321309,4.160468657677774,4.108332375108795,1.7210918091637868
821.1145383491074,198308.7121780046,4.160436871196849,4.1038759042443385,1.7178198504192206
821.0981560763689,198308.7121779946,4.160436871196849,4.1038759042443385,1.7178198504192206
821.1145383494643,198308.7121780046,4.160436881196849,4.1038759042443385,1.7178198504192206
821.1145383656826,198308.7121780046,4.160436871196849,4.103875914244338,1.7178198504192206
821.1145383399316,198308.7121780046,4.160436871196849,4.1038759042443385,1.7178198604192205
821.1068976096685,66477.41058228897,4.160426306940878,4.1023947934838265,1.7167324162945927
821.098410885908,66477.41058227897,4.160426306940878,4.1023947934838265,1.7167324162945927
821.1068976096269,66477.41058228897,4.160426316940878,4.1023947934838265,1.7167324162945927
821.1068976048493,66477.41058228897,4.160426306940878,4.1023948034838265,1.7167324162945927
821.106897608594,66477.41058228897,4.160426306940878,4.1023947934838265,1.7167324262945927
821.0642960644124,22223.642609027364,4.160422760680416,4.101897607071002,1.7163673811560862
820.8584062939408,22223.642609017363,4.160422760680416,4.101897607071002,1.7163673811560862
821.0642960645043,22223.642609027364,4.160422770680416,4.101897607071002,1.7163673811560862
821.064296068035,22223.642609027364,4.160422760680416,4.1018976170710015,1.7163673811560862
821.0642960646901,22223.642609027364,4.160422760680416,4.101897607071002,1.7163673911560862
821.1042111900285,7951.8961326389835,4.160421617018925,4.101737265505519,1.7162496580967777
821.0906330698424,7951.896132628984,4.160421617018925,4.101737265505519,1.7162496580967777
821.1042111899906,7951.8961326389835,4.160421627018925,4.101737265505519,1.7162496580967777
821.1042111884032,7951.8961326389835,4.160421617018925,4.101737275505519,1.7162496580967777
821.1042111895001,7951.8961326389835,4.160421617018925,4.101737265505519,1.7162496680967776
821.10044034865,2662.4590391113916,4.160421193151705,4.101677839237998,1.7162060272266737
821.0967057593659,2662.4590391013917,4.160421193151705,4.101677839237998,1.7162060272266737
821.1004403486484,2662.4590391113916,4.160421203151705,4.101677839237998,1.7162060272266737
821.1004403486145,2662.4590391113916,4.160421193151705,4.101677849237998,1.7162060272266737
821.1004403486312,2662.4590391113916,4.160421193151705,4.101677839237998,1.7162060372266736
821.0939110473428,887.9822189484247,4.160421050954616,4.101657903178195,1.7161913901365118
821.1398676567165,887.9822189384247,4.160421050954616,4.101657903178195,1.7161913901365118
821.0939110474859,887.9822189484247,4.160421060954616,4.101657903178195,1.7161913901365118
821.0939110495981,887.9822189484247,4.160421050954616,4.101657913178195,1.7161913901365118
821.0939110471639,887.9822189484247,4.160421050954616,4.101657903178195,1.7161914001365117
820.34684072075,290.6705115088511,4.1604210030892474,4.101651192444199,1.7161864631038128
820.6440837207156,290.6705114988511,4.1604210030892474,4.101651192444199,1.7161864631038128
820.346840707708,290.6705115088511,4.160421013089247,4.101651192444199,1.7161864631038128
820.3468403693228,290.6705115088511,4.1604210030892474,4.101651202444199,1.7161864631038128
820.3468404690469,290.6705115088511,4.1604210030892474,4.101651192444199,1.7161864731038128
820.8935626701137,86.79693165697854,4.160420986751909,4.101648901946045,1.716184781416041
820.7967134904785,86.79693164697855,4.160420986751909,4.101648901946045,1.716184781416041
820.893562669715,86.79693165697854,4.160420996751909,4.101648901946045,1.716184781416041
820.8935626638183,86.79693165697854,4.160420986751909,4.101648911946045,1.716184781416041
820.8935626544485,86.79693165697854,4.160420986751909,4.101648901946045,1.7161847914160409
820.1236925821681,29.276542110681024,4.160420982142532,4.101648255710539,1.716184306948796
820.1356434723299,29.276542100681024,4.160420982142532,4.101648255710539,1.716184306948796
820.1236925820402,29.276542110681024,4.160420992142532,4.101648255710539,1.716184306948796
820.1236925801811,29.276542110681024,4.160420982142532,4.101648265710539,1.716184306948796
820.1236925807407,29.276542110681024,4.160420982142532,4.101648255710539,1.716184316948796
820.5008882171027,9.065617673131122,4.160420980522937,4.101648028642936,1.7161841402353628
820.5005197296289,9.065617663131121,4.160420980522937,4.101648028642936,1.7161841402353628
820.5008882170337,9.065617673131122,4.160420990522937,4.101648028642936,1.7161841402353628
820.5008882157387,9.065617673131122,4.160420980522937,4.101648038642936,1.7161841402353628
820.5008882158094,9.065617673131122,4.160420980522937,4.101648028642936,1.7161841502353627
820.3077048027315,2.3706668702927294,4.160420979986439,4.1016479534258705,1.7161840850108607
820.3316209258794,2.3706668602927294,4.160420979986439,4.1016479534258705,1.7161840850108607
820.3077048027205,2.3706668702927294,4.160420989986439,4.1016479534258705,1.7161840850108607
820.3077048008146,2.3706668702927294,4.160420979986439,4.1016479634258705,1.7161840850108607
820.3077048013743,2.3706668702927294,4.160420979986439,4.1016479534258705,1.7161840950108607
668.139605053673,0.12939683585509965,4.160420979806836,4.101647928245439,1.7161840665233432
668.1395815391891,0.12939682585509965,4.160420979806836,4.101647928245439,1.7161840665233432
668.139604987447,0.12939683585509965,4.160420989806836,4.101647928245439,1.7161840665233432
668.139604796384,0.12939683585509965,4.160420979806836,4.1016479382454385,1.7161840665233432
668.1396048266702,0.12939683585509965,4.160420979806836,4.101647928245439,1.7161840765233431
800.7591334028758,0.609049398967637,4.16042097974766,4.101647919949072,1.716184060432137
800.759133850996,0.609049408967637,4.16042097974766,4.101647919949072,1.716184060432137
800.7591333989751,0.609049398967637,4.16042098974766,4.101647919949072,1.716184060432137
800.7591333588551,0.609049398967637,4.16042097974766,4.101647929949072,1.716184060432137
800.7591333689529,0.609049398967637,4.16042097974766,4.101647919949072,1.716184070432137
808.2335973790085,0.854832822620307,4.160420979727965,4.101647917187722,1.7161840584047483
808.2871020721449,0.8548328326203071,4.160420979727965,4.101647917187722,1.7161840584047483
808.2335973786892,0.854832822620307,4.160420989727965,4.101647917187722,1.7161840584047483
808.2335973480875,0.854832822620307,4.160420979727965,4.101647927187722,1.7161840584047483
808.2335973578732,0.854832822620307,4.160420979727965,4.101647917187722,1.7161840684047482
807.0778172036584,0.45981449560961024,5.731612275017772,3.9022461184233195,1.2824616399098026
807.0778166941129,0.45981448560961025,5.731612275017772,3.9022461184233195,1.2824616399098026
807.0778171970236,0.45981449560961024,5.731612285017772,3.9022461184233195,1.2824616399098026
807.0778171827567,0.45981449560961024,5.731612275017772,3.9022461284233194,1.2824616399098026
807.0778171667985,0.45981449560961024,5.731612275017772,3.9022461184233195,1.2824616499098025
803.7895491059078,0.536661668063038,5.744587338038564,3.9431217911711207,1.3545454962804377
803.7895496533794,0.5366616780630381,5.744587338038564,3.9431217911711207,1.3545454962804377
803.7895490998264,0.536661668063038,5.744587348038564,3.9431217911711207,1.3545454962804377
803.7895490759813,0.536661668063038,5.744587338038564,3.9431218011711207,1.3545454962804377
803.7895490599008,0.536661668063038,5.744587338038564,3.9431217911711207,1.3545455062804377
5229.104721665823,0.024419452587825796,5.737917459450395,3.9221095021363257,1.3174905263439756
5229.09173899725,0.024419462587825798,5.737917459450395,3.9221095021363257,1.3174905263439756
5229.104727092536,0.024419452587825796,5.737917469450395,3.9221095021363257,1.3174905263439756
5229.10474902134,0.024419452587825796,5.737917459450395,3.9221095121363256,1.3174905263439756
5229.1047684271025,0.024419452587825796,5.737917459450395,3.9221095021363257,1.3174905363439755
799.3330932793314,0.36626839064930855,5.742368656254332,3.936132221224642,1.3422194567991281
799.3330942700858,0.36626840064930855,5.742368656254332,3.936132221224642,1.3422194567991281
799.3330932679955,0.36626839064930855,5.742368666254332,3.936132221224642,1.3422194567991281
799.3330932501095,0.36626839064930855,5.742368656254332,3.936132231224642,1.3422194567991281
799.3330932301125,0.36626839064930855,5.742368656254332,3.936132221224642,1.342219466799128
696.0457090060631,0.1406954374091967,5.73943148285192,3.9268791687648474,1.3259017876413117
696.0457264608448,0.1406954474091967,5.73943148285192,3.9268791687648474,1.3259017876413117
696.045708948624,0.1406954374091967,5.73943149285192,3.9268791687648474,1.3259017876413117
696.0457088125335,0.1406954374091967,5.73943148285192,3.9268791787648474,1.3259017876413117
696.0457086752632,0.1406954374091967,5.73943148285192,3.9268791687648474,1.3259017976413117
292.4923930520412,0.06568400663498325,5.738454763009482,3.923802183274928,1.3204755532774555
292.49252494066616,0.06568401663498324,5.738454763009482,3.923802183274928,1.3204755532774555
292.49239288196685,0.06568400663498325,5.738454773009482,3.923802183274928,1.3204755532774555
292.4923923614367,0.06568400663498325,5.738454763009482,3.923802193274928,1.3204755532774555
292.49239186691597,0.06568400663498325,5.738454763009482,3.923802183274928,1.3204755632774554
806.9800708069556,0.45777406391763703,5.731667875146366,3.9024236582885923,1.2827742260104622
806.9800703332296,0.45777405391763704,5.731667875146366,3.9024236582885923,1.2827742260104622
806.9800708002781,0.45777406391763703,5.731667885146366,3.9024236582885923,1.2827742260104622
806.9800707858855,0.45777406391763703,5.731667875146366,3.902423668288592,1.2827742260104622
806.9800707698248,0.45777406391763703,5.731667875146366,3.9024236582885923,1.2827742360104621
498.59936865495763,0.08640601807496048,5.736482842046041,3.917590682151254,1.3095214843305745
498.5992979112025,0.08640600807496049,5.736482842046041,3.917590682151254,1.3095214843305745
498.59936852775456,0.08640601807496048,5.736482852046041,3.917590682151254,1.3095214843305745
498.59936817368396,0.08640601807496048,5.736482842046041,3.9175906921512538,1.3095214843305745
498.59936781042967,0.08640601807496048,5.736482842046041,3.917590682151254,1.3095214943305744
185429.60396865034,0.012036461893724433,5.737759196562477,3.9216111665722995,1.3166116647348152
185428.91100403073,0.012036471893724433,5.737759196562477,3.9216111665722995,1.3166116647348152
185429.60410372826,0.012036461893724433,5.737759206562477,3.9216111665722995,1.3166116647348152
185429.6047341691,0.012036461893724433,5.737759196562477,3.9216111765722994,1.3166116647348152
185429.60527013853,0.012036461893724433,5.737759196562477,3.9216111665722995,1.316611674734815
41.06234787784069,0.048740730639885405,5.7382350852154405,3.9231102037839456,1.3192552377847708
41.062476557464805,0.048740740639885406,5.7382350852154405,3.9231102037839456,1.3192552377847708
41.06234776055392,0.048740730639885405,5.73823509521544,3.9231102037839456,1.3192552377847708
41.062347367699076,0.048740730639885405,5.7382350852154405,3.9231102137839455,1.3192552377847708
41.06234700254203,0.048740730639885405,5.7382350852154405,3.9231102037839456,1.3192552477847708
140.0121490975577,0.037115534432905786,5.738084358906148,3.9226354197247,1.318417949468097
140.01158272165512,0.03711554443290579,5.738084358906148,3.9226354197247,1.318417949468097
140.01214947585373,0.037115534432905786,5.738084368906148,3.9226354197247,1.318417949468097
140.01215084570396,0.037115534432905786,5.738084358906148,3.9226354297247,1.318417949468097
140.01215209389724,0.037115534432905786,5.738084358906148,3.9226354197247,1.318417959468097
1.3106830562327678,0.04424375951602515,5.738176779802918,3.9229265432102673,1.3189313497991069
1.3107139197781907,0.04424376951602515,5.738176779802918,3.9229265432102673,1.3189313497991069
1.3106830310431121,0.04424375951602515,5.738176789802918,3.9229265432102673,1.3189313497991069
1.3106829442618029,0.04424375951602515,5.738176779802918,3.9229265532102673,1.3189313497991069
1.3106828641305428,0.04424375951602515,5.738176779802918,3.9229265432102673,1.3189313597991068
110.01570610536537,0.03769104620324473,5.738087743643126,3.9226450773201176,1.3184356199964877
110.01522802254216,0.037691056203244734,5.738087743643126,3.9226450773201176,1.3184356199964877
110.01570643030178,0.03769104620324473,5.738087753643126,3.9226450773201176,1.3184356199964877
110.01570760189078,0.03769104620324473,5.738087743643126,3.9226450873201175,1.3184356199964877
110.01570867072783,0.03769104620324473,5.738087743643126,3.9226450773201176,1.3184356299964877
0.049170583119745814,0.04351273527698439,5.738166846880806,3.9228951427234247,1.3188760459143751
0.049173499470777024,0.04351274527698439,5.738166846880806,3.9228951427234247,1.3188760459143751
0.04917058077035971,0.04351273527698439,5.738166856880806,3.9228951427234247,1.3188760459143751
0.04917057264301253,0.04351273527698439,5.738166846880806,3.9228951527234246,1.3188760459143751
0.04917056510910472,0.04351273527698439,5.738166846880806,3.9228951427234247,1.318876055914375
0.03904794773903442,0.043436450806921996,5.7381658094560075,3.9228918629827016,1.3188702706787143
0.039047678496769746,0.043436460806922,5.7381658094560075,3.9228918629827016,1.3188702706787143
0.039047947938631755,0.043436450806921996,5.7381658194560075,3.9228918629827016,1.3188702706787143
0.03904794863600928,0.043436450806921996,5.7381658094560075,3.9228918729827016,1.3188702706787143
0.03904794923648427,0.043436450806921996,5.7381658094560075,3.9228918629827016,1.3188702806787143
0.038961750094580014,0.04344289864680361,5.738165897526591,3.922892141752352,1.3188707624707263
0.038961752184596604,0.04344290864680361,5.738165897526591,3.922892141752352,1.3188707624707263
0.03896175007746586,0.04344289864680361,5.738165907526591,3.922892141752352,1.3188707624707263
0.03896175002422758,0.04344289864680361,5.738165897526591,3.922892151752352,1.3188707624707263
0.0389617499328878,0.04344289864680361,5.738165897526591,3.922892141752352,1.3188707724707263
0.03896174594884435,0.04344284934765256,5.73816589722451,3.9228921411292488,1.3188707622724893
0.03896174596460378,0.04344285934765256,5.73816589722451,3.9228921411292488,1.3188707622724893
0.03896174593338599,0.04344284934765256,5.73816590722451,3.9228921411292488,1.3188707622724893
0.03896174588588823,0.04344284934765256,5.73816589722451,3.9228921511292487,1.3188707622724893
0.03896174579983668,0.04344284934765256,5.73816589722451,3.9228921411292488,1.3188707722724893
0.03896174589157636,0.04344284903613735,5.7381658975966765,3.9228921426448196,1.3188707658596297
0.03896174589306963,0.04344285903613735,5.7381658975966765,3.9228921426448196,1.3188707658596297
0.03896174587613007,0.04344284903613735,5.738165907596676,3.9228921426448196,1.3188707658596297
0.03896174582867084,0.04344284903613735,5.7381658975966765,3.9228921526448195,1.3188707658596297
0.03896174574265625,0.04344284903613735,5.7381658975966765,3.9228921426448196,1.3188707758596296
0.03896174566735247,0.04344284779007651,5.738165899085342,3.9228921487071027,1.3188707802081912
0.038961745611762404,0.04344285779007651,5.738165899085342,3.9228921487071027,1.3188707802081912
0.0389617456519514,0.04344284779007651,5.738165909085342,3.9228921487071027,1.3188707802081912
0.038961745604651474,0.04344284779007651,5.738165899085342,3.9228921587071026,1.3188707802081912
0.038961745518781704,0.04344284779007651,5.738165899085342,3.9228921487071027,1.318870790208191
0.03896174484790105,0.04344284280583316,5.7381659050400025,3.922892172956235,1.318870837602437
0.0389617445639724,0.04344285280583316,5.7381659050400025,3.922892172956235,1.318870837602437
0.03896174483268344,0.04344284280583316,5.738165915040002,3.922892172956235,1.318870837602437
0.038961744786014,0.04344284280583316,5.7381659050400025,3.922892182956235,1.318870837602437
0.038961744700726754,0.04344284280583316,5.7381659050400025,3.922892172956235,1.318870847602437
334.5850713562969,0.06866080659841661,4.992305914004929,3.3215013660346333,2.201359378557652
334.58495007443764,0.06866079659841662,4.992305914004929,3.3215013660346333,2.201359378557652
334.58507119047596,0.06866080659841661,4.992305924004929,3.3215013660346333,2.201359378557652
334.58507054502934,0.06866080659841661,4.992305914004929,3.3215013760346332,2.201359378557652
334.585071068828,0.06866080659841661,4.992305914004929,3.3215013660346333,2.201359388557652
807.8461899072698,0.9313130786132584,4.993673114519553,3.328190300323889,2.203729571692178
817.393214598203,0.9313130886132585,4.993673114519553,3.328190300323889,2.203729571692178
807.8461898926455,0.9313130786132584,4.993673124519553,3.328190300323889,2.203729571692178
807.8461898895868,0.9313130786132584,4.993673114519553,3.328190310323889,2.203729571692178
807.8461899020238,0.9313130786132584,4.993673114519553,3.328190300323889,2.203729581692178
804.7807256566487,0.5052675270987195,4.9930906096102765,3.325340435201954,2.2027197350793135
804.780734835397,0.5052675370987195,4.9930906096102765,3.325340435201954,2.2027197350793135
804.7807254904767,0.5052675270987195,4.9930906196102764,3.325340435201954,2.2027197350793135
804.7807248283204,0.5052675270987195,4.9930906096102765,3.325340445201954,2.2027197350793135
804.7807253978156,0.5052675270987195,4.9930906096102765,3.325340435201954,2.2027197450793135
605.6903247626072,0.10593965140914821,4.992544634075094,3.3226692875251422,2.2017732261720493
605.6903648464239,0.1059396614091482,4.992544634075094,3.3226692875251422,2.2017732261720493
605.6903246695882,0.10593965140914821,4.992544644075094,3.3226692875251422,2.2017732261720493
605.6903243531765,0.10593965140914821,4.992544634075094,3.322669297525142,2.2017732261720493
605.6903246179988,0.10593965140914821,4.992544634075094,3.3226692875251422,2.2017732361720492
66892.51159729171,0.015000647137442265,4.992379280118499,3.3218603046888258,2.2014865668206984
66892.72293768125,0.015000637137442265,4.992379280118499,3.3218603046888258,2.2014865668206984
66892.51164926455,0.015000647137442265,4.992379290118499,3.3218603046888258,2.2014865668206984
66892.51194495194,0.015000647137442265,4.992379280118499,3.3218603146888257,2.2014865668206984
66892.51172014486,0.015000647137442265,4.992379280118499,3.3218603046888258,2.2014865768206984
88.44634656623334,0.05183660619135887,4.9923289166610925,3.321613904944555,2.201399256203347
88.44619245516468,0.051836596191358865,4.9923289166610925,3.321613904944555,2.201399256203347
88.44634641476092,0.05183660619135887,4.992328926661092,3.321613904944555,2.201399256203347
88.44634577491695,0.05183660619135887,4.9923289166610925,3.321613914944555,2.201399256203347
88.44634628554013,0.05183660619135887,4.9923289166610925,3.321613904944555,2.201399266203347
1317.3396543690833,0.02982894144731949,4.992359006337442,3.3217611166122896,2.2014514199814763
1317.3431132063347,0.02982893144731949,4.992359006337442,3.3217611166122896,2.2014514199814763
1317.3396561787567,0.02982894144731949,4.992359016337442,3.3217611166122896,2.2014514199814763
1317.3396650423895,0.02982894144731949,4.992359006337442,3.3217611266122895,2.2014514199814763
1317.3396581533311,0.02982894144731949,4.992359006337442,3.3217611166122896,2.2014514299814762
6.703538418196425,0.04517950428553086,4.992338018491937,3.321658435024654,2.201415035232646
6.703472694973214,0.045179494285530857,4.992338018491937,3.321658435024654,2.201415035232646
6.703538363070314,0.04517950428553086,4.992338028491937,3.321658435024654,2.201415035232646
6.703538121073927,0.04517950428553086,4.992338018491937,3.321658445024654,2.201415035232646
6.703538312774233,0.04517950428553086,4.992338018491937,3.321658435024654,2.201415045232646
32547.363409912025,0.017401841543861547,4.992343953833815,3.32171277149484,2.201434416608554
32547.45649517286,0.017401831543861546,4.992343953833815,3.32171277149484,2.201434416608554
32547.363436769712,0.017401841543861547,4.9923439638338145,3.32171277149484,2.201434416608554
32547.36358534241,0.017401841543861547,4.992343953833815,3.3217127814948397,2.201434416608554
32547.363471953555,0.017401841543861547,4.992343953833815,3.32171277149484,2.201434426608554
116.37791802548254,0.03744106987952519,4.992339671987922,3.321673572338916,2.2014204345892283
116.37841794259853,0.03744105987952519,4.992339671987922,3.321673572338916,2.2014204345892283
116.37791836364016,0.03744106987952519,4.9923396819879216,3.321673572338916,2.2014204345892283
116.37791992563974,0.03744106987952519,4.992339671987922,3.321673582338916,2.2014204345892283
116.37791869957813,0.03744106987952519,4.992339671987922,3.321673572338916,2.2014204445892283
0.13297300604841308,0.04349897683603143,4.992338377575602,3.3216617223397353,2.201416207791134
0.13296413506471144,0.04349896683603143,4.992338377575602,3.3216617223397353,2.201416207791134
0.1329729989117446,0.04349897683603143,4.992338387575602,3.3216617223397353,2.201416207791134
0.13297296725632288,0.04349897683603143,4.992338377575602,3.3216617323397353,2.201416207791134
0.13297299227733714,0.04349897683603143,4.992338377575602,3.3216617223397353,2.201416217791134
0.04279368616411006,0.043236754282804275,4.992338423214929,3.321662190432281,2.2014163750875073
0.042795785851053904,0.043236744282804274,4.992338423214929,3.321662190432281,2.2014163750875073
0.04279368782331477,0.043236754282804275,4.992338433214929,3.321662190432281,2.2014163750875073
0.042793695198143904,0.043236754282804275,4.992338423214929,3.321662200432281,2.2014163750875073
0.04279368936140327,0.043236754282804275,4.992338423214929,3.321662190432281,2.2014163850875073
0.03766036700573932,0.04328694131200788,4.992338415059778,3.321662103699914,2.201416344271143
0.03766031738278701,0.04328693131200788,4.992338415059778,3.321662103699914,2.201416344271143
0.03766036695129773,0.04328694131200788,4.992338425059778,3.321662103699914,2.201416344271143
0.03766036671195038,0.04328694131200788,4.992338415059778,3.321662113699914,2.201416344271143
0.03766036689358011,0.04328694131200788,4.992338415059778,3.321662103699914,2.201416354271143
0.037657451646025436,0.043285782607003116,4.992338415595634,3.3216621075344777,2.201416345817686
0.03765745137749394,0.043285772607003115,4.992338415595634,3.3216621075344777,2.201416345817686
0.03765745163098625,0.043285782607003116,4.992338425595634,3.3216621075344777,2.201416345817686
0.03765745156665552,0.043285782607003116,4.992338415595634,3.3216621175344776,2.201416345817686
0.037657451609940565,0.043285782607003116,4.992338415595634,3.3216621075344777,2.201416355817686
0.03765745140908391,0.04328577630482233,4.992338415946786,3.3216621093921197,2.2014163466638332
0.037657451409430075,0.04328576630482233,4.992338415946786,3.3216621093921197,2.2014163466638332
0.037657451394258204,0.04328577630482233,4.992338425946786,3.3216621093921197,2.2014163466638332
0.03765745133088118,0.04328577630482233,4.992338415946786,3.3216621193921196,2.2014163466638332
0.03765745137341387,0.04328577630482233,4.992338415946786,3.3216621093921197,2.201416356663833
627.6333313585749,0.10086792379567122,5.271616016692036,2.4799091411955256,1.703718298564361
627.6333691990386,0.10086793379567122,5.271616016692036,2.4799091411955256,1.703718298564361
627.6333312555074,0.10086792379567122,5.271616026692036,2.4799091411955256,1.703718298564361
627.6333309335598,0.10086792379567122,5.271616016692036,2.4799091511955256,1.703718298564361
627.6333311261959,0.10086792379567122,5.271616016692036,2.4799091411955256,1.703718308564361
811.2221476154646,0.8990464455499306,5.274339520279662,2.491139940866204,1.7098587906580447
811.221006438883,0.8990464355499306,5.274339520279662,2.491139940866204,1.7098587906580447
811.2221476148009,0.8990464455499306,5.274339530279662,2.491139940866204,1.7098587906580447
811.2221475774211,0.8990464455499306,5.274339520279662,2.491139950866204,1.7098587906580447
811.2221475983198,0.8990464455499306,5.274339520279662,2.491139940866204,1.7098588006580446
810.1784828152058,0.46751216652623306,5.273164134473502,2.486293050785089,1.7072087309031954
810.1784824622572,0.46751215652623307,5.273164134473502,2.486293050785089,1.7072087309031954
810.1784828093379,0.46751216652623306,5.273164144473502,2.486293050785089,1.7072087309031954
810.178482790972,0.46751216652623306,5.273164134473502,2.486293060785089,1.7072087309031954
810.178482803309,0.46751216652623306,5.273164134473502,2.486293050785089,1.7072087409031953
334.8790519197349,0.06179315541809563,5.272059062663159,2.4817361116350662,1.7047172031720785
334.8789182937151,0.06179314541809563,5.272059062663159,2.4817361116350662,1.7047172031720785
334.87905171645673,0.06179315541809563,5.272059072663159,2.4817361116350662,1.7047172031720785
334.8790509761106,0.06179315541809563,5.272059062663159,2.481736121635066,1.7047172031720785
334.8790514039323,0.06179315541809563,5.272059062663159,2.4817361116350662,1.7047172131720785
375.3028898819558,0.06496291040288396,5.271713812499144,2.4803124177409477,1.7039387918962114
375.30301033314845,0.06496292040288396,5.271713812499144,2.4803124177409477,1.7039387918962114
375.3028896876874,0.06496291040288396,5.2717138224991436,2.4803124177409477,1.7039387918962114
375.3028889908441,0.06496291040288396,5.271713812499144,2.4803124277409476,1.7039387918962114
375.3028893945174,0.06496291040288396,5.271713812499144,2.4803124177409477,1.7039388018962114
87809968.95420271,0.0024123014613526145,5.271897324844655,2.4810691600485035,1.7043525442818614
87811435.6185819,0.0024122914613526145,5.271897324844655,2.4810691600485035,1.7043525442818614
87809969.02713116,0.0024123014613526145,5.271897334844655,2.4810691600485035,1.7043525442818614
87809969.46287578,0.0024123014613526145,5.271897324844655,2.4810691700485035,1.7043525442818614
87809969.228728,0.0024123014613526145,5.271897324844655,2.4810691600485035,1.7043525542818614
23.567984049927244,0.042203079574025276,5.272005704452217,2.4815160805763243,1.7045969001646182
23.567864638996454,0.042203069574025275,5.272005704452217,2.4815160805763243,1.7045969001646182
23.567983932251877,0.042203079574025276,5.2720057144522166,2.4815160805763243,1.7045969001646182
23.567983453916803,0.042203079574025276,5.272005704452217,2.4815160905763243,1.7045969001646182
23.567983724301328,0.042203079574025276,5.272005704452217,2.4815160805763243,1.7045969101646181
84.9062437762674,0.03410882180918709,5.271983657824288,2.4814251678039643,1.7045471931823675
84.906688819606,0.03410881180918709,5.271983657824288,2.4814251678039643,1.7045471931823675
84.90624412158286,0.03410882180918709,5.271983667824288,2.4814251678039643,1.7045471931823675
84.90624560865321,0.03410882180918709,5.271983657824288,2.481425177803964,1.7045471931823675
84.90624477638154,0.03410882180918709,5.271983657824288,2.4814251678039643,1.7045472031823674
23.567984049927244,0.042203079574025276,5.272005704452217,2.4815160805763243,1.7045969001646182
23.567864638996454,0.042203069574025275,5.272005704452217,2.4815160805763243,1.7045969001646182
23.567983932251877,0.042203079574025276,5.2720057144522166,2.4815160805763243,1.7045969001646182
23.567983453916803,0.042203079574025276,5.272005704452217,2.4815160905763243,1.7045969001646182
23.567983724301328,0.042203079574025276,5.272005704452217,2.4815160805763243,1.7045969101646181
392.5313119165937,0.06643272378619743,5.27180679697813,2.480720107008584,1.704161644130493
392.5314265897807,0.06643273378619742,5.27180679697813,2.480720107008584,1.704161644130493
392.5313117267927,0.06643272378619743,5.27180680697813,2.480720107008584,1.704161644130493
392.5313110505124,0.06643272378619743,5.27180679697813,2.480720117008584,1.704161644130493
392.53131144294554,0.06643272378619743,5.27180679697813,2.480720107008584,1.704161654130493
501974.4109996175,0.00845098293097396,5.271943905817874,2.481268779263565,1.7044616703115323
501976.96722812817,0.00845097293097396,5.271943905817874,2.481268779263565,1.7044616703115323
501974.41144685476,0.00845098293097396,5.271943915817874,2.481268779263565,1.7044616703115323
501974.413968237,0.00845098293097396,5.271943905817874,2.4812687892635648,1.7044616703115323
501974.41260560753,0.00845098293097396,5.271943905817874,2.481268779263565,1.7044616803115322
249.36599460772746,0.03168651269036269,5.271986449071484,2.481439025784038,1.704554764891966
249.3669569478771,0.03168650269036269,5.271986449071484,2.481439025784038,1.704554764891966
249.36599529577157,0.03168651269036269,5.271986459071484,2.481439025784038,1.704554764891966
249.36599831641934,0.03168651269036269,5.271986449071484,2.481439035784038,1.704554764891966
249.36599663110593,0.03168651269036269,5.271986449071484,2.481439025784038,1.7045547748919658
0.669585261514228,0.03926126425881561,5.272000318115158,2.4814945259216006,1.7045851136004504
0.6695609859331453,0.03926125425881561,5.272000318115158,2.4814945259216006,1.7045851136004504
0.6695852394063233,0.03926126425881561,5.2720003281151575,2.4814945259216006,1.7045851136004504
0.6695851477392237,0.03926126425881561,5.272000318115158,2.4814945359216005,1.7045851136004504
0.6695851993520809,0.03926126425881561,5.272000318115158,2.4814945259216006,1.7045851236004503
0.22673541808817474,0.03851059970714055,5.271998873192152,2.481488738741045,1.7045819492571885
0.22674905968516984,0.038510589707140545,5.271998873192152,2.481488738741045,1.7045819492571885
0.22673543014942418,0.03851059970714055,5.271998883192152,2.481488738741045,1.7045819492571885
0.2267354804325712,0.03851059970714055,5.271998873192152,2.481488748741045,1.7045819492571885
0.226735452113296,0.03851059970714055,5.271998873192152,2.481488738741045,1.7045819592571885
0.05564431144633146,0.038780669282440235,5.271999397634147,2.481490841008086,1.7045830992103967
0.05564350015959665,0.03878065928244023,5.271999397634147,2.481490841008086,1.7045830992103967
0.055644310657538346,0.038780669282440235,5.271999407634147,2.481490841008086,1.7045830992103967
0.055644307381557935,0.038780669282440235,5.271999397634147,2.4814908510080858,1.7045830992103967
0.05564430920402141,0.038780669282440235,5.271999397634147,2.481490841008086,1.7045831092103967
0.055009647109035525,0.03876550951837077,5.27199936945838,2.4814907293068598,1.7045830385230705
0.05500962205561274,0.03876549951837077,5.27199936945838,2.4814907293068598,1.7045830385230705
0.055009647024474265,0.03876550951837077,5.27199937945838,2.4814907293068598,1.7045830385230705
0.05500964667846831,0.03876550951837077,5.27199936945838,2.4814907393068597,1.7045830385230705
0.055009646851496924,0.03876550951837077,5.27199936945838,2.4814907293068598,1.7045830485230704
0.05500903049532006,0.03876502655116648,5.27199936976014,2.481490731824329,1.7045830403397337
0.05500903054017261,0.03876501655116648,5.27199936976014,2.481490731824329,1.7045830403397337
0.05500903043323012,0.03876502655116648,5.27199937976014,2.481490731824329,1.7045830403397337
0.05500903018072182,0.03876502655116648,5.27199936976014,2.481490741824329,1.7045830403397337
0.05500903030111583,0.03876502655116648,5.27199936976014,2.481490731824329,1.7045830503397337
0.05500903024461555,0.03876502740643295,5.271999370957252,2.481490737887021,1.7045830440810112
0.05500903024702148,0.03876501740643295,5.271999370957252,2.481490737887021,1.7045830440810112
0.05500903018248704,0.03876502740643295,5.271999380957252,2.481490737887021,1.7045830440810112
0.05500902992982108,0.03876502740643295,5.271999370957252,2.4814907478870207,1.7045830440810112
0.05500903005030429,0.03876502740643295,5.271999370957252,2.481490737887021,1.7045830540810112
0.05500902927646665,0.038765030827498825,5.271999375745699,2.4814907621377875,1.7045830590461213
0.0550090291090931,0.038765020827498824,5.271999375745699,2.4814907621377875,1.7045830590461213
0.05500902921418657,0.038765030827498825,5.271999385745699,2.4814907621377875,1.7045830590461213
0.05500902896088951,0.038765030827498825,5.271999375745699,2.4814907721377875,1.7045830590461213
0.05500902908172791,0.038765030827498825,5.271999375745699,2.4814907621377875,1.7045830690461212
0.0550090259585197,0.038765044511762325,5.2719993948994865,2.4814908591408544,1.7045831189065614
0.05500902511203925,0.038765034511762324,5.2719993948994865,2.4814908591408544,1.7045831189065614
0.055009025895630684,0.038765044511762325,5.2719994048994865,2.4814908591408544,1.7045831189065614
0.05500902563980238,0.038765044511762325,5.2719993948994865,2.4814908691408544,1.7045831189065614
0.05500902576206624,0.038765044511762325,5.2719993948994865,2.4814908591408544,1.7045831289065614
0.055008999966747824,0.038765097369106806,5.271999559500855,2.481491692885589,1.704583633444357
0.055008996648729984,0.038765087369106804,5.271999559500855,2.481491692885589,1.704583633444357
0.055008999901646746,0.038765097369106806,5.271999569500855,2.481491692885589,1.704583633444357
0.055008999636613175,0.038765097369106806,5.271999559500855,2.481491702885589,1.704583633444357
0.05500899976405845,0.038765097369106806,5.271999559500855,2.481491692885589,1.7045836434443569
0.05500892229395661,0.03876520262802345,5.272000128736487,2.481494576357373,1.7045854129943878
0.05500891445819567,0.03876519262802345,5.272000128736487,2.481494576357373,1.7045854129943878
0.05500892222481213,0.03876520262802345,5.2720001387364865,2.481494576357373,1.7045854129943878
0.05500892194294923,0.03876520262802345,5.272000128736487,2.481494586357373,1.7045854129943878
0.0550089220798693,0.03876520262802345,5.272000128736487,2.481494576357373,1.7045854229943878
0.055008725304118024,0.038765387483749095,5.272001692962627,2.481502500183135,1.7045903032826293
0.055008710478939835,0.03876537748374909,5.272001692962627,2.481502500183135,1.7045903032826293
0.05500872522871587,0.038765387483749095,5.272001702962627,2.481502500183135,1.7045903032826293
0.05500872492081854,0.038765387483749095,5.272001692962627,2.4815025101831347,1.7045903032826293
0.055008725072395084,0.038765387483749095,5.272001692962627,2.481502500183135,1.7045903132826292
0.055008197726600636,0.03876575005157025,5.2720060770670045,2.4815247088504337,1.7046040097243358
0.05500817139497571,0.03876574005157025,5.2720060770670045,2.4815247088504337,1.7046040097243358
0.055008197640899766,0.03876575005157025,5.2720060870670045,2.4815247088504337,1.7046040097243358
0.055008197290148636,0.03876575005157025,5.2720060770670045,2.4815247188504337,1.7046040097243358
0.05500819746585384,0.03876575005157025,5.2720060770670045,2.4815247088504337,1.7046040197243357
0.05500681998628002,0.03876648447320164,5.272017837684047,2.481584285392291,1.7046407784901103
0.05500677516662955,0.03876647447320164,5.272017837684047,2.481584285392291,1.7046407784901103
0.0550068198840351,0.03876648447320164,5.272017847684047,2.481584285392291,1.7046407784901103
0.0550068194644408,0.03876648447320164,5.272017837684047,2.481584295392291,1.7046407784901103
0.055006819678914604,0.03876648447320164,5.272017837684047,2.481584285392291,1.7046407884901102
0.0550031966238513,0.03876807336514778,5.272049272070064,2.4817435254265092,1.704739056629258
0.05500312183108716,0.03876806336514778,5.272049272070064,2.4817435254265092,1.704739056629258
0.05500319649479402,0.03876807336514778,5.272049282070064,2.4817435254265092,1.704739056629258
0.0550031959636193,0.03876807336514778,5.272049272070064,2.481743535426509,1.704739056629258
0.05500319624094935,0.03876807336514778,5.272049272070064,2.4817435254265092,1.704739066629258
0.05499371481313047,0.03877167947869836,5.272132360428555,2.482164434917958,1.7049988295761889
0.05499359164721437,0.03877166947869836,5.272132360428555,2.482164434917958,1.7049988295761889
0.054993714640826585,0.03877167947869836,5.2721323704285545,2.482164434917958,1.7049988295761889
0.054993713929660626,0.03877167947869836,5.272132360428555,2.482164444917958,1.7049988295761889
0.0549937143084673,0.03877167947869836,5.272132360428555,2.482164434917958,1.7049988395761888
0.05496893782390578,0.038780215760339985,5.2723509091065175,2.483271562039056,1.7056821163544458
0.05496873670859995,0.038780205760339984,5.2723509091065175,2.483271562039056,1.7056821163544458
0.054968937581990306,0.038780215760339985,5.272350919106517,2.483271562039056,1.7056821163544458
0.05496893658101488,0.038780215760339985,5.2723509091065175,2.483271572039056,1.7056821163544458
0.05496893712352106,0.038780215760339985,5.2723509091065175,2.483271562039056,1.7056821263544457
0.05490466385120516,0.038800963183331115,5.272921007604764,2.4861595785645982,1.7074645172738372
0.054904338115102015,0.03880095318333111,5.272921007604764,2.4861595785645982,1.7074645172738372
0.054904663498241676,0.038800963183331115,5.272921017604764,2.4861595785645982,1.7074645172738372
0.0549046620345766,0.038800963183331115,5.272921007604764,2.486159588564598,1.7074645172738372
0.05490466283964173,0.038800963183331115,5.272921007604764,2.4861595785645982,1.7074645272738371
0.05474156554568067,0.038851622709864364,5.274379691366064,2.493549013211502,1.7120250654424272
0.054741044845415164,0.03885161270986436,5.274379691366064,2.493549013211502,1.7120250654424272
0.05474156501976093,0.038851622709864364,5.274379701366064,2.493549013211502,1.7120250654424272
0.054741562834029076,0.038851622709864364,5.274379691366064,2.493549023211502,1.7120250654424272
0.05474156405348061,0.038851622709864364,5.274379691366064,2.493549013211502,1.712025075442427
0.05435553289997998,0.03896990748301632,5.277895124322949,2.5113575840567854,1.7230160086010373
0.05435472605124944,0.03896989748301632,5.277895124322949,2.5113575840567854,1.7230160086010373
0.05435553212257339,0.03896990748301632,5.277895134322949,2.5113575840567854,1.7230160086010373
0.054355528881862035,0.03896990748301632,5.277895124322949,2.5113575940567854,1.7230160086010373
0.05435553072312205,0.03896990748301632,5.277895124322949,2.5113575840567854,1.7230160186010373
0.05358541924303824,0.03920446321123823,5.285035779093918,2.5475309082222415,1.7453411559571093
0.053584263797585886,0.03920445321123823,5.285035779093918,2.5475309082222415,1.7453411559571093
0.0535854181651025,0.03920446321123823,5.285035789093918,2.5475309082222415,1.7453411559571093
0.053585413650137866,0.03920446321123823,5.285035779093918,2.5475309182222414,1.7453411559571093
0.05358541628639647,0.03920446321123823,5.285035779093918,2.5475309082222415,1.7453411659571092
0.052295941712515365,0.03954904652916728,5.295778366377886,2.601951017109674,1.7789276971880696
0.05229452570022714,0.039549036529167275,5.295778366377886,2.601951017109674,1.7789276971880696
0.052295940420195426,0.03954904652916728,5.295778376377886,2.601951017109674,1.7789276971880696
0.052295934973064555,0.03954904652916728,5.295778366377886,2.6019510271096737,1.7789276971880696
0.05229593826700429,0.03954904652916728,5.295778366377886,2.601951017109674,1.7789277071880696
0.049948945334232164,0.040009898965217006,5.310564344244461,2.6768542791070318,1.8251558297044483
0.04994753124377652,0.040009888965217004,5.310564344244461,2.6768542791070318,1.8251558297044483
0.049948944064932436,0.040009898965217006,5.310564354244461,2.6768542791070318,1.8251558297044483
0.04994893867304669,0.040009898965217006,5.310564344244461,2.6768542891070317,1.8251558297044483
0.049948942074419994,0.040009898965217006,5.310564344244461,2.6768542791070318,1.8251558397044483
3.9919389321453926,0.039230552893234995,5.325940932599652,2.7548298136197684,1.872360380079027
3.9920068290244615,0.03923054289323499,5.325940932599652,2.7548298136197684,1.872360380079027
3.99193898833609,0.039230552893234995,5.325940942599652,2.7548298136197684,1.872360380079027
3.9919392310108264,0.039230552893234995,5.325940932599652,2.7548298236197684,1.872360380079027
3.9919390715057284,0.039230552893234995,5.325940932599652,2.7548298136197684,1.8723603900790269
0.04785285617431722,0.039992281850792545,5.3109119319545295,2.678616915711237,1.8262228883516924
0.047852828240152245,0.03999227185079254,5.3109119319545295,2.678616915711237,1.8262228883516924
0.0478528561087056,0.039992281850792545,5.310911941954529,2.678616915711237,1.8262228883516924
0.04785285583432587,0.039992281850792545,5.3109119319545295,2.678616925711237,1.8262228883516924
0.047852855992500574,0.039992281850792545,5.3109119319545295,2.678616915711237,1.8262228983516924
0.04493719324904784,0.040722150665191734,5.334553811202027,2.798383143933855,1.9001337919598291
0.044936747787175546,0.04072214066519173,5.334553811202027,2.798383143933855,1.9001337919598291
0.044937192836756665,0.040722150665191734,5.334553821202027,2.798383143933855,1.9001337919598291
0.04493719106814896,0.040722150665191734,5.334553811202027,2.798383153933855,1.9001337919598291
0.04493719224395017,0.040722150665191734,5.334553811202027,2.798383143933855,1.900133801959829
0.04640316037968601,0.042074357500939144,5.3790155128311365,3.0236207881662587,2.0391189676397263
0.04640086665547199,0.04207434750093914,5.3790155128311365,3.0236207881662587,2.0391189676397263
0.0464031584642547,0.042074357500939144,5.3790155228311365,3.0236207881662587,2.0391189676397263
0.04640315009539969,0.042074357500939144,5.3790155128311365,3.0236207981662586,2.0391189676397263
0.04640315623497243,0.042074357500939144,5.3790155128311365,3.0236207881662587,2.0391189776397263
0.04364265507221733,0.04130682245777329,5.353778313035247,2.8957721629276962,1.9602286751232563
0.04364170954995404,0.04130681245777329,5.353778313035247,2.8957721629276962,1.9602286751232563
0.043642654250604276,0.04130682245777329,5.353778323035247,2.8957721629276962,1.9602286751232563
0.04364265069432015,0.04130682245777329,5.353778313035247,2.895772172927696,1.9602286751232563
0.0436426531745634,0.04130682245777329,5.353778313035247,2.8957721629276962,1.9602286851232562
0.04204446089819656,0.04172707922733828,5.368209698259072,2.968881022935716,2.005327600257985
0.04204367449623107,0.04172706922733828,5.368209698259072,2.968881022935716,2.005327600257985
0.042044460220547225,0.04172707922733828,5.368209708259072,2.968881022935716,2.005327600257985
0.04204445727219204,0.04172707922733828,5.368209698259072,2.968881032935716,2.005327600257985
0.04204445938611215,0.04172707922733828,5.368209698259072,2.968881022935716,2.005327610257985
0.03996174962876853,0.042232184746234816,5.386230799074705,3.060176520386285,2.0616309344673582
0.03996165770655297,0.042232174746234814,5.386230799074705,3.060176520386285,2.0616309344673582
0.03996174953289246,0.042232184746234816,5.386230809074705,3.060176520386285,2.0616309344673582
0.039961749115811435,0.042232184746234816,5.386230799074705,3.060176530386285,2.0616309344673582
0.03996174941654994,0.042232184746234816,5.386230799074705,3.060176520386285,2.061630944467358
0.042858181078902456,0.04367680623267801,5.4360650370866335,3.3126353545870972,2.2173612184590246
0.042855985544230195,0.043676796232678006,5.4360650370866335,3.3126353545870972,2.2173612184590246
0.04285817932123594,0.04367680623267801,5.436065047086633,3.3126353545870972,2.2173612184590246
0.04285817151902542,0.04367680623267801,5.4360650370866335,3.312635364587097,2.2173612184590246
0.04285817775874851,0.04367680623267801,5.4360650370866335,3.3126353545870972,2.2173612284590245
0.039131670755814835,0.042732868451823516,5.403502583543614,3.147674889891699,2.115604668343699
0.03913113478192831,0.042732858451823515,5.403502583543614,3.147674889891699,2.115604668343699
0.03913167030358363,0.042732868451823516,5.403502593543614,3.147674889891699,2.115604668343699
0.03913166831450018,0.042732868451823516,5.403502583543614,3.147674899891699,2.115604668343699
0.03913166982708702,0.042732868451823516,5.403502583543614,3.147674889891699,2.115604678343699
0.038300317321991684,0.0433620339949762,5.425840331545789,3.260838469793741,2.1853966273917544
0.03829952099653616,0.0433620239949762,5.425840331545789,3.260838469793741,2.1853966273917544
0.03830031667109915,0.0433620339949762,5.425840341545789,3.260838469793741,2.1853966273917544
0.038300313789871615,0.0433620339949762,5.425840331545789,3.260838479793741,2.1853966273917544
0.03830031605796347,0.0433620339949762,5.425840331545789,3.260838469793741,2.1853966373917544
0.03706328577155023,0.043684688874100056,5.438031394199412,3.3226000307028176,2.2234719477119973
0.0370629943308414,0.043684678874100054,5.438031394199412,3.3226000307028176,2.2234719477119973
0.037063285527386955,0.043684688874100056,5.438031404199412,3.3226000307028176,2.2234719477119973
0.03706328444477876,0.043684688874100056,5.438031394199412,3.3226000407028176,2.2234719477119973
0.03706328530665546,0.043684688874100056,5.438031394199412,3.3226000307028176,2.2234719577119972
0.036374286378970166,0.0444790301072833,5.467134180219191,3.470037098447984,2.3143829496500774
0.03637359477501744,0.0444790201072833,5.467134180219191,3.470037098447984,2.3143829496500774
0.03637428583025559,0.0444790301072833,5.467134190219191,3.470037098447984,2.3143829496500774
0.03637428337927551,0.0444790301072833,5.467134180219191,3.470037108447984,2.3143829496500774
0.03637428541014801,0.0444790301072833,5.467134180219191,3.470037098447984,2.3143829596500773
0.035525790336765985,0.04468767918705681,5.475493950190763,3.512389631775662,2.340483557543732
0.03552562310419515,0.04468766918705681,5.475493950190763,3.512389631775662,2.340483557543732
0.03552579019756488,0.04468767918705681,5.475493960190763,3.512389631775662,2.340483557543732
0.03552578957620092,0.04468767918705681,5.475493950190763,3.512389641775662,2.340483557543732
0.03552579009154912,0.04468767918705681,5.475493950190763,3.512389631775662,2.340483567543732
0.03504680698624306,0.04554446748852201,5.507903242291258,3.6765795244535404,2.4417040821411113
0.03504618093953072,0.04554445748852201,5.507903242291258,3.6765795244535404,2.4417040821411113
0.035046806503194056,0.04554446748852201,5.507903252291258,3.6765795244535404,2.4417040821411113
0.03504680433044579,0.04554446748852201,5.507903242291258,3.6765795344535404,2.4417040821411113
0.035046806207784796,0.04554446748852201,5.507903242291258,3.6765795244535404,2.4417040921411113
0.03456178616999217,0.04553074929783103,5.507868125722238,3.6764024473574612,2.441585513673341
0.034561653998158796,0.04553073929783103,5.507868125722238,3.6764024473574612,2.441585513673341
0.03456178606208546,0.04553074929783103,5.507868135722238,3.6764024473574612,2.441585513673341
0.034561785577988606,0.04553074929783103,5.507868125722238,3.676402457357461,2.441585513673341
0.03456178599242895,0.04553074929783103,5.507868125722238,3.6764024473574612,2.441585523673341
0.03407376874086525,0.046089477079245725,5.529716207968426,3.787089031904464,2.5098082150339533
0.034073576275215234,0.04608946707924572,5.529716207968426,3.787089031904464,2.5098082150339533
0.03407376859017751,0.046089477079245725,5.529716217968426,3.787089031904464,2.5098082150339533
0.03407376791127536,0.046089477079245725,5.529716207968426,3.787089041904464,2.5098082150339533
0.03407376850648288,0.046089477079245725,5.529716207968426,3.787089031904464,2.5098082250339533
0.034028843356006734,0.04695625721044217,5.56391240052054,3.9603340186044047,2.616583682160138
0.03402815684097811,0.04695624721044217,5.56391240052054,3.9603340186044047,2.616583682160138
0.03402884284580739,0.04695625721044217,5.5639124105205395,3.9603340186044047,2.616583682160138
0.034028840534395685,0.04695625721044217,5.56391240052054,3.9603340286044046,2.616583682160138
0.034028842628241476,0.04695625721044217,5.56391240052054,3.9603340186044047,2.616583692160138
0.0338655775767943,0.046427419224276574,5.543048694774506,3.8546341685706733,2.551438069132577
0.03386528752616743,0.04642740922427657,5.543048694774506,3.8546341685706733,2.551438069132577
0.03386557735516272,0.046427419224276574,5.543048704774506,3.8546341685706733,2.551438069132577
0.03386557635419764,0.046427419224276574,5.543048694774506,3.8546341785706733,2.551438069132577
0.03386557724391954,0.046427419224276574,5.543048694774506,3.8546341685706733,2.551438079132577
0.03348707270338073,0.04703831541097929,5.567628321242111,3.9791604280887394,2.628177975456961
0.033486725962390336,0.04703830541097929,5.567628321242111,3.9791604280887394,2.628177975456961
0.03348707244399098,0.04703831541097929,5.567628331242111,3.9791604280887394,2.628177975456961
0.033487071268960444,0.04703831541097929,5.567628321242111,3.9791604380887393,2.628177975456961
0.03348707233449331,0.04703831541097929,5.567628321242111,3.9791604280887394,2.628177985456961
0.03313317782067659,0.047333932142156566,5.580114158974573,4.042417617841946,2.667149725673734
0.03313317725957179,0.047333922142156565,5.580114158974573,4.042417617841946,2.667149725673734
0.03313317781597902,0.047333932142156566,5.580114168974573,4.042417617841946,2.667149725673734
0.03313317779586099,0.047333932142156566,5.580114158974573,4.042417627841946,2.667149725673734
0.03313317781081629,0.047333932142156566,5.580114158974573,4.042417617841946,2.667149735673734
0.033316665660800826,0.04831576434052826,5.620238580746761,4.245698523008959,2.792411246695124
0.03331598451519057,0.04831575434052826,5.620238580746761,4.245698523008959,2.792411246695124
0.03331666517085525,0.04831576434052826,5.620238590746761,4.245698523008959,2.792411246695124
0.033316662940259145,0.04831576434052826,5.620238580746761,4.245698533008959,2.792411246695124
0.033316665038942754,0.04831576434052826,5.620238580746761,4.245698523008959,2.792411256695124
0.03294601535366472,0.04777306083991068,5.59805998017516,4.1333358819937125,2.7231734827842122
0.03294582428127308,0.04777305083991068,5.59805998017516,4.1333358819937125,2.7231734827842122
0.032946015211868594,0.04777306083991068,5.59805999017516,4.1333358819937125,2.7231734827842122
0.03294601456815998,0.04777306083991068,5.59805998017516,4.133335891993712,2.7231734827842122
0.03294601516306015,0.04777306083991068,5.59805998017516,4.1333358819937125,2.723173492784212
0.03286154712669373,0.04826508223319515,5.6184765938549805,4.236772322946149,2.786905373900862
0.032861175825817955,0.04826507223319515,5.6184765938549805,4.236772322946149,2.786905373900862
0.032861546857980505,0.04826508223319515,5.6184766038549805,4.236772322946149,2.786905373900862
0.032861545635150646,0.04826508223319515,5.6184765938549805,4.236772332946149,2.786905373900862
0.032861546783074486,0.04826508223319515,5.6184765938549805,4.236772322946149,2.7869053839008617
0.032656082793383244,0.048327930614036764,5.621430019959337,4.2517357689657995,2.7961189215302853
0.03265595320417094,0.04832792061403676,5.621430019959337,4.2517357689657995,2.7961189215302853
0.032656082697772953,0.048327930614036764,5.621430029959337,4.2517357689657995,2.7961189215302853
0.03265608226322843,0.048327930614036764,5.621430019959337,4.2517357789657995,2.7961189215302853
0.03265608266999255,0.048327930614036764,5.621430019959337,4.2517357689657995,2.7961189315302852
0.032470136393095636,0.048795560577898,5.641362993399005,4.352722774421497,2.858332254407576
0.03247000681530827,0.048795550577898,5.641362993399005,4.352722774421497,2.858332254407576
0.032470136298877,0.048795560577898,5.641363003399005,4.352722774421497,2.858332254407576
0.03247013587004263,0.048795560577898,5.641362993399005,4.352722784421497,2.858332254407576
0.032470136276324495,0.048795560577898,5.641362993399005,4.352722774421497,2.858332264407576
0.05231955510890765,0.04891284688733518,5.648631972951337,4.373177075228605,3.0420065752721115
0.05232324863928797,0.04891283688733518,5.648631972951337,4.373177075228605,3.0420065752721115
0.05231955769795908,0.04891284688733518,5.648631982951337,4.373177075228605,3.0420065752721115
0.052319569622043795,0.04891284688733518,5.648631972951337,4.373177085228605,3.0420065752721115
0.05231955775282853,0.04891284688733518,5.648631972951337,4.373177075228605,3.0420065852721114
0.03244112148209413,0.04879953343650961,5.641609216748948,4.353415626345101,2.864553885140783
0.03244113555054266,0.04879952343650961,5.641609216748948,4.353415626345101,2.864553885140783
0.032441121489434274,0.04879953343650961,5.641609226748948,4.353415626345101,2.864553885140783
0.03244112152385844,0.04879953343650961,5.641609216748948,4.353415636345101,2.864553885140783
0.03244112148828268,0.04879953343650961,5.641609216748948,4.353415626345101,2.8645538951407827
0.03232102585309826,0.04954402029728172,5.673423573698157,4.513898345166347,2.970726362540992
0.03232074570774506,0.04954401029728172,5.673423573698157,4.513898345166347,2.970726362540992
0.03232102565611817,0.04954402029728172,5.673423583698157,4.513898345166347,2.970726362540992
0.03232102475638075,0.04954402029728172,5.673423573698157,4.513898355166347,2.970726362540992
0.03232102562941909,0.04954402029728172,5.673423573698157,4.513898345166347,2.970726372540992
0.03225913657193622,0.0493405309513511,5.664806313605226,4.469953061360975,2.9466567469209877
0.032259111256854975,0.0493405209513511,5.664806313605226,4.469953061360975,2.9466567469209877
0.0322591365521156,0.0493405309513511,5.664806323605226,4.469953061360975,2.9466567469209877
0.032259136462359575,0.0493405309513511,5.664806313605226,4.469953071360975,2.9466567469209877
0.03225913654695179,0.0493405309513511,5.664806313605226,4.469953061360975,2.9466567569209876
0.032190103501210134,0.04958824721843845,5.675484090499111,4.523248978012689,2.9878614825065117
0.03219004596759469,0.04958823721843845,5.675484090499111,4.523248978012689,2.9878614825065117
0.03219010345927489,0.04958824721843845,5.675484100499111,4.523248978012689,2.9878614825065117
0.032190103268234,0.04958824721843845,5.675484090499111,4.523248988012689,2.9878614825065117
0.032190103452467506,0.04958824721843845,5.675484090499111,4.523248978012689,2.9878614925065117
0.03267035084928284,0.050569106017803706,5.717858617835681,4.734212955503957,3.156688405660498
0.03266967959939906,0.050569096017803704,5.717858617835681,4.734212955503957,3.156688405660498
0.03267035039028536,0.050569106017803706,5.717858627835681,4.734212955503957,3.156688405660498
0.03267034828494625,0.050569106017803706,5.717858617835681,4.734212965503957,3.156688405660498
0.0326703503934756,0.050569106017803706,5.717858617835681,4.734212955503957,3.156688415660498
0.032138797812290856,0.04985887936544096,5.687175793034414,4.581456779385933,3.0344431033418027
0.03213866733926024,0.049858869365440955,5.687175793034414,4.581456779385933,3.0344431033418027
0.03213879772034346,0.04985887936544096,5.687175803034414,4.581456779385933,3.0344431033418027
0.032138797300070215,0.04985887936544096,5.687175793034414,4.581456789385933,3.0344431033418027
0.032138797711455225,0.04985887936544096,5.687175793034414,4.581456779385933,3.0344431133418026
0.03209367402879555,0.05016992933956044,5.7007059256993164,4.648320289222681,3.093236299796718
0.03209348342937307,0.050169919339560436,5.7007059256993164,4.648320289222681,3.093236299796718
0.03209367389632378,0.05016992933956044,5.700705935699316,4.648320289222681,3.093236299796718
0.03209367328969823,0.05016992933956044,5.7007059256993164,4.648320299222681,3.093236299796718
0.032093673890306915,0.05016992933956044,5.7007059256993164,4.648320289222681,3.093236309796718
0.03201629288008123,0.050310013712258954,5.706935712077612,4.67841591475639,3.1270999291698534
0.032016204051491234,0.05031000371225895,5.706935712077612,4.67841591475639,3.1270999291698534
0.03201629281780599,0.050310013712258954,5.706935722077612,4.67841591475639,3.1270999291698534
0.03201629253274988,0.050310013712258954,5.706935712077612,4.67841592475639,3.1270999291698534
0.032016292815549206,0.050310013712258954,5.706935712077612,4.67841591475639,3.1270999391698533
0.031964096482153224,0.0506839153576418,5.723397595713582,4.758818109014995,3.2079686630348285
0.0319639462573677,0.0506839053576418,5.723397595713582,4.758818109014995,3.2079686630348285
0.0319640963788264,0.0506839153576418,5.723397605713582,4.758818109014995,3.2079686630348285
0.03196409590459125,0.0506839153576418,5.723397595713582,4.758818119014995,3.2079686630348285
0.031964096382261505,0.0506839153576418,5.723397595713582,4.758818109014995,3.2079686730348285
0.031897308632754535,0.050853048607992425,5.731037809386559,4.795239362283194,3.254297681696217
0.031897276813538024,0.050853038607992423,5.731037809386559,4.795239362283194,3.254297681696217
0.03189730861009441,0.050853048607992425,5.731037819386559,4.795239362283194,3.254297681696217
0.03189730850645962,0.050853048607992425,5.731037809386559,4.795239372283194,3.254297681696217
0.031897308610242155,0.050853048607992425,5.731037809386559,4.795239362283194,3.254297691696217
0.03193511915712334,0.05136863775292744,5.753982836515837,4.90621451265934,3.3777483586113255
0.0319348495820204,0.051368627752927436,5.753982836515837,4.90621451265934,3.3777483586113255
0.03193511897551793,0.05136863775292744,5.753982846515837,4.90621451265934,3.3777483586113255
0.031935118138836795,0.05136863775292744,5.753982836515837,4.90621452265934,3.3777483586113255
0.03193511900252333,0.05136863775292744,5.753982836515837,4.90621451265934,3.3777483686113254
0.03187371086713495,0.05106488861444001,5.740465227986729,4.840835699603615,3.305019836052185
0.03187362068628803,0.05106487861444001,5.740465227986729,4.840835699603615,3.305019836052185
0.031873710805314065,0.05106488861444001,5.740465237986729,4.840835699603615,3.305019836052185
0.03187371052122632,0.05106488861444001,5.740465227986729,4.840835709603615,3.305019836052185
0.031873710810734056,0.05106488861444001,5.740465227986729,4.840835699603615,3.305019846052185
0.03184743215339777,0.05133481746261485,5.75260634072165,4.899059593997908,3.375233166082895
0.031847302466333514,0.051334807462614845,5.75260634072165,4.899059593997908,3.375233166082895
0.031847432065537494,0.05133481746261485,5.75260635072165,4.899059593997908,3.375233166082895
0.031847431660999986,0.05133481746261485,5.75260634072165,4.899059603997908,3.375233166082895
0.03184743207775621,0.05133481746261485,5.75260634072165,4.899059593997908,3.375233176082895
0.03180369244644688,0.051460036251932934,5.75842436812048,4.926490656548019,3.4134992978081966
0.031803660062481934,0.05146002625193293,5.75842436812048,4.926490656548019,3.4134992978081966
0.0318036924239823,0.051460036251932934,5.75842437812048,4.926490656548019,3.4134992978081966
0.03180369232086813,0.051460036251932934,5.75842436812048,4.926490666548019,3.4134992978081966
0.03180369242653863,0.051460036251932934,5.75842436812048,4.926490656548019,3.4134993078081965
0.03179227606812557,0.05182757577623531,5.775171083327497,5.006289649477969,3.515376814708198
0.03179213319440188,0.05182756577623531,5.775171083327497,5.006289649477969,3.515376814708198
0.03179227597258398,0.05182757577623531,5.775171093327497,5.006289649477969,3.515376814708198
0.0317922755315694,0.05182757577623531,5.775171083327497,5.006289659477969,3.515376814708198
0.031792275993610807,0.05182757577623531,5.775171083327497,5.006289649477969,3.515376824708198
0.03178576227711679,0.051647272746424826,5.766955685277641,4.967142838727737,3.465398992590958
0.03178569606926388,0.051647262746424824,5.766955685277641,4.967142838727737,3.465398992590958
0.031785762232271135,0.051647272746424826,5.766955695277641,4.967142838727737,3.465398992590958
0.03178576202569687,0.051647272746424826,5.766955685277641,4.967142848727737,3.465398992590958
0.03178576224019142,0.051647272746424826,5.766955685277641,4.967142838727737,3.465399002590958
0.03177032871137539,0.051952392497206276,5.780993942138067,5.033753337938257,3.5535779044685643
0.031770205921777886,0.051952382497206274,5.780993942138067,5.033753337938257,3.5535779044685643
0.03177032862943344,0.051952392497206276,5.780993952138067,5.033753337938257,3.5535779044685643
0.03177032825102938,0.051952392497206276,5.780993942138067,5.033753347938257,3.5535779044685643
0.031770328648934164,0.051952392497206276,5.780993942138067,5.033753337938257,3.553577914468564
0.031741199319037544,0.0519913138778333,5.782958165731586,5.0427711819179315,3.5688877350000445
0.03174118186885829,0.0519913038778333,5.782958165731586,5.0427711819179315,3.5688877350000445
0.0317411993069226,0.0519913138778333,5.7829581757315855,5.0427711819179315,3.5688877350000445
0.03174119925136361,0.0519913138778333,5.782958165731586,5.042771191917931,3.5688877350000445
0.03174119930882961,0.0519913138778333,5.782958165731586,5.0427711819179315,3.5688877450000445
0.031722887372858485,0.052243186039230005,5.794724367644776,5.098283206851961,3.645919296279764
0.03172283431386931,0.052243176039230003,5.794724367644776,5.098283206851961,3.645919296279764
0.03172288733744409,0.052243186039230005,5.794724377644776,5.098283206851961,3.645919296279764
0.03172288717392312,0.052243186039230005,5.794724367644776,5.098283216851961,3.645919296279764
0.03172288734683785,0.052243186039230005,5.794724367644776,5.098283206851961,3.645919306279764
0.03171652572526153,0.05248658138791214,5.806201376680944,5.1522801527332,3.7225392057654907
0.03171642697058418,0.052486571387912136,5.806201376680944,5.1522801527332,3.7225392057654907
0.031716525660142256,0.05248658138791214,5.806201386680944,5.1522801527332,3.7225392057654907
0.031716525358798695,0.05248658138791214,5.806201376680944,5.1522801627331996,3.7225392057654907
0.03171652568071789,0.05248658138791214,5.806201376680944,5.1522801527332,3.7225392157654906
0.03169657521253554,0.05253787302303442,5.808781181900254,5.164208420371101,3.741818611297377
0.03169655950910002,0.05253786302303442,5.808781181900254,5.164208420371101,3.741818611297377
0.03169657520189728,0.05253787302303442,5.808781191900254,5.164208420371101,3.741818611297377
0.03169657515300177,0.05253787302303442,5.808781181900254,5.164208430371101,3.741818611297377
0.03169657520444903,0.05253787302303442,5.808781181900254,5.164208420371101,3.741818621297377
0.03168627176149542,0.05276856101432289,5.819824118652004,5.215945595089175,3.8176797418136896
0.03168622570200644,0.05276855101432289,5.819824118652004,5.215945595089175,3.8176797418136896
0.031686271731191755,0.05276856101432289,5.819824128652004,5.215945595089175,3.8176797418136896
0.03168627159100296,0.05276856101432289,5.819824118652004,5.215945605089175,3.8176797418136896
0.03168627174147319,0.05276856101432289,5.819824118652004,5.215945595089175,3.8176797518136896
0.03168048692699632,0.05294649731974351,5.828434979587843,5.2561758527364235,3.8779387052258354
0.031680426104008605,0.05294648731974351,5.828434979587843,5.2561758527364235,3.8779387052258354
0.031680486887262355,0.05294649731974351,5.828434989587843,5.2561758527364235,3.8779387052258354
0.03168048670319981,0.05294649731974351,5.828434979587843,5.2561758627364235,3.8779387052258354
0.03168048690204446,0.05294649731974351,5.828434979587843,5.2561758527364235,3.8779387152258353
0.031668826987554,0.05307202985384227,5.834673567809705,5.285139053175791,3.9234028031552803
0.031668827757059786,0.053072019853842266,5.834673567809705,5.285139053175791,3.9234028031552803
0.03166882698787482,0.05307202985384227,5.8346735778097045,5.285139053175791,3.9234028031552803
0.03166882698972638,0.05307202985384227,5.834673567809705,5.285139063175791,3.9234028031552803
