LSCO 2601C, x = 22%
T=30 K, B = 45.0 T, theta= -14 to 99, phi = 0
Fixed parameters:
T=0.19,T1multvalue=-0.134,T11multvalue=0.067,mumultvalue=0.805
h_func_val =  strength*np.exp(-(deltak[:,0]**2 + deltak[:,1]**2)/(spread_xy**2))*((np.cos(2*theta)**2)**angular_var)
cost,Tzmultvalue,invtau_iso,strength,spread_xy,angular_var
0.03182246354309461,0.0645,10.0,250.0,0.2,2.0
0.03123061530059391,0.0645000149011612,10.0,250.0,0.2,2.0
0.03182246405904588,0.0645,10.000000014901161,250.0,0.2,2.0
0.03182246361620788,0.0645,10.0,250.00000001490116,0.2,2.0
0.031822607731769904,0.0645,10.0,250.0,0.2000000149011612,2.0
0.03182246354309461,0.0645,10.0,250.0,0.2,2.0
0.03123061530059391,0.0645000149011612,10.0,250.0,0.2,2.0
0.03182246405904588,0.0645,10.000000014901161,250.0,0.2,2.0
0.03182246361620788,0.0645,10.0,250.00000001490116,0.2,2.0
0.031822607731769904,0.0645,10.0,250.0,0.2000000149011612,2.0
0.03182245681481909,0.0645,10.0,250.0,0.2,2.000000014901161
736.8220504802415,1.074499969961156,9.999999119519622,249.99999987523086,0.19975393935935754,2.0000114819265904
736.1795998984322,1.0744999848623171,9.999999119519622,249.99999987523086,0.19975393935935754,2.0000114819265904
736.822050479636,1.074499969961156,9.999999134420783,249.99999987523086,0.19975393935935754,2.0000114819265904
736.8220504789734,1.074499969961156,9.999999119519622,249.99999989013202,0.19975393935935754,2.0000114819265904
736.8220479710318,1.074499969961156,9.999999119519622,249.99999987523086,0.19975395426051873,2.0000114819265904
736.8220505401414,1.074499969961156,9.999999119519622,249.99999987523086,0.19975393935935754,2.0000114968277516
0.14835142237959736,0.0649646651615561,9.999999999594921,249.9999999999426,0.19999988679622702,2.000000005282427
0.14273333033496152,0.0649646800627173,9.999999999594921,249.9999999999426,0.19999988679622702,2.000000005282427
0.1483514143480836,0.0649646651615561,10.000000014496083,249.9999999999426,0.19999988679622702,2.000000005282427
0.14835142168015744,0.0649646651615561,9.999999999594921,250.00000001484375,0.19999988679622702,2.000000005282427
0.1483500795878997,0.0649646651615561,9.999999999594921,249.9999999999426,0.1999999016973882,2.000000005282427
0.14835148677077614,0.0649646651615561,9.999999999594921,249.9999999999426,0.19999988679622702,2.000000020183588
0.030511209769830874,0.06452155106887203,9.999999999981213,249.99999999999733,0.1999999947496337,2.000000000244998
0.031047481702347446,0.06452156597003322,9.999999999981213,249.99999999999733,0.1999999947496337,2.000000000244998
0.030511209678027597,0.06452155106887203,10.000000014882374,249.99999999999733,0.1999999947496337,2.000000000244998
0.030511209788088835,0.06452155106887203,9.999999999981213,250.0000000148985,0.1999999947496337,2.000000000244998
0.030511248247196095,0.06452155106887203,9.999999999981213,249.99999999999733,0.2000000096507949,2.000000000244998
0.030511208096095782,0.06452155106887203,9.999999999981213,249.99999999999733,0.1999999947496337,2.000000015146159
0.030908360911032908,0.06451053646778275,9.999999999990814,249.9999999999987,0.19999999743305932,2.000000000119781
0.031021528793271004,0.06451055136894394,9.999999999990814,249.9999999999987,0.19999999743305932,2.000000000119781
0.030908361066727053,0.06451053646778275,10.000000014891976,249.9999999999987,0.19999999743305932,2.000000000119781
0.030908360951638493,0.06451053646778275,9.999999999990814,250.00000001489985,0.19999999743305932,2.000000000119781
0.030908442470480944,0.06451053646778275,9.999999999990814,249.9999999999987,0.20000001233422052,2.000000000119781
0.03090835717643349,0.06451053646778275,9.999999999990814,249.9999999999987,0.19999999743305932,2.0000000150209423
0.03080113908968903,0.06451050971178753,9.999999301709119,249.9999998501414,0.1997003964552814,2.0000137849051742
0.03059836203551144,0.06451052461294872,9.999999301709119,249.9999998501414,0.1997003964552814,2.0000137849051742
0.030801138441645334,0.06451050971178753,9.99999931661028,249.9999998501414,0.1997003964552814,2.0000137849051742
0.030801139057961887,0.06451050971178753,9.999999301709119,249.99999986504255,0.1997003964552814,2.0000137849051742
0.03080108112381662,0.06451050971178753,9.999999301709119,249.9999998501414,0.1997004113564426,2.0000137849051742
0.030801142028833585,0.06451050971178753,9.999999301709119,249.9999998501414,0.1997003964552814,2.0000137998063354
0.03134567098958491,0.06451054355048426,10.000947067577211,250.0000048709376,0.19960186994282955,1.9995161826712864
0.0312151612049352,0.06451055845164545,10.000947067577211,250.0000048709376,0.19960186994282955,1.9995161826712864
0.03134566994627132,0.06451054355048426,10.000947082478373,250.0000048709376,0.19960186994282955,1.9995161826712864
0.03134567092223963,0.06451054355048426,10.000947067577211,250.00000488583876,0.19960186994282955,1.9995161826712864
0.03134554423466465,0.06451054355048426,10.000947067577211,250.0000048709376,0.19960188484399075,1.9995161826712864
0.03134567721521826,0.06451054355048426,10.000947067577211,250.0000048709376,0.19960186994282955,1.9995161975724476
0.030749786438815936,0.06451051186724056,10.000059672379956,250.00000016995543,0.1996941205259066,1.999982088700783
0.030876613496719496,0.06451052676840176,10.000059672379956,250.00000016995543,0.1996941205259066,1.999982088700783
0.03074978566984702,0.06451051186724056,10.000059687281118,250.00000016995543,0.1996941205259066,1.999982088700783
0.030749786396113598,0.06451051186724056,10.000059672379956,250.0000001848566,0.1996941205259066,1.999982088700783
0.03074970729956934,0.06451051186724056,10.000059672379956,250.00000016995543,0.1996941354270678,1.999982088700783
0.030749790388702302,0.06451051186724056,10.000059672379956,250.00000016995543,0.1996941205259066,1.9999821036019443
0.03093314302905541,0.0645105102629358,10.000014738459939,249.9999999319177,0.19969879170322913,2.0000056802013115
0.030619434099378923,0.064510525164097,10.000014738459939,249.9999999319177,0.19969879170322913,2.0000056802013115
0.0309331422714474,0.0645105102629358,10.0000147533611,249.9999999319177,0.19969879170322913,2.0000056802013115
0.030933142987491,0.0645105102629358,10.000014738459939,249.99999994681886,0.19969879170322913,2.0000056802013115
0.030933066062411956,0.0645105102629358,10.000014738459939,249.9999999319177,0.19969880660439032,2.0000056802013115
0.030933146876439777,0.0645105102629358,10.000014738459939,249.9999999319177,0.19969879170322913,2.0000056951024727
0.031039827188976677,0.06451051182569577,10.00005850877901,250.00000016379124,0.199694241489899,1.999982699622162
0.0309068538782553,0.06451052672685696,10.00005850877901,250.00000016379124,0.199694241489899,1.999982699622162
0.031039826549430924,0.06451051182569577,10.00005852368017,250.00000016379124,0.199694241489899,1.999982699622162
0.03103982715824842,0.06451051182569577,10.00005850877901,250.0000001786924,0.199694241489899,1.999982699622162
0.031039771126711437,0.06451051182569577,10.00005850877901,250.00000016379124,0.1996942563910602,1.999982699622162
0.03103983003889558,0.06451051182569577,10.00005850877901,250.00000016379124,0.199694241489899,1.999982714523323
0.030543922943657584,0.0645105118672221,10.00005967186305,250.0000001699527,0.19969412057964242,1.9999820889721727
0.030702075835605996,0.0645105267683833,10.00005967186305,250.0000001699527,0.19969412057964242,1.9999820889721727
0.030543922473316124,0.0645105118672221,10.000059686764212,250.0000001699527,0.19969412057964242,1.9999820889721727
0.030543922927805122,0.0645105118672221,10.00005967186305,250.00000018485386,0.19969412057964242,1.9999820889721727
0.030543895633682667,0.0645105118672221,10.00005967186305,250.0000001699527,0.19969413548080361,1.9999820889721727
0.03054392441666328,0.0645105118672221,10.00005967186305,250.0000001699527,0.19969412057964242,1.9999821038733339
0.030840997800713567,0.06451051184645894,10.00005909032103,250.00000016687198,0.1996941810347707,1.9999823942971673
0.03060260261105672,0.06451052674762013,10.00005909032103,250.00000016687198,0.1996941810347707,1.9999823942971673
0.03084099701121597,0.06451051184645894,10.00005910522219,250.00000016687198,0.1996941810347707,1.9999823942971673
0.030840997756133595,0.06451051184645894,10.00005909032103,250.00000018177315,0.1996941810347707,1.9999823942971673
0.03084091502320773,0.06451051184645894,10.00005909032103,250.00000016687198,0.1996941959359319,1.9999823942971673
0.03084100192528026,0.06451051184645894,10.00005909032103,250.00000016687198,0.1996941810347707,1.9999824091983285
0.030583782915109763,0.06451051186721882,10.000059671770872,250.00000016995222,0.1996941205892249,1.9999820890205682
0.030695832837002637,0.06451052676838001,10.000059671770872,250.00000016995222,0.1996941205892249,1.9999820890205682
0.030583782358198513,0.06451051186721882,10.000059686672033,250.00000016995222,0.1996941205892249,1.9999820890205682
0.030583782891477736,0.06451051186721882,10.000059671770872,250.00000018485338,0.1996941205892249,1.9999820890205682
0.03058374059611343,0.06451051186721882,10.000059671770872,250.00000016995222,0.1996941354903861,1.9999820890205682
0.030583785104990494,0.06451051186721882,10.000059671770872,250.00000016995222,0.1996941205892249,1.9999821039217294
0.030543922943657598,0.0645105118672221,10.000059671863049,250.0000001699527,0.19969412057964242,1.9999820889721727
0.03070207583560597,0.0645105267683833,10.000059671863049,250.0000001699527,0.19969412057964242,1.9999820889721727
0.0305439224733164,0.0645105118672221,10.00005968676421,250.0000001699527,0.19969412057964242,1.9999820889721727
0.0305439229278054,0.0645105118672221,10.000059671863049,250.00000018485386,0.19969412057964242,1.9999820889721727
0.03054389563368268,0.0645105118672221,10.000059671863049,250.0000001699527,0.19969413548080361,1.9999820889721727
0.030543924416662885,0.0645105118672221,10.000059671863049,250.0000001699527,0.19969412057964242,1.9999821038733339
0.030543922943657584,0.0645105118672221,10.00005967186305,250.0000001699527,0.19969412057964242,1.9999820889721727
0.030702075835605996,0.0645105267683833,10.00005967186305,250.0000001699527,0.19969412057964242,1.9999820889721727
0.030543922473316124,0.0645105118672221,10.000059686764212,250.0000001699527,0.19969412057964242,1.9999820889721727
0.030543922927805122,0.0645105118672221,10.00005967186305,250.00000018485386,0.19969412057964242,1.9999820889721727
0.030543895633682667,0.0645105118672221,10.00005967186305,250.0000001699527,0.19969413548080361,1.9999820889721727
0.03054392441666328,0.0645105118672221,10.00005967186305,250.0000001699527,0.19969412057964242,1.9999821038733339
0.030543922943657598,0.0645105118672221,10.000059671863049,250.0000001699527,0.19969412057964242,1.9999820889721727
0.03070207583560597,0.0645105267683833,10.000059671863049,250.0000001699527,0.19969412057964242,1.9999820889721727
0.0305439224733164,0.0645105118672221,10.00005968676421,250.0000001699527,0.19969412057964242,1.9999820889721727
0.0305439229278054,0.0645105118672221,10.000059671863049,250.00000018485386,0.19969412057964242,1.9999820889721727
0.03054389563368268,0.0645105118672221,10.000059671863049,250.0000001699527,0.19969413548080361,1.9999820889721727
0.030543924416662885,0.0645105118672221,10.000059671863049,250.0000001699527,0.19969412057964242,1.9999821038733339
0.030543922943657584,0.0645105118672221,10.00005967186305,250.0000001699527,0.19969412057964242,1.9999820889721727
0.030702075835605996,0.0645105267683833,10.00005967186305,250.0000001699527,0.19969412057964242,1.9999820889721727
0.030543922473316124,0.0645105118672221,10.000059686764212,250.0000001699527,0.19969412057964242,1.9999820889721727
0.030543922927805122,0.0645105118672221,10.00005967186305,250.00000018485386,0.19969412057964242,1.9999820889721727
0.030543895633682667,0.0645105118672221,10.00005967186305,250.0000001699527,0.19969413548080361,1.9999820889721727
0.03054392441666328,0.0645105118672221,10.00005967186305,250.0000001699527,0.19969412057964242,1.9999821038733339
0.03134567098958491,0.06451054355048426,10.000947067577211,250.0000048709376,0.19960186994282955,1.9995161826712864
0.030600626361201685,0.06451051452644128,10.000134152188991,250.00000056451273,0.19968637785856716,1.99994298482439
0.03094121245062702,0.06451052942760248,10.000134152188991,250.00000056451273,0.19968637785856716,1.99994298482439
0.03060062577942344,0.06451051452644128,10.000134167090152,250.00000056451273,0.19968637785856716,1.99994298482439
0.030600626335330786,0.06451051452644128,10.000134152188991,250.0000005794139,0.19968637785856716,1.99994298482439
0.03060057972612662,0.06451051452644128,10.000134152188991,250.00000056451273,0.19968639275972835,1.99994298482439
0.030600628757629558,0.06451051452644128,10.000134152188991,250.00000056451273,0.19968637785856716,1.9999429997255511
0.030844653616216036,0.06451051344546384,10.000103875800683,250.00000040412337,0.1996895252888029,1.999958880731769
0.03075832841136946,0.06451051447808695,10.00013279786418,250.00000055733818,0.1996865186495629,1.9999436958808585
0.03065892820679946,0.06451051452624104,10.000134146580816,250.00000056448303,0.19968637844157408,1.9999429877688313
0.030600626361146126,0.06451051452644127,10.000134152188718,250.00000056451273,0.19968637785859558,1.9999429848245336
0.030941212450569744,0.06451052942760246,10.000134152188718,250.00000056451273,0.19968637785859558,1.9999429848245336
0.030600625779368507,0.06451051452644127,10.000134167089879,250.00000056451273,0.19968637785859558,1.9999429848245336
0.03060062633527546,0.06451051452644127,10.000134152188718,250.0000005794139,0.19968637785859558,1.9999429848245336
0.030600579726071414,0.06451051452644127,10.000134152188718,250.00000056451273,0.19968639275975678,1.9999429848245336
0.030600628757574296,0.06451051452644127,10.000134152188718,250.00000056451273,0.19968637785859558,1.9999429997256948
0.030768847484373807,0.06451051452635898,10.00013414988396,250.00000056450054,0.19968637809819034,1.9999429860345925
0.030600626361144467,0.06451051452644127,10.000134152188709,250.00000056451273,0.19968637785859658,1.9999429848245387
0.030941212450566753,0.06451052942760246,10.000134152188709,250.00000056451273,0.19968637785859658,1.9999429848245387
0.030600625779366494,0.06451051452644127,10.00013416708987,250.00000056451273,0.19968637785859658,1.9999429848245387
0.03060062633527404,0.06451051452644127,10.000134152188709,250.0000005794139,0.19968637785859658,1.9999429848245387
0.030600579726069384,0.06451051452644127,10.000134152188709,250.00000056451273,0.19968639275975777,1.9999429848245387
0.03060062875757195,0.06451051452644127,10.000134152188709,250.00000056451273,0.19968637785859658,1.9999429997256999
0.030771453009852096,0.06451051452640101,10.00013415106116,250.00000056450676,0.19968637797581282,1.9999429854165323
0.03060062636114383,0.06451051452644127,10.000134152188707,250.00000056451273,0.1996863778585968,1.9999429848245398
0.03094121245056675,0.06451052942760246,10.000134152188707,250.00000056451273,0.1996863778585968,1.9999429848245398
0.030600625779365835,0.06451051452644127,10.000134167089868,250.00000056451273,0.1996863778585968,1.9999429848245398
0.030600626335273138,0.06451051452644127,10.000134152188707,250.0000005794139,0.1996863778585968,1.9999429848245398
0.030600579726069006,0.06451051452644127,10.000134152188707,250.00000056451273,0.199686392759758,1.9999429848245398
0.030600628757571795,0.06451051452644127,10.000134152188707,250.00000056451273,0.1996863778585968,1.999942999725701
0.030728121668269846,0.06451051452642216,10.00013415165359,250.0000005645099,0.1996863779142256,1.9999429851054897
0.030600626361143787,0.06451051452644127,10.000134152188705,250.00000056451273,0.1996863778585969,1.99994298482454
0.030941212450566885,0.06451052942760246,10.000134152188705,250.00000056451273,0.1996863778585969,1.99994298482454
0.030600625779365537,0.06451051452644127,10.000134167089866,250.00000056451273,0.1996863778585969,1.99994298482454
0.03060062633527319,0.06451051452644127,10.000134152188705,250.0000005794139,0.1996863778585969,1.99994298482454
0.030600579726068847,0.06451051452644127,10.000134152188705,250.00000056451273,0.19968639275975808,1.99994298482454
0.030600628757571673,0.06451051452644127,10.000134152188705,250.00000056451273,0.1996863778585969,1.9999429997257012
659.2994060098961,0.45361668945402345,9.788509504857876,250.06499312890077,0.5476935715892834,1.9610351721346035
659.2933136250984,0.45361670435518464,9.788509504857876,250.06499312890077,0.5476935715892834,1.9610351721346035
659.2994059998027,0.45361668945402345,9.788509519759037,250.06499312890077,0.5476935715892834,1.9610351721346035
659.2994060046115,0.45361668945402345,9.788509504857876,250.06499314380193,0.5476935715892834,1.9610351721346035
659.2994039787731,0.45361668945402345,9.788509504857876,250.06499312890077,0.5476935864904446,1.9610351721346035
659.2994063304499,0.45361668945402345,9.788509504857876,250.06499312890077,0.5476935715892834,1.9610351870357647
737.8850734796591,1.4636166319249828,9.788511178139855,250.0649940049887,0.5480302926269067,1.960982030495438
741.0411001370024,1.463616646826144,9.788511178139855,250.0649940049887,0.5480302926269067,1.960982030495438
737.8850734793905,1.4636166319249828,9.788511193041016,250.0649940049887,0.5480302926269067,1.960982030495438
737.8850734784362,1.4636166319249828,9.788511178139855,250.06499401988987,0.5480302926269067,1.960982030495438
737.8850727233482,1.4636166319249828,9.788511178139855,250.0649940049887,0.5480303075280679,1.960982030495438
737.8850735500974,1.4636166319249828,9.788511178139855,250.0649940049887,0.5480302926269067,1.9609820453965991
634.1954438570372,1.0425726018983075,9.788510480589926,250.06499363976928,0.5478899219429948,1.9610041839322607
600.1312386908835,1.0425726167994687,9.788510480589926,250.06499363976928,0.5478899219429948,1.9610041839322607
634.1954437878319,1.0425726018983075,9.788510495491087,250.06499363976928,0.5478899219429948,1.9610041839322607
634.1954438526568,1.0425726018983075,9.788510480589926,250.06499365467045,0.5478899219429948,1.9610041839322607
634.1954406844885,1.0425726018983075,9.788510480589926,250.06499363976928,0.547889936844156,1.9610041839322607
634.1954443045776,1.0425726018983075,9.788510480589926,250.06499363976928,0.5478899219429948,1.961004198833422
645.5366973594197,1.1895648594762924,9.788510724114193,250.0649937672724,0.5479389272779587,1.9609964498629961
659.3174762727623,1.1895648743774536,9.788510724114193,250.0649937672724,0.5479389272779587,1.9609964498629961
645.5366973578975,1.1895648594762924,9.788510739015354,250.0649937672724,0.5479389272779587,1.9609964498629961
645.5366973530065,1.1895648594762924,9.788510724114193,250.06499378217356,0.5479389272779587,1.9609964498629961
645.5366935118628,1.1895648594762924,9.788510724114193,250.0649937672724,0.5479389421791199,1.9609964498629961
645.5366978574623,1.1895648594762924,9.788510724114193,250.0649937672724,0.5479389272779587,1.9609964647641573
736.8510316987589,1.1021628573627136,9.788510579313993,250.0649936914587,0.5479097885705148,1.96100104856193
733.1567541672242,1.1021628722638748,9.788510579313993,250.0649936914587,0.5479097885705148,1.96100104856193
736.8510316984851,1.1021628573627136,9.788510594215154,250.0649936914587,0.5479097885705148,1.96100104856193
736.8510316974754,1.1021628573627136,9.788510579313993,250.06499370635987,0.5479097885705148,1.96100104856193
736.8510311462572,1.1021628573627136,9.788510579313993,250.0649936914587,0.547909803471676,1.96100104856193
736.8510317492749,1.1021628573627136,9.788510579313993,250.0649936914587,0.5479097885705148,1.9610010634630912
657.1720139148687,1.0613894540654418,9.788510511764086,250.06499365609127,0.5478961952403685,1.9610031938744141
655.3315084003549,1.061389468966603,9.788510511764086,250.06499365609127,0.5478961952403685,1.9610031938744141
657.1720139136103,1.0613894540654418,9.788510526665247,250.06499365609127,0.5478961952403685,1.9610031938744141
657.172013909084,1.0613894540654418,9.788510511764086,250.06499367099244,0.5478961952403685,1.9610031938744141
657.172010265609,1.0613894540654418,9.788510511764086,250.06499365609127,0.5478962101415297,1.9610031938744141
657.1720142735329,1.0613894540654418,9.788510511764086,250.06499365609127,0.5478961952403685,1.9610032087755753
667.5012147957535,1.0486777784039523,9.788510490704464,250.064993645065,0.5478919573306037,1.9610038627054238
640.4791625766834,1.0486777933051135,9.788510490704464,250.064993645065,0.5478919573306037,1.9610038627054238
667.5012147796815,1.0486777784039523,9.788510505605625,250.064993645065,0.5478919573306037,1.9610038627054238
667.50121479112,1.0486777784039523,9.788510490704464,250.06499365996615,0.5478919573306037,1.9610038627054238
667.5012121980135,1.0486777784039523,9.788510490704464,250.064993645065,0.5478919722317649,1.9610038627054238
667.5012150742915,1.0486777784039523,9.788510490704464,250.064993645065,0.5478919573306037,1.961003877606585
580.5249422256486,1.0439761760529582,9.78851048291525,250.06499364098676,0.5478903898766311,1.9610041100825226
565.5552016093221,1.0439761909541194,9.78851048291525,250.06499364098676,0.5478903898766311,1.9610041100825226
580.5249422247452,1.0439761760529582,9.78851049781641,250.06499364098676,0.5478903898766311,1.9610041100825226
580.5249422157751,1.0439761760529582,9.78851048291525,250.06499365588792,0.5478903898766311,1.9610041100825226
580.524936707367,1.0439761760529582,9.78851048291525,250.06499364098676,0.5478904047777923,1.9610041100825226
580.5249428580684,1.0439761760529582,9.78851048291525,250.06499364098676,0.5478903898766311,1.9610041249836838
660.6538743101432,1.0450765546982757,9.788510484738262,250.06499364194124,0.54789075672877,1.9610040521855638
645.9308646898897,1.0450765695994368,9.788510484738262,250.06499364194124,0.54789075672877,1.9610040521855638
660.653874303725,1.0450765546982757,9.788510499639424,250.06499364194124,0.54789075672877,1.9610040521855638
660.6538743047531,1.0450765546982757,9.788510484738262,250.0649936568424,0.54789075672877,1.9610040521855638
660.6538712023483,1.0450765546982757,9.788510484738262,250.06499364194124,0.5478907716299312,1.9610040521855638
660.653874706839,1.0450765546982757,9.788510484738262,250.06499364194124,0.54789075672877,1.961004067086725
540.7046754006491,1.044210210369077,9.788510483302977,250.06499364118977,0.5478904679006729,1.961004097768693
513.8806239921029,1.044210225270238,9.788510483302977,250.06499364118977,0.5478904679006729,1.961004097768693
540.7046753996284,1.044210210369077,9.788510498204138,250.06499364118977,0.5478904679006729,1.961004097768693
540.7046753887954,1.044210210369077,9.788510483302977,250.06499365609093,0.5478904679006729,1.961004097768693
540.7046692549326,1.044210210369077,9.788510483302977,250.06499364118977,0.5478904828018341,1.961004097768693
540.704676196206,1.044210210369077,9.788510483302977,250.06499364118977,0.5478904679006729,1.9610041126698543
490.9487173105181,1.0444318065302602,9.788510483670098,250.064993641382,0.5478905417779932,1.961004086109303
563.1342643824399,1.0444318214314214,9.788510483670098,250.064993641382,0.5478905417779932,1.961004086109303
490.94871731017025,1.0444318065302602,9.78851049857126,250.064993641382,0.5478905417779932,1.961004086109303
490.9487172963047,1.0444318065302602,9.788510483670098,250.06499365628315,0.5478905417779932,1.961004086109303
490.948707905828,1.0444318065302602,9.788510483670098,250.064993641382,0.5478905566791544,1.961004086109303
490.9487184341161,1.0444318065302602,9.788510483670098,250.064993641382,0.5478905417779932,1.9610041010104642
549.2026144580163,1.044270246031389,9.788510483402439,250.06499364124184,0.5478904879157933,1.9610040946098874
678.1502077976712,1.0442702609325503,9.788510483402439,250.06499364124184,0.5478904879157933,1.9610040946098874
549.2026144252708,1.044270246031389,9.7885104983036,250.06499364124184,0.5478904879157933,1.9610040946098874
549.2026144478208,1.044270246031389,9.788510483402439,250.064993656143,0.5478904879157933,1.9610040946098874
549.2026093941747,1.044270246031389,9.788510483402439,250.06499364124184,0.5478905028169545,1.9610040946098874
549.2026153449266,1.044270246031389,9.788510483402439,250.06499364124184,0.5478904879157933,1.9610041095110486
535.1946243790987,1.0444058808189527,9.788510483627148,250.0649936413595,0.5478905331346934,1.961004087473397
555.581193291583,1.0444058957201139,9.788510483627148,250.0649936413595,0.5478905331346934,1.961004087473397
535.1946243787023,1.0444058808189527,9.788510498528309,250.0649936413595,0.5478905331346934,1.961004087473397
535.1946243669535,1.0444058808189527,9.788510483627148,250.06499365626067,0.5478905331346934,1.961004087473397
535.1946166780963,1.0444058808189527,9.788510483627148,250.0649936413595,0.5478905480358546,1.961004087473397
535.1946252952399,1.0444058808189527,9.788510483627148,250.0649936413595,0.5478905331346934,1.9610041023745581
501.95113623269145,1.0444242956662984,9.788510483657655,250.06499364137548,0.5478905392739675,1.9610040865044909
527.783125489984,1.0444243105674595,9.788510483657655,250.06499364137548,0.5478905392739675,1.9610040865044909
501.9511362318119,1.0444242956662984,9.788510498558816,250.06499364137548,0.5478905392739675,1.9610040865044909
501.9511362189995,1.0444242956662984,9.788510483657655,250.06499365627664,0.5478905392739675,1.9610040865044909
501.95112713090697,1.0444242956662984,9.788510483657655,250.06499364137548,0.5478905541751287,1.9610040865044909
501.9511372986659,1.0444242956662984,9.788510483657655,250.06499364137548,0.5478905392739675,1.961004101405652
571.0784476190627,1.0444297077934304,9.788510483666622,250.06499364138017,0.5478905410783014,1.961004086219729
517.7242846352548,1.0444297226945916,9.788510483666622,250.06499364138017,0.5478905410783014,1.961004086219729
571.0784475570991,1.0444297077934304,9.788510498567783,250.06499364138017,0.5478905410783014,1.961004086219729
571.0784476110994,1.0444297077934304,9.788510483666622,250.06499365628133,0.5478905410783014,1.961004086219729
571.0784423306391,1.0444297077934304,9.788510483666622,250.06499364138017,0.5478905559794626,1.961004086219729
571.0784482037518,1.0444297077934304,9.788510483666622,250.06499364138017,0.5478905410783014,1.9610041011208903
571.6077694013393,1.0444308482465725,9.78851048366851,250.06499364138116,0.5478905414585138,1.9610040861597235
571.7843702667153,1.0444308631477337,9.78851048366851,250.06499364138116,0.5478905414585138,1.9610040861597235
571.6077693953808,1.0444308482465725,9.788510498569671,250.06499364138116,0.5478905414585138,1.9610040861597235
571.6077693912104,1.0444308482465725,9.78851048366851,250.06499365628233,0.5478905414585138,1.9610040861597235
571.6077630257761,1.0444308482465725,9.78851048366851,250.06499364138116,0.547890556359675,1.9610040861597235
571.6077700992385,1.0444308482465725,9.78851048366851,250.06499364138116,0.5478905414585138,1.9610041010608847
494.5847934376188,1.0444314982005252,9.788510483669588,250.0649936413817,0.5478905416752001,1.961004086125526
574.159826397858,1.0444315131016864,9.788510483669588,250.0649936413817,0.5478905416752001,1.961004086125526
494.58479343700157,1.0444314982005252,9.78851049857075,250.0649936413817,0.5478905416752001,1.961004086125526
494.58479342358055,1.0444314982005252,9.788510483669588,250.06499365628287,0.5478905416752001,1.961004086125526
494.5847841231066,1.0444314982005252,9.788510483669588,250.0649936413817,0.5478905565763613,1.961004086125526
494.58479450999505,1.0444314982005252,9.788510483669588,250.0649936413817,0.5478905416752001,1.9610041010266872
503.17491922185224,1.044431744109258,9.788510483669995,250.06499364138193,0.5478905417571829,1.9610040861125873
471.7049296274042,1.0444317590104193,9.788510483669995,250.06499364138193,0.5478905417571829,1.9610040861125873
503.17491921995077,1.044431744109258,9.788510498571156,250.06499364138193,0.5478905417571829,1.9610040861125873
503.1749192082566,1.044431744109258,9.788510483669995,250.0649936562831,0.5478905417571829,1.9610040861125873
503.1749103398272,1.044431744109258,9.788510483669995,250.06499364138193,0.5478905566583441,1.9610040861125873
503.17492026241547,1.044431744109258,9.788510483669995,250.06499364138193,0.5478905417571829,1.9610041010137484
531.9812639995407,1.0444317828589795,9.78851048367006,250.06499364138196,0.5478905417701015,1.9610040861105484
516.4453601508338,1.0444317977601407,9.78851048367006,250.06499364138196,0.5478905417701015,1.9610040861105484
531.9812639991399,1.0444317828589795,9.78851049857122,250.06499364138196,0.5478905417701015,1.9610040861105484
531.9812639872408,1.0444317828589795,9.78851048367006,250.06499365628312,0.5478905417701015,1.9610040861105484
531.9812559791682,1.0444317828589795,9.78851048367006,250.06499364138196,0.5478905566712627,1.9610040861105484
531.9812649233595,1.0444317828589795,9.78851048367006,250.06499364138196,0.5478905417701015,1.9610041010117096
552.7415563851213,1.0444318015714384,9.788510483670091,250.064993641382,0.5478905417763401,1.961004086109564
629.4456686330105,1.0444318164725996,9.788510483670091,250.064993641382,0.5478905417763401,1.961004086109564
552.7415563790246,1.0444318015714384,9.788510498571252,250.064993641382,0.5478905417763401,1.961004086109564
552.7415563740557,1.0444318015714384,9.788510483670091,250.06499365628315,0.5478905417763401,1.961004086109564
552.7415487485961,1.0444318015714384,9.788510483670091,250.064993641382,0.5478905566775013,1.961004086109564
552.7415573720453,1.0444318015714384,9.788510483670091,250.064993641382,0.5478905417763401,1.961004101010725
0.03182246354309461,0.0645,10.0,250.0,0.2,2.0
0.03123061530059391,0.0645000149011612,10.0,250.0,0.2,2.0
0.03182246405904588,0.0645,10.000000014901161,250.0,0.2,2.0
0.03182246361620788,0.0645,10.0,250.00000001490116,0.2,2.0
0.031822607731769904,0.0645,10.0,250.0,0.2000000149011612,2.0
0.03182245681481909,0.0645,10.0,250.0,0.2,2.000000014901161
736.8220504802415,1.074499969961156,9.999999119519622,249.99999987523086,0.19975393935935754,2.0000114819265904
736.1795998984322,1.0744999848623171,9.999999119519622,249.99999987523086,0.19975393935935754,2.0000114819265904
736.822050479636,1.074499969961156,9.999999134420783,249.99999987523086,0.19975393935935754,2.0000114819265904
736.8220504789734,1.074499969961156,9.999999119519622,249.99999989013202,0.19975393935935754,2.0000114819265904
0.03182246354309461,0.0645,10.0,250.0,0.2,2.0
0.03123061530059391,0.0645000149011612,10.0,250.0,0.2,2.0
0.03182246405904588,0.0645,10.000000014901161,250.0,0.2,2.0
0.03182246361620788,0.0645,10.0,250.00000001490116,0.2,2.0
0.031822607731769904,0.0645,10.0,250.0,0.2000000149011612,2.0
0.03182245681481909,0.0645,10.0,250.0,0.2,2.000000014901161
736.8220504802415,1.074499969961156,9.999999119519622,249.99999987523086,0.19975393935935754,2.0000114819265904
736.1795998984322,1.0744999848623171,9.999999119519622,249.99999987523086,0.19975393935935754,2.0000114819265904
736.822050479636,1.074499969961156,9.999999134420783,249.99999987523086,0.19975393935935754,2.0000114819265904
736.8220504789734,1.074499969961156,9.999999119519622,249.99999989013202,0.19975393935935754,2.0000114819265904
736.8220479710318,1.074499969961156,9.999999119519622,249.99999987523086,0.19975395426051873,2.0000114819265904
736.8220505401414,1.074499969961156,9.999999119519622,249.99999987523086,0.19975393935935754,2.0000114968277516
0.14835142237959736,0.0649646651615561,9.999999999594921,249.9999999999426,0.19999988679622702,2.000000005282427
0.14273333033496152,0.0649646800627173,9.999999999594921,249.9999999999426,0.19999988679622702,2.000000005282427
0.1483514143480836,0.0649646651615561,10.000000014496083,249.9999999999426,0.19999988679622702,2.000000005282427
0.14835142168015744,0.0649646651615561,9.999999999594921,250.00000001484375,0.19999988679622702,2.000000005282427
0.1483500795878997,0.0649646651615561,9.999999999594921,249.9999999999426,0.1999999016973882,2.000000005282427
0.14835148677077614,0.0649646651615561,9.999999999594921,249.9999999999426,0.19999988679622702,2.000000020183588
0.030511209769830874,0.06452155106887203,9.999999999981213,249.99999999999733,0.1999999947496337,2.000000000244998
0.031047481702347446,0.06452156597003322,9.999999999981213,249.99999999999733,0.1999999947496337,2.000000000244998
0.030511209678027597,0.06452155106887203,10.000000014882374,249.99999999999733,0.1999999947496337,2.000000000244998
0.030511209788088835,0.06452155106887203,9.999999999981213,250.0000000148985,0.1999999947496337,2.000000000244998
0.030511248247196095,0.06452155106887203,9.999999999981213,249.99999999999733,0.2000000096507949,2.000000000244998
0.030511208096095782,0.06452155106887203,9.999999999981213,249.99999999999733,0.1999999947496337,2.000000015146159
0.030908360911032908,0.06451053646778275,9.999999999990814,249.9999999999987,0.19999999743305932,2.000000000119781
0.031021528793271004,0.06451055136894394,9.999999999990814,249.9999999999987,0.19999999743305932,2.000000000119781
0.030908361066727053,0.06451053646778275,10.000000014891976,249.9999999999987,0.19999999743305932,2.000000000119781
0.030908360951638493,0.06451053646778275,9.999999999990814,250.00000001489985,0.19999999743305932,2.000000000119781
0.030908442470480944,0.06451053646778275,9.999999999990814,249.9999999999987,0.20000001233422052,2.000000000119781
0.03090835717643349,0.06451053646778275,9.999999999990814,249.9999999999987,0.19999999743305932,2.0000000150209423
0.03080113908968903,0.06451050971178753,9.999999301709119,249.9999998501414,0.1997003964552814,2.0000137849051742
0.03059836203551144,0.06451052461294872,9.999999301709119,249.9999998501414,0.1997003964552814,2.0000137849051742
0.030801138441645334,0.06451050971178753,9.99999931661028,249.9999998501414,0.1997003964552814,2.0000137849051742
0.030801139057961887,0.06451050971178753,9.999999301709119,249.99999986504255,0.1997003964552814,2.0000137849051742
0.03080108112381662,0.06451050971178753,9.999999301709119,249.9999998501414,0.1997004113564426,2.0000137849051742
0.030801142028833585,0.06451050971178753,9.999999301709119,249.9999998501414,0.1997003964552814,2.0000137998063354
0.03134567098958491,0.06451054355048426,10.000947067577211,250.0000048709376,0.19960186994282955,1.9995161826712864
0.0312151612049352,0.06451055845164545,10.000947067577211,250.0000048709376,0.19960186994282955,1.9995161826712864
0.03134566994627132,0.06451054355048426,10.000947082478373,250.0000048709376,0.19960186994282955,1.9995161826712864
0.03134567092223963,0.06451054355048426,10.000947067577211,250.00000488583876,0.19960186994282955,1.9995161826712864
0.03134554423466465,0.06451054355048426,10.000947067577211,250.0000048709376,0.19960188484399075,1.9995161826712864
0.03134567721521826,0.06451054355048426,10.000947067577211,250.0000048709376,0.19960186994282955,1.9995161975724476
0.030749786438815936,0.06451051186724056,10.000059672379956,250.00000016995543,0.1996941205259066,1.999982088700783
0.030876613496719496,0.06451052676840176,10.000059672379956,250.00000016995543,0.1996941205259066,1.999982088700783
0.03074978566984702,0.06451051186724056,10.000059687281118,250.00000016995543,0.1996941205259066,1.999982088700783
0.030749786396113598,0.06451051186724056,10.000059672379956,250.0000001848566,0.1996941205259066,1.999982088700783
0.03074970729956934,0.06451051186724056,10.000059672379956,250.00000016995543,0.1996941354270678,1.999982088700783
0.030749790388702302,0.06451051186724056,10.000059672379956,250.00000016995543,0.1996941205259066,1.9999821036019443
0.03093314302905541,0.0645105102629358,10.000014738459939,249.9999999319177,0.19969879170322913,2.0000056802013115
0.030619434099378923,0.064510525164097,10.000014738459939,249.9999999319177,0.19969879170322913,2.0000056802013115
0.0309331422714474,0.0645105102629358,10.0000147533611,249.9999999319177,0.19969879170322913,2.0000056802013115
0.030933142987491,0.0645105102629358,10.000014738459939,249.99999994681886,0.19969879170322913,2.0000056802013115
0.030933066062411956,0.0645105102629358,10.000014738459939,249.9999999319177,0.19969880660439032,2.0000056802013115
0.030933146876439777,0.0645105102629358,10.000014738459939,249.9999999319177,0.19969879170322913,2.0000056951024727
0.031039827188976677,0.06451051182569577,10.00005850877901,250.00000016379124,0.199694241489899,1.999982699622162
0.0309068538782553,0.06451052672685696,10.00005850877901,250.00000016379124,0.199694241489899,1.999982699622162
0.031039826549430924,0.06451051182569577,10.00005852368017,250.00000016379124,0.199694241489899,1.999982699622162
0.03103982715824842,0.06451051182569577,10.00005850877901,250.0000001786924,0.199694241489899,1.999982699622162
0.031039771126711437,0.06451051182569577,10.00005850877901,250.00000016379124,0.1996942563910602,1.999982699622162
0.03103983003889558,0.06451051182569577,10.00005850877901,250.00000016379124,0.199694241489899,1.999982714523323
0.030543922943657584,0.0645105118672221,10.00005967186305,250.0000001699527,0.19969412057964242,1.9999820889721727
0.030702075835605996,0.0645105267683833,10.00005967186305,250.0000001699527,0.19969412057964242,1.9999820889721727
0.030543922473316124,0.0645105118672221,10.000059686764212,250.0000001699527,0.19969412057964242,1.9999820889721727
0.030543922927805122,0.0645105118672221,10.00005967186305,250.00000018485386,0.19969412057964242,1.9999820889721727
0.030543895633682667,0.0645105118672221,10.00005967186305,250.0000001699527,0.19969413548080361,1.9999820889721727
0.03054392441666328,0.0645105118672221,10.00005967186305,250.0000001699527,0.19969412057964242,1.9999821038733339
0.030840997800713567,0.06451051184645894,10.00005909032103,250.00000016687198,0.1996941810347707,1.9999823942971673
0.03060260261105672,0.06451052674762013,10.00005909032103,250.00000016687198,0.1996941810347707,1.9999823942971673
0.03084099701121597,0.06451051184645894,10.00005910522219,250.00000016687198,0.1996941810347707,1.9999823942971673
0.030840997756133595,0.06451051184645894,10.00005909032103,250.00000018177315,0.1996941810347707,1.9999823942971673
0.03084091502320773,0.06451051184645894,10.00005909032103,250.00000016687198,0.1996941959359319,1.9999823942971673
0.03084100192528026,0.06451051184645894,10.00005909032103,250.00000016687198,0.1996941810347707,1.9999824091983285
0.030583782915109763,0.06451051186721882,10.000059671770872,250.00000016995222,0.1996941205892249,1.9999820890205682
0.030695832837002637,0.06451052676838001,10.000059671770872,250.00000016995222,0.1996941205892249,1.9999820890205682
0.030583782358198513,0.06451051186721882,10.000059686672033,250.00000016995222,0.1996941205892249,1.9999820890205682
0.030583782891477736,0.06451051186721882,10.000059671770872,250.00000018485338,0.1996941205892249,1.9999820890205682
0.03058374059611343,0.06451051186721882,10.000059671770872,250.00000016995222,0.1996941354903861,1.9999820890205682
0.030583785104990494,0.06451051186721882,10.000059671770872,250.00000016995222,0.1996941205892249,1.9999821039217294
0.030543922943657598,0.0645105118672221,10.000059671863049,250.0000001699527,0.19969412057964242,1.9999820889721727
0.03070207583560597,0.0645105267683833,10.000059671863049,250.0000001699527,0.19969412057964242,1.9999820889721727
0.0305439224733164,0.0645105118672221,10.00005968676421,250.0000001699527,0.19969412057964242,1.9999820889721727
0.0305439229278054,0.0645105118672221,10.000059671863049,250.00000018485386,0.19969412057964242,1.9999820889721727
0.03054389563368268,0.0645105118672221,10.000059671863049,250.0000001699527,0.19969413548080361,1.9999820889721727
0.030543924416662885,0.0645105118672221,10.000059671863049,250.0000001699527,0.19969412057964242,1.9999821038733339
0.030543922943657584,0.0645105118672221,10.00005967186305,250.0000001699527,0.19969412057964242,1.9999820889721727
0.030702075835605996,0.0645105267683833,10.00005967186305,250.0000001699527,0.19969412057964242,1.9999820889721727
0.030543922473316124,0.0645105118672221,10.000059686764212,250.0000001699527,0.19969412057964242,1.9999820889721727
0.030543922927805122,0.0645105118672221,10.00005967186305,250.00000018485386,0.19969412057964242,1.9999820889721727
0.030543895633682667,0.0645105118672221,10.00005967186305,250.0000001699527,0.19969413548080361,1.9999820889721727
0.03054392441666328,0.0645105118672221,10.00005967186305,250.0000001699527,0.19969412057964242,1.9999821038733339
0.030543922943657598,0.0645105118672221,10.000059671863049,250.0000001699527,0.19969412057964242,1.9999820889721727
0.03070207583560597,0.0645105267683833,10.000059671863049,250.0000001699527,0.19969412057964242,1.9999820889721727
0.0305439224733164,0.0645105118672221,10.00005968676421,250.0000001699527,0.19969412057964242,1.9999820889721727
0.0305439229278054,0.0645105118672221,10.000059671863049,250.00000018485386,0.19969412057964242,1.9999820889721727
0.03054389563368268,0.0645105118672221,10.000059671863049,250.0000001699527,0.19969413548080361,1.9999820889721727
0.030543924416662885,0.0645105118672221,10.000059671863049,250.0000001699527,0.19969412057964242,1.9999821038733339
0.030543922943657584,0.0645105118672221,10.00005967186305,250.0000001699527,0.19969412057964242,1.9999820889721727
0.030702075835605996,0.0645105267683833,10.00005967186305,250.0000001699527,0.19969412057964242,1.9999820889721727
0.030543922473316124,0.0645105118672221,10.000059686764212,250.0000001699527,0.19969412057964242,1.9999820889721727
0.030543922927805122,0.0645105118672221,10.00005967186305,250.00000018485386,0.19969412057964242,1.9999820889721727
0.030543895633682667,0.0645105118672221,10.00005967186305,250.0000001699527,0.19969413548080361,1.9999820889721727
0.03054392441666328,0.0645105118672221,10.00005967186305,250.0000001699527,0.19969412057964242,1.9999821038733339
0.03134567098958491,0.06451054355048426,10.000947067577211,250.0000048709376,0.19960186994282955,1.9995161826712864
0.030600626361201685,0.06451051452644128,10.000134152188991,250.00000056451273,0.19968637785856716,1.99994298482439
0.03094121245062702,0.06451052942760248,10.000134152188991,250.00000056451273,0.19968637785856716,1.99994298482439
0.03060062577942344,0.06451051452644128,10.000134167090152,250.00000056451273,0.19968637785856716,1.99994298482439
0.030600626335330786,0.06451051452644128,10.000134152188991,250.0000005794139,0.19968637785856716,1.99994298482439
0.03060057972612662,0.06451051452644128,10.000134152188991,250.00000056451273,0.19968639275972835,1.99994298482439
0.030600628757629558,0.06451051452644128,10.000134152188991,250.00000056451273,0.19968637785856716,1.9999429997255511
0.030844653616216036,0.06451051344546384,10.000103875800683,250.00000040412337,0.1996895252888029,1.999958880731769
0.03075832841136946,0.06451051447808695,10.00013279786418,250.00000055733818,0.1996865186495629,1.9999436958808585
0.03065892820679946,0.06451051452624104,10.000134146580816,250.00000056448303,0.19968637844157408,1.9999429877688313
0.030600626361146126,0.06451051452644127,10.000134152188718,250.00000056451273,0.19968637785859558,1.9999429848245336
0.030941212450569744,0.06451052942760246,10.000134152188718,250.00000056451273,0.19968637785859558,1.9999429848245336
0.030600625779368507,0.06451051452644127,10.000134167089879,250.00000056451273,0.19968637785859558,1.9999429848245336
0.03060062633527546,0.06451051452644127,10.000134152188718,250.0000005794139,0.19968637785859558,1.9999429848245336
0.030600579726071414,0.06451051452644127,10.000134152188718,250.00000056451273,0.19968639275975678,1.9999429848245336
0.030600628757574296,0.06451051452644127,10.000134152188718,250.00000056451273,0.19968637785859558,1.9999429997256948
0.030768847484373807,0.06451051452635898,10.00013414988396,250.00000056450054,0.19968637809819034,1.9999429860345925
0.030600626361144467,0.06451051452644127,10.000134152188709,250.00000056451273,0.19968637785859658,1.9999429848245387
0.030941212450566753,0.06451052942760246,10.000134152188709,250.00000056451273,0.19968637785859658,1.9999429848245387
0.030600625779366494,0.06451051452644127,10.00013416708987,250.00000056451273,0.19968637785859658,1.9999429848245387
0.03060062633527404,0.06451051452644127,10.000134152188709,250.0000005794139,0.19968637785859658,1.9999429848245387
0.030600579726069384,0.06451051452644127,10.000134152188709,250.00000056451273,0.19968639275975777,1.9999429848245387
0.03060062875757195,0.06451051452644127,10.000134152188709,250.00000056451273,0.19968637785859658,1.9999429997256999
0.030771453009852096,0.06451051452640101,10.00013415106116,250.00000056450676,0.19968637797581282,1.9999429854165323
0.03060062636114383,0.06451051452644127,10.000134152188707,250.00000056451273,0.1996863778585968,1.9999429848245398
0.03094121245056675,0.06451052942760246,10.000134152188707,250.00000056451273,0.1996863778585968,1.9999429848245398
0.030600625779365835,0.06451051452644127,10.000134167089868,250.00000056451273,0.1996863778585968,1.9999429848245398
0.030600626335273138,0.06451051452644127,10.000134152188707,250.0000005794139,0.1996863778585968,1.9999429848245398
0.030600579726069006,0.06451051452644127,10.000134152188707,250.00000056451273,0.199686392759758,1.9999429848245398
0.030600628757571795,0.06451051452644127,10.000134152188707,250.00000056451273,0.1996863778585968,1.999942999725701
0.030728121668269846,0.06451051452642216,10.00013415165359,250.0000005645099,0.1996863779142256,1.9999429851054897
0.030600626361143787,0.06451051452644127,10.000134152188705,250.00000056451273,0.1996863778585969,1.99994298482454
0.030941212450566885,0.06451052942760246,10.000134152188705,250.00000056451273,0.1996863778585969,1.99994298482454
0.030600625779365537,0.06451051452644127,10.000134167089866,250.00000056451273,0.1996863778585969,1.99994298482454
0.03060062633527319,0.06451051452644127,10.000134152188705,250.0000005794139,0.1996863778585969,1.99994298482454
0.030600579726068847,0.06451051452644127,10.000134152188705,250.00000056451273,0.19968639275975808,1.99994298482454
0.030600628757571673,0.06451051452644127,10.000134152188705,250.00000056451273,0.1996863778585969,1.9999429997257012
34.05052482898169,0.06118996134725152,10.042748449599458,254.38497164975846,0.2162659535434515,2.0037341255112726
34.07221063066549,0.061189976248412714,10.042748449599458,254.38497164975846,0.2162659535434515,2.0037341255112726
34.05052498041486,0.06118996134725152,10.042748464500619,254.38497164975846,0.2162659535434515,2.0037341255112726
34.050524843748335,0.06118996134725152,10.042748449599458,254.38497166465962,0.2162659535434515,2.0037341255112726
34.050553015508285,0.06118996134725152,10.042748449599458,254.38497164975846,0.21626596844461268,2.0037341255112726
34.05052339935835,0.06118996134725152,10.042748449599458,254.38497164975846,0.2162659535434515,2.003734140412434
726.0076037445072,0.9488091832878827,10.042741396718757,254.38497096201377,0.21495318825291143,2.0038007090933596
724.4703953213638,0.9488091683867215,10.042741396718757,254.38497096201377,0.21495318825291143,2.0038007090933596
726.0076037426418,0.9488091832878827,10.042741411619918,254.38497096201377,0.21495318825291143,2.0038007090933596
726.0076037426909,0.9488091832878827,10.042741396718757,254.38497097691493,0.21495318825291143,2.0038007090933596
726.0075996186996,0.9488091832878827,10.042741396718757,254.38497096201377,0.21495320315407263,2.0038007090933596
726.007603874215,0.9488091832878827,10.042741396718757,254.38497096201377,0.21495318825291143,2.003800723994521
707.069599053268,0.5266636155842006,10.042744344584944,254.38497124946784,0.2155018798550582,2.003772879402405
707.064197331675,0.5266636006830394,10.042744344584944,254.38497124946784,0.2155018798550582,2.003772879402405
707.0695990439143,0.5266636155842006,10.042744359486106,254.38497124946784,0.2155018798550582,2.003772879402405
707.0695990507479,0.5266636155842006,10.042744344584944,254.384971264369,0.2155018798550582,2.003772879402405
707.0695940038631,0.5266636155842006,10.042744344584944,254.38497124946784,0.2155018947562194,2.003772879402405
707.0695992049498,0.5266636155842006,10.042744344584944,254.38497124946784,0.2155018798550582,2.003772894303566
500.979614237357,0.16006739334017744,10.042746904546934,254.38497149909637,0.21597837015582863,2.003748711768416
500.9809714170074,0.16006737843901625,10.042746904546934,254.38497149909637,0.21597837015582863,2.003748711768416
500.97961416323653,0.16006739334017744,10.042746919448096,254.38497149909637,0.21597837015582863,2.003748711768416
500.97961422742026,0.16006739334017744,10.042746904546934,254.38497151399753,0.21597837015582863,2.003748711768416
500.9795984363742,0.16006739334017744,10.042746904546934,254.38497149909637,0.21597838505698982,2.003748711768416
500.97961493409707,0.16006739334017744,10.042746904546934,254.38497149909637,0.21597837015582863,2.0037487266695773
1398684.0702949697,0.01008857503654545,10.042747951857438,254.38497160122233,0.2161733079317971,2.0037388245056267
1399112.7865718673,0.010088560135384256,10.042747951857438,254.38497160122233,0.2161733079317971,2.0037388245056267
1398684.0714672124,0.01008857503654545,10.042747966758599,254.38497160122233,0.2161733079317971,2.0037388245056267
1398684.0703993782,0.01008857503654545,10.042747951857438,254.3849716161235,0.2161733079317971,2.0037388245056267
1398684.3164975303,0.01008857503654545,10.042747951857438,254.38497160122233,0.2161733228329583,2.0037388245056267
1398684.055994793,0.01008857503654545,10.042747951857438,254.38497160122233,0.2161733079317971,2.003738839406788
34.221967305081755,0.06118816239518232,10.042748449586895,254.38497164975723,0.21626595120522987,2.0037341256298675
34.04556416660301,0.061188177296343516,10.042748449586895,254.38497164975723,0.21626595120522987,2.0037341256298675
34.221967456897396,0.06118816239518232,10.042748464488056,254.38497164975723,0.21626595120522987,2.0037341256298675
34.221967319895455,0.06118816239518232,10.042748449586895,254.3849716646584,0.21626595120522987,2.0037341256298675
34.22199556246584,0.06118816239518232,10.042748449586895,254.38497164975723,0.21626596610639107,2.0037341256298675
34.22196587262076,0.06118816239518232,10.042748449586895,254.38497164975723,0.21626595120522987,2.0037341405310287
34.18954151536566,0.06118896389971799,10.042748449592493,254.38497164975777,0.2162659522470004,2.003734125577029
34.14498691945217,0.06118897880087918,10.042748449592493,254.38497164975777,0.2162659522470004,2.003734125577029
34.18954166709932,0.06118896389971799,10.042748464493654,254.38497164975777,0.2162659522470004,2.003734125577029
34.189541530171866,0.06118896389971799,10.042748449592493,254.38497166465893,0.2162659522470004,2.003734125577029
34.189569759531416,0.06118896389971799,10.042748449592493,254.38497164975777,0.2162659671481616,2.003734125577029
34.18954008346841,0.06118896389971799,10.042748449592493,254.38497164975777,0.2162659522470004,2.00373414047819
34.11836527768268,0.061189465439185894,10.042748449595996,254.3849716497581,0.2162659528988857,2.003734125543965
34.05011423380745,0.06118948034034709,10.042748449595996,254.3849716497581,0.2162659528988857,2.003734125543965
34.11836542927721,0.061189465439185894,10.042748464497157,254.3849716497581,0.2162659528988857,2.003734125543965
34.11836529246647,0.061189465439185894,10.042748449595996,254.38497166465928,0.2162659528988857,2.003734125543965
34.11839348964525,0.061189465439185894,10.042748449595996,254.3849716497581,0.2162659678000469,2.003734125543965
34.11836384735236,0.061189465439185894,10.042748449595996,254.3849716497581,0.2162659528988857,2.0037341404451263
34.105458539128506,0.06118970292972681,10.042748449597653,254.38497164975828,0.21626595320756847,2.0037341255283088
34.004045510713624,0.061189717830888,10.042748449597653,254.38497164975828,0.21626595320756847,2.0037341255283088
34.10545869068948,0.06118970292972681,10.042748464498814,254.38497164975828,0.21626595320756847,2.0037341255283088
34.105458553910374,0.06118970292972681,10.042748449597653,254.38497166465945,0.21626595320756847,2.0037341255283088
34.10548674890621,0.06118970292972681,10.042748449597653,254.38497164975828,0.21626596810872967,2.0037341255283088
34.10545710870168,0.06118970292972681,10.042748449597653,254.38497164975828,0.21626595320756847,2.00373414042947
34.108783790406434,0.06118982693738193,10.04274844959852,254.38497164975837,0.21626595336874974,2.0037341255201335
34.06310672752888,0.061189841838543126,10.04274844959852,254.38497164975837,0.21626595336874974,2.0037341255201335
34.108783941980505,0.06118982693738193,10.042748464499681,254.38497164975837,0.21626595336874974,2.0037341255201335
34.108783805187514,0.06118982693738193,10.04274844959852,254.38497166465953,0.21626595336874974,2.0037341255201335
34.108811997930225,0.06118982693738193,10.04274844959852,254.38497164975837,0.21626596826991093,2.0037341255201335
34.108782360214896,0.06118982693738193,10.04274844959852,254.38497164975837,0.21626595336874974,2.0037341404212947
34.033364485060645,0.06118990564059654,10.042748449599069,254.38497164975843,0.2162659534710457,2.0037341255149452
34.11987118638521,0.06118992054175773,10.042748449599069,254.38497164975843,0.2162659534710457,2.0037341255149452
34.03336463647675,0.06118990564059654,10.04274846450023,254.38497164975843,0.2162659534710457,2.0037341255149452
34.03336449982101,0.06118990564059654,10.042748449599069,254.3849716646596,0.2162659534710457,2.0037341255149452
34.03339266491444,0.06118990564059654,10.042748449599069,254.38497164975843,0.2162659683722069,2.0037341255149452
34.03336305581499,0.06118990564059654,10.042748449599069,254.38497164975843,0.2162659534710457,2.0037341404161064
34.03425308550911,0.061189880867165716,10.042748449598896,254.3849716497584,0.216265953438846,2.003734125516578
34.06422365824597,0.06118989576832691,10.042748449598896,254.3849716497584,0.216265953438846,2.003734125516578
34.03425323694362,0.061189880867165716,10.042748464500058,254.3849716497584,0.216265953438846,2.003734125516578
34.03425310026843,0.061189880867165716,10.042748449598896,254.38497166465956,0.216265953438846,2.003734125516578
34.034281263168495,0.061189880867165716,10.042748449598896,254.3849716497584,0.2162659683400072,2.003734125516578
34.034251656357135,0.061189880867165716,10.042748449598896,254.3849716497584,0.216265953438846,2.0037341404177393
34.00945192144315,0.06118989875248915,10.04274844959902,254.38497164975843,0.21626595346209276,2.003734125515399
34.06449793153521,0.06118991365365034,10.04274844959902,254.38497164975843,0.21626595346209276,2.003734125515399
34.009452072805615,0.06118989875248915,10.042748464500182,254.38497164975843,0.21626595346209276,2.003734125515399
34.009451936196584,0.06118989875248915,10.04274844959902,254.3849716646596,0.21626595346209276,2.003734125515399
34.00948009011623,0.06118989875248915,10.04274844959902,254.38497164975843,0.21626596836325396,2.003734125515399
34.009450492674496,0.06118989875248915,10.04274844959902,254.38497164975843,0.21626595346209276,2.0037341404165603
34.01710678719282,0.06118988694817568,10.042748449598939,254.3849716497584,0.2162659534467499,2.003734125516177
34.08679359792007,0.06118990184933688,10.042748449598939,254.3849716497584,0.2162659534467499,2.003734125516177
34.0171069386048,0.06118988694817568,10.0427484645001,254.3849716497584,0.2162659534467499,2.003734125516177
34.01710680194617,0.06118988694817568,10.042748449598939,254.38497166465956,0.2162659534467499,2.003734125516177
34.017134954487965,0.06118988694817568,10.042748449598939,254.3849716497584,0.2162659683479111,2.003734125516177
34.0171053587037,0.06118988694817568,10.042748449598939,254.3849716497584,0.2162659534467499,2.0037341404173383
34.11784381757629,0.06118989689311094,10.042748449599008,254.3849716497584,0.216265953459676,2.0037341255155217
34.06880316469061,0.061189911794272134,10.042748449599008,254.3849716497584,0.216265953459676,2.0037341255155217
34.117843969162145,0.06118989689311094,10.04274846450017,254.3849716497584,0.216265953459676,2.0037341255155217
34.11784383236088,0.06118989689311094,10.042748449599008,254.38497166465956,0.216265953459676,2.0037341255155217
34.11787203089223,0.06118989689311094,10.042748449599008,254.3849716497584,0.2162659683608372,2.0037341255155217
34.117842386936985,0.06118989689311094,10.042748449599008,254.3849716497584,0.216265953459676,2.003734140416683
34.11258304230617,0.06118989873310267,10.04274844959902,254.3849716497584,0.2162659534620676,2.0037341255154004
34.13668194477994,0.06118991363426386,10.04274844959902,254.3849716497584,0.2162659534620676,2.0037341255154004
34.112583193866335,0.06118989873310267,10.042748464500182,254.3849716497584,0.2162659534620676,2.0037341255154004
34.1125830570905,0.06118989873310267,10.04274844959902,254.38497166465956,0.2162659534620676,2.0037341255154004
34.11261125127114,0.06118989873310267,10.04274844959902,254.3849716497584,0.21626596836322878,2.0037341255154004
34.11258161191661,0.06118989873310267,10.04274844959902,254.3849716497584,0.2162659534620676,2.0037341404165616
33.943494554685195,0.061189898752486906,10.04274844959902,254.38497164975843,0.21626595346209276,2.003734125515399
34.15086137145747,0.0611899136536481,10.04274844959902,254.38497164975843,0.21626595346209276,2.003734125515399
33.94349470594025,0.061189898752486906,10.042748464500182,254.38497164975843,0.21626595346209276,2.003734125515399
33.94349456941775,0.061189898752486906,10.04274844959902,254.3849716646596,0.21626595346209276,2.003734125515399
33.94352269320881,0.061189898752486906,10.04274844959902,254.38497164975843,0.21626596836325396,2.003734125515399
33.943493127434174,0.061189898752486906,10.04274844959902,254.38497164975843,0.21626595346209276,2.0037341404165603
34.147375885617244,0.06118989875248176,10.04274844959902,254.38497164975843,0.21626595346209276,2.003734125515399
34.11894850383656,0.06118991365364295,10.04274844959902,254.38497164975843,0.21626595346209276,2.003734125515399
34.1473760372665,0.06118989875248176,10.042748464500182,254.38497164975843,0.21626595346209276,2.003734125515399
34.147375900410246,0.06118989875248176,10.04274844959902,254.3849716646596,0.21626595346209276,2.003734125515399
34.14740410903849,0.06118989875248176,10.04274844959902,254.38497164975843,0.21626596836325396,2.003734125515399
34.14737445457967,0.06118989875248176,10.04274844959902,254.38497164975843,0.21626595346209276,2.0037341404165603
33.943494554685195,0.061189898752486906,10.04274844959902,254.38497164975843,0.21626595346209276,2.003734125515399
34.15086137145747,0.0611899136536481,10.04274844959902,254.38497164975843,0.21626595346209276,2.003734125515399
33.94349470594025,0.061189898752486906,10.042748464500182,254.38497164975843,0.21626595346209276,2.003734125515399
33.94349456941775,0.061189898752486906,10.04274844959902,254.3849716646596,0.21626595346209276,2.003734125515399
33.94352269320881,0.061189898752486906,10.04274844959902,254.38497164975843,0.21626596836325396,2.003734125515399
33.943493127434174,0.061189898752486906,10.04274844959902,254.38497164975843,0.21626595346209276,2.0037341404165603
34.13111988476532,0.06118989875248433,10.04274844959902,254.38497164975843,0.21626595346209276,2.003734125515399
34.19243177923303,0.061189913653645525,10.04274844959902,254.38497164975843,0.21626595346209276,2.003734125515399
34.131120036358766,0.06118989875248433,10.042748464500182,254.38497164975843,0.21626595346209276,2.003734125515399
34.13111989955535,0.06118989875248433,10.04274844959902,254.3849716646596,0.21626595346209276,2.003734125515399
34.13114810415258,0.06118989875248433,10.04274844959902,254.38497164975843,0.21626596836325396,2.003734125515399
34.13111845392265,0.06118989875248433,10.04274844959902,254.38497164975843,0.21626595346209276,2.0037341404165603
33.943494554685195,0.061189898752486906,10.04274844959902,254.38497164975843,0.21626595346209276,2.003734125515399
34.15086137145747,0.0611899136536481,10.04274844959902,254.38497164975843,0.21626595346209276,2.003734125515399
33.94349470594025,0.061189898752486906,10.042748464500182,254.38497164975843,0.21626595346209276,2.003734125515399
33.94349456941775,0.061189898752486906,10.04274844959902,254.3849716646596,0.21626595346209276,2.003734125515399
33.94352269320881,0.061189898752486906,10.04274844959902,254.38497164975843,0.21626596836325396,2.003734125515399
33.943493127434174,0.061189898752486906,10.04274844959902,254.38497164975843,0.21626595346209276,2.0037341404165603
34.106990955496634,0.06118989875248562,10.04274844959902,254.38497164975843,0.21626595346209276,2.003734125515399
34.07657343337866,0.061189913653646816,10.04274844959902,254.38497164975843,0.21626595346209276,2.003734125515399
34.106991107077086,0.06118989875248562,10.042748464500182,254.38497164975843,0.21626595346209276,2.003734125515399
34.10699097027652,0.06118989875248562,10.04274844959902,254.3849716646596,0.21626595346209276,2.003734125515399
34.10701916199512,0.06118989875248562,10.04274844959902,254.38497164975843,0.21626596836325396,2.003734125515399
34.10698952534719,0.06118989875248562,10.04274844959902,254.38497164975843,0.21626595346209276,2.0037341404165603
33.943494554685195,0.061189898752486906,10.04274844959902,254.38497164975843,0.21626595346209276,2.003734125515399
34.15086137145747,0.0611899136536481,10.04274844959902,254.38497164975843,0.21626595346209276,2.003734125515399
33.94349470594025,0.061189898752486906,10.042748464500182,254.38497164975843,0.21626595346209276,2.003734125515399
33.94349456941775,0.061189898752486906,10.04274844959902,254.3849716646596,0.21626595346209276,2.003734125515399
33.94352269320881,0.061189898752486906,10.04274844959902,254.38497164975843,0.21626596836325396,2.003734125515399
33.943493127434174,0.061189898752486906,10.04274844959902,254.38497164975843,0.21626595346209276,2.0037341404165603
34.11652161344751,0.06118989875248626,10.04274844959902,254.38497164975843,0.21626595346209276,2.003734125515399
34.156555282306975,0.061189913653647454,10.04274844959902,254.38497164975843,0.21626595346209276,2.003734125515399
34.11652176500315,0.06118989875248626,10.042748464500182,254.38497164975843,0.21626595346209276,2.003734125515399
34.116521628235034,0.06118989875248626,10.04274844959902,254.3849716646596,0.21626595346209276,2.003734125515399
34.11654982976369,0.06118989875248626,10.04274844959902,254.38497164975843,0.21626596836325396,2.003734125515399
34.116520182543674,0.06118989875248626,10.04274844959902,254.38497164975843,0.21626595346209276,2.0037341404165603
33.943494554685195,0.061189898752486906,10.04274844959902,254.38497164975843,0.21626595346209276,2.003734125515399
34.15086137145747,0.0611899136536481,10.04274844959902,254.38497164975843,0.21626595346209276,2.003734125515399
33.94349470594025,0.061189898752486906,10.042748464500182,254.38497164975843,0.21626595346209276,2.003734125515399
33.94349456941775,0.061189898752486906,10.04274844959902,254.3849716646596,0.21626595346209276,2.003734125515399
33.94352269320881,0.061189898752486906,10.04274844959902,254.38497164975843,0.21626596836325396,2.003734125515399
33.943493127434174,0.061189898752486906,10.04274844959902,254.38497164975843,0.21626595346209276,2.0037341404165603
34.165576999671345,0.061189898752486586,10.04274844959902,254.38497164975843,0.21626595346209276,2.003734125515399
34.02787740288977,0.06118991365364778,10.04274844959902,254.38497164975843,0.21626595346209276,2.003734125515399
34.165577151347776,0.061189898752486586,10.042748464500182,254.38497164975843,0.21626595346209276,2.003734125515399
34.165577014471076,0.061189898752486586,10.04274844959902,254.3849716646596,0.21626595346209276,2.003734125515399
34.16560523357602,0.061189898752486586,10.04274844959902,254.38497164975843,0.21626596836325396,2.003734125515399
34.165575568244954,0.061189898752486586,10.04274844959902,254.38497164975843,0.21626595346209276,2.0037341404165603
33.943494554685195,0.061189898752486906,10.04274844959902,254.38497164975843,0.21626595346209276,2.003734125515399
34.15086137145747,0.0611899136536481,10.04274844959902,254.38497164975843,0.21626595346209276,2.003734125515399
33.94349470594025,0.061189898752486906,10.042748464500182,254.38497164975843,0.21626595346209276,2.003734125515399
33.94349456941775,0.061189898752486906,10.04274844959902,254.3849716646596,0.21626595346209276,2.003734125515399
33.94352269320881,0.061189898752486906,10.04274844959902,254.38497164975843,0.21626596836325396,2.003734125515399
33.943493127434174,0.061189898752486906,10.04274844959902,254.38497164975843,0.21626595346209276,2.0037341404165603
726.0076037445072,0.9488091832878827,10.042741396718757,254.38497096201377,0.21495318825291143,2.0038007090933596
718.8400429135734,0.44357198787173746,10.042744924818443,254.3849713060479,0.215609879753251,2.003767401637157
475.73238850515503,0.15187670934213562,10.04274696174294,254.3849715046737,0.21598901615064509,2.0037481718025325
8729.118594154863,0.03160614552329549,10.042747801599036,254.38497158657026,0.21614534006685204,2.003740243038433
30839.152790253032,0.024388208734085058,10.042748192610754,254.3849716246988,0.21621811977674166,2.0037365516445313
313.88251345188337,0.05224292225700651,10.042748387121781,254.3849716436661,0.21625432446194864,2.0037347153394074
112.90007974682756,0.057066105759719474,10.042748420802342,254.38497164695036,0.21626059348497295,2.003734397373955
59.93993599663056,0.05944671122301641,10.042748437426244,254.38497164857142,0.2162636877214773,2.0037342404339817
44.14915703736463,0.060439255742017674,10.042748444357239,254.38497164924726,0.2162649777997915,2.0037341750010853
37.99053542033761,0.060867388269392295,10.042748447346911,254.3849716495388,0.21626553427305653,2.0037341467767074
35.8049975376504,0.06105114897053155,10.042748448630123,254.38497164966392,0.21626577311946696,2.0037341346623947
34.8647135534739,0.06113027345869852,10.042748449182653,254.3849716497178,0.2162658759630013,2.0037341294461606
0.7453883199781619,0.07355750858120826,10.087182164973198,241.03689764504384,0.2656457601860997,1.9843185635506375
0.7359644920802626,0.07355752348236945,10.087182164973198,241.03689764504384,0.2656457601860997,1.9843185635506375
0.7453883348905798,0.07355750858120826,10.08718217987436,241.03689764504384,0.2656457601860997,1.9843185635506375
0.7453883221488546,0.07355750858120826,10.087182164973198,241.036897659945,0.2656457601860997,1.9843185635506375
0.7453913748919649,0.07355750858120826,10.087182164973198,241.03689764504384,0.2656457750872609,1.9843185635506375
0.7453881300344282,0.07355750858120826,10.087182164973198,241.03689764504384,0.2656457601860997,1.9843185784517987
733.8531369339623,1.0835574553065337,10.087180566732929,241.03689741239955,0.26531834941292504,1.9843389207943223
733.4463681213041,1.0835574702076949,10.087180566732929,241.03689741239955,0.26531834941292504,1.9843389207943223
733.8531369332374,1.0835574553065337,10.08718058163409,241.03689741239955,0.26531834941292504,1.9843389207943223
733.8531369324681,1.0835574553065337,10.087180566732929,241.03689742730072,0.26531834941292504,1.9843389207943223
733.8531345308322,1.0835574553065337,10.087180566732929,241.03689741239955,0.26531836431408623,1.9843389207943223
733.8531370126844,1.0835574553065337,10.087180566732929,241.03689741239955,0.26531834941292504,1.9843389356954835
37.53718426964827,0.08492584765603169,10.087182146983753,241.03689764242523,0.2656420749218596,1.9843187926873316
37.55687899484947,0.08492586255719288,10.087182146983753,241.03689764242523,0.2656420749218596,1.9843187926873316
37.537184189577175,0.08492584765603169,10.087182161884915,241.03689764242523,0.2656420749218596,1.9843187926873316
37.53718425770689,0.08492584765603169,10.087182146983753,241.0368976573264,0.2656420749218596,1.9843187926873316
37.537168076491845,0.08492584765603169,10.087182146983753,241.03689764242523,0.2656420898230208,1.9843187926873316
37.537185269511625,0.08492584765603169,10.087182146983753,241.03689764242523,0.2656420749218596,1.9843188075884928
10.692608281132905,0.07967701530465661,10.087182155289591,241.03689764363426,0.2656437764311161,1.984318686893505
10.751561402307573,0.0796770302058178,10.087182155289591,241.03689764363426,0.2656437764311161,1.984318686893505
10.692608232171803,0.07967701530465661,10.087182170190752,241.03689764363426,0.2656437764311161,1.984318686893505
10.692608273949821,0.07967701530465661,10.087182155289591,241.03689765853542,0.2656437764311161,1.984318686893505
10.692598379758543,0.07967701530465661,10.087182155289591,241.03689764363426,0.2656437913322773,1.984318686893505
10.692608894153597,0.07967701530465661,10.087182155289591,241.03689764363426,0.2656437764311161,1.9843187017946662
2.6353940225660093,0.07703790680230443,10.08718215946576,241.03689764424215,0.26564463194854265,1.9843186337004577
2.6476451166144366,0.07703792170346563,10.08718215946576,241.03689764424215,0.26564463194854265,1.9843186337004577
2.635393996487505,0.07703790680230443,10.087182174366921,241.03689764424215,0.26564463194854265,1.9843186337004577
2.635394018779667,0.07703790680230443,10.08718215946576,241.0368976591433,0.26564463194854265,1.9843186337004577
2.6353887547539556,0.07703790680230443,10.08718215946576,241.03689764424215,0.26564464684970385,1.9843186337004577
2.6353943493639553,0.07703790680230443,10.08718215946576,241.03689764424215,0.26564463194854265,1.9843186486016189
0.24108674650074377,0.0753520557138692,10.087182162133479,241.03689764463047,0.2656451784493718,1.9843185997209694
0.24156930104381277,0.0753520706150304,10.087182162133479,241.03689764463047,0.2656451784493718,1.9843185997209694
0.2410867385179423,0.0753520557138692,10.08718217703464,241.03689764463047,0.2656451784493718,1.9843185997209694
0.24108674536023106,0.0753520557138692,10.087182162133479,241.03689765953163,0.2656451784493718,1.9843185997209694
0.24108515028915883,0.0753520557138692,10.087182162133479,241.03689764463047,0.265645193350533,1.9843185997209694
0.24108684560060115,0.0753520557138692,10.087182162133479,241.03689764463047,0.2656451784493718,1.9843186146221305
0.6734365724301739,0.07535724700327535,10.087237499522661,241.03690553499746,0.27668155381346776,1.983633523224243
0.6792571313026776,0.07535726190443655,10.087237499522661,241.03690553499746,0.27668155381346776,1.983633523224243
0.673436585862255,0.07535724700327535,10.087237514423823,241.03690553499746,0.27668155381346776,1.983633523224243
0.673436574535811,0.07535724700327535,10.087237499522661,241.03690554989862,0.27668155381346776,1.983633523224243
0.673439373757481,0.07535724700327535,10.087237499522661,241.03690553499746,0.27668156871462896,1.983633523224243
0.6734363898607123,0.07535724700327535,10.087237499522661,241.03690553499746,0.27668155381346776,1.9836335381254042
0.030133055250809806,0.0753543258077084,10.087206360565975,241.0369010950013,0.27047126417895206,1.9840190232934334
0.029684626568780917,0.0753543407088696,10.087206360565975,241.0369010950013,0.27047126417895206,1.9840190232934334
0.030133056565084887,0.0753543258077084,10.087206375467137,241.0369010950013,0.27047126417895206,1.9840190232934334
0.03013305546375032,0.0753543258077084,10.087206360565975,241.03690110990246,0.27047126417895206,1.9840190232934334
0.030133346615069695,0.0753543258077084,10.087206360565975,241.0369010950013,0.27047127908011326,1.9840190232934334
0.03013303673912545,0.0753543258077084,10.087206360565975,241.0369010950013,0.27047126417895206,1.9840190381945946
1.5954656731768715,0.07537511245858193,10.089057353287773,241.03683422052083,0.2809885300110493,1.9891629316688457
1.6107003913092097,0.07537512735974312,10.089057353287773,241.03683422052083,0.2809885300110493,1.9891629316688457
1.5954656940614091,0.07537511245858193,10.089057368188934,241.03683422052083,0.2809885300110493,1.9891629316688457
1.5954656765267448,0.07537511245858193,10.089057353287773,241.036834235422,0.2809885300110493,1.9891629316688457
1.5954700394253818,0.07537511245858193,10.089057353287773,241.03683422052083,0.2809885449122105,1.9891629316688457
1.5954653841029143,0.07537511245858193,10.089057353287773,241.03683422052083,0.2809885300110493,1.989162946570007
0.28176903704070727,0.07536181573596082,10.087873317584034,241.036876998524,0.27426088699858525,1.9858724967030408
0.2780412913393041,0.07536183063712201,10.087873317584034,241.036876998524,0.27426088699858525,1.9858724967030408
0.28176904548386666,0.07536181573596082,10.087873332485195,241.036876998524,0.27426088699858525,1.9858724967030408
0.28176903834931977,0.07536181573596082,10.087873317584034,241.03687701342517,0.27426088699858525,1.9858724967030408
0.2817707972970337,0.07536181573596082,10.087873317584034,241.036876998524,0.27426090189974645,1.9858724967030408
0.2817689236610633,0.07536181573596082,10.087873317584034,241.036876998524,0.27426088699858525,1.985872511604202
0.03222715187774074,0.07535456527499142,10.08722768445315,241.036900324591,0.27059242564401786,1.984078282371304
0.03270055434584922,0.07535458017615261,10.08722768445315,241.036900324591,0.27059242564401786,1.984078282371304
0.03222715339751446,0.07535456527499142,10.087227699354312,241.036900324591,0.27059242564401786,1.984078282371304
0.0322271521214521,0.07535456527499142,10.08722768445315,241.03690033949215,0.27059242564401786,1.984078282371304
0.032227485247940585,0.07535456527499142,10.08722768445315,241.036900324591,0.27059244054517906,1.984078282371304
0.03222713069188208,0.07535456527499142,10.08722768445315,241.036900324591,0.27059242564401786,1.984078297272465
0.03109813569670196,0.07535441292812564,10.087214118393787,241.03690081471888,0.2705153438430175,1.9840405822952492
0.03062124291842437,0.07535442782928684,10.087214118393787,241.03690081471888,0.2705153438430175,1.9840405822952492
0.031098137116582842,0.07535441292812564,10.087214133294948,241.03690081471888,0.2705153438430175,1.9840405822952492
0.03109813592539847,0.07535441292812564,10.087214118393787,241.03690082962004,0.2705153438430175,1.9840405822952492
0.031098448589623066,0.07535441292812564,10.087214118393787,241.03690081471888,0.2705153587441787,1.9840405822952492
0.03109811581727554,0.07535441292812564,10.087214118393787,241.03690081471888,0.2705153438430175,1.9840405971964103
0.03023097978919631,0.07535433641580269,10.0872073051869,241.0369010608731,0.2704766314768575,1.9840216483947752
0.030547716273075183,0.07535435131696389,10.0872073051869,241.0369010608731,0.2704766314768575,1.9840216483947752
0.030230981127685776,0.07535433641580269,10.08720732008806,241.0369010608731,0.2704766314768575,1.9840216483947752
0.030230980005644247,0.07535433641580269,10.0872073051869,241.03690107577427,0.2704766314768575,1.9840216483947752
0.030231275989323198,0.07535433641580269,10.0872073051869,241.0369010608731,0.2704766463780187,1.9840216483947752
0.030230960972719215,0.07535433641580269,10.0872073051869,241.0369010608731,0.2704766314768575,1.9840216632959364
0.02965394270345893,0.07535432899650572,10.087206644519398,241.03690108474234,0.2704728775908172,1.984019812399931
0.030319053158846636,0.07535434389766692,10.087206644519398,241.03690108474234,0.2704728775908172,1.984019812399931
0.029653943989502524,0.07535432899650572,10.08720665942056,241.03690108474234,0.2704728775908172,1.984019812399931
0.029653942911988793,0.07535432899650572,10.087206644519398,241.0369010996435,0.2704728775908172,1.984019812399931
0.029654228130268655,0.07535432899650572,10.087206644519398,241.03690108474234,0.27047289249197837,1.984019812399931
0.029653924567466912,0.07535432899650572,10.087206644519398,241.03690108474234,0.2704728775908172,1.9840198273010923
0.03120290512472693,0.07535432668477662,10.08720643866643,241.03690109217962,0.2704717079425795,1.9840192403345804
0.03106712982254474,0.07535434158593782,10.08720643866643,241.03690109217962,0.2704717079425795,1.9840192403345804
0.03120290654871157,0.07535432668477662,10.08720645356759,241.03690109217962,0.2704717079425795,1.9840192403345804
0.03120290535411417,0.07535432668477662,10.08720643866643,241.03690110708078,0.2704717079425795,1.9840192403345804
0.03120321888571051,0.07535432668477662,10.08720643866643,241.03690109217962,0.2704717228437407,1.9840192403345804
0.03120288519634624,0.07535432668477662,10.08720643866643,241.03690109217962,0.2704717079425795,1.9840192552357416
0.03042395751406917,0.07535432896665735,10.087206641861483,241.03690108483838,0.27047286248865804,1.984019805013589
0.030393483983035232,0.07535434386781854,10.087206641861483,241.03690108483838,0.27047286248865804,1.984019805013589
0.030423958871745805,0.07535432896665735,10.087206656762644,241.03690108483838,0.27047286248865804,1.984019805013589
0.030423957733423528,0.07535432896665735,10.087206641861483,241.03690109973954,0.27047286248865804,1.984019805013589
0.03042425764526272,0.07535432896665735,10.087206641861483,241.03690108483838,0.27047287738981923,1.984019805013589
0.030423938448079415,0.07535432896665735,10.087206641861483,241.03690108483838,0.27047286248865804,1.9840198199147503
0.030083150202125822,0.07535432899649532,10.08720664451847,241.0369010847424,0.27047287758555133,1.9840198123973556
0.029720951710214417,0.07535434389765651,10.08720664451847,241.0369010847424,0.27047287758555133,1.9840198123973556
0.03008315152978277,0.07535432899649532,10.087206659419632,241.0369010847424,0.27047287758555133,1.9840198123973556
0.030083150416933394,0.07535432899649532,10.08720664451847,241.03690109964356,0.27047287758555133,1.9840198123973556
0.030083444153887973,0.07535432899649532,10.08720664451847,241.0369010847424,0.2704728924867125,1.9840198123973556
0.030083131528141266,0.07535432899649532,10.08720664451847,241.0369010847424,0.27047287758555133,1.9840198272985168
0.02903951566640429,0.07535432920007756,10.087269939799908,241.0368989202347,0.2704799435881544,1.984212007876847
0.03027398017626386,0.07535434410123876,10.087269939799908,241.0368989202347,0.2704799435881544,1.984212007876847
0.02903951688683604,0.07535432920007756,10.08726995470107,241.0368989202347,0.2704799435881544,1.984212007876847
0.02903951586510747,0.07535432920007756,10.087269939799908,241.03689893513587,0.2704799435881544,1.984212007876847
0.02903978765709485,0.07535432920007756,10.087269939799908,241.0368989202347,0.2704799584893156,1.984212007876847
0.029039498381939203,0.07535432920007756,10.087269939799908,241.0368989202347,0.2704799435881544,1.9842120227780082
0.028598788313810387,0.07535432774816664,10.088908580106272,241.03684945270055,0.27064733342474634,1.9886749706510183
0.028353163512184216,0.07535434264932783,10.088908580106272,241.03684945270055,0.27064733342474634,1.9886749706510183
0.02859878948037585,0.07535432774816664,10.088908595007434,241.03684945270055,0.27064733342474634,1.9886749706510183
0.028598788504535587,0.07535432774816664,10.088908580106272,241.0368494676017,0.27064733342474634,1.9886749706510183
0.028599048975244262,0.07535432774816664,10.088908580106272,241.03684945270055,0.27064734832590753,1.9886749706510183
0.028598771779495748,0.07535432774816664,10.088908580106272,241.03684945270055,0.27064733342474634,1.9886749855521795
0.02695399060455256,0.07535432716656953,10.090022282493138,241.03681773259353,0.2706764275654618,1.9900228207521564
0.02733356073102254,0.07535434206773073,10.090022282493138,241.03681773259353,0.2706764275654618,1.9900228207521564
0.026953991593606112,0.07535432716656953,10.090022297394299,241.03681773259353,0.2706764275654618,1.9900228207521564
0.02695399076849629,0.07535432716656953,10.090022282493138,241.0368177474947,0.2706764275654618,1.9900228207521564
0.02695421472364174,0.07535432716656953,10.090022282493138,241.03681773259353,0.270676442466623,1.9900228207521564
0.026953976391372272,0.07535432716656953,10.090022282493138,241.03681773259353,0.2706764275654618,1.9900228356533176
0.024387017453093053,0.07535432432883292,10.0980366519231,241.03669073126756,0.27068081812243383,1.9940558158593313
0.02450115786208993,0.07535433922999411,10.0980366519231,241.03669073126756,0.27068081812243383,1.9940558158593313
0.02438701803164264,0.07535432432883292,10.098036666824262,241.03669073126756,0.27068081812243383,1.9940558158593313
0.02438701755559974,0.07535432432883292,10.0980366519231,241.03669074616872,0.27068081812243383,1.9940558158593313
0.024387157501820196,0.07535432432883292,10.0980366519231,241.03669073126756,0.270680833023595,1.9940558158593313
0.02438700857765509,0.07535432432883292,10.0980366519231,241.03669073126756,0.27068081812243383,1.9940558307604925
0.02254908274620508,0.07535431966633628,10.118504756249123,241.03646994603574,0.2705913816480889,1.9997721027325224
0.02265695905041866,0.07535433456749747,10.118504756249123,241.03646994603574,0.2705913816480889,1.9997721027325224
0.022549082663209843,0.07535431966633628,10.118504771150285,241.03646994603574,0.2705913816480889,1.9997721027325224
0.022549082749801087,0.07535431966633628,10.118504756249123,241.0364699609369,0.2705913816480889,1.9997721027325224
0.022549087503114396,0.07535431966633628,10.118504756249123,241.03646994603574,0.2705913965492501,1.9997721027325224
0.022549082415255734,0.07535431966633628,10.118504756249123,241.03646994603574,0.2705913816480889,1.9997721176336836
0.022513159973934757,0.07535431920530192,10.127836439013675,241.03644114723923,0.27067527811257425,2.002351292745483
0.022512991151804333,0.07535433410646311,10.127836439013675,241.03644114723923,0.27067527811257425,2.002351292745483
0.022513159834445486,0.07535431920530192,10.127836453914837,241.03644114723923,0.27067527811257425,2.002351292745483
0.02251315996906827,0.07535431920530192,10.127836439013675,241.0364411621404,0.27067527811257425,2.002351292745483
0.022513153159896236,0.07535431920530192,10.127836439013675,241.03644114723923,0.27067529301373544,2.002351292745483
0.022513160370657405,0.07535431920530192,10.127836439013675,241.03644114723923,0.27067527811257425,2.002351307646644
0.022422289508099442,0.07535431896922677,10.138163910557763,241.0364210687395,0.2707971939485729,2.0053505801759397
0.02245105939295463,0.07535433387038797,10.138163910557763,241.0364210687395,0.2707971939485729,2.0053505801759397
0.02242228939552649,0.07535431896922677,10.138163925458924,241.0364210687395,0.2707971939485729,2.0053505801759397
0.022422289507066966,0.07535431896922677,10.138163910557763,241.03642108364065,0.2707971939485729,2.0053505801759397
0.022422287957589854,0.07535431896922677,10.138163910557763,241.0364210687395,0.2707972088497341,2.0053505801759397
0.02242228957473847,0.07535431896922677,10.138163910557763,241.0364210687395,0.2707971939485729,2.005350595077101
0.022318394464742056,0.07535431802492622,10.17947379673411,241.03634075474048,0.27128485729256735,2.0173477298977676
0.02222150351526695,0.07535433292608741,10.17947379673411,241.03634075474048,0.27128485729256735,2.0173477298977676
0.022318394179887985,0.07535431802492622,10.17947381163527,241.03634075474048,0.27128485729256735,2.0173477298977676
0.022318394437671567,0.07535431802492622,10.17947379673411,241.03634076964164,0.27128485729256735,2.0173477298977676
0.02231835746261779,0.07535431802492622,10.17947379673411,241.03634075474048,0.27128487219372854,2.0173477298977676
0.0223183967494829,0.07535431802492622,10.17947379673411,241.03634075474048,0.27128485729256735,2.0173477447989288
0.021983540717313163,0.07535431716777631,10.247267119472887,241.03624975007827,0.27221864951667624,2.0383196826888144
0.021830530318228986,0.0753543320689375,10.247267119472887,241.03624975007827,0.27221864951667624,2.0383196826888144
0.02198354026785356,0.07535431716777631,10.247267134374049,241.03624975007827,0.27221864951667624,2.0383196826888144
0.021983540664840862,0.07535431716777631,10.247267119472887,241.03624976497943,0.27221864951667624,2.0383196826888144
0.021983469534880784,0.07535431716777631,10.247267119472887,241.03624975007827,0.27221866441783743,2.0383196826888144
0.021983545113354992,0.07535431716777631,10.247267119472887,241.03624975007827,0.27221864951667624,2.0383196975899756
0.021004380210336876,0.07535431619777798,10.357353344974516,241.03614210610397,0.27390618603264155,2.0745725186453545
0.021206283297455428,0.07535433109893917,10.357353344974516,241.03614210610397,0.27390618603264155,2.0745725186453545
0.02100437988377281,0.07535431619777798,10.357353359875678,241.03614210610397,0.27390618603264155,2.0745725186453545
0.021004380174883704,0.07535431619777798,10.357353344974516,241.03614212100513,0.27390618603264155,2.0745725186453545
0.02100433269925121,0.07535431619777798,10.357353344974516,241.03614210610397,0.27390620093380275,2.0745725186453545
0.021004383104903435,0.07535431619777798,10.357353344974516,241.03614210610397,0.27390618603264155,2.0745725335465157
0.018501881455976126,0.07535431231778462,10.797698246981033,241.0357115302068,0.2806563320965028,2.2195838624715147
0.01881623873931635,0.07535432721894582,10.797698246981033,241.0357115302068,0.2806563320965028,2.2195838624715147
0.018501881539041556,0.07535431231778462,10.797698261882195,241.0357115302068,0.2806563320965028,2.2195838624715147
0.0185018814775858,0.07535431231778462,10.797698246981033,241.03571154510797,0.2806563320965028,2.2195838624715147
0.018501910094576083,0.07535431231778462,10.797698246981033,241.0357115302068,0.280656346997664,2.2195838624715147
0.018501879760537344,0.07535431231778462,10.797698246981033,241.0357115302068,0.2806563320965028,2.219583877372676
0.024960033187709618,0.0753543067533182,11.35151106597863,241.0350895723503,0.28835173545726445,2.390140459085467
0.025427197572929935,0.07535432165447939,11.35151106597863,241.0350895723503,0.28835173545726445,2.390140459085467
0.02496003464056676,0.0753543067533182,11.35151108087979,241.0350895723503,0.28835173545726445,2.390140459085467
0.024960033413743178,0.0753543067533182,11.35151106597863,241.03508958725146,0.28835173545726445,2.390140459085467
0.02496031550480408,0.0753543067533182,11.35151106597863,241.0350895723503,0.28835175035842564,2.390140459085467
0.02496001734618515,0.0753543067533182,11.35151106597863,241.0350895723503,0.28835173545726445,2.3901404739866283
0.018326503350174002,0.07535431159907516,10.869229007842277,241.03563119779633,0.2816502745237037,2.241613044005778
0.01859259661536754,0.07535432650023635,10.869229007842277,241.03563119779633,0.2816502745237037,2.241613044005778
0.018326503530490517,0.07535431159907516,10.869229022743438,241.03563119779633,0.2816502745237037,2.241613044005778
0.018326503385856514,0.07535431159907516,10.869229007842277,241.0356312126975,0.2816502745237037,2.241613044005778
0.018326550068502298,0.07535431159907516,10.869229007842277,241.03563119779633,0.2816502894248649,2.241613044005778
0.0183265006098032,0.07535431159907516,10.869229007842277,241.03563119779633,0.2816502745237037,2.2416130589069394
0.018249887125920978,0.07535431040231598,10.97102933942547,241.03540378308102,0.2821819368986349,2.259182577184142
0.01792016076223451,0.07535432530347717,10.97102933942547,241.03540378308102,0.2821819368986349,2.259182577184142
0.018249887454049783,0.07535431040231598,10.971029354326632,241.03540378308102,0.2821819368986349,2.259182577184142
0.018249887183185143,0.07535431040231598,10.97102933942547,241.03540379798218,0.2821819368986349,2.259182577184142
0.01824996150998581,0.07535431040231598,10.97102933942547,241.03540378308102,0.2821819517997961,2.259182577184142
0.018249882797608724,0.07535431040231598,10.97102933942547,241.03540378308102,0.2821819368986349,2.259182592085303
0.0183993826062921,0.07535430999073571,11.004488420425913,241.03530308490377,0.2821401985091229,2.261564645274245
0.018015273618462575,0.0753543248918969,11.004488420425913,241.03530308490377,0.2821401985091229,2.261564645274245
0.01839938302608574,0.07535430999073571,11.004488435327074,241.03530308490377,0.2821401985091229,2.261564645274245
0.018399382677165954,0.07535430999073571,11.004488420425913,241.03530309980493,0.2821401985091229,2.261564645274245
0.018399474467949928,0.07535430999073571,11.004488420425913,241.03530308490377,0.2821402134102841,2.261564645274245
0.018399377271052456,0.07535430999073571,11.004488420425913,241.03530308490377,0.2821401985091229,2.2615646601754062
0.01839061627997926,0.07535431036394315,10.974148827856924,241.0353943946941,0.2821780455059446,2.2594046643911967
0.01831727556180076,0.07535432526510434,10.974148827856924,241.0353943946941,0.2821780455059446,2.2594046643911967
0.01839061662641268,0.07535431036394315,10.974148842758085,241.0353943946941,0.2821780455059446,2.2594046643911967
0.018390616340052127,0.07535431036394315,10.974148827856924,241.03539440959526,0.2821780455059446,2.2594046643911967
0.018390694253455797,0.07535431036394315,10.974148827856924,241.0353943946941,0.2821780604071058,2.2594046643911967
0.018390611742735017,0.07535431036394315,10.974148827856924,241.0353943946941,0.2821780455059446,2.259404679292358
0.018957752308890533,0.07535431040171287,10.971078369637084,241.0354036355201,0.28218187573610415,2.2591860678150573
0.01813844960636917,0.07535432530287406,10.971078369637084,241.0354036355201,0.28218187573610415,2.2591860678150573
0.018957752819975627,0.07535431040171287,10.971078384538245,241.0354036355201,0.28218187573610415,2.2591860678150573
0.018957752393811044,0.07535431040171287,10.971078369637084,241.03540365042127,0.28218187573610415,2.2591860678150573
0.01895786215629942,0.07535431040171287,10.971078369637084,241.0354036355201,0.28218189063726534,2.2591860678150573
0.018957745920988867,0.07535431040171287,10.971078369637084,241.0354036355201,0.28218187573610415,2.2591860827162185
0.01824988711310228,0.07535431040231595,10.971029342042849,241.03540378307315,0.28218193689536986,2.259182577370482
0.01792016075030302,0.07535432530347715,10.971029342042849,241.03540378307315,0.28218193689536986,2.259182577370482
0.018249887441230895,0.07535431040231595,10.97102935694401,241.03540378307315,0.28218193689536986,2.259182577370482
0.018249887170366727,0.07535431040231595,10.971029342042849,241.0354037979743,0.28218193689536986,2.259182577370482
0.018249961497165974,0.07535431040231595,10.971029342042849,241.03540378307315,0.28218195179653105,2.259182577370482
0.018249882784790204,0.07535431040231595,10.971029342042849,241.03540378307315,0.28218193689536986,2.2591825922716433
0.018410521726535237,0.07535431040231591,10.971029344659955,241.03540378306528,0.2821819368921052,2.259182577556803
0.017920160738373193,0.0753543253034771,10.971029344659955,241.03540378306528,0.2821819368921052,2.259182577556803
0.018410522083224898,0.07535431040231591,10.971029359561117,241.03540378306528,0.2821819368921052,2.259182577556803
0.018410521788173526,0.07535431040231591,10.971029344659955,241.03540379796644,0.2821819368921052,2.259182577556803
0.01841060169919179,0.07535431040231591,10.971029344659955,241.03540378306528,0.2821819517932664,2.259182577556803
0.018410517072557375,0.07535431040231591,10.971029344659955,241.03540378306528,0.2821819368921052,2.259182592457964
0.01824988711310228,0.07535431040231595,10.971029342042849,241.03540378307315,0.28218193689536986,2.259182577370482
0.01792016075030302,0.07535432530347715,10.971029342042849,241.03540378307315,0.28218193689536986,2.259182577370482
0.018249887441230895,0.07535431040231595,10.97102935694401,241.03540378307315,0.28218193689536986,2.259182577370482
0.018249887170366727,0.07535431040231595,10.971029342042849,241.0354037979743,0.28218193689536986,2.259182577370482
0.018249961497165974,0.07535431040231595,10.971029342042849,241.03540378307315,0.28218195179653105,2.259182577370482
0.018249882784790204,0.07535431040231595,10.971029342042849,241.03540378307315,0.28218193689536986,2.2591825922716433
0.01824988710669347,0.07535431040231594,10.971029343351402,241.0354037830692,0.28218193689373755,2.2591825774636427
0.017920160744338207,0.07535432530347713,10.971029343351402,241.0354037830692,0.28218193689373755,2.2591825774636427
0.01824988743482221,0.07535431040231594,10.971029358252563,241.0354037830692,0.28218193689373755,2.2591825774636427
0.018249887163957902,0.07535431040231594,10.971029343351402,241.03540379797036,0.28218193689373755,2.2591825774636427
0.018249961490758027,0.07535431040231594,10.971029343351402,241.0354037830692,0.28218195179489874,2.2591825774636427
0.018249882778381576,0.07535431040231594,10.971029343351402,241.0354037830692,0.28218193689373755,2.259182592364804
0.018249887102464012,0.07535431040231592,10.971029344215047,241.0354037830666,0.2821819368926602,2.2591825775251286
0.017920160740400735,0.07535432530347712,10.971029344215047,241.0354037830666,0.2821819368926602,2.2591825775251286
0.018249887430592488,0.07535431040231592,10.971029359116208,241.0354037830666,0.2821819368926602,2.2591825775251286
0.01824988715972837,0.07535431040231592,10.971029344215047,241.03540379796777,0.2821819368926602,2.2591825775251286
0.018249961486528434,0.07535431040231592,10.971029344215047,241.0354037830666,0.2821819517938214,2.2591825775251286
0.018249882774151245,0.07535431040231592,10.971029344215047,241.0354037830666,0.2821819368926602,2.25918259242629
0.018249887101374526,0.07535431040231592,10.971029344437502,241.03540378306593,0.2821819368923827,2.2591825775409657
0.01792016073938669,0.07535432530347712,10.971029344437502,241.03540378306593,0.2821819368923827,2.2591825775409657
0.018249887429502853,0.07535431040231592,10.971029359338663,241.03540378306593,0.2821819368923827,2.2591825775409657
0.01824988715863883,0.07535431040231592,10.971029344437502,241.0354037979671,0.2821819368923827,2.2591825775409657
0.018249961485438948,0.07535431040231592,10.971029344437502,241.03540378306593,0.2821819517935439,2.2591825775409657
0.01824988277306215,0.07535431040231592,10.971029344437502,241.03540378306593,0.2821819368923827,2.259182592442127
0.018410521727090796,0.07535431040231591,10.971029344548729,241.0354037830656,0.2821819368922439,2.2591825775488843
0.01792016073888022,0.0753543253034771,10.971029344548729,241.0354037830656,0.2821819368922439,2.2591825775488843
0.018410522083781074,0.07535431040231591,10.97102935944989,241.0354037830656,0.2821819368922439,2.2591825775488843
0.018410521788729532,0.07535431040231591,10.971029344548729,241.03540379796675,0.2821819368922439,2.2591825775488843
0.018410601699747706,0.07535431040231591,10.971029344548729,241.0354037830656,0.2821819517934051,2.2591825775488843
0.018410517073113974,0.07535431040231591,10.971029344548729,241.0354037830656,0.2821819368922439,2.2591825924500455
0.018249887101374526,0.07535431040231592,10.971029344437502,241.03540378306593,0.2821819368923827,2.2591825775409657
0.01792016073938669,0.07535432530347712,10.971029344437502,241.03540378306593,0.2821819368923827,2.2591825775409657
0.018249887429502853,0.07535431040231592,10.971029359338663,241.03540378306593,0.2821819368923827,2.2591825775409657
0.01824988715863883,0.07535431040231592,10.971029344437502,241.0354037979671,0.2821819368923827,2.2591825775409657
0.018249961485438948,0.07535431040231592,10.971029344437502,241.03540378306593,0.2821819517935439,2.2591825775409657
0.01824988277306215,0.07535431040231592,10.971029344437502,241.03540378306593,0.2821819368923827,2.259182592442127
0.018249887101101807,0.07535431040231592,10.971029344493115,241.03540378306576,0.2821819368923133,2.2591825775449252
0.017920160739133467,0.07535432530347712,10.971029344493115,241.03540378306576,0.2821819368923133,2.2591825775449252
0.018249887429230588,0.07535431040231592,10.971029359394276,241.03540378306576,0.2821819368923133,2.2591825775449252
0.018249887158366087,0.07535431040231592,10.971029344493115,241.03540379796692,0.2821819368923133,2.2591825775449252
0.018249961485166093,0.07535431040231592,10.971029344493115,241.03540378306576,0.2821819517934745,2.2591825775449252
0.01824988277278963,0.07535431040231592,10.971029344493115,241.03540378306576,0.2821819368923133,2.2591825924460864
0.018410521727185804,0.07535431040231591,10.97102934452982,241.03540378306565,0.2821819368922675,2.2591825775475383
0.017920160738965952,0.0753543253034771,10.97102934452982,241.03540378306565,0.2821819368922675,2.2591825775475383
0.018410522083875867,0.07535431040231591,10.97102935943098,241.03540378306565,0.2821819368922675,2.2591825775475383
0.01841052178882419,0.07535431040231591,10.97102934452982,241.0354037979668,0.2821819368922675,2.2591825775475383
0.01841060169984232,0.07535431040231591,10.97102934452982,241.03540378306565,0.2821819517934287,2.2591825775475383
0.018410517073208697,0.07535431040231591,10.97102934452982,241.03540378306565,0.2821819368922675,2.2591825924486995
0.018249887101101807,0.07535431040231592,10.971029344493115,241.03540378306576,0.2821819368923133,2.2591825775449252
0.017920160739133467,0.07535432530347712,10.971029344493115,241.03540378306576,0.2821819368923133,2.2591825775449252
0.018249887429230588,0.07535431040231592,10.971029359394276,241.03540378306576,0.2821819368923133,2.2591825775449252
0.018249887158366087,0.07535431040231592,10.971029344493115,241.03540379796692,0.2821819368923133,2.2591825775449252
0.018249961485166093,0.07535431040231592,10.971029344493115,241.03540378306576,0.2821819517934745,2.2591825775449252
0.01824988277278963,0.07535431040231592,10.971029344493115,241.03540378306576,0.2821819368923133,2.2591825924460864
0.01841052172727764,0.07535431040231591,10.971029344511468,241.0354037830657,0.28218193689229043,2.2591825775462318
0.01792016073904965,0.0753543253034771,10.971029344511468,241.0354037830657,0.28218193689229043,2.2591825775462318
0.018410522083967734,0.07535431040231591,10.97102935941263,241.0354037830657,0.28218193689229043,2.2591825775462318
0.018410521788916154,0.07535431040231591,10.971029344511468,241.03540379796686,0.28218193689229043,2.2591825775462318
0.018410601699934893,0.07535431040231591,10.971029344511468,241.0354037830657,0.2821819517934516,2.2591825775462318
0.018410517073300933,0.07535431040231591,10.971029344511468,241.0354037830657,0.28218193689229043,2.259182592447393
0.018249887101101807,0.07535431040231592,10.971029344493115,241.03540378306576,0.2821819368923133,2.2591825775449252
0.017920160739133467,0.07535432530347712,10.971029344493115,241.03540378306576,0.2821819368923133,2.2591825775449252
0.018249887429230588,0.07535431040231592,10.971029359394276,241.03540378306576,0.2821819368923133,2.2591825775449252
0.018249887158366087,0.07535431040231592,10.971029344493115,241.03540379796692,0.2821819368923133,2.2591825775449252
0.018249961485166093,0.07535431040231592,10.971029344493115,241.03540378306576,0.2821819517934745,2.2591825775449252
0.01824988277278963,0.07535431040231592,10.971029344493115,241.03540378306576,0.2821819368923133,2.2591825924460864
0.01824988710105719,0.07535431040231592,10.971029344502291,241.03540378306573,0.28218193689230187,2.2591825775455785
0.01792016073909128,0.07535432530347712,10.971029344502291,241.03540378306573,0.28218193689230187,2.2591825775455785
0.018249887429185513,0.07535431040231592,10.971029359403452,241.03540378306573,0.28218193689230187,2.2591825775455785
0.018249887158321418,0.07535431040231592,10.971029344502291,241.0354037979669,0.28218193689230187,2.2591825775455785
0.01824996148512158,0.07535431040231592,10.971029344502291,241.03540378306573,0.28218195179346306,2.2591825775455785
0.018249882772744724,0.07535431040231592,10.971029344502291,241.03540378306573,0.28218193689230187,2.2591825924467397
0.01841052172730131,0.07535431040231591,10.97102934450688,241.03540378306573,0.28218193689229615,2.259182577545905
0.01792016073907066,0.0753543253034771,10.97102934450688,241.03540378306573,0.28218193689229615,2.259182577545905
0.018410522083991014,0.07535431040231591,10.97102935940804,241.03540378306573,0.28218193689229615,2.259182577545905
0.018410521788939146,0.07535431040231591,10.97102934450688,241.0354037979669,0.28218193689229615,2.259182577545905
0.01841060169995742,0.07535431040231591,10.97102934450688,241.03540378306573,0.28218195179345734,2.259182577545905
0.018410517073323696,0.07535431040231591,10.97102934450688,241.03540378306573,0.28218193689229615,2.259182592447066
0.01824988710105719,0.07535431040231592,10.971029344502291,241.03540378306573,0.28218193689230187,2.2591825775455785
0.01792016073909128,0.07535432530347712,10.971029344502291,241.03540378306573,0.28218193689230187,2.2591825775455785
0.018249887429185513,0.07535431040231592,10.971029359403452,241.03540378306573,0.28218193689230187,2.2591825775455785
0.018249887158321418,0.07535431040231592,10.971029344502291,241.0354037979669,0.28218193689230187,2.2591825775455785
0.01824996148512158,0.07535431040231592,10.971029344502291,241.03540378306573,0.28218195179346306,2.2591825775455785
0.018249882772744724,0.07535431040231592,10.971029344502291,241.03540378306573,0.28218193689230187,2.2591825924467397
0.0184105217273124,0.07535431040231591,10.971029344504585,241.03540378306573,0.282181936892299,2.2591825775457415
0.01792016073908081,0.0753543253034771,10.971029344504585,241.03540378306573,0.282181936892299,2.2591825775457415
0.01841052208400286,0.07535431040231591,10.971029359405746,241.03540378306573,0.282181936892299,2.2591825775457415
0.018410521788949665,0.07535431040231591,10.971029344504585,241.0354037979669,0.282181936892299,2.2591825775457415
0.01841060169996884,0.07535431040231591,10.971029344504585,241.03540378306573,0.2821819517934602,2.2591825775457415
0.018410517073335107,0.07535431040231591,10.971029344504585,241.03540378306573,0.282181936892299,2.2591825924469027
0.01824988710105719,0.07535431040231592,10.971029344502291,241.03540378306573,0.28218193689230187,2.2591825775455785
0.01792016073909128,0.07535432530347712,10.971029344502291,241.03540378306573,0.28218193689230187,2.2591825775455785
0.018249887429185513,0.07535431040231592,10.971029359403452,241.03540378306573,0.28218193689230187,2.2591825775455785
0.018249887158321418,0.07535431040231592,10.971029344502291,241.0354037979669,0.28218193689230187,2.2591825775455785
0.01824996148512158,0.07535431040231592,10.971029344502291,241.03540378306573,0.28218195179346306,2.2591825775455785
0.018249882772744724,0.07535431040231592,10.971029344502291,241.03540378306573,0.28218193689230187,2.2591825924467397
0.018410521727318135,0.07535431040231591,10.971029344503439,241.03540378306573,0.2821819368923004,2.2591825775456598
0.017920160739086265,0.0753543253034771,10.971029344503439,241.03540378306573,0.2821819368923004,2.2591825775456598
0.018410522084008212,0.07535431040231591,10.9710293594046,241.03540378306573,0.2821819368923004,2.2591825775456598
0.018410521788956313,0.07535431040231591,10.971029344503439,241.0354037979669,0.2821819368923004,2.2591825775456598
0.018410601699974556,0.07535431040231591,10.971029344503439,241.03540378306573,0.2821819517934616,2.2591825775456598
0.018410517073341237,0.07535431040231591,10.971029344503439,241.03540378306573,0.2821819368923004,2.259182592446821
0.01824988710105719,0.07535431040231592,10.971029344502291,241.03540378306573,0.28218193689230187,2.2591825775455785
0.01792016073909128,0.07535432530347712,10.971029344502291,241.03540378306573,0.28218193689230187,2.2591825775455785
0.018249887429185513,0.07535431040231592,10.971029359403452,241.03540378306573,0.28218193689230187,2.2591825775455785
0.018249887158321418,0.07535431040231592,10.971029344502291,241.0354037979669,0.28218193689230187,2.2591825775455785
0.01824996148512158,0.07535431040231592,10.971029344502291,241.03540378306573,0.28218195179346306,2.2591825775455785
0.018249882772744724,0.07535431040231592,10.971029344502291,241.03540378306573,0.28218193689230187,2.2591825924467397
0.01841052172732058,0.07535431040231591,10.971029344502865,241.03540378306573,0.28218193689230114,2.2591825775456194
0.017920160739088854,0.0753543253034771,10.971029344502865,241.03540378306573,0.28218193689230114,2.2591825775456194
0.018410522084011158,0.07535431040231591,10.971029359404026,241.03540378306573,0.28218193689230114,2.2591825775456194
0.018410521788959057,0.07535431040231591,10.971029344502865,241.0354037979669,0.28218193689230114,2.2591825775456194
0.018410601699978126,0.07535431040231591,10.971029344502865,241.03540378306573,0.28218195179346234,2.2591825775456194
0.01841051707334379,0.07535431040231591,10.971029344502865,241.03540378306573,0.28218193689230114,2.2591825924467805
0.01824988710105719,0.07535431040231592,10.971029344502291,241.03540378306573,0.28218193689230187,2.2591825775455785
0.01792016073909128,0.07535432530347712,10.971029344502291,241.03540378306573,0.28218193689230187,2.2591825775455785
0.018249887429185513,0.07535431040231592,10.971029359403452,241.03540378306573,0.28218193689230187,2.2591825775455785
0.018249887158321418,0.07535431040231592,10.971029344502291,241.0354037979669,0.28218193689230187,2.2591825775455785
0.01824996148512158,0.07535431040231592,10.971029344502291,241.03540378306573,0.28218195179346306,2.2591825775455785
0.018249882772744724,0.07535431040231592,10.971029344502291,241.03540378306573,0.28218193689230187,2.2591825924467397
0.018410521727322063,0.07535431040231591,10.971029344502577,241.03540378306573,0.2821819368923015,2.259182577545599
0.01792016073909001,0.0753543253034771,10.971029344502577,241.03540378306573,0.2821819368923015,2.259182577545599
0.018410522084012084,0.07535431040231591,10.971029359403738,241.03540378306573,0.2821819368923015,2.259182577545599
0.018410521788960126,0.07535431040231591,10.971029344502577,241.0354037979669,0.2821819368923015,2.259182577545599
0.018410601699978855,0.07535431040231591,10.971029344502577,241.03540378306573,0.28218195179346267,2.259182577545599
0.018410517073344672,0.07535431040231591,10.971029344502577,241.03540378306573,0.2821819368923015,2.25918259244676
0.01824988710105719,0.07535431040231592,10.971029344502291,241.03540378306573,0.28218193689230187,2.2591825775455785
0.01792016073909128,0.07535432530347712,10.971029344502291,241.03540378306573,0.28218193689230187,2.2591825775455785
0.018249887429185513,0.07535431040231592,10.971029359403452,241.03540378306573,0.28218193689230187,2.2591825775455785
0.018249887158321418,0.07535431040231592,10.971029344502291,241.0354037979669,0.28218193689230187,2.2591825775455785
0.01824996148512158,0.07535431040231592,10.971029344502291,241.03540378306573,0.28218195179346306,2.2591825775455785
0.018249882772744724,0.07535431040231592,10.971029344502291,241.03540378306573,0.28218193689230187,2.2591825924467397
0.01841052172732339,0.07535431040231591,10.971029344502435,241.03540378306573,0.2821819368923017,2.2591825775455887
0.017920160739090873,0.0753543253034771,10.971029344502435,241.03540378306573,0.2821819368923017,2.2591825775455887
0.01841052208401307,0.07535431040231591,10.971029359403596,241.03540378306573,0.2821819368923017,2.2591825775455887
0.01841052178896084,0.07535431040231591,10.971029344502435,241.0354037979669,0.2821819368923017,2.2591825775455887
0.018410601699979875,0.07535431040231591,10.971029344502435,241.03540378306573,0.2821819517934629,2.2591825775455887
0.01841051707334577,0.07535431040231591,10.971029344502435,241.03540378306573,0.2821819368923017,2.25918259244675
0.01824988710105719,0.07535431040231592,10.971029344502291,241.03540378306573,0.28218193689230187,2.2591825775455785
0.01792016073909128,0.07535432530347712,10.971029344502291,241.03540378306573,0.28218193689230187,2.2591825775455785
0.018249887429185513,0.07535431040231592,10.971029359403452,241.03540378306573,0.28218193689230187,2.2591825775455785
0.018249887158321418,0.07535431040231592,10.971029344502291,241.0354037979669,0.28218193689230187,2.2591825775455785
0.01824996148512158,0.07535431040231592,10.971029344502291,241.03540378306573,0.28218195179346306,2.2591825775455785
0.018249882772744724,0.07535431040231592,10.971029344502291,241.03540378306573,0.28218193689230187,2.2591825924467397
0.0183993826062921,0.07535430999073571,11.004488420425913,241.03530308490377,0.2821401985091229,2.261564645274245
0.01839060828102912,0.07535431029763894,10.97953897388857,241.03537817255454,0.2821713215910052,2.259788407592715
0.01809671540138861,0.07535431039087616,10.971959330136087,241.03540098418856,0.2821807767856443,2.259248786450195
0.018424954715496895,0.07535432529203735,10.971959330136087,241.03540098418856,0.2821807767856443,2.259248786450195
0.018096715674645346,0.07535431039087616,10.971959345037249,241.03540098418856,0.2821807767856443,2.259248786450195
0.018096715450377544,0.07535431039087616,10.971959330136087,241.03540099908972,0.2821807767856443,2.259248786450195
0.018096779159526007,0.07535431039087616,10.971959330136087,241.03540098418856,0.2821807916868055,2.259248786450195
0.01809671169044347,0.07535431039087616,10.971959330136087,241.03540098418856,0.2821807767856443,2.2592488013513563
0.017970882755415522,0.07535431034425755,10.975749152012328,241.03538957837156,0.2821760491883248,2.2595185970214553
0.017859377669563924,0.07535432524541874,10.975749152012328,241.03538957837156,0.2821760491883248,2.2595185970214553
0.017970882973567814,0.07535431034425755,10.97574916691349,241.03538957837156,0.2821760491883248,2.2595185970214553
0.017970882796084876,0.07535431034425755,10.975749152012328,241.03538959327273,0.2821760491883248,2.2595185970214553
0.01797093582768106,0.07535431034425755,10.975749152012328,241.03538957837156,0.282176064089486,2.2595185970214553
0.01797087966624776,0.07535431034425755,10.975749152012328,241.03538957837156,0.2821760491883248,2.2595186119226165
0.01840525377983719,0.07535431032094825,10.977644062950448,241.03538387546305,0.28217368538966503,2.259653502307085
0.0181773224545772,0.0753543103326029,10.976696607481388,241.0353867269173,0.2821748672889949,2.25958604966427
0.01810656840946195,0.07535431033843022,10.976222879746858,241.03538815264443,0.28217545823865986,2.2595523233428625
0.018325317292911515,0.07535431034134389,10.975986015879593,241.035388865508,0.2821757537134923,2.2595354601821587
0.018299362514029912,0.07535431034280071,10.975867583945961,241.03538922193977,0.28217590145090854,2.259527028601807
0.018169843579658614,0.07535431034352913,10.975808367979145,241.03538940015568,0.28217597531961663,2.259522812811631
0.018614386579356042,0.07535431034389334,10.975778759995736,241.03538948926362,0.2821760122539707,2.259520704916543
0.018505669706127006,0.07535431034407544,10.975763956004032,241.03538953381758,0.2821760307211477,2.259519650968999
1.155039721364404,0.0755133880650799,11.062887228021223,241.6889522711151,0.28980609591815254,2.223938062401561
1.13827045146199,0.0755134029662411,11.062887228021223,241.6889522711151,0.28980609591815254,2.223938062401561
1.155039738695469,0.0755133880650799,11.062887242922384,241.6889522711151,0.28980609591815254,2.223938062401561
1.155039724139585,0.0755133880650799,11.062887228021223,241.68895228601627,0.28980609591815254,2.223938062401561
1.155043167374751,0.0755133880650799,11.062887228021223,241.6889522711151,0.28980611081931373,2.223938062401561
1.1550395105967,0.0755133880650799,11.062887228021223,241.6889522711151,0.28980609591815254,2.2239380773027224
730.2177728329953,1.085513366659399,11.062886184184764,241.68895210396815,0.2895985454167273,2.223950756775122
730.2174310062618,1.0855133815605602,11.062886184184764,241.68895210396815,0.2895985454167273,2.223950756775122
730.2177728321383,1.085513366659399,11.062886199085925,241.68895210396815,0.2895985454167273,2.223950756775122
730.2177728312959,1.085513366659399,11.062886184184764,241.6889521188693,0.2895985454167273,2.223950756775122
730.2177701844547,1.085513366659399,11.062886184184764,241.68895210396815,0.2895985603178885,2.223950756775122
730.2177729327783,1.085513366659399,11.062886184184764,241.68895210396815,0.2895985454167273,2.223950771676283
691.7399056730547,0.40834164811488044,11.062886884042728,241.6889522160347,0.2897377011916913,2.223942245615773
691.7457591938105,0.40834166301604163,11.062886884042728,241.6889522160347,0.2897377011916913,2.223942245615773
691.7399056583116,0.40834164811488044,11.062886898943889,241.6889522160347,0.2897377011916913,2.223942245615773
691.7399056698208,0.40834164811488044,11.062886884042728,241.68895223093585,0.2897377011916913,2.223942245615773
691.7399020589758,0.40834164811488044,11.062886884042728,241.6889522160347,0.2897377160928525,2.223942245615773
691.7399058521129,0.40834164811488044,11.062886884042728,241.6889522160347,0.2897377011916913,2.2239422605169343
558.4967458417073,0.2065660520001495,11.062887092578103,241.68895224942693,0.2897791651788562,2.2239397095614697
558.5295377870815,0.20656606690131069,11.062887092578103,241.68895224942693,0.2897791651788562,2.2239397095614697
558.4967457954717,0.2065660520001495,11.062887107479265,241.68895224942693,0.2897791651788562,2.2239397095614697
558.4967458327607,0.2065660520001495,11.062887092578103,241.6889522643281,0.2897791651788562,2.2239397095614697
558.4967365159004,0.2065660520001495,11.062887092578103,241.68895224942693,0.2897791800800174,2.2239397095614697
558.4967463598651,0.2065660520001495,11.062887092578103,241.68895224942693,0.2897791651788562,2.223939724462631
388.91089512421206,0.14574441803853477,11.06288715543735,241.68895225949242,0.28979166375399856,2.223938945113392
388.9822270347374,0.14574443293969597,11.06288715543735,241.68895225949242,0.28979166375399856,2.223938945113392
388.91089504511547,0.14574441803853477,11.062887170338511,241.68895225949242,0.28979166375399856,2.223938945113392
388.91089510949786,0.14574441803853477,11.06288715543735,241.68895227439359,0.28979166375399856,2.223938945113392
388.9108793411786,0.14574441803853477,11.06288715543735,241.68895225949242,0.28979167865515976,2.223938945113392
388.91089605233964,0.14574441803853477,11.06288715543735,241.68895225949242,0.28979166375399856,2.223938960014553
225.68361944594105,0.11492027524556131,11.062887187294148,241.68895226459358,0.28979799797818495,2.22393855769439
225.79852235481945,0.1149202901467225,11.062887187294148,241.68895226459358,0.28979799797818495,2.22393855769439
225.6836193458167,0.11492027524556131,11.06288720219531,241.68895226459358,0.28979799797818495,2.22393855769439
225.68361942831135,0.11492027524556131,11.062887187294148,241.68895227949474,0.28979799797818495,2.22393855769439
225.68359965651933,0.11492027524556131,11.062887187294148,241.68895226459358,0.28979801287934615,2.22393855769439
225.68362063317585,0.11492027524556131,11.062887187294148,241.68895226459358,0.28979799797818495,2.2239385725955514
108.13334146891592,0.09794515272906987,11.062887204837962,241.68895226740284,0.28980148629032826,2.2239383443393894
108.06040287353382,0.09794516763023106,11.062887204837962,241.68895226740284,0.28980148629032826,2.2239383443393894
108.13334137136857,0.09794515272906987,11.062887219739123,241.68895226740284,0.28980148629032826,2.2239383443393894
108.13334145240972,0.09794515272906987,11.062887204837962,241.688952282304,0.28980148629032826,2.2239383443393894
108.13332222818454,0.09794515272906987,11.062887204837962,241.68895226740284,0.28980150119148945,2.2239383443393894
108.13334263599171,0.09794515272906987,11.062887204837962,241.68895226740284,0.28980148629032826,2.2239383592405506
0.14923893256028953,0.07749809363062389,11.062887225970027,241.68895227078667,0.28980568806999013,2.223938087346704
0.14878548052588056,0.07749810853178508,11.062887225970027,241.68895227078667,0.28980568806999013,2.223938087346704
0.14923892692070048,0.07749809363062389,11.062887240871188,241.68895227078667,0.28980568806999013,2.223938087346704
0.14923893166104757,0.07749809363062389,11.062887225970027,241.68895228568783,0.28980568806999013,2.223938087346704
0.1492378232957584,0.07749809363062389,11.062887225970027,241.68895227078667,0.2898057029711513,2.223938087346704
0.14923900033905194,0.07749809363062389,11.062887225970027,241.68895227078667,0.28980568806999013,2.2239381022478653
4.697519148226684,0.07750494761089187,11.063011170166101,241.6889720403243,0.31420494232075613,2.222447119358343
4.6807935265864105,0.07750496251205306,11.063011170166101,241.6889720403243,0.31420494232075613,2.222447119358343
4.697519180970802,0.07750494761089187,11.063011185067262,241.6889720403243,0.31420494232075613,2.222447119358343
4.697519154322478,0.07750494761089187,11.063011170166101,241.68897205522546,0.31420494232075613,2.222447119358343
4.697525812200911,0.07750494761089187,11.063011170166101,241.6889720403243,0.3142049572219173,2.222447119358343
4.697518693804672,0.07750494761089187,11.063011170166101,241.6889720403243,0.31420494232075613,2.2224471342595042
0.049321274894971734,0.07749860708836452,11.06289651110135,241.68895375179795,0.29163352904278533,2.2238263932617026
0.047374775050437114,0.07749862198952572,11.06289651110135,241.68895375179795,0.29163352904278533,2.2238263932617026
0.049321272107857535,0.07749860708836452,11.062896526002511,241.68895375179795,0.29163352904278533,2.2238263932617026
0.049321274448288016,0.07749860708836452,11.06289651110135,241.68895376669911,0.29163352904278533,2.2238263932617026
0.049320729014143465,0.07749860708836452,11.06289651110135,241.68895375179795,0.2916335439439465,2.2238263932617026
0.04932130852738193,0.07749860708836452,11.06289651110135,241.68895375179795,0.29163352904278533,2.223826408162864
0.02248574099890583,0.07749949333732853,11.062907896776029,241.68895584402492,0.2939725311216638,2.2236591885373023
0.022108415981921124,0.07749950823848972,11.062907896776029,241.68895584402492,0.2939725311216638,2.2236591885373023
0.02248574204436911,0.07749949333732853,11.06290791167719,241.68895584402492,0.2939725311216638,2.2236591885373023
0.022485741176484445,0.07749949333732853,11.062907896776029,241.68895585892608,0.2939725311216638,2.2236591885373023
0.022485956582828773,0.07749949333732853,11.062907896776029,241.68895584402492,0.293972546022825,2.2236591885373023
0.02248572758517724,0.07749949333732853,11.062907896776029,241.68895584402492,0.2939725311216638,2.2236592034384635
0.019978262185436777,0.07749948148792646,11.065921269762013,241.68870691921327,0.29499133691547136,2.2436541761037745
0.019557891252096733,0.07749949638908765,11.065921269762013,241.68870691921327,0.29499133691547136,2.2436541761037745
0.019978262904836962,0.07749948148792646,11.065921284663174,241.68870691921327,0.29499133691547136,2.2436541761037745
0.01997826230929023,0.07749948148792646,11.065921269762013,241.68870693411444,0.29499133691547136,2.2436541761037745
0.019978412034762073,0.07749948148792646,11.065921269762013,241.68870691921327,0.29499135181663255,2.2436541761037745
0.019978252911657803,0.07749948148792646,11.065921269762013,241.68870691921327,0.29499133691547136,2.2436541910049357
0.017577391023699297,0.07749954979268846,11.074683561259656,241.68794061045168,0.29764105697522864,2.2921813289429838
0.017641468330480106,0.07749956469384965,11.074683561259656,241.68794061045168,0.29764105697522864,2.2921813289429838
0.017577391161550635,0.07749954979268846,11.074683576160817,241.68794061045168,0.29764105697522864,2.2921813289429838
0.017577391051404163,0.07749954979268846,11.074683561259656,241.68794062535284,0.29764105697522864,2.2921813289429838
0.017577424781363635,0.07749954979268846,11.074683561259656,241.68794061045168,0.29764107187638983,2.2921813289429838
0.017577388962057006,0.07749954979268846,11.074683561259656,241.68794061045168,0.29764105697522864,2.292181343844145
0.01743316671191167,0.0774995322813586,11.078259868376112,241.68782030380484,0.2977654866419872,2.2963452310955024
0.01743018432022273,0.07749954718251979,11.078259868376112,241.68782030380484,0.2977654866419872,2.2963452310955024
0.017433166670781118,0.0774995322813586,11.078259883277273,241.68782030380484,0.2977654866419872,2.2963452310955024
0.017433166710059945,0.0774995322813586,11.078259868376112,241.687820318706,0.2977654866419872,2.2963452310955024
0.017433165334983014,0.0774995322813586,11.078259868376112,241.68782030380484,0.2977655015431484,2.2963452310955024
0.017433166798805598,0.0774995322813586,11.078259868376112,241.68782030380484,0.2977654866419872,2.2963452459966636
0.01743162040054784,0.07749953282437402,11.080545851047443,241.6878682194004,0.2977479442015267,2.296221795278257
0.017463328900245687,0.07749954772553522,11.080545851047443,241.6878682194004,0.2977479442015267,2.296221795278257
0.017431620436469723,0.07749953282437402,11.080545865948604,241.6878682194004,0.2977479442015267,2.296221795278257
0.017431620411368906,0.07749953282437402,11.080545851047443,241.68786823430156,0.2977479442015267,2.296221795278257
0.017431634087558334,0.07749953282437402,11.080545851047443,241.6878682194004,0.2977479591026879,2.296221795278257
0.017431619568089207,0.07749953282437402,11.080545851047443,241.6878682194004,0.2977479442015267,2.2962218101794183
0.017391840530917586,0.07749953292718284,11.081921817049718,241.68789507393703,0.2977384247267784,2.296184831464765
0.017373434570252547,0.07749954782834403,11.081921817049718,241.68789507393703,0.2977384247267784,2.296184831464765
0.01739184047814833,0.07749953292718284,11.08192183195088,241.68789507393703,0.2977384247267784,2.296184831464765
0.017391840527087133,0.07749953292718284,11.081921817049718,241.6878950888382,0.2977384247267784,2.296184831464765
0.017391836818413494,0.07749953292718284,11.081921817049718,241.68789507393703,0.2977384396279396,2.296184831464765
0.017391840760999682,0.07749953292718284,11.081921817049718,241.68789507393703,0.2977384247267784,2.296184846365926
0.017438315647948253,0.07749953333841812,11.087425681058818,241.6880024920836,0.29770034682778507,2.296036976210796
0.017536647598750007,0.07749954823957932,11.087425681058818,241.6880024920836,0.29770034682778507,2.296036976210796
0.01743831565018072,0.07749953333841812,11.087425695959979,241.6880024920836,0.29770034682778507,2.296036976210796
0.017438315653233272,0.07749953333841812,11.087425681058818,241.68800250698476,0.29770034682778507,2.296036976210796
0.017438322756122743,0.07749953333841812,11.087425681058818,241.6880024920836,0.29770036172894626,2.296036976210796
0.017438315216911623,0.07749953333841812,11.087425681058818,241.6880024920836,0.29770034682778507,2.2960369911119574
0.017420600811718603,0.07749953294280523,11.082130902875695,241.68789915463594,0.2977369781886827,2.296179214603983
0.017502253937236794,0.07749954784396643,11.082130902875695,241.68789915463594,0.2977369781886827,2.296179214603983
0.017420600768137517,0.07749953294280523,11.082130917776857,241.68789915463594,0.2977369781886827,2.296179214603983
0.017420600809437446,0.07749953294280523,11.082130902875695,241.6878991695371,0.2977369781886827,2.296179214603983
0.01742059893370221,0.07749953294280523,11.082130902875695,241.68789915463594,0.2977369930898439,2.296179214603983
0.0174206009293202,0.07749953294280523,11.082130902875695,241.68789915463594,0.2977369781886827,2.296179229505144
0.017469163309031442,0.0774995329881438,11.091937845500027,241.6880983397221,0.29765116715799206,2.2955950524464237
0.017415279122189122,0.07749954788930499,11.091937845500027,241.6880983397221,0.29765116715799206,2.2955950524464237
0.017469163318014347,0.0774995329881438,11.091937860401188,241.6880983397221,0.29765116715799206,2.2955950524464237
0.017469163315431233,0.0774995329881438,11.091937845500027,241.68809835462326,0.29765116715799206,2.2955950524464237
0.01746917173743606,0.0774995329881438,11.091937845500027,241.6880983397221,0.29765118205915325,2.2955950524464237
0.017469162797463963,0.0774995329881438,11.091937845500027,241.6880983397221,0.29765116715799206,2.295595067347585
0.017416248842461374,0.07749953294531496,11.082673767389128,241.68791018055086,0.2977322281085398,2.296146878236006
0.017449986311631444,0.07749954784647616,11.082673767389128,241.68791018055086,0.2977322281085398,2.296146878236006
0.017416248830583216,0.07749953294531496,11.08267378229029,241.68791018055086,0.2977322281085398,2.296146878236006
0.017416248845388883,0.07749953294531496,11.082673767389128,241.68791019545202,0.2977322281085398,2.296146878236006
0.017416253155138537,0.07749953294531496,11.082673767389128,241.68791018055086,0.29773224300970097,2.296146878236006
0.01741624858237623,0.07749953294531496,11.082673767389128,241.68791018055086,0.2977322281085398,2.296146893137167
0.017465664993184797,0.07749953294745236,11.083136097588131,241.68791957076388,0.2977281827059698,2.296119338989892
0.01744719306471805,0.07749954784861356,11.083136097588131,241.68791957076388,0.2977281827059698,2.296119338989892
0.017465665060263768,0.07749953294745236,11.083136112489292,241.68791957076388,0.2977281827059698,2.296119338989892
0.01746566500915285,0.07749953294745236,11.083136097588131,241.68791958566504,0.2977281827059698,2.296119338989892
0.01746568478976598,0.07749953294745236,11.083136097588131,241.68791957076388,0.297728197607131,2.296119338989892
0.017465663787745007,0.07749953294745236,11.083136097588131,241.68791957076388,0.2977281827059698,2.2961193538910534
0.017464970322861716,0.0774995329453224,11.082675379141174,241.68791021328653,0.2977322140056629,2.296146782230086
0.017551796261311814,0.0774995478464836,11.082675379141174,241.68791021328653,0.2977322140056629,2.296146782230086
0.01746497031550458,0.0774995329453224,11.082675394042335,241.68791021328653,0.2977322140056629,2.296146782230086
0.01746497032657239,0.0774995329453224,11.082675379141174,241.6879102281877,0.2977322140056629,2.296146782230086
0.017464975554422855,0.0774995329453224,11.082675379141174,241.68791021328653,0.2977322289068241,2.296146782230086
0.017464970006316624,0.0774995329453224,11.082675379141174,241.68791021328653,0.2977322140056629,2.296146797131247
0.01741624884241522,0.07749953294531496,11.082673767409348,241.68791018055126,0.2977322281083628,2.2961468782348016
0.017449986311585536,0.07749954784647616,11.082673767409348,241.68791018055126,0.2977322281083628,2.2961468782348016
0.01741624883053693,0.07749953294531496,11.08267378231051,241.68791018055126,0.2977322281083628,2.2961468782348016
0.017416248845342673,0.07749953294531496,11.082673767409348,241.68791019545242,0.2977322281083628,2.2961468782348016
0.017416253155092674,0.07749953294531496,11.082673767409348,241.68791018055126,0.297732243009524,2.2961468782348016
0.017416248582329555,0.07749953294531496,11.082673767409348,241.68791018055126,0.2977322281083628,2.2961468931359628
0.0174162488423687,0.07749953294531496,11.082673767429567,241.68791018055168,0.2977322281081859,2.296146878233597
0.017449986311538997,0.07749954784647616,11.082673767429567,241.68791018055168,0.2977322281081859,2.296146878233597
0.017416248830490838,0.07749953294531496,11.082673782330728,241.68791018055168,0.2977322281081859,2.296146878233597
0.017416248845296467,0.07749953294531496,11.082673767429567,241.68791019545284,0.2977322281081859,2.296146878233597
0.01741625315504623,0.07749953294531496,11.082673767429567,241.68791018055168,0.2977322430093471,2.296146878233597
0.017416248582283474,0.07749953294531496,11.082673767429567,241.68791018055168,0.2977322281081859,2.2961468931347584
0.01738367074653915,0.07749953294531868,11.08267457328537,241.6879101969191,0.29773222105692443,2.2961468302318417
0.01750985174575829,0.07749954784647987,11.08267457328537,241.6879101969191,0.29773222105692443,2.2961468302318417
0.017383670714411797,0.07749953294531868,11.082674588186531,241.6879101969191,0.29773222105692443,2.2961468302318417
0.01738367074612453,0.07749953294531868,11.08267457328537,241.68791021182025,0.29773222105692443,2.2961468302318417
0.017383671091926366,0.07749953294531868,11.08267457328537,241.6879101969191,0.2977322359580856,2.2961468302318417
0.017383670728683884,0.07749953294531868,11.08267457328537,241.6879101969191,0.29773222105692443,2.296146845133003
0.017383670746522705,0.07749953294531868,11.082674573292842,241.68791019691926,0.29773222105685904,2.2961468302313963
0.017509851745741344,0.07749954784647987,11.082674573292842,241.68791019691926,0.29773222105685904,2.2961468302313963
0.017383670714395033,0.07749953294531868,11.082674588194003,241.68791019691926,0.29773222105685904,2.2961468302313963
0.01738367074610749,0.07749953294531868,11.082674573292842,241.68791021182042,0.29773222105685904,2.2961468302313963
0.017383671091908876,0.07749953294531868,11.082674573292842,241.68791019691926,0.29773223595802023,2.2961468302313963
0.017383670728666954,0.07749953294531868,11.082674573292842,241.68791019691926,0.29773222105685904,2.2961468451325575
0.017383670746515652,0.07749953294531868,11.082674573295835,241.68791019691932,0.29773222105683284,2.2961468302312182
0.017509851745734193,0.07749954784647987,11.082674573295835,241.68791019691932,0.29773222105683284,2.2961468302312182
0.01738367071438833,0.07749953294531868,11.082674588196996,241.68791019691932,0.29773222105683284,2.2961468302312182
0.017383670746100772,0.07749953294531868,11.082674573295835,241.68791021182048,0.29773222105683284,2.2961468302312182
0.0173836710919022,0.07749953294531868,11.082674573295835,241.68791019691932,0.29773223595799403,2.2961468302312182
0.017383670728660094,0.07749953294531868,11.082674573295835,241.68791019691932,0.29773222105683284,2.2961468451323794
0.0173719193995496,0.07749953294532054,11.082674976218504,241.68791020510292,0.29773221753124784,2.296146806230652
0.017614942091978808,0.07749954784648173,11.082674976218504,241.68791020510292,0.29773221753124784,2.296146806230652
0.017371919399879105,0.07749953294532054,11.082674991119665,241.68791020510292,0.29773221753124784,2.296146806230652
0.01737191940448006,0.07749953294532054,11.082674976218504,241.68791022000408,0.29773221753124784,2.296146806230652
0.01737192610060968,0.07749953294532054,11.082674976218504,241.68791020510292,0.29773223243240904,2.296146806230652
0.017371918993741298,0.07749953294532054,11.082674976218504,241.68791020510292,0.29773221753124784,2.296146821131813
0.017371919399538173,0.07749953294532054,11.08267497622359,241.68791020510304,0.2977322175312034,2.296146806230349
0.017614942091967314,0.07749954784648173,11.08267497622359,241.68791020510304,0.2977322175312034,2.296146806230349
0.017371919399867857,0.07749953294532054,11.082674991124751,241.68791020510304,0.2977322175312034,2.296146806230349
0.017371919404468278,0.07749953294532054,11.08267497622359,241.6879102200042,0.2977322175312034,2.296146806230349
0.017371926100597873,0.07749953294532054,11.08267497622359,241.68791020510304,0.2977322324323646,2.296146806230349
0.01737191899372943,0.07749953294532054,11.08267497622359,241.68791020510304,0.2977322175312034,2.29614682113151
0.017371919399507378,0.07749953294532054,11.08267497623691,241.6879102051033,0.2977322175310868,2.2961468062295554
0.01761494209193616,0.07749954784648173,11.08267497623691,241.6879102051033,0.2977322175310868,2.2961468062295554
0.017371919399836983,0.07749953294532054,11.082674991138072,241.6879102051033,0.2977322175310868,2.2961468062295554
0.017371919404437868,0.07749953294532054,11.08267497623691,241.68791022000445,0.2977322175310868,2.2961468062295554
0.01737192610056764,0.07749953294532054,11.08267497623691,241.6879102051033,0.297732232432248,2.2961468062295554
0.017371918993699352,0.07749953294532054,11.08267497623691,241.6879102051033,0.2977322175310868,2.2961468211307166
0.017453817819243655,0.07749953294532147,11.082675177689042,241.6879102091949,0.29773221576837483,2.296146794229821
0.01743541533776112,0.07749954784648266,11.082675177689042,241.6879102091949,0.29773221576837483,2.296146794229821
0.01745381780677326,0.07749953294532147,11.082675192590203,241.6879102091949,0.29773221576837483,2.296146794229821
0.01745381782210184,0.07749953294532147,11.082675177689042,241.68791022409607,0.29773221576837483,2.296146794229821
0.01745382204167271,0.07749953294532147,11.082675177689042,241.6879102091949,0.297732230669536,2.296146794229821
0.017453817564483925,0.07749953294532147,11.082675177689042,241.6879102091949,0.29773221576837483,2.296146809130982
0.017371919399506826,0.07749953294532054,11.082674976237094,241.6879102051033,0.2977322175310852,2.2961468062295447
0.017614942091935853,0.07749954784648173,11.082674976237094,241.6879102051033,0.2977322175310852,2.2961468062295447
0.017371919399836483,0.07749953294532054,11.082674991138255,241.6879102051033,0.2977322175310852,2.2961468062295447
0.01737191940443773,0.07749953294532054,11.082674976237094,241.68791022000445,0.2977322175310852,2.2961468062295447
0.01737192610056761,0.07749953294532054,11.082674976237094,241.6879102051033,0.2977322324322464,2.2961468062295447
0.017371918993698603,0.07749953294532054,11.082674976237094,241.6879102051033,0.2977322175310852,2.296146821130706
0.017371919399507097,0.07749953294532054,11.082674976237154,241.6879102051033,0.2977322175310847,2.296146806229541
0.01761494209193548,0.07749954784648173,11.082674976237154,241.6879102051033,0.2977322175310847,2.296146806229541
0.01737191939983659,0.07749953294532054,11.082674991138315,241.6879102051033,0.2977322175310847,2.296146806229541
0.01737191940443753,0.07749953294532054,11.082674976237154,241.68791022000445,0.2977322175310847,2.296146806229541
0.017371926100567075,0.07749953294532054,11.082674976237154,241.6879102051033,0.2977322324322459,2.296146806229541
0.017371918993698707,0.07749953294532054,11.082674976237154,241.6879102051033,0.2977322175310847,2.2961468211307023
0.01737191939950707,0.07749953294532054,11.082674976237097,241.6879102051033,0.2977322175310852,2.2961468062295443
0.017614942091935995,0.07749954784648173,11.082674976237097,241.6879102051033,0.2977322175310852,2.2961468062295443
0.017371919399836955,0.07749953294532054,11.082674991138258,241.6879102051033,0.2977322175310852,2.2961468062295443
0.017371919404438017,0.07749953294532054,11.082674976237097,241.68791022000445,0.2977322175310852,2.2961468062295443
0.01737192610056715,0.07749953294532054,11.082674976237097,241.6879102051033,0.2977322324322464,2.2961468062295443
0.01737191899369873,0.07749953294532054,11.082674976237097,241.6879102051033,0.2977322175310852,2.2961468211307055
0.017371919399506826,0.07749953294532054,11.082674976237094,241.6879102051033,0.2977322175310852,2.2961468062295447
0.017614942091935853,0.07749954784648173,11.082674976237094,241.6879102051033,0.2977322175310852,2.2961468062295447
0.017371919399836483,0.07749953294532054,11.082674991138255,241.6879102051033,0.2977322175310852,2.2961468062295447
0.01737191940443773,0.07749953294532054,11.082674976237094,241.68791022000445,0.2977322175310852,2.2961468062295447
0.01737192610056761,0.07749953294532054,11.082674976237094,241.6879102051033,0.2977322324322464,2.2961468062295447
0.017371918993698603,0.07749953294532054,11.082674976237094,241.6879102051033,0.2977322175310852,2.296146821130706
0.017371919399506917,0.07749953294532054,11.082674976237096,241.6879102051033,0.2977322175310852,2.2961468062295447
0.01761494209193572,0.07749954784648173,11.082674976237096,241.6879102051033,0.2977322175310852,2.2961468062295447
0.017371919399836545,0.07749953294532054,11.082674991138257,241.6879102051033,0.2977322175310852,2.2961468062295447
0.017371919404437938,0.07749953294532054,11.082674976237096,241.68791022000445,0.2977322175310852,2.2961468062295447
0.017371926100567273,0.07749953294532054,11.082674976237096,241.6879102051033,0.2977322324322464,2.2961468062295447
0.017371918993698707,0.07749953294532054,11.082674976237096,241.6879102051033,0.2977322175310852,2.296146821130706
0.017371919399506826,0.07749953294532054,11.082674976237094,241.6879102051033,0.2977322175310852,2.2961468062295447
0.017614942091935853,0.07749954784648173,11.082674976237094,241.6879102051033,0.2977322175310852,2.2961468062295447
0.017371919399836483,0.07749953294532054,11.082674991138255,241.6879102051033,0.2977322175310852,2.2961468062295447
0.01737191940443773,0.07749953294532054,11.082674976237094,241.68791022000445,0.2977322175310852,2.2961468062295447
0.01737192610056761,0.07749953294532054,11.082674976237094,241.6879102051033,0.2977322324322464,2.2961468062295447
0.017371918993698603,0.07749953294532054,11.082674976237094,241.6879102051033,0.2977322175310852,2.296146821130706
0.017371919399506917,0.07749953294532054,11.082674976237096,241.6879102051033,0.2977322175310852,2.2961468062295447
0.01761494209193572,0.07749954784648173,11.082674976237096,241.6879102051033,0.2977322175310852,2.2961468062295447
0.017371919399836545,0.07749953294532054,11.082674991138257,241.6879102051033,0.2977322175310852,2.2961468062295447
0.017371919404437938,0.07749953294532054,11.082674976237096,241.68791022000445,0.2977322175310852,2.2961468062295447
0.017371926100567273,0.07749953294532054,11.082674976237096,241.6879102051033,0.2977322324322464,2.2961468062295447
0.017371918993698707,0.07749953294532054,11.082674976237096,241.6879102051033,0.2977322175310852,2.296146821130706
0.017371919399506826,0.07749953294532054,11.082674976237094,241.6879102051033,0.2977322175310852,2.2961468062295447
0.017614942091935853,0.07749954784648173,11.082674976237094,241.6879102051033,0.2977322175310852,2.2961468062295447
0.017371919399836483,0.07749953294532054,11.082674991138255,241.6879102051033,0.2977322175310852,2.2961468062295447
0.01737191940443773,0.07749953294532054,11.082674976237094,241.68791022000445,0.2977322175310852,2.2961468062295447
0.01737192610056761,0.07749953294532054,11.082674976237094,241.6879102051033,0.2977322324322464,2.2961468062295447
0.017371918993698603,0.07749953294532054,11.082674976237094,241.6879102051033,0.2977322175310852,2.296146821130706
0.017371919399506917,0.07749953294532054,11.082674976237096,241.6879102051033,0.2977322175310852,2.2961468062295447
0.01761494209193572,0.07749954784648173,11.082674976237096,241.6879102051033,0.2977322175310852,2.2961468062295447
0.017371919399836545,0.07749953294532054,11.082674991138257,241.6879102051033,0.2977322175310852,2.2961468062295447
0.017371919404437938,0.07749953294532054,11.082674976237096,241.68791022000445,0.2977322175310852,2.2961468062295447
0.017371926100567273,0.07749953294532054,11.082674976237096,241.6879102051033,0.2977322324322464,2.2961468062295447
0.017371918993698707,0.07749953294532054,11.082674976237096,241.6879102051033,0.2977322175310852,2.296146821130706
0.017371919399506826,0.07749953294532054,11.082674976237094,241.6879102051033,0.2977322175310852,2.2961468062295447
0.017614942091935853,0.07749954784648173,11.082674976237094,241.6879102051033,0.2977322175310852,2.2961468062295447
0.017371919399836483,0.07749953294532054,11.082674991138255,241.6879102051033,0.2977322175310852,2.2961468062295447
0.01737191940443773,0.07749953294532054,11.082674976237094,241.68791022000445,0.2977322175310852,2.2961468062295447
0.01737192610056761,0.07749953294532054,11.082674976237094,241.6879102051033,0.2977322324322464,2.2961468062295447
0.017371918993698603,0.07749953294532054,11.082674976237094,241.6879102051033,0.2977322175310852,2.296146821130706
0.017371919399506917,0.07749953294532054,11.082674976237096,241.6879102051033,0.2977322175310852,2.2961468062295447
0.01761494209193572,0.07749954784648173,11.082674976237096,241.6879102051033,0.2977322175310852,2.2961468062295447
0.017371919399836545,0.07749953294532054,11.082674991138257,241.6879102051033,0.2977322175310852,2.2961468062295447
0.017371919404437938,0.07749953294532054,11.082674976237096,241.68791022000445,0.2977322175310852,2.2961468062295447
0.017371926100567273,0.07749953294532054,11.082674976237096,241.6879102051033,0.2977322324322464,2.2961468062295447
0.017371918993698707,0.07749953294532054,11.082674976237096,241.6879102051033,0.2977322175310852,2.296146821130706
0.017371919399506826,0.07749953294532054,11.082674976237094,241.6879102051033,0.2977322175310852,2.2961468062295447
0.017614942091935853,0.07749954784648173,11.082674976237094,241.6879102051033,0.2977322175310852,2.2961468062295447
0.017371919399836483,0.07749953294532054,11.082674991138255,241.6879102051033,0.2977322175310852,2.2961468062295447
0.01737191940443773,0.07749953294532054,11.082674976237094,241.68791022000445,0.2977322175310852,2.2961468062295447
0.01737192610056761,0.07749953294532054,11.082674976237094,241.6879102051033,0.2977322324322464,2.2961468062295447
0.017371918993698603,0.07749953294532054,11.082674976237094,241.6879102051033,0.2977322175310852,2.296146821130706
0.017469163309031442,0.0774995329881438,11.091937845500027,241.6880983397221,0.29765116715799206,2.2955950524464237
0.01736782339990661,0.07749953294993026,11.083672077331032,241.68793045684484,0.29772349286776745,2.29608741272143
0.017414820270384424,0.07749954785109145,11.083672077331032,241.68793045684484,0.29772349286776745,2.29608741272143
0.017367823409851338,0.07749953294993026,11.083672092232193,241.68793045684484,0.29772349286776745,2.29608741272143
0.01736782340640724,0.07749953294993026,11.083672077331032,241.687930471746,0.29772349286776745,2.29608741272143
0.017367831967854994,0.07749953294993026,11.083672077331032,241.68793045684484,0.29772350776892864,2.29608741272143
0.017367822880261622,0.07749953294993026,11.083672077331032,241.68793045684484,0.29772349286776745,2.296087427622591
0.017431967635766307,0.07749953296903703,11.08780496141553,241.68801439828346,0.2976873300128798,2.295841232583927
0.017408954748863396,0.07749953295948364,11.085738519373281,241.68797242756415,0.29770541144032364,2.2959643226526785
0.01744174224190934,0.07749953295470695,11.084705298352157,241.6879514422045,0.2977144521540455,2.296025867687054
0.017400821288445275,0.0774995329523186,11.084188687841595,241.68794094952466,0.2977189725109065,2.296056640204242
0.01745163067710256,0.07749953295112443,11.083930382586313,241.68793570318476,0.297721232689337,2.296072026462836
0.01744415343027286,0.07749953295052733,11.083801229958672,241.6879330800148,0.29772236277855224,2.2960797195921328
0.01741532862663738,0.0774995329502288,11.083736653644852,241.68793176842982,0.29772292782315984,2.2960835661567813
0.01755619561461122,0.07749953295007952,11.083704365487941,241.68793111263733,0.2977232103454637,2.296085489439106
0.017514749752156254,0.07749953295000489,11.083688221409487,241.6879307847411,0.29772335160661556,2.2960864510802677
0.017418356369855302,0.07749953294996757,11.08368014937026,241.68793062079297,0.2977234222371915,2.296086931900849
0.10223044398378524,0.077,11.0878,241.688,0.297,2.295
0.10492284902803228,0.07700001490116119,11.0878,241.688,0.297,2.295
0.10223044847387613,0.077,11.08780001490116,241.688,0.297,2.295
0.10223044472614046,0.077,11.0878,241.68800001490115,0.297,2.295
0.10223133095477441,0.077,11.0878,241.688,0.2970000149011612,2.295
0.10223038995022414,0.077,11.0878,241.688,0.297,2.295000014901161
666.3363441974835,0.9329999449890023,11.08779831563547,241.6879997215208,0.29666727121828035,2.2950202695704545
666.1009636968921,0.9329999300878411,11.08779831563547,241.6879997215208,0.29666727121828035,2.2950202695704545
666.3363441970308,0.9329999449890023,11.08779833053663,241.6879997215208,0.29666727121828035,2.2950202695704545
666.3363441919926,0.9329999449890023,11.08779831563547,241.68799973642197,0.29666727121828035,2.2950202695704545
666.336336474479,0.9329999449890023,11.08779831563547,241.6879997215208,0.29666728611944154,2.2950202695704545
666.336344481896,0.9329999449890023,11.08779831563547,241.6879997215208,0.29666727121828035,2.2950202844716157
632.8106543628123,0.5102685067092981,11.087799020619508,241.68799983807716,0.2968065335193837,2.2950117858227927
632.8116000626414,0.5102684918081369,11.087799020619508,241.68799983807716,0.2968065335193837,2.2950117858227927
632.8106543519035,0.5102685067092981,11.08779903552067,241.68799983807716,0.2968065335193837,2.2950117858227927
632.810654355969,0.5102685067092981,11.087799020619508,241.68799985297832,0.2968065335193837,2.2950117858227927
632.8106459113682,0.5102685067092981,11.087799020619508,241.68799983807716,0.2968065484205449,2.2950117858227927
632.8106547766245,0.5102685067092981,11.087799020619508,241.68799983807716,0.2968065335193837,2.295011800723954
26.44613052097362,0.08597857650371922,11.087799728202626,241.68799995506322,0.2969463092414257,2.2950032707979395
26.431565715256337,0.08597856160255803,11.087799728202626,241.68799995506322,0.2969463092414257,2.2950032707979395
26.446130457635597,0.08597857650371922,11.087799743103787,241.68799995506322,0.2969463092414257,2.2950032707979395
26.44613051034679,0.08597857650371922,11.087799728202626,241.68799996996438,0.2969463092414257,2.2950032707979395
26.44611815673722,0.08597857650371922,11.087799728202626,241.68799995506322,0.29694632414258687,2.2950032707979395
26.446131271097506,0.08597857650371922,11.087799728202626,241.68799995506322,0.2969463092414257,2.2950032856991007
441505.0522717321,0.01541114485961563,11.087799845887066,241.6879999745202,0.2969695565848305,2.295001854588429
441559.66427895374,0.015411129958454436,11.087799845887066,241.6879999745202,0.2969695565848305,2.295001854588429
441505.0525419232,0.01541114485961563,11.087799860788227,241.6879999745202,0.2969695565848305,2.295001854588429
441505.05231300194,0.01541114485961563,11.087799845887066,241.68799998942137,0.2969695565848305,2.295001854588429
441505.1092871187,0.01541114485961563,11.087799845887066,241.6879999745202,0.2969695714859917,2.295001854588429
441505.04819031176,0.01541114485961563,11.087799845887066,241.6879999745202,0.2969695565848305,2.29500186948959
0.10611479921389662,0.07699773105113727,11.087799999996216,241.68799999999936,0.29699999925253007,2.295000000045535
0.0998887308225773,0.07699774595229847,11.087799999996216,241.68799999999936,0.29699999925253007,2.295000000045535
0.10611480380736651,0.07699773105113727,11.087800014897377,241.68799999999936,0.29699999925253007,2.295000000045535
0.10611479997335699,0.07699773105113727,11.087799999996216,241.68800001490052,0.29699999925253007,2.295000000045535
0.1061157063884826,0.07699773105113727,11.087799999996216,241.68799999999936,0.29700001415369126,2.295000000045535
0.10611474396527006,0.07699773105113727,11.087799999996216,241.68799999999936,0.29699999925253007,2.2950000149466963
0.10340286091688469,0.07699877319074179,11.087799999997953,241.68799999999965,0.2969999995958467,2.2950000000246207
0.10405505578647604,0.07699878809190298,11.087799999997953,241.68799999999965,0.2969999995958467,2.2950000000246207
0.10340286544116503,0.07699877319074179,11.087800014899114,241.68799999999965,0.2969999995958467,2.2950000000246207
0.10340286166465903,0.07699877319074179,11.087799999997953,241.6880000149008,0.2969999995958467,2.2950000000246207
0.10340375446789142,0.07699877319074179,11.087799999997953,241.68799999999965,0.2970000144970079,2.2950000000246207
0.10340280649890266,0.07699877319074179,11.087799999997953,241.68799999999965,0.2969999995958467,2.295000014925782
0.10497914410365804,0.07699964085745968,11.087799999999401,241.6879999999999,0.29699999988168607,2.2950000000072075
0.09787355969869943,0.07699965575862087,11.087799999999401,241.6879999999999,0.29699999988168607,2.2950000000072075
0.10497914866701602,0.07699964085745968,11.087800014900562,241.6879999999999,0.29699999988168607,2.2950000000072075
0.10497914485815785,0.07699964085745968,11.087799999999401,241.68800001490106,0.29699999988168607,2.2950000000072075
0.10498004536883261,0.07699964085745968,11.087799999999401,241.6879999999999,0.29700001478284727,2.2950000000072075
0.10497908921591784,0.07699964085745968,11.087799999999401,241.6879999999999,0.29699999988168607,2.2950000149083687
0.10381106109400912,0.0769998086832074,11.08779999999968,241.68799999999993,0.2969999999369736,2.2950000000038395
0.10277447514139515,0.07699982358436859,11.08779999999968,241.68799999999993,0.2969999999369736,2.2950000000038395
0.10381106562721192,0.0769998086832074,11.087800014900841,241.68799999999993,0.2969999999369736,2.2950000000038395
0.10381106184351782,0.0769998086832074,11.08779999999968,241.6880000149011,0.2969999999369736,2.2950000000038395
0.10381195648326844,0.0769998086832074,11.08779999999968,241.68799999999993,0.2970000148381348,2.2950000000038395
0.10381100655419613,0.0769998086832074,11.08779999999968,241.68799999999993,0.2969999999369736,2.2950000149050007
0.10147888631988533,0.07699992984974968,11.087799999999882,241.68799999999996,0.2969999999768901,2.2950000000014077
0.10326278240930561,0.07699994475091088,11.087799999999882,241.68799999999996,0.2969999999768901,2.2950000000014077
0.10147889079274441,0.07699992984974968,11.087800014901044,241.68799999999996,0.2969999999768901,2.2950000000014077
0.1014788870591387,0.07699992984974968,11.087799999999882,241.68800001490112,0.2969999999768901,2.2950000000014077
0.10147976980864681,0.07699992984974968,11.087799999999882,241.68799999999996,0.2970000148780513,2.2950000000014077
0.10147883250313874,0.07699992984974968,11.087799999999882,241.68799999999996,0.2969999999768901,2.295000014902569
0.09704297306980253,0.07699992994860591,11.087799869819316,241.68799997849894,0.29697429095483097,2.2950015657676683
0.09996204904853209,0.0769999448497671,11.087799869819316,241.68799997849894,0.29697429095483097,2.2950015657676683
0.09704297742113387,0.07699992994860591,11.087799884720477,241.68799997849894,0.29697429095483097,2.2950015657676683
0.09704297378888378,0.07699992994860591,11.087799869819316,241.6879999934001,0.29697429095483097,2.2950015657676683
0.09704383277260972,0.07699992994860591,11.087799869819316,241.68799997849894,0.29697430585599216,2.2950015657676683
0.0970429206953505,0.07699992994860591,11.087799869819316,241.68799997849894,0.29697429095483097,2.2950015806688295
0.09726869038604719,0.07699993034403085,11.087799349097049,241.68799989249484,0.2968714548665944,2.2950078288327114
0.09540396188972618,0.07699994524519205,11.087799349097049,241.68799989249484,0.2968714548665944,2.2950078288327114
0.09726869474209796,0.07699993034403085,11.08779936399821,241.68799989249484,0.2968714548665944,2.2950078288327114
0.09726869110582209,0.07699993034403085,11.087799349097049,241.687999907396,0.2968714548665944,2.2950078288327114
0.09726955079298963,0.07699993034403085,11.087799349097049,241.68799989249484,0.2968714697677556,2.2950078288327114
0.09726863802022082,0.07699993034403085,11.087799349097049,241.68799989249484,0.2968714548665944,2.2950078437338726
0.10113203682283468,0.07699993002736029,11.087799766110237,241.68799996137002,0.296953809718267,2.2950028131441385
0.10115457807151434,0.07699994492852148,11.087799766110237,241.68799996137002,0.296953809718267,2.2950028131441385
0.10113204128544961,0.07699993002736029,11.087799781011398,241.68799996137002,0.296953809718267,2.2950028131441385
0.1011320375604268,0.07699993002736029,11.087799766110237,241.6879999762712,0.296953809718267,2.2950028131441385
0.10113291825222968,0.07699993002736029,11.087799766110237,241.68799996137002,0.2969538246194282,2.2950028131441385
0.10113198315144772,0.07699993002736029,11.087799766110237,241.68799996137002,0.296953809718267,2.2950028280452996
0.10094016744839944,0.07699992995163561,11.087799865829608,241.68799997783998,0.2969735030378461,2.2950016137544735
0.09768512997942119,0.0769999448527968,11.087799865829608,241.68799997783998,0.2969735030378461,2.2950016137544735
0.10094017190594375,0.07699992995163561,11.087799880730769,241.68799997783998,0.2969735030378461,2.2950016137544735
0.10094016818511448,0.07699992995163561,11.087799865829608,241.68799999274114,0.2969735030378461,2.2950016137544735
0.10094104787174094,0.07699992995163561,11.087799865829608,241.68799997783998,0.2969735179390073,2.2950016137544735
0.10094011382587645,0.07699992995163561,11.087799865829608,241.68799997783998,0.2969735030378461,2.2950016286556347
0.10098058912089303,0.0769999299486117,11.087799869811706,241.6879999784977,0.29697428945213056,2.295001565859188
0.10226500747190308,0.07699994484977289,11.087799869811706,241.6879999784977,0.29697428945213056,2.295001565859188
0.10098059358115377,0.0769999299486117,11.087799884712867,241.6879999784977,0.29697428945213056,2.295001565859188
0.1009805898578084,0.0769999299486117,11.087799869811706,241.68799999339885,0.29697428945213056,2.295001565859188
0.10098146991129942,0.0769999299486117,11.087799869811706,241.6879999784977,0.29697430435329175,2.295001565859188
0.10098053549009935,0.0769999299486117,11.087799869811706,241.6879999784977,0.29697428945213056,2.295001580760349
0.09704297306948562,0.07699992994860591,11.087799869819316,241.68799997849894,0.29697429095482547,2.295001565767669
0.09996204904820728,0.0769999448497671,11.087799869819316,241.68799997849894,0.29697429095482547,2.295001565767669
0.09704297742081477,0.07699992994860591,11.087799884720477,241.68799997849894,0.29697429095482547,2.295001565767669
0.09704297378856568,0.07699992994860591,11.087799869819316,241.6879999934001,0.29697429095482547,2.295001565767669
0.09704383277229114,0.07699992994860591,11.087799869819316,241.68799997849894,0.29697430585598666,2.295001565767669
0.09704292069503292,0.07699992994860591,11.087799869819316,241.68799997849894,0.29697429095482547,2.29500158066883
0.0970429730685799,0.07699992994860591,11.087799869819316,241.68799997849894,0.2969742909548098,2.2950015657676697
0.09996204904728495,0.0769999448497671,11.087799869819316,241.68799997849894,0.2969742909548098,2.2950015657676697
0.09704297741990855,0.07699992994860591,11.087799884720477,241.68799997849894,0.2969742909548098,2.2950015657676697
0.09704297378765916,0.07699992994860591,11.087799869819316,241.6879999934001,0.2969742909548098,2.2950015657676697
0.09704383277138448,0.07699992994860591,11.087799869819316,241.68799997849894,0.296974305855971,2.2950015657676697
0.09704292069412576,0.07699992994860591,11.087799869819316,241.68799997849894,0.2969742909548098,2.295001580668831
0.09995150626795227,0.0769999299486088,11.08779986981551,241.6879999784983,0.29697429020347016,2.2950015658134286
0.10103177623768164,0.07699994484976999,11.08779986981551,241.6879999784983,0.29697429020347016,2.2950015658134286
0.09995151069937735,0.0769999299486088,11.087799884716672,241.6879999784983,0.29697429020347016,2.2950015658134286
0.09995150700036823,0.0769999299486088,11.08779986981551,241.68799999339947,0.29697429020347016,2.2950015658134286
0.0999523816213179,0.0769999299486088,11.08779986981551,241.6879999784983,0.29697430510463135,2.2950015658134286
0.0999514529488149,0.0769999299486088,11.08779986981551,241.6879999784983,0.29697429020347016,2.29500158071459
0.09704297306846965,0.07699992994860591,11.087799869819316,241.68799997849894,0.29697429095480793,2.2950015657676697
0.09996204904717348,0.0769999448497671,11.087799869819316,241.68799997849894,0.29697429095480793,2.2950015657676697
0.09704297741979938,0.07699992994860591,11.087799884720477,241.68799997849894,0.29697429095480793,2.2950015657676697
0.0970429737875501,0.07699992994860591,11.087799869819316,241.6879999934001,0.29697429095480793,2.2950015657676697
0.09704383277127608,0.07699992994860591,11.087799869819316,241.68799997849894,0.2969743058559691,2.2950015657676697
0.09704292069401667,0.07699992994860591,11.087799869819316,241.68799997849894,0.29697429095480793,2.295001580668831
0.09704297306836286,0.07699992994860591,11.087799869819316,241.68799997849894,0.2969742909548061,2.29500156576767
0.09996204904706497,0.0769999448497671,11.087799869819316,241.68799997849894,0.2969742909548061,2.29500156576767
0.09704297741969335,0.07699992994860591,11.087799884720477,241.68799997849894,0.2969742909548061,2.29500156576767
0.09704297378744267,0.07699992994860591,11.087799869819316,241.6879999934001,0.2969742909548061,2.29500156576767
0.09704383277116728,0.07699992994860591,11.087799869819316,241.68799997849894,0.2969743058559673,2.29500156576767
0.09704292069391057,0.07699992994860591,11.087799869819316,241.68799997849894,0.2969742909548061,2.2950015806688313
0.10284520806740145,0.07699992994860735,11.087799869817413,241.68799997849862,0.29697429057913816,2.295001565790549
0.10373508744760354,0.07699994484976855,11.087799869817413,241.68799997849862,0.29697429057913816,2.295001565790549
0.10284521257478828,0.07699992994860735,11.087799884718574,241.68799997849862,0.29697429057913816,2.295001565790549
0.1028452088125485,0.07699992994860735,11.087799869817413,241.68799999339979,0.29697429057913816,2.295001565790549
0.1028460983262945,0.07699992994860735,11.087799869817413,241.68799997849862,0.29697430548029935,2.295001565790549
0.1028451538512676,0.07699992994860735,11.087799869817413,241.68799997849862,0.29697429057913816,2.2950015806917103
0.0970429730683498,0.07699992994860591,11.087799869819316,241.68799997849894,0.2969742909548059,2.29500156576767
0.09996204904705043,0.0769999448497671,11.087799869819316,241.68799997849894,0.2969742909548059,2.29500156576767
0.09704297741967968,0.07699992994860591,11.087799884720477,241.68799997849894,0.2969742909548059,2.29500156576767
0.0970429737874295,0.07699992994860591,11.087799869819316,241.6879999934001,0.2969742909548059,2.29500156576767
0.09704383277115539,0.07699992994860591,11.087799869819316,241.68799997849894,0.29697430585596707,2.29500156576767
0.09704292069389604,0.07699992994860591,11.087799869819316,241.68799997849894,0.2969742909548059,2.2950015806688313
0.09704297306833805,0.07699992994860591,11.087799869819316,241.68799997849894,0.29697429095480565,2.29500156576767
0.09996204904703787,0.0769999448497671,11.087799869819316,241.68799997849894,0.29697429095480565,2.29500156576767
0.09704297741966776,0.07699992994860591,11.087799884720477,241.68799997849894,0.29697429095480565,2.29500156576767
0.09704297378741761,0.07699992994860591,11.087799869819316,241.6879999934001,0.29697429095480565,2.29500156576767
0.09704383277114306,0.07699992994860591,11.087799869819316,241.68799997849894,0.29697430585596685,2.29500156576767
0.09704292069388563,0.07699992994860591,11.087799869819316,241.68799997849894,0.29697429095480565,2.2950015806688313
0.10292097524800757,0.07699992994860663,11.087799869818364,241.6879999784988,0.2969742907669719,2.29500156577911
0.10503971760180238,0.07699994484976783,11.087799869818364,241.6879999784988,0.2969742907669719,2.29500156577911
0.10292097975791539,0.07699992994860663,11.087799884719525,241.6879999784988,0.2969742907669719,2.29500156577911
0.10292097599342159,0.07699992994860663,11.087799869818364,241.68799999339996,0.2969742907669719,2.29500156577911
0.1029218658919513,0.07699992994860663,11.087799869818364,241.6879999784988,0.2969743056681331,2.29500156577911
0.10292092101625831,0.07699992994860663,11.087799869818364,241.6879999784988,0.2969742907669719,2.295001580680271
0.09704297306833382,0.07699992994860591,11.087799869819316,241.68799997849894,0.2969742909548056,2.29500156576767
0.09996204904703468,0.0769999448497671,11.087799869819316,241.68799997849894,0.2969742909548056,2.29500156576767
0.09704297741966314,0.07699992994860591,11.087799884720477,241.68799997849894,0.2969742909548056,2.29500156576767
0.09704297378741356,0.07699992994860591,11.087799869819316,241.6879999934001,0.2969742909548056,2.29500156576767
0.09704383277113929,0.07699992994860591,11.087799869819316,241.68799997849894,0.2969743058559668,2.29500156576767
0.09704292069388018,0.07699992994860591,11.087799869819316,241.68799997849894,0.2969742909548056,2.2950015806688313
0.09704297306833116,0.07699992994860591,11.087799869819316,241.68799997849894,0.29697429095480554,2.29500156576767
0.09996204904703078,0.0769999448497671,11.087799869819316,241.68799997849894,0.29697429095480554,2.29500156576767
0.09704297741966093,0.07699992994860591,11.087799884720477,241.68799997849894,0.29697429095480554,2.29500156576767
0.0970429737874107,0.07699992994860591,11.087799869819316,241.6879999934001,0.29697429095480554,2.29500156576767
0.09704383277113654,0.07699992994860591,11.087799869819316,241.68799997849894,0.29697430585596674,2.29500156576767
0.0970429206938786,0.07699992994860591,11.087799869819316,241.68799997849894,0.29697429095480554,2.2950015806688313
0.10228842631589957,0.07699992994860627,11.08779986981884,241.68799997849885,0.2969742908608887,2.29500156577339
0.09712883358822277,0.07699994484976747,11.08779986981884,241.68799997849885,0.2969742908608887,2.29500156577339
0.10228843080943231,0.07699992994860627,11.08779988472,241.68799997849885,0.2969742908608887,2.29500156577339
0.10228842705858018,0.07699992994860627,11.08779986981884,241.6879999934,0.2969742908608887,2.29500156577339
0.1022893137586348,0.07699992994860627,11.08779986981884,241.68799997849885,0.2969743057620499,2.29500156577339
0.10228837227792763,0.07699992994860627,11.08779986981884,241.68799997849885,0.2969742908608887,2.295001580674551
0.09704297306832814,0.07699992994860591,11.087799869819316,241.68799997849894,0.2969742909548055,2.29500156576767
0.09996204904702821,0.0769999448497671,11.087799869819316,241.68799997849894,0.2969742909548055,2.29500156576767
0.0970429774196577,0.07699992994860591,11.087799884720477,241.68799997849894,0.2969742909548055,2.29500156576767
0.0970429737874076,0.07699992994860591,11.087799869819316,241.6879999934001,0.2969742909548055,2.29500156576767
0.09704383277113192,0.07699992994860591,11.087799869819316,241.68799997849894,0.2969743058559667,2.29500156576767
0.09704292069387613,0.07699992994860591,11.087799869819316,241.68799997849894,0.2969742909548055,2.2950015806688313
0.09854125318127856,0.07699992994860609,11.087799869819078,241.6879999784989,0.2969742909078471,2.29500156577053
0.09712883630983545,0.07699994484976729,11.087799869819078,241.6879999784989,0.2969742909078471,2.29500156577053
0.09854125757451275,0.07699992994860609,11.087799884720239,241.6879999784989,0.2969742909078471,2.29500156577053
0.0985412539071526,0.07699992994860609,11.087799869819078,241.68799999340007,0.2969742909078471,2.29500156577053
0.09854212099290195,0.07699992994860609,11.087799869819078,241.6879999784989,0.2969743058090083,2.29500156577053
0.09854120033043064,0.07699992994860609,11.087799869819078,241.6879999784989,0.2969742909078471,2.2950015806716912
0.09704297306832814,0.07699992994860591,11.087799869819316,241.68799997849894,0.2969742909548055,2.29500156576767
0.09996204904702821,0.0769999448497671,11.087799869819316,241.68799997849894,0.2969742909548055,2.29500156576767
0.0970429774196577,0.07699992994860591,11.087799884720477,241.68799997849894,0.2969742909548055,2.29500156576767
0.0970429737874076,0.07699992994860591,11.087799869819316,241.6879999934001,0.2969742909548055,2.29500156576767
0.09704383277113192,0.07699992994860591,11.087799869819316,241.68799997849894,0.2969743058559667,2.29500156576767
0.09704292069387613,0.07699992994860591,11.087799869819316,241.68799997849894,0.2969742909548055,2.2950015806688313
0.09854125455375848,0.07699992994860601,11.087799869819197,241.6879999784989,0.29697429093132627,2.2950015657691
0.09996204766215956,0.0769999448497672,11.087799869819197,241.6879999784989,0.29697429093132627,2.2950015657691
0.0985412589469904,0.07699992994860601,11.087799884720358,241.6879999784989,0.29697429093132627,2.2950015657691
0.09854125527963273,0.07699992994860601,11.087799869819197,241.68799999340007,0.29697429093132627,2.2950015657691
0.09854212236538676,0.07699992994860601,11.087799869819197,241.6879999784989,0.29697430583248746,2.2950015657691
0.09854120170290895,0.07699992994860601,11.087799869819197,241.6879999784989,0.29697429093132627,2.2950015806702613
0.09704297306832814,0.07699992994860591,11.087799869819316,241.68799997849894,0.2969742909548055,2.29500156576767
0.09996204904702821,0.0769999448497671,11.087799869819316,241.68799997849894,0.2969742909548055,2.29500156576767
0.0970429774196577,0.07699992994860591,11.087799884720477,241.68799997849894,0.2969742909548055,2.29500156576767
0.0970429737874076,0.07699992994860591,11.087799869819316,241.6879999934001,0.2969742909548055,2.29500156576767
0.09704383277113192,0.07699992994860591,11.087799869819316,241.68799997849894,0.2969743058559667,2.29500156576767
0.09704292069387613,0.07699992994860591,11.087799869819316,241.68799997849894,0.2969742909548055,2.2950015806688313
0.09854125524000147,0.07699992994860597,11.087799869819255,241.68799997849894,0.2969742909430659,2.295001565768385
0.0999620483545944,0.07699994484976716,11.087799869819255,241.68799997849894,0.2969742909430659,2.295001565768385
0.09854125963323228,0.07699992994860597,11.087799884720416,241.68799997849894,0.2969742909430659,2.295001565768385
0.0985412559658757,0.07699992994860597,11.087799869819255,241.6879999934001,0.2969742909430659,2.295001565768385
0.09854212305163361,0.07699992994860597,11.087799869819255,241.68799997849894,0.29697430584422707,2.295001565768385
0.09854120238915184,0.07699992994860597,11.087799869819255,241.68799997849894,0.2969742909430659,2.2950015806695463
0.09704297306832814,0.07699992994860591,11.087799869819316,241.68799997849894,0.2969742909548055,2.29500156576767
0.09996204904702821,0.0769999448497671,11.087799869819316,241.68799997849894,0.2969742909548055,2.29500156576767
0.0970429774196577,0.07699992994860591,11.087799884720477,241.68799997849894,0.2969742909548055,2.29500156576767
0.0970429737874076,0.07699992994860591,11.087799869819316,241.6879999934001,0.2969742909548055,2.29500156576767
0.09704383277113192,0.07699992994860591,11.087799869819316,241.68799997849894,0.2969743058559667,2.29500156576767
0.09704292069387613,0.07699992994860591,11.087799869819316,241.68799997849894,0.2969742909548055,2.2950015806688313
0.09854125558312227,0.07699992994860594,11.087799869819285,241.68799997849894,0.2969742909489357,2.2950015657680276
0.09996204870081168,0.07699994484976713,11.087799869819285,241.68799997849894,0.2969742909489357,2.2950015657680276
0.09854125997635672,0.07699992994860594,11.087799884720447,241.68799997849894,0.2969742909489357,2.2950015657680276
0.09854125630899793,0.07699992994860594,11.087799869819285,241.6879999934001,0.2969742909489357,2.2950015657680276
0.09854212339475736,0.07699992994860594,11.087799869819285,241.68799997849894,0.2969743058500969,2.2950015657680276
0.09854120273227379,0.07699992994860594,11.087799869819285,241.68799997849894,0.2969742909489357,2.295001580669189
0.09704297306832814,0.07699992994860591,11.087799869819316,241.68799997849894,0.2969742909548055,2.29500156576767
0.09996204904702821,0.0769999448497671,11.087799869819316,241.68799997849894,0.2969742909548055,2.29500156576767
0.0970429774196577,0.07699992994860591,11.087799884720477,241.68799997849894,0.2969742909548055,2.29500156576767
0.0970429737874076,0.07699992994860591,11.087799869819316,241.6879999934001,0.2969742909548055,2.29500156576767
0.09704383277113192,0.07699992994860591,11.087799869819316,241.68799997849894,0.2969743058559667,2.29500156576767
0.09704292069387613,0.07699992994860591,11.087799869819316,241.68799997849894,0.2969742909548055,2.2950015806688313
0.0985412557546815,0.07699992994860592,11.087799869819301,241.68799997849894,0.29697429095187056,2.2950015657678486
0.0999620488739181,0.07699994484976712,11.087799869819301,241.68799997849894,0.29697429095187056,2.2950015657678486
0.09854126014791548,0.07699992994860592,11.087799884720463,241.68799997849894,0.29697429095187056,2.2950015657678486
0.09854125648055605,0.07699992994860592,11.087799869819301,241.6879999934001,0.29697429095187056,2.2950015657678486
0.09854212356631749,0.07699992994860592,11.087799869819301,241.68799997849894,0.29697430585303175,2.2950015657678486
0.09854120290383309,0.07699992994860592,11.087799869819301,241.68799997849894,0.29697429095187056,2.29500158066901
0.09704297306832814,0.07699992994860591,11.087799869819316,241.68799997849894,0.2969742909548055,2.29500156576767
0.09996204904702821,0.0769999448497671,11.087799869819316,241.68799997849894,0.2969742909548055,2.29500156576767
0.0970429774196577,0.07699992994860591,11.087799884720477,241.68799997849894,0.2969742909548055,2.29500156576767
0.0970429737874076,0.07699992994860591,11.087799869819316,241.6879999934001,0.2969742909548055,2.29500156576767
0.09704383277113192,0.07699992994860591,11.087799869819316,241.68799997849894,0.2969743058559667,2.29500156576767
0.09704292069387613,0.07699992994860591,11.087799869819316,241.68799997849894,0.2969742909548055,2.2950015806688313
0.09854125584045985,0.07699992994860592,11.087799869819309,241.68799997849894,0.296974290953338,2.2950015657677594
0.09996204896047221,0.07699994484976712,11.087799869819309,241.68799997849894,0.296974290953338,2.2950015657677594
0.09854126023369356,0.07699992994860592,11.08779988472047,241.68799997849894,0.296974290953338,2.2950015657677594
0.09854125656633463,0.07699992994860592,11.087799869819309,241.6879999934001,0.296974290953338,2.2950015657677594
0.09854212365209702,0.07699992994860592,11.087799869819309,241.68799997849894,0.2969743058544992,2.2950015657677594
0.09854120298961051,0.07699992994860592,11.087799869819309,241.68799997849894,0.296974290953338,2.2950015806689206
0.09704297306832814,0.07699992994860591,11.087799869819316,241.68799997849894,0.2969742909548055,2.29500156576767
0.09996204904702821,0.0769999448497671,11.087799869819316,241.68799997849894,0.2969742909548055,2.29500156576767
0.0970429774196577,0.07699992994860591,11.087799884720477,241.68799997849894,0.2969742909548055,2.29500156576767
0.0970429737874076,0.07699992994860591,11.087799869819316,241.6879999934001,0.2969742909548055,2.29500156576767
0.09704383277113192,0.07699992994860591,11.087799869819316,241.68799997849894,0.2969743058559667,2.29500156576767
0.09704292069387613,0.07699992994860591,11.087799869819316,241.68799997849894,0.2969742909548055,2.2950015806688313
0.09854125588335177,0.07699992994860592,11.087799869819312,241.68799997849894,0.29697429095407174,2.2950015657677145
0.09996204900374994,0.07699994484976712,11.087799869819312,241.68799997849894,0.29697429095407174,2.2950015657677145
0.09854126027658584,0.07699992994860592,11.087799884720473,241.68799997849894,0.29697429095407174,2.2950015657677145
0.09854125660922655,0.07699992994860592,11.087799869819312,241.6879999934001,0.29697429095407174,2.2950015657677145
0.09854212369498908,0.07699992994860592,11.087799869819312,241.68799997849894,0.29697430585523293,2.2950015657677145
0.09854120303250195,0.07699992994860592,11.087799869819312,241.68799997849894,0.29697429095407174,2.2950015806688757
0.09704297306832814,0.07699992994860591,11.087799869819316,241.68799997849894,0.2969742909548055,2.29500156576767
0.09996204904702821,0.0769999448497671,11.087799869819316,241.68799997849894,0.2969742909548055,2.29500156576767
0.0970429774196577,0.07699992994860591,11.087799884720477,241.68799997849894,0.2969742909548055,2.29500156576767
0.0970429737874076,0.07699992994860591,11.087799869819316,241.6879999934001,0.2969742909548055,2.29500156576767
0.09704383277113192,0.07699992994860591,11.087799869819316,241.68799997849894,0.2969743058559667,2.29500156576767
0.09704292069387613,0.07699992994860591,11.087799869819316,241.68799997849894,0.2969742909548055,2.2950015806688313
0.09704297304708323,0.07699992994860591,11.087799869819314,241.68799997849894,0.2969742909544386,2.2950015657676923
0.0999620490253888,0.0769999448497671,11.087799869819314,241.68799997849894,0.2969742909544386,2.2950015657676923
0.09704297739841339,0.07699992994860591,11.087799884720475,241.68799997849894,0.2969742909544386,2.2950015657676923
0.0970429737661637,0.07699992994860591,11.087799869819314,241.6879999934001,0.2969742909544386,2.2950015657676923
0.09704383274988797,0.07699992994860591,11.087799869819314,241.68799997849894,0.2969743058555998,2.2950015657676923
0.10223044398378524,0.077,11.0878,241.688,0.297,2.295
0.10492284902803228,0.07700001490116119,11.0878,241.688,0.297,2.295
0.10223044847387613,0.077,11.08780001490116,241.688,0.297,2.295
0.10223044472614046,0.077,11.0878,241.68800001490115,0.297,2.295
0.10223133095477441,0.077,11.0878,241.688,0.2970000149011612,2.295
0.10223038995022414,0.077,11.0878,241.688,0.297,2.295000014901161
666.3363441974835,0.9329999449890023,11.08779831563547,241.6879997215208,0.29666727121828035,2.2950202695704545
666.1009636968921,0.9329999300878411,11.08779831563547,241.6879997215208,0.29666727121828035,2.2950202695704545
666.3363441970308,0.9329999449890023,11.08779833053663,241.6879997215208,0.29666727121828035,2.2950202695704545
666.3363441919926,0.9329999449890023,11.08779831563547,241.68799973642197,0.29666727121828035,2.2950202695704545
666.336336474479,0.9329999449890023,11.08779831563547,241.6879997215208,0.29666728611944154,2.2950202695704545
666.336344481896,0.9329999449890023,11.08779831563547,241.6879997215208,0.29666727121828035,2.2950202844716157
632.8106543628123,0.5102685067092981,11.087799020619508,241.68799983807716,0.2968065335193837,2.2950117858227927
632.8116000626414,0.5102684918081369,11.087799020619508,241.68799983807716,0.2968065335193837,2.2950117858227927
632.8106543519035,0.5102685067092981,11.08779903552067,241.68799983807716,0.2968065335193837,2.2950117858227927
632.810654355969,0.5102685067092981,11.087799020619508,241.68799985297832,0.2968065335193837,2.2950117858227927
632.8106459113682,0.5102685067092981,11.087799020619508,241.68799983807716,0.2968065484205449,2.2950117858227927
632.8106547766245,0.5102685067092981,11.087799020619508,241.68799983807716,0.2968065335193837,2.295011800723954
26.44613052097362,0.08597857650371922,11.087799728202626,241.68799995506322,0.2969463092414257,2.2950032707979395
26.431565715256337,0.08597856160255803,11.087799728202626,241.68799995506322,0.2969463092414257,2.2950032707979395
26.446130457635597,0.08597857650371922,11.087799743103787,241.68799995506322,0.2969463092414257,2.2950032707979395
26.44613051034679,0.08597857650371922,11.087799728202626,241.68799996996438,0.2969463092414257,2.2950032707979395
26.44611815673722,0.08597857650371922,11.087799728202626,241.68799995506322,0.29694632414258687,2.2950032707979395
26.446131271097506,0.08597857650371922,11.087799728202626,241.68799995506322,0.2969463092414257,2.2950032856991007
441505.0522717321,0.01541114485961563,11.087799845887066,241.6879999745202,0.2969695565848305,2.295001854588429
441559.66427895374,0.015411129958454436,11.087799845887066,241.6879999745202,0.2969695565848305,2.295001854588429
441505.0525419232,0.01541114485961563,11.087799860788227,241.6879999745202,0.2969695565848305,2.295001854588429
441505.05231300194,0.01541114485961563,11.087799845887066,241.68799998942137,0.2969695565848305,2.295001854588429
441505.1092871187,0.01541114485961563,11.087799845887066,241.6879999745202,0.2969695714859917,2.295001854588429
441505.04819031176,0.01541114485961563,11.087799845887066,241.6879999745202,0.2969695565848305,2.29500186948959
0.10611479921389662,0.07699773105113727,11.087799999996216,241.68799999999936,0.29699999925253007,2.295000000045535
0.0998887308225773,0.07699774595229847,11.087799999996216,241.68799999999936,0.29699999925253007,2.295000000045535
0.10611480380736651,0.07699773105113727,11.087800014897377,241.68799999999936,0.29699999925253007,2.295000000045535
0.10611479997335699,0.07699773105113727,11.087799999996216,241.68800001490052,0.29699999925253007,2.295000000045535
0.1061157063884826,0.07699773105113727,11.087799999996216,241.68799999999936,0.29700001415369126,2.295000000045535
0.10611474396527006,0.07699773105113727,11.087799999996216,241.68799999999936,0.29699999925253007,2.2950000149466963
0.10340286091688469,0.07699877319074179,11.087799999997953,241.68799999999965,0.2969999995958467,2.2950000000246207
0.10405505578647604,0.07699878809190298,11.087799999997953,241.68799999999965,0.2969999995958467,2.2950000000246207
0.10340286544116503,0.07699877319074179,11.087800014899114,241.68799999999965,0.2969999995958467,2.2950000000246207
0.10340286166465903,0.07699877319074179,11.087799999997953,241.6880000149008,0.2969999995958467,2.2950000000246207
0.10340375446789142,0.07699877319074179,11.087799999997953,241.68799999999965,0.2970000144970079,2.2950000000246207
0.10340280649890266,0.07699877319074179,11.087799999997953,241.68799999999965,0.2969999995958467,2.295000014925782
0.10497914410365804,0.07699964085745968,11.087799999999401,241.6879999999999,0.29699999988168607,2.2950000000072075
0.09787355969869943,0.07699965575862087,11.087799999999401,241.6879999999999,0.29699999988168607,2.2950000000072075
0.10497914866701602,0.07699964085745968,11.087800014900562,241.6879999999999,0.29699999988168607,2.2950000000072075
0.10497914485815785,0.07699964085745968,11.087799999999401,241.68800001490106,0.29699999988168607,2.2950000000072075
0.10498004536883261,0.07699964085745968,11.087799999999401,241.6879999999999,0.29700001478284727,2.2950000000072075
0.10497908921591784,0.07699964085745968,11.087799999999401,241.6879999999999,0.29699999988168607,2.2950000149083687
0.10381106109400912,0.0769998086832074,11.08779999999968,241.68799999999993,0.2969999999369736,2.2950000000038395
0.10277447514139515,0.07699982358436859,11.08779999999968,241.68799999999993,0.2969999999369736,2.2950000000038395
0.10381106562721192,0.0769998086832074,11.087800014900841,241.68799999999993,0.2969999999369736,2.2950000000038395
0.10381106184351782,0.0769998086832074,11.08779999999968,241.6880000149011,0.2969999999369736,2.2950000000038395
0.10381195648326844,0.0769998086832074,11.08779999999968,241.68799999999993,0.2970000148381348,2.2950000000038395
0.10381100655419613,0.0769998086832074,11.08779999999968,241.68799999999993,0.2969999999369736,2.2950000149050007
0.10147888631988533,0.07699992984974968,11.087799999999882,241.68799999999996,0.2969999999768901,2.2950000000014077
0.10326278240930561,0.07699994475091088,11.087799999999882,241.68799999999996,0.2969999999768901,2.2950000000014077
0.10147889079274441,0.07699992984974968,11.087800014901044,241.68799999999996,0.2969999999768901,2.2950000000014077
0.1014788870591387,0.07699992984974968,11.087799999999882,241.68800001490112,0.2969999999768901,2.2950000000014077
0.10147976980864681,0.07699992984974968,11.087799999999882,241.68799999999996,0.2970000148780513,2.2950000000014077
0.10147883250313874,0.07699992984974968,11.087799999999882,241.68799999999996,0.2969999999768901,2.295000014902569
0.09704297306980253,0.07699992994860591,11.087799869819316,241.68799997849894,0.29697429095483097,2.2950015657676683
0.09996204904853209,0.0769999448497671,11.087799869819316,241.68799997849894,0.29697429095483097,2.2950015657676683
0.09704297742113387,0.07699992994860591,11.087799884720477,241.68799997849894,0.29697429095483097,2.2950015657676683
0.09704297378888378,0.07699992994860591,11.087799869819316,241.6879999934001,0.29697429095483097,2.2950015657676683
0.09704383277260972,0.07699992994860591,11.087799869819316,241.68799997849894,0.29697430585599216,2.2950015657676683
0.0970429206953505,0.07699992994860591,11.087799869819316,241.68799997849894,0.29697429095483097,2.2950015806688295
0.09726869038604719,0.07699993034403085,11.087799349097049,241.68799989249484,0.2968714548665944,2.2950078288327114
0.09540396188972618,0.07699994524519205,11.087799349097049,241.68799989249484,0.2968714548665944,2.2950078288327114
0.09726869474209796,0.07699993034403085,11.08779936399821,241.68799989249484,0.2968714548665944,2.2950078288327114
0.09726869110582209,0.07699993034403085,11.087799349097049,241.687999907396,0.2968714548665944,2.2950078288327114
0.09726955079298963,0.07699993034403085,11.087799349097049,241.68799989249484,0.2968714697677556,2.2950078288327114
0.09726863802022082,0.07699993034403085,11.087799349097049,241.68799989249484,0.2968714548665944,2.2950078437338726
0.10113203682283468,0.07699993002736029,11.087799766110237,241.68799996137002,0.296953809718267,2.2950028131441385
0.10115457807151434,0.07699994492852148,11.087799766110237,241.68799996137002,0.296953809718267,2.2950028131441385
0.10113204128544961,0.07699993002736029,11.087799781011398,241.68799996137002,0.296953809718267,2.2950028131441385
0.1011320375604268,0.07699993002736029,11.087799766110237,241.6879999762712,0.296953809718267,2.2950028131441385
0.10113291825222968,0.07699993002736029,11.087799766110237,241.68799996137002,0.2969538246194282,2.2950028131441385
0.10113198315144772,0.07699993002736029,11.087799766110237,241.68799996137002,0.296953809718267,2.2950028280452996
0.10094016744839944,0.07699992995163561,11.087799865829608,241.68799997783998,0.2969735030378461,2.2950016137544735
0.09768512997942119,0.0769999448527968,11.087799865829608,241.68799997783998,0.2969735030378461,2.2950016137544735
0.10094017190594375,0.07699992995163561,11.087799880730769,241.68799997783998,0.2969735030378461,2.2950016137544735
0.10094016818511448,0.07699992995163561,11.087799865829608,241.68799999274114,0.2969735030378461,2.2950016137544735
0.10094104787174094,0.07699992995163561,11.087799865829608,241.68799997783998,0.2969735179390073,2.2950016137544735
0.10094011382587645,0.07699992995163561,11.087799865829608,241.68799997783998,0.2969735030378461,2.2950016286556347
0.10098058912089303,0.0769999299486117,11.087799869811706,241.6879999784977,0.29697428945213056,2.295001565859188
0.10226500747190308,0.07699994484977289,11.087799869811706,241.6879999784977,0.29697428945213056,2.295001565859188
0.10098059358115377,0.0769999299486117,11.087799884712867,241.6879999784977,0.29697428945213056,2.295001565859188
0.1009805898578084,0.0769999299486117,11.087799869811706,241.68799999339885,0.29697428945213056,2.295001565859188
0.10098146991129942,0.0769999299486117,11.087799869811706,241.6879999784977,0.29697430435329175,2.295001565859188
0.10098053549009935,0.0769999299486117,11.087799869811706,241.6879999784977,0.29697428945213056,2.295001580760349
0.09704297306948562,0.07699992994860591,11.087799869819316,241.68799997849894,0.29697429095482547,2.295001565767669
0.09996204904820728,0.0769999448497671,11.087799869819316,241.68799997849894,0.29697429095482547,2.295001565767669
0.09704297742081477,0.07699992994860591,11.087799884720477,241.68799997849894,0.29697429095482547,2.295001565767669
0.09704297378856568,0.07699992994860591,11.087799869819316,241.6879999934001,0.29697429095482547,2.295001565767669
0.09704383277229114,0.07699992994860591,11.087799869819316,241.68799997849894,0.29697430585598666,2.295001565767669
0.09704292069503292,0.07699992994860591,11.087799869819316,241.68799997849894,0.29697429095482547,2.29500158066883
0.0970429730685799,0.07699992994860591,11.087799869819316,241.68799997849894,0.2969742909548098,2.2950015657676697
0.09996204904728495,0.0769999448497671,11.087799869819316,241.68799997849894,0.2969742909548098,2.2950015657676697
0.09704297741990855,0.07699992994860591,11.087799884720477,241.68799997849894,0.2969742909548098,2.2950015657676697
0.09704297378765916,0.07699992994860591,11.087799869819316,241.6879999934001,0.2969742909548098,2.2950015657676697
0.09704383277138448,0.07699992994860591,11.087799869819316,241.68799997849894,0.296974305855971,2.2950015657676697
0.09704292069412576,0.07699992994860591,11.087799869819316,241.68799997849894,0.2969742909548098,2.295001580668831
0.09995150626795227,0.0769999299486088,11.08779986981551,241.6879999784983,0.29697429020347016,2.2950015658134286
0.10103177623768164,0.07699994484976999,11.08779986981551,241.6879999784983,0.29697429020347016,2.2950015658134286
0.09995151069937735,0.0769999299486088,11.087799884716672,241.6879999784983,0.29697429020347016,2.2950015658134286
0.09995150700036823,0.0769999299486088,11.08779986981551,241.68799999339947,0.29697429020347016,2.2950015658134286
0.0999523816213179,0.0769999299486088,11.08779986981551,241.6879999784983,0.29697430510463135,2.2950015658134286
0.0999514529488149,0.0769999299486088,11.08779986981551,241.6879999784983,0.29697429020347016,2.29500158071459
0.09704297306846965,0.07699992994860591,11.087799869819316,241.68799997849894,0.29697429095480793,2.2950015657676697
0.09996204904717348,0.0769999448497671,11.087799869819316,241.68799997849894,0.29697429095480793,2.2950015657676697
0.09704297741979938,0.07699992994860591,11.087799884720477,241.68799997849894,0.29697429095480793,2.2950015657676697
0.0970429737875501,0.07699992994860591,11.087799869819316,241.6879999934001,0.29697429095480793,2.2950015657676697
0.09704383277127608,0.07699992994860591,11.087799869819316,241.68799997849894,0.2969743058559691,2.2950015657676697
0.09704292069401667,0.07699992994860591,11.087799869819316,241.68799997849894,0.29697429095480793,2.295001580668831
0.09704297306836286,0.07699992994860591,11.087799869819316,241.68799997849894,0.2969742909548061,2.29500156576767
0.09996204904706497,0.0769999448497671,11.087799869819316,241.68799997849894,0.2969742909548061,2.29500156576767
0.09704297741969335,0.07699992994860591,11.087799884720477,241.68799997849894,0.2969742909548061,2.29500156576767
0.09704297378744267,0.07699992994860591,11.087799869819316,241.6879999934001,0.2969742909548061,2.29500156576767
0.09704383277116728,0.07699992994860591,11.087799869819316,241.68799997849894,0.2969743058559673,2.29500156576767
0.09704292069391057,0.07699992994860591,11.087799869819316,241.68799997849894,0.2969742909548061,2.2950015806688313
0.10284520806740145,0.07699992994860735,11.087799869817413,241.68799997849862,0.29697429057913816,2.295001565790549
0.10373508744760354,0.07699994484976855,11.087799869817413,241.68799997849862,0.29697429057913816,2.295001565790549
0.10284521257478828,0.07699992994860735,11.087799884718574,241.68799997849862,0.29697429057913816,2.295001565790549
0.1028452088125485,0.07699992994860735,11.087799869817413,241.68799999339979,0.29697429057913816,2.295001565790549
0.1028460983262945,0.07699992994860735,11.087799869817413,241.68799997849862,0.29697430548029935,2.295001565790549
0.1028451538512676,0.07699992994860735,11.087799869817413,241.68799997849862,0.29697429057913816,2.2950015806917103
0.0970429730683498,0.07699992994860591,11.087799869819316,241.68799997849894,0.2969742909548059,2.29500156576767
0.09996204904705043,0.0769999448497671,11.087799869819316,241.68799997849894,0.2969742909548059,2.29500156576767
0.09704297741967968,0.07699992994860591,11.087799884720477,241.68799997849894,0.2969742909548059,2.29500156576767
0.0970429737874295,0.07699992994860591,11.087799869819316,241.6879999934001,0.2969742909548059,2.29500156576767
0.09704383277115539,0.07699992994860591,11.087799869819316,241.68799997849894,0.29697430585596707,2.29500156576767
0.09704292069389604,0.07699992994860591,11.087799869819316,241.68799997849894,0.2969742909548059,2.2950015806688313
0.09704297306833805,0.07699992994860591,11.087799869819316,241.68799997849894,0.29697429095480565,2.29500156576767
0.09996204904703787,0.0769999448497671,11.087799869819316,241.68799997849894,0.29697429095480565,2.29500156576767
0.09704297741966776,0.07699992994860591,11.087799884720477,241.68799997849894,0.29697429095480565,2.29500156576767
0.09704297378741761,0.07699992994860591,11.087799869819316,241.6879999934001,0.29697429095480565,2.29500156576767
0.09704383277114306,0.07699992994860591,11.087799869819316,241.68799997849894,0.29697430585596685,2.29500156576767
0.09704292069388563,0.07699992994860591,11.087799869819316,241.68799997849894,0.29697429095480565,2.2950015806688313
0.10292097524800757,0.07699992994860663,11.087799869818364,241.6879999784988,0.2969742907669719,2.29500156577911
0.10503971760180238,0.07699994484976783,11.087799869818364,241.6879999784988,0.2969742907669719,2.29500156577911
0.10292097975791539,0.07699992994860663,11.087799884719525,241.6879999784988,0.2969742907669719,2.29500156577911
0.10292097599342159,0.07699992994860663,11.087799869818364,241.68799999339996,0.2969742907669719,2.29500156577911
0.1029218658919513,0.07699992994860663,11.087799869818364,241.6879999784988,0.2969743056681331,2.29500156577911
0.10292092101625831,0.07699992994860663,11.087799869818364,241.6879999784988,0.2969742907669719,2.295001580680271
0.09704297306833382,0.07699992994860591,11.087799869819316,241.68799997849894,0.2969742909548056,2.29500156576767
0.09996204904703468,0.0769999448497671,11.087799869819316,241.68799997849894,0.2969742909548056,2.29500156576767
0.09704297741966314,0.07699992994860591,11.087799884720477,241.68799997849894,0.2969742909548056,2.29500156576767
0.09704297378741356,0.07699992994860591,11.087799869819316,241.6879999934001,0.2969742909548056,2.29500156576767
0.09704383277113929,0.07699992994860591,11.087799869819316,241.68799997849894,0.2969743058559668,2.29500156576767
0.09704292069388018,0.07699992994860591,11.087799869819316,241.68799997849894,0.2969742909548056,2.2950015806688313
0.09704297306833116,0.07699992994860591,11.087799869819316,241.68799997849894,0.29697429095480554,2.29500156576767
0.09996204904703078,0.0769999448497671,11.087799869819316,241.68799997849894,0.29697429095480554,2.29500156576767
0.09704297741966093,0.07699992994860591,11.087799884720477,241.68799997849894,0.29697429095480554,2.29500156576767
0.0970429737874107,0.07699992994860591,11.087799869819316,241.6879999934001,0.29697429095480554,2.29500156576767
0.09704383277113654,0.07699992994860591,11.087799869819316,241.68799997849894,0.29697430585596674,2.29500156576767
0.0970429206938786,0.07699992994860591,11.087799869819316,241.68799997849894,0.29697429095480554,2.2950015806688313
0.10228842631589957,0.07699992994860627,11.08779986981884,241.68799997849885,0.2969742908608887,2.29500156577339
0.09712883358822277,0.07699994484976747,11.08779986981884,241.68799997849885,0.2969742908608887,2.29500156577339
0.10228843080943231,0.07699992994860627,11.08779988472,241.68799997849885,0.2969742908608887,2.29500156577339
0.10228842705858018,0.07699992994860627,11.08779986981884,241.6879999934,0.2969742908608887,2.29500156577339
0.1022893137586348,0.07699992994860627,11.08779986981884,241.68799997849885,0.2969743057620499,2.29500156577339
0.10228837227792763,0.07699992994860627,11.08779986981884,241.68799997849885,0.2969742908608887,2.295001580674551
0.09704297306832814,0.07699992994860591,11.087799869819316,241.68799997849894,0.2969742909548055,2.29500156576767
0.09996204904702821,0.0769999448497671,11.087799869819316,241.68799997849894,0.2969742909548055,2.29500156576767
0.0970429774196577,0.07699992994860591,11.087799884720477,241.68799997849894,0.2969742909548055,2.29500156576767
0.0970429737874076,0.07699992994860591,11.087799869819316,241.6879999934001,0.2969742909548055,2.29500156576767
0.09704383277113192,0.07699992994860591,11.087799869819316,241.68799997849894,0.2969743058559667,2.29500156576767
0.09704292069387613,0.07699992994860591,11.087799869819316,241.68799997849894,0.2969742909548055,2.2950015806688313
0.09854125318127856,0.07699992994860609,11.087799869819078,241.6879999784989,0.2969742909078471,2.29500156577053
0.09712883630983545,0.07699994484976729,11.087799869819078,241.6879999784989,0.2969742909078471,2.29500156577053
0.09854125757451275,0.07699992994860609,11.087799884720239,241.6879999784989,0.2969742909078471,2.29500156577053
0.0985412539071526,0.07699992994860609,11.087799869819078,241.68799999340007,0.2969742909078471,2.29500156577053
0.09854212099290195,0.07699992994860609,11.087799869819078,241.6879999784989,0.2969743058090083,2.29500156577053
0.09854120033043064,0.07699992994860609,11.087799869819078,241.6879999784989,0.2969742909078471,2.2950015806716912
0.09704297306832814,0.07699992994860591,11.087799869819316,241.68799997849894,0.2969742909548055,2.29500156576767
0.09996204904702821,0.0769999448497671,11.087799869819316,241.68799997849894,0.2969742909548055,2.29500156576767
0.0970429774196577,0.07699992994860591,11.087799884720477,241.68799997849894,0.2969742909548055,2.29500156576767
0.0970429737874076,0.07699992994860591,11.087799869819316,241.6879999934001,0.2969742909548055,2.29500156576767
0.09704383277113192,0.07699992994860591,11.087799869819316,241.68799997849894,0.2969743058559667,2.29500156576767
0.09704292069387613,0.07699992994860591,11.087799869819316,241.68799997849894,0.2969742909548055,2.2950015806688313
0.09854125455375848,0.07699992994860601,11.087799869819197,241.6879999784989,0.29697429093132627,2.2950015657691
0.09996204766215956,0.0769999448497672,11.087799869819197,241.6879999784989,0.29697429093132627,2.2950015657691
0.0985412589469904,0.07699992994860601,11.087799884720358,241.6879999784989,0.29697429093132627,2.2950015657691
0.09854125527963273,0.07699992994860601,11.087799869819197,241.68799999340007,0.29697429093132627,2.2950015657691
0.09854212236538676,0.07699992994860601,11.087799869819197,241.6879999784989,0.29697430583248746,2.2950015657691
0.09854120170290895,0.07699992994860601,11.087799869819197,241.6879999784989,0.29697429093132627,2.2950015806702613
0.09704297306832814,0.07699992994860591,11.087799869819316,241.68799997849894,0.2969742909548055,2.29500156576767
0.09996204904702821,0.0769999448497671,11.087799869819316,241.68799997849894,0.2969742909548055,2.29500156576767
0.0970429774196577,0.07699992994860591,11.087799884720477,241.68799997849894,0.2969742909548055,2.29500156576767
0.0970429737874076,0.07699992994860591,11.087799869819316,241.6879999934001,0.2969742909548055,2.29500156576767
0.09704383277113192,0.07699992994860591,11.087799869819316,241.68799997849894,0.2969743058559667,2.29500156576767
0.09704292069387613,0.07699992994860591,11.087799869819316,241.68799997849894,0.2969742909548055,2.2950015806688313
0.09854125524000147,0.07699992994860597,11.087799869819255,241.68799997849894,0.2969742909430659,2.295001565768385
0.0999620483545944,0.07699994484976716,11.087799869819255,241.68799997849894,0.2969742909430659,2.295001565768385
0.09854125963323228,0.07699992994860597,11.087799884720416,241.68799997849894,0.2969742909430659,2.295001565768385
0.0985412559658757,0.07699992994860597,11.087799869819255,241.6879999934001,0.2969742909430659,2.295001565768385
0.09854212305163361,0.07699992994860597,11.087799869819255,241.68799997849894,0.29697430584422707,2.295001565768385
0.09854120238915184,0.07699992994860597,11.087799869819255,241.68799997849894,0.2969742909430659,2.2950015806695463
0.09704297306832814,0.07699992994860591,11.087799869819316,241.68799997849894,0.2969742909548055,2.29500156576767
0.09996204904702821,0.0769999448497671,11.087799869819316,241.68799997849894,0.2969742909548055,2.29500156576767
0.0970429774196577,0.07699992994860591,11.087799884720477,241.68799997849894,0.2969742909548055,2.29500156576767
0.0970429737874076,0.07699992994860591,11.087799869819316,241.6879999934001,0.2969742909548055,2.29500156576767
0.09704383277113192,0.07699992994860591,11.087799869819316,241.68799997849894,0.2969743058559667,2.29500156576767
0.09704292069387613,0.07699992994860591,11.087799869819316,241.68799997849894,0.2969742909548055,2.2950015806688313
0.09854125558312227,0.07699992994860594,11.087799869819285,241.68799997849894,0.2969742909489357,2.2950015657680276
0.09996204870081168,0.07699994484976713,11.087799869819285,241.68799997849894,0.2969742909489357,2.2950015657680276
0.09854125997635672,0.07699992994860594,11.087799884720447,241.68799997849894,0.2969742909489357,2.2950015657680276
0.09854125630899793,0.07699992994860594,11.087799869819285,241.6879999934001,0.2969742909489357,2.2950015657680276
0.09854212339475736,0.07699992994860594,11.087799869819285,241.68799997849894,0.2969743058500969,2.2950015657680276
0.09854120273227379,0.07699992994860594,11.087799869819285,241.68799997849894,0.2969742909489357,2.295001580669189
0.09704297306832814,0.07699992994860591,11.087799869819316,241.68799997849894,0.2969742909548055,2.29500156576767
0.09996204904702821,0.0769999448497671,11.087799869819316,241.68799997849894,0.2969742909548055,2.29500156576767
0.0970429774196577,0.07699992994860591,11.087799884720477,241.68799997849894,0.2969742909548055,2.29500156576767
0.0970429737874076,0.07699992994860591,11.087799869819316,241.6879999934001,0.2969742909548055,2.29500156576767
0.09704383277113192,0.07699992994860591,11.087799869819316,241.68799997849894,0.2969743058559667,2.29500156576767
0.09704292069387613,0.07699992994860591,11.087799869819316,241.68799997849894,0.2969742909548055,2.2950015806688313
0.0985412557546815,0.07699992994860592,11.087799869819301,241.68799997849894,0.29697429095187056,2.2950015657678486
0.0999620488739181,0.07699994484976712,11.087799869819301,241.68799997849894,0.29697429095187056,2.2950015657678486
0.09854126014791548,0.07699992994860592,11.087799884720463,241.68799997849894,0.29697429095187056,2.2950015657678486
0.09854125648055605,0.07699992994860592,11.087799869819301,241.6879999934001,0.29697429095187056,2.2950015657678486
0.09854212356631749,0.07699992994860592,11.087799869819301,241.68799997849894,0.29697430585303175,2.2950015657678486
0.09854120290383309,0.07699992994860592,11.087799869819301,241.68799997849894,0.29697429095187056,2.29500158066901
0.09704297306832814,0.07699992994860591,11.087799869819316,241.68799997849894,0.2969742909548055,2.29500156576767
0.09996204904702821,0.0769999448497671,11.087799869819316,241.68799997849894,0.2969742909548055,2.29500156576767
0.0970429774196577,0.07699992994860591,11.087799884720477,241.68799997849894,0.2969742909548055,2.29500156576767
0.0970429737874076,0.07699992994860591,11.087799869819316,241.6879999934001,0.2969742909548055,2.29500156576767
0.09704383277113192,0.07699992994860591,11.087799869819316,241.68799997849894,0.2969743058559667,2.29500156576767
0.09704292069387613,0.07699992994860591,11.087799869819316,241.68799997849894,0.2969742909548055,2.2950015806688313
0.09854125584045985,0.07699992994860592,11.087799869819309,241.68799997849894,0.296974290953338,2.2950015657677594
0.09996204896047221,0.07699994484976712,11.087799869819309,241.68799997849894,0.296974290953338,2.2950015657677594
0.09854126023369356,0.07699992994860592,11.08779988472047,241.68799997849894,0.296974290953338,2.2950015657677594
0.09854125656633463,0.07699992994860592,11.087799869819309,241.6879999934001,0.296974290953338,2.2950015657677594
0.09854212365209702,0.07699992994860592,11.087799869819309,241.68799997849894,0.2969743058544992,2.2950015657677594
0.09854120298961051,0.07699992994860592,11.087799869819309,241.68799997849894,0.296974290953338,2.2950015806689206
0.09704297306832814,0.07699992994860591,11.087799869819316,241.68799997849894,0.2969742909548055,2.29500156576767
0.09996204904702821,0.0769999448497671,11.087799869819316,241.68799997849894,0.2969742909548055,2.29500156576767
0.0970429774196577,0.07699992994860591,11.087799884720477,241.68799997849894,0.2969742909548055,2.29500156576767
0.0970429737874076,0.07699992994860591,11.087799869819316,241.6879999934001,0.2969742909548055,2.29500156576767
0.09704383277113192,0.07699992994860591,11.087799869819316,241.68799997849894,0.2969743058559667,2.29500156576767
0.09704292069387613,0.07699992994860591,11.087799869819316,241.68799997849894,0.2969742909548055,2.2950015806688313
0.09854125588335177,0.07699992994860592,11.087799869819312,241.68799997849894,0.29697429095407174,2.2950015657677145
0.09996204900374994,0.07699994484976712,11.087799869819312,241.68799997849894,0.29697429095407174,2.2950015657677145
0.09854126027658584,0.07699992994860592,11.087799884720473,241.68799997849894,0.29697429095407174,2.2950015657677145
0.09854125660922655,0.07699992994860592,11.087799869819312,241.6879999934001,0.29697429095407174,2.2950015657677145
0.09854212369498908,0.07699992994860592,11.087799869819312,241.68799997849894,0.29697430585523293,2.2950015657677145
0.09854120303250195,0.07699992994860592,11.087799869819312,241.68799997849894,0.29697429095407174,2.2950015806688757
0.09704297306832814,0.07699992994860591,11.087799869819316,241.68799997849894,0.2969742909548055,2.29500156576767
0.09996204904702821,0.0769999448497671,11.087799869819316,241.68799997849894,0.2969742909548055,2.29500156576767
0.0970429774196577,0.07699992994860591,11.087799884720477,241.68799997849894,0.2969742909548055,2.29500156576767
0.0970429737874076,0.07699992994860591,11.087799869819316,241.6879999934001,0.2969742909548055,2.29500156576767
0.09704383277113192,0.07699992994860591,11.087799869819316,241.68799997849894,0.2969743058559667,2.29500156576767
0.09704292069387613,0.07699992994860591,11.087799869819316,241.68799997849894,0.2969742909548055,2.2950015806688313
0.09704297304708323,0.07699992994860591,11.087799869819314,241.68799997849894,0.2969742909544386,2.2950015657676923
0.0999620490253888,0.0769999448497671,11.087799869819314,241.68799997849894,0.2969742909544386,2.2950015657676923
0.09704297739841339,0.07699992994860591,11.087799884720475,241.68799997849894,0.2969742909544386,2.2950015657676923
0.0970429737661637,0.07699992994860591,11.087799869819314,241.6879999934001,0.2969742909544386,2.2950015657676923
0.09704383274988797,0.07699992994860591,11.087799869819314,241.68799997849894,0.2969743058555998,2.2950015657676923
0.09704292067262867,0.07699992994860591,11.087799869819314,241.68799997849894,0.2969742909544386,2.2950015806688535
0.09704297306980253,0.07699992994860591,11.087799869819316,241.68799997849894,0.29697429095483097,2.2950015657676683
0.09996204904853209,0.0769999448497671,11.087799869819316,241.68799997849894,0.29697429095483097,2.2950015657676683
0.09704297742113387,0.07699992994860591,11.087799884720477,241.68799997849894,0.29697429095483097,2.2950015657676683
0.09704297378888378,0.07699992994860591,11.087799869819316,241.6879999934001,0.29697429095483097,2.2950015657676683
0.09704383277260972,0.07699992994860591,11.087799869819316,241.68799997849894,0.29697430585599216,2.2950015657676683
0.0970429206953505,0.07699992994860591,11.087799869819316,241.68799997849894,0.29697429095483097,2.2950015806688295
0.09824137330148186,0.07699993004746215,11.087799739638749,241.6879999569979,0.2969485819327718,2.295003131533929
0.10066515522957184,0.07699992997583067,11.087799833967908,241.68799997257761,0.2969672107536228,2.2950019969758313
0.0996706005678959,0.0769999299622183,11.087799851893612,241.68799997553828,0.29697075085422686,2.2950017813717496
0.10092122691996792,0.0769999299554121,11.087799860856464,241.68799997701862,0.2969725209045289,2.295001673569709
0.1004049631052307,0.07699992995200901,11.08779986533789,241.68799997775878,0.2969734059296799,2.295001619668689
0.10046674042129058,0.07699992995030747,11.087799867578603,241.68799997812886,0.29697384844225544,2.2950015927181786
0.10285342444881103,0.07699992994945669,11.087799868698959,241.6879999783139,0.2969740696985432,2.2950015792429235
0.1008128971231715,0.0769999299490313,11.087799869259138,241.68799997840642,0.29697418032668704,2.295001572505296
0.10321600949832895,0.0769999299488186,11.087799869539227,241.68799997845267,0.296974235640759,2.295001569136482
0.10168879252445351,0.07699992994871226,11.087799869679271,241.6879999784758,0.29697426329779497,2.295001567452075
0.10069978799603056,0.07699992994865909,11.087799869749293,241.68799997848737,0.29697427712631297,2.295001566609872
0.10262488232312916,0.0769999299486325,11.087799869784304,241.68799997849317,0.29697428404057197,2.29500156618877
421.94446571226234,0.07149411330156098,12.041239384784316,215.99856278143443,0.014026905754152774,1.2263604033093762
421.96739932355695,0.07149412820272218,12.041239384784316,215.99856278143443,0.014026905754152774,1.2263604033093762
421.9444654661624,0.07149411330156098,12.041239399685477,215.99856278143443,0.014026905754152774,1.2263604033093762
421.9444657088824,0.07149411330156098,12.041239384784316,215.9985627963356,0.014026905754152774,1.2263604033093762
421.9445088659056,0.07149411330156098,12.041239384784316,215.99856278143443,0.01402689085299158,1.2263604033093762
421.9444657657281,0.07149411330156098,12.041239384784316,215.99856278143443,0.014026905754152774,1.2263604182105374
755.9101333121422,0.9385040985850375,12.041250223046994,215.99856293028844,0.015927395911805187,1.226358048671703
757.0963943247431,0.9385040836838763,12.041250223046994,215.99856293028844,0.015927395911805187,1.226358048671703
755.9101333099118,0.9385040985850375,12.041250237948155,215.99856293028844,0.015927395911805187,1.226358048671703
755.9101333121008,0.9385040985850375,12.041250223046994,215.9985629451896,0.015927395911805187,1.226358048671703
755.9101336631114,0.9385040985850375,12.041250223046994,215.99856293028844,0.015927381010643994,1.226358048671703
755.9101333129105,0.9385040985850375,12.041250223046994,215.99856293028844,0.015927395911805187,1.2263580635728641
322.7608723767924,0.06196221787159399,12.04123948707082,215.99856278283926,0.014044841700212111,1.2263603810873962
322.71956305365836,0.061962232772755185,12.04123948707082,215.99856278283926,0.014044841700212111,1.2263603810873962
322.7608720887164,0.06196221787159399,12.041239501971981,215.99856278283926,0.014044841700212111,1.2263603810873962
322.7608723723263,0.06196221787159399,12.04123948707082,215.99856279774042,0.014044841700212111,1.2263603810873962
322.7609332512947,0.06196221787159399,12.04123948707082,215.99856278283926,0.014044826799050917,1.2263603810873962
322.7608724495918,0.06196221787159399,12.04123948707082,215.99856278283926,0.014044841700212111,1.2263603959885574
390.3182258033077,0.06809137844629234,12.041239421298968,215.99856278193593,0.014033308601232532,1.2263603953764832
390.3250197074372,0.06809139334745354,12.041239421298968,215.99856278193593,0.014033308601232532,1.2263603953764832
390.3182255419363,0.06809137844629234,12.04123943620013,215.99856278193593,0.014033308601232532,1.2263603953764832
390.3182257995678,0.06809137844629234,12.041239421298968,215.9985627968371,0.014033308601232532,1.2263603953764832
390.3182748315453,0.06809137844629234,12.041239421298968,215.99856278193593,0.014033293700071338,1.2263603953764832
390.3182258629957,0.06809137844629234,12.041239421298968,215.99856278193593,0.014033308601232532,1.2263604102776444
313.1211068362753,0.06808464326642899,12.041335529433741,215.99856417848687,0.032516047737145906,1.2263380345539228
312.96749423096736,0.06808465816759018,12.041335529433741,215.99856417848687,0.032516047737145906,1.2263380345539228
313.1211065965368,0.06808464326642899,12.041335544334903,215.99856417848687,0.032516047737145906,1.2263380345539228
313.1211068282867,0.06808464326642899,12.041335529433741,215.99856419338803,0.032516047737145906,1.2263380345539228
313.12116906308097,0.06808464326642899,12.041335529433741,215.99856417848687,0.03251603283598471,1.2263380345539228
313.12110710864556,0.06808464326642899,12.041335529433741,215.99856417848687,0.032516047737145906,1.226338049455084
154.3433581816807,0.06808078144365554,12.043255199523722,215.99867896888708,0.0793589458234667,1.2206855550271571
154.43153535390036,0.06808079634481673,12.043255199523722,215.99867896888708,0.0793589458234667,1.2206855550271571
154.34335799049757,0.06808078144365554,12.043255214424883,215.99867896888708,0.0793589458234667,1.2206855550271571
154.34335816866897,0.06808078144365554,12.043255199523722,215.99867898378824,0.0793589458234667,1.2206855550271571
154.34339744102923,0.06808078144365554,12.043255199523722,215.99867896888708,0.0793589309223055,1.2206855550271571
154.34335910521813,0.06808078144365554,12.043255199523722,215.99867896888708,0.0793589458234667,1.2206855699283183
200.5668128165486,0.06806533415256169,12.050933879883647,215.99913813048784,0.2667305381687498,1.1980756369200947
200.75189131537763,0.06806534905372288,12.050933879883647,215.99913813048784,0.2667305381687498,1.1980756369200947
200.5668130991503,0.06806533415256169,12.050933894784809,215.99913813048784,0.2667305381687498,1.1980756369200947
200.5668128792284,0.06806533415256169,12.050933879883647,215.999138145389,0.2667305381687498,1.1980756369200947
200.5667350867713,0.06806533415256169,12.050933879883647,215.99913813048784,0.2667305232675886,1.1980756369200947
200.56680493759163,0.06806533415256169,12.050933879883647,215.99913813048784,0.2667305381687498,1.1980756518212559
4.597588177766554,0.06807343262330125,12.046908218177949,215.99889740823005,0.16849821064837817,1.2099292207686478
4.603174238745748,0.06807344752446244,12.046908218177949,215.99889740823005,0.16849821064837817,1.2099292207686478
4.5975881369589064,0.06807343262330125,12.04690823307911,215.99889740823005,0.16849821064837817,1.2099292207686478
4.597588173081549,0.06807343262330125,12.046908218177949,215.9988974231312,0.16849821064837817,1.2099292207686478
4.597596863234774,0.06807343262330125,12.046908218177949,215.99889740823005,0.16849819574721697,1.2099292207686478
4.597588713461827,0.06807343262330125,12.046908218177949,215.99889740823005,0.16849821064837817,1.209929235669809
63.03558732773606,0.06803958920921122,11.840461654751834,216.1084006464717,0.346807890860264,12.896638563719808
62.84038614155459,0.06803960411037241,11.840461654751834,216.1084006464717,0.346807890860264,12.896638563719808
63.035587195748484,0.06803958920921122,11.840461669652996,216.1084006464717,0.346807890860264,12.896638563719808
63.03558731519249,0.06803958920921122,11.840461654751834,216.10840066137285,0.346807890860264,12.896638563719808
63.03559723012284,0.06803958920921122,11.840461654751834,216.1084006464717,0.3468078759591028,12.896638563719808
63.03558721835777,0.06803958920921122,11.840461654751834,216.1084006464717,0.346807890860264,12.896638548818647
45.46150605108967,0.06806046949110249,11.967832446255128,216.040840722511,0.23679663795115208,4.193346659574249
45.534166661597475,0.06806048439226368,11.967832446255128,216.040840722511,0.23679663795115208,4.193346659574249
45.461505927918104,0.06806046949110249,11.96783246115629,216.040840722511,0.23679663795115208,4.193346659574249
45.461506040473985,0.06806046949110249,11.967832446255128,216.04084073741217,0.23679663795115208,4.193346659574249
45.46152051202135,0.06806046949110249,11.967832446255128,216.040840722511,0.23679662304999088,4.193346659574249
45.46150570192376,0.06806046949110249,11.967832446255128,216.040840722511,0.23679663795115208,4.193346644673087
962.5732440193423,0.06807022623732367,12.027349099103025,216.00927194215453,0.18539159075409295,0.12655240651716793
962.5409309047434,0.06807024113848487,12.027349099103025,216.00927194215453,0.18539159075409295,0.12655240651716793
962.5732445877238,0.06807022623732367,12.027349114004187,216.00927194215453,0.18539159075409295,0.12655240651716793
962.5732442340714,0.06807022623732367,12.027349099103025,216.0092719570557,0.18539159075409295,0.12655240651716793
962.572839277308,0.06807022623732367,12.027349099103025,216.00927194215453,0.18539157585293176,0.12655240651716793
962.5733162086336,0.06807022623732367,12.027349099103025,216.00927194215453,0.18539159075409295,0.12655239161600673
4.420570746637297,0.06807342206090446,12.046843787015227,215.99893158376122,0.16855386040020645,1.2055266162918596
4.406482672118143,0.06807343696206565,12.046843787015227,215.99893158376122,0.16855386040020645,1.2055266162918596
4.420570706613096,0.06807342206090446,12.046843801916388,215.99893158376122,0.16855386040020645,1.2055266162918596
4.42057074203188,0.06807342206090446,12.046843787015227,215.99893159866238,0.16855386040020645,1.2055266162918596
4.420579289384112,0.06807342206090446,12.046843787015227,215.99893158376122,0.16855384549904526,1.2055266162918596
4.420571275187354,0.06807342206090446,12.046843787015227,215.99893158376122,0.16855386040020645,1.2055266311930208
2.5753343549846304,0.06807330876205367,12.04615265820883,215.99929817180748,0.1691507943205819,1.1583015368647058
2.5562746128775844,0.06807332366321486,12.04615265820883,215.99929817180748,0.1691507943205819,1.1583015368647058
2.575334324361418,0.06807330876205367,12.046152673109992,215.99929817180748,0.1691507943205819,1.1583015368647058
2.5753343513657323,0.06807330876205367,12.04615265820883,215.99929818670864,0.1691507943205819,1.1583015368647058
2.5753410883997034,0.06807330876205367,12.04615265820883,215.99929817180748,0.1691507794194207,1.1583015368647058
2.5753347847667305,0.06807330876205367,12.04615265820883,215.99929817180748,0.1691507943205819,1.158301551765867
0.17221422050657265,0.06807372987883674,12.344574779576428,215.9911148834912,0.1662923577590562,1.0117571089252295
0.17097170990186852,0.06807374477999793,12.344574779576428,215.9911148834912,0.1662923577590562,1.0117571089252295
0.17221421285659463,0.06807372987883674,12.34457479447759,215.9911148834912,0.1662923577590562,1.0117571089252295
0.17221421954037863,0.06807372987883674,12.344574779576428,215.99111489839237,0.1662923577590562,1.0117571089252295
0.17221606385819493,0.06807372987883674,12.344574779576428,215.9911148834912,0.16629234285789501,1.0117571089252295
0.17221434715589928,0.06807372987883674,12.344574779576428,215.9911148834912,0.1662923577590562,1.0117571238263907
0.03162632087361806,0.0680738225454218,12.34414719147707,215.97895810589233,0.1655029519042933,0.9512550343306386
0.03026279266319183,0.06807383744658299,12.34414719147707,215.97895810589233,0.1655029519042933,0.9512550343306386
0.031626323545545246,0.0680738225454218,12.344147206378231,215.97895810589233,0.1655029519042933,0.9512550343306386
0.03162632122165711,0.0680738225454218,12.34414719147707,215.9789581207935,0.1655029519042933,0.9512550343306386
0.03162564960263595,0.0680738225454218,12.34414719147707,215.97895810589233,0.1655029370031321,0.9512550343306386
0.03162627297905726,0.0680738225454218,12.34414719147707,215.97895810589233,0.1655029519042933,0.9512550492317998
0.011937643211997983,0.06807381476625236,12.361784140017905,215.9831398094171,0.16562626178661505,0.9669224400705779
0.011947348547325293,0.06807382966741356,12.361784140017905,215.9831398094171,0.16562626178661505,0.9669224400705779
0.011937643090647435,0.06807381476625236,12.361784154919066,215.9831398094171,0.16562626178661505,0.9669224400705779
0.01193764319635095,0.06807381476625236,12.361784140017905,215.98313982431827,0.16562626178661505,0.9669224400705779
0.011937672851175165,0.06807381476625236,12.361784140017905,215.9831398094171,0.16562624688545385,0.9669224400705779
0.011937645220699447,0.06807381476625236,12.361784140017905,215.9831398094171,0.16562626178661505,0.9669224549717391
0.011917015301764582,0.06807381565347179,12.361717539288817,215.98303260962652,0.16561917799348172,0.9662823288768122
0.011894675024514752,0.06807383055463298,12.361717539288817,215.98303260962652,0.16561917799348172,0.9662823288768122
0.011917015282559203,0.06807381565347179,12.361717554189978,215.98303260962652,0.16561917799348172,0.9662823288768122
0.011917015299330995,0.06807381565347179,12.361717539288817,215.98303262452768,0.16561917799348172,0.9662823288768122
0.011917019533544649,0.06807381565347179,12.361717539288817,215.98303260962652,0.16561916309232053,0.9662823288768122
0.011917015519133406,0.06807381565347179,12.361717539288817,215.98303260962652,0.16561917799348172,0.9662823437779734
0.01191165341697602,0.06807381609603175,12.36211578332884,215.98306825592607,0.16561740618968296,0.9662011082101539
0.01190106643150363,0.06807383099719294,12.36211578332884,215.98306825592607,0.16561740618968296,0.9662011082101539
0.011911653366721063,0.06807381609603175,12.36211579823,215.98306825592607,0.16561740618968296,0.9662011082101539
0.011911653410521243,0.06807381609603175,12.36211578332884,215.98306827082723,0.16561740618968296,0.9662011082101539
0.011911665383032526,0.06807381609603175,12.36211578332884,215.98306825592607,0.16561739128852176,0.9662011082101539
0.011911654180038105,0.06807381609603175,12.36211578332884,215.98306825592607,0.16561740618968296,0.9662011231113151
0.011947527035612079,0.06807381786627159,12.363708759488928,215.9832108411243,0.1656103189744879,0.9658762255435207
0.011986646689330076,0.06807383276743278,12.363708759488928,215.9832108411243,0.1656103189744879,0.9658762255435207
0.011947527129837264,0.06807381786627159,12.363708774390089,215.9832108411243,0.1656103189744879,0.9658762255435207
0.011947527047829809,0.06807381786627159,12.363708759488928,215.98321085602547,0.1656103189744879,0.9658762255435207
0.011947503092458312,0.06807381786627159,12.363708759488928,215.9832108411243,0.16561030407332672,0.9658762255435207
0.011947525264663158,0.06807381786627159,12.363708759488928,215.9832108411243,0.1656103189744879,0.9658762404446819
0.01185541557269687,0.06807381626177508,12.362264929887996,215.98308160583818,0.16561674263062487,0.966170690220813
0.011893934272717545,0.06807383116293628,12.362264929887996,215.98308160583818,0.16561674263062487,0.966170690220813
0.011855415516196007,0.06807381626177508,12.362264944789157,215.98308160583818,0.16561674263062487,0.966170690220813
0.011855415565405671,0.06807381626177508,12.362264929887996,215.98308162073934,0.16561674263062487,0.966170690220813
0.011855429145659315,0.06807381626177508,12.362264929887996,215.98308160583818,0.16561672772946368,0.966170690220813
0.011855416447688956,0.06807381626177508,12.362264929887996,215.98308160583818,0.16561674263062487,0.9661707051219742
0.01187020498932469,0.06807381626244045,12.36226552862929,215.98308165943072,0.1656167399668007,0.9661705681093381
0.01194069485108867,0.06807383116360165,12.36226552862929,215.98308165943072,0.1656167399668007,0.9661705681093381
0.011870204943303538,0.06807381626244045,12.362265543530452,215.98308165943072,0.1656167399668007,0.9661705681093381
0.011870204983389001,0.06807381626244045,12.36226552862929,215.98308167433188,0.1656167399668007,0.9661705681093381
0.011870215955271962,0.06807381626244045,12.36226552862929,215.98308165943072,0.16561672506563951,0.9661705681093381
0.011870205681039182,0.06807381626244045,12.36226552862929,215.98308165943072,0.1656167399668007,0.9661705830104993
0.014010197030951155,0.06807383752896698,12.381415085687514,215.9848501932388,0.1655335449754212,0.9619367247005458
0.014159474256011662,0.06807385243012817,12.381415085687514,215.9848501932388,0.1655335449754212,0.9619367247005458
0.014010197902166796,0.06807383752896698,12.381415100588676,215.9848501932388,0.1655335449754212,0.9619367247005458
0.014010197143723256,0.06807383752896698,12.381415085687514,215.98485020813996,0.1655335449754212,0.9619367247005458
0.014009979518876276,0.06807383752896698,12.381415085687514,215.9848501932388,0.16553353007426,0.9619367247005458
0.014010181562446555,0.06807383752896698,12.381415085687514,215.9848501932388,0.1655335449754212,0.961936739601707
0.01192686170732119,0.06807381672823475,12.362684955585703,215.98312039509182,0.16561491777206708,0.9660778355176924
0.011959622146999024,0.06807383162939594,12.362684955585703,215.98312039509182,0.16561491777206708,0.9660778355176924
0.011926861757621384,0.06807381672823475,12.362684970486864,215.98312039509182,0.16561491777206708,0.9660778355176924
0.011926861713859068,0.06807381672823475,12.362684955585703,215.98312040999298,0.16561491777206708,0.9660778355176924
0.011926848686184485,0.06807381672823475,12.362684955585703,215.98312039509182,0.16561490287090588,0.9660778355176924
0.011926860707279335,0.06807381672823475,12.362684955585703,215.98312039509182,0.16561491777206708,0.9660778504188536
0.011963755175206994,0.06807381626534593,12.36226814488437,215.98308190105175,0.16561672860051593,0.9661699896722343
0.011983264471587263,0.06807383116650713,12.36226814488437,215.98308190105175,0.16561672860051593,0.9661699896722343
0.01196375523901414,0.06807381626534593,12.36226815978553,215.98308190105175,0.16561672860051593,0.9661699896722343
0.011963755183515862,0.06807381626534593,12.36226814488437,215.9830819159529,0.16561672860051593,0.9661699896722343
0.011963738751358281,0.06807381626534593,12.36226814488437,215.98308190105175,0.16561671369935474,0.9661699896722343
0.011963753935917767,0.06807381626534593,12.36226814488437,215.98308190105175,0.16561672860051593,0.9661700045733955
0.011870204988710914,0.06807381626244052,12.36226552868951,215.9830816594363,0.16561673996653908,0.9661705680960236
0.011979360650500238,0.06807383116360172,12.36226552868951,215.9830816594363,0.16561673996653908,0.9661705680960236
0.011870204942690117,0.06807381626244052,12.362265543590672,215.9830816594363,0.16561673996653908,0.9661705680960236
0.011870204982775395,0.06807381626244052,12.36226552868951,215.98308167433746,0.16561673996653908,0.9661705680960236
0.011870215954657197,0.06807381626244052,12.36226552868951,215.9830816594363,0.1656167250653779,0.9661705680960236
0.011870205680425374,0.06807381626244052,12.36226552868951,215.9830816594363,0.16561673996653908,0.9661705829971848
0.011870204987471853,0.06807381626244052,12.36226552895926,215.98308165950849,0.1656167399682333,0.9661705681147404
0.01197936065283671,0.06807383116360172,12.36226552895926,215.98308165950849,0.1656167399682333,0.9661705681147404
0.011870204941450958,0.06807381626244052,12.36226554386042,215.98308165950849,0.1656167399682333,0.9661705681147404
0.011870204981536282,0.06807381626244052,12.36226552895926,215.98308167440965,0.1656167399682333,0.9661705681147404
0.011870215953417052,0.06807381626244052,12.36226552895926,215.98308165950849,0.16561672506707212,0.9661705681147404
0.011870205679186186,0.06807381626244052,12.36226552895926,215.98308165950849,0.1656167399682333,0.9661705830159016
0.011870204982514836,0.06807381626244052,12.36226553003825,215.98308165979728,0.1656167399750102,0.9661705681896079
0.01197936066218044,0.06807383116360172,12.36226553003825,215.98308165979728,0.1656167399750102,0.9661705681896079
0.011870204936493956,0.06807381626244052,12.362265544939412,215.98308165979728,0.1656167399750102,0.9661705681896079
0.0118702049765797,0.06807381626244052,12.36226553003825,215.98308167469844,0.1656167399750102,0.9661705681896079
0.011870215948455467,0.06807381626244052,12.36226553003825,215.98308165979728,0.165616725073849,0.9661705681896079
0.011870205674228782,0.06807381626244052,12.36226553003825,215.98308165979728,0.1656167399750102,0.9661705830907691
0.011870204962687432,0.06807381626244052,12.36226553435422,215.9830816609524,0.16561674000211776,0.9661705684890776
0.011979360699557736,0.06807383116360172,12.36226553435422,215.9830816609524,0.16561674000211776,0.9661705684890776
0.011870204916666748,0.06807381626244052,12.362265549255381,215.9830816609524,0.16561674000211776,0.9661705684890776
0.011870204956751791,0.06807381626244052,12.36226553435422,215.98308167585355,0.16561674000211776,0.9661705684890776
0.011870215928610428,0.06807381626244052,12.36226553435422,215.9830816609524,0.16561672510095657,0.9661705684890776
0.011870205654400168,0.06807381626244052,12.36226553435422,215.9830816609524,0.16561674000211776,0.9661705833902388
0.011870204883378381,0.06807381626244052,12.362265551618098,215.98308166557288,0.16561674011054806,0.9661705696869561
0.011979360849065522,0.06807383116360172,12.362265551618098,215.98308166557288,0.16561674011054806,0.9661705696869561
0.0118702048373577,0.06807381626244052,12.362265566519259,215.98308166557288,0.16561674011054806,0.9661705696869561
0.01187020487744279,0.06807381626244052,12.362265551618098,215.98308168047404,0.16561674011054806,0.9661705696869561
0.01187021584922901,0.06807381626244052,12.362265551618098,215.98308166557288,0.16561672520938686,0.9661705696869561
0.011870205575086395,0.06807381626244052,12.362265551618098,215.98308166557288,0.16561674011054806,0.9661705845881173
0.011870204566147036,0.06807381626244052,12.36226562067361,215.9830816840549,0.16561674054426917,0.9661705744784704
0.011979361447101973,0.06807383116360172,12.36226562067361,215.9830816840549,0.16561674054426917,0.9661705744784704
0.011870204520127058,0.06807381626244052,12.36226563557477,215.9830816840549,0.16561674054426917,0.9661705744784704
0.011870204560211421,0.06807381626244052,12.36226562067361,215.98308169895606,0.16561674054426917,0.9661705744784704
0.01187021553170773,0.06807381626244052,12.36226562067361,215.9830816840549,0.16561672564310798,0.9661705744784704
0.011870205257833949,0.06807381626244052,12.36226562067361,215.9830816840549,0.16561674054426917,0.9661705893796316
0.011870203297293833,0.06807381626244052,12.362265896895652,215.9830817579829,0.1656167422791536,0.9661705936445275
0.011979363839321673,0.06807383116360172,12.362265896895652,215.9830817579829,0.1656167422791536,0.9661705936445275
0.011870203251279375,0.06807381626244052,12.362265911796813,215.9830817579829,0.1656167422791536,0.9661705936445275
0.011870203291359165,0.06807381626244052,12.362265896895652,215.98308177288405,0.1656167422791536,0.9661705936445275
0.011870214261697843,0.06807381626244052,12.362265896895652,215.9830817579829,0.1656167273779924,0.9661705936445275
0.011870203988899531,0.06807381626244052,12.362265896895652,215.9830817579829,0.1656167422791536,0.9661706085456887
0.01187019822307532,0.06807381626244051,12.36226700178382,215.98308205369483,0.16561674921869138,0.9661706703087558
0.011940699346884312,0.0680738311636017,12.36226700178382,215.98308205369483,0.16561674921869138,0.9661706703087558
0.011870198177078985,0.06807381626244051,12.362267016684982,215.98308205369483,0.16561674921869138,0.9661706703087558
0.011870198217142826,0.06807381626244051,12.36226700178382,215.983082068596,0.16561674921869138,0.9661706703087558
0.01187020918284941,0.06807381626244051,12.36226700178382,215.98308205369483,0.16561673431753018,0.9661706703087558
0.011870198914353987,0.06807381626244051,12.36226700178382,215.98308205369483,0.16561674921869138,0.966170685209917
0.01187017794525691,0.06807381626244047,12.362271421336498,215.98308323654265,0.16561677697684243,0.9661709769656692
0.011940712853454494,0.06807383116360166,12.362271421336498,215.98308323654265,0.16561677697684243,0.9661709769656692
0.011870177899335517,0.06807381626244047,12.36227143623766,215.98308323654265,0.16561677697684243,0.9661709769656692
0.01187017793933372,0.06807381626244047,12.362271421336498,215.98308325144382,0.16561677697684243,0.9661709769656692
0.011870188886513613,0.06807381626244047,12.362271421336498,215.98308323654265,0.16561676207568124,0.9661709769656692
0.011870178635228757,0.06807381626244047,12.362271421336498,215.98308323654265,0.16561677697684243,0.9661709918668304
0.01192943594877468,0.06807381626244029,12.362289099547208,215.9830879679339,0.16561688800944677,0.9661722035933227
0.011940767184727493,0.06807383116360148,12.362289099547208,215.9830879679339,0.16561688800944677,0.9661722035933227
0.011929435974453551,0.06807381626244029,12.36228911444837,215.9830879679339,0.16561688800944677,0.9661722035933227
0.01192943595212761,0.06807381626244029,12.362289099547208,215.98308798283506,0.16561688800944677,0.9661722035933227
0.011929429052781774,0.06807381626244029,12.362289099547208,215.9830879679339,0.16561687310828557,0.9661722035933227
0.011929435380929668,0.06807381626244029,12.362289099547208,215.9830879679339,0.16561688800944677,0.9661722184944839
0.01187017792678037,0.06807381626244047,12.362271425366465,215.98308323762123,0.16561677700215371,0.9661709772452942
0.011940712865784376,0.06807383116360166,12.362271425366465,215.98308323762123,0.16561677700215371,0.9661709772452942
0.011870177880858665,0.06807381626244047,12.362271440267627,215.98308323762123,0.16561677700215371,0.9661709772452942
0.011870177920857395,0.06807381626244047,12.362271425366465,215.9830832525224,0.16561677700215371,0.9661709772452942
0.011870188868020394,0.06807381626244047,12.362271425366465,215.98308323762123,0.16561676210099252,0.9661709772452942
0.011870178616750863,0.06807381626244047,12.362271425366465,215.98308323762123,0.16561677700215371,0.9661709921464554
0.011870177908312343,0.06807381626244047,12.36227142939461,215.98308323869932,0.1656167770274535,0.9661709775247926
0.011940712878108262,0.06807383116360166,12.36227142939461,215.98308323869932,0.1656167770274535,0.9661709775247926
0.011870177862391052,0.06807381626244047,12.362271444295772,215.98308323869932,0.1656167770274535,0.9661709775247926
0.011870177902389152,0.06807381626244047,12.36227142939461,215.98308325360048,0.1656167770274535,0.9661709775247926
0.0118701888495359,0.06807381626244047,12.36227142939461,215.98308323869932,0.1656167621262923,0.9661709775247926
0.011870178598281746,0.06807381626244047,12.36227142939461,215.98308323869932,0.1656167770274535,0.9661709924259538
0.011929417913192462,0.06807381626244037,12.36228026447091,215.9830856033166,0.16561683251845014,0.9661715905590577
0.011940739970474838,0.06807383116360156,12.36228026447091,215.9830856033166,0.16561683251845014,0.9661715905590577
0.011929417938722951,0.06807381626244037,12.36228027937207,215.9830856033166,0.16561683251845014,0.9661715905590577
0.01192941791652721,0.06807381626244037,12.36228026447091,215.98308561821776,0.16561683251845014,0.9661715905590577
0.01192941105422423,0.06807381626244037,12.36228026447091,215.9830856033166,0.16561681761728894,0.9661715905590577
0.011929417347960164,0.06807381626244037,12.36228026447091,215.9830856033166,0.16561683251845014,0.9661716054602189
0.011870177903694884,0.06807381626244047,12.362271430401728,215.98308323896887,0.165616777033779,0.9661709775946731
0.011940712881189851,0.06807383116360166,12.362271430401728,215.98308323896887,0.165616777033779,0.9661709775946731
0.011870177857773351,0.06807381626244047,12.36227144530289,215.98308323896887,0.165616777033779,0.9661709775946731
0.011870177897772227,0.06807381626244047,12.362271430401728,215.98308325387003,0.165616777033779,0.9661709775946731
0.011870188844914028,0.06807381626244047,12.362271430401728,215.98308323896887,0.1656167621326178,0.9661709775946731
0.011870178593663986,0.06807381626244047,12.362271430401728,215.98308323896887,0.165616777033779,0.9661709924958343
0.01187017789907862,0.06807381626244047,12.362271431408619,215.98308323923834,0.16561677704010302,0.9661709776645375
0.011940712884270767,0.06807383116360166,12.362271431408619,215.98308323923834,0.16561677704010302,0.9661709776645375
0.011870177853156914,0.06807381626244047,12.36227144630978,215.98308323923834,0.16561677704010302,0.9661709776645375
0.011870177893155663,0.06807381626244047,12.362271431408619,215.9830832541395,0.16561677704010302,0.9661709776645375
0.01187018884029349,0.06807381626244047,12.362271431408619,215.98308323923834,0.16561676213894183,0.9661709776645375
0.011870178589047358,0.06807381626244047,12.362271431408619,215.98308323923834,0.16561677704010302,0.9661709925656987
0.011870157665653289,0.06807381626244041,12.362275847939765,215.98308442127748,0.1656168047792766,0.9661712841117976
0.011940726412144017,0.0680738311636016,12.362275847939765,215.98308442127748,0.1656168047792766,0.9661712841117976
0.011870157619806917,0.06807381626244041,12.362275862840926,215.98308442127748,0.1656168047792766,0.9661712841117976
0.011870157659740723,0.06807381626244041,12.362275847939765,215.98308443617864,0.1656168047792766,0.9661712841117976
0.011870168588363685,0.06807381626244041,12.362275847939765,215.98308442127748,0.1656167898781154,0.9661712841117976
0.011870158354316868,0.06807381626244041,12.362275847939765,215.98308442127748,0.1656168047792766,0.9661712990129588
0.011929414859960383,0.06807381626244038,12.36227876285032,215.9830852014233,0.16561682308713113,0.9661714863669892
0.01194073535722507,0.06807383116360158,12.36227876285032,215.9830852014233,0.16561682308713113,0.9661714863669892
0.011929414885464666,0.06807381626244038,12.36227877775148,215.9830852014233,0.16561682308713113,0.9661714863669892
0.011929414863291006,0.06807381626244038,12.36227876285032,215.98308521632447,0.16561682308713113,0.9661714863669892
0.01192940800728453,0.06807381626244038,12.36227876285032,215.9830852014233,0.16561680818596994,0.9661714863669892
0.01192941429517203,0.06807381626244038,12.36227876285032,215.9830852014233,0.16561682308713113,0.9661715012681504
0.011870157665152958,0.06807381626244041,12.36227584804921,215.98308442130676,0.165616804779964,0.9661712841193917
0.011940726412479521,0.0680738311636016,12.36227584804921,215.98308442130676,0.165616804779964,0.9661712841193917
0.011870157619305764,0.06807381626244041,12.362275862950371,215.98308442130676,0.165616804779964,0.9661712841193917
0.011870157659239332,0.06807381626244041,12.36227584804921,215.98308443620792,0.165616804779964,0.9661712841193917
0.01187016858786267,0.06807381626244041,12.36227584804921,215.98308442130676,0.1656167898788028,0.9661712841193917
0.011870158353815724,0.06807381626244041,12.36227584804921,215.98308442130676,0.165616804779964,0.9661712990205529
0.011870157664651725,0.06807381626244041,12.362275848158648,215.98308442133606,0.16561680478065133,0.9661712841269852
0.011940726412815272,0.0680738311636016,12.362275848158648,215.98308442133606,0.16561680478065133,0.9661712841269852
0.011870157618804741,0.06807381626244041,12.362275863059809,215.98308442133606,0.16561680478065133,0.9661712841269852
0.011870157658738483,0.06807381626244041,12.362275848158648,215.98308443623722,0.16561680478065133,0.9661712841269852
0.011870168587361207,0.06807381626244041,12.362275848158648,215.98308442133606,0.16561678987949013,0.9661712841269852
0.011870158353315062,0.06807381626244041,12.362275848158648,215.98308442133606,0.16561680478065133,0.9661712990281464
0.011870150994805302,0.0680738162624404,12.362277305504485,215.98308481137968,0.16561681393389124,0.9661713852469872
0.011940730883361785,0.06807383116360159,12.362277305504485,215.98308481137968,0.16561681393389124,0.9661713852469872
0.011870150948982654,0.0680738162624404,12.362277320405646,215.98308481137968,0.16561681393389124,0.9661713852469872
0.0118701509888951,0.0680738162624404,12.362277305504485,215.98308482628084,0.16561681393389124,0.9661713852469872
0.011870161911408508,0.0680738162624404,12.362277305504485,215.98308481137968,0.16561679903273005,0.9661713852469872
0.011870151683037011,0.0680738162624404,12.362277305504485,215.98308481137968,0.16561681393389124,0.9661714001481484
0.011870146594522853,0.0680738162624404,12.362278267352735,215.98308506880846,0.16561681997502956,0.9661714519861886
0.011940733835739726,0.06807383116360159,12.362278267352735,215.98308506880846,0.16561681997502956,0.9661714519861886
0.011870146548716445,0.0680738162624404,12.362278282253897,215.98308506880846,0.16561681997502956,0.9661714519861886
0.011870146588614716,0.0680738162624404,12.362278267352735,215.98308508370962,0.16561681997502956,0.9661714519861886
0.011870157507096048,0.0680738162624404,12.362278267352735,215.98308506880846,0.16561680507386836,0.9661714519861886
0.011870147282469885,0.0680738162624404,12.362278267352735,215.98308506880846,0.16561681997502956,0.9661714668873498
0.011929414517632875,0.06807381626244038,12.362278594381142,215.98308515633425,0.1656168220290166,0.9661714746775171
0.011940734839876765,0.06807383116360158,12.362278594381142,215.98308515633425,0.1656168220290166,0.9661714746775171
0.01192941454313464,0.06807381626244038,12.362278609282303,215.98308515633425,0.1656168220290166,0.9661714746775171
0.011929414520963296,0.06807381626244038,12.362278594381142,215.98308517123542,0.1656168220290166,0.9661714746775171
0.011929407665662974,0.06807381626244038,12.362278594381142,215.98308515633425,0.1656168071278554,0.9661714746775171
0.011929413952894445,0.06807381626244038,12.362278594381142,215.98308515633425,0.1656168220290166,0.9661714895786783
0.011870146594516313,0.0680738162624404,12.362278267354112,215.98308506880883,0.16561681997503822,0.9661714519862841
0.011940733835744169,0.06807383116360159,12.362278267354112,215.98308506880883,0.16561681997503822,0.9661714519862841
0.011870146548710386,0.0680738162624404,12.362278282255273,215.98308506880883,0.16561681997503822,0.9661714519862841
0.011870146588608375,0.0680738162624404,12.362278267354112,215.98308508371,0.16561681997503822,0.9661714519862841
0.01187015750708969,0.0680738162624404,12.362278267354112,215.98308506880883,0.16561680507387702,0.9661714519862841
0.011870147282463862,0.0680738162624404,12.362278267354112,215.98308506880883,0.16561681997503822,0.9661714668874453
0.01187014659450595,0.0680738162624404,12.362278267356375,215.98308506880943,0.16561681997505243,0.9661714519864412
0.011940733835750741,0.06807383116360159,12.362278267356375,215.98308506880943,0.16561681997505243,0.9661714519864412
0.011870146548700035,0.0680738162624404,12.362278282257536,215.98308506880943,0.16561681997505243,0.9661714519864412
0.011870146588597972,0.0680738162624404,12.362278267356375,215.9830850837106,0.16561681997505243,0.9661714519864412
0.011870157507079428,0.0680738162624404,12.362278267356375,215.98308506880943,0.16561680507389123,0.9661714519864412
0.011870147282453534,0.0680738162624404,12.362278267356375,215.98308506880943,0.16561681997505243,0.9661714668876024
0.011929414185420156,0.06807381626244038,12.36227843086876,215.98308511257184,0.1656168210020345,0.9661714633319791
0.011940734337792433,0.06807383116360158,12.36227843086876,215.98308511257184,0.1656168210020345,0.9661714633319791
0.011929414210919332,0.06807381626244038,12.36227844576992,215.98308511257184,0.1656168210020345,0.9661714633319791
0.011929414188749855,0.06807381626244038,12.36227843086876,215.983085127473,0.1656168210020345,0.9661714633319791
0.011929407334135217,0.06807381626244038,12.36227843086876,215.98308511257184,0.16561680610087331,0.9661714633319791
0.01192941362072995,0.06807381626244038,12.36227843086876,215.98308511257184,0.1656168210020345,0.9661714782331403
0.011870146594504236,0.0680738162624404,12.36227826735672,215.98308506880954,0.1656168199750546,0.966171451986465
0.01194073383575212,0.06807383116360159,12.36227826735672,215.98308506880954,0.1656168199750546,0.966171451986465
0.011870146548698422,0.0680738162624404,12.362278282257881,215.98308506880954,0.1656168199750546,0.966171451986465
0.011870146588596527,0.0680738162624404,12.36227826735672,215.9830850837107,0.1656168199750546,0.966171451986465
0.011870157507077829,0.0680738162624404,12.36227826735672,215.98308506880954,0.1656168050738934,0.966171451986465
0.011870147282451912,0.0680738162624404,12.36227826735672,215.98308506880954,0.1656168199750546,0.9661714668876262
0.01187014659450286,0.0680738162624404,12.36227826735705,215.98308506880963,0.16561681997505667,0.9661714519864879
0.01194073383575275,0.06807383116360159,12.36227826735705,215.98308506880963,0.16561681997505667,0.9661714519864879
0.011870146548696378,0.0680738162624404,12.362278282258211,215.98308506880963,0.16561681997505667,0.9661714519864879
0.011870146588594909,0.0680738162624404,12.36227826735705,215.9830850837108,0.16561681997505667,0.9661714519864879
0.011870157507076337,0.0680738162624404,12.36227826735705,215.98308506880963,0.16561680507389548,0.9661714519864879
0.011870147282450455,0.0680738162624404,12.36227826735705,215.98308506880963,0.16561681997505667,0.9661714668876491
0.011870146220551173,0.0680738162624404,12.362278349112904,215.98308509069074,0.1656168204885456,0.9661714576592335
0.011940734086767745,0.06807383116360159,12.362278349112904,215.98308509069074,0.1656168204885456,0.9661714576592335
0.011870146174746462,0.0680738162624404,12.362278364014065,215.98308509069074,0.1656168204885456,0.9661714576592335
0.011870146214643476,0.0680738162624404,12.362278349112904,215.9830851055919,0.1656168204885456,0.9661714576592335
0.011870157132782064,0.0680738162624404,12.362278349112904,215.98308509069074,0.1656168055873844,0.9661714576592335
0.011870146908474476,0.0680738162624404,12.362278349112904,215.98308509069074,0.1656168204885456,0.9661714725603947
0.011870145973748728,0.0680738162624404,12.362278403071768,215.98308510513226,0.16561682082744827,0.9661714614032456
0.011940734252443066,0.06807383116360159,12.362278403071768,215.98308510513226,0.16561682082744827,0.9661714614032456
0.011870145927944727,0.0680738162624404,12.362278417972929,215.98308510513226,0.16561682082744827,0.9661714614032456
0.011870145967841,0.0680738162624404,12.362278403071768,215.98308512003342,0.16561682082744827,0.9661714614032456
0.011870156885753557,0.0680738162624404,12.362278403071768,215.98308510513226,0.16561680592628708,0.9661714614032456
0.011870146661656143,0.0680738162624404,12.362278403071768,215.98308510513226,0.16561682082744827,0.9661714763044068
0.01192941416621916,0.06807381626244038,12.362278421417782,215.9830851100424,0.16561682094267519,0.9661714626762097
0.011940734308773588,0.06807383116360158,12.362278421417782,215.9830851100424,0.16561682094267519,0.9661714626762097
0.01192941419171839,0.06807381626244038,12.362278436318944,215.9830851100424,0.16561682094267519,0.9661714626762097
0.011929414169549424,0.06807381626244038,12.362278421417782,215.98308512494356,0.16561682094267519,0.9661714626762097
0.011929407314974147,0.06807381626244038,12.362278421417782,215.9830851100424,0.165616806041514,0.9661714626762097
0.011929413601532164,0.06807381626244038,12.362278421417782,215.9830851100424,0.16561682094267519,0.9661714775773709
0.011870145973748478,0.0680738162624404,12.362278403071773,215.98308510513226,0.1656168208274483,0.9661714614032458
0.011940734252443106,0.06807383116360159,12.362278403071773,215.98308510513226,0.1656168208274483,0.9661714614032458
0.011870145927944626,0.0680738162624404,12.362278417972934,215.98308510513226,0.1656168208274483,0.9661714614032458
0.01187014596784098,0.0680738162624404,12.362278403071773,215.98308512003342,0.1656168208274483,0.9661714614032458
0.011870156885753597,0.0680738162624404,12.362278403071773,215.98308510513226,0.1656168059262871,0.9661714614032458
0.011870146661655905,0.0680738162624404,12.362278403071773,215.98308510513226,0.1656168208274483,0.966171476304407
0.0118701459737485,0.0680738162624404,12.362278403071773,215.98308510513226,0.1656168208274483,0.966171461403246
0.011940734252442983,0.06807383116360159,12.362278403071773,215.98308510513226,0.1656168208274483,0.966171461403246
0.011870145927944671,0.0680738162624404,12.362278417972934,215.98308510513226,0.1656168208274483,0.966171461403246
0.011870145967840993,0.0680738162624404,12.362278403071773,215.98308512003342,0.1656168208274483,0.966171461403246
0.011870156885753621,0.0680738162624404,12.362278403071773,215.98308510513226,0.1656168059262871,0.966171461403246
0.011870146661655912,0.0680738162624404,12.362278403071773,215.98308510513226,0.1656168208274483,0.9661714763044071
0.011870145973748478,0.0680738162624404,12.362278403071773,215.98308510513226,0.1656168208274483,0.9661714614032458
0.011940734252443106,0.06807383116360159,12.362278403071773,215.98308510513226,0.1656168208274483,0.9661714614032458
0.011870145927944626,0.0680738162624404,12.362278417972934,215.98308510513226,0.1656168208274483,0.9661714614032458
0.01187014596784098,0.0680738162624404,12.362278403071773,215.98308512003342,0.1656168208274483,0.9661714614032458
0.011870156885753597,0.0680738162624404,12.362278403071773,215.98308510513226,0.1656168059262871,0.9661714614032458
0.011870146661655905,0.0680738162624404,12.362278403071773,215.98308510513226,0.1656168208274483,0.966171476304407
0.0118701459737485,0.0680738162624404,12.362278403071773,215.98308510513226,0.1656168208274483,0.966171461403246
0.011940734252442983,0.06807383116360159,12.362278403071773,215.98308510513226,0.1656168208274483,0.966171461403246
0.011870145927944671,0.0680738162624404,12.362278417972934,215.98308510513226,0.1656168208274483,0.966171461403246
0.011870145967840993,0.0680738162624404,12.362278403071773,215.98308512003342,0.1656168208274483,0.966171461403246
0.011870156885753621,0.0680738162624404,12.362278403071773,215.98308510513226,0.1656168059262871,0.966171461403246
0.011870146661655912,0.0680738162624404,12.362278403071773,215.98308510513226,0.1656168208274483,0.9661714763044071
0.011870145973748478,0.0680738162624404,12.362278403071773,215.98308510513226,0.1656168208274483,0.9661714614032458
0.011940734252443106,0.06807383116360159,12.362278403071773,215.98308510513226,0.1656168208274483,0.9661714614032458
0.011870145927944626,0.0680738162624404,12.362278417972934,215.98308510513226,0.1656168208274483,0.9661714614032458
0.01187014596784098,0.0680738162624404,12.362278403071773,215.98308512003342,0.1656168208274483,0.9661714614032458
0.011870156885753597,0.0680738162624404,12.362278403071773,215.98308510513226,0.1656168059262871,0.9661714614032458
0.011870146661655905,0.0680738162624404,12.362278403071773,215.98308510513226,0.1656168208274483,0.966171476304407
0.0118701459737485,0.0680738162624404,12.362278403071773,215.98308510513226,0.1656168208274483,0.966171461403246
0.011940734252442983,0.06807383116360159,12.362278403071773,215.98308510513226,0.1656168208274483,0.966171461403246
0.011870145927944671,0.0680738162624404,12.362278417972934,215.98308510513226,0.1656168208274483,0.966171461403246
0.011870145967840993,0.0680738162624404,12.362278403071773,215.98308512003342,0.1656168208274483,0.966171461403246
0.011870156885753621,0.0680738162624404,12.362278403071773,215.98308510513226,0.1656168059262871,0.966171461403246
0.011870146661655912,0.0680738162624404,12.362278403071773,215.98308510513226,0.1656168208274483,0.9661714763044071
0.011870145973748478,0.0680738162624404,12.362278403071773,215.98308510513226,0.1656168208274483,0.9661714614032458
0.011940734252443106,0.06807383116360159,12.362278403071773,215.98308510513226,0.1656168208274483,0.9661714614032458
0.011870145927944626,0.0680738162624404,12.362278417972934,215.98308510513226,0.1656168208274483,0.9661714614032458
0.01187014596784098,0.0680738162624404,12.362278403071773,215.98308512003342,0.1656168208274483,0.9661714614032458
0.011870156885753597,0.0680738162624404,12.362278403071773,215.98308510513226,0.1656168059262871,0.9661714614032458
0.011870146661655905,0.0680738162624404,12.362278403071773,215.98308510513226,0.1656168208274483,0.966171476304407
0.0118701459737485,0.0680738162624404,12.362278403071773,215.98308510513226,0.1656168208274483,0.966171461403246
0.011940734252442983,0.06807383116360159,12.362278403071773,215.98308510513226,0.1656168208274483,0.966171461403246
0.011870145927944671,0.0680738162624404,12.362278417972934,215.98308510513226,0.1656168208274483,0.966171461403246
0.011870145967840993,0.0680738162624404,12.362278403071773,215.98308512003342,0.1656168208274483,0.966171461403246
0.011870156885753621,0.0680738162624404,12.362278403071773,215.98308510513226,0.1656168059262871,0.966171461403246
0.011870146661655912,0.0680738162624404,12.362278403071773,215.98308510513226,0.1656168208274483,0.9661714763044071
0.011870145973748478,0.0680738162624404,12.362278403071773,215.98308510513226,0.1656168208274483,0.9661714614032458
0.011940734252443106,0.06807383116360159,12.362278403071773,215.98308510513226,0.1656168208274483,0.9661714614032458
0.011870145927944626,0.0680738162624404,12.362278417972934,215.98308510513226,0.1656168208274483,0.9661714614032458
0.01187014596784098,0.0680738162624404,12.362278403071773,215.98308512003342,0.1656168208274483,0.9661714614032458
0.011870156885753597,0.0680738162624404,12.362278403071773,215.98308510513226,0.1656168059262871,0.9661714614032458
0.011870146661655905,0.0680738162624404,12.362278403071773,215.98308510513226,0.1656168208274483,0.966171476304407
0.0118701459737485,0.0680738162624404,12.362278403071773,215.98308510513226,0.1656168208274483,0.966171461403246
0.011940734252442983,0.06807383116360159,12.362278403071773,215.98308510513226,0.1656168208274483,0.966171461403246
0.011870145927944671,0.0680738162624404,12.362278417972934,215.98308510513226,0.1656168208274483,0.966171461403246
0.011870145967840993,0.0680738162624404,12.362278403071773,215.98308512003342,0.1656168208274483,0.966171461403246
0.011870156885753621,0.0680738162624404,12.362278403071773,215.98308510513226,0.1656168059262871,0.966171461403246
0.011870146661655912,0.0680738162624404,12.362278403071773,215.98308510513226,0.1656168208274483,0.9661714763044071
0.011870145973748478,0.0680738162624404,12.362278403071773,215.98308510513226,0.1656168208274483,0.9661714614032458
0.011940734252443106,0.06807383116360159,12.362278403071773,215.98308510513226,0.1656168208274483,0.9661714614032458
0.011870145927944626,0.0680738162624404,12.362278417972934,215.98308510513226,0.1656168208274483,0.9661714614032458
0.01187014596784098,0.0680738162624404,12.362278403071773,215.98308512003342,0.1656168208274483,0.9661714614032458
0.011870156885753597,0.0680738162624404,12.362278403071773,215.98308510513226,0.1656168059262871,0.9661714614032458
0.011870146661655905,0.0680738162624404,12.362278403071773,215.98308510513226,0.1656168208274483,0.966171476304407
0.011870204987471853,0.06807381626244052,12.36226552895926,215.98308165950849,0.1656167399682333,0.9661705681147404
0.01197936065283671,0.06807383116360172,12.36226552895926,215.98308165950849,0.1656167399682333,0.9661705681147404
0.011870204941450958,0.06807381626244052,12.36226554386042,215.98308165950849,0.1656167399682333,0.9661705681147404
0.011870204981536282,0.06807381626244052,12.36226552895926,215.98308167440965,0.1656167399682333,0.9661705681147404
0.011870215953417052,0.06807381626244052,12.36226552895926,215.98308165950849,0.16561672506707212,0.9661705681147404
0.011870205679186186,0.06807381626244052,12.36226552895926,215.98308165950849,0.1656167399682333,0.9661705830159016
0.011870204986232561,0.06807381626244052,12.362265529229006,215.98308165958068,0.16561673996992754,0.9661705681334574
0.01197936065517254,0.06807383116360172,12.362265529229006,215.98308165958068,0.16561673996992754,0.9661705681334574
0.01187020494021135,0.06807381626244052,12.362265544130167,215.98308165958068,0.16561673996992754,0.9661705681334574
0.011870204980296745,0.06807381626244052,12.362265529229006,215.98308167448184,0.16561673996992754,0.9661705681334574
0.011870215952176773,0.06807381626244052,12.362265529229006,215.98308165958068,0.16561672506876635,0.9661705681334574
0.011870205677946605,0.06807381626244052,12.362265529229006,215.98308165958068,0.16561673996992754,0.9661705830346186
0.011870204983753997,0.06807381626244052,12.362265529768504,215.9830816597251,0.16561673997331597,0.9661705681708911
0.011979360659844307,0.06807383116360172,12.362265529768504,215.9830816597251,0.16561673997331597,0.9661705681708911
0.011870204937733074,0.06807381626244052,12.362265544669665,215.9830816597251,0.16561673997331597,0.9661705681708911
0.011870204977818814,0.06807381626244052,12.362265529768504,215.98308167462625,0.16561673997331597,0.9661705681708911
0.011870215949695789,0.06807381626244052,12.362265529768504,215.9830816597251,0.16561672507215477,0.9661705681708911
0.01187020567546816,0.06807381626244052,12.362265529768504,215.9830816597251,0.16561673997331597,0.9661705830720523
0.011870204978797197,0.06807381626244052,12.362265530847495,215.98308166001385,0.16561673998009288,0.9661705682457584
0.011979360669189029,0.06807383116360172,12.362265530847495,215.98308166001385,0.16561673998009288,0.9661705682457584
0.01187020493277642,0.06807381626244052,12.362265545748656,215.98308166001385,0.16561673998009288,0.9661705682457584
0.011870204972861877,0.06807381626244052,12.362265530847495,215.983081674915,0.16561673998009288,0.9661705682457584
0.011870215944734586,0.06807381626244052,12.362265530847495,215.98308166001385,0.1656167250789317,0.9661705682457584
0.011870205670510947,0.06807381626244052,12.362265530847495,215.98308166001385,0.16561673998009288,0.9661705831469196
0.01187020496888381,0.06807381626244052,12.36226553300548,215.9830816605914,0.16561673999364665,0.9661705683954933
0.011979360687877347,0.06807383116360172,12.36226553300548,215.9830816605914,0.16561673999364665,0.9661705683954933
0.01187020492286239,0.06807381626244052,12.362265547906642,215.9830816605914,0.16561673999364665,0.9661705683954933
0.011870204962948154,0.06807381626244052,12.36226553300548,215.98308167549257,0.16561673999364665,0.9661705683954933
0.011870215934812228,0.06807381626244052,12.36226553300548,215.9830816605914,0.16561672509248546,0.9661705683954933
0.011870205660596784,0.06807381626244052,12.36226553300548,215.9830816605914,0.16561673999364665,0.9661705832966545
0.011870204949055878,0.06807381626244052,12.36226553732145,215.98308166174655,0.16561674002075422,0.9661705686949629
0.011979360725253721,0.06807383116360172,12.36226553732145,215.98308166174655,0.16561674002075422,0.9661705686949629
0.011870204903035557,0.06807381626244052,12.362265552222611,215.98308166174655,0.16561674002075422,0.9661705686949629
0.01187020494312033,0.06807381626244052,12.36226553732145,215.9830816766477,0.16561674002075422,0.9661705686949629
0.011870215914966354,0.06807381626244052,12.36226553732145,215.98308166174655,0.16561672511959302,0.9661705686949629
0.011870205640768086,0.06807381626244052,12.36226553732145,215.98308166174655,0.16561674002075422,0.9661705835961241
0.011870204909401686,0.06807381626244052,12.362265545953388,215.98308166405678,0.16561674007496935,0.9661705692939022
0.01197936080000804,0.06807383116360172,12.362265545953388,215.98308166405678,0.16561674007496935,0.9661705692939022
0.011870204863381228,0.06807381626244052,12.36226556085455,215.98308166405678,0.16561674007496935,0.9661705692939022
0.011870204903466285,0.06807381626244052,12.362265545953388,215.98308167895794,0.16561674007496935,0.9661705692939022
0.011870215875275958,0.06807381626244052,12.362265545953388,215.98308166405678,0.16561672517380815,0.9661705692939022
0.011870205601110915,0.06807381626244052,12.362265545953388,215.98308166405678,0.16561674007496935,0.9661705841950634
0.011870204830092471,0.06807381626244052,12.362265563217266,215.9830816686773,0.16561674018339964,0.9661705704917808
0.011979360949516148,0.06807383116360172,12.362265563217266,215.9830816686773,0.16561674018339964,0.9661705704917808
0.011870204784072356,0.06807381626244052,12.362265578118427,215.9830816686773,0.16561674018339964,0.9661705704917808
0.01187020482415751,0.06807381626244052,12.362265563217266,215.98308168357846,0.16561674018339964,0.9661705704917808
0.011870215795895173,0.06807381626244052,12.362265563217266,215.9830816686773,0.16561672528223845,0.9661705704917808
0.011870205521797145,0.06807381626244052,12.362265563217266,215.9830816686773,0.16561674018339964,0.966170585392942
0.011870204671476871,0.06807381626244052,12.36226559774502,215.98308167791828,0.1656167404002602,0.9661705728875379
0.01197936124853433,0.06807383116360172,12.36226559774502,215.98308167791828,0.1656167404002602,0.9661705728875379
0.011870204625457037,0.06807381626244052,12.362265612646182,215.98308167791828,0.1656167404002602,0.9661705728875379
0.011870204665541628,0.06807381626244052,12.36226559774502,215.98308169281944,0.1656167404002602,0.9661705728875379
0.01187021563713422,0.06807381626244052,12.36226559774502,215.98308167791828,0.165616725499099,0.9661705728875379
0.011870205363170997,0.06807381626244052,12.36226559774502,215.98308167791828,0.1656167404002602,0.9661705877886991
0.011870204354249934,0.06807381626244052,12.362265666800532,215.9830816964003,0.1656167408339813,0.9661705776790522
0.011979361846575356,0.06807383116360172,12.362265666800532,215.9830816964003,0.1656167408339813,0.9661705776790522
0.01187020430823121,0.06807381626244052,12.362265681701693,215.9830816964003,0.1656167408339813,0.9661705776790522
0.01187020434831435,0.06807381626244052,12.362265666800532,215.98308171130145,0.1656167408339813,0.9661705776790522
0.011870215319617924,0.06807381626244052,12.362265666800532,215.9830816964003,0.16561672593282012,0.9661705776790522
0.011870205045923782,0.06807381626244052,12.362265666800532,215.9830816964003,0.1656167408339813,0.9661705925802134
0.011870203719818756,0.06807381626244052,12.362265804911553,215.9830817333643,0.16561674170142351,0.9661705872620807
0.01197936304267998,0.06807383116360172,12.362265804911553,215.9830817333643,0.16561674170142351,0.9661705872620807
0.011870203673802487,0.06807381626244052,12.362265819812714,215.9830817333643,0.16561674170142351,0.9661705872620807
0.011870203713884088,0.06807381626244052,12.362265804911553,215.98308174826545,0.16561674170142351,0.9661705872620807
0.011870214684607689,0.06807381626244052,12.362265804911553,215.9830817333643,0.16561672680026232,0.9661705872620807
0.011870204411451386,0.06807381626244052,12.362265804911553,215.9830817333643,0.16561674170142351,0.9661706021632419
0.011870201158238041,0.06807381626244052,12.362266406164972,215.98308185872057,0.165616745403118,0.9661706318034359
0.011979367751698618,0.06807383116360172,12.362266406164972,215.98308185872057,0.165616745403118,0.9661706318034359
0.01187020111223083,0.06807381626244052,12.362266421066133,215.98308185872057,0.165616745403118,0.9661706318034359
0.011870201152304057,0.06807381626244052,12.362266406164972,215.98308187362173,0.165616745403118,0.9661706318034359
0.011870212120728666,0.06807381626244052,12.362266406164972,215.98308185872057,0.1656167305019568,0.9661706318034359
0.011870201849708748,0.06807381626244052,12.362266406164972,215.98308185872057,0.165616745403118,0.9661706467045971
0.011870190916613217,0.0680738162624405,12.36226881117865,215.98308236014574,0.1656167602098959,0.9661708099688564
0.011940703856478326,0.06807383116360169,12.36226881117865,215.98308236014574,0.1656167602098959,0.9661708099688564
0.011870190870643282,0.0680738162624405,12.362268826079811,215.98308236014574,0.1656167602098959,0.9661708099688564
0.01187019091068436,0.0680738162624405,12.36226881117865,215.9830823750469,0.1656167602098959,0.9661708099688564
0.011870201869910115,0.0680738162624405,12.36226881117865,215.98308236014574,0.16561674530873471,0.9661708099688564
0.011870191607434782,0.0680738162624405,12.36226881117865,215.98308236014574,0.1656167602098959,0.9661708248700176
0.011870150025288377,0.0680738162624404,12.362278431233356,215.98308436584642,0.16561681943700762,0.9661715226305385
0.011940730054154592,0.06807383116360159,12.362278431233356,215.98308436584642,0.16561681943700762,0.9661715226305385
0.01187014997946624,0.0680738162624404,12.362278446134518,215.98308436584642,0.16561681943700762,0.9661715226305385
0.011870150019378158,0.0680738162624404,12.362278431233356,215.98308438074758,0.16561681943700762,0.9661715226305385
0.011870160941809153,0.0680738162624404,12.362278431233356,215.98308436584642,0.16561680453584643,0.9661715226305385
0.011870150713514382,0.0680738162624404,12.362278431233356,215.98308436584642,0.16561681943700762,0.9661715375316997
0.011942042683037423,0.06807381626244001,12.362316911452183,215.9830923886491,0.16561705634545443,0.9661743732772673
0.011935578476194293,0.0680738311636012,12.362316911452183,215.9830923886491,0.16561705634545443,0.9661743732772673
0.011942042724571202,0.06807381626244001,12.362316926353344,215.9830923886491,0.16561705634545443,0.9661743732772673
0.011942042688446992,0.06807381626244001,12.362316911452183,215.98309240355027,0.16561705634545443,0.9661743732772673
0.011942031832627112,0.06807381626244001,12.362316911452183,215.9830923886491,0.16561704144429323,0.9661743732772673
0.011942041836625726,0.06807381626244001,12.362316911452183,215.9830923886491,0.16561705634545443,0.9661743881784285
0.011870149963451468,0.0680738162624404,12.36227844580247,215.98308436888396,0.16561681952670426,0.9661715237098307
0.01194073009392085,0.06807383116360159,12.36227844580247,215.98308436888396,0.16561681952670426,0.9661715237098307
0.011870149917629557,0.0680738162624404,12.362278460703632,215.98308436888396,0.16561681952670426,0.9661715237098307
0.011870149957541494,0.0680738162624404,12.36227844580247,215.98308438378513,0.16561681952670426,0.9661715237098307
0.01187016087991651,0.0680738162624404,12.36227844580247,215.98308436888396,0.16561680462554307,0.9661715237098307
0.011870150651673657,0.0680738162624404,12.36227844580247,215.98308436888396,0.16561681952670426,0.9661715386109919
0.01192945673269136,0.06807381626244013,12.36230383313128,215.98308966192894,0.16561697582707938,0.9661734044243389
0.011935586694899893,0.06807383116360133,12.36230383313128,215.98308966192894,0.16561697582707938,0.9661734044243389
0.01192945675856331,0.06807381626244013,12.362303848032441,215.98308966192894,0.16561697582707938,0.9661734044243389
0.011929456736069679,0.06807381626244013,12.36230383313128,215.9830896768301,0.16561697582707938,0.9661734044243389
0.011929449788920582,0.06807381626244013,12.36230383313128,215.98308966192894,0.16561696092591818,0.9661734044243389
0.011929456161475518,0.06807381626244013,12.36230383313128,215.98308966192894,0.16561697582707938,0.9661734193255
0.011870149930826343,0.0680738162624404,12.362278453489138,215.98308437048655,0.1656168195740282,0.9661715242792654
0.011940730114901849,0.06807383116360159,12.362278453489138,215.98308437048655,0.1656168195740282,0.9661715242792654
0.011870149885005383,0.0680738162624404,12.362278468390299,215.98308437048655,0.1656168195740282,0.9661715242792654
0.011870149924916742,0.0680738162624404,12.362278453489138,215.9830843853877,0.1656168195740282,0.9661715242792654
0.0118701608472621,0.0680738162624404,12.362278453489138,215.98308437048655,0.16561680467286702,0.9661715242792654
0.011870150619047018,0.0680738162624404,12.362278453489138,215.98308437048655,0.1656168195740282,0.9661715391804266
0.011929441121029973,0.06807381626244023,12.362295204052952,215.98308786283854,0.16561692270104197,0.9661727651750138
0.01193559223931987,0.06807383116360143,12.362295204052952,215.98308786283854,0.16561692270104197,0.9661727651750138
0.011929441146768863,0.06807381626244023,12.362295218954113,215.98308786283854,0.16561692270104197,0.9661727651750138
0.011929441124391087,0.06807381626244023,12.362295204052952,215.9830878777397,0.16561692270104197,0.9661727651750138
0.011929434210251198,0.06807381626244023,12.362295204052952,215.98308786283854,0.16561690779988078,0.9661727651750138
0.011929440552142142,0.06807381626244023,12.362295204052952,215.98308786283854,0.16561692270104197,0.966172780076175
0.011870149916616984,0.0680738162624404,12.36227845683698,215.98308437118456,0.16561681959463964,0.9661715245272764
0.011940730124040237,0.06807383116360159,12.36227845683698,215.98308437118456,0.16561681959463964,0.9661715245272764
0.011870149870795727,0.0680738162624404,12.362278471738142,215.98308437118456,0.16561681959463964,0.9661715245272764
0.011870149910706892,0.0680738162624404,12.36227845683698,215.98308438608572,0.16561681959463964,0.9661715245272764
0.01187016083303996,0.0680738162624404,12.36227845683698,215.98308437118456,0.16561680469347845,0.9661715245272764
0.01187015060483648,0.0680738162624404,12.36227845683698,215.98308437118456,0.16561681959463964,0.9661715394284376
0.011870149902413241,0.0680738162624404,12.362278460183505,215.98308437188228,0.16561681961524297,0.9661715247751899
0.011940730133174524,0.06807383116360159,12.362278460183505,215.98308437188228,0.16561681961524297,0.9661715247751899
0.011870149856591797,0.0680738162624404,12.362278475084667,215.98308437188228,0.16561681961524297,0.9661715247751899
0.011870149896503413,0.0680738162624404,12.362278460183505,215.98308438678345,0.16561681961524297,0.9661715247751899
0.011870160818823557,0.0680738162624404,12.362278460183505,215.98308437188228,0.16561680471408177,0.9661715247751899
0.011870150590631718,0.0680738162624404,12.362278460183505,215.98308437188228,0.16561681961524297,0.966171539676351
0.011929426067097279,0.06807381626244031,12.36228683211823,215.98308611736041,0.16561687115814247,0.9661721449751018
0.011940753030150377,0.06807383116360151,12.36228683211823,215.98308611736041,0.16561687115814247,0.9661721449751018
0.011929426092706997,0.06807381626244031,12.36228684701939,215.98308611736041,0.16561687115814247,0.9661721449751018
0.011929426070441411,0.06807381626244031,12.36228683211823,215.98308613226158,0.16561687115814247,0.9661721449751018
0.011929419188327574,0.06807381626244031,12.36228683211823,215.98308611736041,0.16561685625698128,0.9661721449751018
0.011929425500467961,0.06807381626244031,12.36228683211823,215.98308611736041,0.16561687115814247,0.966172159876263
0.011870149898862013,0.0680738162624404,12.362278461020196,215.98308437205674,0.16561681962039415,0.9661715248371726
0.011940730135458126,0.06807383116360159,12.362278461020196,215.98308437205674,0.16561681962039415,0.9661715248371726
0.011870149853040591,0.0680738162624404,12.362278475921357,215.98308437205674,0.16561681962039415,0.9661715248371726
0.011870149892951912,0.0680738162624404,12.362278461020196,215.9830843869579,0.16561681962039415,0.9661715248371726
0.011870160815269091,0.0680738162624404,12.362278461020196,215.98308437205674,0.16561680471923296,0.9661715248371726
0.011870150587080245,0.0680738162624404,12.362278461020196,215.98308437205674,0.16561681962039415,0.9661715397383338
0.011870149895311658,0.0680738162624404,12.36227846185672,215.98308437223113,0.16561681962554434,0.9661715248991429
0.011940730137741433,0.06807383116360159,12.36227846185672,215.98308437223113,0.16561681962554434,0.9661715248991429
0.011870149849490325,0.0680738162624404,12.362278476757881,215.98308437223113,0.16561681962554434,0.9661715248991429
0.011870149889401143,0.0680738162624404,12.36227846185672,215.9830843871323,0.16561681962554434,0.9661715248991429
0.011870160811715182,0.0680738162624404,12.36227846185672,215.98308437223113,0.16561680472438314,0.9661715248991429
0.011870150583529035,0.0680738162624404,12.36227846185672,215.98308437223113,0.16561681962554434,0.9661715398003041
0.011929418575791334,0.06807381626244036,12.362282646987476,215.98308524479577,0.1656168453918434,0.9661718349371224
0.011940741572560773,0.06807383116360155,12.362282646987476,215.98308524479577,0.1656168453918434,0.9661718349371224
0.011929418601336544,0.06807381626244036,12.362282661888637,215.98308524479577,0.1656168453918434,0.9661718349371224
0.011929418579127177,0.06807381626244036,12.362282646987476,215.98308525969694,0.1656168453918434,0.9661718349371224
0.011929411713022985,0.06807381626244036,12.362282646987476,215.98308524479577,0.1656168304906822,0.9661718349371224
0.011929418010291171,0.06807381626244036,12.362282646987476,215.98308524479577,0.1656168453918434,0.9661718498382836
0.011870149894423846,0.0680738162624404,12.36227846206586,215.98308437227473,0.16561681962683192,0.9661715249146361
0.011940730138312306,0.06807383116360159,12.36227846206586,215.98308437227473,0.16561681962683192,0.9661715249146361
0.011870149848602322,0.0680738162624404,12.36227847696702,215.98308437227473,0.16561681962683192,0.9661715249146361
0.011870149888514137,0.0680738162624404,12.36227846206586,215.9830843871759,0.16561681962683192,0.9661715249146361
0.011870160810826954,0.0680738162624404,12.36227846206586,215.98308437227473,0.16561680472567072,0.9661715249146361
0.011870150582641865,0.0680738162624404,12.36227846206586,215.98308437227473,0.16561681962683192,0.9661715398157973
0.011929416034060574,0.06807381626244037,12.362281224114126,215.9830849481386,0.1656168366317395,0.966171729529477
0.011940737682362127,0.06807383116360156,12.362281224114126,215.9830849481386,0.1656168366317395,0.966171729529477
0.011929416059583847,0.06807381626244037,12.362281239015287,215.9830849481386,0.1656168366317395,0.966171729529477
0.011929416037393442,0.06807381626244037,12.362281224114126,215.98308496303977,0.1656168366317395,0.966171729529477
0.011929409176732152,0.06807381626244037,12.362281224114126,215.9830849481386,0.16561682173057832,0.966171729529477
0.011929415468944195,0.06807381626244037,12.362281224114126,215.9830849481386,0.1656168366317395,0.9661717444306382
0.011870149894037068,0.0680738162624404,12.362278462156958,215.98308437229372,0.16561681962739278,0.9661715249213847
0.011940730138560885,0.06807383116360159,12.362278462156958,215.98308437229372,0.16561681962739278,0.9661715249213847
0.01187014984821548,0.0680738162624404,12.362278477058119,215.98308437229372,0.16561681962739278,0.9661715249213847
0.011870149888127334,0.0680738162624404,12.362278462156958,215.98308438719488,0.16561681962739278,0.9661715249213847
0.01187016081043979,0.0680738162624404,12.362278462156958,215.98308437229372,0.16561680472623158,0.9661715249213847
0.011870150582254992,0.0680738162624404,12.362278462156958,215.98308437229372,0.16561681962739278,0.9661715398225459
0.01187014989365048,0.0680738162624404,12.36227846224805,215.98308437231273,0.1656168196279536,0.966171524928133
0.011940730138809811,0.06807383116360159,12.36227846224805,215.98308437231273,0.1656168196279536,0.966171524928133
0.011870149847829338,0.0680738162624404,12.36227847714921,215.98308437231273,0.1656168196279536,0.966171524928133
0.0118701498877405,0.0680738162624404,12.36227846224805,215.9830843872139,0.1656168196279536,0.966171524928133
0.011870160810053109,0.0680738162624404,12.36227846224805,215.98308437231273,0.1656168047267924,0.966171524928133
0.011870150581868572,0.0680738162624404,12.36227846224805,215.98308437231273,0.1656168196279536,0.9661715398292942
0.011929413569765518,0.06807381626244038,12.362279843181087,215.98308466022567,0.16561682812984654,0.966171627228805
0.01194073390934608,0.06807383116360158,12.362279843181087,215.98308466022567,0.16561682812984654,0.966171627228805
0.011929413595268003,0.06807381626244038,12.362279858082248,215.98308466022567,0.16561682812984654,0.966171627228805
0.011929413573096488,0.06807381626244038,12.362279843181087,215.98308467512683,0.16561682812984654,0.966171627228805
0.011929406717717438,0.06807381626244038,12.362279843181087,215.98308466022567,0.16561681322868535,0.966171627228805
0.011929413005022272,0.06807381626244038,12.362279843181087,215.98308466022567,0.16561682812984654,0.9661716421299662
0.0118701498935541,0.0680738162624404,12.362278462270822,215.98308437231748,0.1656168196280938,0.9661715249298201
0.011940730138871624,0.06807383116360159,12.362278462270822,215.98308437231748,0.1656168196280938,0.9661715249298201
0.01187014984773225,0.0680738162624404,12.362278477171984,215.98308437231748,0.1656168196280938,0.9661715249298201
0.011870149887644047,0.0680738162624404,12.362278462270822,215.98308438721864,0.1656168196280938,0.9661715249298201
0.011870160809956235,0.0680738162624404,12.362278462270822,215.98308437231748,0.1656168047269326,0.9661715249298201
0.011870150581771776,0.0680738162624404,12.362278462270822,215.98308437231748,0.1656168196280938,0.9661715398309813
0.011870149893457173,0.0680738162624404,12.362278462293595,215.98308437232222,0.16561681962823402,0.966171524931507
0.011940730138933861,0.06807383116360159,12.362278462293595,215.98308437232222,0.16561681962823402,0.966171524931507
0.011870149847635684,0.0680738162624404,12.362278477194756,215.98308437232222,0.16561681962823402,0.966171524931507
0.01187014988754721,0.0680738162624404,12.362278462293595,215.98308438722339,0.16561681962823402,0.966171524931507
0.01187016080985951,0.0680738162624404,12.362278462293595,215.98308437232222,0.16561680472707282,0.966171524931507
0.011870150581675294,0.0680738162624404,12.362278462293595,215.98308437232222,0.16561681962823402,0.9661715398326682
0.01192941233858899,0.06807381626244038,12.362279152737342,215.98308451627395,0.16561682387904028,0.966171576080156
0.011940732023830291,0.06807383116360158,12.362279152737342,215.98308451627395,0.16561682387904028,0.966171576080156
0.011929412364080369,0.06807381626244038,12.362279167638503,215.98308451627395,0.16561682387904028,0.966171576080156
0.011929412341917524,0.06807381626244038,12.362279152737342,215.9830845311751,0.16561682387904028,0.966171576080156
0.011929405489180195,0.06807381626244038,12.362279152737342,215.98308451627395,0.1656168089778791,0.966171576080156
0.011929411774031428,0.06807381626244038,12.362279152737342,215.98308451627395,0.16561682387904028,0.9661715909813172
0.011870149893433067,0.0680738162624404,12.362278462299289,215.9830843723234,0.16561681962826907,0.9661715249319288
0.01194073013894934,0.06807383116360159,12.362278462299289,215.9830843723234,0.16561681962826907,0.9661715249319288
0.011870149847611878,0.0680738162624404,12.36227847720045,215.9830843723234,0.16561681962826907,0.9661715249319288
0.011870149887523225,0.0680738162624404,12.362278462299289,215.98308438722455,0.16561681962826907,0.9661715249319288
0.011870160809835262,0.0680738162624404,12.362278462299289,215.9830843723234,0.16561680472710788,0.9661715249319288
0.011870150581650583,0.0680738162624404,12.362278462299289,215.9830843723234,0.16561681962826907,0.96617153983309
0.01192941192013326,0.06807381626244038,12.362278917988403,215.98308446733077,0.16561682243377807,0.9661715586897588
0.0119407313829011,0.06807383116360158,12.362278917988403,215.98308446733077,0.16561682243377807,0.9661715586897588
0.01192941194562145,0.06807381626244038,12.362278932889565,215.98308446733077,0.16561682243377807,0.9661715586897588
0.011929411923461763,0.06807381626244038,12.362278917988403,215.98308448223193,0.16561682243377807,0.9661715586897588
0.011929405071621987,0.06807381626244038,12.362278917988403,215.98308446733077,0.16561680753261687,0.9661715586897588
0.011929411355638842,0.06807381626244038,12.362278917988403,215.98308446733077,0.16561682243377807,0.96617157359092
0.01187014989342231,0.0680738162624404,12.36227846230177,215.98308437232393,0.16561681962828434,0.9661715249321126
0.011940730138956234,0.06807383116360159,12.36227846230177,215.98308437232393,0.16561681962828434,0.9661715249321126
0.011870149847600911,0.0680738162624404,12.362278477202931,215.98308437232393,0.16561681962828434,0.9661715249321126
0.01187014988751257,0.0680738162624404,12.36227846230177,215.9830843872251,0.16561681962828434,0.9661715249321126
0.01187016080982482,0.0680738162624404,12.36227846230177,215.98308437232393,0.16561680472712315,0.9661715249321126
0.011870150581640147,0.0680738162624404,12.36227846230177,215.98308437232393,0.16561681962828434,0.9661715398332738
0.011870149893411881,0.0680738162624404,12.36227846230425,215.98308437232444,0.1656168196282996,0.9661715249322963
0.011940730138962904,0.06807383116360159,12.36227846230425,215.98308437232444,0.1656168196282996,0.9661715249322963
0.011870149847590614,0.0680738162624404,12.362278477205411,215.98308437232444,0.1656168196282996,0.9661715249322963
0.011870149887502204,0.0680738162624404,12.36227846230425,215.9830843872256,0.1656168196282996,0.9661715249322963
0.011870160809814005,0.0680738162624404,12.36227846230425,215.98308437232444,0.1656168047271384,0.9661715249322963
0.011870150581629643,0.0680738162624404,12.36227846230425,215.98308437232444,0.1656168196282996,0.9661715398334575
0.011870148926406164,0.0680738162624404,12.362278690146326,215.9830844198276,0.16561682103103884,0.9661715418110275
0.011940730760898379,0.06807383116360159,12.362278690146326,215.9830844198276,0.16561682103103884,0.9661715418110275
0.011870148880588485,0.0680738162624404,12.362278705047487,215.9830844198276,0.16561682103103884,0.9661715418110275
0.011870148920496875,0.0680738162624404,12.362278690146326,215.98308443472877,0.16561682103103884,0.9661715418110275
0.01187015984193715,0.0680738162624404,12.362278690146326,215.9830844198276,0.16561680612987764,0.9661715418110275
0.011870149614562352,0.0680738162624404,12.362278690146326,215.9830844198276,0.16561682103103884,0.9661715567121887
0.011870148288219114,0.0680738162624404,12.362278840522098,215.98308445117968,0.16561682195684674,0.9661715529509901
0.01194073117141263,0.06807383116360159,12.362278840522098,215.98308445117968,0.16561682195684674,0.9661715529509901
0.01187014824240385,0.0680738162624404,12.36227885542326,215.98308445117968,0.16561682195684674,0.9661715529509901
0.011870148282310122,0.0680738162624404,12.362278840522098,215.98308446608084,0.16561682195684674,0.9661715529509901
0.01187015920317567,0.0680738162624404,12.362278840522098,215.98308445117968,0.16561680705568554,0.9661715529509901
0.011870148976335114,0.0680738162624404,12.362278840522098,215.98308445117968,0.16561682195684674,0.9661715678521513
0.011929411873186838,0.06807381626244038,12.36227889164986,215.98308446183938,0.16561682227162142,0.9661715567385775
0.011940731310994095,0.06807383116360158,12.36227889164986,215.98308446183938,0.16561682227162142,0.9661715567385775
0.011929411898675232,0.06807381626244038,12.36227890655102,215.98308446183938,0.16561682227162142,0.9661715567385775
0.011929411876515831,0.06807381626244038,12.36227889164986,215.98308447674054,0.16561682227162142,0.9661715567385775
0.011929405024777257,0.06807381626244038,12.36227889164986,215.98308446183938,0.16561680737046022,0.9661715567385775
0.0119294113087,0.06807381626244038,12.36227889164986,215.98308446183938,0.16561682227162142,0.9661715716397387
0.011870148288218618,0.0680738162624404,12.362278840522128,215.98308445117968,0.16561682195684693,0.9661715529509924
0.011940731171412974,0.06807383116360159,12.362278840522128,215.98308445117968,0.16561682195684693,0.9661715529509924
0.01187014824240356,0.0680738162624404,12.36227885542329,215.98308445117968,0.16561682195684693,0.9661715529509924
0.011870148282309754,0.0680738162624404,12.362278840522128,215.98308446608084,0.16561682195684693,0.9661715529509924
0.011870159203175216,0.0680738162624404,12.362278840522128,215.98308445117968,0.16561680705568574,0.9661715529509924
0.011870148976334703,0.0680738162624404,12.362278840522128,215.98308445117968,0.16561682195684693,0.9661715678521536
0.011870148288218614,0.0680738162624404,12.36227884052213,215.98308445117968,0.16561682195684693,0.9661715529509926
0.011940731171412977,0.06807383116360159,12.36227884052213,215.98308445117968,0.16561682195684693,0.9661715529509926
0.011870148242403681,0.0680738162624404,12.362278855423291,215.98308445117968,0.16561682195684693,0.9661715529509926
0.011870148282310094,0.0680738162624404,12.36227884052213,215.98308446608084,0.16561682195684693,0.9661715529509926
0.011870159203175284,0.0680738162624404,12.36227884052213,215.98308445117968,0.16561680705568574,0.9661715529509926
0.011870148976334894,0.0680738162624404,12.36227884052213,215.98308445117968,0.16561682195684693,0.9661715678521537
0.011870148179730323,0.0680738162624404,12.362278866085996,215.98308445650954,0.16561682211423417,0.966171554844785
0.011940731241202906,0.06807383116360159,12.362278866085996,215.98308445650954,0.16561682211423417,0.966171554844785
0.01187014813391504,0.0680738162624404,12.362278880987157,215.98308445650954,0.16561682211423417,0.966171554844785
0.011870148173821145,0.0680738162624404,12.362278866085996,215.9830844714107,0.16561682211423417,0.966171554844785
0.011870159094589145,0.0680738162624404,12.362278866085996,215.98308445650954,0.16561680721307298,0.966171554844785
0.01187014886783886,0.0680738162624404,12.362278866085996,215.98308445650954,0.16561682211423417,0.9661715697459462
0.011870148179730469,0.0680738162624404,12.362278866086003,215.98308445650954,0.16561682211423423,0.9661715548447856
0.011940731241203218,0.06807383116360159,12.362278866086003,215.98308445650954,0.16561682211423423,0.9661715548447856
0.011870148133915109,0.0680738162624404,12.362278880987164,215.98308445650954,0.16561682211423423,0.9661715548447856
0.01187014817382105,0.0680738162624404,12.362278866086003,215.9830844714107,0.16561682211423423,0.9661715548447856
0.011870159094589028,0.0680738162624404,12.362278866086003,215.98308445650954,0.16561680721307304,0.9661715548447856
0.011870148867839186,0.0680738162624404,12.362278866086003,215.98308445650954,0.16561682211423423,0.9661715697459468
0.011870148179730323,0.0680738162624404,12.362278866085996,215.98308445650954,0.16561682211423417,0.966171554844785
0.011940731241202906,0.06807383116360159,12.362278866085996,215.98308445650954,0.16561682211423417,0.966171554844785
0.01187014813391504,0.0680738162624404,12.362278880987157,215.98308445650954,0.16561682211423417,0.966171554844785
0.011870148173821145,0.0680738162624404,12.362278866085996,215.9830844714107,0.16561682211423417,0.966171554844785
0.011870159094589145,0.0680738162624404,12.362278866085996,215.98308445650954,0.16561680721307298,0.966171554844785
0.01187014886783886,0.0680738162624404,12.362278866085996,215.98308445650954,0.16561682211423417,0.9661715697459462
0.011870148179730323,0.0680738162624404,12.362278866085996,215.98308445650954,0.16561682211423417,0.9661715548447851
0.011940731241202974,0.06807383116360159,12.362278866085996,215.98308445650954,0.16561682211423417,0.9661715548447851
0.011870148133915032,0.0680738162624404,12.362278880987157,215.98308445650954,0.16561682211423417,0.9661715548447851
0.011870148173821315,0.0680738162624404,12.362278866085996,215.9830844714107,0.16561682211423417,0.9661715548447851
0.011870159094589116,0.0680738162624404,12.362278866085996,215.98308445650954,0.16561680721307298,0.9661715548447851
0.011870148867839134,0.0680738162624404,12.362278866085996,215.98308445650954,0.16561682211423417,0.9661715697459463
0.011870148179730434,0.0680738162624404,12.362278866086,215.98308445650954,0.1656168221142342,0.9661715548447853
0.01194073124120297,0.06807383116360159,12.362278866086,215.98308445650954,0.1656168221142342,0.9661715548447853
0.011870148133915114,0.0680738162624404,12.36227888098716,215.98308445650954,0.1656168221142342,0.9661715548447853
0.011870148173820982,0.0680738162624404,12.362278866086,215.9830844714107,0.1656168221142342,0.9661715548447853
0.011870159094588962,0.0680738162624404,12.362278866086,215.98308445650954,0.165616807213073,0.9661715548447853
0.011870148867838942,0.0680738162624404,12.362278866086,215.98308445650954,0.1656168221142342,0.9661715697459465
0.011870148179730323,0.0680738162624404,12.362278866085996,215.98308445650954,0.16561682211423417,0.9661715548447851
0.011940731241202974,0.06807383116360159,12.362278866085996,215.98308445650954,0.16561682211423417,0.9661715548447851
0.011870148133915032,0.0680738162624404,12.362278880987157,215.98308445650954,0.16561682211423417,0.9661715548447851
0.011870148173821315,0.0680738162624404,12.362278866085996,215.9830844714107,0.16561682211423417,0.9661715548447851
0.011870159094589116,0.0680738162624404,12.362278866085996,215.98308445650954,0.16561680721307298,0.9661715548447851
0.011870148867839134,0.0680738162624404,12.362278866085996,215.98308445650954,0.16561682211423417,0.9661715697459463
0.011870148179730328,0.0680738162624404,12.362278866085997,215.98308445650954,0.16561682211423417,0.9661715548447852
0.011940731241202984,0.06807383116360159,12.362278866085997,215.98308445650954,0.16561682211423417,0.9661715548447852
0.011870148133915081,0.0680738162624404,12.362278880987159,215.98308445650954,0.16561682211423417,0.9661715548447852
0.011870148173821492,0.0680738162624404,12.362278866085997,215.9830844714107,0.16561682211423417,0.9661715548447852
0.011870159094589149,0.0680738162624404,12.362278866085997,215.98308445650954,0.16561680721307298,0.9661715548447852
0.011870148867839127,0.0680738162624404,12.362278866085997,215.98308445650954,0.16561682211423417,0.9661715697459464
0.011870148179730323,0.0680738162624404,12.362278866085996,215.98308445650954,0.16561682211423417,0.9661715548447851
0.011940731241202974,0.06807383116360159,12.362278866085996,215.98308445650954,0.16561682211423417,0.9661715548447851
0.011870148133915032,0.0680738162624404,12.362278880987157,215.98308445650954,0.16561682211423417,0.9661715548447851
0.011870148173821315,0.0680738162624404,12.362278866085996,215.9830844714107,0.16561682211423417,0.9661715548447851
0.011870159094589116,0.0680738162624404,12.362278866085996,215.98308445650954,0.16561680721307298,0.9661715548447851
0.011870148867839134,0.0680738162624404,12.362278866085996,215.98308445650954,0.16561682211423417,0.9661715697459463
0.01187014817973036,0.0680738162624404,12.362278866085997,215.98308445650954,0.16561682211423417,0.9661715548447851
0.011940731241202832,0.06807383116360159,12.362278866085997,215.98308445650954,0.16561682211423417,0.9661715548447851
0.011870148133915095,0.0680738162624404,12.362278880987159,215.98308445650954,0.16561682211423417,0.9661715548447851
0.01187014817382091,0.0680738162624404,12.362278866085997,215.9830844714107,0.16561682211423417,0.9661715548447851
0.011870159094588986,0.0680738162624404,12.362278866085997,215.98308445650954,0.16561680721307298,0.9661715548447851
0.011870148867838978,0.0680738162624404,12.362278866085997,215.98308445650954,0.16561682211423417,0.9661715697459463
0.011870148179730323,0.0680738162624404,12.362278866085996,215.98308445650954,0.16561682211423417,0.9661715548447851
0.011940731241202974,0.06807383116360159,12.362278866085996,215.98308445650954,0.16561682211423417,0.9661715548447851
0.011870148133915032,0.0680738162624404,12.362278880987157,215.98308445650954,0.16561682211423417,0.9661715548447851
0.011870148173821315,0.0680738162624404,12.362278866085996,215.9830844714107,0.16561682211423417,0.9661715548447851
0.011870159094589116,0.0680738162624404,12.362278866085996,215.98308445650954,0.16561680721307298,0.9661715548447851
0.011870148867839134,0.0680738162624404,12.362278866085996,215.98308445650954,0.16561682211423417,0.9661715697459463
0.01187014817973036,0.0680738162624404,12.362278866085997,215.98308445650954,0.16561682211423417,0.9661715548447851
0.011940731241202832,0.06807383116360159,12.362278866085997,215.98308445650954,0.16561682211423417,0.9661715548447851
0.011870148133915095,0.0680738162624404,12.362278880987159,215.98308445650954,0.16561682211423417,0.9661715548447851
0.01187014817382091,0.0680738162624404,12.362278866085997,215.9830844714107,0.16561682211423417,0.9661715548447851
0.011870159094588986,0.0680738162624404,12.362278866085997,215.98308445650954,0.16561680721307298,0.9661715548447851
0.011870148867838978,0.0680738162624404,12.362278866085997,215.98308445650954,0.16561682211423417,0.9661715697459463
0.011870148179730323,0.0680738162624404,12.362278866085996,215.98308445650954,0.16561682211423417,0.9661715548447851
0.011940731241202974,0.06807383116360159,12.362278866085996,215.98308445650954,0.16561682211423417,0.9661715548447851
0.011870148133915032,0.0680738162624404,12.362278880987157,215.98308445650954,0.16561682211423417,0.9661715548447851
0.011870148173821315,0.0680738162624404,12.362278866085996,215.9830844714107,0.16561682211423417,0.9661715548447851
0.011870159094589116,0.0680738162624404,12.362278866085996,215.98308445650954,0.16561680721307298,0.9661715548447851
0.011870148867839134,0.0680738162624404,12.362278866085996,215.98308445650954,0.16561682211423417,0.9661715697459463
0.01187014817973036,0.0680738162624404,12.362278866085997,215.98308445650954,0.16561682211423417,0.9661715548447851
0.011940731241202832,0.06807383116360159,12.362278866085997,215.98308445650954,0.16561682211423417,0.9661715548447851
0.011870148133915095,0.0680738162624404,12.362278880987159,215.98308445650954,0.16561682211423417,0.9661715548447851
0.01187014817382091,0.0680738162624404,12.362278866085997,215.9830844714107,0.16561682211423417,0.9661715548447851
0.011870159094588986,0.0680738162624404,12.362278866085997,215.98308445650954,0.16561680721307298,0.9661715548447851
0.011870148867838978,0.0680738162624404,12.362278866085997,215.98308445650954,0.16561682211423417,0.9661715697459463
0.011870148179730323,0.0680738162624404,12.362278866085996,215.98308445650954,0.16561682211423417,0.9661715548447851
0.011940731241202974,0.06807383116360159,12.362278866085996,215.98308445650954,0.16561682211423417,0.9661715548447851
0.011870148133915032,0.0680738162624404,12.362278880987157,215.98308445650954,0.16561682211423417,0.9661715548447851
0.011870148173821315,0.0680738162624404,12.362278866085996,215.9830844714107,0.16561682211423417,0.9661715548447851
0.011870159094589116,0.0680738162624404,12.362278866085996,215.98308445650954,0.16561680721307298,0.9661715548447851
0.011870148867839134,0.0680738162624404,12.362278866085996,215.98308445650954,0.16561682211423417,0.9661715697459463
0.01187014817973036,0.0680738162624404,12.362278866085997,215.98308445650954,0.16561682211423417,0.9661715548447851
0.011940731241202832,0.06807383116360159,12.362278866085997,215.98308445650954,0.16561682211423417,0.9661715548447851
0.011870148133915095,0.0680738162624404,12.362278880987159,215.98308445650954,0.16561682211423417,0.9661715548447851
0.01187014817382091,0.0680738162624404,12.362278866085997,215.9830844714107,0.16561682211423417,0.9661715548447851
0.011870159094588986,0.0680738162624404,12.362278866085997,215.98308445650954,0.16561680721307298,0.9661715548447851
0.011870148867838978,0.0680738162624404,12.362278866085997,215.98308445650954,0.16561682211423417,0.9661715697459463
0.011870148179730323,0.0680738162624404,12.362278866085996,215.98308445650954,0.16561682211423417,0.9661715548447851
0.011940731241202974,0.06807383116360159,12.362278866085996,215.98308445650954,0.16561682211423417,0.9661715548447851
0.011870148133915032,0.0680738162624404,12.362278880987157,215.98308445650954,0.16561682211423417,0.9661715548447851
0.011870148173821315,0.0680738162624404,12.362278866085996,215.9830844714107,0.16561682211423417,0.9661715548447851
0.011870159094589116,0.0680738162624404,12.362278866085996,215.98308445650954,0.16561680721307298,0.9661715548447851
0.011870148867839134,0.0680738162624404,12.362278866085996,215.98308445650954,0.16561682211423417,0.9661715697459463
0.01187014817973036,0.0680738162624404,12.362278866085997,215.98308445650954,0.16561682211423417,0.9661715548447851
0.011940731241202832,0.06807383116360159,12.362278866085997,215.98308445650954,0.16561682211423417,0.9661715548447851
0.011870148133915095,0.0680738162624404,12.362278880987159,215.98308445650954,0.16561682211423417,0.9661715548447851
0.01187014817382091,0.0680738162624404,12.362278866085997,215.9830844714107,0.16561682211423417,0.9661715548447851
0.011870159094588986,0.0680738162624404,12.362278866085997,215.98308445650954,0.16561680721307298,0.9661715548447851
0.011870148867838978,0.0680738162624404,12.362278866085997,215.98308445650954,0.16561682211423417,0.9661715697459463
0.011870148179730323,0.0680738162624404,12.362278866085996,215.98308445650954,0.16561682211423417,0.9661715548447851
0.011940731241202974,0.06807383116360159,12.362278866085996,215.98308445650954,0.16561682211423417,0.9661715548447851
0.011870148133915032,0.0680738162624404,12.362278880987157,215.98308445650954,0.16561682211423417,0.9661715548447851
0.011870148173821315,0.0680738162624404,12.362278866085996,215.9830844714107,0.16561682211423417,0.9661715548447851
0.011870159094589116,0.0680738162624404,12.362278866085996,215.98308445650954,0.16561680721307298,0.9661715548447851
0.011870148867839134,0.0680738162624404,12.362278866085996,215.98308445650954,0.16561682211423417,0.9661715697459463
0.01187014817973036,0.0680738162624404,12.362278866085997,215.98308445650954,0.16561682211423417,0.9661715548447851
0.011940731241202832,0.06807383116360159,12.362278866085997,215.98308445650954,0.16561682211423417,0.9661715548447851
0.011870148133915095,0.0680738162624404,12.362278880987159,215.98308445650954,0.16561682211423417,0.9661715548447851
0.01187014817382091,0.0680738162624404,12.362278866085997,215.9830844714107,0.16561682211423417,0.9661715548447851
0.011870159094588986,0.0680738162624404,12.362278866085997,215.98308445650954,0.16561680721307298,0.9661715548447851
0.011870148867838978,0.0680738162624404,12.362278866085997,215.98308445650954,0.16561682211423417,0.9661715697459463
0.011870148179730323,0.0680738162624404,12.362278866085996,215.98308445650954,0.16561682211423417,0.9661715548447851
0.011940731241202974,0.06807383116360159,12.362278866085996,215.98308445650954,0.16561682211423417,0.9661715548447851
0.011870148133915032,0.0680738162624404,12.362278880987157,215.98308445650954,0.16561682211423417,0.9661715548447851
0.011870148173821315,0.0680738162624404,12.362278866085996,215.9830844714107,0.16561682211423417,0.9661715548447851
0.011870159094589116,0.0680738162624404,12.362278866085996,215.98308445650954,0.16561680721307298,0.9661715548447851
0.011870148867839134,0.0680738162624404,12.362278866085996,215.98308445650954,0.16561682211423417,0.9661715697459463
0.011870201158238041,0.06807381626244052,12.362266406164972,215.98308185872057,0.165616745403118,0.9661706318034359
0.011979367751698618,0.06807383116360172,12.362266406164972,215.98308185872057,0.165616745403118,0.9661706318034359
0.01187020111223083,0.06807381626244052,12.362266421066133,215.98308185872057,0.165616745403118,0.9661706318034359
0.011870201152304057,0.06807381626244052,12.362266406164972,215.98308187362173,0.165616745403118,0.9661706318034359
0.011870212120728666,0.06807381626244052,12.362266406164972,215.98308185872057,0.1656167305019568,0.9661706318034359
0.011870201849708748,0.06807381626244052,12.362266406164972,215.98308185872057,0.165616745403118,0.9661706467045971
0.011870198597127304,0.06807381626244051,12.362267007418392,215.98308198407688,0.16561674910481247,0.966170676344791
0.011940698957808542,0.0680738311636017,12.362267007418392,215.98308198407688,0.16561674910481247,0.966170676344791
0.011870198551129111,0.06807381626244051,12.362267022319553,215.98308198407688,0.16561674910481247,0.966170676344791
0.01187019859119449,0.06807381626244051,12.362267007418392,215.98308199897804,0.16561674910481247,0.966170676344791
0.011870209557318956,0.06807381626244051,12.362267007418392,215.98308198407688,0.16561673420365128,0.966170676344791
0.011870199288435435,0.06807381626244051,12.362267007418392,215.98308198407688,0.16561674910481247,0.9661706912459522
0.011870193476314714,0.0680738162624405,12.36226820992523,215.98308223478946,0.16561675650820143,0.9661707654275012
0.011940702223118264,0.06807383116360169,12.36226820992523,215.98308223478946,0.16561675650820143,0.9661707654275012
0.011870193430335796,0.0680738162624405,12.36226822482639,215.98308223478946,0.16561675650820143,0.9661707654275012
0.01187019347038461,0.0680738162624405,12.36226820992523,215.98308224969063,0.16561675650820143,0.9661707654275012
0.011870204431910397,0.0680738162624405,12.36226820992523,215.98308223478946,0.16561674160704024,0.9661707654275012
0.011870194167298898,0.0680738162624405,12.36226820992523,215.98308223478946,0.16561675650820143,0.9661707803286624
0.011870183240327922,0.06807381626244048,12.362270614938907,215.9830827362146,0.16561677131497937,0.9661709435929218
0.011940708759378726,0.06807383116360168,12.362270614938907,215.9830827362146,0.16561677131497937,0.9661709435929218
0.01187018319438587,0.06807381626244048,12.362270629840069,215.9830827362146,0.16561677131497937,0.9661709435929218
0.011870183234402558,0.06807381626244048,12.362270614938907,215.98308275111577,0.16561677131497937,0.9661709435929218
0.011870194186729341,0.06807381626244048,12.362270614938907,215.9830827362146,0.16561675641381818,0.9661709435929218
0.011870183930663433,0.06807381626244048,12.362270614938907,215.9830827362146,0.16561677131497937,0.966170958494083
0.01187016279090668,0.06807381626244043,12.36227542496626,215.98308373906497,0.16561680092853523,0.9661712999237629
0.01194072185445638,0.06807383116360162,12.36227542496626,215.98308373906497,0.16561680092853523,0.9661712999237629
0.011870162745038586,0.06807381626244043,12.362275439867421,215.98308373906497,0.16561680092853523,0.9661712999237629
0.011870162784990795,0.06807381626244043,12.36227542496626,215.98308375396613,0.16561680092853523,0.9661712999237629
0.011870173718920017,0.06807381626244043,12.36227542496626,215.98308373906497,0.16561678602737404,0.9661712999237629
0.011870163479944405,0.06807381626244043,12.36227542496626,215.98308373906497,0.16561680092853523,0.9661713148249241
0.011929422865441044,0.06807381626244033,12.362285045020966,215.98308574476562,0.16561686015564692,0.966172012585445
0.011929414268709164,0.06807381626244038,12.362280234993614,215.9830847419153,0.16561683054209106,0.966171656254604
0.011870152577472304,0.0680738162624404,12.362277829979936,215.98308424049011,0.16561681573531314,0.9661714780891835
0.011940728413274999,0.06807383116360159,12.362277829979936,215.98308424049011,0.16561681573531314,0.9661714780891835
0.011870152531640941,0.0680738162624404,12.362277844881097,215.98308424049011,0.16561681573531314,0.9661714780891835
0.011870152571561154,0.0680738162624404,12.362277829979936,215.98308425539128,0.16561681573531314,0.9661714780891835
0.011870163496291455,0.0680738162624404,12.362277829979936,215.98308424049011,0.16561680083415195,0.9661714780891835
0.011870153265860519,0.0680738162624404,12.362277829979936,215.98308424049011,0.16561681573531314,0.9661714929903447
0.011929412124224862,0.06807381626244038,12.362279032486775,215.9830844912027,0.1656168231387021,0.9661715671718937
0.011870150025288377,0.0680738162624404,12.362278431233356,215.98308436584642,0.16561681943700762,0.9661715226305385
0.011940730054154592,0.06807383116360159,12.362278431233356,215.98308436584642,0.16561681943700762,0.9661715226305385
0.01187014997946624,0.0680738162624404,12.362278446134518,215.98308436584642,0.16561681943700762,0.9661715226305385
0.011870150019378158,0.0680738162624404,12.362278431233356,215.98308438074758,0.16561681943700762,0.9661715226305385
0.011870160941809153,0.0680738162624404,12.362278431233356,215.98308436584642,0.16561680453584643,0.9661715226305385
0.011870150713514382,0.0680738162624404,12.362278431233356,215.98308436584642,0.16561681943700762,0.9661715375316997
0.011870148749372578,0.0680738162624404,12.362278731860066,215.98308442852456,0.16561682128785488,0.9661715449012162
0.011940730874770837,0.06807383116360159,12.362278731860066,215.98308442852456,0.16561682128785488,0.9661715449012162
0.011870148703554677,0.0680738162624404,12.362278746761227,215.98308442852456,0.16561682128785488,0.9661715449012162
0.011870148743463026,0.0680738162624404,12.362278731860066,215.98308444342572,0.16561682128785488,0.9661715449012162
0.01187015966474391,0.0680738162624404,12.362278731860066,215.98308442852456,0.16561680638669368,0.9661715449012162
0.011870149437517434,0.0680738162624404,12.362278731860066,215.98308442852456,0.16561682128785488,0.9661715598023773
0.01187014811145836,0.0680738162624404,12.36227888217342,215.98308445986365,0.16561682221327848,0.9661715560365549
0.01194073128512258,0.06807383116360159,12.36227888217342,215.98308445986365,0.16561682221327848,0.9661715560365549
0.011870148065643508,0.0680738162624404,12.362278897074582,215.98308445986365,0.16561682221327848,0.9661715560365549
0.011870148105549268,0.0680738162624404,12.36227888217342,215.9830844747648,0.16561682221327848,0.9661715560365549
0.011870159026255187,0.0680738162624404,12.36227888217342,215.98308445986365,0.16561680731211728,0.9661715560365549
0.01187014879956301,0.0680738162624404,12.36227888217342,215.98308445986365,0.16561682221327848,0.9661715709377161
0.01192941199025743,0.06807381626244038,12.362278957330098,215.98308447553316,0.1656168226759903,0.9661715616042243
0.011929411923276045,0.06807381626244038,12.362278919751759,215.9830844676984,0.16561682244463438,0.9661715588203896
0.011929411889786084,0.06807381626244038,12.36227890096259,215.983084463781,0.16561682232895644,0.9661715574284723
0.01192941187304123,0.06807381626244038,12.362278891568005,215.98308446182233,0.16561682227111746,0.9661715567325135
0.011870148091524278,0.0680738162624404,12.362278886870712,215.98308446084297,0.16561682224219798,0.9661715563845342
0.011940731297946892,0.06807383116360159,12.362278886870712,215.98308446084297,0.16561682224219798,0.9661715563845342
0.01187014804570927,0.0680738162624404,12.362278901771873,215.98308446084297,0.16561682224219798,0.9661715563845342
0.011870148085615451,0.0680738162624404,12.362278886870712,215.98308447574414,0.16561682224219798,0.9661715563845342
0.01187015900630292,0.0680738162624404,12.362278886870712,215.98308446084297,0.1656168073410368,0.9661715563845342
0.011870148779627167,0.0680738162624404,12.362278886870712,215.98308446084297,0.16561682224219798,0.9661715712856954
250.7956120884458,0.07800127972157142,11.613994013808417,183.75409779938528,0.10577366655005446,1.484148588241514
250.90426866426387,0.07800129462273261,11.613994013808417,183.75409779938528,0.10577366655005446,1.484148588241514
250.7956118990293,0.07800127972157142,11.613994028709579,183.75409779938528,0.10577366655005446,1.484148588241514
250.79561207314333,0.07800127972157142,11.613994013808417,183.75409781428644,0.10577366655005446,1.484148588241514
250.79558067689283,0.07800127972157142,11.613994013808417,183.75409779938528,0.10577368145121566,1.484148588241514
250.79561298349992,0.07800127972157142,11.613994013808417,183.75409779938528,0.10577366655005446,1.4841486031426752
751.8202386569785,0.9319986780381773,11.613995774499536,183.754097941627,0.1060656476560845,1.4841402684080303
751.7051153745774,0.9319986631370161,11.613995774499536,183.754097941627,0.1060656476560845,1.4841402684080303
751.8202386552263,0.9319986780381773,11.613995789400697,183.754097941627,0.1060656476560845,1.4841402684080303
751.8202386565652,0.9319986780381773,11.613995774499536,183.75409795652817,0.1060656476560845,1.4841402684080303
751.8202371116338,0.9319986780381773,11.613995774499536,183.754097941627,0.1060656625572457,1.4841402684080303
751.8202386772638,0.9319986780381773,11.613995774499536,183.754097941627,0.1060656476560845,1.4841402833091915
738.7595098136428,0.43060257464325435,11.613994900436463,183.7540978710137,0.10592069894821216,1.4841443986379947
738.7602518581518,0.43060255974209316,11.613994900436463,183.7540978710137,0.10592069894821216,1.4841443986379947
738.7595098027647,0.43060257464325435,11.613994915337624,183.7540978710137,0.10592069894821216,1.4841443986379947
738.7595098129385,0.43060257464325435,11.613994900436463,183.75409788591486,0.10592069894821216,1.4841443986379947
738.759507683395,0.43060257464325435,11.613994900436463,183.7540978710137,0.10592071384937335,1.4841443986379947
738.7595098463299,0.43060257464325435,11.613994900436463,183.7540978710137,0.10592069894821216,1.484144413539156
361.5518703400152,0.09091105869917243,11.613994308266305,183.75409782317377,0.10582249745446717,1.484147196833011
361.5740572116651,0.09091104379801124,11.613994308266305,183.75409782317377,0.10582249745446717,1.484147196833011
361.5518701761108,0.09091105869917243,11.613994323167466,183.75409782317377,0.10582249745446717,1.484147196833011
361.5518703263783,0.09091105869917243,11.613994308266305,183.75409783807493,0.10582249745446717,1.484147196833011
361.55184073224314,0.09091105869917243,11.613994308266305,183.75409782317377,0.10582251235562837,1.484147196833011
361.551871104637,0.09091105869917243,11.613994308266305,183.75409782317377,0.10582249745446717,1.4841472117341723
4342.441786919637,0.02713857330011657,11.613994102475267,183.75409780654846,0.10578837046084429,1.484148169262043
4342.315664828126,0.027138588201277764,11.613994102475267,183.75409780654846,0.10578837046084429,1.484148169262043
4342.441793909346,0.02713857330011657,11.613994117376429,183.75409780654846,0.10578837046084429,1.484148169262043
4342.441787356545,0.02713857330011657,11.613994102475267,183.75409782144962,0.10578837046084429,1.484148169262043
4342.442625331319,0.02713857330011657,11.613994102475267,183.75409780654846,0.10578838536200548,1.484148169262043
4342.441751825971,0.02713857330011657,11.613994102475267,183.75409780654846,0.10578837046084429,1.4841481841632043
2.7011799299565236,0.05243105623639134,11.613994058383929,183.75409780298642,0.10578105865148701,1.4841483776078404
2.6921374279848527,0.052431071137552535,11.613994058383929,183.75409780298642,0.10578105865148701,1.4841483776078404
2.7011798844551085,0.05243105623639134,11.61399407328509,183.75409780298642,0.10578105865148701,1.4841483776078404
2.7011799266845875,0.05243105623639134,11.613994058383929,183.75409781788758,0.10578105865148701,1.4841483776078404
2.701173861742088,0.05243105623639134,11.613994058383929,183.75409780298642,0.10578107355264821,1.4841483776078404
2.7011801459131535,0.05243105623639134,11.613994058383929,183.75409780298642,0.10578105865148701,1.4841483925090015
13913.435803320444,0.052634186234814744,11.62053371316028,183.75458299964959,1.0325660816191846,1.4531452309036539
13912.908375543813,0.05263420113597594,11.62053371316028,183.75458299964959,1.0325660816191846,1.4531452309036539
13913.435806206562,0.052634186234814744,11.62053372806144,183.75458299964959,1.0325660816191846,1.4531452309036539
13913.435805915786,0.052634186234814744,11.62053371316028,183.75458301455075,1.0325660816191846,1.4531452309036539
13913.435925214399,0.052634186234814744,11.62053371316028,183.75458299964959,1.0325660965203458,1.4531452309036539
13913.43557453464,0.052634186234814744,11.62053371316028,183.75458299964959,1.0325660816191846,1.453145245804815
0.8851424845205885,0.052432279257243836,11.614033432844726,183.75410072429614,0.11136111781392898,1.4839617114570676
0.8892045238645795,0.05243229415840503,11.614033432844726,183.75410072429614,0.11136111781392898,1.4839617114570676
0.8851424583264632,0.052432279257243836,11.614033447745888,183.75410072429614,0.11136111781392898,1.4839617114570676
0.8851424825864056,0.052432279257243836,11.614033432844726,183.7541007391973,0.11136111781392898,1.4839617114570676
0.8851389660257649,0.052432279257243836,11.614033432844726,183.75410072429614,0.11136113271509017,1.4839617114570676
0.885142616910882,0.052432279257243836,11.614033432844726,183.75410072429614,0.11136111781392898,1.4839617263582288
0.5573630669440106,0.05242981694609344,11.614711225156556,183.75413818709256,0.12385668851734946,1.4788410754307608
0.5457402519404885,0.05242983184725463,11.614711225156556,183.75413818709256,0.12385668851734946,1.4788410754307608
0.5573630880206832,0.05242981694609344,11.614711240057717,183.75413818709256,0.12385668851734946,1.4788410754307608
0.557363068612883,0.05242981694609344,11.614711225156556,183.75413820199373,0.12385668851734946,1.4788410754307608
0.5573660106580234,0.05242981694609344,11.614711225156556,183.75413818709256,0.12385670341851066,1.4788410754307608
0.5573629434035043,0.05242981694609344,11.614711225156556,183.75413818709256,0.12385668851734946,1.478841090331922
0.05572971639485957,0.05243116422785968,11.614340363325029,183.75411768889415,0.11701959379649189,1.48164289011965
0.056563875377600555,0.05243117912902087,11.614340363325029,183.75411768889415,0.11701959379649189,1.48164289011965
0.05572971100230739,0.05243116422785968,11.61434037822619,183.75411768889415,0.11701959379649189,1.48164289011965
0.05572971599008332,0.05243116422785968,11.614340363325029,183.75411770379532,0.11701959379649189,1.48164289011965
0.0557289905221678,0.05243116422785968,11.614340363325029,183.75411768889415,0.11701960869765309,1.48164289011965
0.05572974512471806,0.05243116422785968,11.614340363325029,183.75411768889415,0.11701959379649189,1.481642905020811
0.027575835798972187,0.052430957510374486,11.613384574834521,183.7546052677844,0.11415245126876691,1.3613998200668467
0.026783058829652512,0.05243097241153568,11.613384574834521,183.7546052677844,0.11415245126876691,1.3613998200668467
0.027575838004553693,0.052430957510374486,11.613384589735682,183.7546052677844,0.11415245126876691,1.3613998200668467
0.027575835977312006,0.052430957510374486,11.613384574834521,183.75460528268556,0.11415245126876691,1.3613998200668467
0.027576162806431943,0.052430957510374486,11.613384574834521,183.7546052677844,0.11415246616992811,1.3613998200668467
0.027575822343123058,0.052430957510374486,11.613384574834521,183.7546052677844,0.11415245126876691,1.3613998349680079
0.021234270971350343,0.05243105824868926,11.623009210934452,183.75470650578504,0.11520341238048662,1.4054451870866025
0.021205238468518347,0.05243107314985045,11.623009210934452,183.75470650578504,0.11520341238048662,1.4054451870866025
0.021234270288349677,0.05243105824868926,11.623009225835613,183.75470650578504,0.11520341238048662,1.4054451870866025
0.021234270924476373,0.05243105824868926,11.623009210934452,183.7547065206862,0.11520341238048662,1.4054451870866025
0.02123418433252684,0.05243105824868926,11.623009210934452,183.75470650578504,0.11520342728164781,1.4054451870866025
0.02123427442894927,0.05243105824868926,11.623009210934452,183.75470650578504,0.11520341238048662,1.4054452019877637
0.02095067672906517,0.0524310717409019,11.626031986321054,183.75471196862594,0.11473525015435562,1.390843816800581
0.020887195105320916,0.05243108664206309,11.626031986321054,183.75471196862594,0.11473525015435562,1.390843816800581
0.02095067680366544,0.0524310717409019,11.626032001222216,183.75471196862594,0.11473525015435562,1.390843816800581
0.020950676740794375,0.0524310717409019,11.626031986321054,183.7547119835271,0.11473525015435562,1.390843816800581
0.020950696929016115,0.0524310717409019,11.626031986321054,183.75471196862594,0.11473526505551682,1.390843816800581
0.020950675855843846,0.0524310717409019,11.626031986321054,183.75471196862594,0.11473525015435562,1.3908438317017422
0.0208916975705811,0.05243107899804201,11.630265393981556,183.75468132288862,0.11475933911054405,1.392735259976386
0.020858018686111115,0.0524310938992032,11.630265393981556,183.75468132288862,0.11475933911054405,1.392735259976386
0.020891697521187087,0.05243107899804201,11.630265408882718,183.75468132288862,0.11475933911054405,1.392735259976386
0.020891697572670856,0.05243107899804201,11.630265393981556,183.75468133778978,0.11475933911054405,1.392735259976386
0.02089170013732426,0.05243107899804201,11.630265393981556,183.75468132288862,0.11475935401170524,1.392735259976386
0.020891697413160198,0.05243107899804201,11.630265393981556,183.75468132288862,0.11475933911054405,1.3927352748775472
0.020803728819090744,0.05243109112651972,11.641837551493545,183.75458806589435,0.11477811291903184,1.395659352955219
0.02085390698990571,0.05243110602768091,11.641837551493545,183.75458806589435,0.11477811291903184,1.395659352955219
0.02080372850736223,0.05243109112651972,11.641837566394706,183.75458806589435,0.11477811291903184,1.395659352955219
0.020803728800772848,0.05243109112651972,11.641837551493545,183.75458808079551,0.11477811291903184,1.395659352955219
0.020803694086762,0.05243109112651972,11.641837551493545,183.75458806589435,0.11477812782019303,1.395659352955219
0.020803730172726943,0.05243109112651972,11.641837551493545,183.75458806589435,0.11477811291903184,1.3956593678563802
0.020801457667430683,0.052431091774096904,11.650841110748928,183.75450589475724,0.11480951330325752,1.3977559957160062
0.0207798263691247,0.0524311066752581,11.650841110748928,183.75450589475724,0.11480951330325752,1.3977559957160062
0.020801457414999787,0.052431091774096904,11.65084112565009,183.75450589475724,0.11480951330325752,1.3977559957160062
0.020801457653710095,0.052431091774096904,11.650841110748928,183.7545059096584,0.11480951330325752,1.3977559957160062
0.020801431349181682,0.052431091774096904,11.650841110748928,183.75450589475724,0.11480952820441871,1.3977559957160062
0.02080145867996143,0.052431091774096904,11.650841110748928,183.75450589475724,0.11480951330325752,1.3977560106171674
0.02067092336709352,0.05243109436440564,11.686855347770464,183.75417721020878,0.11493511484016022,1.4061425667591547
0.020586512510848826,0.052431109265566836,11.686855347770464,183.75417721020878,0.11493511484016022,1.4061425667591547
0.02067092344094099,0.05243109436440564,11.686855362671626,183.75417721020878,0.11493511484016022,1.4061425667591547
0.020670923378466936,0.05243109436440564,11.686855347770464,183.75417722510994,0.11493511484016022,1.4061425667591547
0.02067094285062565,0.05243109436440564,11.686855347770464,183.75417721020878,0.11493512974132142,1.4061425667591547
0.020670922525980583,0.05243109436440564,11.686855347770464,183.75417721020878,0.11493511484016022,1.406142581660316
0.020577467968505174,0.05243110618469116,11.736002508857005,183.75373587200355,0.11507985462631168,1.4173707210543467
0.020532179572496503,0.05243112108585236,11.736002508857005,183.75373587200355,0.11507985462631168,1.4173707210543467
0.020577468263198555,0.05243110618469116,11.736002523758167,183.75373587200355,0.11507985462631168,1.4173707210543467
0.020577467996686458,0.05243110618469116,11.736002508857005,183.7537358869047,0.11507985462631168,1.4173707210543467
0.020577517982743886,0.05243110618469116,11.736002508857005,183.75373587200355,0.11507986952747287,1.4173707210543467
0.020577465904093244,0.05243110618469116,11.736002508857005,183.75373587200355,0.11507985462631168,1.4173707359555079
0.020160858946155377,0.05243110836809854,11.777226490233993,183.75334798905888,0.11532822336977347,1.4305820542262824
0.02027411497569942,0.052431123269259736,11.777226490233993,183.75334798905888,0.11532822336977347,1.4305820542262824
0.02016085911320135,0.05243110836809854,11.777226505135154,183.75334798905888,0.11532822336977347,1.4305820542262824
0.020160858964215298,0.05243110836809854,11.777226490233993,183.75334800396004,0.11532822336977347,1.4305820542262824
0.020160890487188596,0.05243110836809854,11.777226490233993,183.75334798905888,0.11532823827093466,1.4305820542262824
0.020160857626084088,0.05243110836809854,11.777226490233993,183.75334798905888,0.11532822336977347,1.4305820691274436
0.020123929996760548,0.05243110887375456,11.96167511778329,183.7516017545237,0.11654926379167507,1.4926166467623125
0.019452232650014455,0.05243112377491575,11.96167511778329,183.7516017545237,0.11654926379167507,1.4926166467623125
0.02012393077138971,0.05243110887375456,11.961675132684451,183.7516017545237,0.11654926379167507,1.4926166467623125
0.020123930060257242,0.05243110887375456,11.96167511778329,183.75160176942487,0.11654926379167507,1.4926166467623125
0.020124042503220915,0.05243110887375456,11.96167511778329,183.7516017545237,0.11654927869283627,1.4926166467623125
0.020123925530943308,0.05243110887375456,11.96167511778329,183.7516017545237,0.11654926379167507,1.4926166616634737
0.020004368787659356,0.052431110005616115,11.967955647144331,183.75151668759273,0.11656653514677996,1.494218621073101
0.01963554331724194,0.05243112490677731,11.967955647144331,183.75151668759273,0.11656653514677996,1.494218621073101
0.020004369509754958,0.052431110005616115,11.967955662045492,183.75151668759273,0.11656653514677996,1.494218621073101
0.020004368847107046,0.052431110005616115,11.967955647144331,183.7515167024939,0.11656653514677996,1.494218621073101
0.020004474024296708,0.052431110005616115,11.967955647144331,183.75151668759273,0.11656655004794116,1.494218621073101
0.020004364607955155,0.052431110005616115,11.967955647144331,183.75151668759273,0.11656653514677996,1.4942186359742622
0.019719431859906267,0.05243110991293153,11.968652373208252,183.75139215241555,0.11654604382006144,1.4946904916252517
0.019837047002965777,0.052431124814092726,11.968652373208252,183.75139215241555,0.11654604382006144,1.4946904916252517
0.019719432419040457,0.05243110991293153,11.968652388109414,183.75139215241555,0.11654604382006144,1.4946904916252517
0.019719431906916385,0.05243110991293153,11.968652373208252,183.7513921673167,0.11654604382006144,1.4946904916252517
0.019719514838172157,0.05243110991293153,11.968652373208252,183.75139215241555,0.11654605872122263,1.4946904916252517
0.019719428553485498,0.05243110991293153,11.968652373208252,183.75139215241555,0.11654604382006144,1.4946905065264129
0.019041905429234913,0.052431107955520834,11.99416413364217,183.75082880685972,0.11667318407882998,1.5047117121376317
0.019140452666029796,0.05243112285668203,11.99416413364217,183.75082880685972,0.11667318407882998,1.5047117121376317
0.01904190549454647,0.052431107955520834,11.994164148543332,183.75082880685972,0.11667318407882998,1.5047117121376317
0.019041905438450493,0.052431107955520834,11.99416413364217,183.75082882176088,0.11667318407882998,1.5047117121376317
0.01904192072007243,0.052431107955520834,11.99416413364217,183.75082880685972,0.11667319897999118,1.5047117121376317
0.019041904771724925,0.052431107955520834,11.99416413364217,183.75082880685972,0.11667318407882998,1.5047117270387929
0.018770059358448672,0.05243110866518304,12.28547449645308,183.7471135111548,0.1183844279041085,1.6038978785248275
0.018174153623343552,0.05243112356634423,12.28547449645308,183.7471135111548,0.1183844279041085,1.6038978785248275
0.018770060077142617,0.05243110866518304,12.285474511354241,183.7471135111548,0.1183844279041085,1.6038978785248275
0.01877005941548076,0.05243110866518304,12.28547449645308,183.74711352605595,0.1183844279041085,1.6038978785248275
0.018770158233791426,0.05243110866518304,12.28547449645308,183.7471135111548,0.11838444280526969,1.6038978785248275
0.018770055574193704,0.05243110866518304,12.28547449645308,183.7471135111548,0.1183844279041085,1.6038978934259887
0.017972965732989364,0.05243110739088841,12.334098952075454,183.7461056250729,0.1185305738701729,1.6190589911932782
0.018129380887737818,0.0524311222920496,12.334098952075454,183.7461056250729,0.1185305738701729,1.6190589911932782
0.01797296616779534,0.05243110739088841,12.334098966976615,183.7461056250729,0.1185305738701729,1.6190589911932782
0.01797296576838142,0.05243110739088841,12.334098952075454,183.74610563997405,0.1185305738701729,1.6190589911932782
0.017973026543236344,0.05243110739088841,12.334098952075454,183.7461056250729,0.1185305887713341,1.6190589911932782
0.017972963393304342,0.05243110739088841,12.334098952075454,183.7461056250729,0.1185305738701729,1.6190590060944394
0.0168357495917466,0.05243109987966121,12.629833770742438,183.74077706748014,0.11979937038805713,1.7166671859474727
0.017026750917996828,0.0524311147808224,12.629833770742438,183.74077706748014,0.11979937038805713,1.7166671859474727
0.016835749785127235,0.05243109987966121,12.6298337856436,183.74077706748014,0.11979937038805713,1.7166671859474727
0.016835749607923604,0.05243109987966121,12.629833770742438,183.7407770823813,0.11979937038805713,1.7166671859474727
0.016835776412586177,0.05243109987966121,12.629833770742438,183.74077706748014,0.11979938528921832,1.7166671859474727
0.016835748561478292,0.05243109987966121,12.629833770742438,183.74077706748014,0.11979937038805713,1.716667200848634
0.016609412141430406,0.05243109310577429,12.855037184633261,183.73654213353913,0.12074821835013154,1.7912327598885889
0.016501791393468274,0.052431108006935484,12.855037184633261,183.73654213353913,0.12074821835013154,1.7912327598885889
0.016609412650128736,0.05243109310577429,12.855037199534422,183.73654213353913,0.12074821835013154,1.7912327598885889
0.016609412179691065,0.05243109310577429,12.855037184633261,183.7365421484403,0.12074821835013154,1.7912327598885889
0.016609476280664382,0.05243109310577429,12.855037184633261,183.73654213353913,0.12074823325129273,1.7912327598885889
0.0166094098237343,0.05243109310577429,12.855037184633261,183.73654213353913,0.12074821835013154,1.79123277478975
0.016554083939269125,0.05243108812740625,12.895292129182762,183.73520888450574,0.1207732761528328,1.8039101818613934
0.016376801901939596,0.05243110302856745,12.895292129182762,183.73520888450574,0.1207732761528328,1.8039101818613934
0.016554084379013033,0.05243108812740625,12.895292144083923,183.73520888450574,0.1207732761528328,1.8039101818613934
0.01655408397241336,0.05243108812740625,12.895292129182762,183.7352088994069,0.1207732761528328,1.8039101818613934
0.016554139239662854,0.05243108812740625,12.895292129182762,183.73520888450574,0.120773291053994,1.8039101818613934
0.016554081946710406,0.05243108812740625,12.895292129182762,183.73520888450574,0.1207732761528328,1.8039101967625546
0.016216020381800183,0.05243108703306319,12.89730671794191,183.7350044312896,0.12073983063227459,1.804356332632189
0.016159970309387647,0.052431101934224386,12.89730671794191,183.7350044312896,0.12073983063227459,1.804356332632189
0.016216020507283897,0.05243108703306319,12.897306732843072,183.7350044312896,0.12073983063227459,1.804356332632189
0.016216020392116403,0.05243108703306319,12.89730671794191,183.73500444619077,0.12073983063227459,1.804356332632189
0.016216036932295477,0.05243108703306319,12.89730671794191,183.7350044312896,0.12073984553343578,1.804356332632189
0.016216019745576973,0.05243108703306319,12.89730671794191,183.7350044312896,0.12073983063227459,1.8043563475333502
0.016129633162295057,0.05243107907606683,13.03073449197929,183.73178114226172,0.12115181274914434,1.8480857259079726
0.01596705954738188,0.052431093977228026,13.03073449197929,183.73178114226172,0.12115181274914434,1.8480857259079726
0.016129633354727804,0.05243107907606683,13.030734506880451,183.73178114226172,0.12115181274914434,1.8480857259079726
0.01612963317709077,0.05243107907606683,13.03073449197929,183.73178115716289,0.12115181274914434,1.8480857259079726
0.016129657174997397,0.05243107907606683,13.03073449197929,183.73178114226172,0.12115182765030554,1.8480857259079726
0.01612963228096763,0.05243107907606683,13.03073449197929,183.73178114226172,0.12115181274914434,1.8480857408091338
0.01582016205493247,0.05243107171017379,13.14534064113837,183.72882995088608,0.12149873324298727,1.8860599998393925
0.015925622994808375,0.052431086611334984,13.14534064113837,183.72882995088608,0.12149873324298727,1.8860599998393925
0.015820161904272937,0.05243107171017379,13.145340656039531,183.72882995088608,0.12149873324298727,1.8860599998393925
0.015820162044816996,0.05243107171017379,13.14534064113837,183.72882996578724,0.12149873324298727,1.8860599998393925
0.015820144129188318,0.05243107171017379,13.14534064113837,183.72882995088608,0.12149874814414846,1.8860599998393925
0.0158201626118155,0.05243107171017379,13.14534064113837,183.72882995088608,0.12149873324298727,1.8860600147405537
0.01618071597743201,0.05243104224660161,13.603765237774688,183.7170251853835,0.12288641521835894,2.037957095565072
0.01656312079703397,0.052431057147762805,13.603765237774688,183.7170251853835,0.12288641521835894,2.037957095565072
0.01618071674341817,0.05243104224660161,13.60376525267585,183.7170251853835,0.12288641521835894,2.037957095565072
0.016180716030845088,0.05243104224660161,13.603765237774688,183.71702520028467,0.12288641521835894,2.037957095565072
0.016180803135671218,0.05243104224660161,13.603765237774688,183.7170251853835,0.12288643011952013,2.037957095565072
0.016180713124474676,0.05243104224660161,13.603765237774688,183.7170251853835,0.12288641521835894,2.037957110466233
0.0156583255556762,0.052431060937731595,13.312949389976884,183.72451390416708,0.12200609615803243,1.9415964661494292
0.015712575480413493,0.05243107583889279,13.312949389976884,183.72451390416708,0.12200609615803243,1.9415964661494292
0.01565832566934489,0.052431060937731595,13.312949404878045,183.72451390416708,0.12200609615803243,1.9415964661494292
0.01565832556406245,0.052431060937731595,13.312949389976884,183.72451391906824,0.12200609615803243,1.9415964661494292
0.015658338650795522,0.052431060937731595,13.312949389976884,183.72451390416708,0.12200611105919362,1.9415964661494292
0.01565832506883875,0.052431060937731595,13.312949389976884,183.72451390416708,0.12200609615803243,1.9415964810505904
0.02171653129584794,0.05243101678622114,13.98058641336254,183.70718367817275,0.12411790222283738,2.165701439494053
0.024286992374110895,0.052431031687382335,13.98058641336254,183.70718367817275,0.12411790222283738,2.165701439494053
0.021716533513665908,0.05243101678622114,13.9805864282637,183.70718367817275,0.12411790222283738,2.165701439494053
0.02171653144789916,0.05243101678622114,13.98058641336254,183.70718369307392,0.12411790222283738,2.165701439494053
0.021716777300256295,0.05243101678622114,13.98058641336254,183.70718367817275,0.12411791712399857,2.165701439494053
0.021716523665040573,0.05243101678622114,13.98058641336254,183.70718367817275,0.12411790222283738,2.165701454395214
0.015701764777724836,0.052431059344756115,13.337037567164234,183.72388863393817,0.12208228959382539,1.949682117659761
0.015875755073556503,0.05243107424591731,13.337037567164234,183.72388863393817,0.12208228959382539,1.949682117659761
0.01570176507594671,0.052431059344756115,13.337037582065395,183.72388863393817,0.12208228959382539,1.949682117659761
0.015701764799108505,0.052431059344756115,13.337037567164234,183.72388864883933,0.12208228959382539,1.949682117659761
0.015701799498838494,0.052431059344756115,13.337037567164234,183.72388863393817,0.12208230449498658,1.949682117659761
0.015701763574185023,0.052431059344756115,13.337037567164234,183.72388863393817,0.12208228959382539,1.9496821325609222
0.015646326666660125,0.052431060847066696,13.31432037918602,183.72447831663675,0.12201043274097378,1.9420566645647463
0.01602836553803553,0.05243107574822789,13.31432037918602,183.72447831663675,0.12201043274097378,1.9420566645647463
0.01564632679054231,0.052431060847066696,13.314320394087181,183.72447831663675,0.12201043274097378,1.9420566645647463
0.015646326675756182,0.052431060847066696,13.31432037918602,183.7244783315379,0.12201043274097378,1.9420566645647463
0.015646340943846003,0.052431060847066696,13.31432037918602,183.72447831663675,0.12201044764213498,1.9420566645647463
0.01564632614060842,0.052431060847066696,13.31432037918602,183.72447831663675,0.12201043274097378,1.9420566794659075
0.01577978507243736,0.05243106069776068,13.316578109986546,183.7244197114611,0.12201757418075355,1.9428145145388316
0.0159903569491238,0.05243107559892187,13.316578109986546,183.7244197114611,0.12201757418075355,1.9428145145388316
0.01577978535158293,0.05243106069776068,13.316578124887707,183.7244197114611,0.12201757418075355,1.9428145145388316
0.015779785092562292,0.05243106069776068,13.316578109986546,183.72441972636227,0.12201757418075355,1.9428145145388316
0.015779817717232875,0.05243106069776068,13.316578109986546,183.7244197114611,0.12201758908191475,1.9428145145388316
0.015779783935351545,0.05243106069776068,13.316578109986546,183.7244197114611,0.12201757418075355,1.9428145294399928
0.01569923735671208,0.05243106084615517,13.314334162788791,183.72447795884807,0.12201047633995783,1.9420612912912811
0.015764069911753796,0.05243107574731636,13.314334162788791,183.72447795884807,0.12201047633995783,1.9420612912912811
0.01569923753812376,0.05243106084615517,13.314334177689952,183.72447795884807,0.12201047633995783,1.9420612912912811
0.015699237369902055,0.05243106084615517,13.314334162788791,183.72447797374923,0.12201047633995783,1.9420612912912811
0.015699258455373444,0.05243106084615517,13.314334162788791,183.72447795884807,0.12201049124111903,1.9420612912912811
0.01569923660380455,0.05243106084615517,13.314334162788791,183.72447795884807,0.12201047633995783,1.9420613061924423
0.01564632666596772,0.052431060847066606,13.314320380512402,183.7244783166023,0.12201043274516928,1.942056665009972
0.01602836553884787,0.0524310757482278,13.314320380512402,183.7244783166023,0.12201043274516928,1.942056665009972
0.0156463267898496,0.052431060847066606,13.314320395413564,183.7244783166023,0.12201043274516928,1.942056665009972
0.015646326675063195,0.052431060847066606,13.314320380512402,183.72447833150346,0.12201043274516928,1.942056665009972
0.015646340943153633,0.052431060847066606,13.314320380512402,183.7244783166023,0.12201044764633047,1.942056665009972
0.015646326139915654,0.052431060847066606,13.314320380512402,183.7244783166023,0.12201043274516928,1.9420566799111332
0.015646326665274775,0.05243106084706652,13.314320381838549,183.72447831656788,0.12201043274936402,1.9420566654551175
0.015611178795094067,0.052431075748227716,13.314320381838549,183.72447831656788,0.12201043274936402,1.9420566654551175
0.015646326789157,0.05243106084706652,13.31432039673971,183.72447831656788,0.12201043274936402,1.9420566654551175
0.01564632667437061,0.05243106084706652,13.314320381838549,183.72447833146904,0.12201043274936402,1.9420566654551175
0.01564634094246074,0.05243106084706652,13.314320381838549,183.72447831656788,0.12201044765052521,1.9420566654551175
0.015646326139223322,0.05243106084706652,13.314320381838549,183.72447831656788,0.12201043274936402,1.9420566803562787
0.015709586812108208,0.0524310605567062,13.310763250162939,183.72440340159716,0.1220218937187426,1.9419457731697805
0.01559966726398949,0.05243107545786739,13.310763250162939,183.72440340159716,0.1220218937187426,1.9419457731697805
0.015709586794582446,0.0524310605567062,13.3107632650641,183.72440340159716,0.1220218937187426,1.9419457731697805
0.015709586811225446,0.0524310605567062,13.310763250162939,183.72440341649832,0.1220218937187426,1.9419457731697805
0.015709584442793006,0.0524310605567062,13.310763250162939,183.72440340159716,0.1220219086199038,1.9419457731697805
0.01570958684132658,0.0524310605567062,13.310763250162939,183.72440340159716,0.1220218937187426,1.9419457880709416
0.01571934583345136,0.052431060837203225,13.314199549060124,183.7244757717692,0.12201082206887753,1.9420528985372283
0.01593585971216602,0.05243107573836442,13.314199549060124,183.7244757717692,0.12201082206887753,1.9420528985372283
0.015719346076071103,0.052431060837203225,13.314199563961285,183.7244757717692,0.12201082206887753,1.9420528985372283
0.01571934585097877,0.052431060837203225,13.314199549060124,183.72447578667035,0.12201082206887753,1.9420528985372283
0.015719374158197543,0.052431060837203225,13.314199549060124,183.7244757717692,0.12201083697003873,1.9420528985372283
0.01571934483977357,0.052431060837203225,13.314199549060124,183.7244757717692,0.12201082206887753,1.9420529134383895
0.01592206497537999,0.05243106084705588,13.314320251418076,183.72447831382115,0.12201043316957479,1.9420566613893067
0.015764571716260327,0.05243107574821707,13.314320251418076,183.72447831382115,0.12201043316957479,1.9420566613893067
0.015922065355316078,0.05243106084705588,13.314320266319237,183.72447831382115,0.12201043316957479,1.9420566613893067
0.01592206500269958,0.05243106084705588,13.314320251418076,183.7244783287223,0.12201043316957479,1.9420566613893067
0.015922109599884923,0.05243106084705588,13.314320251418076,183.72447831382115,0.12201044807073598,1.9420566613893067
0.01592206344015447,0.05243106084705588,13.314320251418076,183.72447831382115,0.12201043316957479,1.9420566762904679
0.015646326665275045,0.05243106084706652,13.314320381838508,183.72447831656788,0.12201043274936414,1.9420566654551161
0.015611178795093945,0.052431075748227716,13.314320381838508,183.72447831656788,0.12201043274936414,1.9420566654551161
0.015646326789156947,0.05243106084706652,13.314320396739669,183.72447831656788,0.12201043274936414,1.9420566654551161
0.015646326674370287,0.05243106084706652,13.314320381838508,183.72447833146904,0.12201043274936414,1.9420566654551161
0.01564634094246077,0.05243106084706652,13.314320381838508,183.72447831656788,0.12201044765052534,1.9420566654551161
0.015646326139223066,0.05243106084706652,13.314320381838508,183.72447831656788,0.12201043274936414,1.9420566803562773
0.01564632666527511,0.05243106084706652,13.314320381838545,183.72447831656788,0.12201043274936403,1.9420566654551175
0.01561117879509414,0.052431075748227716,13.314320381838545,183.72447831656788,0.12201043274936403,1.9420566654551175
0.015646326789157006,0.05243106084706652,13.314320396739706,183.72447831656788,0.12201043274936403,1.9420566654551175
0.015646326674370246,0.05243106084706652,13.314320381838545,183.72447833146904,0.12201043274936403,1.9420566654551175
0.01564634094246081,0.05243106084706652,13.314320381838545,183.72447831656788,0.12201044765052523,1.9420566654551175
0.015646326139223433,0.05243106084706652,13.314320381838545,183.72447831656788,0.12201043274936403,1.9420566803562787
0.015646326665274775,0.05243106084706652,13.314320381838549,183.72447831656788,0.12201043274936402,1.9420566654551175
0.015611178795094067,0.052431075748227716,13.314320381838549,183.72447831656788,0.12201043274936402,1.9420566654551175
0.015646326789157,0.05243106084706652,13.31432039673971,183.72447831656788,0.12201043274936402,1.9420566654551175
0.01564632667437061,0.05243106084706652,13.314320381838549,183.72447833146904,0.12201043274936402,1.9420566654551175
0.01564634094246074,0.05243106084706652,13.314320381838549,183.72447831656788,0.12201044765052521,1.9420566654551175
0.015646326139223322,0.05243106084706652,13.314320381838549,183.72447831656788,0.12201043274936402,1.9420566803562787
0.01564632666527507,0.05243106084706652,13.314320381838547,183.72447831656788,0.12201043274936402,1.9420566654551175
0.015611178795094102,0.052431075748227716,13.314320381838547,183.72447831656788,0.12201043274936402,1.9420566654551175
0.015646326789157037,0.05243106084706652,13.314320396739708,183.72447831656788,0.12201043274936402,1.9420566654551175
0.01564632667437031,0.05243106084706652,13.314320381838547,183.72447833146904,0.12201043274936402,1.9420566654551175
0.015646340942460854,0.05243106084706652,13.314320381838547,183.72447831656788,0.12201044765052521,1.9420566654551175
0.01564632613922339,0.05243106084706652,13.314320381838547,183.72447831656788,0.12201043274936402,1.9420566803562787
0.015646326665274775,0.05243106084706652,13.314320381838549,183.72447831656788,0.12201043274936402,1.9420566654551175
0.015611178795094067,0.052431075748227716,13.314320381838549,183.72447831656788,0.12201043274936402,1.9420566654551175
0.015646326789157,0.05243106084706652,13.31432039673971,183.72447831656788,0.12201043274936402,1.9420566654551175
0.01564632667437061,0.05243106084706652,13.314320381838549,183.72447833146904,0.12201043274936402,1.9420566654551175
0.01564634094246074,0.05243106084706652,13.314320381838549,183.72447831656788,0.12201044765052521,1.9420566654551175
0.015646326139223322,0.05243106084706652,13.314320381838549,183.72447831656788,0.12201043274936402,1.9420566803562787
0.01564632666527507,0.05243106084706652,13.314320381838547,183.72447831656788,0.12201043274936402,1.9420566654551175
0.015611178795094102,0.052431075748227716,13.314320381838547,183.72447831656788,0.12201043274936402,1.9420566654551175
0.015646326789157037,0.05243106084706652,13.314320396739708,183.72447831656788,0.12201043274936402,1.9420566654551175
0.01564632667437031,0.05243106084706652,13.314320381838547,183.72447833146904,0.12201043274936402,1.9420566654551175
0.015646340942460854,0.05243106084706652,13.314320381838547,183.72447831656788,0.12201044765052521,1.9420566654551175
0.01564632613922339,0.05243106084706652,13.314320381838547,183.72447831656788,0.12201043274936402,1.9420566803562787
0.015646326665274775,0.05243106084706652,13.314320381838549,183.72447831656788,0.12201043274936402,1.9420566654551175
0.015611178795094067,0.052431075748227716,13.314320381838549,183.72447831656788,0.12201043274936402,1.9420566654551175
0.015646326789157,0.05243106084706652,13.31432039673971,183.72447831656788,0.12201043274936402,1.9420566654551175
0.01564632667437061,0.05243106084706652,13.314320381838549,183.72447833146904,0.12201043274936402,1.9420566654551175
0.01564634094246074,0.05243106084706652,13.314320381838549,183.72447831656788,0.12201044765052521,1.9420566654551175
0.015646326139223322,0.05243106084706652,13.314320381838549,183.72447831656788,0.12201043274936402,1.9420566803562787
0.01564632666527507,0.05243106084706652,13.314320381838547,183.72447831656788,0.12201043274936402,1.9420566654551175
0.015611178795094102,0.052431075748227716,13.314320381838547,183.72447831656788,0.12201043274936402,1.9420566654551175
0.015646326789157037,0.05243106084706652,13.314320396739708,183.72447831656788,0.12201043274936402,1.9420566654551175
0.01564632667437031,0.05243106084706652,13.314320381838547,183.72447833146904,0.12201043274936402,1.9420566654551175
0.015646340942460854,0.05243106084706652,13.314320381838547,183.72447831656788,0.12201044765052521,1.9420566654551175
0.01564632613922339,0.05243106084706652,13.314320381838547,183.72447831656788,0.12201043274936402,1.9420566803562787
0.015646326665274775,0.05243106084706652,13.314320381838549,183.72447831656788,0.12201043274936402,1.9420566654551175
0.015611178795094067,0.052431075748227716,13.314320381838549,183.72447831656788,0.12201043274936402,1.9420566654551175
0.015646326789157,0.05243106084706652,13.31432039673971,183.72447831656788,0.12201043274936402,1.9420566654551175
0.01564632667437061,0.05243106084706652,13.314320381838549,183.72447833146904,0.12201043274936402,1.9420566654551175
0.01564634094246074,0.05243106084706652,13.314320381838549,183.72447831656788,0.12201044765052521,1.9420566654551175
0.015646326139223322,0.05243106084706652,13.314320381838549,183.72447831656788,0.12201043274936402,1.9420566803562787
0.01564632666527507,0.05243106084706652,13.314320381838547,183.72447831656788,0.12201043274936402,1.9420566654551175
0.015611178795094102,0.052431075748227716,13.314320381838547,183.72447831656788,0.12201043274936402,1.9420566654551175
0.015646326789157037,0.05243106084706652,13.314320396739708,183.72447831656788,0.12201043274936402,1.9420566654551175
0.01564632667437031,0.05243106084706652,13.314320381838547,183.72447833146904,0.12201043274936402,1.9420566654551175
0.015646340942460854,0.05243106084706652,13.314320381838547,183.72447831656788,0.12201044765052521,1.9420566654551175
0.01564632613922339,0.05243106084706652,13.314320381838547,183.72447831656788,0.12201043274936402,1.9420566803562787
0.015646326665274775,0.05243106084706652,13.314320381838549,183.72447831656788,0.12201043274936402,1.9420566654551175
0.015611178795094067,0.052431075748227716,13.314320381838549,183.72447831656788,0.12201043274936402,1.9420566654551175
0.015646326789157,0.05243106084706652,13.31432039673971,183.72447831656788,0.12201043274936402,1.9420566654551175
0.01564632667437061,0.05243106084706652,13.314320381838549,183.72447833146904,0.12201043274936402,1.9420566654551175
0.01564634094246074,0.05243106084706652,13.314320381838549,183.72447831656788,0.12201044765052521,1.9420566654551175
0.015646326139223322,0.05243106084706652,13.314320381838549,183.72447831656788,0.12201043274936402,1.9420566803562787
0.01564632666527507,0.05243106084706652,13.314320381838547,183.72447831656788,0.12201043274936402,1.9420566654551175
0.015611178795094102,0.052431075748227716,13.314320381838547,183.72447831656788,0.12201043274936402,1.9420566654551175
0.015646326789157037,0.05243106084706652,13.314320396739708,183.72447831656788,0.12201043274936402,1.9420566654551175
0.01564632667437031,0.05243106084706652,13.314320381838547,183.72447833146904,0.12201043274936402,1.9420566654551175
0.015646340942460854,0.05243106084706652,13.314320381838547,183.72447831656788,0.12201044765052521,1.9420566654551175
0.01564632613922339,0.05243106084706652,13.314320381838547,183.72447831656788,0.12201043274936402,1.9420566803562787
0.015646326665274775,0.05243106084706652,13.314320381838549,183.72447831656788,0.12201043274936402,1.9420566654551175
0.015611178795094067,0.052431075748227716,13.314320381838549,183.72447831656788,0.12201043274936402,1.9420566654551175
0.015646326789157,0.05243106084706652,13.31432039673971,183.72447831656788,0.12201043274936402,1.9420566654551175
0.01564632667437061,0.05243106084706652,13.314320381838549,183.72447833146904,0.12201043274936402,1.9420566654551175
0.01564634094246074,0.05243106084706652,13.314320381838549,183.72447831656788,0.12201044765052521,1.9420566654551175
0.015646326139223322,0.05243106084706652,13.314320381838549,183.72447831656788,0.12201043274936402,1.9420566803562787
0.01564632666527507,0.05243106084706652,13.314320381838547,183.72447831656788,0.12201043274936402,1.9420566654551175
0.015611178795094102,0.052431075748227716,13.314320381838547,183.72447831656788,0.12201043274936402,1.9420566654551175
0.015646326789157037,0.05243106084706652,13.314320396739708,183.72447831656788,0.12201043274936402,1.9420566654551175
0.01564632667437031,0.05243106084706652,13.314320381838547,183.72447833146904,0.12201043274936402,1.9420566654551175
0.015646340942460854,0.05243106084706652,13.314320381838547,183.72447831656788,0.12201044765052521,1.9420566654551175
0.01564632613922339,0.05243106084706652,13.314320381838547,183.72447831656788,0.12201043274936402,1.9420566803562787
0.015646326665274775,0.05243106084706652,13.314320381838549,183.72447831656788,0.12201043274936402,1.9420566654551175
0.015611178795094067,0.052431075748227716,13.314320381838549,183.72447831656788,0.12201043274936402,1.9420566654551175
0.015646326789157,0.05243106084706652,13.31432039673971,183.72447831656788,0.12201043274936402,1.9420566654551175
0.01564632667437061,0.05243106084706652,13.314320381838549,183.72447833146904,0.12201043274936402,1.9420566654551175
0.01564634094246074,0.05243106084706652,13.314320381838549,183.72447831656788,0.12201044765052521,1.9420566654551175
0.015646326139223322,0.05243106084706652,13.314320381838549,183.72447831656788,0.12201043274936402,1.9420566803562787
0.01564632666527507,0.05243106084706652,13.314320381838547,183.72447831656788,0.12201043274936402,1.9420566654551175
0.015611178795094102,0.052431075748227716,13.314320381838547,183.72447831656788,0.12201043274936402,1.9420566654551175
0.015646326789157037,0.05243106084706652,13.314320396739708,183.72447831656788,0.12201043274936402,1.9420566654551175
0.01564632667437031,0.05243106084706652,13.314320381838547,183.72447833146904,0.12201043274936402,1.9420566654551175
0.015646340942460854,0.05243106084706652,13.314320381838547,183.72447831656788,0.12201044765052521,1.9420566654551175
0.01564632613922339,0.05243106084706652,13.314320381838547,183.72447831656788,0.12201043274936402,1.9420566803562787
0.015646326665274775,0.05243106084706652,13.314320381838549,183.72447831656788,0.12201043274936402,1.9420566654551175
0.015611178795094067,0.052431075748227716,13.314320381838549,183.72447831656788,0.12201043274936402,1.9420566654551175
0.015646326789157,0.05243106084706652,13.31432039673971,183.72447831656788,0.12201043274936402,1.9420566654551175
0.01564632667437061,0.05243106084706652,13.314320381838549,183.72447833146904,0.12201043274936402,1.9420566654551175
0.01564634094246074,0.05243106084706652,13.314320381838549,183.72447831656788,0.12201044765052521,1.9420566654551175
0.015646326139223322,0.05243106084706652,13.314320381838549,183.72447831656788,0.12201043274936402,1.9420566803562787
0.01564632666527507,0.05243106084706652,13.314320381838547,183.72447831656788,0.12201043274936402,1.9420566654551175
0.015611178795094102,0.052431075748227716,13.314320381838547,183.72447831656788,0.12201043274936402,1.9420566654551175
0.015646326789157037,0.05243106084706652,13.314320396739708,183.72447831656788,0.12201043274936402,1.9420566654551175
0.01564632667437031,0.05243106084706652,13.314320381838547,183.72447833146904,0.12201043274936402,1.9420566654551175
0.015646340942460854,0.05243106084706652,13.314320381838547,183.72447831656788,0.12201044765052521,1.9420566654551175
0.01564632613922339,0.05243106084706652,13.314320381838547,183.72447831656788,0.12201043274936402,1.9420566803562787
0.015646326665274775,0.05243106084706652,13.314320381838549,183.72447831656788,0.12201043274936402,1.9420566654551175
0.015611178795094067,0.052431075748227716,13.314320381838549,183.72447831656788,0.12201043274936402,1.9420566654551175
0.015646326789157,0.05243106084706652,13.31432039673971,183.72447831656788,0.12201043274936402,1.9420566654551175
0.01564632667437061,0.05243106084706652,13.314320381838549,183.72447833146904,0.12201043274936402,1.9420566654551175
0.01564634094246074,0.05243106084706652,13.314320381838549,183.72447831656788,0.12201044765052521,1.9420566654551175
0.015646326139223322,0.05243106084706652,13.314320381838549,183.72447831656788,0.12201043274936402,1.9420566803562787
0.01564632666527507,0.05243106084706652,13.314320381838547,183.72447831656788,0.12201043274936402,1.9420566654551175
0.015611178795094102,0.052431075748227716,13.314320381838547,183.72447831656788,0.12201043274936402,1.9420566654551175
0.015646326789157037,0.05243106084706652,13.314320396739708,183.72447831656788,0.12201043274936402,1.9420566654551175
0.01564632667437031,0.05243106084706652,13.314320381838547,183.72447833146904,0.12201043274936402,1.9420566654551175
0.015646340942460854,0.05243106084706652,13.314320381838547,183.72447831656788,0.12201044765052521,1.9420566654551175
0.01564632613922339,0.05243106084706652,13.314320381838547,183.72447831656788,0.12201043274936402,1.9420566803562787
0.015646326665274775,0.05243106084706652,13.314320381838549,183.72447831656788,0.12201043274936402,1.9420566654551175
0.015611178795094067,0.052431075748227716,13.314320381838549,183.72447831656788,0.12201043274936402,1.9420566654551175
0.015646326789157,0.05243106084706652,13.31432039673971,183.72447831656788,0.12201043274936402,1.9420566654551175
0.01564632667437061,0.05243106084706652,13.314320381838549,183.72447833146904,0.12201043274936402,1.9420566654551175
0.01564634094246074,0.05243106084706652,13.314320381838549,183.72447831656788,0.12201044765052521,1.9420566654551175
0.015646326139223322,0.05243106084706652,13.314320381838549,183.72447831656788,0.12201043274936402,1.9420566803562787
0.01564632666527507,0.05243106084706652,13.314320381838547,183.72447831656788,0.12201043274936402,1.9420566654551175
0.015611178795094102,0.052431075748227716,13.314320381838547,183.72447831656788,0.12201043274936402,1.9420566654551175
0.015646326789157037,0.05243106084706652,13.314320396739708,183.72447831656788,0.12201043274936402,1.9420566654551175
0.01564632667437031,0.05243106084706652,13.314320381838547,183.72447833146904,0.12201043274936402,1.9420566654551175
0.015646340942460854,0.05243106084706652,13.314320381838547,183.72447831656788,0.12201044765052521,1.9420566654551175
0.01564632613922339,0.05243106084706652,13.314320381838547,183.72447831656788,0.12201043274936402,1.9420566803562787
0.015646326665274775,0.05243106084706652,13.314320381838549,183.72447831656788,0.12201043274936402,1.9420566654551175
0.015611178795094067,0.052431075748227716,13.314320381838549,183.72447831656788,0.12201043274936402,1.9420566654551175
0.015646326789157,0.05243106084706652,13.31432039673971,183.72447831656788,0.12201043274936402,1.9420566654551175
0.01564632667437061,0.05243106084706652,13.314320381838549,183.72447833146904,0.12201043274936402,1.9420566654551175
0.01564634094246074,0.05243106084706652,13.314320381838549,183.72447831656788,0.12201044765052521,1.9420566654551175
0.015646326139223322,0.05243106084706652,13.314320381838549,183.72447831656788,0.12201043274936402,1.9420566803562787
0.01564632666527507,0.05243106084706652,13.314320381838547,183.72447831656788,0.12201043274936402,1.9420566654551175
0.015611178795094102,0.052431075748227716,13.314320381838547,183.72447831656788,0.12201043274936402,1.9420566654551175
0.015646326789157037,0.05243106084706652,13.314320396739708,183.72447831656788,0.12201043274936402,1.9420566654551175
0.01564632667437031,0.05243106084706652,13.314320381838547,183.72447833146904,0.12201043274936402,1.9420566654551175
0.015646340942460854,0.05243106084706652,13.314320381838547,183.72447831656788,0.12201044765052521,1.9420566654551175
0.01564632613922339,0.05243106084706652,13.314320381838547,183.72447831656788,0.12201043274936402,1.9420566803562787
0.015646326665274775,0.05243106084706652,13.314320381838549,183.72447831656788,0.12201043274936402,1.9420566654551175
0.015611178795094067,0.052431075748227716,13.314320381838549,183.72447831656788,0.12201043274936402,1.9420566654551175
0.015646326789157,0.05243106084706652,13.31432039673971,183.72447831656788,0.12201043274936402,1.9420566654551175
0.01564632667437061,0.05243106084706652,13.314320381838549,183.72447833146904,0.12201043274936402,1.9420566654551175
0.01564634094246074,0.05243106084706652,13.314320381838549,183.72447831656788,0.12201044765052521,1.9420566654551175
0.015646326139223322,0.05243106084706652,13.314320381838549,183.72447831656788,0.12201043274936402,1.9420566803562787
0.01564632666527507,0.05243106084706652,13.314320381838547,183.72447831656788,0.12201043274936402,1.9420566654551175
0.015611178795094102,0.052431075748227716,13.314320381838547,183.72447831656788,0.12201043274936402,1.9420566654551175
0.015646326789157037,0.05243106084706652,13.314320396739708,183.72447831656788,0.12201043274936402,1.9420566654551175
0.01564632667437031,0.05243106084706652,13.314320381838547,183.72447833146904,0.12201043274936402,1.9420566654551175
0.015646340942460854,0.05243106084706652,13.314320381838547,183.72447831656788,0.12201044765052521,1.9420566654551175
0.01564632613922339,0.05243106084706652,13.314320381838547,183.72447831656788,0.12201043274936402,1.9420566803562787
0.015646326665274775,0.05243106084706652,13.314320381838549,183.72447831656788,0.12201043274936402,1.9420566654551175
0.015611178795094067,0.052431075748227716,13.314320381838549,183.72447831656788,0.12201043274936402,1.9420566654551175
0.015646326789157,0.05243106084706652,13.31432039673971,183.72447831656788,0.12201043274936402,1.9420566654551175
0.01564632667437061,0.05243106084706652,13.314320381838549,183.72447833146904,0.12201043274936402,1.9420566654551175
0.01564634094246074,0.05243106084706652,13.314320381838549,183.72447831656788,0.12201044765052521,1.9420566654551175
0.015646326139223322,0.05243106084706652,13.314320381838549,183.72447831656788,0.12201043274936402,1.9420566803562787
0.01564632666527507,0.05243106084706652,13.314320381838547,183.72447831656788,0.12201043274936402,1.9420566654551175
0.015611178795094102,0.052431075748227716,13.314320381838547,183.72447831656788,0.12201043274936402,1.9420566654551175
0.015646326789157037,0.05243106084706652,13.314320396739708,183.72447831656788,0.12201043274936402,1.9420566654551175
0.01564632667437031,0.05243106084706652,13.314320381838547,183.72447833146904,0.12201043274936402,1.9420566654551175
0.015646340942460854,0.05243106084706652,13.314320381838547,183.72447831656788,0.12201044765052521,1.9420566654551175
0.01564632613922339,0.05243106084706652,13.314320381838547,183.72447831656788,0.12201043274936402,1.9420566803562787
0.015646326665274775,0.05243106084706652,13.314320381838549,183.72447831656788,0.12201043274936402,1.9420566654551175
0.015611178795094067,0.052431075748227716,13.314320381838549,183.72447831656788,0.12201043274936402,1.9420566654551175
0.015646326789157,0.05243106084706652,13.31432039673971,183.72447831656788,0.12201043274936402,1.9420566654551175
0.01564632667437061,0.05243106084706652,13.314320381838549,183.72447833146904,0.12201043274936402,1.9420566654551175
0.01564634094246074,0.05243106084706652,13.314320381838549,183.72447831656788,0.12201044765052521,1.9420566654551175
0.015646326139223322,0.05243106084706652,13.314320381838549,183.72447831656788,0.12201043274936402,1.9420566803562787
0.01564632666527507,0.05243106084706652,13.314320381838547,183.72447831656788,0.12201043274936402,1.9420566654551175
0.015611178795094102,0.052431075748227716,13.314320381838547,183.72447831656788,0.12201043274936402,1.9420566654551175
0.015646326789157037,0.05243106084706652,13.314320396739708,183.72447831656788,0.12201043274936402,1.9420566654551175
0.01564632667437031,0.05243106084706652,13.314320381838547,183.72447833146904,0.12201043274936402,1.9420566654551175
0.015646340942460854,0.05243106084706652,13.314320381838547,183.72447831656788,0.12201044765052521,1.9420566654551175
0.01564632613922339,0.05243106084706652,13.314320381838547,183.72447831656788,0.12201043274936402,1.9420566803562787
0.015646326665274775,0.05243106084706652,13.314320381838549,183.72447831656788,0.12201043274936402,1.9420566654551175
0.015611178795094067,0.052431075748227716,13.314320381838549,183.72447831656788,0.12201043274936402,1.9420566654551175
0.015646326789157,0.05243106084706652,13.31432039673971,183.72447831656788,0.12201043274936402,1.9420566654551175
0.01564632667437061,0.05243106084706652,13.314320381838549,183.72447833146904,0.12201043274936402,1.9420566654551175
0.01564634094246074,0.05243106084706652,13.314320381838549,183.72447831656788,0.12201044765052521,1.9420566654551175
0.015646326139223322,0.05243106084706652,13.314320381838549,183.72447831656788,0.12201043274936402,1.9420566803562787
0.01564632666527507,0.05243106084706652,13.314320381838547,183.72447831656788,0.12201043274936402,1.9420566654551175
0.015611178795094102,0.052431075748227716,13.314320381838547,183.72447831656788,0.12201043274936402,1.9420566654551175
0.015646326789157037,0.05243106084706652,13.314320396739708,183.72447831656788,0.12201043274936402,1.9420566654551175
0.01564632667437031,0.05243106084706652,13.314320381838547,183.72447833146904,0.12201043274936402,1.9420566654551175
0.015646340942460854,0.05243106084706652,13.314320381838547,183.72447831656788,0.12201044765052521,1.9420566654551175
0.01564632613922339,0.05243106084706652,13.314320381838547,183.72447831656788,0.12201043274936402,1.9420566803562787
0.015646326665274775,0.05243106084706652,13.314320381838549,183.72447831656788,0.12201043274936402,1.9420566654551175
0.015611178795094067,0.052431075748227716,13.314320381838549,183.72447831656788,0.12201043274936402,1.9420566654551175
0.015646326789157,0.05243106084706652,13.31432039673971,183.72447831656788,0.12201043274936402,1.9420566654551175
0.01564632667437061,0.05243106084706652,13.314320381838549,183.72447833146904,0.12201043274936402,1.9420566654551175
0.01564634094246074,0.05243106084706652,13.314320381838549,183.72447831656788,0.12201044765052521,1.9420566654551175
0.015646326139223322,0.05243106084706652,13.314320381838549,183.72447831656788,0.12201043274936402,1.9420566803562787
0.01564632666527507,0.05243106084706652,13.314320381838547,183.72447831656788,0.12201043274936402,1.9420566654551175
0.015611178795094102,0.052431075748227716,13.314320381838547,183.72447831656788,0.12201043274936402,1.9420566654551175
0.015646326789157037,0.05243106084706652,13.314320396739708,183.72447831656788,0.12201043274936402,1.9420566654551175
0.01564632667437031,0.05243106084706652,13.314320381838547,183.72447833146904,0.12201043274936402,1.9420566654551175
0.015646340942460854,0.05243106084706652,13.314320381838547,183.72447831656788,0.12201044765052521,1.9420566654551175
0.01564632613922339,0.05243106084706652,13.314320381838547,183.72447831656788,0.12201043274936402,1.9420566803562787
0.015646326665274775,0.05243106084706652,13.314320381838549,183.72447831656788,0.12201043274936402,1.9420566654551175
0.015611178795094067,0.052431075748227716,13.314320381838549,183.72447831656788,0.12201043274936402,1.9420566654551175
0.015646326789157,0.05243106084706652,13.31432039673971,183.72447831656788,0.12201043274936402,1.9420566654551175
0.01564632667437061,0.05243106084706652,13.314320381838549,183.72447833146904,0.12201043274936402,1.9420566654551175
0.01564634094246074,0.05243106084706652,13.314320381838549,183.72447831656788,0.12201044765052521,1.9420566654551175
0.015646326139223322,0.05243106084706652,13.314320381838549,183.72447831656788,0.12201043274936402,1.9420566803562787
0.01564632666527507,0.05243106084706652,13.314320381838547,183.72447831656788,0.12201043274936402,1.9420566654551175
0.015611178795094102,0.052431075748227716,13.314320381838547,183.72447831656788,0.12201043274936402,1.9420566654551175
0.015646326789157037,0.05243106084706652,13.314320396739708,183.72447831656788,0.12201043274936402,1.9420566654551175
0.01564632667437031,0.05243106084706652,13.314320381838547,183.72447833146904,0.12201043274936402,1.9420566654551175
0.015646340942460854,0.05243106084706652,13.314320381838547,183.72447831656788,0.12201044765052521,1.9420566654551175
0.01564632613922339,0.05243106084706652,13.314320381838547,183.72447831656788,0.12201043274936402,1.9420566803562787
0.015646326665274775,0.05243106084706652,13.314320381838549,183.72447831656788,0.12201043274936402,1.9420566654551175
0.015611178795094067,0.052431075748227716,13.314320381838549,183.72447831656788,0.12201043274936402,1.9420566654551175
0.015646326789157,0.05243106084706652,13.31432039673971,183.72447831656788,0.12201043274936402,1.9420566654551175
0.01564632667437061,0.05243106084706652,13.314320381838549,183.72447833146904,0.12201043274936402,1.9420566654551175
0.01564634094246074,0.05243106084706652,13.314320381838549,183.72447831656788,0.12201044765052521,1.9420566654551175
0.015646326139223322,0.05243106084706652,13.314320381838549,183.72447831656788,0.12201043274936402,1.9420566803562787
0.015709586812108208,0.0524310605567062,13.310763250162939,183.72440340159716,0.1220218937187426,1.9419457731697805
0.01575800663768366,0.052431060701886356,13.312541816000744,183.72444085908253,0.1220161632340533,1.942001219312449
0.015806299066833753,0.05243106077447644,13.313431098919647,183.7244595878252,0.12201329799170867,1.9420289423837833
0.015733676764576852,0.05243106081077148,13.313875740379098,183.72446895219653,0.12201186537053633,1.9420428039194504
0.015685098822562044,0.052431060828919004,13.314098061108822,183.7244736343822,0.12201114905995018,1.9420497346872838
0.015947619101182454,0.05243106083799276,13.314209221473686,183.72447597547506,0.1220107909046571,1.9420532000712007
0.015656934229712458,0.052431060842529645,13.314264801656117,183.72447714602146,0.12201061182701056,1.942054932763159
0.015743642771541413,0.05243106084453959,13.31428942501606,183.72447766460172,0.12201053249129852,1.9420557003874435
0.01564682099356549,0.052431060845803054,13.314304903427304,183.7244779905848,0.12201048262033126,1.9420561829212803
0.015689251218438418,0.05243106084624221,13.314310283371839,183.72447810388914,0.12201046528631465,1.942056350639093
0.015731000054155557,0.052431060846654366,13.314315332605194,183.7244782102285,0.12201044901783933,1.9420565080471053
0.015785120532731314,0.052431060846860444,13.314317857221871,183.7244782633982,0.12201044088360168,1.9420565867511115
203.10458057894257,0.05921049239670976,13.791735739076334,213.21938296153928,0.32787864493132474,3.2939072951772834
203.06757225408816,0.05921050729787095,13.791735739076334,213.21938296153928,0.32787864493132474,3.2939072951772834
203.10458092562797,0.05921049239670976,13.791735753977495,213.21938296153928,0.32787864493132474,3.2939072951772834
203.10458063577056,0.05921049239670976,13.791735739076334,213.21938297644044,0.32787864493132474,3.2939072951772834
203.10463173222348,0.05921049239670976,13.791735739076334,213.21938296153928,0.32787865983248593,3.2939072951772834
203.10457818026163,0.05921049239670976,13.791735739076334,213.21938296153928,0.32787864493132474,3.2939073100784446
734.2635357587455,1.0692095254261953,13.791726277639833,213.2193814106393,0.32648261405298307,3.2939727578927034
734.2708659163573,1.0692095403273565,13.791726277639833,213.2193814106393,0.32648261405298307,3.2939727578927034
734.2635357575317,1.0692095254261953,13.791726292540995,213.2193814106393,0.32648261405298307,3.2939727578927034
734.263535757137,1.0692095254261953,13.791726277639833,213.21938142554046,0.32648261405298307,3.2939727578927034
734.2635339994242,1.0692095254261953,13.791726277639833,213.2193814106393,0.32648262895414426,3.2939727578927034
734.2635358185416,1.0692095254261953,13.791726277639833,213.2193814106393,0.32648261405298307,3.2939727727938646
704.1899055440148,0.43049643156080974,13.791732260955838,213.21938239141264,0.32736544975111503,3.293931359938714
704.2055006532889,0.43049644646197094,13.791732260955838,213.21938239141264,0.32736544975111503,3.293931359938714
704.1899055319726,0.43049643156080974,13.791732275857,213.21938239141264,0.32736544975111503,3.293931359938714
704.189905541174,0.43049643156080974,13.791732260955838,213.2193824063138,0.32736544975111503,3.293931359938714
704.1899032798118,0.43049643156080974,13.791732260955838,213.21938239141264,0.32736546465227623,3.293931359938714
704.1899056332165,0.43049643156080974,13.791732260955838,213.21938239141264,0.32736544975111503,3.2939313748398753
581.6220247373495,0.2106996696728436,13.791734319960884,213.2193827289207,0.3276692550583684,3.2939171138925265
581.6256699758043,0.2106996845740048,13.791734319960884,213.2193827289207,0.3276692550583684,3.2939171138925265
581.622024693963,0.2106996696728436,13.791734334862046,213.2193827289207,0.3276692550583684,3.2939171138925265
581.6220247289557,0.2106996696728436,13.791734319960884,213.21938274382185,0.3276692550583684,3.2939171138925265
581.6220184584058,0.2106996696728436,13.791734319960884,213.2193827289207,0.3276692699595296,3.2939171138925265
581.6220250222057,0.2106996696728436,13.791734319960884,213.2193827289207,0.3276692550583684,3.2939171287936877
245.24292588304576,0.1121428071056034,13.791735243218696,213.21938288025927,0.32780548135058935,3.2939107259657705
245.2259554663454,0.11214282200676459,13.791735243218696,213.21938288025927,0.32780548135058935,3.2939107259657705
245.24292578219487,0.1121428071056034,13.791735258119857,213.21938288025927,0.32780548135058935,3.2939107259657705
245.24292586459953,0.1121428071056034,13.791735243218696,213.21938289516044,0.32780548135058935,3.2939107259657705
245.2429111509606,0.1121428071056034,13.791735243218696,213.21938288025927,0.32780549625175054,3.2939107259657705
245.24292658177097,0.1121428071056034,13.791735243218696,213.21938288025927,0.32780548135058935,3.2939107408669317
0.02892058640480842,0.0733166208957724,13.791735606933397,213.21938293987867,0.3278591472978473,3.293908209460808
0.028573227769757067,0.0733166357969336,13.791735606933397,213.21938293987867,0.3278591472978473,3.293908209460808
0.028920584731563576,0.0733166208957724,13.791735621834558,213.21938293987867,0.3278591472978473,3.293908209460808
0.028920586120387407,0.0733166208957724,13.791735606933397,213.21938295477983,0.3278591472978473,3.293908209460808
0.02892034087453725,0.0733166208957724,13.791735606933397,213.21938293987867,0.3278591621990085,3.293908209460808
0.02892059803508093,0.0733166208957724,13.791735606933397,213.21938293987867,0.3278591472978473,3.293908224361969
365.855573103669,0.0850232537177599,13.84819531772404,213.22875396503477,8.64292380715811,2.9026589065864505
365.84698613086056,0.0850232686189211,13.84819531772404,213.22875396503477,8.64292380715811,2.9026589065864505
365.85557328002164,0.0850232537177599,13.8481953326252,213.22875396503477,8.64292380715811,2.9026589065864505
365.8555732166771,0.0850232537177599,13.84819531772404,213.22875397993593,8.64292380715811,2.9026589065864505
365.85557311387294,0.0850232537177599,13.84819531772404,213.22875396503477,8.642923822059272,2.9026589065864505
365.85556806872626,0.0850232537177599,13.84819531772404,213.22875396503477,8.64292380715811,2.9026589214876117
167.27016924437197,0.07360816306734794,13.793141680476552,213.21961631603946,0.5349376509623254,3.284164530546307
167.30727539704858,0.07360817796850913,13.793141680476552,213.21961631603946,0.5349376509623254,3.284164530546307
167.27016942007708,0.07360816306734794,13.793141695377713,213.21961631603946,0.5349376509623254,3.284164530546307
167.27016930514299,0.07360816306734794,13.793141680476552,213.21961633094062,0.5349376509623254,3.284164530546307
167.27018763950477,0.07360816306734794,13.793141680476552,213.21961631603946,0.5349376658634866,3.284164530546307
167.2701669091416,0.07360816306734794,13.793141680476552,213.21961631603946,0.5349376509623254,3.284164545447468
15.151572143673995,0.07339256632488386,13.792101882789888,213.21944373332266,0.3818021694533393,3.291370024771138
15.14584723582667,0.07339258122604506,13.792101882789888,213.21944373332266,0.3818021694533393,3.291370024771138
15.151572202257027,0.07339256632488386,13.79210189769105,213.21944373332266,0.3818021694533393,3.291370024771138
15.151572156418782,0.07339256632488386,13.792101882789888,213.21944374822382,0.3818021694533393,3.291370024771138
15.151580517798486,0.07339256632488386,13.792101882789888,213.21944373332266,0.3818021843545005,3.291370024771138
15.151571634233726,0.07339256632488386,13.792101882789888,213.21944373332266,0.3818021694533393,3.2913700396722994
0.017536527228682222,0.07331871953810729,13.79174572843811,213.21938461981776,0.32934978486868466,3.293838070389822
0.01753601183518376,0.07331873443926848,13.79174572843811,213.21938461981776,0.32934978486868466,3.293838070389822
0.017536527346462903,0.07331871953810729,13.791745743339272,213.21938461981776,0.32934978486868466,3.293838070389822
0.017536527247528487,0.07331871953810729,13.79174572843811,213.21938463471892,0.32934978486868466,3.293838070389822
0.017536544784686227,0.07331871953810729,13.79174572843811,213.21938461981776,0.32934979976984585,3.293838070389822
0.017536526439576216,0.07331871953810729,13.79174572843811,213.21938461981776,0.32934978486868466,3.293838085290983
0.03017651540124794,0.07331979275227758,13.791827642044659,213.219443659259,0.3277281997685322,3.291497332924023
0.029919708053895787,0.07331980765343878,13.791827642044659,213.219443659259,0.3277281997685322,3.291497332924023
0.03017651363756121,0.07331979275227758,13.79182765694582,213.219443659259,0.3277281997685322,3.291497332924023
0.030176515101614287,0.07331979275227758,13.791827642044659,213.21944367416017,0.3277281997685322,3.291497332924023
0.030176256452460127,0.07331979275227758,13.791827642044659,213.219443659259,0.3277282146696934,3.291497332924023
0.030176527671435856,0.07331979275227758,13.791827642044659,213.219443659259,0.3277281997685322,3.2914973478251843
0.0175084991908148,0.07331874916349694,13.791747989610744,213.2193862495637,0.329305022050809,3.2937734558315936
0.017440079603598165,0.07331876406465813,13.791747989610744,213.2193862495637,0.329305022050809,3.2937734558315936
0.01750849925988302,0.07331874916349694,13.791748004511906,213.2193862495637,0.329305022050809,3.2937734558315936
0.01750849920135772,0.07331874916349694,13.791747989610744,213.21938626446487,0.329305022050809,3.2937734558315936
0.017508509594967313,0.07331874916349694,13.791747989610744,213.2193862495637,0.3293050369519702,3.2937734558315936
0.017508498741593635,0.07331874916349694,13.791747989610744,213.2193862495637,0.329305022050809,3.293773470732755
0.017523487810358188,0.07331882607878801,13.791753860208678,213.21939048081217,0.32918880602102624,3.293605699470849
0.017547204639433354,0.0733188409799492,13.791753860208678,213.21939048081217,0.32918880602102624,3.293605699470849
0.01752348769462304,0.07331882607878801,13.791753875109839,213.21939048081217,0.32918880602102624,3.293605699470849
0.017523487789400667,0.07331882607878801,13.791753860208678,213.21939049571333,0.32918880602102624,3.293605699470849
0.0175234710615249,0.07331882607878801,13.791753860208678,213.21939048081217,0.32918882092218743,3.293605699470849
0.017523488650672204,0.07331882607878801,13.791753860208678,213.21939048081217,0.32918880602102624,3.2936057143720103
0.017511732707973262,0.07331878039609281,13.791750373454194,213.21938796772497,0.329257830806505,3.2937053358707047
0.017468874834177577,0.073318795297254,13.791750373454194,213.21938796772497,0.329257830806505,3.2937053358707047
0.017511732696087384,0.07331878039609281,13.791750388355355,213.21938796772497,0.329257830806505,3.2937053358707047
0.01751173270472193,0.07331878039609281,13.791750373454194,213.21938798262613,0.329257830806505,3.2937053358707047
0.01751173122410254,0.07331878039609281,13.791750373454194,213.21938796772497,0.3292578457076662,3.2937053358707047
0.01751173282342966,0.07331878039609281,13.791750373454194,213.21938796772497,0.329257830806505,3.293705350771866
0.017499993965276996,0.07331875711816067,13.791748596754418,213.21938668716408,0.3292930028615842,3.2937561062848295
0.017455482946999962,0.07331877201932187,13.791748596754418,213.21938668716408,0.3292930028615842,3.2937561062848295
0.01749999397942491,0.07331875711816067,13.79174861165558,213.21938668716408,0.3292930028615842,3.2937561062848295
0.017499993966459033,0.07331875711816067,13.791748596754418,213.21938670206524,0.3292930028615842,3.2937561062848295
0.017499996303341352,0.07331875711816067,13.791748596754418,213.21938668716408,0.3292930177627454,3.2937561062848295
0.017499993899222535,0.07331875711816067,13.791748596754418,213.21938668716408,0.3292930028615842,3.2937561211859907
0.017487731983359713,0.07331876792539678,13.791749421622102,213.21938728168956,0.32927667354585244,3.2937325351252764
0.017462931634601036,0.07331878282655797,13.791749421622102,213.21938728168956,0.32927667354585244,3.2937325351252764
0.0174877319797407,0.07331876792539678,13.791749436523263,213.21938728168956,0.32927667354585244,3.2937325351252764
0.017487731981508017,0.07331876792539678,13.791749421622102,213.21938729659072,0.32927667354585244,3.2937325351252764
0.0174877317089132,0.07331876792539678,13.791749421622102,213.21938728168956,0.32927668844701363,3.2937325351252764
0.01748773204144338,0.07331876792539678,13.791749421622102,213.21938728168956,0.32927667354585244,3.2937325500264376
0.017544439065951913,0.07331877615605616,13.791750049831283,213.21938773447292,0.3292642373378831,3.2937145836172594
0.017508529569581197,0.07331879105721735,13.791750049831283,213.21938773447292,0.3292642373378831,3.2937145836172594
0.017544438947945832,0.07331877615605616,13.791750064732444,213.21938773447292,0.3292642373378831,3.2937145836172594
0.017544439044611133,0.07331877615605616,13.791750049831283,213.21938774937408,0.3292642373378831,3.2937145836172594
0.01754442198562112,0.07331877615605616,13.791750049831283,213.21938773447292,0.3292642522390443,3.2937145836172594
0.01754443992247031,0.07331877615605616,13.791750049831283,213.21938773447292,0.3292642373378831,3.2937145985184206
0.01748412196850148,0.0733187682083397,13.791749443217862,213.21938729725477,0.32927624603004463,3.293731918011646
0.017450329999993925,0.07331878310950089,13.791749443217862,213.21938729725477,0.32927624603004463,3.293731918011646
0.017484121940019873,0.0733187682083397,13.791749458119023,213.21938729725477,0.32927624603004463,3.293731918011646
0.01748412196241232,0.0733187682083397,13.791749443217862,213.21938731215593,0.32927624603004463,3.293731918011646
0.01748411804172209,0.0733187682083397,13.791749443217862,213.21938729725477,0.3292762609312058,3.293731918011646
0.01748412220009502,0.0733187682083397,13.791749443217862,213.21938729725477,0.32927624603004463,3.293731932912807
0.017510234524572565,0.07331876849475304,13.791749465078503,213.21938731301088,0.32927581327056726,3.293731293328845
0.017446029187740294,0.07331878339591423,13.791749465078503,213.21938731301088,0.32927581327056726,3.293731293328845
0.017510234449600988,0.07331876849475304,13.791749479979664,213.21938731301088,0.32927581327056726,3.293731293328845
0.017510234510558546,0.07331876849475304,13.791749465078503,213.21938732791205,0.32927581327056726,3.293731293328845
0.017510223765676465,0.07331876849475304,13.791749465078503,213.21938731301088,0.32927582817172846,3.293731293328845
0.017510235080910774,0.07331876849475304,13.791749465078503,213.21938731301088,0.32927581327056726,3.293731308230006
0.01748498261434322,0.07331876820931449,13.791749443292263,213.21938729730837,0.3292762445571666,3.2937319158855654
0.017459501003436406,0.07331878311047568,13.791749443292263,213.21938729730837,0.3292762445571666,3.2937319158855654
0.017484982575370775,0.07331876820931449,13.791749458193424,213.21938729730837,0.3292762445571666,3.2937319158855654
0.01748498260646609,0.07331876820931449,13.791749443292263,213.21938731220953,0.3292762445571666,3.2937319158855654
0.01748497714618926,0.07331876820931449,13.791749443292263,213.21938729730837,0.3292762594583278,3.2937319158855654
0.017484982919131767,0.07331876820931449,13.791749443292263,213.21938729730837,0.3292762445571666,3.2937319307867265
0.01752576628056433,0.07331884726913993,13.791756706430313,213.21939357956256,0.3291786967551656,3.293502206313639
0.0174881963542531,0.07331886217030112,13.791756706430313,213.21939357956256,0.3291786967551656,3.293502206313639
0.017525766186479424,0.07331884726913993,13.791756721331474,213.21939357956256,0.3291786967551656,3.293502206313639
0.01752576626330546,0.07331884726913993,13.791756706430313,213.21939359446372,0.3291786967551656,3.293502206313639
0.017525752720072705,0.07331884726913993,13.791756706430313,213.21939357956256,0.3291787116563268,3.293502206313639
0.017525766969450636,0.07331884726913993,13.791756706430313,213.21939357956256,0.3291786967551656,3.2935022212148004
0.017490802788616602,0.07331877875095678,13.791750411741193,213.21938813496865,0.3292632377736299,3.2937012869773064
0.017443583267997994,0.07331879365211798,13.791750411741193,213.21938813496865,0.3292632377736299,3.2937012869773064
0.01749080271755054,0.07331877875095678,13.791750426642354,213.21938813496865,0.3292632377736299,3.2937012869773064
0.017490802775269706,0.07331877875095678,13.791750411741193,213.21938814986981,0.3292632377736299,3.2937012869773064
0.017490792605026256,0.07331877875095678,13.791750411741193,213.21938813496865,0.3292632526747911,3.2937012869773064
0.017490803317336427,0.07331877875095678,13.791750411741193,213.21938813496865,0.3292632377736299,3.2937013018784675
0.01746560940677253,0.07331876938411876,13.79174955122022,213.2193873906607,0.3292747950273529,3.293728502473206
0.017466951396408525,0.07331878428527995,13.79174955122022,213.2193873906607,0.3292747950273529,3.293728502473206
0.017465609385193807,0.07331876938411876,13.791749566121382,213.2193873906607,0.3292747950273529,3.293728502473206
0.017465609401850005,0.07331876938411876,13.79174955122022,213.21938740556186,0.3292747950273529,3.293728502473206
0.017465606489776447,0.07331876938411876,13.79174955122022,213.2193873906607,0.3292748099285141,3.293728502473206
0.01746560959040444,0.07331876938411876,13.79174955122022,213.2193873906607,0.3292747950273529,3.293728517374367
0.017533705219270126,0.0733187689396375,13.791864899910939,213.2194908874387,0.3291324841565564,3.2906952992331373
0.01743017357295364,0.07331878384079869,13.791864899910939,213.2194908874387,0.3291324841565564,3.2906952992331373
0.017533705126261713,0.0733187689396375,13.7918649148121,213.2194908874387,0.3291324841565564,3.2906952992331373
0.01753370520220089,0.0733187689396375,13.791864899910939,213.21949090233986,0.3291324841565564,3.2906952992331373
0.01753369181059827,0.0733187689396375,13.791864899910939,213.2194908874387,0.3291324990577176,3.2906952992331373
0.017533705901652076,0.0733187689396375,13.791864899910939,213.2194908874387,0.3291324841565564,3.2906953141342985
0.017483401119814664,0.0733187693745794,13.791752026805908,213.2193896118835,0.329271740785882,3.293663404599279
0.017473737021449855,0.0733187842757406,13.791752026805908,213.2193896118835,0.329271740785882,3.293663404599279
0.017483401148315834,0.0733187693745794,13.791752041707069,213.2193896118835,0.329271740785882,3.293663404599279
0.01748340112343685,0.0733187693745794,13.791752026805908,213.21938962678468,0.329271740785882,3.293663404599279
0.017483405563050065,0.0733187693745794,13.791752026805908,213.2193896118835,0.3292717556870432,3.293663404599279
0.017483400953812327,0.0733187693745794,13.791752026805908,213.2193896118835,0.329271740785882,3.29366341950044
0.017472951174262993,0.0733187693841002,13.791749556034894,213.21938739498069,0.3292747890872737,3.2937283758668032
0.017478977941393223,0.0733187842852614,13.791749556034894,213.21938739498069,0.3292747890872737,3.2937283758668032
0.01747295109900685,0.0733187693841002,13.791749570936055,213.21938739498069,0.3292747890872737,3.2937283758668032
0.01747295116018865,0.0733187693841002,13.791749556034894,213.21938740988185,0.3292747890872737,3.2937283758668032
0.017472940367529128,0.0733187693841002,13.791749556034894,213.21938739498069,0.3292748039884349,3.2937283758668032
0.01747295173282486,0.0733187693841002,13.791749556034894,213.21938739498069,0.3292747890872737,3.2937283907679644
0.017465609406768764,0.07331876938411876,13.791749551220265,213.21938739066073,0.32927479502729795,3.293728502472035
0.01746695139640608,0.07331878428527995,13.791749551220265,213.21938739066073,0.32927479502729795,3.293728502472035
0.01746560938518987,0.07331876938411876,13.791749566121426,213.21938739066073,0.32927479502729795,3.293728502472035
0.01746560940184692,0.07331876938411876,13.791749551220265,213.2193874055619,0.32927479502729795,3.293728502472035
0.017465606489772682,0.07331876938411876,13.791749551220265,213.21938739066073,0.32927480992845914,3.293728502472035
0.017465609590400548,0.07331876938411876,13.791749551220265,213.21938739066073,0.32927479502729795,3.293728517373196
0.017493599710898224,0.07331876938410652,13.79174955439792,213.2193873935119,0.32927479110688196,3.2937284189125817
0.017498172291810173,0.07331878428526771,13.79174955439792,213.2193873935119,0.32927479110688196,3.2937284189125817
0.01749359962644669,0.07331876938410652,13.791749569299082,213.2193873935119,0.32927479110688196,3.2937284189125817
0.01749359969526326,0.07331876938410652,13.79174955439792,213.21938740841307,0.32927479110688196,3.2937284189125817
0.017493587554097446,0.07331876938410652,13.79174955439792,213.2193873935119,0.32927480600804315,3.2937284189125817
0.01749360033355224,0.07331876938410652,13.79174955439792,213.2193873935119,0.32927479110688196,3.293728433813743
0.017465609406768175,0.07331876938411876,13.79174955122027,213.21938739066076,0.3292747950272917,3.293728502471901
0.017466951396405573,0.07331878428527995,13.79174955122027,213.21938739066076,0.3292747950272917,3.293728502471901
0.017465609385189686,0.07331876938411876,13.791749566121432,213.21938739066076,0.3292747950272917,3.293728502471901
0.017465609401846494,0.07331876938411876,13.79174955122027,213.21938740556192,0.3292747950272917,3.293728502471901
0.01746560648977244,0.07331876938411876,13.79174955122027,213.21938739066076,0.32927480992845287,3.293728502471901
0.017465609590400156,0.07331876938411876,13.79174955122027,213.21938739066076,0.3292747950272917,3.2937285173730624
0.017465609406767807,0.07331876938411876,13.791749551220276,213.21938739066076,0.3292747950272854,3.293728502471767
0.017466951396405667,0.07331878428527995,13.791749551220276,213.21938739066076,0.3292747950272854,3.293728502471767
0.0174656093851892,0.07331876938411876,13.791749566121437,213.21938739066076,0.3292747950272854,3.293728502471767
0.01746560940184605,0.07331876938411876,13.791749551220276,213.21938740556192,0.3292747950272854,3.293728502471767
0.01746560648977196,0.07331876938411876,13.791749551220276,213.21938739066076,0.3292748099284466,3.293728502471767
0.017465609590399955,0.07331876938411876,13.791749551220276,213.21938739066076,0.3292747950272854,3.2937285173729283
0.017489052791727112,0.07331876938411264,13.791749552809097,213.21938739208633,0.3292747930670837,3.2937284606921744
0.017462229047253072,0.07331878428527383,13.791749552809097,213.21938739208633,0.3292747930670837,3.2937284606921744
0.017489052823187138,0.07331876938411264,13.791749567710259,213.21938739208633,0.3292747930670837,3.2937284606921744
0.01748905279585474,0.07331876938411264,13.791749552809097,213.2193874069875,0.3292747930670837,3.2937284606921744
0.01748905767057086,0.07331876938411264,13.791749552809097,213.21938739208633,0.3292748079682449,3.2937284606921744
0.017489052605040405,0.07331876938411264,13.791749552809097,213.21938739208633,0.3292747930670837,3.2937284755933356
0.017465609406767335,0.07331876938411876,13.791749551220278,213.21938739066076,0.3292747950272835,3.293728502471727
0.017466951396405313,0.07331878428527995,13.791749551220278,213.21938739066076,0.3292747950272835,3.293728502471727
0.017465609385189172,0.07331876938411876,13.791749566121439,213.21938739066076,0.3292747950272835,3.293728502471727
0.01746560940184579,0.07331876938411876,13.791749551220278,213.21938740556192,0.3292747950272835,3.293728502471727
0.01746560648977183,0.07331876938411876,13.791749551220278,213.21938739066076,0.3292748099284447,3.293728502471727
0.01746560959039971,0.07331876938411876,13.791749551220278,213.21938739066076,0.3292747950272835,3.2937285173728883
0.017465609406766818,0.07331876938411876,13.79174955122028,213.21938739066076,0.3292747950272817,3.2937285024716876
0.017466951396405153,0.07331878428527995,13.79174955122028,213.21938739066076,0.3292747950272817,3.2937285024716876
0.01746560938518891,0.07331876938411876,13.79174956612144,213.21938739066076,0.3292747950272817,3.2937285024716876
0.01746560940184579,0.07331876938411876,13.79174955122028,213.21938740556192,0.3292747950272817,3.2937285024716876
0.01746560648977137,0.07331876938411876,13.79174955122028,213.21938739066076,0.3292748099284429,3.2937285024716876
0.017465609590399292,0.07331876938411876,13.79174955122028,213.21938739066076,0.3292747950272817,3.2937285173728488
0.01753522636680643,0.07331876938411569,13.791749552014688,213.21938739137354,0.3292747940471827,3.293728481581931
0.01752957190486846,0.07331878428527688,13.791749552014688,213.21938739137354,0.3292747940471827,3.293728481581931
0.017535226289935243,0.07331876938411569,13.791749566915849,213.21938739137354,0.3292747940471827,3.293728481581931
0.017535226352483037,0.07331876938411569,13.791749552014688,213.2193874062747,0.3292747940471827,3.293728481581931
0.017535215336780173,0.07331876938411569,13.791749552014688,213.21938739137354,0.3292748089483439,3.293728481581931
0.01753522693582752,0.07331876938411569,13.791749552014688,213.21938739137354,0.3292747940471827,3.293728496483092
0.017465609406766787,0.07331876938411876,13.79174955122028,213.21938739066076,0.3292747950272815,3.293728502471684
0.017466951396405087,0.07331878428527995,13.79174955122028,213.21938739066076,0.3292747950272815,3.293728502471684
0.01746560938518854,0.07331876938411876,13.79174956612144,213.21938739066076,0.3292747950272815,3.293728502471684
0.017465609401845442,0.07331876938411876,13.79174955122028,213.21938740556192,0.3292747950272815,3.293728502471684
0.017465606489771354,0.07331876938411876,13.79174955122028,213.21938739066076,0.3292748099284427,3.293728502471684
0.017465609590399365,0.07331876938411876,13.79174955122028,213.21938739066076,0.3292747950272815,3.293728517372845
0.01746560940676691,0.07331876938411876,13.79174955122028,213.21938739066076,0.32927479502728135,3.2937285024716805
0.017466951396405174,0.07331878428527995,13.79174955122028,213.21938739066076,0.32927479502728135,3.2937285024716805
0.017465609385188756,0.07331876938411876,13.79174956612144,213.21938739066076,0.32927479502728135,3.2937285024716805
0.0174656094018459,0.07331876938411876,13.79174955122028,213.21938740556192,0.32927479502728135,3.2937285024716805
0.01746560648977105,0.07331876938411876,13.79174955122028,213.21938739066076,0.32927480992844255,3.2937285024716805
0.017465609590399195,0.07331876938411876,13.79174955122028,213.21938739066076,0.32927479502728135,3.2937285173728417
0.017465609406766787,0.07331876938411876,13.79174955122028,213.21938739066076,0.3292747950272815,3.293728502471684
0.017466951396405087,0.07331878428527995,13.79174955122028,213.21938739066076,0.3292747950272815,3.293728502471684
0.01746560938518854,0.07331876938411876,13.79174956612144,213.21938739066076,0.3292747950272815,3.293728502471684
0.017465609401845442,0.07331876938411876,13.79174955122028,213.21938740556192,0.3292747950272815,3.293728502471684
0.017465606489771354,0.07331876938411876,13.79174955122028,213.21938739066076,0.3292748099284427,3.293728502471684
0.017465609590399365,0.07331876938411876,13.79174955122028,213.21938739066076,0.3292747950272815,3.293728517372845
0.017465609406767186,0.07331876938411876,13.79174955122028,213.21938739066076,0.3292747950272814,3.2937285024716823
0.017466951396405053,0.07331878428527995,13.79174955122028,213.21938739066076,0.3292747950272814,3.2937285024716823
0.017465609385189037,0.07331876938411876,13.79174956612144,213.21938739066076,0.3292747950272814,3.2937285024716823
0.017465609401845727,0.07331876938411876,13.79174955122028,213.21938740556192,0.3292747950272814,3.2937285024716823
0.017465606489771395,0.07331876938411876,13.79174955122028,213.21938739066076,0.3292748099284426,3.2937285024716823
0.017465609590399358,0.07331876938411876,13.79174955122028,213.21938739066076,0.3292747950272814,3.2937285173728434
0.017465609406766787,0.07331876938411876,13.79174955122028,213.21938739066076,0.3292747950272815,3.293728502471684
0.017466951396405087,0.07331878428527995,13.79174955122028,213.21938739066076,0.3292747950272815,3.293728502471684
0.01746560938518854,0.07331876938411876,13.79174956612144,213.21938739066076,0.3292747950272815,3.293728502471684
0.017465609401845442,0.07331876938411876,13.79174955122028,213.21938740556192,0.3292747950272815,3.293728502471684
0.017465606489771354,0.07331876938411876,13.79174955122028,213.21938739066076,0.3292748099284427,3.293728502471684
0.017465609590399365,0.07331876938411876,13.79174955122028,213.21938739066076,0.3292747950272815,3.293728517372845
0.017465609406766818,0.07331876938411876,13.79174955122028,213.21938739066076,0.32927479502728146,3.293728502471683
0.017466951396404938,0.07331878428527995,13.79174955122028,213.21938739066076,0.32927479502728146,3.293728502471683
0.0174656093851888,0.07331876938411876,13.79174956612144,213.21938739066076,0.32927479502728146,3.293728502471683
0.017465609401845827,0.07331876938411876,13.79174955122028,213.21938740556192,0.32927479502728146,3.293728502471683
0.01746560648977126,0.07331876938411876,13.79174955122028,213.21938739066076,0.32927480992844266,3.293728502471683
0.01746560959039932,0.07331876938411876,13.79174955122028,213.21938739066076,0.32927479502728146,3.2937285173728443
0.017465609406766787,0.07331876938411876,13.79174955122028,213.21938739066076,0.3292747950272815,3.293728502471684
0.017466951396405087,0.07331878428527995,13.79174955122028,213.21938739066076,0.3292747950272815,3.293728502471684
0.01746560938518854,0.07331876938411876,13.79174956612144,213.21938739066076,0.3292747950272815,3.293728502471684
0.017465609401845442,0.07331876938411876,13.79174955122028,213.21938740556192,0.3292747950272815,3.293728502471684
0.017465606489771354,0.07331876938411876,13.79174955122028,213.21938739066076,0.3292748099284427,3.293728502471684
0.017465609590399365,0.07331876938411876,13.79174955122028,213.21938739066076,0.3292747950272815,3.293728517372845
0.017465609406767047,0.07331876938411876,13.79174955122028,213.21938739066076,0.32927479502728146,3.2937285024716836
0.017466951396405278,0.07331878428527995,13.79174955122028,213.21938739066076,0.32927479502728146,3.2937285024716836
0.017465609385189006,0.07331876938411876,13.79174956612144,213.21938739066076,0.32927479502728146,3.2937285024716836
0.01746560940184588,0.07331876938411876,13.79174955122028,213.21938740556192,0.32927479502728146,3.2937285024716836
0.017465606489771638,0.07331876938411876,13.79174955122028,213.21938739066076,0.32927480992844266,3.2937285024716836
0.017465609590399212,0.07331876938411876,13.79174955122028,213.21938739066076,0.32927479502728146,3.2937285173728448
0.017465609406766787,0.07331876938411876,13.79174955122028,213.21938739066076,0.3292747950272815,3.293728502471684
0.017466951396405087,0.07331878428527995,13.79174955122028,213.21938739066076,0.3292747950272815,3.293728502471684
0.01746560938518854,0.07331876938411876,13.79174956612144,213.21938739066076,0.3292747950272815,3.293728502471684
0.017465609401845442,0.07331876938411876,13.79174955122028,213.21938740556192,0.3292747950272815,3.293728502471684
0.017465606489771354,0.07331876938411876,13.79174955122028,213.21938739066076,0.3292748099284427,3.293728502471684
0.017465609590399365,0.07331876938411876,13.79174955122028,213.21938739066076,0.3292747950272815,3.293728517372845
0.017465609406767047,0.07331876938411876,13.79174955122028,213.21938739066076,0.32927479502728146,3.2937285024716836
0.017466951396405278,0.07331878428527995,13.79174955122028,213.21938739066076,0.32927479502728146,3.2937285024716836
0.017465609385189006,0.07331876938411876,13.79174956612144,213.21938739066076,0.32927479502728146,3.2937285024716836
0.01746560940184588,0.07331876938411876,13.79174955122028,213.21938740556192,0.32927479502728146,3.2937285024716836
0.017465606489771638,0.07331876938411876,13.79174955122028,213.21938739066076,0.32927480992844266,3.2937285024716836
0.017465609590399212,0.07331876938411876,13.79174955122028,213.21938739066076,0.32927479502728146,3.2937285173728448
0.017465609406766787,0.07331876938411876,13.79174955122028,213.21938739066076,0.3292747950272815,3.293728502471684
0.017466951396405087,0.07331878428527995,13.79174955122028,213.21938739066076,0.3292747950272815,3.293728502471684
0.01746560938518854,0.07331876938411876,13.79174956612144,213.21938739066076,0.3292747950272815,3.293728502471684
0.017465609401845442,0.07331876938411876,13.79174955122028,213.21938740556192,0.3292747950272815,3.293728502471684
0.017465606489771354,0.07331876938411876,13.79174955122028,213.21938739066076,0.3292748099284427,3.293728502471684
0.017465609590399365,0.07331876938411876,13.79174955122028,213.21938739066076,0.3292747950272815,3.293728517372845
0.017465609406767047,0.07331876938411876,13.79174955122028,213.21938739066076,0.32927479502728146,3.2937285024716836
0.017466951396405278,0.07331878428527995,13.79174955122028,213.21938739066076,0.32927479502728146,3.2937285024716836
0.017465609385189006,0.07331876938411876,13.79174956612144,213.21938739066076,0.32927479502728146,3.2937285024716836
0.01746560940184588,0.07331876938411876,13.79174955122028,213.21938740556192,0.32927479502728146,3.2937285024716836
0.017465606489771638,0.07331876938411876,13.79174955122028,213.21938739066076,0.32927480992844266,3.2937285024716836
0.017465609590399212,0.07331876938411876,13.79174955122028,213.21938739066076,0.32927479502728146,3.2937285173728448
0.017465609406766787,0.07331876938411876,13.79174955122028,213.21938739066076,0.3292747950272815,3.293728502471684
0.017466951396405087,0.07331878428527995,13.79174955122028,213.21938739066076,0.3292747950272815,3.293728502471684
0.01746560938518854,0.07331876938411876,13.79174956612144,213.21938739066076,0.3292747950272815,3.293728502471684
0.017465609401845442,0.07331876938411876,13.79174955122028,213.21938740556192,0.3292747950272815,3.293728502471684
0.017465606489771354,0.07331876938411876,13.79174955122028,213.21938739066076,0.3292748099284427,3.293728502471684
0.017465609590399365,0.07331876938411876,13.79174955122028,213.21938739066076,0.3292747950272815,3.293728517372845
0.017465609406766947,0.07331876938411876,13.79174955122028,213.21938739066076,0.3292747950272815,3.2937285024716836
0.017466951396405285,0.07331878428527995,13.79174955122028,213.21938739066076,0.3292747950272815,3.2937285024716836
0.01746560938518877,0.07331876938411876,13.79174956612144,213.21938739066076,0.3292747950272815,3.2937285024716836
0.017465609401845314,0.07331876938411876,13.79174955122028,213.21938740556192,0.3292747950272815,3.2937285024716836
0.017465606489771378,0.07331876938411876,13.79174955122028,213.21938739066076,0.3292748099284427,3.2937285024716836
0.017465609590399247,0.07331876938411876,13.79174955122028,213.21938739066076,0.3292747950272815,3.2937285173728448
0.017465609406766787,0.07331876938411876,13.79174955122028,213.21938739066076,0.3292747950272815,3.293728502471684
0.017466951396405087,0.07331878428527995,13.79174955122028,213.21938739066076,0.3292747950272815,3.293728502471684
0.01746560938518854,0.07331876938411876,13.79174956612144,213.21938739066076,0.3292747950272815,3.293728502471684
0.017465609401845442,0.07331876938411876,13.79174955122028,213.21938740556192,0.3292747950272815,3.293728502471684
0.017465606489771354,0.07331876938411876,13.79174955122028,213.21938739066076,0.3292748099284427,3.293728502471684
0.017465609590399365,0.07331876938411876,13.79174955122028,213.21938739066076,0.3292747950272815,3.293728517372845
0.017465609406766947,0.07331876938411876,13.79174955122028,213.21938739066076,0.3292747950272815,3.2937285024716836
0.017466951396405285,0.07331878428527995,13.79174955122028,213.21938739066076,0.3292747950272815,3.2937285024716836
0.01746560938518877,0.07331876938411876,13.79174956612144,213.21938739066076,0.3292747950272815,3.2937285024716836
0.017465609401845314,0.07331876938411876,13.79174955122028,213.21938740556192,0.3292747950272815,3.2937285024716836
0.017465606489771378,0.07331876938411876,13.79174955122028,213.21938739066076,0.3292748099284427,3.2937285024716836
0.017465609590399247,0.07331876938411876,13.79174955122028,213.21938739066076,0.3292747950272815,3.2937285173728448
0.017465609406766787,0.07331876938411876,13.79174955122028,213.21938739066076,0.3292747950272815,3.293728502471684
0.017466951396405087,0.07331878428527995,13.79174955122028,213.21938739066076,0.3292747950272815,3.293728502471684
0.01746560938518854,0.07331876938411876,13.79174956612144,213.21938739066076,0.3292747950272815,3.293728502471684
0.017465609401845442,0.07331876938411876,13.79174955122028,213.21938740556192,0.3292747950272815,3.293728502471684
0.017465606489771354,0.07331876938411876,13.79174955122028,213.21938739066076,0.3292748099284427,3.293728502471684
0.017465609590399365,0.07331876938411876,13.79174955122028,213.21938739066076,0.3292747950272815,3.293728517372845
0.017465609406766947,0.07331876938411876,13.79174955122028,213.21938739066076,0.3292747950272815,3.2937285024716836
0.017466951396405285,0.07331878428527995,13.79174955122028,213.21938739066076,0.3292747950272815,3.2937285024716836
0.01746560938518877,0.07331876938411876,13.79174956612144,213.21938739066076,0.3292747950272815,3.2937285024716836
0.017465609401845314,0.07331876938411876,13.79174955122028,213.21938740556192,0.3292747950272815,3.2937285024716836
0.017465606489771378,0.07331876938411876,13.79174955122028,213.21938739066076,0.3292748099284427,3.2937285024716836
0.017465609590399247,0.07331876938411876,13.79174955122028,213.21938739066076,0.3292747950272815,3.2937285173728448
0.017465609406766787,0.07331876938411876,13.79174955122028,213.21938739066076,0.3292747950272815,3.293728502471684
0.017466951396405087,0.07331878428527995,13.79174955122028,213.21938739066076,0.3292747950272815,3.293728502471684
0.01746560938518854,0.07331876938411876,13.79174956612144,213.21938739066076,0.3292747950272815,3.293728502471684
0.017465609401845442,0.07331876938411876,13.79174955122028,213.21938740556192,0.3292747950272815,3.293728502471684
0.017465606489771354,0.07331876938411876,13.79174955122028,213.21938739066076,0.3292748099284427,3.293728502471684
0.017465609590399365,0.07331876938411876,13.79174955122028,213.21938739066076,0.3292747950272815,3.293728517372845
0.017533705219270126,0.0733187689396375,13.791864899910939,213.2194908874387,0.3291324841565564,3.2906952992331373
0.017484303563214988,0.07331876916187813,13.791807225565579,213.2194391390497,0.32920363959195464,3.2922119008531716
0.017432224806741357,0.07331876936111209,13.791755521751082,213.21939274772808,0.32926742891473715,3.2935715017006872
0.01749689041606403,0.07331878426227328,13.791755521751082,213.21939274772808,0.32926742891473715,3.2935715017006872
0.01743222469586107,0.07331876936111209,13.791755536652243,213.21939274772808,0.32926742891473715,3.2935715017006872
0.017432224786578854,0.07331876936111209,13.791755521751082,213.21939276262924,0.32926742891473715,3.2935715017006872
0.01743220875260691,0.07331876936111209,13.791755521751082,213.21939274772808,0.32926744381589834,3.2935715017006872
0.01743222561449392,0.07331876936111209,13.791755521751082,213.21939274772808,0.32926742891473715,3.2935715166018484
0.01746558860474097,0.07331876926149511,13.791781373658331,213.2194159433889,0.3292355342533459,3.2928917012769294
0.017485602863804656,0.0733187693113036,13.791768447704706,213.21940434555847,0.3292514815840415,3.2932316014888086
0.017473428137332405,0.07331876933620785,13.791761984727893,213.21939854664328,0.3292594552493893,3.293401551594748
0.017482866358191847,0.07331876934865997,13.791758753239488,213.21939564718568,0.32926344208206326,3.2934865266477176
0.01747292456676323,0.07331876935488603,13.791757137495285,213.21939419745686,0.3292654354984002,3.2935290141742026
0.017477900569954737,0.07331876935799905,13.791756329623183,213.21939347259246,0.32926643220656865,3.293550257937445
0.01746954855297978,0.07331876935955557,13.791755925687132,213.21939311016027,0.3292669305606529,3.2935608798190663
0.01751481077852046,0.07331876936033382,13.791755723719106,213.21939292894416,0.32926717973769504,3.293566190759877
0.017495062209241838,0.07331876936072296,13.791755622735094,213.21939283833612,0.3292673043262161,3.2935688462302823
0.10223044398378524,0.077,11.0878,241.688,0.297,2.295
0.10492284902803228,0.07700001490116119,11.0878,241.688,0.297,2.295
0.10223044847387613,0.077,11.08780001490116,241.688,0.297,2.295
0.017431967635766307,0.07749953296903703,11.08780496141553,241.68801439828346,0.2976873300128798,2.295841232583927
140.2267231105119,0.077,13.0,500.0,0.1,4.0
139.83388656212242,0.07700001490116119,13.0,500.0,0.1,4.0
140.22672294760497,0.077,13.000000014901161,500.0,0.1,4.0
140.22672310467323,0.077,13.0,500.00000001490116,0.1,4.0
140.2266967693185,0.077,13.0,500.0,0.1000000149011612,4.0
140.22672352563205,0.077,13.0,500.0,0.1,4.000000014901161
750.6335039962446,1.0869999977287603,13.00000041884086,500.0000000150115,0.10006772436370182,3.999998932707872
749.8894770869238,1.0870000126299215,13.00000041884086,500.0000000150115,0.10006772436370182,3.999998932707872
750.633503993778,1.0869999977287603,13.000000433742022,500.0000000150115,0.10006772436370182,3.999998932707872
750.6335039960948,1.0869999977287603,13.00000041884086,500.00000002991266,0.10006772436370182,3.999998932707872
750.6335021279568,1.0869999977287603,13.00000041884086,500.0000000150115,0.10006773926486301,3.999998932707872
750.6335040077714,1.0869999977287603,13.00000041884086,500.0000000150115,0.10006772436370182,3.999998947609033
676.1941046523373,0.2338335914103863,13.000000065037938,500.000000002331,0.10001051629228637,3.999999834270042
676.332220722328,0.23383360631154748,13.000000065037938,500.000000002331,0.10001051629228637,3.999999834270042
676.1941046168207,0.2338335914103863,13.000000079939099,500.000000002331,0.10001051629228637,3.999999834270042
676.1941046510478,0.2338335914103863,13.000000065037938,500.00000001723214,0.10001051629228637,3.999999834270042
676.1940944780814,0.2338335914103863,13.000000065037938,500.000000002331,0.10001053119344756,3.999999834270042
676.1941047247001,0.2338335914103863,13.000000065037938,500.000000002331,0.10001051629228637,3.999999849171203
523.6360393235741,0.1390449922912663,13.000000025729681,500.00000000092217,0.10000416035409235,3.999999934435513
523.7891659280326,0.1390450071924275,13.000000025729681,500.00000000092217,0.10000416035409235,3.999999934435513
523.6360392359425,0.1390449922912663,13.000000040630843,500.00000000092217,0.10000416035409235,3.999999934435513
523.636039319921,0.1390449922912663,13.000000025729681,500.00000001582333,0.10000416035409235,3.999999934435513
80.44612478437243,0.055,10.0,500.0,0.175,4.0
67.96678300284579,0.07833333333333332,10.0,500.0,0.175,4.0
5672.21254705457,0.03166666666666667,10.0,500.0,0.175,4.0
266.6298504137187,0.055,16.666666666666664,500.0,0.175,4.0
6.554808676540439,0.055,3.333333333333334,500.0,0.175,4.0
465.68457870301984,0.055,10.0,833.3333333333333,0.175,4.0
41.28150186543548,0.055,10.0,166.66666666666669,0.175,4.0
799.6133491348304,0.055,10.0,500.0,0.2583333333333333,4.0
1.4288829204005136,0.055,10.0,500.0,0.09166666666666667,4.0
7.1706158280927985,0.055,10.0,500.0,0.175,6.666666666666666
1335.5583091389124,0.055,10.0,500.0,0.175,1.3333333333333335
203.99953426657214,0.07833333333333332,10.0,500.0,0.09166666666666667,4.0
2270.961526551503,0.03166666666666667,10.0,500.0,0.09166666666666667,4.0
24.320272694868187,0.055,16.666666666666664,500.0,0.09166666666666667,4.0
55.32779046041706,0.055,3.333333333333334,500.0,0.09166666666666667,4.0
54.54726800554488,0.055,10.0,833.3333333333333,0.09166666666666667,4.0
128.2876151578971,0.055,10.0,166.66666666666669,0.09166666666666667,4.0
22.854894962926394,0.055,10.0,500.0,0.09166666666666667,6.666666666666666
107.47552028856691,0.055,10.0,500.0,0.09166666666666667,1.3333333333333335
145.27999610104771,0.07833333333333332,3.333333333333334,500.0,0.175,4.0
2899.9084321016435,0.03166666666666667,3.333333333333334,500.0,0.175,4.0
168.53182594220462,0.055,3.333333333333334,833.3333333333333,0.175,4.0
146.25566375561274,0.055,3.333333333333334,166.66666666666669,0.175,4.0
21.03825582947103,0.055,3.333333333333334,500.0,0.175,6.666666666666666
752.9876040762298,0.055,3.333333333333334,500.0,0.175,1.3333333333333335
49.73506564055201,0.06277777777777778,10.0,500.0,0.09166666666666667,4.0
58.64930178757542,0.04722222222222222,10.0,500.0,0.09166666666666667,4.0
0.7933129386304317,0.055,12.222222222222223,500.0,0.09166666666666667,4.0
10.714405238965064,0.055,7.777777777777778,500.0,0.09166666666666667,4.0
3.2272188258513688,0.055,10.0,611.1111111111112,0.09166666666666667,4.0
18.438933360621174,0.055,10.0,388.8888888888889,0.09166666666666667,4.0
2.477545677893376,0.055,10.0,500.0,0.11944444444444445,4.0
17.02189867218443,0.055,10.0,500.0,0.0638888888888889,4.0
7.323309812779588,0.055,10.0,500.0,0.09166666666666667,4.888888888888889
0.9546164004740876,0.055,10.0,500.0,0.09166666666666667,3.111111111111111
136.65241853997284,0.07833333333333332,10.0,500.0,0.175,6.666666666666666
3452.927751399169,0.03166666666666667,10.0,500.0,0.175,6.666666666666666
139.68092447563328,0.055,10.0,833.3333333333333,0.175,6.666666666666666
80.0759581082167,0.055,10.0,166.66666666666669,0.175,6.666666666666666
30.112838826282548,0.06277777777777778,12.222222222222223,500.0,0.09166666666666667,4.0
109.40680925563044,0.04722222222222222,12.222222222222223,500.0,0.09166666666666667,4.0
15.476326177391645,0.055,12.222222222222223,611.1111111111112,0.09166666666666667,4.0
5.4669986924628065,0.055,12.222222222222223,388.8888888888889,0.09166666666666667,4.0
14.242647430246262,0.055,12.222222222222223,500.0,0.11944444444444445,4.0
4.995672337443281,0.055,12.222222222222223,500.0,0.0638888888888889,4.0
0.466328010529974,0.055,12.222222222222223,500.0,0.09166666666666667,4.888888888888889
9.29247913092059,0.055,12.222222222222223,500.0,0.09166666666666667,3.111111111111111
229.87405083383732,0.07833333333333332,3.333333333333334,500.0,0.175,6.666666666666666
1559.9731042106257,0.03166666666666667,3.333333333333334,500.0,0.175,6.666666666666666
21.3883577046256,0.055,3.333333333333334,833.3333333333333,0.175,6.666666666666666
203.17737226480372,0.055,3.333333333333334,166.66666666666669,0.175,6.666666666666666
44.89404547067584,0.06277777777777778,12.222222222222223,500.0,0.09166666666666667,4.888888888888889
71.0257632312762,0.04722222222222222,12.222222222222223,500.0,0.09166666666666667,4.888888888888889
4.239908607476226,0.055,12.222222222222223,611.1111111111112,0.09166666666666667,4.888888888888889
12.679622356724602,0.055,12.222222222222223,388.8888888888889,0.09166666666666667,4.888888888888889
3.37424444855228,0.055,12.222222222222223,500.0,0.11944444444444445,4.888888888888889
11.307840249252468,0.055,12.222222222222223,500.0,0.0638888888888889,4.888888888888889
111.2273688152955,0.07833333333333332,3.333333333333334,833.3333333333333,0.175,6.666666666666666
3814.8652728117327,0.03166666666666667,3.333333333333334,833.3333333333333,0.175,6.666666666666666
29.071844762080154,0.06277777777777778,10.0,500.0,0.09166666666666667,3.111111111111111
109.37838857129034,0.04722222222222222,10.0,500.0,0.09166666666666667,3.111111111111111
19.181677020847367,0.055,10.0,611.1111111111112,0.09166666666666667,3.111111111111111
6.90499041417561,0.055,10.0,388.8888888888889,0.09166666666666667,3.111111111111111
18.514190008797165,0.055,10.0,500.0,0.11944444444444445,3.111111111111111
6.906510016628574,0.055,10.0,500.0,0.0638888888888889,3.111111111111111
8.382318294696054,0.05759259259259259,12.222222222222223,500.0,0.09166666666666667,4.888888888888889
3.6987335573504923,0.0524074074074074,12.222222222222223,500.0,0.09166666666666667,4.888888888888889
0.015232406810140394,0.055,12.962962962962962,500.0,0.09166666666666667,4.888888888888889
1.8293057092860612,0.055,11.481481481481485,500.0,0.09166666666666667,4.888888888888889
0.08148000653717906,0.055,12.222222222222223,537.037037037037,0.09166666666666667,4.888888888888889
2.616369419751222,0.055,12.222222222222223,462.962962962963,0.09166666666666667,4.888888888888889
0.03602677456679206,0.055,12.222222222222223,500.0,0.10092592592592593,4.888888888888889
2.278306355207587,0.055,12.222222222222223,500.0,0.08240740740740742,4.888888888888889
1.2214425472866317,0.055,12.222222222222223,500.0,0.09166666666666667,5.185185185185185
0.0584889192831314,0.055,12.222222222222223,500.0,0.09166666666666667,4.5925925925925934
260.2150979470766,0.07833333333333332,10.0,500.0,0.09166666666666667,6.666666666666666
1469.0250841033028,0.03166666666666667,10.0,500.0,0.09166666666666667,6.666666666666666
1.3225239547783092,0.055,16.666666666666664,500.0,0.09166666666666667,6.666666666666666
112.82934413813379,0.055,3.333333333333334,500.0,0.09166666666666667,6.666666666666666
2.4362554275419037,0.055,10.0,833.3333333333333,0.09166666666666667,6.666666666666666
159.6701744835082,0.055,10.0,166.66666666666669,0.09166666666666667,6.666666666666666
22.040565428886417,0.06277777777777778,10.0,500.0,0.11944444444444445,4.0
120.35081125650892,0.04722222222222222,10.0,500.0,0.11944444444444445,4.0
23.48816065485351,0.055,10.0,611.1111111111112,0.11944444444444445,4.0
3.6796984536691797,0.055,10.0,388.8888888888889,0.11944444444444445,4.0
5.215145574789496,0.05759259259259259,12.962962962962962,500.0,0.09166666666666667,4.888888888888889
7.092452795138134,0.0524074074074074,12.962962962962962,500.0,0.09166666666666667,4.888888888888889
0.8914561282355599,0.055,12.962962962962962,537.037037037037,0.09166666666666667,4.888888888888889
0.9175926404345425,0.055,12.962962962962962,462.962962962963,0.09166666666666667,4.888888888888889
0.70749729506417,0.055,12.962962962962962,500.0,0.10092592592592593,4.888888888888889
0.7333884910270976,0.055,12.962962962962962,500.0,0.08240740740740742,4.888888888888889
0.19789167380774397,0.055,12.962962962962962,500.0,0.09166666666666667,5.185185185185185
0.23836211513049718,0.055,12.962962962962962,500.0,0.09166666666666667,4.5925925925925934
177.40308699595056,0.07833333333333332,16.666666666666664,500.0,0.09166666666666667,6.666666666666666
3170.39637333799,0.03166666666666667,16.666666666666664,500.0,0.09166666666666667,6.666666666666666
65.95629631662618,0.055,16.666666666666664,833.3333333333333,0.09166666666666667,6.666666666666666
57.73525724062299,0.055,16.666666666666664,166.66666666666669,0.09166666666666667,6.666666666666666
4.480339769843709,0.05759259259259259,12.222222222222223,500.0,0.10092592592592593,4.888888888888889
7.718471532511667,0.0524074074074074,12.222222222222223,500.0,0.10092592592592593,4.888888888888889
1.2244933761995624,0.055,12.222222222222223,537.037037037037,0.10092592592592593,4.888888888888889
0.7010694496305481,0.055,12.222222222222223,462.962962962963,0.10092592592592593,4.888888888888889
0.11404243504298808,0.055,12.222222222222223,500.0,0.10092592592592593,5.185185185185185
0.43795575773142,0.055,12.222222222222223,500.0,0.10092592592592593,4.5925925925925934
0.7218524736695139,0.055864197530864204,12.962962962962962,500.0,0.09166666666666667,4.888888888888889
0.661121650471865,0.054135802469135796,12.962962962962962,500.0,0.09166666666666667,4.888888888888889
0.06601279720392149,0.055,13.209876543209877,500.0,0.09166666666666667,4.888888888888889
0.0648087492824679,0.055,12.716049382716047,500.0,0.09166666666666667,4.888888888888889
0.11470619883452873,0.055,12.962962962962962,512.3456790123457,0.09166666666666667,4.888888888888889
0.113244821593677,0.055,12.962962962962962,487.65432098765433,0.09166666666666667,4.888888888888889
0.09276918753672878,0.055,12.962962962962962,500.0,0.0947530864197531,4.888888888888889
0.09269513135349791,0.055,12.962962962962962,500.0,0.08858024691358025,4.888888888888889
0.03626801923536796,0.055,12.962962962962962,500.0,0.09166666666666667,4.987654320987655
0.03902583077360558,0.055,12.962962962962962,500.0,0.09166666666666667,4.790123456790123
160.00634157072008,0.07833333333333332,10.0,833.3333333333333,0.09166666666666667,6.666666666666666
3072.913181419715,0.03166666666666667,10.0,833.3333333333333,0.09166666666666667,6.666666666666666
28.9004733345875,0.06277777777777778,16.666666666666664,500.0,0.09166666666666667,6.666666666666666
121.79986280040804,0.04722222222222222,16.666666666666664,500.0,0.09166666666666667,6.666666666666666
9.561009693108858,0.055,18.88888888888889,500.0,0.09166666666666667,6.666666666666666
0.6855017199871238,0.055,14.444444444444443,500.0,0.09166666666666667,6.666666666666666
12.897993233486229,0.055,16.666666666666664,611.1111111111112,0.09166666666666667,6.666666666666666
2.200403432942674,0.055,16.666666666666664,388.8888888888889,0.09166666666666667,6.666666666666666
11.70094753072342,0.055,16.666666666666664,500.0,0.11944444444444445,6.666666666666666
1.6558751005902392,0.055,16.666666666666664,500.0,0.0638888888888889,6.666666666666666
0.13617538184289468,0.055,16.666666666666664,500.0,0.09166666666666667,7.555555555555555
4.4881887920646495,0.055,16.666666666666664,500.0,0.09166666666666667,5.777777777777777
6.099694680592095,0.05759259259259259,12.222222222222223,500.0,0.09166666666666667,4.5925925925925934
5.920994827051098,0.0524074074074074,12.222222222222223,500.0,0.09166666666666667,4.5925925925925934
0.5853455790104758,0.055,12.222222222222223,537.037037037037,0.09166666666666667,4.5925925925925934
1.4037553342503775,0.055,12.222222222222223,462.962962962963,0.09166666666666667,4.5925925925925934
0.49016202585179636,0.055864197530864204,12.222222222222223,500.0,0.10092592592592593,4.888888888888889
0.8929357681847405,0.054135802469135796,12.222222222222223,500.0,0.10092592592592593,4.888888888888889
0.1546894199337945,0.055,12.469135802469138,500.0,0.10092592592592593,4.888888888888889
0.023025035370391807,0.055,11.975308641975309,500.0,0.10092592592592593,4.888888888888889
0.23159384757808377,0.055,12.222222222222223,512.3456790123457,0.10092592592592593,4.888888888888889
0.04625921989277739,0.055,12.222222222222223,487.65432098765433,0.10092592592592593,4.888888888888889
0.1893233775543702,0.055,12.222222222222223,500.0,0.10401234567901235,4.888888888888889
0.03159220194638848,0.055,12.222222222222223,500.0,0.09783950617283951,4.888888888888889
0.01500941129334625,0.055,12.222222222222223,500.0,0.10092592592592593,4.987654320987655
0.11005269181931651,0.055,12.222222222222223,500.0,0.10092592592592593,4.790123456790123
0.09305843825915279,0.05528806584362139,12.962962962962962,500.0,0.09166666666666667,4.888888888888889
0.0940324574963053,0.054711934156378594,12.962962962962962,500.0,0.09166666666666667,4.888888888888889
0.021024527838698133,0.055,13.045267489711934,500.0,0.09166666666666667,4.888888888888889
0.02059104330650852,0.055,12.880658436213992,500.0,0.09166666666666667,4.888888888888889
0.026634654763656826,0.055,12.962962962962962,504.1152263374485,0.09166666666666667,4.888888888888889
0.025771417437630482,0.055,12.962962962962962,495.8847736625515,0.09166666666666667,4.888888888888889
0.024001628748723445,0.055,12.962962962962962,500.0,0.09269547325102881,4.888888888888889
0.023664289081702164,0.055,12.962962962962962,500.0,0.09063786008230454,4.888888888888889
0.017459473618483445,0.055,12.962962962962962,500.0,0.09166666666666667,4.921810699588478
0.01798316498791312,0.055,12.962962962962962,500.0,0.09166666666666667,4.855967078189301
129.95308892087309,0.07833333333333332,16.666666666666664,500.0,0.09166666666666667,4.0
4381.350806655005,0.03166666666666667,16.666666666666664,500.0,0.09166666666666667,4.0
202.0440221297969,0.055,16.666666666666664,833.3333333333333,0.09166666666666667,4.0
38.47153522018884,0.055,16.666666666666664,166.66666666666669,0.09166666666666667,4.0
36.037020325504606,0.06277777777777778,16.666666666666664,500.0,0.09166666666666667,7.555555555555555
99.91608042462896,0.04722222222222222,16.666666666666664,500.0,0.09166666666666667,7.555555555555555
5.2140825988999575,0.055,18.88888888888889,500.0,0.09166666666666667,7.555555555555555
2.5897897930533027,0.055,14.444444444444443,500.0,0.09166666666666667,7.555555555555555
6.952534899200252,0.055,16.666666666666664,611.1111111111112,0.09166666666666667,7.555555555555555
4.492827025274916,0.055,16.666666666666664,388.8888888888889,0.09166666666666667,7.555555555555555
6.080176056149678,0.055,16.666666666666664,500.0,0.11944444444444445,7.555555555555555
3.6107974271560064,0.055,16.666666666666664,500.0,0.0638888888888889,7.555555555555555
4.159572547503171,0.05759259259259259,12.222222222222223,537.037037037037,0.09166666666666667,4.888888888888889
8.555304461606623,0.0524074074074074,12.222222222222223,537.037037037037,0.09166666666666667,4.888888888888889
0.7263633962730974,0.055864197530864204,12.222222222222223,500.0,0.10092592592592593,4.987654320987655
0.6135981695921648,0.054135802469135796,12.222222222222223,500.0,0.10092592592592593,4.987654320987655
0.06096567586011382,0.055,12.469135802469138,500.0,0.10092592592592593,4.987654320987655
0.07447577949954835,0.055,11.975308641975309,500.0,0.10092592592592593,4.987654320987655
0.10713220927243045,0.055,12.222222222222223,512.3456790123457,0.10092592592592593,4.987654320987655
0.12475956217026664,0.055,12.222222222222223,487.65432098765433,0.10092592592592593,4.987654320987655
0.08000939529059005,0.055,12.222222222222223,500.0,0.10401234567901235,4.987654320987655
0.09436556078599974,0.055,12.222222222222223,500.0,0.09783950617283951,4.987654320987655
296.86568217690535,0.07833333333333332,16.666666666666664,166.66666666666669,0.09166666666666667,4.0
1321.7117055158012,0.03166666666666667,16.666666666666664,166.66666666666669,0.09166666666666667,4.0
47.13191456998126,0.06277777777777778,14.444444444444443,500.0,0.09166666666666667,6.666666666666666
69.7917348160543,0.04722222222222222,14.444444444444443,500.0,0.09166666666666667,6.666666666666666
2.425560492299648,0.055,14.444444444444443,611.1111111111112,0.09166666666666667,6.666666666666666
11.27688731472629,0.055,14.444444444444443,388.8888888888889,0.09166666666666667,6.666666666666666
1.8280989501898992,0.055,14.444444444444443,500.0,0.11944444444444445,6.666666666666666
9.743439463324,0.055,14.444444444444443,500.0,0.0638888888888889,6.666666666666666
6.435677868639866,0.05759259259259259,12.222222222222223,500.0,0.10092592592592593,5.185185185185185
5.181335823399551,0.0524074074074074,12.222222222222223,500.0,0.10092592592592593,5.185185185185185
0.38438868669319876,0.055,12.222222222222223,537.037037037037,0.10092592592592593,5.185185185185185
1.5957372118066606,0.055,12.222222222222223,462.962962962963,0.10092592592592593,5.185185185185185
0.8479942924862838,0.055864197530864204,11.975308641975309,500.0,0.10092592592592593,4.888888888888889
0.5059663125329583,0.054135802469135796,11.975308641975309,500.0,0.10092592592592593,4.888888888888889
0.070912438853508,0.055,11.975308641975309,512.3456790123457,0.10092592592592593,4.888888888888889
0.18037544865430621,0.055,11.975308641975309,487.65432098765433,0.10092592592592593,4.888888888888889
0.05016954653018588,0.055,11.975308641975309,500.0,0.10401234567901235,4.888888888888889
0.14230207745913548,0.055,11.975308641975309,500.0,0.09783950617283951,4.888888888888889
0.09834159317480613,0.05528806584362139,12.222222222222223,500.0,0.10092592592592593,4.987654320987655
0.08305941544174496,0.054711934156378594,12.222222222222223,500.0,0.10092592592592593,4.987654320987655
0.018632459275051992,0.055,12.304526748971194,500.0,0.10092592592592593,4.987654320987655
0.023100017772103826,0.055,12.139917695473253,500.0,0.10092592592592593,4.987654320987655
0.023485099445905332,0.055,12.222222222222223,504.1152263374485,0.10092592592592593,4.987654320987655
0.028962263050288966,0.055,12.222222222222223,495.8847736625515,0.10092592592592593,4.987654320987655
0.020525558100903615,0.055,12.222222222222223,500.0,0.10195473251028808,4.987654320987655
0.025515948996405313,0.055,12.222222222222223,500.0,0.09989711934156378,4.987654320987655
0.01897625002557589,0.055,12.222222222222223,500.0,0.10092592592592593,5.0205761316872435
0.01641826991046233,0.055,12.222222222222223,500.0,0.10092592592592593,4.954732510288067
283.7855809404629,0.07833333333333332,10.0,166.66666666666669,0.175,4.0
1144.4658666093521,0.03166666666666667,10.0,166.66666666666669,0.175,4.0
57.13275683202386,0.06277777777777778,16.666666666666664,500.0,0.0638888888888889,6.666666666666666
69.38166334995071,0.04722222222222222,16.666666666666664,500.0,0.0638888888888889,6.666666666666666
0.8570744088937126,0.055,16.666666666666664,611.1111111111112,0.0638888888888889,6.666666666666666
13.033875438591593,0.055,16.666666666666664,388.8888888888889,0.0638888888888889,6.666666666666666
3.8610630520799107,0.05759259259259259,16.666666666666664,500.0,0.09166666666666667,7.555555555555555
9.31541835919531,0.0524074074074074,16.666666666666664,500.0,0.09166666666666667,7.555555555555555
0.9993989563524214,0.055,17.407407407407405,500.0,0.09166666666666667,7.555555555555555
0.1098254505566485,0.055,15.925925925925926,500.0,0.09166666666666667,7.555555555555555
1.2795061864309292,0.055,16.666666666666664,537.037037037037,0.09166666666666667,7.555555555555555
0.22482582587678515,0.055,16.666666666666664,462.962962962963,0.09166666666666667,7.555555555555555
1.0745325201205966,0.055,16.666666666666664,500.0,0.10092592592592593,7.555555555555555
0.14144179483660355,0.055,16.666666666666664,500.0,0.08240740740740742,7.555555555555555
0.029728814288018032,0.055,16.666666666666664,500.0,0.09166666666666667,7.851851851851851
0.3706074789154755,0.055,16.666666666666664,500.0,0.09166666666666667,7.2592592592592595
0.9311414144274499,0.055864197530864204,12.222222222222223,500.0,0.09783950617283951,4.888888888888889
0.45259420253991617,0.054135802469135796,12.222222222222223,500.0,0.09783950617283951,4.888888888888889
0.051783840488421655,0.055,12.222222222222223,512.3456790123457,0.09783950617283951,4.888888888888889
0.21392790319418523,0.055,12.222222222222223,487.65432098765433,0.09783950617283951,4.888888888888889
0.07110888816967452,0.05528806584362139,12.222222222222223,500.0,0.10092592592592593,4.954732510288067
0.11330499530035369,0.054711934156378594,12.222222222222223,500.0,0.10092592592592593,4.954732510288067
0.028021761789769357,0.055,12.304526748971194,500.0,0.10092592592592593,4.954732510288067
0.016537244619295195,0.055,12.139917695473253,500.0,0.10092592592592593,4.954732510288067
0.036043944825144676,0.055,12.222222222222223,504.1152263374485,0.10092592592592593,4.954732510288067
0.01936436286448207,0.055,12.222222222222223,495.8847736625515,0.10092592592592593,4.954732510288067
0.03138710611073345,0.055,12.222222222222223,500.0,0.10195473251028808,4.954732510288067
0.017636156087841356,0.055,12.222222222222223,500.0,0.09989711934156378,4.954732510288067
0.02342163730103168,0.055096021947873795,12.222222222222223,500.0,0.10092592592592593,4.987654320987655
0.024193317278202165,0.0549039780521262,12.222222222222223,500.0,0.10092592592592593,4.987654320987655
0.014916240222838946,0.055,12.24965706447188,500.0,0.10092592592592593,4.987654320987655
0.01640409987854258,0.055,12.194787379972567,500.0,0.10092592592592593,4.987654320987655
0.015349949974377003,0.055,12.222222222222223,501.3717421124828,0.10092592592592593,4.987654320987655
0.01716091053731093,0.055,12.222222222222223,498.6282578875171,0.10092592592592593,4.987654320987655
0.015063916947179927,0.055,12.222222222222223,500.0,0.10126886145404665,4.987654320987655
0.01673499552926201,0.055,12.222222222222223,500.0,0.10058299039780522,4.987654320987655
0.01574236490769707,0.055,12.222222222222223,500.0,0.10092592592592593,4.998628257887518
0.014873714263057043,0.055,12.222222222222223,500.0,0.10092592592592593,4.976680384087793
92.4740043914713,0.07833333333333332,10.0,833.3333333333333,0.09166666666666667,4.0
4980.411044089263,0.03166666666666667,10.0,833.3333333333333,0.09166666666666667,4.0
34.314279058820546,0.06277777777777778,16.666666666666664,611.1111111111112,0.0638888888888889,6.666666666666666
126.75496430041196,0.04722222222222222,16.666666666666664,611.1111111111112,0.0638888888888889,6.666666666666666
4.741237114337266,0.05759259259259259,16.666666666666664,500.0,0.09166666666666667,7.851851851851851
7.789974398813372,0.0524074074074074,16.666666666666664,500.0,0.09166666666666667,7.851851851851851
0.585792924939451,0.055,17.407407407407405,500.0,0.09166666666666667,7.851851851851851
0.30805465243649927,0.055,15.925925925925926,500.0,0.09166666666666667,7.851851851851851
0.777800675879204,0.055,16.666666666666664,537.037037037037,0.09166666666666667,7.851851851851851
0.4740754110108111,0.055,16.666666666666664,462.962962962963,0.09166666666666667,7.851851851851851
0.6209881811760337,0.055,16.666666666666664,500.0,0.10092592592592593,7.851851851851851
0.3440069217778516,0.055,16.666666666666664,500.0,0.08240740740740742,7.851851851851851
0.11309997542276322,0.05528806584362139,12.139917695473253,500.0,0.10092592592592593,4.954732510288067
0.07113638242602756,0.054711934156378594,12.139917695473253,500.0,0.10092592592592593,4.954732510288067
0.019907047415499333,0.055,12.139917695473253,504.1152263374485,0.10092592592592593,4.954732510288067
0.03571899142199118,0.055,12.139917695473253,495.8847736625515,0.10092592592592593,4.954732510288067
0.017717151768306627,0.055,12.139917695473253,500.0,0.10195473251028808,4.954732510288067
0.031454474759080586,0.055,12.139917695473253,500.0,0.09989711934156378,4.954732510288067
0.020472609348202046,0.055096021947873795,12.222222222222223,500.0,0.10092592592592593,4.976680384087793
0.02778978369646983,0.0549039780521262,12.222222222222223,500.0,0.10092592592592593,4.976680384087793
0.015663675887273354,0.055,12.24965706447188,500.0,0.10092592592592593,4.976680384087793
0.015385596378970955,0.055,12.194787379972567,500.0,0.10092592592592593,4.976680384087793
0.01644065247422055,0.055,12.222222222222223,501.3717421124828,0.10092592592592593,4.976680384087793
0.015804092104661646,0.055,12.222222222222223,498.6282578875171,0.10092592592592593,4.976680384087793
0.01596567612647029,0.055,12.222222222222223,500.0,0.10126886145404665,4.976680384087793
0.015567884083844408,0.055,12.222222222222223,500.0,0.10058299039780522,4.976680384087793
297.3773111675982,0.07833333333333332,3.333333333333334,500.0,0.09166666666666667,4.0
892.972431733582,0.03166666666666667,3.333333333333334,500.0,0.09166666666666667,4.0
2.9857307767891648,0.055,3.333333333333334,833.3333333333333,0.09166666666666667,4.0
265.13002007297,0.055,3.333333333333334,166.66666666666669,0.09166666666666667,4.0
24.996605565816214,0.06277777777777778,14.444444444444443,500.0,0.11944444444444445,6.666666666666666
120.43509653724664,0.04722222222222222,14.444444444444443,500.0,0.11944444444444445,6.666666666666666
15.570558585626875,0.055,14.444444444444443,611.1111111111112,0.11944444444444445,6.666666666666666
2.110810499613047,0.055,14.444444444444443,388.8888888888889,0.11944444444444445,6.666666666666666
6.521411035888125,0.05759259259259259,15.925925925925926,500.0,0.09166666666666667,7.555555555555555
5.466089690328576,0.0524074074074074,15.925925925925926,500.0,0.09166666666666667,7.555555555555555
0.23510181254059595,0.055,15.925925925925926,537.037037037037,0.09166666666666667,7.555555555555555
1.2142294038539816,0.055,15.925925925925926,462.962962962963,0.09166666666666667,7.555555555555555
0.15233482979994398,0.055,15.925925925925926,500.0,0.10092592592592593,7.555555555555555
0.9905278056013023,0.055,15.925925925925926,500.0,0.08240740740740742,7.555555555555555
0.5776604307737138,0.055864197530864204,16.666666666666664,500.0,0.09166666666666667,7.851851851851851
0.8280865137125443,0.054135802469135796,16.666666666666664,500.0,0.09166666666666667,7.851851851851851
0.12263867863238109,0.055,16.91358024691358,500.0,0.09166666666666667,7.851851851851851
0.029529590442884834,0.055,16.41975308641975,500.0,0.09166666666666667,7.851851851851851
0.15074329858056618,0.055,16.666666666666664,512.3456790123457,0.09166666666666667,7.851851851851851
0.04109233755253693,0.055,16.666666666666664,487.65432098765433,0.09166666666666667,7.851851851851851
0.12700972051630863,0.055,16.666666666666664,500.0,0.0947530864197531,7.851851851851851
0.031881381825417186,0.055,16.666666666666664,500.0,0.08858024691358025,7.851851851851851
0.01920337414720931,0.055,16.666666666666664,500.0,0.09166666666666667,7.950617283950617
0.052271966452984514,0.055,16.666666666666664,500.0,0.09166666666666667,7.753086419753085
0.12294013610556258,0.05528806584362139,12.962962962962962,500.0,0.09166666666666667,4.921810699588478
0.0684316186653875,0.054711934156378594,12.962962962962962,500.0,0.09166666666666667,4.921810699588478
0.01584630126798258,0.055,13.045267489711934,500.0,0.09166666666666667,4.921810699588478
0.030216624246633364,0.055,12.880658436213992,500.0,0.09166666666666667,4.921810699588478
0.01843273445866601,0.055,12.962962962962962,504.1152263374485,0.09166666666666667,4.921810699588478
0.03828995931808704,0.055,12.962962962962962,495.8847736625515,0.09166666666666667,4.921810699588478
0.016995580029287607,0.055,12.962962962962962,500.0,0.09269547325102881,4.921810699588478
0.03498068033494407,0.055,12.962962962962962,500.0,0.09063786008230454,4.921810699588478
0.019193469324188278,0.055096021947873795,12.24965706447188,500.0,0.10092592592592593,4.987654320987655
0.02959607842404474,0.0549039780521262,12.24965706447188,500.0,0.10092592592592593,4.987654320987655
0.017055700783941415,0.055,12.24965706447188,501.3717421124828,0.10092592592592593,4.987654320987655
0.015269554691490973,0.055,12.24965706447188,498.6282578875171,0.10092592592592593,4.987654320987655
0.016493379527728027,0.055,12.24965706447188,500.0,0.10126886145404665,4.987654320987655
0.015122493432917952,0.055,12.24965706447188,500.0,0.10058299039780522,4.987654320987655
0.015538029439502008,0.05503200731595793,12.222222222222223,500.0,0.10092592592592593,4.976680384087793
0.014777365097356719,0.05496799268404206,12.222222222222223,500.0,0.10092592592592593,4.976680384087793
0.01499241014928691,0.055,12.231367169638776,500.0,0.10092592592592593,4.976680384087793
0.014899667685536112,0.055,12.21307727480567,500.0,0.10092592592592593,4.976680384087793
0.015118820856238576,0.055,12.222222222222223,500.45724737082764,0.10092592592592593,4.976680384087793
0.01490608695873028,0.055,12.222222222222223,499.54275262917236,0.10092592592592593,4.976680384087793
0.015039097982489855,0.055,12.222222222222223,500.0,0.10104023776863283,4.976680384087793
0.014906787043155921,0.055,12.222222222222223,500.0,0.10081161408321904,4.976680384087793
0.01485221396688233,0.055,12.222222222222223,500.0,0.10092592592592593,4.980338363054414
0.014962245708930174,0.055,12.222222222222223,500.0,0.10092592592592593,4.9730224051211716
168.84957682962596,0.07833333333333332,3.333333333333334,833.3333333333333,0.09166666666666667,4.0
2556.865604247013,0.03166666666666667,3.333333333333334,833.3333333333333,0.09166666666666667,4.0
52.596500110814084,0.06277777777777778,14.444444444444443,388.8888888888889,0.11944444444444445,6.666666666666666
54.24619511287963,0.04722222222222222,14.444444444444443,388.8888888888889,0.11944444444444445,6.666666666666666
6.91989151483037,0.05759259259259259,16.666666666666664,500.0,0.08240740740740742,7.555555555555555
5.425468511746438,0.0524074074074074,16.666666666666664,500.0,0.08240740740740742,7.555555555555555
0.18352295154605375,0.055,16.666666666666664,537.037037037037,0.08240740740740742,7.555555555555555
1.2813072717393819,0.055,16.666666666666664,462.962962962963,0.08240740740740742,7.555555555555555
0.693126225841909,0.055864197530864204,16.666666666666664,500.0,0.09166666666666667,7.950617283950617
0.692428964708587,0.054135802469135796,16.666666666666664,500.0,0.09166666666666667,7.950617283950617
0.07940547338683047,0.055,16.91358024691358,500.0,0.09166666666666667,7.950617283950617
0.05162109055553102,0.055,16.41975308641975,500.0,0.09166666666666667,7.950617283950617
0.1003509610135987,0.055,16.666666666666664,512.3456790123457,0.09166666666666667,7.950617283950617
0.06904799850825448,0.055,16.666666666666664,487.65432098765433,0.09166666666666667,7.950617283950617
0.08188810223337559,0.055,16.666666666666664,500.0,0.0947530864197531,7.950617283950617
0.05462276454303586,0.055,16.666666666666664,500.0,0.08858024691358025,7.950617283950617
0.07980403191061515,0.05528806584362139,13.045267489711934,500.0,0.09166666666666667,4.921810699588478
0.10872265343556049,0.054711934156378594,13.045267489711934,500.0,0.09166666666666667,4.921810699588478
0.03239838160285312,0.055,13.045267489711934,504.1152263374485,0.09166666666666667,4.921810699588478
0.02111534376989296,0.055,13.045267489711934,495.8847736625515,0.09166666666666667,4.921810699588478
0.029179298293294954,0.055,13.045267489711934,500.0,0.09269547325102881,4.921810699588478
0.019609370037007832,0.055,13.045267489711934,500.0,0.09063786008230454,4.921810699588478
0.018621477263026234,0.055096021947873795,12.222222222222223,500.0,0.10126886145404665,4.987654320987655
0.030683071059939143,0.0549039780521262,12.222222222222223,500.0,0.10126886145404665,4.987654320987655
0.017514461324812856,0.055,12.222222222222223,501.3717421124828,0.10126886145404665,4.987654320987655
0.01510978019602692,0.055,12.222222222222223,498.6282578875171,0.10126886145404665,4.987654320987655
0.01510069753891788,0.05496799268404206,12.231367169638776,500.0,0.10092592592592593,4.976680384087793
0.014599282690124019,0.05496799268404206,12.21307727480567,500.0,0.10092592592592593,4.976680384087793
0.015302688736026103,0.05496799268404206,12.222222222222223,500.45724737082764,0.10092592592592593,4.976680384087793
0.01452841796706843,0.05496799268404206,12.222222222222223,499.54275262917236,0.10092592592592593,4.976680384087793
0.015180234776088127,0.05496799268404206,12.222222222222223,500.0,0.10104023776863283,4.976680384087793
0.014572351532340277,0.05496799268404206,12.222222222222223,500.0,0.10081161408321904,4.976680384087793
0.014617073482683136,0.05496799268404206,12.222222222222223,500.0,0.10092592592592593,4.980338363054414
0.01500492154169449,0.05496799268404206,12.222222222222223,500.0,0.10092592592592593,4.9730224051211716
320.75858283402613,0.07833333333333332,16.666666666666664,166.66666666666669,0.09166666666666667,6.666666666666666
1065.8585883307119,0.03166666666666667,16.666666666666664,166.66666666666669,0.09166666666666667,6.666666666666666
55.63092981259797,0.06277777777777778,16.666666666666664,388.8888888888889,0.09166666666666667,6.666666666666666
58.06288406981053,0.04722222222222222,16.666666666666664,388.8888888888889,0.09166666666666667,6.666666666666666
3.6605133714470153,0.05759259259259259,15.925925925925926,500.0,0.10092592592592593,7.555555555555555
9.276540720430058,0.0524074074074074,15.925925925925926,500.0,0.10092592592592593,7.555555555555555
1.3683917289277638,0.055,15.925925925925926,537.037037037037,0.10092592592592593,7.555555555555555
0.21485597345764412,0.055,15.925925925925926,462.962962962963,0.10092592592592593,7.555555555555555
0.9333002415318306,0.055864197530864204,16.41975308641975,500.0,0.09166666666666667,7.851851851851851
0.476832502382383,0.054135802469135796,16.41975308641975,500.0,0.09166666666666667,7.851851851851851
0.03968470830221837,0.055,16.41975308641975,512.3456790123457,0.09166666666666667,7.851851851851851
0.15169119143333315,0.055,16.41975308641975,487.65432098765433,0.09166666666666667,7.851851851851851
0.03055096898211879,0.055,16.41975308641975,500.0,0.0947530864197531,7.851851851851851
0.12718286295957285,0.055,16.41975308641975,500.0,0.08858024691358025,7.851851851851851
0.07081864498440255,0.05528806584362139,12.962962962962962,500.0,0.09269547325102881,4.921810699588478
0.11943693550850874,0.054711934156378594,12.962962962962962,500.0,0.09269547325102881,4.921810699588478
0.03730411896655581,0.055,12.962962962962962,504.1152263374485,0.09269547325102881,4.921810699588478
0.018612287579752505,0.055,12.962962962962962,495.8847736625515,0.09269547325102881,4.921810699588478
0.024416451958985893,0.055096021947873795,12.222222222222223,498.6282578875171,0.10126886145404665,4.987654320987655
0.023092029632087105,0.0549039780521262,12.222222222222223,498.6282578875171,0.10126886145404665,4.987654320987655
0.014651548626633171,0.05496799268404206,12.231367169638776,499.54275262917236,0.10092592592592593,4.976680384087793
0.01455048890250155,0.05496799268404206,12.21307727480567,499.54275262917236,0.10092592592592593,4.976680384087793
0.014697288495419037,0.05496799268404206,12.222222222222223,499.54275262917236,0.10104023776863283,4.976680384087793
0.014557176343199295,0.05496799268404206,12.222222222222223,499.54275262917236,0.10081161408321904,4.976680384087793
0.014504209246036468,0.05496799268404206,12.222222222222223,499.54275262917236,0.10092592592592593,4.980338363054414
0.014619626175936921,0.05496799268404206,12.222222222222223,499.54275262917236,0.10092592592592593,4.9730224051211716
90.56069768251676,0.07833333333333332,16.666666666666664,833.3333333333333,0.09166666666666667,6.666666666666666
5645.469673305239,0.03166666666666667,16.666666666666664,833.3333333333333,0.09166666666666667,6.666666666666666
24.725765441506308,0.06277777777777778,14.444444444444443,611.1111111111112,0.09166666666666667,6.666666666666666
130.85837652440821,0.04722222222222222,14.444444444444443,611.1111111111112,0.09166666666666667,6.666666666666666
3.725981700603231,0.05759259259259259,16.666666666666664,537.037037037037,0.08240740740740742,7.555555555555555
9.924187498694236,0.0524074074074074,16.666666666666664,537.037037037037,0.08240740740740742,7.555555555555555
0.5636554823572422,0.055864197530864204,16.41975308641975,500.0,0.0947530864197531,7.851851851851851
0.8313275907265012,0.054135802469135796,16.41975308641975,500.0,0.0947530864197531,7.851851851851851
0.15585195054553339,0.055,16.41975308641975,512.3456790123457,0.0947530864197531,7.851851851851851
0.03927894049540195,0.055,16.41975308641975,487.65432098765433,0.0947530864197531,7.851851851851851
0.12183592095906905,0.05528806584362139,12.222222222222223,500.0,0.09989711934156378,4.954732510288067
0.06507270883909937,0.054711934156378594,12.222222222222223,500.0,0.09989711934156378,4.954732510288067
0.018143689642146413,0.055,12.222222222222223,504.1152263374485,0.09989711934156378,4.954732510288067
0.03958145631824595,0.055,12.222222222222223,495.8847736625515,0.09989711934156378,4.954732510288067
0.024256377439322505,0.055096021947873795,12.24965706447188,500.0,0.10058299039780522,4.987654320987655
0.023365923908635282,0.0549039780521262,12.24965706447188,500.0,0.10058299039780522,4.987654320987655
0.015153618828264666,0.055,12.24965706447188,501.3717421124828,0.10058299039780522,4.987654320987655
0.017579777316281825,0.055,12.24965706447188,498.6282578875171,0.10058299039780522,4.987654320987655
0.014528945138340714,0.05496799268404206,12.231367169638776,499.54275262917236,0.10092592592592593,4.980338363054414
0.014624662948066986,0.05496799268404206,12.21307727480567,499.54275262917236,0.10092592592592593,4.980338363054414
0.014558053583977328,0.05496799268404206,12.222222222222223,499.54275262917236,0.10104023776863283,4.980338363054414
0.01464776986427773,0.05496799268404206,12.222222222222223,499.54275262917236,0.10081161408321904,4.980338363054414
