LSCO 2511A, x = 24%
T=30 K, B = 45.0 T, theta= -14 to 99, phi = 0 and 45
Fixed parameters:
T=0.19,T1multvalue=-0.132,T11multvalue=0.066
cost,Tzmultvalue,invtau_iso,strength,spread_xy,n
0.0065047575476625315,0.11400000000000002,13.420000000000002,99.98000000000002,0.105,1.6594999999999995
462334.33386021934,0.09424748111875958,4.951992074337831,244.0358992767901,0.3964802273161848,2.3793821231348082
3586387.5100487703,0.02562162836410662,5.787257380431891,209.61352680574578,0.16963847993915387,8.541531310775056
10429.429012331482,0.040619694013909975,23.680709909509282,341.04296070750985,0.10250455538714764,9.7783456618933
624789.4938728906,0.05508119145546666,2.624972201423269,77.1530496590064,0.2812700396633124,3.4161351963786037
1021.0486029007022,0.05960618876383167,26.316776056485672,4.1670484449778655,0.17786462265164787,5.763079995058465
694358829.6814892,0.010415348701085472,6.664405903163496,103.2527409748921,0.1959647391225104,11.689769498307408
70.90796963825272,0.08329944576991131,27.7918888998272,542.0614829089341,0.06838122378392139,10.539101677767674
1065.6220316685462,0.09045133062166269,12.816541086834194,898.4997586789727,0.13209972163716827,9.175056290550627
66815650.48781143,0.042172179391635506,22.023425799913745,494.5590050927192,0.2107492092408402,5.697140875498504
1757703.237823815,0.06989435084325181,16.266150531409057,199.17540427647538,0.29424285256999033,9.529644397082603
35200139.7746774,0.028973976182745706,3.719543045499478,143.3426419027832,0.3701228679704568,8.660052072985025
328407.6023172922,0.04424687893493952,0.2454434532134666,423.49482076580034,0.16375522112276159,7.774360682990771
470970831.88163203,0.030674997318959896,14.522026542955162,617.1592979135576,0.24165517866483155,4.59661233749057
586587.88268708,0.11657212386947977,12.187685720566122,372.72460959208047,0.321377159571734,7.274630039891386
8148616.465850955,0.06769530074799635,9.39118048252394,463.6545508235644,0.3865163507249155,2.7551468017441394
5123309.0445816405,0.09679223250118181,22.90752373424808,919.4090193547343,0.20365703532450008,5.232187186822744
102902789.64391217,0.03544917352537538,13.205885591301845,875.8714473801888,0.18604243186422365,9.988401698430652
200843533.17702147,0.03207995021848111,22.21134509724078,411.105953370298,0.3285273220542779,6.197364151244237
1706690.8269584454,0.05800520450501391,16.861243848060155,134.23453015844626,0.3084517585714239,5.414925210800516
262538181.58829498,0.023713898448094684,19.662241194341735,264.05044014526675,0.09392072574951035,0.6302353847283602
0.4659969244314459,0.06634602047416968,17.939956607607964,284.09961920639677,0.07814279158037943,4.551378913278477
13196704.872683112,0.08192425081735275,29.492489503460014,804.2424289272955,0.2706067552505176,4.921929545455464
32220.38670355205,0.11241379478970337,8.940658716637877,92.52030635426922,0.2377176408004786,9.050509968286956
55757.85742614826,0.04783727974416467,25.794297159253773,173.20674555977428,0.13803399553789095,6.4303194237572585
3972625.5949932057,0.018472037819447444,20.875189626475922,645.512097638753,0.11841483730735561,2.6119017452898152
416.7987297661824,0.05037549582019349,15.496227963217407,769.461935491047,0.08506626478401619,6.609852184781342
679.4849294623859,0.10130332825968369,1.9983814286182504,239.10202762959443,0.05134611967543207,3.6361467061576747
3744319.5565346396,0.10969681217036509,20.324368784170503,829.1480239327768,0.3635214873542262,7.959068860118332
6188121.828839089,0.09803926179454014,24.653239541476744,792.4461713044507,0.2983098735183106,8.173160375124333
7167296.950196075,0.08745812443176924,11.854712997829179,661.8621227699517,0.2556068346832794,11.941382237686618
5087609.953168837,0.10618635525711076,21.15585390790364,993.5949193418187,0.3360972350415481,1.2762585600980314
20382.446224937532,0.08026208059703888,4.338798217512812,569.4675383647967,0.11056277781969015,1.6472288026733084
91048896.26380475,0.021335989294587444,6.021096336483156,20.365643064147434,0.16044449971643787,0.02003640021947728
23445213.288373373,0.0612622111188591,7.861561269380878,593.0589304274456,0.261137167447705,3.174596539501983
57031507.00852938,0.05182159205701193,3.076093389765372,686.2858055925293,0.22510713697267845,4.05688141697086
23832570.72667788,0.07814646388380755,10.240975598038471,946.853925814306,0.280239758349802,7.080613172154051
377071.0568735583,0.020044397228240085,18.90873066244075,850.3103023335316,0.12154228415627301,10.992893936900288
18515679.113441676,0.08514887906465311,26.83204376399989,973.3842450648654,0.2249975647534415,0.8423619794430781
35033.17296358156,0.07353216656339238,15.70559635680031,41.575615477107306,0.2164914561516381,2.058863919734857
6308447811.436653,0.015325250750012114,7.452277038238074,500.40024895563784,0.34043576908911216,11.469555054278604
569.0791660243183,0.07395825933478187,0.770526121864247,528.4910035211086,0.05745417539045919,2.950942068801502
39933.69288683746,0.06363584445307807,28.718423366093113,330.7278354856204,0.14530070960684233,10.731832013923523
10093466450.206484,0.012203886956402274,18.42310513042167,393.9211919780414,0.31531862372518565,11.063950589948883
2340728.952806851,0.11508438249249846,1.277225468188611,755.9951598452717,0.383936106422745,7.524824819042008
1394811.7998535943,0.11970595529614642,29.159280775665678,631.2177068919793,0.3733655933378043,6.766819677365724
1655043297.2771635,0.03809160466384703,11.104874153328549,702.6652505186094,0.1517158065846611,0.35705461247010195
247876320.98953325,0.045342356917580096,9.929254556151143,939.7595426400098,0.34509143835950956,10.093912810722237
971269.5394783001,0.10762770962257998,24.38748725533594,454.29330738851456,0.35704566261176907,1.7862358357568873
320.2550258454992,0.09241605729955457,14.02728606647769,316.6910862936513,0.07178983360204769,4.102403867906868
43.152578764755205,0.07511022318857608,25.470590753649425,395.3402580383508,0.06845768935720234,1.9531359075263275
293471772.1583274,0.03694875766640358,22.08021910853029,801.3696961665098,0.3964802273161848,0.4563137734860714
117032.04305680758,0.05061982225646608,5.787257380431891,89.12354179953707,0.16963847993915387,5.972571568528588
4681447.077760488,0.05920077857811734,13.993803273901019,260.3662724749863,0.37255057435830374,2.344620973738314
25960635.914936997,0.02369721640598737,10.762971503286789,77.1530496590064,0.2812700396633124,9.401357347547767
611763.7970928838,0.07672720339582988,6.8422661251094485,834.6045948764172,0.17786462265164787,11.852421550716
1527843.1335361162,0.05055493227658098,16.660659383897613,750.2533733672909,0.15653213835511431,4.040211970618492
52752.53302372168,0.11150390086643258,6.443719713412756,542.0614829089341,0.06838122378392139,0.7682790044963133
123803.12838430407,0.09045133062166269,8.306653703645203,898.4997586789727,0.13209972163716827,2.115114561623721
1375470.881134519,0.10190359341762328,13.201182480785844,494.5590050927192,0.2107492092408402,7.229653923706674
681738.6795399148,0.07233129787281634,10.471102742247751,135.1446468753319,0.29424285256999033,10.021450524202958
43219973.72806035,0.06543079744878066,7.1307041292749975,844.4317411587396,0.2919978057945783,10.689919565028745
115615588.1056283,0.04424687893493952,11.955264506577361,625.7677227622885,0.24593209488528087,7.774360682990771
475984.404707573,0.10479154401771276,23.065590258506862,262.1928203177884,0.2646668445493181,9.116341673026339
420033.3138255584,0.11657212386947977,1.994384219596622,321.14707884757945,0.33567931512966714,7.274630039891386
2210651.9849288035,0.08759444076423567,12.794763608218254,385.18308237712773,0.30421318220799437,4.436288379369126
678208.5906738064,0.11177484388968527,0.6551402544613527,408.65842749404146,0.20365703532450008,1.0884992126548863
6347850.924822742,0.03544917352537538,16.510459817932887,86.37956889331309,0.29868865338827605,11.46557513630247
28141.077422830775,0.03575263184668129,9.43316540080928,47.73131618887419,0.1302360230759974,3.3633871933460506
152027.1429832492,0.11789153186177032,17.633663750883354,212.0848402598475,0.3084517585714239,2.9717003217309643
384.70626491009887,0.11340209427375755,19.662241194341735,395.80991886802644,0.07312739280467956,8.651600490296506
140457.77290804463,0.11369607980635085,29.58840068216822,261.9315876099163,0.19392389595861811,4.601319390841865
35368336.36206155,0.08192425081735275,23.831702397339004,804.2424289272955,0.11295968992439721,0.5211441794433167
553.7167231396702,0.11701748333715395,10.930456997657348,258.25641906888325,0.0623206702319174,9.050509968286956
611334522.6003584,0.015091543699323563,6.708607617291113,173.20674555977428,0.34711180809413444,1.203885438376279
17278.568238582633,0.037341271648273985,3.4906429812443367,726.5805669607373,0.11841483730735561,3.8377670459225515
274.06721502590005,0.1147616220927101,17.510137557268894,117.4402743960631,0.08506626478401619,1.038930495750538
35745.20011988706,0.11122152274373263,20.138849007758214,543.7119463749442,0.1520732162373548,3.6361467061576747
4.916551639902504,0.10969681217036509,20.324368784170503,301.3265245919539,0.11921554524158001,7.959068860118332
18302775.0991723,0.03837401990567656,1.351692006347923,189.63808230541315,0.27597752636029776,1.2428295835683807
54584.00611390298,0.027359679703371047,18.618890561131554,661.8621227699517,0.109506938396919,11.941382237686618
106853229783.86105,0.0102300134508412,17.14356770663437,993.5949193418187,0.3450922237098647,2.4007409095115038
38.68302349293123,0.08026208059703888,11.44218618128636,257.0346877778126,0.11056277781969015,4.7924544403723095
141808.03259763183,0.11764154614062144,17.362984797489343,204.88340639470425,0.29538234621863735,2.8874066925454462
34691844.04917972,0.0612622111188591,9.165612489844221,749.0395581513914,0.21627354239353216,7.543241143720114
148542119.69514477,0.05182159205701193,11.25359409829831,663.9497234900978,0.22510713697267845,0.44072160043883635
6843780.985338779,0.09889052245008256,6.181084852091471,958.9552584432763,0.22127332529329535,7.080613172154051
247184.62784836127,0.11027163347461866,18.90873066244075,850.3103023335316,0.16327899536164442,3.8804721828373876
162.26441470258493,0.08514887906465311,26.83204376399989,973.3842450648654,0.05255574724571996,10.165734904608872
851688.9964943539,0.06892513185006453,0.5234806956061817,199.92283508039463,0.1910576795700349,2.058863919734857
15199805751.174942,0.015325250750012114,18.282204009336223,782.4761861072793,0.34043576908911216,8.945670055407206
81389.89457482193,0.07244442544592557,0.770526121864247,337.2655511622987,0.17022618976679516,8.50524827039143
1487.2739467888744,0.06363584445307807,14.992525326569401,25.50359614831285,0.14230305332299004,9.819445766913043
342838757.1760203,0.012203886956402274,25.564085984162332,296.48813311059496,0.11055306573045415,1.190120201332487
1.4266431914274524,0.06084615353277756,16.36889725775225,691.700701615842,0.05825982261563392,2.0220039834795074
104942.57203413115,0.051374769306884865,21.171998569832247,152.16412313086067,0.15456516928439135,6.704554811510837
21027573.13492626,0.10671547321184778,20.002883262806755,738.2805499551965,0.14920773150775143,0.35705461247010195
555226.9557330691,0.05463054094986132,9.929254556151143,708.4808621919152,0.15322179702254038,3.8872788789819053
114033.50414245542,0.06658922162196985,20.35216452349966,473.5231514808033,0.11864867015178245,1.7862358357568873
1954501.1204529344,0.10388788887689324,0.18525778330747222,715.3637261989231,0.2005017531062043,4.102403867906868
108.7529865938072,0.10380780174439672,7.342030978216986,509.858945378695,0.105,3.938735121889125
220683.99282656194,0.09346152273165065,4.951992074337831,312.9389902064025,0.1492626882255752,1.5425679021559766
1456.8767716813297,0.05061982225646608,4.497439934200086,580.8221160790501,0.1089261371965328,3.689212330405053
5.137548286314916,0.08768349491182953,13.653629963216424,341.04296070750985,0.10250455538714764,3.5687061972108776
0.5993499510631631,0.08724917215543442,10.86173558533021,160.07308942118271,0.11287747756878502,5.046817330421453
401.11146088766907,0.10514147172077967,8.888586452829124,4.1670484449778655,0.14059762735628972,10.788655921789745
804.9099202108364,0.05055493227658098,25.56006840109401,313.35880599467987,0.07435963606007046,5.179841244967969
19974902.794929013,0.08329944576991131,8.168877917596465,999.87950499129,0.343048209937344,10.539101677767674
74.99810116726952,0.11031543303589555,12.816541086834194,151.9499405877727,0.13209972163716827,4.538524603547932
16668.21142952301,0.02051424738445818,13.201182480785844,187.74328459693794,0.065902616239473,7.229653923706674
594592.2656762648,0.07233129787281634,8.147275583353835,135.1446468753319,0.2491086565216416,5.464679696004504
1.5121242467055844,0.1108788701612623,20.054019017764425,283.907067731971,0.11900006770585338,11.78465059968932
181869.73660893878,0.0941175113307558,0.2454434532134666,423.49482076580034,0.17941207282596466,7.774360682990771
280765.7074671786,0.11318292361936608,23.34181629041278,262.1928203177884,0.2646668445493181,3.1770887197424704
4968.443058286497,0.11937436082698943,6.185055493827351,339.6302377680939,0.16292766046817714,9.910404702108083
84023.38929727417,0.1137738501389004,18.04419846785538,153.5971520461186,0.3076870291911292,1.033003439983334
2462472.00517387,0.06880987855795098,0.6551402544613527,408.65842749404146,0.18386323779299374,3.9891090191996286
289733.40518094064,0.08611810001169924,13.733615468343226,143.03830760814475,0.29868865338827605,2.5639591402273534
222287.94605162417,0.09344463547727064,13.482718476381557,165.11550366659594,0.3944278627783885,2.671838693761888
135942.26971754033,0.11789153186177032,17.633663750883354,212.0848402598475,0.2475704575889569,2.9717003217309643
389835.7916449938,0.1033157138821704,3.7454114118752813,246.68401966928988,0.3633831868069175,5.323793249613212
832050.2239480811,0.09518733310883931,17.939956607607964,255.31685567310836,0.13367034075298254,0.678491875360959
3387596.8696564385,0.08192425081735275,16.441312887716048,508.02549440213073,0.3890316484790825,0.8359628661434471
385.9973783799985,0.07316481533292199,7.6469900836204845,121.08561383216698,0.0623206702319174,4.3103045517098195
55.01866817653041,0.07444380944036548,4.3559616819041285,279.26556276418205,0.12133084857909464,6.876824698691097
69.548419081112,0.08609940839451348,21.62877063616162,84.19957571575088,0.08855062458660734,7.226627380688836
251.50924196010985,0.0938066245770953,10.61006868175458,117.4402743960631,0.06707130139944845,1.5354500253091912
11.076485993888191,0.08733691370104756,10.726699757545566,339.7466575955161,0.05134611967543207,0.9181311305151993
1948932.1040812917,0.03382342855359869,25.688720261852794,50.588040250512336,0.21763132296107346,1.7824229688613773
0.171757101618412,0.08855406946661666,11.371878375099165,23.875902233205466,0.13996869545672241,9.139426217731486
66659.39018868122,0.11443127984397758,18.618890561131554,321.4269231461825,0.10235479614059474,0.9206127714578365
93657.19248357888,0.11009393989129022,21.15585390790364,231.80494825596122,0.18305694284650026,3.014317069645026
3.2130961009291497,0.06890904932115123,11.44218618128636,377.1449238740158,0.09271959708809505,5.683354585774855
25874.877990592304,0.09941244955460123,17.362984797489343,204.88340639470425,0.08095058831902655,0.8187834682042059
3192.940015664018,0.11431755675880487,7.861561269380878,64.7225048584607,0.1512066565284234,1.280242306648625
342547.41859989177,0.09035664708111682,15.731190675856787,185.4959169608199,0.22510713697267845,4.05688141697086
4424751.85206482,0.09889052245008256,6.300293885314801,790.4880002678217,0.23878658243061684,2.8421185319822895
152335.16721172305,0.11027163347461866,19.52615274145095,314.65565601917734,0.16815067394694586,1.8593480874740758
924103747.4526558,0.11216362014335243,12.793297928067382,973.3842450648654,0.05255574724571996,0.2151337495129022
41246566.77934394,0.014767971676203875,9.34761814554098,41.575615477107306,0.2164914561516381,1.3159322312439388
213121.51676500664,0.08598221921537211,13.58648677808388,139.12393776415638,0.2207854666731523,2.518140981468555
141726.2428138762,0.08733772335017528,16.72841097811546,111.91247957561956,0.23347881722971,2.950942068801502
15115.414235171815,0.06363584445307807,16.175512576225863,363.14155908037014,0.14230305332299004,9.796715352435552
1785425.578503211,0.012203886956402274,25.564085984162332,21.583576632844313,0.07342970484054462,1.1716405185928052
207.74910272260163,0.11019708139063455,11.60686684265727,160.75353742580387,0.10002063301783828,3.4443257600356674
171819.22882187268,0.10545195842706848,6.113263191878113,261.26476849771393,0.15456516928439135,1.1908657063728327
276.9588190274029,0.09346477407356416,20.002883262806755,103.32595716436231,0.058115494437062015,2.3685791443244026
5.5367364548540206,0.08198636031088985,9.929254556151143,708.4808621919152,0.09761554146544843,3.8872788789819053
2979464.159761264,0.10993397444257184,6.850956223452489,778.106152599917,0.2443528927188609,4.943036005722108
495.2616003162932,0.11814182800529381,12.391329602759562,44.22719915502364,0.07178983360204769,2.264123762879138
10995213.827433623,0.08610797233564385,19.750977640710783,954.7765416082475,0.21886275177776074,1.6594999999999995
1197498.5737799266,0.019414837552671274,9.025448913595802,334.6004249094846,0.1434005867104074,7.352116500789043
1993.7898275745658,0.05061982225646608,4.497439934200086,5.957664680862877,0.3750621715974233,0.5589575223541186
1.064901158666637,0.06476337225967813,7.702573441259105,341.04296070750985,0.10250455538714764,8.981177003249872
42459.84208094653,0.11542700958389394,1.8611678880557907,160.07308942118271,0.19526277759865632,4.73917037056531
1.785139203500334,0.1027360651204592,10.252650915967859,44.82753026133025,0.14059762735628972,10.788655921789745
269.58365385493767,0.09186052743581187,19.683009506897722,301.88442198082834,0.062365251966514074,5.179841244967969
41.579900761393006,0.061160421534814415,5.249303714089491,206.73790112699595,0.06174205816207168,1.4491659278177451
66.00777813775804,0.0950675696265984,12.816541086834194,101.06720948701775,0.13209972163716827,8.421976990133796
54.09675293095765,0.08244954369280647,18.844319623640498,221.40961858591373,0.0902120939769166,9.431322095663962
951197.4642900485,0.07233129787281634,7.259299212146065,180.14464317080723,0.3992912070260327,5.761752249435888
9.002392815897242,0.08165444553351939,12.586258729051384,508.273690659057,0.08596925363198177,2.6686411083398056
382081.0724669331,0.0941175113307558,14.800370981315202,423.49482076580034,0.17941207282596466,5.723175129833701
37135.7482774799,0.06936297992676252,23.34181629041278,77.84896619428793,0.1600574030284745,3.1770887197424704
135415.7831748823,0.11192391921723643,18.94766514657241,232.73633576412612,0.19837883097033432,6.18437880087378
125708.03496620331,0.08161043699169841,26.563089670333724,82.81557644432428,0.3830940438142425,9.126601283807918
1148821.9803342056,0.10871790289721839,13.173698454168713,245.41499619647922,0.20365703532450008,0.369206327393516
14677341.94329041,0.06559955023257386,13.733615468343226,539.0610431849291,0.29868865338827605,2.5639591402273534
440.78607191945895,0.11534699161378782,9.43316540080928,446.9855820842983,0.09060541903537844,7.429260757591836
182372.25577969922,0.11789153186177032,18.844319623640498,221.40961858591373,0.2475704575889569,9.431322095663962
637838.3306470725,0.04286968999093266,14.180920837518151,289.61516412763046,0.15418450403631953,3.98046191402595
66279.4797860217,0.058270943900651746,17.939956607607964,556.5866323650797,0.14059077094271022,4.551378913278477
2497403.952213238,0.11286381766485795,15.818503521909706,888.7473033579872,0.3890316484790825,0.8359628661434471
10246.729536080691,0.06285154945741693,18.246895747818677,576.7860570051928,0.13156288043366476,7.6138037069698274
1185.1499125405242,0.08130215398084757,13.98942194190527,279.26556276418205,0.13130511155582586,7.857496170071748
3041070.5600863826,0.07329910098431582,18.207427829881556,359.690681343552,0.39748911230730555,1.8317592600260353
62229.461351984806,0.1134525492286621,29.990565789304263,117.4402743960631,0.2970016890379336,8.67847689132146
305.66923633789514,0.11665240464220965,27.59637018210233,322.1544809048637,0.06720834825937436,6.925241393142934
11239.039026374081,0.11076095060494039,11.192909432018249,271.74992834657894,0.1621816149607711,5.884050905094366
38992824.30750449,0.0691410688152295,10.74011555586672,249.09612493958554,0.11917230355316594,0.2900306205425389
713.7923964127515,0.10856986574367349,18.618890561131554,28.52453928499557,0.18967836449983647,2.716501376367272
29355.408047540914,0.056269226370262215,15.605367874741576,36.02234136837666,0.17065088798530226,7.0928936288655535
4230682.912561746,0.07254684741863449,10.772009662665504,377.1449238740158,0.39869697701121776,5.683354585774855
6970991.695712445,0.0796519535370481,17.362984797489343,528.9550523761205,0.28118696761132,0.6977922005748951
351.78906792391115,0.11840531824259291,7.861561269380878,178.45244376808233,0.1512066565284234,10.286845156432548
127.559640061799,0.06577086907359665,11.374552655524848,1.3700002087051644,0.1425703359689684,6.741930214570363
510718.8216924864,0.09889052245008256,21.022009405786175,256.51805505499146,0.23878658243061684,5.490605550517598
65336.25392373139,0.1040863437491018,12.849001157674202,595.6857715273809,0.13061745572177827,1.8593480874740758
168.18244055959738,0.10988411869301525,18.804358972206774,950.5944212506865,0.09720512778448073,10.165734904608872
2645.26908442526,0.04597707655925814,13.396687711988243,341.4305479920962,0.1054754381671074,6.836655376523297
957280.2124175437,0.08598221921537211,13.58648677808388,260.11007587781853,0.2207854666731523,8.228884041202583
5026.231394209259,0.06586106539625525,0.770526121864247,186.45131422508592,0.14704787373628708,10.455471683491874
8715.690362847112,0.10437305378407905,4.97124708315652,607.523450118989,0.13812869148393792,2.9332335459385668
47335510.64901399,0.012203886956402274,9.051685430407414,36.37704422373935,0.19712369428582954,2.2461599165394643
30250.898271663482,0.04049192768547678,9.86936618297963,473.1119846733428,0.1008916880618728,2.0220039834795074
6620.071554309383,0.09388087943008108,21.171998569832247,152.16412313086067,0.15456516928439135,8.17176006931066
5390.203733024782,0.08162106928685833,20.002883262806755,530.655536734533,0.13108059354776985,5.245517492033015
6804.300545993297,0.0755175473787312,8.147661585753347,133.14733792926182,0.14115651539422777,3.049070097754064
181.48135361685695,0.06658922162196985,14.004076485944907,81.90759705157257,0.11270455944026198,8.139345890565947
536607.0624291903,0.10204936104622497,9.7687446290054,316.6910862936513,0.22463441897160472,2.816401618991055
178833.66526950116,0.012650564793129482,14.90888220669055,99.98000000000002,0.06174963869373082,3.521670941280615
273.49004236651194,0.0972326230499361,4.951992074337831,388.04624028209344,0.0735768084151969,1.7397419493874224
1490.289275366344,0.10216318257701548,4.497439934200086,317.1350722288839,0.14677989514398104,5.602460824724346
373.44117443723894,0.11349351238853056,18.707819958854557,350.5783509311729,0.07800062538100638,7.582527863841699
4439.2194679364475,0.06429073440438511,10.86173558533021,38.5289013608504,0.11287747756878502,1.300402985427839
321.7987930515627,0.11945012221963111,13.793402308954432,250.39762770753836,0.08746480779863824,3.001533518117599
255.32756863840854,0.09186052743581187,16.75409504936368,271.25742696654765,0.07572262986754758,5.179841244967969
1961.9567046755828,0.08581573983686909,5.249303714089491,327.177951134372,0.1465377208207882,9.293882445242499
249629.83275705896,0.0950675696265984,17.873924895798133,169.6844301606978,0.22292209270645114,7.5156750398165695
89.13729348516837,0.09291799891839103,18.844319623640498,165.5332482024191,0.12118553793821607,9.431322095663962
85.29395397641372,0.07233129787281634,8.147275583353835,303.09759254676214,0.11043973989500178,4.404567602137416
24162.255992912567,0.11803625724990535,15.627262572260312,283.907067731971,0.1713086291147881,7.147329548501423
942623.1994269644,0.08752326360389702,0.2454434532134666,423.49482076580034,0.17941207282596466,2.3853482415399205
1268.4383058471208,0.0338766305151004,11.085074051665469,77.84896619428793,0.07108756766137145,3.1770887197424704
9304.921484002221,0.11937436082698943,14.864715368472423,331.07132406303964,0.1596924413123213,6.100493565155586
38682397.29993403,0.10580212149032789,25.397451798713835,67.53281753376848,0.06797134504375313,0.006517955497350236
1083187.8539104452,0.09392275801050283,17.033592759812453,830.0183818668982,0.18204987266011685,9.199828502053697
184.0579987142902,0.08611810001169924,13.733615468343226,143.03830760814475,0.11412234245970332,2.968402823807364
459.54137310626993,0.11534699161378782,13.954181628212744,79.02313286405308,0.07646483024291587,3.713527031156455
21064.040483236677,0.0956409583697758,17.633663750883354,52.317431276219224,0.2475704575889569,5.670812374278592
142.5703393501451,0.102922173317755,14.701608607341855,767.5054076657589,0.10085263183686688,8.651600490296506
469543.99694042094,0.06634602047416968,17.939956607607964,570.0235414145548,0.15832773969795855,4.077364700275586
1893268.4564391589,0.11286381766485795,15.818503521909706,888.7473033579872,0.19710360302833288,3.2670621429297535
4047726.8502152627,0.014919611668935455,7.964960672733304,114.19452091395851,0.13833833941209364,3.2395795762471393
272.2533292360715,0.10113814604333196,4.3559616819041285,214.07851754043486,0.14204666840948385,6.223257366634037
30306.47801381032,0.08609940839451348,21.62877063616162,58.68392665274496,0.20281558309264927,1.8988373706492094
436.4933884704982,0.11301382797448392,14.989348947483006,117.4402743960631,0.07978613451317901,7.413235990493033
425.1107077332566,0.11301382797448392,14.989348947483006,245.5288939003506,0.07978613451317901,7.413235990493033
23282.536274343824,0.10969681217036509,21.96466194593212,162.93257710497,0.17571410960211428,5.890500057175908
87300.62310839459,0.047848179087785034,8.966669904288441,68.20120456978327,0.16447344667653024,5.240245965485301
443.93948457000147,0.0879938545038291,3.674259111252576,45.32532936992823,0.09315701864140985,5.885532451623433
1503.7273039367453,0.056269226370262215,15.310747620774109,734.9880477191155,0.08493902713059878,2.2939132086361447
281.7735469771213,0.11897953131969904,16.10328981806869,211.91064793312233,0.09271959708809505,3.9142337309840753
497.25022776499736,0.09836009963292841,8.31473767604697,127.7514337342572,0.08095058831902655,10.622250868771081
4895.804302385547,0.05849126243825874,7.861561269380878,410.4115464093261,0.10512461184914965,2.140740309511364
8.720850853760004,0.06577086907359665,5.266450146657602,534.975209855592,0.10737849246332919,6.741930214570363
95914.14290285684,0.041016831489431915,28.031971152855306,10.044911577183882,0.09862903858925146,0.5777205579299931
104.41394897001607,0.1040863437491018,4.556989550421061,348.22574494676894,0.1150048780795632,4.901232824772319
4012189.707107044,0.08869696388914367,2.9436987972973245,508.84075295870537,0.30068364337236086,10.165734904608872
37011308.82408282,0.04597707655925814,10.93166191934554,421.89079479969547,0.35275223424880964,1.7299292325875308
168983.31509440343,0.09038116460758278,13.685664539591011,139.12393776415638,0.2207854666731523,2.7682752396051935
112.51921297773296,0.11560479059298348,18.10337957613547,67.04951729144994,0.10890208927578968,2.950942068801502
6.243043958627575,0.06363584445307807,17.31169245355784,148.78167238939034,0.08906126500172964,11.399912279566543
458.10375475998353,0.11657879344968752,25.564085984162332,21.583576632844313,0.2485325443178923,1.1716405185928052
36357099.34231273,0.06084615353277756,5.957032060763135,691.700701615842,0.27970031451259497,5.05485803570579
9411244.529831197,0.07325397828686027,6.544972949774349,520.9255548601567,0.2782627855158968,6.499942665524785
3791.4639896371054,0.09346477407356416,11.3337610843911,257.2508330005827,0.1417375254370199,4.0899375167055005
117.7603145105788,0.08198636031088985,20.25552168475098,754.5308706973987,0.09761554146544843,4.07195573443164
2689831.718028232,0.06544969915448233,9.974328551540667,349.7081973166392,0.12391583344744066,0.9155309376493452
17.881099863084522,0.11006711714634873,20.958577660349867,649.3939675337754,0.10207690320964603,4.3257077994852455
173.47450363146226,0.11400000000000002,18.28131984529345,338.18544728889555,0.1003133546436241,6.412734114997729
42.60989965133402,0.0972326230499361,22.20445669150839,14.636018083898136,0.1284850766720097,5.261821886958596
60.3515862423222,0.05061982225646608,15.129539256632237,867.5730434702307,0.07141888467173269,5.199634760836458
144898540.70466906,0.04281471692300738,27.42934334470036,282.24740638487543,0.10250455538714764,0.4353095562215312
580.6584020423484,0.08347828453453887,2.4100502558170085,36.63135324847923,0.07211781186280053,5.046817330421453
9.33974026102132,0.060251246788689115,10.960351045566252,762.0891392338674,0.07399782264415733,3.5193828566997567
29351046.287583362,0.05494190563433286,21.294236552984263,782.0048022070728,0.07480646271060343,0.6387178584734787
12342.77777492336,0.019997410614750348,5.249303714089491,372.6747205438514,0.06174205816207168,1.9410519392370276
1964403.8277769512,0.0950675696265984,8.77247239123305,352.5190104087773,0.22537670500420906,0.6007520756835723
2.470894097215667,0.11393858417000055,4.684278839842888,71.26007254648846,0.13378020539593183,2.4170148370473057
265.8383258851991,0.08026463849191502,8.147275583353835,162.68903158381949,0.08308532934837048,4.404567602137416
21755.93992240612,0.029268771602499376,17.853862793912587,26.12236454402364,0.10940779132314898,11.78465059968932
627.3698456940606,0.11225275189314153,0.2454434532134666,119.69135664289774,0.09599201664871898,10.389354751567044
282.26215131633234,0.10957458315248692,12.76043692831643,77.84896619428793,0.14326921512284785,3.1770887197424704
117.6138246049261,0.11611400539077125,29.73560798617674,339.6302377680939,0.08579193174997546,3.669577714218177
27814.65505206832,0.11979314848250543,24.009836248641854,53.44316824814251,0.3076870291911292,0.0008034860080181616
462.631181130908,0.1177855543338927,0.6551402544613527,64.17724526402486,0.08293375889754592,1.4346051941251723
2115.7311384538248,0.09286732694533348,13.733615468343226,143.03830760814475,0.13548845357342837,2.968402823807364
55.85692587599354,0.11534699161378782,26.409881439159825,116.54037274023563,0.10964568246273644,6.450053555215154
525.5572953261174,0.0956409583697758,9.742217833492031,52.317431276219224,0.057743994104681534,6.516503942650552
0.6363537499891988,0.07670549263714983,11.784159750152202,329.22176888095726,0.10085263183686688,4.987610678904192
19.91323323370819,0.0691017339280844,10.820985029363499,164.63030093203758,0.10514301974831498,5.825689563562359
16349597.332930386,0.01763854979960211,28.936745781744,29.714445310520603,0.3084198967821218,0.46156642492711253
1804.9871727737177,0.1000740567560455,18.634624971970606,428.55073103124664,0.10324043732016133,1.7799122409509405
26.67923811576439,0.0875287249737442,4.3559616819041285,179.76510757224878,0.12133084857909464,6.876824698691097
169.5203471276561,0.08609940839451348,21.62877063616162,836.7227841034107,0.06535437041111586,5.181012800842359
512.0021846470958,0.11101919591690124,8.422342864542685,971.0439830146618,0.06707130139944845,2.8992194689341373
514375.4354579046,0.05791188624256073,23.176126241844823,145.9091062094261,0.11132656686274495,0.9301664903751785
27.04519281529531,0.1091922859679765,20.324368784170503,40.334077530897844,0.12657537064752777,5.25743214901726
6282.623255794347,0.08855406946661666,11.371878375099165,337.10033223640414,0.13996869545672241,3.890379934565608
21127.797118442388,0.10079178697164962,14.350864817798161,749.8000932796502,0.07085281795006798,0.9235520517924884
569.2973614261844,0.1056493690360901,10.371767673557937,734.9880477191155,0.13617165696948363,8.241742825265941
819110.507545213,0.10967240191729072,24.293306714500513,377.1449238740158,0.2968203430722358,7.777903133874902
203.41942169414165,0.10412272995710917,10.044139691946533,109.75725062292452,0.10636629798399239,4.962559404272092
4.471965979828324,0.11122778905241171,12.566058877868212,213.72883095287466,0.12657071854358862,10.286845156432548
498.22333825968735,0.11122754499318076,4.0341028150648235,534.975209855592,0.0943221413299882,6.741930214570363
373.6795640121237,0.10924993614210488,15.375931830183397,604.3369293972592,0.05996902132677828,2.021482767552642
16729.997798952685,0.04731882493485394,15.536859713206749,348.22574494676894,0.1150048780795632,3.299978558567636
26250.395145197715,0.026047030123985675,26.83204376399989,569.981221189454,0.05255574724571996,2.1907016459992965
11603.656354636307,0.04597707655925814,23.635820936569832,52.72317908185528,0.11864335850901744,3.9782394612420813
36.32718204556578,0.10106395051742274,20.04561294765061,956.388921352245,0.08889418269009122,2.2087739284904986
15.588518670810185,0.0821174892769382,18.10337957613547,115.85239031839512,0.10890208927578968,7.070917598617395
15694.088415913367,0.06363584445307807,17.31169245355784,637.4150031822248,0.10346695686839467,1.9465817355644077
607.5737009851205,0.11657879344968752,7.979043934468423,21.583576632844313,0.065762101832439,4.700948223354036
350.85647749125064,0.08544118400747631,16.36889725775225,12.464066591343794,0.05825982261563392,5.325782734810501
32.55179638436317,0.10112323615823104,14.518166247313221,28.947951847724255,0.1327923805351035,8.17176006931066
20889.60987278305,0.10361747656849549,13.027916494409524,103.32595716436231,0.17881949061257202,2.3685791443244026
32.991856552650084,0.11958797090757348,21.699122808405786,244.01847199120903,0.11544932987260155,7.302018653678983
140.418883666858,0.10709323349187957,14.004076485944907,81.90759705157257,0.11270455944026198,7.103641226015416
20.720751133469456,0.07911132588238524,20.958577660349867,103.73934693806484,0.10207690320964603,5.7063343983509665
7923.91229762172,0.08305613754180964,28.870155713185547,49.868887072559005,0.16581868032213692,5.133731599560494
286.0476579738561,0.0972326230499361,11.33196579954587,313.30651375141423,0.08549703537789322,4.133463374559346
364.3562580456392,0.08997223719735445,14.234045943482759,124.55859631201582,0.05070051406026674,1.939463273778646
17.21338969462515,0.06476337225967813,17.008043229758727,255.0635527359504,0.05362713137078459,1.731088451226796
91609.35557106607,0.11549080912730103,16.38374655338599,715.0815282389549,0.16927214485417877,7.080839589104673
564.3957152166001,0.1027360651204592,16.975507831291655,358.81538509147754,0.13422437715060534,10.788655921789745
119.16980857113924,0.10207992348322432,10.788998879158019,653.4775431424333,0.07357675339147993,1.6897875781379597
203.33912830317394,0.07677101132876187,1.797448071902803,281.7207357625898,0.1286407694079198,10.572151791254853
644.9066198338046,0.11570925611946473,4.253546456439404,10.940359308455186,0.08589562990075109,8.421976990133796
498666.61051644955,0.028226307731495003,26.902938310460776,71.26007254648846,0.12974200925585327,2.4170148370473057
237.6472371937636,0.09618536060976379,23.67779294752753,264.22609838414235,0.061605973032624634,4.404567602137416
3386291.6449348656,0.012907043151431465,20.054019017764425,256.74128207344705,0.11900006770585338,4.561013419627892
148.4438497235208,0.11225275189314153,25.821636248528968,142.71628543923646,0.09599201664871898,8.819815662731141
107.61176729315237,0.10957458315248692,28.437750174977086,204.4758465358064,0.11596230461071144,3.9947940464970078
184.35380303823393,0.11611400539077125,29.73560798617674,758.4743573304952,0.08579193174997546,10.034801531910677
2669846.1823437726,0.09713693435438406,9.084544465970515,298.8046564798408,0.3076870291911292,0.0008034860080181616
0.5411216731384869,0.09403205224324647,9.183449638899937,64.17724526402486,0.09714249653835533,1.4346051941251723
29694613.338771507,0.03394828082321469,26.93034591604572,143.03830760814475,0.2968558811222496,0.35296742658444913
2110.497192094763,0.04220120521745452,26.409881439159825,178.23822670232778,0.07438026604764589,11.748939562770124
521.2616122827585,0.09406012279591228,9.742217833492031,52.317431276219224,0.05804380739078427,10.122842470207583
2032.477245646282,0.07670549263714983,16.038587946367922,266.63812762067363,0.126486304559031,4.987610678904192
80.17853106667829,0.06634602047416968,10.80141205363208,284.09961920639677,0.07814279158037943,4.551378913278477
55248.20267961104,0.10567887010423091,17.303561528207926,888.7473033579872,0.15480887708232394,4.719593524843315
254.70220581478742,0.07943292608212599,16.844118072797833,868.7877025457726,0.0623206702319174,11.618164209456333
296852.1344214565,0.0875287249737442,29.459948123474334,186.2910499644164,0.11374423231716188,0.7776367993927735
2.0483310900844,0.07521492929014566,18.411203670464648,221.18244514412203,0.09552684050582175,7.226627380688836
34749.76947889845,0.10961200957993728,21.522533262167713,253.435431842308,0.13544778582239037,1.5354500253091912
506.7832830020142,0.11071685948217537,11.184490869430963,235.26325098733247,0.06785572119434863,3.9095492021643112
121.49537945465349,0.10969681217036509,28.548911101824714,527.9229990089043,0.08745510055572295,7.959068860118332
24.664759395514217,0.11111819720785851,17.07206795438917,23.875902233205466,0.14606013304781656,9.139426217731486
89.31278313474515,0.0879938545038291,27.49848549343449,45.32532936992823,0.06838684172992315,2.186261118834799
822238.8445743611,0.0638548545898247,9.746435072342262,362.051452996911,0.17987852237385285,9.842744904291994
590434.5763146658,0.06890904932115123,11.44218618128636,391.73262121238963,0.10611560086599187,1.0563498799363007
2904.2764451131716,0.03284975509640537,12.661744090628092,100.33489909938243,0.08162833460157076,4.962559404272092
1538.4764638800152,0.11122778905241171,21.600643012642085,965.6724722117231,0.13568256275275384,10.286845156432548
26.9013731578274,0.07404207678921026,5.266450146657602,48.73234670818323,0.11274360259510813,3.8161044296915843
1.8095262765179319,0.11348951162991858,28.11515441326186,604.3369293972592,0.09458664267909239,2.9878650509095617
272074482.2281338,0.0835138059011544,10.278575327759743,807.5124943898912,0.14432420340017316,0.17715658034988735
72203825.88588521,0.09726780365341953,12.479256355376656,307.88278176813145,0.05255574724571996,0.26282272692090203
96182.95831825669,0.022502584415870136,18.722260605121196,135.8739082561405,0.1054754381671074,7.538102740106117
10.75266955867149,0.11134529088612313,13.311456452485714,195.80567891031552,0.10903310614473213,2.2087739284904986
139409.31965468318,0.049482570178918744,17.50873718802767,817.7429195496475,0.12569341327736,2.770874706735234
3989.6219601710745,0.09972770536850845,24.760284703985512,334.87151704655446,0.14332013935270949,11.399912279566543
17001.91250598138,0.11657879344968752,28.85453125651118,21.583576632844313,0.1242330917351133,0.3107711407298863
80967.81224421636,0.11431794765914,6.596696766487399,36.03102311032637,0.11189865402270018,0.29464488148859846
5300.068342224586,0.10230473941735427,14.555290554843594,381.10732652137835,0.1290640938266807,2.5125214051168996
182.3591162096187,0.09346477407356416,20.002883262806755,252.20459460189372,0.058115494437062015,1.71345126699336
3.1629357944283423,0.08868595421509098,27.17505839298204,95.17865360034483,0.09761554146544843,3.8872788789819053
562134.1722251184,0.02402674200308095,19.063181076518603,255.2611136277111,0.13322786681168516,5.517847616890702
23900985.06925443,0.030295499017223726,8.433494980439246,298.1156869250618,0.17575572141061413,4.3257077994852455
431.2130562674846,0.11400000000000002,10.618496532294577,32.09496577047412,0.11755013021840977,0.8679425857537506
3612.45113433169,0.08021127220929417,22.20445669150839,492.72286442023415,0.1284850766720097,6.782476194445595
216387.3436434114,0.10873720531077527,17.711313910064643,585.3966843221997,0.1329331977604697,1.441515211054515
328596237.16329485,0.02785749952324993,25.310028632816177,297.04649936338745,0.10976589072774397,0.5836429227929152
71.17405088617278,0.08724917215543442,4.789355805566279,120.62005571724444,0.1264968417503808,3.4562315443631846
328.6678500187409,0.08902724120414526,10.252650915967859,179.8089361456304,0.07586789583340137,3.809979476862197
236.94221075304085,0.11589522082468351,13.863959630255493,53.0118255387689,0.11554610859933606,10.045662240980896
66672.55367109555,0.061160421534814415,15.515944384530876,103.35881794018161,0.10021939581739296,1.0148754417087016
77.03020152416043,0.10966771610708087,10.204100283952844,101.06720948701775,0.12111341450303068,5.2849118736924385
1.7733460496069136,0.11627977951339966,11.225048474344401,50.652317795370664,0.13378020539593183,2.4170148370473057
320.7288849520733,0.11408785689968526,23.947512980846113,147.47934125525228,0.07678584449975506,7.257442953224579
74.02792138451719,0.10783596379515438,20.054019017764425,615.3306633258024,0.11900006770585338,6.809539142622232
8579.72325052265,0.04221418701047205,25.821636248528968,715.172498878242,0.09599201664871898,8.819815662731141
2957.7221446863578,0.05527075092148933,15.603271089255701,204.4758465358064,0.11596230461071144,5.780065465295316
469.8159286392456,0.1031867971144865,13.20583785064265,67.25672816297822,0.06429733273638347,8.995778839873514
703897.1218215774,0.11979314848250543,24.009836248641854,425.39091857943066,0.3076870291911292,8.87480499650518
28697.1146957749,0.06868556273438899,13.404470188001447,260.8257143019832,0.10531671989246146,1.4346051941251723
184.33493116464535,0.08611810001169924,12.05973136992376,540.5574612184741,0.0764822931498016,2.968402823807364
3538609.972403699,0.11467115832222921,11.797141842474899,116.54037274023563,0.10824684245697798,0.16779392511725533
933956.9791329381,0.03202914248909282,16.990865757799934,689.8861940092333,0.14907635975036906,6.321131049917404
2126.3018078841587,0.08674089218472664,9.729653329633951,329.22176888095726,0.09711614956540601,1.499206467663333
348.24743953395284,0.11051362788306728,17.939956607607964,216.04052966560403,0.07814279158037943,4.551378913278477
88423.05595326265,0.1013269941583847,17.303561528207926,956.1461232620958,0.1644561603808264,8.234890380310748
268.07465179075507,0.08600992618420747,4.025886977845694,297.2346999536592,0.12970709565998656,4.757426231205875
231.8559137460703,0.0875287249737442,13.201745963445369,179.76510757224878,0.08514473648572829,11.292547410840939
408.9375522921094,0.11920316986564508,20.622296266462257,846.2297835765189,0.06488210260857916,7.226627380688836
8448531.824411917,0.0938066245770953,23.3041357198854,975.6479338472284,0.23635853940289644,1.8283788820182583
288.11128531299903,0.11550667864106037,23.778250991511687,339.7466575955161,0.08369335327049196,10.7881327267089
560649.1487270825,0.014254761434391,2.146897739579085,66.43788354294327,0.13363312742420397,6.256950406921724
423.01973366150685,0.09469897279924089,9.743172057824156,23.875902233205466,0.0690562803450642,1.8380434365281184
291.4767351869258,0.09097265240486468,15.701024921473884,612.13217817973,0.07656855787007011,8.293605706465549
3.8273243342882957,0.06735457637989202,10.371767673557937,734.9880477191155,0.09925347488398989,8.241742825265941
25.301870956416913,0.09390736850944195,11.44218618128636,161.5242402036621,0.09190463520616379,2.0268149443042773
199.0848885690186,0.10412272995710917,26.08305439172213,99.90244527727788,0.1279465672946958,4.962559404272092
586.4409869411584,0.10105683647668086,1.1806071612856623,856.7740126885462,0.08065647088628664,6.412566617902556
5.303174692725395,0.11375331607707259,12.99751274306875,534.975209855592,0.11641714998254074,4.079915111808613
18.020213605225813,0.09809488984306108,28.111532100521607,57.86194427315388,0.09721576050933423,2.9878650509095617
587.9659261626268,0.09641125387618163,4.556989550421061,348.22574494676894,0.06861567286761172,8.099758226014838
75.8963297969496,0.08393326352627295,23.61138870788419,435.24027693327764,0.08001012927551551,10.165734904608872
562.1840751859634,0.10690005120574861,9.369607584486813,341.4305479920962,0.05848103830094592,6.836655376523297
400037.5116504225,0.09562764206729613,11.940456471960111,986.9293622498673,0.09812954472236732,1.0678454137821953
3014045.8915178007,0.01580358742817963,10.022730907605045,83.07490649122622,0.10890208927578968,1.5021556653008918
2933964.960350638,0.06991902702645886,18.43698347583328,316.479518612943,0.07655935470890926,0.5988039136279504
53.9988846397135,0.10595383567525156,9.108351789483013,10.847458231418273,0.12960331274805253,1.0323746262606228
25.41866990662683,0.057644263858511124,26.60732817452797,706.8610204481861,0.05825982261563392,11.338385714913276
654.0224808641026,0.11188659386476776,5.118102457878084,28.947951847724255,0.05807454728059702,4.897737951627764
1503.980824645966,0.11787225940169868,20.002883262806755,148.02039560496928,0.10412363411096837,1.2259529400148308
127.19489238878191,0.0990907282437054,20.928361054392358,112.86664614897677,0.12649443614467942,6.392474028972311
745.7155373750334,0.10709323349187957,13.829677529593486,55.48825344757603,0.14943908453654875,2.246766929094533
1371.641285586335,0.11275043948481056,4.250336191524248,165.07288925620736,0.13546735385368097,2.1805348134136415
848162.369761857,0.11286318191521783,3.8525422947071313,398.4625199212596,0.1098302973595837,0.6394051002906735
1025998.9013486521,0.0579889501544193,23.996120447118905,92.32305064363902,0.25518793151899716,0.6367248652704056
20994.115355255817,0.07173693328719798,10.547004681935983,419.8649710125069,0.15477555703712229,11.71103017610832
708.905288329245,0.05745407352539277,15.615470660572518,630.4018120123482,0.10250455538714764,8.981177003249872
162.88472109760966,0.11768044416331477,21.849831133500334,143.3567194628988,0.09307842597164917,2.8837003415077476
538.8575331741922,0.1027360651204592,7.938405522624948,184.5555223177447,0.07348452443323478,9.112117816914536
336.52971584811644,0.09952755505616273,18.417147608761482,784.5862600833098,0.06341162465638997,8.071774759900297
251.88525694346762,0.11715678680449725,2.7073739990742496,206.73790112699595,0.0971802488365768,2.0597572301568725
45555.71069360312,0.0950675696265984,19.96439624464537,328.36873866584193,0.10587331066154475,1.1873441901393633
514.5761436197836,0.11611895210878165,4.8036912140380466,50.652317795370664,0.09412740405551648,3.1867999301809196
81.57895785347947,0.10398905501887948,8.147275583353835,303.09759254676214,0.11043973989500178,4.404567602137416
390.08422589123194,0.10789322479506883,5.819909964949019,687.3811970425547,0.10067281212175909,8.387568393037999
175.91111004373587,0.09207298670277618,20.05601217105191,142.71628543923646,0.08069219767883751,6.078052202576831
197.86134832453826,0.10957458315248692,11.602879291493608,204.4758465358064,0.10032763754815961,3.728815721070958
341.39258200646634,0.11096687585901518,13.914067306537035,18.732973051277895,0.10761896126760792,5.151160340036692
230.0481055615258,0.11666998097952236,24.009836248641854,53.44316824814251,0.09759008393502064,6.600525379002868
458.4040824453587,0.11600710461339922,16.852989394787002,64.17724526402486,0.06467979566649698,3.0400968077170534
165.47978897055742,0.09901230473200553,18.306808927605452,386.55858395371723,0.08959204878385621,6.4715909550189
7255.098879072009,0.09340982108328842,28.96380810900084,346.44684695601154,0.1243209581333502,2.641927643964102
95.16218363850186,0.09406012279591228,5.788514575302834,201.53158499159093,0.11316266190505551,5.909964602438505
147.19686452819553,0.10651745041758934,15.601940659585305,329.22176888095726,0.10085263183686688,5.8214905023528125
4222.419172835678,0.06634602047416968,9.152581416255561,284.09961920639677,0.14106373541245487,11.734412405662978
203.34142539570738,0.10567887010423091,18.977408514952213,316.1266999548954,0.08743144153477872,4.822084776561079
98.97963254369067,0.11793612020513097,24.51097365445921,68.92676584883594,0.10269466052642114,2.660471829469712
488.22993944466253,0.10452225063899312,10.998949188334752,179.76510757224878,0.07244838468484385,6.876824698691097
124.44188333240783,0.07521492929014566,7.0977403351110935,277.0613731052093,0.09552684050582175,7.226627380688836
474.8636168124241,0.11178569342052425,9.242162647512663,257.7616696428055,0.10338443412193755,1.5354500253091912
2336.628553088007,0.0567557992585367,8.53319107239455,247.03165667889849,0.12040795121614377,4.56403381591811
532.7069495278829,0.10969681217036509,9.850957586722334,215.47567868328912,0.06801954770252472,5.221532063103153
21.981334473268774,0.10493741006316654,11.371878375099165,23.875902233205466,0.1323022844441058,1.3231902785520546
1624.0097790888346,0.04078946879203614,12.265582306323145,175.68594406157513,0.06838684172992315,1.7409934213646912
271.9246484154404,0.100917422753371,13.834053375108978,254.82405791372926,0.09062075996437846,8.241742825265941
216.09021295690036,0.0744574789108508,17.089266539922935,557.2596527011804,0.05112897359818286,5.683354585774855
115.96098420669698,0.10412272995710917,21.572516091139015,99.90244527727788,0.10228925890566866,9.440574809679989
361.44645539874915,0.11493038829119412,7.439625088105803,156.6407484847586,0.10716693043488584,7.2162457763584165
442.8643213179008,0.11112739656149667,12.99751274306875,534.975209855592,0.07804451541777627,6.2268159963905285
567.1898901544098,0.0540030672369661,28.11515441326186,45.04126589624235,0.07451427717334602,2.9878650509095617
24.931353083979413,0.11656475393043123,3.0734769797194588,348.22574494676894,0.13447534796031135,5.512430073661285
4887.794647730299,0.10870229501516866,28.514495013634395,435.24027693327764,0.13917113783640783,5.226787922676282
0.15403751052405285,0.10041307378290358,21.25195169526439,341.4305479920962,0.10122282079637647,3.6887889158107905
332.59692487742655,0.08674212056137173,13.311456452485714,195.80567891031552,0.07217894058442795,11.458861910874203
86.1136001133553,0.10315733026463088,3.2490970938870127,82.78926938128785,0.13203735934097705,7.457585281294907
142.25628702653688,0.11989475074279052,26.027668485987675,260.1264396573239,0.09469399184971161,4.809033094062507
520.8022336738214,0.09695789918650115,12.107928211095153,10.847458231418273,0.05133996541725974,6.43916758108891
542.0028596036079,0.10785877280481315,11.238059340414697,467.2978801868021,0.05825982261563392,7.779795374165951
279.3918164319773,0.10112323615823104,23.590902906112987,28.947951847724255,0.07796264065902295,10.876345984578828
469.16049585768667,0.10150026864670038,11.095238769397646,294.3653818265392,0.058115494437062015,2.393030404220515
119.30803271941888,0.11698372364281832,21.632908011049125,494.12044980442903,0.0952113235583052,3.8872788789819053
284.61157469007946,0.10912187343482618,0.44800586761158634,728.0975023357041,0.11270455944026198,6.505771946461528
118.02764954504295,0.11450658080192921,20.958577660349867,165.06480609411102,0.10207690320964603,4.3257077994852455
1779.6005627041413,0.11689301070999905,13.420000000000002,99.98000000000002,0.105,1.0451423939053415
583.4523958308248,0.10746577977870575,6.539667142490282,374.42817680823316,0.07126801482363707,9.042158120478813
225.59039819659853,0.05061982225646608,5.558087611400179,163.54335480087792,0.10290328284351064,4.5676020932449415
229.73420817894748,0.06476337225967813,12.963307449918107,149.57766578065917,0.05546103978307132,1.0048377057485318
1802.9320453996706,0.04818112910723611,10.86173558533021,188.2325219739554,0.07234230647745046,1.4221527551718243
920.8199161942596,0.1027360651204592,18.27287501067223,190.93822429040222,0.13404405614937215,4.287198301910525
445.8002383745514,0.10207992348322432,10.878930871683227,295.563602606741,0.07357675339147993,4.348045416189885
863.8087005509606,0.061160421534814415,18.56997591274896,369.3132053854248,0.06758960129938651,1.4491659278177451
571.4866568639006,0.11109271964495428,13.6595641008673,265.738231183818,0.12087386394621047,2.407259481347618
87934.88969373883,0.028608099462774615,11.225048474344401,62.58855528220636,0.1369190949846702,6.784558609622869
467.9266302750091,0.11723569385312692,8.147275583353835,127.51617348682134,0.08428621969425501,2.915243156907461
7.895344431761611,0.11019731894619782,25.721391825318996,83.44821067512112,0.11900006770585338,3.4060008273147373
443.47587847002853,0.09931339527319308,1.7365502069363714,309.3720752518959,0.10136420358897232,8.819815662731141
77.96739448809582,0.10957458315248692,6.918583936020612,204.4758465358064,0.11596230461071144,3.9947940464970078
311.12465654530774,0.11597142392246167,13.500605948531218,339.6302377680939,0.08579193174997546,1.251601538752288
317.0313184211244,0.10993197377587272,15.0451576267221,53.44316824814251,0.09759008393502064,7.381207287937306
20.475819795860595,0.07125414682017908,25.749333614842868,64.17724526402486,0.0907017522919232,9.726500126622627
0.14346722626359326,0.1178508979186828,22.844255401527867,157.42988816561456,0.11717941281692817,3.9632465235417476
169.69993779677964,0.11280229077364631,16.58763103041472,88.1876041403005,0.10964568246273644,6.336273871346634
275.75710214080675,0.09406012279591228,10.548425703274571,201.53158499159093,0.11316266190505551,2.297285235556321
6904561.178429614,0.07670549263714983,17.939186364252432,345.4750095474849,0.09789328675662864,0.5388842399168201
561.0669286766822,0.11452737646028124,8.41939724038981,49.51364851855544,0.07814279158037943,4.988616749370911
109.34378070504155,0.10588158348115315,18.977408514952213,316.1266999548954,0.08743144153477872,2.758579720769857
39.936315893939565,0.11304489158043138,14.483358761271697,68.92676584883594,0.11784420207275187,2.8099452578345137
209.9990779174043,0.11814789090247836,4.3559616819041285,26.74211930541793,0.10910113339234859,1.3551964564746903
349.95542330093906,0.11796964575752272,19.684253278190727,278.4771593063341,0.08207038385078741,5.712769535872415
2713.369302955851,0.11393484190749514,13.52027948444238,215.2272982419816,0.15069404244646414,4.72551981372862
384.5899461498051,0.09788308168743276,18.747598880511774,710.6262321980348,0.05134611967543207,5.90681604920786
4.0063636065214165,0.08926097502904634,7.12126059103446,421.0363273993809,0.11921554524158001,6.458848188497571
5793.137373033455,0.08855406946661666,24.629709851376248,486.4288767129622,0.1381546642428026,9.139426217731486
47.24489740549794,0.1114229006796233,7.802292967399187,200.64063318844325,0.10360247676218344,2.186261118834799
66.11937025997008,0.06735457637989202,10.371767673557937,119.47501708212491,0.08997791519525214,8.241742825265941
366.9977744805069,0.08605091981359124,11.44218618128636,259.68616970596264,0.07182871373411329,9.462381392164126
107.01469139912055,0.07730815418392513,15.520359949996305,159.28136460415578,0.08362539047916454,8.038529021024615
1833513.1211794321,0.0939898176234148,16.061752224935983,212.36214662496758,0.07604552926153865,0.4572706811465599
2077.094911042388,0.10031521152788293,13.951330172705525,534.975209855592,0.13572451994849077,5.198221235583901
350.3830627932778,0.10991572229064972,12.253309468927284,402.6702346787624,0.0902346306185621,6.721315711744602
504.1007427632219,0.11656475393043123,3.0734769797194588,69.61487695654358,0.09940534702352408,3.5062375002254824
387.20355908271756,0.11173424442588406,19.01273773099186,435.24027693327764,0.0732954765987503,10.165734904608872
19572.112143474267,0.10041307378290358,21.25195169526439,80.48498291787507,0.12002208480474785,0.8594570641845083
113.66422780110915,0.11814789090247836,12.507556488121558,26.74211930541793,0.10910113339234859,1.3551964564746903
3955.5072377856404,0.10769392766428434,11.702031061458467,685.0070232724753,0.1154165776382043,2.0321516559583586
86157.89300092988,0.025299181379511704,15.753546071627643,148.78167238939034,0.10487158859197956,3.186926041093839
42.9319876786752,0.11391274150350375,9.108351789483013,113.28998206843733,0.12960331274805253,7.658388082640862
143897000.2621588,0.06084615353277756,14.42507011439291,64.67789321380548,0.05825982261563392,0.1430930532493484
13.103739177020934,0.10112323615823104,12.837798485903072,401.3503059822659,0.1149939118086946,8.472611825502126
71.63248230443958,0.09346477407356416,15.216826141361224,192.6717724418446,0.10092854577933688,5.8419400905737975
16.664777414059586,0.08868595421509098,8.700048137886109,224.26883624398164,0.11194669662744006,5.621045984528276
49.33761454900626,0.11894195911001584,12.64990848963964,81.90759705157257,0.1304113655696496,7.103641226015416
11.939204900398575,0.10918004605071416,17.676359772654642,235.24651779314064,0.11806809658348594,10.578742301541887
80.27726524705591,0.07696902470438924,6.039396519884088,196.53616416670013,0.105,2.376066368167744
402.404386022595,0.0972326230499361,12.533188129746257,14.636018083898136,0.08731723585062556,11.638342759217178
15278.200123581124,0.023228662629803297,13.75523895455868,835.0693557038376,0.07141888467173269,5.199634760836458
614.9436438991547,0.06476337225967813,21.39380063055539,427.74228683012,0.1004659930040059,7.432407842826199
49.63461844328252,0.06542397011742745,19.036316475583888,160.07308942118271,0.06373658413990765,5.046817330421453
238.96662377847906,0.1027360651204592,18.8622098666403,4.561961100698738,0.14059762735628972,10.788655921789745
1480568432.232915,0.10207992348322432,8.91426922582772,653.4775431424333,0.0653568410856574,0.12151096882343282
580.757414357321,0.09289829042776478,5.249303714089491,188.5726527260734,0.06174205816207168,8.075379725469801
903.3489819455467,0.0950675696265984,15.613932623172762,101.06720948701775,0.13209972163716827,2.7722252827762697
27717.20971333284,0.08270325100310223,14.127855337386583,356.32340842879734,0.13378020539593183,2.4170148370473057
265450.34534989006,0.10398905501887948,11.33580067762603,93.06695089493132,0.10908113290956073,0.4399012422027919
245.24466361922526,0.1184002261231767,28.57502355175957,283.907067731971,0.08355471896976988,11.78465059968932
828077.240098857,0.07667746608981821,4.9244955538731645,142.71628543923646,0.09386458683575546,0.5689215931556957
583.1904267836164,0.1016084539492623,6.918583936020612,4.254200236621273,0.07874327894804875,3.1606203102196058
7576589.692640133,0.08924924419619977,21.272362928604473,94.38329797910365,0.1113951982071073,0.14821800818578446
386.0790352633903,0.11666998097952236,10.137515585174043,53.44316824814251,0.09759008393502064,3.1533187483797325
13.358556475267077,0.10234426875383025,19.66556983150776,64.17724526402486,0.09714249653835533,1.4346051941251723
175.6629207138779,0.11832861339810355,22.844255401527867,228.22959186071165,0.0885657124463326,3.0281976701133133
5.075598884481201,0.11534699161378782,29.40732784717455,54.636582586420445,0.12438641191421546,2.857272355637853
4705936.513119834,0.10306610642142383,4.382840477508637,370.9301134172278,0.11316266190505551,0.4378317091253887
150.87031969682477,0.11193045536297166,22.53107734718182,131.9118166991974,0.10085263183686688,9.403476894071051
11.17353465362849,0.08707840572573075,6.782588367466751,112.06318600685626,0.11738410731315768,4.551378913278477
437.84372254164634,0.10588158348115315,17.383403920264414,200.21505685607622,0.058720750826089546,6.846628216636759
170.000149555559,0.11360947396954818,1.2708892125345947,553.0827393727122,0.11784420207275187,4.742900562777459
4893771.077029053,0.1160311676975669,4.00088317677454,179.76510757224878,0.12133084857909464,0.1864392532015593
705.6129639855673,0.05905513303079704,21.03315951577234,78.18520508466565,0.09552684050582175,3.357733340936778
119.80238981517246,0.0938066245770953,25.589760968597602,117.4402743960631,0.08125708397008288,6.322737382548235
65.15875963818964,0.08733691370104756,8.336540912587587,104.44134741307022,0.09998900652343726,1.6387268014668193
31301.502320873158,0.08007467762548781,14.77264544769081,448.2861799124674,0.08195506927042448,1.0442117278382081
101.27635287829085,0.11571394868372445,14.612324534009215,44.48025062211934,0.1324970797528801,1.538998470988247
9753.238656032183,0.11787896284297217,20.890004543512852,504.89359567103685,0.0881260746119634,1.0902616600998982
504.67005497713944,0.10369110727434022,3.288993246063347,133.21324612872303,0.09925347488398989,11.405025964991163
133942.73628209808,0.03490963609257034,7.887650663935651,756.511918372288,0.11635880871675942,2.5105817381066267
86.20698294044945,0.11597853239515798,15.520359949996305,476.9432002030146,0.09166984449015228,2.378389148398783
4601609.0177049395,0.11122778905241171,12.566058877868212,193.69779317789187,0.10248748377611351,0.2704281232877097
188507.15081954366,0.11571394868372445,14.612324534009215,732.8100302879299,0.1324970797528801,1.538998470988247
296.18751698923177,0.10938886394365063,12.426581405881365,129.70995494871192,0.09458664267909239,3.9857414856791467
483.37447311738913,0.11470774504429429,13.722913257220478,362.95160906732525,0.06938779472673745,5.512430073661285
0.5068712874187837,0.05577865096744236,14.218850553097019,18.337875389651686,0.08001012927551551,3.6120205129732805
60.240486503713214,0.11755333111322949,22.116023796113563,341.4305479920962,0.10122282079637647,3.6887889158107905
34.5549796289491,0.11134529088612313,19.432750972074246,195.80567891031552,0.10903310614473213,4.462026063300501
4768.459781082661,0.09627587611323926,18.10337957613547,355.3444229506073,0.14619601665459908,8.950605110584378
863.1136166951698,0.046063823178882454,17.31169245355784,69.94790220343094,0.08906126500172964,7.6116561018530255
967281.907026359,0.03637022219083173,14.77264544769081,448.2861799124674,0.08195506927042448,1.0442117278382081
2202947.6372630903,0.08941644080003767,13.879840286092286,691.700701615842,0.18106423430758412,3.0425618785540287
13910.47168897917,0.09934773536332042,9.148603346474703,106.60775572241181,0.13450034365067925,1.274448665381616
10.082355928164276,0.11588950968669634,8.704582569869796,80.12502909482521,0.10092854577933688,1.3901583478757482
1168.386105136235,0.08012011375727424,27.17505839298204,95.17865360034483,0.12352170114503971,5.6101630355523024
123.59113311594135,0.11894195911001584,3.4267337231773,87.95767852886524,0.1262303998060306,3.1782990111310343
46.275349851259975,0.10918004605071416,17.676359772654642,235.24651779314064,0.11806809658348594,3.6552263612567897
138.53499362748587,0.11400000000000002,18.722179378771948,59.076066372020705,0.1246971720468959,1.6594999999999995
2206.6089373861114,0.08728834731396434,11.435925727664113,291.3125459168082,0.1284850766720097,3.2602155892917484
17181694.436275814,0.05061982225646608,15.129539256632237,540.9089338211437,0.1208755105759682,0.9273837656418618
233.55521163314643,0.06476337225967813,7.079806565668877,341.04296070750985,0.0776783320192874,8.981177003249872
652.8945223923001,0.06819163447235338,15.655445496543694,81.16725998269993,0.12346810188774655,11.24078959449104
364.2860050105347,0.1027360651204592,10.252650915967859,88.5986207403817,0.09011200006358289,4.445805294517255
350.21961402145354,0.09893717455561088,12.034015341234749,73.2653062259705,0.07357675339147993,2.2386844188290986
463.4623213844528,0.09747157920469171,11.097825048702394,206.73790112699595,0.06174205816207168,4.551491947543408
386.5614895949982,0.08933600320921123,8.579632714055077,101.06720948701775,0.077277090643909,4.149318236330393
118.08791262563035,0.0949558299017635,17.516789377307067,50.652317795370664,0.09069052701536856,2.4170148370473057
600.0192940455916,0.07815887519381179,17.429585981486895,303.09759254676214,0.11489504711883411,5.020317460413639
1.0105112150546867,0.11944468170302866,15.721760987147468,283.907067731971,0.12071712157495702,4.842170152291954
15074.493870694678,0.05451620047391917,25.821636248528968,163.95640142468704,0.13051043294886683,10.709696789432517
7.466634110118283,0.10957458315248692,13.271958075493052,204.4758465358064,0.11596230461071144,3.0137728509924218
367.05986181929825,0.11611400539077125,8.217080109189993,8.81301089685752,0.13053209175883562,2.0236771551229555
332468.56533745234,0.08172745843187378,7.554222793810919,409.4412928033774,0.11583441069111987,1.1633224295050884
116.45266844906412,0.09657349620504771,6.4606011795569565,91.00581008986217,0.10472788875979872,2.6142124290901245
279.4422293140757,0.08393670925364516,5.095878970104156,12.913719599012154,0.11215574580697596,4.2741463078831305
492.3228178213361,0.11577004393111348,13.18923241515358,349.29008700601617,0.12438641191421546,2.857272355637853
28.14188326073861,0.11356909177084262,22.569210625214147,194.59510259984194,0.11316266190505551,7.583731179149007
26.72778481245247,0.11683064251816005,20.34739683182486,329.22176888095726,0.11395260391052187,3.3528928133912146
29.74973679789771,0.1043237373624446,5.782563715085164,401.7706463443871,0.11356687652884491,2.657732893325118
1948.1687528776656,0.10588158348115315,14.787880940267481,199.72108100186483,0.14677687207810786,5.639009362849987
9071.264376105362,0.11380608780072538,24.532379551362848,150.9650524769279,0.08895325883183089,0.8567772585471554
2463481.015337926,0.010053916946179964,29.288727991757515,126.83370037015402,0.0868823725821776,6.876824698691097
189.05274734365253,0.07870267617291726,18.411203670464648,79.02444517274625,0.06359696034484677,4.043622670458201
11.937684610605558,0.10921218404532704,25.589760968597602,43.23972774169653,0.11078417094876848,2.186868507590497
20.00099709196501,0.08733691370104756,21.20416914152097,65.77261839734098,0.09955326422241229,5.291452032085371
166.46400423203463,0.11271566712868361,22.535951552371543,131.39375055558588,0.09837858826293283,6.922764409072363
278711.31538938184,0.11423100595950543,11.371878375099165,504.2712220988395,0.13996869545672241,1.238429436558281
217.22360597624802,0.10578446792160554,14.261128959873682,49.65596361293149,0.10360247676218344,3.960435892311204
39.06444530466207,0.053314033979187964,3.7935720497527434,172.49662104177105,0.10582197104390395,8.241742825265941
2071.2059684562305,0.06890904932115123,8.697268845104267,29.551693290500225,0.1266913829427735,1.4974148826734215
399.28585773467046,0.11597853239515798,11.402360800432785,249.1068236667141,0.1227741110797745,2.378389148398783
353385.9907917456,0.039102619527092215,8.211197070204424,904.2936878133036,0.12603099762143144,2.5367726042370693
237.310764859315,0.11807320276980136,5.205615229947501,15.090766956916866,0.11688668742821741,1.2388112664161675
3400.054261711416,0.03570842150353039,15.707125979837341,133.0951052879251,0.08873716130942291,10.505477678311292
37.70158449139425,0.0961905624860905,3.0734769797194588,155.97507201122937,0.1231037306729866,4.2108822117709686
372.870723613206,0.05577865096744236,8.79682876308087,369.3059385762448,0.10119910073744431,4.3068757290241235
1094.282116137822,0.10041307378290358,20.618211913006043,341.4305479920962,0.10122282079637647,1.7674151793265036
22.915042148914445,0.11134529088612313,9.294523651241178,134.28145459726676,0.10903310614473213,2.2087739284904986
59.90497398787424,0.085120272207273,14.450782140332507,39.16894358145663,0.10890208927578968,11.566562383045866
1886.9736767955578,0.10330399037811677,17.31169245355784,613.0524404478207,0.14010214373601476,11.399912279566543
2256.529563982922,0.11626048879853274,9.108351789483013,736.6703290352074,0.13432060717984295,3.5152077450926105
715.8561880634787,0.10433142393393088,14.557923719095037,74.03420681289555,0.13415917049457654,2.0220039834795074
589.2241913959792,0.11655088625943862,14.310452658081928,0.343240160547964,0.1149939118086946,8.472611825502126
3.1450769782359576,0.08633009642300016,20.618211913006043,86.01534234568771,0.08125979264143732,1.7674151793265036
103.0419737221496,0.11839955164422633,14.381063903467242,82.4885017179219,0.14896269306693893,7.9492193878775605
44.65199449414634,0.11894195911001584,14.450782140332507,81.90759705157257,0.1304113655696496,11.392865636381563
78826.47541170284,0.09251577242131083,19.045580904329825,93.7473587619121,0.3193384426834833,1.5204473292002536
151.1741285632187,0.1017067002711703,16.370848708459242,129.18317980372916,0.07483057744491856,1.6594999999999995
55.684818223010154,0.0972326230499361,13.223191065182808,14.636018083898136,0.14221644986410137,8.87760645846446
321.58626304135356,0.0908726968650246,15.129539256632237,200.44148261720312,0.07141888467173269,5.345631819559436
315.2563258292419,0.1061409268609955,7.702573441259105,170.51131491413952,0.10580548380080441,8.981177003249872
340.3946621941413,0.11543447821049192,22.69894332430776,48.36778329384606,0.08291902266721596,6.465384016462526
66.32457456086988,0.05558311753452208,10.184604767534848,260.1957400595889,0.0720384436429807,10.788655921789745
1558048.5091140089,0.07071052154901243,2.0289530107609988,393.37629040207446,0.10058549575804077,0.8281961725680596
13981994.95477305,0.10123319571456786,25.650998041573416,310.5981973107631,0.1281790501630865,0.24692051745769117
4851.228084218366,0.06349786221746251,12.816541086834194,411.29829340212734,0.13209972163716827,8.421976990133796
5.334279204236112,0.10215395274377573,18.430036436533115,514.784518660881,0.09431255939125097,2.4170148370473057
355.6512636885528,0.10398905501887948,10.166965603315832,170.8275165800498,0.08910766204887416,4.404567602137416
133.56449210619041,0.06604608885675438,16.475750217401895,283.907067731971,0.05228745268570406,4.842170152291954
101.20440485925883,0.08715104801479624,21.107753961289202,300.8200451699938,0.09925633717261415,3.1058870372667142
3002270242.0941396,0.07958237010364858,11.108664771462745,368.4632780246319,0.0704732610759056,0.021240088019573555
336.1771409444174,0.11611400539077125,9.357605506779402,339.6302377680939,0.09455142007260375,3.669577714218177
104.14354350271233,0.11203746877648857,17.37625423663566,135.72832578894378,0.1131891204866134,9.245858828013969
18311.410924185508,0.09403205224324647,6.737195336763495,198.17389336730963,0.12201262840657144,1.4346051941251723
582.5983269828721,0.11887792077991383,5.290196180851,270.7417203252944,0.08844221430890095,10.440820423203217
9873535.439155612,0.035124558190674365,29.40732784717455,445.5040231317009,0.1539053977774617,2.857272355637853
5598482285.441437,0.03603711186906171,26.67256408582969,194.59510259984194,0.0742743085239008,0.14513557682999068
529.4503203242989,0.07670549263714983,2.4567769316493493,185.3110790803562,0.07298204865465605,9.402364597923743
394.10425524036043,0.10613930818035316,16.29081690325303,149.96900916231237,0.07273507825665923,4.551378913278477
291.1063688882085,0.10588158348115315,13.065768551907667,454.03846568038915,0.08664496674935279,4.216616180608635
73.0638278065478,0.11304489158043138,26.491730900934584,68.92676584883594,0.10746799778783797,4.54102530490025
529829.1497114662,0.10967289534532443,4.3559616819041285,122.55050194276475,0.13289292770486777,0.3677729569077304
502878.27135069063,0.07350038995541171,7.0712844367968035,221.18244514412203,0.09236903135955399,0.7493909097047755
74.66233692575557,0.08824541858500806,25.589760968597602,345.30435168776467,0.08220706108003803,11.491299161899434
2165.9424131822534,0.08733691370104756,9.503606229344863,139.7622216008191,0.12901535599919012,2.3623906773442247
3.1321238867229564,0.08926097502904634,14.354278702324391,83.59956371392536,0.11921554524158001,6.458848188497571
8.143477793281223,0.08855406946661666,11.371878375099165,24.334574935678916,0.12807610958953014,3.209630644958232
101.90774809846883,0.1114229006796233,11.909232406197406,129.11140497828603,0.11792089550106742,6.746124534030576
62.91556509221323,0.06735457637989202,17.259917882573813,132.4308447765453,0.09925347488398989,8.241742825265941
3.3589354752257883,0.055768171297989604,19.004077372623055,377.1449238740158,0.06451363422375464,5.683354585774855
210.75236983921278,0.11597853239515798,15.520359949996305,283.06796393835316,0.09621334630763412,3.691726617918346
1797398.1273993603,0.02064738272211479,12.566058877868212,125.81959533419672,0.15605270650736858,9.93435113824631
361.77011913591394,0.11375331607707259,14.359915513668048,469.79729688533445,0.08127612675889265,4.079915111808613
2346070.130671991,0.11348951162991858,15.706654301063718,47.381037959391676,0.08256957599789644,0.11727356158596702
745.9627490295503,0.08723827535937444,16.176453241086115,521.7749155345078,0.1277724001251187,10.840242751290768
8.740096688521493,0.07907995163032444,5.620032729152561,479.6268925206309,0.11571523607575679,6.62932078894875
304.14895681826624,0.11898496078647922,14.843974313509465,653.8637599151292,0.1230214942769054,3.6887889158107905
466.0099942075085,0.10798195781481805,22.900919376356242,102.35361237224294,0.14067984653641102,6.502120180342139
1795.6820162636118,0.10669196514046259,17.88546467109234,385.08657328858374,0.10890208927578968,1.840495957936871
254.5140778810063,0.10001006196371226,16.34271042920051,148.78167238939034,0.131764408504691,5.951073738015789
296.4739607121138,0.08677696882884235,9.108351789483013,563.2293901478585,0.08365338709084111,8.003963411695846
8.704461318716923,0.06084615353277756,22.69894332430776,48.36778329384606,0.05825982261563392,10.164982950659482
34.618071201027576,0.09148942250092464,19.948527079596847,136.23564901968945,0.10128505865464503,8.472611825502126
191.92581009186927,0.09886899134849839,10.058977191062999,111.05845747355613,0.08125979264143732,1.7674151793265036
151089.5493513209,0.08868595421509098,5.075024560527572,95.17865360034483,0.09406189150352764,0.5882451878053185
18.85719310452228,0.09353982885471285,10.678997124713712,101.15494118485788,0.1304113655696496,8.967670892765536
67514.12349282936,0.10406158938533573,17.676359772654642,235.24651779314064,0.06487693917959314,0.6442132362537762
5731.145110686675,0.08646336851496395,2.4843728681749297,323.25624703979065,0.11260233579475602,1.6594999999999995
19.186169964664863,0.11456957665155876,9.145905042088074,354.61687226631614,0.1284850766720097,5.261821886958596
121.91790941886273,0.10720372453686974,17.683522456795053,134.4911877428898,0.0952013188315469,2.8905362791204574
311.6141058358501,0.10061126804281177,7.702573441259105,93.08515610856256,0.1047909377290786,8.981177003249872
25.640314103285554,0.08724917215543442,10.86173558533021,115.10184007858282,0.11287747756878502,8.274140184520473
59.16275928390945,0.11446362810042954,13.696466301051133,221.28982792283819,0.1151634540192931,2.4153949530965084
329.12695028569595,0.10965852006256868,11.391548619747176,168.6143314112067,0.09046842841743546,3.607990609550219
102.2985544185232,0.061160421534814415,14.324243470588108,201.8590344899054,0.06174205816207168,5.5161802936477535
115.45216689049226,0.0950675696265984,17.06334417815233,204.2286050950164,0.09612666905667466,6.268792726150248
1.7815483615136207,0.11342778825259837,16.519699060192792,888.4444918607816,0.11055760109863977,4.685857419239346
2.518073626346758,0.11479234899727311,7.921715388396832,303.09759254676214,0.1279920905494219,5.066909568432701
510.7157156907954,0.11944468170302866,15.721760987147468,108.3778756478431,0.14856382088643533,4.112576544814577
28.836294603094203,0.0777589025103032,17.490580679366868,418.76454669682414,0.073050579061674,1.7344558554343887
14775964.642336149,0.10957458315248692,14.347928616158196,204.4758465358064,0.07399081276567412,0.24141077022060475
23464.52851526126,0.10393583357233396,29.73560798617674,224.7592489211968,0.09924858304359835,1.0220730775021813
378.31980936704133,0.11105233565452935,19.20184514486472,13.901568104618093,0.09063162753869694,9.245858828013969
524.1360337225774,0.06714632340198018,19.293800647244872,3.5480199217678887,0.10861297366844183,0.5806910325190175
3242.9625102703685,0.09909976521437555,22.844255401527867,137.52147804953904,0.10032816930151227,1.2181161831136187
236.6446516785999,0.10871911914788648,12.622358991593536,54.636582586420445,0.1040968845084654,3.497254041335873
8864.502200749062,0.11356909177084262,11.037555037582631,678.806560253304,0.12923417166282242,2.381987555204245
225.08410316447376,0.1150009563786267,10.681982818101522,329.22176888095726,0.10866138557747382,1.9111053657800081
32305.065457819073,0.06634602047416968,9.227499407075275,284.09961920639677,0.11772343419532366,1.778047614722178
120.77884419461577,0.11665461514061559,4.112210714401364,139.54051327832667,0.11562801150677747,2.758579720769857
1.502854318630265,0.11392551878086138,14.483358761271697,59.71214559530665,0.1289187213087848,2.8099452578345137
109296.85760007061,0.01970171083933598,4.3559616819041285,179.76510757224878,0.12044909238981351,5.646140853681254
62.22005675498491,0.06418810206212354,18.411203670464648,73.58753871872989,0.09552684050582175,7.226627380688836
5669.144858979138,0.11384212401386651,17.094101648393735,43.23972774169653,0.10022600311284928,0.6260129486299295
58.13106975835591,0.08733691370104756,16.338541918398167,56.03346705387759,0.10449812050955365,8.630165191341831
168141.2771411737,0.07649406091895578,2.479332457496648,83.59956371392536,0.11921554524158001,0.6988591524580547
1616904.9282285105,0.019020498987568614,17.545230029589817,855.8828098858032,0.11562545880415843,2.979308182014898
356.05722566640804,0.1114229006796233,7.802292967399187,542.7249058370644,0.07800708693628103,2.186261118834799
43.3488991116129,0.11545540330814205,10.371767673557937,43.13243600284795,0.10578924390978701,1.3620144243021635
15888.038403024922,0.05600780454908015,11.972287917617008,208.73433222903247,0.1361467085620378,4.532475356604735
464.71037526913256,0.11715136885366663,3.4420640382344025,476.9432002030146,0.09166984449015228,3.2859880652414764
10187.445862930297,0.03980183427733587,19.803845426000834,65.40869404401559,0.11374468989771386,10.286845156432548
0.2906333347124874,0.10606756942851464,15.711127071754557,534.975209855592,0.09162192839623162,2.093099266975261
6933.087322326754,0.11348951162991858,10.8569309474239,249.98861846181754,0.10601924642170137,1.2228128158591334
28.089537180150742,0.1197672920183808,3.0734769797194588,440.3946635303838,0.13447534796031135,5.512430073661285
29673.725228028976,0.05577865096744236,14.689773151663573,253.85450718429996,0.09128096071314701,1.3006703905307218
261.30937763419104,0.10041307378290358,3.2345746196347314,82.6080673031164,0.1138000128038747,5.207313404340131
219.17514579844317,0.11829653747074118,18.580494011312364,195.80567891031552,0.1090408622723681,1.7889876861575464
220.23766883813275,0.11379533700728652,18.10337957613547,8.92274860519251,0.10890208927578968,1.1925101143605676
122.24894762614548,0.11393364145644518,12.999040634017636,148.78167238939034,0.11490427450754107,6.221548305858573
116.64546021113846,0.09366192656245953,16.72101482719359,104.18938947357691,0.12960331274805253,11.207879428802354
486.910292131053,0.09485111617070673,9.14644243133835,159.65696819849387,0.06526587901942738,6.409366036650637
14458052.120447874,0.10112323615823104,23.86116679116143,87.36630212833944,0.1026554984536207,0.01407202556595788
90.56334696277122,0.11675318997733161,17.133680113386525,60.047009205404095,0.10061308815055808,1.7674151793265036
150.72526497317688,0.10083363012171542,21.172875096321693,161.75674970809297,0.11950794435788432,3.8872788789819053
399.18744469134003,0.09785661299346915,1.2321115877705449,9.69700721663321,0.1304113655696496,3.470775892365734
181.1585841389684,0.10918004605071416,13.337078584591994,115.10184007858282,0.10150508273559197,3.4504036126952213
284.067090779881,0.11622402525659267,13.420000000000002,45.4857137086525,0.1125246675018377,7.901305107532399
34.79825729259302,0.1180395088683498,9.145905042088074,354.61687226631614,0.11110217850812398,3.064565011446459
128.24208805583663,0.08501736447787522,15.129539256632237,262.21384393988114,0.09124432002231778,10.967215976328411
2624054877.289481,0.06476337225967813,23.06903604114581,341.04296070750985,0.08182636095136211,0.05485935608428694
143533.92819279566,0.02628415602860623,11.554059803911995,341.1011456464523,0.1135408618712222,3.0514527131926235
1637.652060604159,0.08355122162615208,10.413508228061806,269.7080991093102,0.14059762735628972,10.279370602024184
1603.8271443333224,0.1122681690808507,9.644856893618499,653.4775431424333,0.10406085344311582,1.6897875781379597
10.377656055158564,0.061160421534814415,13.008194343829436,303.53934055567186,0.08090750445818021,7.612889146064891
989.5350049121095,0.11193341309828714,26.58805359782363,272.0887210199081,0.13209972163716827,5.082188182756973
60.838551872374936,0.09795980912227362,6.454261859036626,72.30146782399726,0.1448754894784307,7.721844405338458
402.727580652697,0.11479234899727311,3.0771956181923272,257.2588057690154,0.1279920905494219,2.3989315839368084
265112.3070796946,0.10556261753701343,11.692859942932746,265.0400448242408,0.09265997843059659,0.6708168753800328
361.3775797445429,0.0974010336110965,17.490580679366868,237.08191621339483,0.06344101929213813,9.939730948808114
201.02336103191112,0.09027018424307383,7.907290850597528,76.12930624337997,0.1322445734852183,3.0137728509924218
161.53558655944113,0.09915916684811582,14.120784716044035,24.57661213742739,0.1118426787903922,3.669577714218177
177.38307407139052,0.11203746877648857,19.304441236800375,247.7695570398279,0.0922320495214258,3.7539963401847674
39223041.53702296,0.09403205224324647,4.399433558405073,207.51588201050737,0.11529678268106573,0.09915877764942316
25.409750169353327,0.08915416759015887,8.356271599264804,140.98472417929997,0.10855368193227631,3.6249716070570304
433.88516001872796,0.11534699161378782,29.40732784717455,110.0949725585557,0.1391648303059162,6.131417634769951
4.806770796296343,0.10919952164893862,22.569210625214147,121.65415198239901,0.09806927684796032,2.0708154354315074
289.8844961492831,0.11728357563308295,24.95807141948825,329.22176888095726,0.07759633602159599,4.987610678904192
1338835.6863908144,0.06634602047416968,14.920102549434544,284.09961920639677,0.12299023452807324,0.967327552493412
242.55585637677024,0.09706052432961981,4.593433204069612,209.72072167148434,0.1374447190971703,5.115212121766506
338.79555106333385,0.08759753907198174,14.362362939870989,44.38523980678076,0.06999538612869324,6.320675790086184
88993.00221399983,0.031005868290172357,4.3559616819041285,87.77954474292517,0.12280548459330419,2.1806377722925205
104337.97227591772,0.02066669655062449,18.411203670464648,780.371186686571,0.09990374100384744,10.358274413317588
399.12501929780694,0.10772144617877383,15.42708975532766,404.28994870454346,0.08482247882646324,1.3258658938093877
1.0426890100581858,0.08733691370104756,17.032046765440935,63.97527443446381,0.10453994919321327,2.5960023963171612
95.60268708473632,0.10962287689894257,12.449175347592316,48.106837202314296,0.11028801201215954,2.1416314977848216
46.935181112643605,0.09792383763843018,11.371878375099165,265.2027392234025,0.10828545563098918,5.0826394191335975
1.4407421178047501,0.1114229006796233,7.802292967399187,200.64063318844325,0.12543965560405523,3.8038813175006823
322.7304660558292,0.11813680311228365,12.344011789692503,342.806214903325,0.09925347488398989,8.241742825265941
7379966.222395135,0.015537142890486473,20.44935088248383,377.1449238740158,0.131453780565108,3.601209515195183
101.7035102143384,0.11597853239515798,1.3042677997375822,274.3245140597338,0.12574456933335273,2.5832036625218446
210.06053684916407,0.059696929403384995,9.670264605111143,74.29373826053518,0.11529309739610741,10.286845156432548
147.32602397863872,0.10606756942851464,11.578024608766707,100.76956967472307,0.12207663660587688,2.093099266975261
190.83528954218934,0.09236026806713521,17.162670076367682,8.205830106160931,0.11404371283762495,4.708134245301624
87.58037327224804,0.07313985527834012,18.343966870652434,548.163801057359,0.06869761901019678,5.512430073661285
26.656321533980606,0.0771362805253558,14.218850553097019,148.6338861096819,0.10934491735710218,6.598187905098998
656.2529557654711,0.08209663100845176,2.7324334980137035,121.55080953479336,0.13661387342005693,3.510108996765581
6294.265449312774,0.04218671520566346,17.454987586618365,175.1457043110376,0.0870039159654381,2.2087739284904986
647.8013156172738,0.0821174892769382,21.75560348339839,115.85239031839512,0.10699231120853786,2.260789611836837
638.7126645072292,0.06363584445307807,17.31169245355784,148.78167238939034,0.10989485505166482,7.298904888686787
170.96166469609113,0.11391274150350375,9.355431545006496,72.01128762715456,0.11821773410055526,4.313190862327102
111.83885678151523,0.1016605405082026,12.726231659338138,253.30165011224847,0.08400171102381623,2.0220039834795074
491.95294141936915,0.08288518238130306,15.724887176857155,286.51920075622286,0.10932327896033657,2.951255581181211
0.06464884925373454,0.11909610907771134,14.87073141576198,301.71363534373273,0.08125979264143732,1.3268164310304247
50.97711322255424,0.08868595421509098,25.63607732633009,95.41357444753379,0.0826540414150834,3.8872788789819053
40497.60118732558,0.11256653550310217,10.678997124713712,419.1468663157455,0.1304113655696496,1.6447793856598212
2697.2313251488704,0.0948906196873219,17.676359772654642,233.56989396424632,0.1419129182053484,6.513987010373566
53810.0380839823,0.04209022378428276,19.77139689179196,113.89174742524386,0.129741507571228,3.4599305605980915
199.8633381560301,0.09680932326003233,1.8590419692421207,241.755707648015,0.13675275110087964,5.5169600312457945
31216.63135288503,0.055067185867458186,25.038551094669614,867.5730434702307,0.1077769758505167,2.497605374342032
4075301.5394370416,0.10697993434655671,11.094272436334958,341.04296070750985,0.10250455538714764,0.4193551568993579
147.57456629577302,0.1151258573238795,16.375869508085295,160.07308942118271,0.11287747756878502,11.449563524703029
44.609463424198026,0.11851473377895083,9.433171195584052,214.33997819009056,0.14059762735628972,10.788655921789745
351668.6768188537,0.05161683891746534,10.788998879158019,653.4775431424333,0.11466036367077201,1.6897875781379597
509.41401246679675,0.1121001711934278,13.008194343829436,13.735884867811308,0.07830339191495489,6.061607232970184
150.54831351515338,0.0950675696265984,2.8127055676088553,611.226585029859,0.11411845255316908,8.421976990133796
286.5846689623731,0.11147310209606547,11.624111773876457,244.24368783230273,0.10280068284704844,8.662930507678565
3630402.795346924,0.02351465536016572,24.454238180012617,173.59483539547438,0.1279415517542653,2.0163995380753166
61.43338160337065,0.09350996565815074,5.404196988163578,119.402482883414,0.09915118916494184,2.042725774972694
126.26293343847269,0.068651630879736,13.172938919845848,418.76454669682414,0.07216502024123045,5.967380512792694
47.12847180549503,0.06984183703455031,3.8891393892885446,887.6122002760067,0.08959744412653647,3.1240054543188407
266.8462906561148,0.11611400539077125,29.73560798617674,339.6302377680939,0.07370992845823715,11.505613025575919
54753.6739876512,0.11203746877648857,17.37625423663566,974.4379527878007,0.12130862724821646,1.76784964549587
90.69563766076901,0.11325782594183569,9.183449638899937,175.69344979839218,0.08346386730156408,1.4346051941251723
6219.86028622794,0.0729292223168515,22.844255401527867,78.78157621316961,0.14412516521368912,5.449499793669521
22.500299325843002,0.11631866851506534,29.40732784717455,54.636582586420445,0.11263742943164283,2.857272355637853
143.9253386978445,0.0966351147410718,2.783892416705255,413.3920155154529,0.13282762385221497,6.140299406598773
155.40626392979243,0.0630479370552554,11.784159750152202,1.2201852901505958,0.11578013922866219,4.420505105653717
39244.59790751337,0.06368830296307114,9.908308283900372,69.76956079872565,0.11466036367077201,1.0861894518069226
221.849172909819,0.10054111679146424,18.977408514952213,540.7030211028572,0.07009288962511281,2.758579720769857
322.04258215219454,0.06654835652725752,6.066413172331785,33.45273890606484,0.1289187213087848,2.8099452578345137
8267.96179479032,0.062388696971606095,17.511455593565238,179.76510757224878,0.13523740555535407,6.876824698691097
11622456.168020949,0.09143924108908623,22.065286175315535,690.5903657146109,0.08542375269640012,0.5281091560775453
21.42581997165791,0.11151592438184588,25.589760968597602,262.2317245765223,0.10043648296716992,3.669566737833786
5443678.2937154565,0.028192801776212757,6.209021534404119,268.6373440960548,0.08925496447633621,0.9626142056506559
138.89563986729266,0.11214431053787904,25.057179880163932,83.59956371392536,0.10193769496106311,11.978672771271391
27.84908894088878,0.10471186464160673,16.04796392814547,23.875902233205466,0.1394774441626515,10.32555421699842
357.7807493188474,0.11478806715289881,13.810810334989643,23.631090399692596,0.08094923871168469,1.4491442371687144
34.16846541741377,0.06735457637989202,15.32419889180379,6.652750966712006,0.0734020700384215,1.140495515486803
11922.92310936069,0.09317051521779979,16.94198373656117,438.6720605395713,0.09430095714997414,1.2681845635009665
294.5810469837947,0.11597853239515798,10.911799703078257,118.36159505881051,0.09166984449015228,2.378389148398783
0.18493110413089558,0.09037563789797659,23.522095166398714,213.72883095287466,0.10239289899458696,9.293311431091519
9114.716318539045,0.09316109430333304,11.507683964944643,112.64847101508923,0.07068234810891225,0.7393007519709389
220.3062495496327,0.06830565578113997,28.11515441326186,204.74944804823792,0.07991622264951104,2.9878650509095617
103469.20102716173,0.032898193566940015,12.896294049768722,913.3308206214301,0.13584245828282732,10.61309500538387
173.0263205295987,0.10100450127453359,11.569069883153215,948.521423970318,0.10301758745946865,11.579950295468667
283.5971505738197,0.10119550700658396,2.425361031152013,208.15942942617494,0.10355726916922148,3.6887889158107905
438.8538534628101,0.11637105887529069,24.470201653725294,56.413236797583465,0.055154282034304,10.568276892945176
984.5599819722815,0.08830881074040509,11.02159539640672,115.85239031839512,0.11607488800375068,1.863415392681575
357.07440137663025,0.11647210745283632,2.7326409017576765,148.78167238939034,0.11020475720403557,4.1908518787710625
114.47121589069685,0.09845260607719823,9.221457604723234,140.64477178903957,0.1123593911600667,7.165685665622518
7557.906422535092,0.019871543971900364,5.064918308923163,691.700701615842,0.05825982261563392,2.2848316272710996
1770500130.1656404,0.015642530719126378,26.793657739611895,353.0570705642183,0.15461339609158814,0.9821445362558769
318160.3412172123,0.04409038257757346,3.5216764345606695,429.56333841968575,0.10062869163941535,1.3268164310304247
1.6105710321403621,0.08977841635940972,14.653844441096767,271.9560893967538,0.10204615198876958,3.8872788789819053
154.16387001622707,0.09353982885471285,16.91328212557276,369.799107907029,0.09131572902871252,8.967670892765536
65.55960706531302,0.10918004605071416,7.114178251851617,129.14948951752473,0.1293029303762777,2.7644314114587347
772378295.5416625,0.07090875092769733,13.420000000000002,191.6195828909572,0.07229539244856314,0.06966558916302379
712.6134507572056,0.11456957665155876,15.904641448022945,155.06165387803105,0.0877102498096502,1.0668508913776282
22.437031071957996,0.05061982225646608,15.129539256632237,198.3541061616104,0.07458204913004379,10.573032802708939
47.98814620061634,0.06476337225967813,7.702573441259105,398.1010146453631,0.08904975568246393,5.886174337756403
133.36711190793898,0.10734774205675246,15.781274038040674,154.96489074318197,0.13509108209463982,9.122624686934703
426.65258839812856,0.10852126350991859,8.266804394248584,44.82753026133025,0.10123943809041837,10.788655921789745
330.95848894720916,0.0824453312972175,13.292368764664062,38.475579032453425,0.06805173111974591,6.548526547492166
2203.6326804183623,0.061160421534814415,7.169164385271072,55.095250608338404,0.14396947899574647,8.653368423957339
979.957188905677,0.0950675696265984,14.224155438246244,263.1487424066704,0.13753894624190516,8.421976990133796
147.08404256250125,0.07639404349387661,0.7446694422279982,50.652317795370664,0.12782261523962168,2.4170148370473057
78.44759942812391,0.06709727385831864,2.30345173711855,47.64640845029214,0.1279920905494219,5.066909568432701
13.132066763715567,0.11944468170302866,25.56173170513224,128.9697163599518,0.12071712157495702,10.413114399944266
427.1417029742096,0.11859875550119817,17.490580679366868,418.76454669682414,0.10191888987609445,1.7344558554343887
159.54993291679492,0.1116137474144216,13.018199535226103,46.895489280039556,0.11459981497717586,3.3756466807938503
0.12345766761884583,0.10778590052217424,22.109997116505305,339.6302377680939,0.08579193174997546,1.814872889575783
14225.353274431964,0.04088825074446555,19.888072156759122,347.75024885798445,0.1131891204866134,9.245858828013969
8046.588323719848,0.08980937895828373,9.644052760718935,617.9119122914252,0.09714249653835533,1.4346051941251723
120.90955241044136,0.1178508979186828,10.102210907968571,30.19574595426326,0.13824177388180717,3.9632465235417476
795.9472212606246,0.08905273791458168,29.40732784717455,175.17169315206638,0.12039064360050136,6.576451167402192
33.85065044017247,0.10919952164893862,5.7030161734065725,417.9087696338348,0.09806927684796032,2.0708154354315074
155.20912255237653,0.06640418523225561,11.784159750152202,329.22176888095726,0.06691474235357842,4.987610678904192
2.715381867239933,0.07158727516634318,17.939956607607964,284.09961920639677,0.07023976573322027,1.9654153011689584
392.1519024586678,0.11641546930832447,7.296321346986753,316.1266999548954,0.08743144153477872,2.7263051972591024
90.86958950367675,0.09756611200317203,14.483358761271697,273.3873134002117,0.089962066136521,2.8099452578345137
92.44676372575717,0.05631864321799238,4.3559616819041285,180.7889442029233,0.10835574221638701,5.248789789684937
454421.713804441,0.014042144956166902,18.411203670464648,448.09197676953823,0.09552684050582175,7.226627380688836
3750.9616925450314,0.11790700077995847,16.944314527006938,134.0034890846636,0.11078417094876848,1.1324368718537698
117.54675149248665,0.11920141186153155,14.587104526149384,311.2674984380539,0.10453994919321327,3.5747249753083508
334.281789878965,0.08926097502904634,14.354278702324391,118.02536395613396,0.07101824632800213,6.458848188497571
36746.194613270854,0.05786114742777271,28.054813907962778,65.77109389700848,0.13996869545672241,2.370795548509008
213851.78886569678,0.04888392918253377,4.119127850020879,931.4930028904937,0.14474393839157879,3.8038813175006823
600321.3766697025,0.047751252574727246,18.259578181605153,156.8153109834301,0.11677031509126384,1.1802141037140705
332.04709837858803,0.07359652310135309,11.44218618128636,377.1449238740158,0.12110401119280421,11.403370363436753
567.8995379808078,0.11799807102969287,7.622933476343368,19.80201588356914,0.09166984449015228,9.871227607818351
3809811.7139767194,0.08958329468503164,23.522095166398714,301.96028732648153,0.08665369332052958,0.48524978091230153
142.59336643341055,0.10606756942851464,21.777684881588474,45.10502040517309,0.10532678397330239,6.754294670298785
16.63224525248159,0.11348951162991858,28.11515441326186,345.2935580043745,0.09458664267909239,2.9878650509095617
1053.094410616184,0.11656475393043123,17.903855594707206,575.4535617380869,0.13447534796031135,5.512430073661285
560635.2639645359,0.02006599971650779,19.272855367924773,161.18799941745908,0.11756410078157559,3.6120205129732805
1363.9491272811335,0.10233968326403448,19.697692980717108,422.5902611700407,0.12025082843199769,2.9671777792940226
28376176.43511589,0.11134529088612313,23.222007507724044,195.80567891031552,0.1110292129662057,0.0474819534843931
379.4706964677556,0.1198457988849655,7.432710219976424,135.01914676382654,0.10890208927578968,7.070917598617395
8049.604241083558,0.06363584445307807,17.31169245355784,66.41526253600392,0.13976023426677972,3.5208262196447233
619.0282893791614,0.11517352145316616,5.905530356207912,113.28998206843733,0.07114835599577851,7.658388082640862
6356799.622760876,0.026905406584054214,16.36889725775225,519.7737865216111,0.15628251949326644,4.842193213785443
131.51916025774338,0.10892075722520761,21.459336588817933,498.29046366044236,0.0951827497108006,6.6703129260248115
142.37188256175514,0.10092469816718944,11.557703641816762,355.8723151628657,0.10300541380733612,5.911711884089952
95.99848067927212,0.08977841635940972,24.81926149967923,11.25506223102633,0.10204615198876958,4.229361997879493
803.5685459310333,0.06340349832158812,1.2101608159038477,129.17964667537473,0.1304113655696496,8.967670892765536
33382.040777523376,0.030065389601090328,16.33477979066099,235.24651779314064,0.11353004076715585,10.578742301541887
6287.139513103299,0.09944179732966449,12.084042881458927,99.98000000000002,0.105,1.0166424841161366
0.6123273295491103,0.11456957665155876,12.848063357819795,539.3350776586215,0.11904970662762292,5.261821886958596
321.1592688817032,0.11113001013392111,16.403730758083253,122.66112826879481,0.07458204913004379,2.1986219798149502
3018.222130507552,0.052320889298113585,25.037674153170368,204.59063896773768,0.0817444670819649,2.1695665652590104
8561.000259247267,0.02795279736065398,16.25946585625613,434.4270747363502,0.07336341866405485,6.103415007955154
66.07777910019225,0.1027360651204592,10.252650915967859,104.42656001261258,0.12675939249322107,2.8528325706293605
136.32019637814912,0.0813249417633749,17.8140215703688,252.74046337299504,0.06859265211477217,3.0561597314298563
261912841.82953405,0.06232682059727729,11.038170051138735,894.51636093365,0.12641096200417895,0.42963267823896345
268.26862127494127,0.0950675696265984,12.816541086834194,101.06720948701775,0.09190175484554713,8.421976990133796
4037.350193190567,0.04913842194960419,21.940063894038243,50.652317795370664,0.09967231298649906,2.4170148370473057
4193.725737495617,0.052959500713434804,9.987232856482853,119.40846217608544,0.11179742352174707,2.444440622385227
209.16514499787846,0.09343208221685269,16.361483587781677,283.907067731971,0.07683700758693957,3.6081658100518723
2659.0532332099265,0.06164912748099998,13.807530999185886,418.76454669682414,0.073050579061674,1.2932678637492199
373.61742325156627,0.11968438794212698,11.816563963727308,204.4758465358064,0.09508110706497655,5.553684844800388
38.64887520087419,0.10778590052217424,11.400246012600785,117.9804446411398,0.117820928647261,4.055006918427708
0.406036485745989,0.08109253677293816,12.44350187347251,135.72832578894378,0.09740160925590832,2.653433585709829
5022.888082160052,0.08135409699450341,9.183449638899937,349.63546274751667,0.09714249653835533,1.4346051941251723
31.272547037893954,0.11322379944248229,8.447689516132487,198.00262999957,0.11717941281692817,3.4187819564404807
10.290698617124715,0.11534699161378782,11.27258354471589,85.04186355581675,0.12438641191421546,2.857272355637853
436.8210485471217,0.05953702137082344,20.047045424194554,21.421173275297292,0.09806927684796032,2.0708154354315074
19266.482115528695,0.07670549263714983,10.47851641221832,68.75717832459924,0.13316299241306043,1.2962472295266618
54697.09080907289,0.04896161071340629,8.323612137425972,223.10109272294432,0.11913295706970044,1.964182118747031
163.34677839487006,0.09602106673888341,13.863556708295372,136.82023133105014,0.08743144153477872,2.758579720769857
69.88920590899247,0.1156782931157579,14.483358761271697,59.71214559530665,0.12428772697427616,4.180734470643774
203.0439545342639,0.0875287249737442,10.972852105775107,403.58284671802323,0.11190594301783931,3.2277364299936493
2.124545597971688,0.10903766029151077,12.007349289230367,473.89369362074706,0.09552684050582175,1.9834508533834327
551.3571242411364,0.09520042358124006,25.589760968597602,361.8011153257695,0.11078417094876848,3.405634237146889
0.27971796789959075,0.11843596827439734,8.807457088238298,332.46981380158365,0.10081241570840997,1.8607664212875505
40180.41401068191,0.04145779121167359,4.715242367449772,95.29444708737361,0.1148289253108013,1.6895312624208456
269.4154380719433,0.11812636659415493,17.980302622761865,23.875902233205466,0.10683697049698457,2.6693684621199134
451.57730851388044,0.1114229006796233,7.802292967399187,353.0649070843864,0.08195193039507306,3.445475156298204
9.999221496681347,0.06735457637989202,10.371767673557937,34.3070014657456,0.11549687793343574,8.241742825265941
335.67642857078727,0.11286647085005305,6.877420446680034,162.9076626952678,0.10638418699235352,5.683354585774855
854.0216858692708,0.07835233394821955,25.954209245877152,476.9432002030146,0.09166984449015228,2.378389148398783
88.80315456463465,0.09037563789797659,24.25585417873817,572.3792922504183,0.10849216961403041,9.293311431091519
65.41654611043856,0.0802968520225459,10.210783394151328,182.86862922023312,0.07945568094997207,2.044355065095245
11.409678655185193,0.08809258300622401,11.894710184559415,268.98368584955267,0.09675133903007915,2.9878650509095617
178.97203097036206,0.11656475393043123,3.0734769797194588,198.34892619687315,0.13447534796031135,2.88326467734717
3786.4640415511863,0.05577865096744236,9.594737329981044,114.06048751288233,0.11525734901483149,2.500644935996574
7811.812001619007,0.06515520931305925,21.25195169526439,216.10926658711765,0.12399170977007423,3.6887889158107905
1502558.4040169795,0.029411910940090637,12.516283604686741,350.61111041034883,0.12789227075235798,2.2087739284904986
785.397420955544,0.062186107631780584,7.158439952112843,24.291236814014894,0.14095197161223078,3.8401513516743355
8174.865818018407,0.08453025198606569,17.31169245355784,345.74363992128986,0.08591102361649097,1.1775083459621225
166.59834916185716,0.10602751465797783,9.108351789483013,257.9553167695682,0.10193624066780763,3.642183599921197
127.99490908514386,0.1193451652921007,14.670351372723168,65.86860183215504,0.11927434349859085,4.1496418630010385
3504265.5353805088,0.11438285136775857,4.234767180212463,214.52054078717356,0.1149939118086946,0.2837041235363644
2.6004008195384594,0.07814054796417173,18.98490020311653,103.74584134917984,0.09731042202557841,7.9016125996552615
931.2040273626814,0.1046778253763806,14.653844441096767,506.96034812040267,0.1341975334241845,6.340062725618606
3.9077316000947704,0.09743540104320961,14.581731514174042,23.163435875376308,0.1304113655696496,2.286768691079176
55.46362973117202,0.08810179969087131,20.28398635079103,46.37734193173469,0.11806809658348594,3.072750407098412
128.51583901223225,0.11070781771612034,11.09992255362584,99.98000000000002,0.105,2.599572300198827
0.4380594844437603,0.11056504871954165,11.962614318200693,117.71678751468926,0.11974320787182088,2.737275342689607
10.575349000544819,0.09983102688011639,15.129539256632237,184.0500289351208,0.07458204913004379,1.323672478767958
17.340001431914743,0.11247507125922554,6.43969261709508,341.04296070750985,0.11807192100884639,3.6859309902169324
16.766464163234144,0.09338988341997409,10.86173558533021,175.41492766707745,0.10858276943642524,2.5844018851777824
9.140006798307649,0.1127316177892466,9.533284194346182,110.65998588341876,0.12781805105213662,4.134740333241893
2887551186.489856,0.104429570685069,11.88120803641246,653.4775431424333,0.07357675339147993,0.0031299361933951886
23236.101614741987,0.06819017617640491,14.413657940323604,355.846902834479,0.08807111561071518,1.207507145357054
124513.54840995831,0.022002286847919494,6.3098149056075385,101.06720948701775,0.13209972163716827,8.421976990133796
71.88532011095887,0.11766846282720092,11.225048474344401,38.33797897097668,0.13378020539593183,3.07164684732642
1820.4274376946537,0.11479234899727311,14.595699900226643,511.2639945809433,0.13932730747875008,5.08185096354498
5.706835107167192,0.10277186747055098,14.20746702161699,47.91073078931237,0.12222481667769809,2.08468723292868
268.5915916913218,0.09832712519926913,17.490580679366868,182.6414779603893,0.07783827227953846,4.60261152013763
5.710431700876004,0.11220053441465744,13.346424941534288,164.9343901024169,0.10773379696161159,2.031819334754206
1.7953723683624716,0.07557297960209658,22.109997116505305,199.01869689330897,0.08579193174997546,4.13337040022585
26.50083901249199,0.08109253677293816,16.437397554081095,135.72832578894378,0.09109180432501757,3.909180399154577
172.48288515537882,0.09403205224324647,14.81247024802191,10.68352156953091,0.09714249653835533,1.4346051941251723
49.01859247469397,0.10371889648112116,4.346608078232267,61.019906387100946,0.10437179208690332,1.2282518348850857
283.6121649412009,0.11534699161378782,22.544296178980925,54.636582586420445,0.08362499809393248,2.857272355637853
188.58962283696872,0.10919952164893862,17.07337712822777,121.65415198239901,0.09214885943964557,2.890636108986758
1645.3506954475497,0.07670549263714983,12.65967914062828,284.98679234692213,0.10085263183686688,1.8544113587782967
81.87313172009411,0.11816699538975792,18.055143091623403,54.552872368206295,0.12283878264062592,4.551378913278477
72.7008710461333,0.10588158348115315,5.746184961907218,312.7179689629593,0.09672007473058553,1.574712287482786
308.50465288041244,0.11392551878086138,13.283482506120396,230.82743458088072,0.08531062040327173,2.8099452578345137
231.6617272984741,0.11899244227901302,0.20502982767851385,253.55908029336638,0.12133084857909464,3.992360902587361
52622.61500694061,0.031186298066844385,18.411203670464648,497.1930600742337,0.1148805304456561,7.226627380688836
381.78259087247386,0.10756712434791192,17.913290264810207,275.33117959113025,0.11078417094876848,2.186868507590497
13579.958728744552,0.11843596827439734,14.881420937833983,594.4825784024795,0.12289376693169196,1.8607664212875505
156.41112155889007,0.08926097502904634,15.041562238431627,312.97622351614564,0.11671316836537968,5.033659801936335
3363.746753100724,0.08855406946661666,7.9914893691681375,862.1903747633626,0.13996869545672241,6.328508280718691
7.311193583162462,0.09150530092506294,18.290577208560464,525.3399227868878,0.07864380405209276,2.057661855394917
236.3996814505175,0.088897282677194,19.90615085241245,178.38358187133827,0.06775849635950318,8.241742825265941
11948.788696406438,0.06890904932115123,12.027589515805413,662.3416308944594,0.13946129073459032,6.468877110978875
258.3925053107052,0.11029648559526481,8.291963327391256,179.2277192147381,0.09166984449015228,2.378389148398783
97.27102509855982,0.11506496545554726,21.295952542275543,213.72883095287466,0.09374733401894181,2.7075962649612517
4592.682662913558,0.11259917033323566,16.305065471354194,394.64533005817015,0.1259133779186532,2.2126277160027676
216.37918526069745,0.09264534101970803,6.7705575618773715,124.18859971646737,0.09458664267909239,3.0114945601740764
16.206623841938473,0.11247507125922554,6.43969261709508,348.22574494676894,0.11807192100884639,3.6859309902169324
19430.828966086712,0.10457133305589354,14.281042080082702,490.76450418899276,0.11949101971608653,1.7123678981744739
1041379.6420342701,0.09909547958029748,14.372891503263197,404.8758267300734,0.12336859677830547,0.7628619740611793
19.247768245501522,0.09563415700567097,13.311456452485714,195.80567891031552,0.10903310614473213,4.970099346077424
385.2639737601006,0.11059716874176337,18.10337957613547,4.533274882439514,0.10890208927578968,2.244608002662536
54422261.31028327,0.06363584445307807,17.982874586009654,148.78167238939034,0.08394184022507109,0.25738401914797393
179.40621431943643,0.11391274150350375,14.377374546821926,512.0546632159035,0.1060839710788731,7.658388082640862
11.141775640997306,0.11612295961396682,18.06867705141226,53.9331776438471,0.10937026474763352,1.644395148111351
364688050.1319226,0.026317565883558665,10.245422293426113,89.22107353767075,0.10235501139239184,0.3006723926823929
8720.88014233876,0.0754641090193769,7.433593108755742,301.71363534373273,0.1398819523619247,3.7655522391647303
49.59085689684633,0.0878848889233958,14.653844441096767,386.21116200174447,0.10671723763109217,3.8872788789819053
10.187941939041547,0.09644116046043152,21.755418825374445,23.163435875376308,0.1304113655696496,2.286768691079176
135.69173212285511,0.08204429929282023,6.522853273220571,87.01207068088365,0.09385371508766971,2.7193107991689334
23.870754833346066,0.11399242543994993,11.613127172894519,146.88697929402468,0.105,1.6594999999999995
65.14501052358865,0.11056504871954165,7.4271557244418664,117.71678751468926,0.11974320787182088,1.9678869581510234
32.454377115478096,0.09653330833501067,16.775195958113642,13.10003836093739,0.10890533499635197,1.2216188627477944
5466.1974138634,0.06476337225967813,14.866186848753626,350.10889813313804,0.10250455538714764,1.9922440477058725
210.50205701860466,0.10862540036863874,17.317992984311804,398.6631131321292,0.09154398613435713,5.046817330421453
50166.72684102419,0.10680043485788664,9.515187420606626,540.7097286986126,0.1083023665995297,1.265593290367053
18810.888627243825,0.10471845462698226,4.879123238280506,177.3942500825238,0.07520736635522474,0.7421109052482855
4902.227687081489,0.0957077653104363,14.45755561533566,855.9118861946561,0.13529386208765104,4.679726045091093
10.426509495531276,0.0950675696265984,9.6907594374725,101.06720948701775,0.13209972163716827,10.400995505617484
1124.2340236276143,0.10178758757093608,8.477413981504252,19.66271452038228,0.11291526482278558,0.6566422766196327
146.95854593234122,0.11078066117282187,7.921715388396832,316.19149169248476,0.10446319622289114,3.3528061315181157
4.28928802517761,0.0777094854122539,12.51285177057323,290.0563492503645,0.10247464737590294,4.842170152291954
345.57578218466733,0.10166610710300547,18.11625289315507,142.466591877932,0.073050579061674,5.643677204763653
2599998.263328522,0.04193618023735175,14.001681655868778,164.9343901024169,0.10092186419999055,0.84027707192487
12.514840787627628,0.10042301423828263,22.109997116505305,54.35600685984576,0.09541349314396455,1.7799449479881755
16.152804068560798,0.06530920196612558,15.314686842889872,132.971835125957,0.08370573959464003,10.45428834317274
25995.709694502042,0.10617776314410343,9.314478459784493,633.633863982005,0.10896971695645413,1.4346051941251723
270.4480214310352,0.11497833650351091,14.247786174343513,128.22525115554407,0.097816051455413,3.9632465235417476
43992.123125931335,0.09671759042373713,13.072778371462089,273.6087386256871,0.11705830804058041,1.2787277103880212
6.031646667613183,0.10919952164893862,16.82209357053569,242.07266520715837,0.09549907373496791,2.0708154354315074
62.77888119321244,0.11250295074417327,9.423431538396429,184.28247002997375,0.10291884637865399,2.2540658419582598
15382.488224645489,0.04912521104095702,21.187907335548925,351.3927869766874,0.11696661283273863,4.551378913278477
2671.737167458258,0.11319423870864345,3.856488394121987,127.1041262348653,0.09340317924857608,0.9430006616589219
61.20955682143891,0.09023883753059675,14.483358761271697,91.85809710802937,0.09693687133910864,3.1300262913632815
21.65580133050619,0.09520408402259757,13.30886820037902,209.75924616829633,0.12133084857909464,6.876824698691097
17435.627582734018,0.07521492929014566,18.411203670464648,737.2339518977132,0.12464840310002587,2.9511503787225877
19621.10974979616,0.11766503491968291,5.6425035247236615,805.1699992835551,0.1312076723921504,2.186868507590497
19.470426005700986,0.09590300669149346,12.90079542941038,64.04213287680778,0.10081241570840997,1.9254924055560263
7.8264720965603285,0.08926097502904634,11.568814264099318,615.0518017332765,0.112383660192126,6.458848188497571
221.59016494204087,0.08855406946661666,11.371878375099165,197.03859901614595,0.11854778784579904,3.3173056853562115
146.44264771570275,0.07361753380049915,16.944674281907314,43.76463911950941,0.11529817480936766,3.8038813175006823
48.8458138168683,0.11824189835341095,15.606006813916554,301.67464904907104,0.11567859612007703,5.869588061296328
200.00946567201146,0.10263089050183288,16.569835066216463,255.70649337305505,0.09271959708809505,5.683354585774855
605.7400133190167,0.08220372782458586,15.520359949996305,476.9432002030146,0.09166984449015228,1.876347436064556
275.9237551844835,0.11858271487051228,11.356511366115702,193.36017910980746,0.10089882459155447,3.806796505797541
315.6911568210205,0.10606756942851464,6.505196581541062,42.546243683591854,0.1153788376581218,9.742999865377255
562.5575901560236,0.11785031882341948,9.393261418263226,604.3369293972592,0.1235838341220418,2.8968678938004904
2127.3516511450316,0.11247507125922554,6.43969261709508,232.76135757958593,0.13293121538529729,2.2593798483800933
59.85976671168101,0.05577865096744236,20.787682882958045,18.337875389651686,0.07955982778653428,3.6120205129732805
8.758588587936092,0.10041307378290358,14.25484586042732,114.45949619409811,0.11832434471724933,3.328014853695537
81.33678187096498,0.10578204482225537,12.180702585536896,458.45312073651354,0.10610777351887575,5.002388866770525
114.06740739902457,0.11599288338987504,16.685223592415426,393.1830335027082,0.10890208927578968,7.070917598617395
177518.5740580152,0.07154288738078798,11.07185497701207,703.3832334300554,0.1284143525664435,2.03721692598972
367.452694478159,0.11391274150350375,10.512765609147403,113.28998206843733,0.10031037787204516,7.658388082640862
447.4283835106817,0.10078026813148869,16.36889725775225,19.52485388484058,0.05825982261563392,5.013797130671207
3531.947104803214,0.07355398300629622,23.567646193936408,51.47146657455522,0.12114212680642918,1.7814349762868016
26093.20309433068,0.083441679331769,14.87073141576198,200.50917368244615,0.11206767257149103,1.3268164310304247
123.91223189443431,0.10919581548026087,14.653844441096767,219.27647564835019,0.10204615198876958,3.8872788789819053
99064.92139822125,0.09743540104320961,14.581731514174042,440.9779982535744,0.1304113655696496,1.6303013189130162
31.974086069175133,0.10340221168055315,17.476220009047246,58.70301618747487,0.12080077576227402,8.93669025490517
6201.66994859941,0.10711511308997516,14.30016902322807,644.6865609991125,0.10745024691704738,1.6594999999999995
7833.2287036954,0.05169859329231872,11.962614318200693,225.87433468808524,0.1270889422418918,5.703003268520407
40538.14949838599,0.03749619806561234,15.129539256632237,85.2512595213368,0.07458204913004379,1.0459815895933309
10715.91227707926,0.06658633817863316,13.587736287186088,341.04296070750985,0.07647230048510661,1.1023412359598197
354.9227288513574,0.10183716359871514,10.86173558533021,30.62809579682937,0.10132868943666334,11.991043328726219
650873.205256289,0.06051369837535386,24.113566295033856,392.0790415812944,0.14059762735628972,2.0777125834982497
42708.6675855543,0.11289141799880223,16.6255179793237,390.6848914825044,0.10597001919958411,1.1088978189611023
347.0391779381392,0.10500665444174405,13.008194343829436,77.79518038024639,0.11388998607027181,1.466680742733427
345.24109359057707,0.0950675696265984,21.782105806694744,101.06720948701775,0.13209972163716827,10.071195329292744
330.74627423207517,0.11627977951339966,13.927959144926465,50.652317795370664,0.1022434963333927,4.988304065689781
200.03713379528654,0.11054360395233137,20.613157463066873,285.9583169612322,0.08983380275112995,5.066909568432701
112.65589330659186,0.11093679687350272,14.812775007652426,296.83486927439594,0.09489450759317364,1.5923621285423888
127.6738636273129,0.11450311049008222,9.611605287206956,241.24154023737918,0.10446218112077571,2.9694478985671857
15.037548666991064,0.10641434253375519,16.628194216934034,602.1531600688576,0.10773379696161159,5.381216363578817
12.961854949820978,0.10778590052217424,17.097959064948313,339.5504233041682,0.08579193174997546,1.814872889575783
7.41016119357078,0.08502560496301625,8.537293605247669,91.3986429669925,0.1184639655668583,3.592285793667961
14.794276722438626,0.10864649187806369,23.160492394124734,64.17724526402486,0.110787632423249,1.8487704907494535
2.0681564560579373,0.10875521945786107,22.844255401527867,43.02546986650361,0.13095498817613577,10.113179147144054
211.62641236042748,0.11534699161378782,10.103727422776121,31.76544185458539,0.10597223890591294,1.7112077455581476
139.5461247339234,0.10647934728732611,15.97446405703335,231.8060006801722,0.08262462440934079,2.0708154354315074
29252.125308161972,0.04062089812177548,19.809088645963552,111.63233150467391,0.09360832569320596,1.601517676215364
407.27330625934144,0.1194800523274894,17.939956607607964,466.22014098269926,0.07814279158037943,7.560074925555202
222.4554679126827,0.10588158348115315,25.157990997645214,94.4425748104303,0.12081243864945805,2.4852196845483774
319.07634293062017,0.08843188756564585,12.89143393103604,3.8002392990447333,0.10815047169617421,2.987663092575941
1509194.0240146786,0.03721360856485897,7.2545504252400335,209.75924616829633,0.12133084857909464,1.399890747666646
316.47545990414267,0.11324999840696345,14.7501322455922,462.4153045812129,0.08154485082262827,3.3144609834256373
581.6010043130889,0.07031298004864284,16.73840909963252,609.3108158635116,0.10644836248018931,5.051353969010193
215.91452748128702,0.11843596827439734,5.650869849201323,66.62025531182587,0.10446209432143003,1.8607664212875505
292.4301582001727,0.08926097502904634,8.272466040560081,83.59956371392536,0.09498475837898351,6.310951888715149
319.23564390505305,0.08855406946661666,11.371878375099165,551.0644499203803,0.08154485082262827,11.232405127786695
13982852.051804172,0.046985023875186493,7.802292967399187,316.2947770784773,0.12543965560405523,0.8246797592171706
195.33609711174503,0.09265440137909858,10.371767673557937,412.9554955076318,0.09794140169532287,8.241742825265941
0.37319215938125594,0.06890904932115123,12.04752079345092,509.39865567290576,0.09271959708809505,5.683354585774855
13.545906417601318,0.0874802798701167,19.128875170159702,15.177697535398636,0.12605230902785974,6.481015889117485
6.394296137855969,0.09037563789797659,23.522095166398714,301.2135380023875,0.09954856874885268,4.918657490328457
438.8564016852895,0.11089745562060829,6.709854238318998,534.975209855592,0.09162192839623162,5.555281991668132
290.65239030418434,0.11348951162991858,15.463973604986647,153.7769078743836,0.09251596064300413,4.436232347265689
4528.348412046549,0.11892986924205759,6.43969261709508,900.5220906516286,0.11807192100884639,2.00898473709822
7359.737760211411,0.044710259885913185,22.28701672628685,217.7939590117154,0.09315556843930231,2.911677936366542
0.3413264488354386,0.10041307378290358,17.47138838246221,636.5655659368259,0.10122282079637647,3.6887889158107905
303.6865330812815,0.11688111360380374,7.556717947993433,33.95988556066277,0.10903310614473213,2.2087739284904986
10.951761562691448,0.0821174892769382,18.10337957613547,34.62530147074716,0.1185919920310577,5.6209851932355015
39627.29424285051,0.02710989317396651,11.714098740417779,12.905645695758153,0.12640740356116012,2.805814528178656
83746.8614364154,0.11230263419501278,4.045024128786684,823.6441058712523,0.11960093522730496,1.5140570879681778
104.60805601379207,0.06084615353277756,16.38907875667336,11.384518784882857,0.11437779821985454,3.674718709150328
210.11400656133554,0.10112323615823104,12.837798485903072,62.64927409507192,0.10653528122114919,8.472611825502126
3.6109466879698218,0.11909610907771134,21.724228336900506,180.64992445863794,0.08125979264143732,1.3268164310304247
9660.906804088852,0.03210390804789076,9.42779891373096,109.28212155157127,0.11381527815343864,10.818309595903575
1161904.0456328294,0.09240481693260419,14.581731514174042,23.163435875376308,0.08831303075324151,0.10937391642080829
213.94773217281534,0.10918004605071416,10.63505161583736,315.2222536939289,0.10689752943931849,7.222681547728719
97.67379568622452,0.08178062883296303,18.820888798873398,179.67645604721457,0.08319123664070086,9.3725590621846
56.82384287726177,0.11175620974654467,22.219033710162858,191.75362264523778,0.10822195482939473,6.482062979517095
348.70804023610094,0.10542410034865826,15.129539256632237,121.25009348181601,0.08370720355446404,6.235683089706047
4361176762.2058525,0.019444391003855394,8.22067555831261,280.62888778963156,0.11525420239813905,0.40928820560814927
325.24869082674104,0.11242446174653073,15.999271490195964,160.07308942118271,0.09237691499657263,11.196853570981327
6216.2876780993865,0.05308035126396364,11.605157500260654,59.98043585462966,0.14059762735628972,11.796887551334267
1168930.448201,0.10207992348322432,12.325757131268352,133.1932204946753,0.13744578973700244,0.3213916114460744
415.6285377862236,0.11585354878077722,10.762898081358575,56.83235536386991,0.09865826775134331,7.668555210863359
9.589690387246792,0.11067049216211022,14.245356290365592,138.14763021188776,0.13209972163716827,9.197589997824005
317.45199650014047,0.10265857897717559,12.93417435725691,170.03304329593914,0.08687821422055886,5.205788534972251
311864.29821258865,0.017117200585955186,10.546003659908264,303.09759254676214,0.09665915665882258,2.5039779438284
492.8246941697202,0.10964294844322518,9.193511482677293,356.63108211419353,0.0776975028564518,4.842170152291954
44.9613604323356,0.11055596180798866,19.40602180402096,58.34260176158773,0.09891005536204536,1.7344558554343887
2364.0781446652454,0.11704617978298544,13.346424941534288,539.7585699233307,0.11680884529020202,2.031819334754206
82.37916043345221,0.10778590052217424,12.59464370963441,61.81236978811228,0.11683422067747656,3.4940606211723035
2440793.239513509,0.09624546694912013,14.472456978556313,357.55990777384534,0.07813014067753984,0.5148579448791146
119.03699292590514,0.09113499196262102,20.766421188679814,22.01878145463752,0.09714249653835533,3.8322789307201615
82.76901918377636,0.08122977253281755,22.844255401527867,50.33201236110506,0.0816453995504049,8.862607426393595
741.331243154639,0.0663331848656868,16.845527554844836,54.636582586420445,0.11988128792942578,4.56942785863455
33.7966181096223,0.1129072610309742,22.569210625214147,57.99233067220342,0.09806927684796032,1.673103401008647
38037.58572074257,0.11703543585599889,1.5716647229552603,262.86652100326836,0.10882049940852008,0.9678461880898865
257.1493640861751,0.09470619242670528,10.303454855672975,282.3043606739787,0.08964705994832475,1.4530900376744196
76.96664625588559,0.1005299783879314,6.2356067921989595,123.55611288905789,0.11408718031138351,3.4857492747523082
132.6119578337358,0.11392551878086138,15.177562008829103,373.19396509600193,0.10228584953963293,4.266781772288911
70576.46231516458,0.024569799861066784,6.073578811320187,177.94121854536252,0.11883498343438396,4.028928712189814
93.95139253381797,0.11214645121922281,18.411203670464648,143.12764463613007,0.11134173224865666,7.226627380688836
1916.0231138288189,0.10921218404532704,25.589760968597602,175.9717906841703,0.10981086527689736,1.5339164910417953
1.5403552865193122,0.08770257876086356,8.807457088238298,199.66606444910485,0.09277194015583612,1.8607664212875505
109696205.42132866,0.11062495913397749,12.455905856411922,350.1079257891804,0.0927986443110407,0.10732722117935722
368.9337935194738,0.08855406946661666,3.5410411511888604,23.875902233205466,0.10312492716012098,4.126133023214096
208.28681782928652,0.10882954738457608,13.036233151220106,198.78375448558194,0.13619836167215418,6.4894682007242075
329.1472743171497,0.08672360262142327,2.443372833144373,282.72952685288755,0.09991914237686023,8.241742825265941
93.83383367905677,0.10983762703177297,12.04752079345092,158.82731328249434,0.11465590705551637,5.683354585774855
105.2046210862037,0.0874802798701167,16.339146310388823,15.177697535398636,0.11166322521638114,6.481015889117485
5141.908863575193,0.09037563789797659,11.476589150113714,213.72883095287466,0.13271353524269947,2.5269696106110575
30.054050808521225,0.10606756942851464,15.711127071754557,198.7094478499386,0.07073985761588644,1.068487688411401
246.50299505237365,0.1012602645332617,14.19427412388097,874.5838602890315,0.08606888010254313,5.009399081322712
5559.221030219158,0.03327189609235116,6.43969261709508,223.09294271199883,0.10467850703227552,4.701870483259798
448.0478901374316,0.11816237296822707,12.390105329013698,41.13268671750575,0.09534409294448362,10.393588951339144
12072.759184969727,0.10972303833551675,21.25195169526439,139.44971196970613,0.10337674981875297,0.9499638485833835
1381.2322465447937,0.11793201885758525,13.311456452485714,723.7713910317109,0.12123126648787126,2.6369549486240835
3.585149179806617,0.1033439660913677,10.392967914635069,326.7701152295815,0.1185919920310577,4.423791458630662
73.83002694511507,0.10065059821628243,15.358647144058455,148.78167238939034,0.11136543331614424,11.82922892965864
170.7426857323493,0.10024047353405832,14.22230927167507,165.6547904119539,0.10150972752262431,7.658388082640862
26.463195009875626,0.08315599541788252,16.614646357296728,163.12468079429306,0.07767246070298983,2.0220039834795074
5368221.551327579,0.09334179667510206,19.365301458765522,233.83362405898663,0.07285099055160713,0.38957918589873763
1.0012782671215912,0.11909610907771134,16.003480683799964,569.5233866269139,0.124120308815425,11.127565838265685
18.180599115200437,0.11663258941623954,16.82331632106485,396.1824566158068,0.10286285145320978,2.222255419611162
7506.218555132098,0.11123212369916695,16.903066099989054,785.5644286413767,0.12224767726292882,2.286768691079176
3087.977630901719,0.0412024739116755,13.732123018899989,714.5225831714583,0.10054476779856059,10.578742301541887
181.60508825699264,0.11400000000000002,14.198709174214454,53.39048675342576,0.11248176193748728,3.7896845187819115
27734.70358646101,0.02763034110626151,7.379623756458794,120.15706404140349,0.11489826223062143,4.590900308728412
155.809746432437,0.09983102688011639,5.1219932734266855,119.45512760476475,0.11764206227744298,7.003378094126399
38583.18193866789,0.033624722372981405,12.338032714864275,341.04296070750985,0.1265421871437699,8.981177003249872
54.78399145715905,0.0951593258815108,19.378907205978734,249.63979282884142,0.09207047465500309,3.7805016095274167
110.77040827136817,0.10215210907956136,14.380949528747976,44.82753026133025,0.11629715578296719,6.748666430604951
86.4102753220867,0.0975494900406142,15.501987112831305,72.373303660072,0.09645128834081151,2.505332749340785
396.3631217252023,0.11746796287768024,14.407239994008625,237.26213974292307,0.08884450635328611,7.612889146064891
120.18468502355331,0.10770123476932239,19.45539382817282,33.81838998312435,0.11674269620043833,7.592186341716143
265.1226021449021,0.07175909720955637,7.5503093471549,5.326229930876082,0.07970586018745898,1.4204865197637826
137.00348829367948,0.11479234899727311,7.921715388396832,124.5048181582842,0.12115549364671388,1.8858951280491034
9364554.978631828,0.11944468170302866,15.721760987147468,283.907067731971,0.12071712157495702,0.2052305733427584
98015450.1388753,0.09359451796085765,12.459050471252027,185.65740572754464,0.09370284421703279,0.052744830837308854
1303175.9593936796,0.11220053441465744,26.359498229600597,415.99652133338736,0.10894317169158943,0.5934651068073693
27.42728495433422,0.10138739713088428,20.143507480039997,316.0797157504544,0.0786329711675488,1.814872889575783
326.57832520003524,0.1037141763947243,4.851263291176453,23.35275533225132,0.12093637370111598,6.304272326718753
1206.4698827206248,0.1076246278125962,9.183449638899937,142.4411368580678,0.09714249653835533,1.1510603260216934
2.71217231106856,0.10361825657354068,19.46037624354121,157.42988816561456,0.11717941281692817,11.747368225867755
7292534.351381,0.11534699161378782,12.782708709343083,148.71255692930555,0.12438641191421546,0.0801915938275215
0.08613393088736816,0.10778617426129614,16.11025088907164,121.65415198239901,0.10535391452013347,2.0708154354315074
298.6157267002937,0.10307498668103793,4.210344651911971,687.3019216828163,0.10085263183686688,4.987610678904192
866524.6447977247,0.044533285750020704,9.053456197587682,224.0391963209841,0.13591533333676745,1.7900635608729374
18.82068281776563,0.07472707248520541,3.9633998391456764,129.38142794906594,0.09508050914947935,2.0842452201926625
340.4255625722902,0.11392551878086138,14.483358761271697,7.929524795031057,0.1289187213087848,10.035189875986307
81.58007546754803,0.09697696477871248,13.30886820037902,146.9944381502081,0.10531194896819035,5.125958297548811
2.651642002220623,0.08679157954858134,10.561348303356782,119.66753135394066,0.11854552900000281,5.684900309954204
73167870.15822226,0.11883145311738012,9.029805882540751,346.45262615399776,0.11569227704131205,0.010822108363879757
271623.76237157045,0.09264381178927954,17.505663652070144,671.8390305355148,0.09093360684864699,0.956873228176681
60.10363786277641,0.0998825661050645,5.156135739550496,83.59956371392536,0.12431326253772354,4.360859476398723
31989787.65356917,0.02575520204022029,11.371878375099165,121.97036264080475,0.13996869545672241,0.8462844154172551
1366.7797794166595,0.03290968508612389,7.802292967399187,315.90106130622723,0.08782395220869735,9.172364656887947
213.58020112518614,0.09891854583916665,17.878704269731905,20.332159282291457,0.09925347488398989,3.4662365532574255
8338278.198769777,0.06890904932115123,10.097023340601453,338.3430082093998,0.07576316842268771,0.5252330166493202
289.5222295476269,0.08728810298777998,7.810025010960072,74.19458238507428,0.09117518545328393,4.329896908562507
187.90147505735666,0.10966822579492935,7.6491896414443445,95.6608604836594,0.10342046375347791,1.2721605431868994
280690.61949243734,0.021209121637281433,14.827071186297093,584.9396530224024,0.09162192839623162,2.093099266975261
5458.1118095155525,0.11463477326706988,28.11515441326186,604.3369293972592,0.09458664267909239,1.359899518964511
90.97388124410433,0.11346903591974908,12.502096874650846,46.839580046340814,0.11228835168936441,2.0191515022137505
220.43958854738634,0.10543792413212784,14.218850553097019,11.60124458335008,0.12918465586135003,5.10421844988491
347.66539075768407,0.11086765629904674,14.417474461305716,341.4305479920962,0.0774543799613828,3.154873010308859
1561.682474223772,0.11134529088612313,13.311456452485714,195.80567891031552,0.1180401341125035,1.7233110842140658
84741.01413132857,0.030561543183518933,10.392967914635069,46.128160973240995,0.11367064214298662,1.7142247488000688
83348.40421813849,0.1131228356645167,17.31169245355784,325.96764325069717,0.1139467949574163,1.0088995119741444
225.41494486290068,0.11391274150350375,12.380656417253384,190.771237049271,0.0994330898752594,3.550531480412542
5578.901341975126,0.06084615353277756,16.36889725775225,691.700701615842,0.07348699785909535,1.3113241532175106
0.20173456051482158,0.10041157390709171,10.536977058835625,75.61579930302167,0.09965287537988385,1.5064564080627427
430.87835731157134,0.11909610907771134,13.445557809330017,69.4761519733321,0.08125979264143732,2.7339140951231173
55494.55158681122,0.022840341607145875,8.687989979340236,546.5604037029244,0.10204615198876958,3.8872788789819053
105437.53973933554,0.10506460765155637,14.581731514174042,23.163435875376308,0.09635105589441345,0.24993251190060928
906886.815734698,0.10918004605071416,20.344343204778614,317.90530082359203,0.11619023637579762,0.5955102088181832
187.2069230421263,0.08012150291684751,1.1029381751032385,659.8637283761682,0.105,6.560163304740511
447.7159311328321,0.11399878603816244,4.747568458575158,117.71678751468926,0.10372932558309406,5.806486353884379
41.04890963791791,0.07543006501301744,15.129539256632237,249.0017986678202,0.08326244957957563,4.000114210717027
303.09470674491524,0.08012150291684751,1.1029381751032385,659.8637283761682,0.09566734400781576,6.560163304740511
1716.94301441452,0.10400361535476493,16.656962111259716,160.07308942118271,0.14665873653732947,5.833724314989321
30.904251532986514,0.11463150842675876,14.511718969637714,44.82753026133025,0.09633151246909247,1.231744219915801
118.3191640255055,0.1140853432759476,15.26759405897534,116.51621129654194,0.11500105211227686,6.888316537954033
479.9960119624766,0.061160421534814415,13.040591212683285,234.90038885164375,0.10962518458028377,7.612889146064891
246.80221952024806,0.11509990936558483,17.04793099901567,193.24038987608503,0.09864080178075041,7.803348060173597
194339700.14954543,0.06232889221669735,19.806895972841744,360.02597416745624,0.13378020539593183,0.20493381924945364
26.534554248560504,0.0782015484954295,15.59676740702281,303.09759254676214,0.08461161873975862,3.589419834473801
3.4216741687662218,0.11418705278381745,20.111215287536428,352.8998420906297,0.11566337791507059,4.842170152291954
650.3333166560633,0.10176643369205715,3.2286713591967207,8.842477657399456,0.073050579061674,7.183815059716478
3.3892495705102563,0.11920265963250024,25.59458686417792,164.9343901024169,0.09831436680742497,2.031819334754206
279386.3767631507,0.019621148384127166,10.554430617424535,165.1599241391728,0.0934526095394152,1.814872889575783
702.6548188601889,0.11249166266912809,15.529492945709746,996.2654477669894,0.11254867945449457,2.653433585709829
435.0716256775131,0.11159116038131227,9.183449638899937,57.52637351490711,0.1298951499690379,1.4346051941251723
5.444394109723078,0.08856851504052471,13.269635064660948,157.42988816561456,0.11717941281692817,7.888644130155115
3374.8889495119374,0.09085995331317558,19.431199725601356,801.608264530319,0.12438641191421546,3.9828841494568983
64.39403651276801,0.10883536131957866,16.11025088907164,890.733446610711,0.10169748795538935,4.724725955932122
1315.526537513345,0.07670549263714983,9.584880213016394,329.22176888095726,0.1330163349125797,7.380656155989342
6.472415844148781,0.06634602047416968,15.653856851123255,908.7083122754848,0.07814279158037943,5.268512322117108
13.031566968440568,0.11215480368079613,3.9633998391456764,129.38142794906594,0.08170602409120092,1.046386503345384
6695.813422906631,0.06532941784612283,8.323256846050445,59.71214559530665,0.14383539518204042,2.8099452578345137
27.007716061381004,0.09520408402259757,13.30886820037902,198.0782171056291,0.12133084857909464,6.16539317563773
34.42812723886154,0.07521492929014566,7.619808328494443,182.97256585658016,0.0998935718729888,4.402261148524016
210.27165962652083,0.11547433176979083,23.25408051921771,253.6421954906564,0.07458709343795561,2.186868507590497
44039.850582052866,0.11843596827439734,14.458538526704704,143.71491943635442,0.11830706149977212,0.7637747002680513
28.029926033928305,0.11505615113276546,13.83289677024353,249.61634190739034,0.12692695181080405,4.97195491523186
884.4560124401758,0.11669815990310976,9.335021088385563,348.59136078720985,0.12470911266599619,2.40329750996443
17800.330979258277,0.0964683665671637,13.186090733105527,215.1050679089381,0.14478204949959106,2.4364612659655878
143599.36177012848,0.01908172936435898,10.371767673557937,734.9880477191155,0.09925347488398989,3.577132629091773
10271034.575193338,0.04695080054344998,8.612463565047394,983.1325451934138,0.1462031965124574,2.280287814290549
317.1705339253025,0.0874802798701167,12.088052114545484,15.177697535398636,0.0878909092361187,4.674915443118164
271839.64602556464,0.038496008120025585,13.653909266894475,325.43154027025275,0.06521795050040893,0.8825387340344122
159441023.6421215,0.08164567698736287,8.6880808118818,148.95828973232642,0.09162192839623162,0.019291679072376056
38.34213372497604,0.11348951162991858,28.11515441326186,613.9395761034243,0.1003489067999991,6.987002138649904
1014.706473962483,0.07989617893566531,16.59838878929532,266.51167103154637,0.09752890031153771,1.8789521812796615
385.64549019151724,0.11092056463136751,9.546853074177406,340.8284633032973,0.08001012927551551,2.686528886541491
482.8662671235144,0.07443098440228335,7.820158007487152,244.0393784000629,0.1289014292819371,7.755976041162825
68.56040935720776,0.10880855736783335,10.32434763101002,315.84419206208895,0.10903310614473213,2.2087739284904986
1743.823002038815,0.06365158417652625,10.627524672320975,325.9750281069756,0.1185919920310577,4.423791458630662
311193.9493936172,0.061544626627595155,11.734891885532623,148.78167238939034,0.11191911265749875,0.9749042017781226
100.7133794657377,0.10554077205746548,4.752703462546817,196.99209298334102,0.11064758729508752,3.0795884280174883
14.956858968320372,0.06084615353277756,10.976801269690707,186.15936983498256,0.08824723898315373,3.54130143324381
659003.7885409113,0.07459092274190424,12.333504853881719,38.345769009869855,0.11065506533208694,0.3009602209519464
0.5349978142767785,0.11909610907771134,19.711740301202983,248.33142228133642,0.08125979264143732,1.3268164310304247
45411.28210268341,0.029089012810663027,13.801415545103357,49.056418437808986,0.11907021288749653,3.8872788789819053
16.393555640359388,0.09743540104320961,15.51682728035611,202.06603710906398,0.09945767296978664,2.1612397094442946
341.49682955934094,0.10918004605071416,11.401586723113583,287.0799883530996,0.09241925145034671,5.793427955737989
69042342.58872679,0.05951496909230837,28.086852964638485,99.98000000000002,0.08263961045654936,0.19872306499928793
542.9897231906341,0.08848206887325819,21.928330756694045,117.71678751468926,0.12580618757239354,5.468144348938026
2259159.9708320186,0.031052122745105874,19.726019697167807,96.44143708132913,0.13190750920238692,1.323672478767958
47609.001506733446,0.06476337225967813,7.702573441259105,407.77242882805797,0.13672331774844132,2.822194006179529
18567175.185361475,0.08724917215543442,0.4615794150258914,89.19090932418897,0.11287747756878502,0.021448238387389296
938.1909488434475,0.09258852649635962,13.90696572059018,177.33654966582003,0.14059762735628972,11.191016837595987
42421.35133375565,0.041763047434586115,8.523589215001916,72.373303660072,0.14696489792842946,4.773295754115476
284.63462513089075,0.1177275160345033,13.008194343829436,303.53934055567186,0.10449496688075448,10.147097388910067
294085.86432613386,0.10515154454218117,16.03061461166802,154.6609705496984,0.06777196864996343,0.4942143164443573
7401.888563658782,0.07651390348247329,16.122391534177716,222.1292761513435,0.13378020539593183,3.46375737044506
305.01387505734084,0.11759525375369823,7.921715388396832,207.88733771363076,0.1279920905494219,2.4635434092716317
458.9568248625627,0.11944468170302866,6.808725126472716,246.05064563836177,0.10010210823080931,11.917931225997176
710157.376015567,0.039348447224651625,17.490580679366868,151.5273257619706,0.1317471482869323,1.7344558554343887
75.45763870821978,0.11920265963250024,25.59458686417792,164.9343901024169,0.1074408757853907,5.675885091800637
9234817.36456525,0.11013476692584219,21.39180268513482,339.6302377680939,0.09451607183112895,0.32809987248596784
94.49221977061003,0.08137485346567269,22.066877305418213,32.45428187161809,0.0782376807840435,3.43983612648487
298.06292596510235,0.10406155451640861,9.183449638899937,510.34100266711056,0.09714249653835533,6.376149407462734
1642.200695863472,0.0934447828965095,26.294382481336644,71.71370485417958,0.14241012256117638,3.9632465235417476
46.69780456035495,0.11534699161378782,29.40732784717455,339.7742676104508,0.09659818039230395,4.26289713880433
654.3017972022744,0.10422417943278894,5.275486228622466,978.4423209228579,0.13693967286772912,6.152664081856717
128.53928798114583,0.0859747920314042,7.502446872743567,329.22176888095726,0.10085263183686688,5.8139616336597335
235.13633248460494,0.10279978881735852,17.939956607607964,299.0167125327563,0.07814279158037943,3.332318711495998
198.98547276771814,0.10041711230820122,17.931911511095873,25.685318892936664,0.10566610814720025,10.340538391353018
22.700196855798108,0.11392551878086138,14.483358761271697,59.71214559530665,0.13190750920238692,5.814879401833417
288.42812432755676,0.11188355448052097,16.884776292752672,168.00077348068226,0.08804320974836424,4.292701605641659
140.4284158430446,0.07478897373241293,20.70022199165016,240.78476904101018,0.06257916872165781,9.859114146348201
8.83819281896217,0.10053925928040466,25.589760968597602,269.22852856574235,0.10920654925259009,6.875695440646447
0.7393833263989245,0.07018329737792463,15.850886244246922,332.46981380158365,0.06647032455653554,1.8607664212875505
7.685642195703833,0.10870116158662055,1.020348071986179,83.59956371392536,0.11180922691103604,1.52812930332402
47850763.8189666,0.09796048887538825,11.371878375099165,941.4073392491691,0.13996869545672241,0.3790898366170419
62.1939985911788,0.1114229006796233,14.448099314214575,309.0368809358297,0.10598900409638193,3.8038813175006823
2568.165994558466,0.03849020922551655,10.371767673557937,111.05002829737208,0.09925347488398989,4.881880702339348
2.362863131252562,0.0810818059874142,12.04752079345092,252.86403077165298,0.10449496688075448,5.683354585774855
284.61731422890034,0.10779110642305807,15.939354154022867,235.9393788438353,0.0891176740297383,6.481015889117485
3799.423011168182,0.11230198036636144,23.522095166398714,97.95901024828191,0.11962321773484545,1.1947227402287819
50.1656601096133,0.10883410461516019,10.996431448825366,534.975209855592,0.09162192839623162,1.6760627828739292
0.2772860897595233,0.09488344111902286,17.445667166668375,209.76714166014256,0.1000148917238104,2.9878650509095617
70.76853965374383,0.11247507125922554,6.43969261709508,31.181637989761327,0.14398857305011947,3.6859309902169324
853.9781056481168,0.05577865096744236,14.218850553097019,43.57729798593817,0.11063579995862616,3.6120205129732805
3861.14294984973,0.05314684198585289,21.25195169526439,290.1746561867734,0.10122282079637647,3.7711035279773286
745894.0569312435,0.011772104030904201,8.908088488904129,174.27468110706337,0.10903310614473213,6.087526664526935
16.590073765057987,0.1048081445169044,10.392967914635069,326.7701152295815,0.12112624005211654,4.423791458630662
249897.29345692467,0.06363584445307807,17.31169245355784,152.08886192473648,0.11845502146778922,1.0838392358737172
45.125910555579935,0.10412016001017513,1.6996678900920852,113.28998206843733,0.13035838705623037,3.5255779015708715
435.00309925444026,0.11047560427602107,17.680089551409917,691.700701615842,0.05825982261563392,6.234984770738299
105.10660333624561,0.07466946297204853,10.536977058835625,94.0589624471632,0.09216723858402756,6.024569233641836
267.74831598742037,0.0897549157537583,11.548635875007138,205.24929905790458,0.08125979264143732,4.212387514284927
105.00912829440513,0.08329508635645723,14.653844441096767,20.47795581975953,0.10204615198876958,3.8872788789819053
5.744702662084994,0.10527723056202007,14.581731514174042,320.1258674403949,0.09648729102606202,2.286768691079176
37.802781664470615,0.08785005652657646,8.090072151569062,62.9058784527312,0.11806809658348594,5.327139038125197
13.147034758212985,0.11912205807790266,17.83735549289582,133.32121746408023,0.09637010864508491,1.6594999999999995
10.702914415801018,0.06713569601465709,11.962614318200693,142.4104589534565,0.09936812617789251,5.392318174210175
18653.177092476304,0.0893377223759058,6.441825157230296,85.41977643377572,0.09173048343252543,0.780707548389822
450.8541931204112,0.11378512295741627,11.758581534519864,341.04296070750985,0.08060103829775905,5.138423602239579
4.7616809611983655,0.10525957266054695,26.271442380802114,106.5611849095086,0.11287747756878502,8.669202443035038
116.32584660888791,0.11600592509364976,10.252650915967859,232.05602453024977,0.1135578838655721,4.591706296782667
233.43448682231823,0.0900815550863137,4.329319193823002,99.7199561645815,0.10585995385356461,5.210320554522508
226897.18886327915,0.11687963613894131,6.692652445962478,303.53934055567186,0.12684371752932722,0.8062289501500883
181.67401494872135,0.10927154224497003,16.63932529182672,228.025978025725,0.10280650709696344,9.197589997824005
0.3318703025116925,0.10352971915818665,9.497922282065622,114.41685600070315,0.11551695621622435,2.5219337975224994
4794.884289448542,0.0643447355017911,13.421736535308618,303.09759254676214,0.1279920905494219,5.066909568432701
112.41036623348077,0.11944468170302866,14.549314305298024,972.6510281506123,0.12246927757798574,4.842170152291954
42.92072181560666,0.09723025115427697,21.933549929652415,30.51063852000334,0.11035427964518181,3.534805579764097
636.2982003574409,0.07349336334707185,8.200731601752455,164.9343901024169,0.09831436680742497,1.7090887371551995
330.8885269411062,0.09269072246295187,12.233246266787663,9.500106929422259,0.08579193174997546,1.814872889575783
90.69936712370452,0.08116345832821656,6.176149674837044,336.126313075766,0.08858918223402615,2.653433585709829
3.2019600925532554,0.09314723007123796,6.492088637996126,64.17724526402486,0.09714249653835533,1.4346051941251723
88.697389007147,0.10304292061391343,15.619481529239192,199.3975245544375,0.11717941281692817,3.1279884518390473
2570702.006210859,0.11534699161378782,9.19013594577923,781.2900753536642,0.1196937630707785,0.6938200365485976
261.24919179004667,0.10778617426129614,12.10860154834526,121.65415198239901,0.10535391452013347,10.354219127852643
10.655264061912272,0.08027740802073209,16.912794048138355,169.0178028059829,0.10085263183686688,4.215076625626403
550.312917560052,0.1149292394781504,9.586478257492645,21.125808821032535,0.07814279158037943,3.500992658780358
136.95048553807817,0.08027740802073209,16.912794048138355,169.0178028059829,0.0751220554854678,4.215076625626403
1385.0855317113687,0.10878615556870813,14.483358761271697,233.88602620481555,0.1289187213087848,2.5866887551139452
76.77174878136273,0.10457609020815674,16.141911607203884,192.28844663343085,0.08910654353081521,2.1746258924941437
288.1859402207393,0.07521492929014566,3.4080241341201187,197.7127947801676,0.11225454704145568,2.3999803578873604
115705.36467138465,0.10570702179826189,25.589760968597602,213.30090547262347,0.07936731159820773,0.6562289121776121
384707.1138872679,0.11843596827439734,8.807457088238298,681.4571962106281,0.11975610186760932,1.018178494796798
129.4889245330704,0.09194544541108025,15.986134963967933,260.57514795454597,0.11921554524158001,5.804694435058827
137.71608592416328,0.08448732359270245,8.600454593685873,137.71849284938685,0.10312976570794255,9.139426217731486
376.54327701672867,0.11676547632775315,9.177281264497141,210.64983506302207,0.10224406814923821,8.135136964611206
803.6333278969523,0.06735457637989202,11.662756385111265,163.4186554713769,0.09784241574758215,1.9617583098703717
34407.91402125325,0.09181278950379115,17.02477742604225,225.6429791502892,0.08201585020764152,0.8576602180537902
17.242917656547633,0.08116345832821656,19.128875170159702,336.126313075766,0.08858918223402615,2.813571652053144
94.57650290691254,0.11293068306265154,18.198693313530512,15.122699011786779,0.10239289899458696,1.0698039997711302
202.0086862744197,0.11001259143822904,14.121396994493187,15.335717266044185,0.1035807800853222,1.3790671293975487
120.47257139475443,0.1069259318600086,14.03888180351171,209.76714166014256,0.09693217339990684,2.9878650509095617
21.6501893921232,0.11247507125922554,6.43969261709508,289.42997205568486,0.12643581662919867,3.6859309902169324
304.7148594949267,0.10859583735747438,12.965217143941395,18.337875389651686,0.11492071184929041,10.078879644836643
137.22838456723034,0.09089659030274887,14.530088729998363,222.51091884695717,0.08764144083155287,3.6887889158107905
171.6019493721202,0.1197915784757713,14.177745065892141,195.80567891031552,0.07897501306817806,1.5295614239679685
826326.9081160596,0.03802525769901194,17.85351042249244,279.2906248617213,0.09784832067199353,1.1962499469766499
48.073476076592605,0.06363584445307807,6.958307299147775,166.5625026188947,0.09793151849512169,2.804415281054643
0.8180608138247258,0.11608825312561777,14.738533061726482,468.51183611551863,0.12274352070108704,7.352770260545071
3.676640350964882,0.11519472133698452,10.216581241315604,145.88626476960866,0.10041301186200725,1.6446270304242212
1197.0224659466817,0.10698773957665185,10.536977058835625,180.3979843402388,0.10968155641930609,1.5064564080627427
295.5980631952276,0.08178220588996586,10.287988990466353,301.71363534373273,0.08125979264143732,11.205291897850632
4624.103542273251,0.08977841635940972,22.24345401126193,119.57521708680446,0.10204615198876958,1.2424405132786864
3.505776222218814,0.09605207407476052,14.581731514174042,140.29824075938967,0.11028523396374108,3.932151930061101
7.564655877523672,0.1066652504398259,18.747514395262357,235.24651779314064,0.0997598472951278,2.65248606813266
6.072999450729743,0.10006399216796222,13.420000000000002,130.2748957123937,0.10688679298708614,2.6785235896789796
9.582197602717965,0.10213213931438103,15.578267615380335,117.71678751468926,0.11974320787182088,8.417154218861
553.1911926092976,0.10183030817640121,17.95599744384206,222.42471031506938,0.0891064919164917,1.323672478767958
75.30221355240698,0.10571651806136109,15.293455796564428,474.84417682533353,0.10596561728839797,6.284681327408377
130.27046116382775,0.08724917215543442,13.727365857703031,7.8178036594615605,0.12304778133489282,2.634675495127796
11.435995413930756,0.1070373286885058,10.252650915967859,44.82753026133025,0.14059762735628972,10.84465192864078
21437523.187211562,0.0975494900406142,20.646879714544536,297.2141593651961,0.12711597275960487,0.20644466378981363
1.3202691176974315,0.061160421534814415,9.986658341494472,168.41363044067094,0.08090750445818021,2.5397259291398866
69.23280734490481,0.11067049216211022,14.245356290365592,56.9602822072859,0.12300214186366897,4.799951754074078
46.86208320172572,0.08396960227817392,8.868426591533186,179.23812143544842,0.09217235611504782,2.5219337975224994
42292.37161096188,0.11620018023952643,11.815960999897417,856.297024957522,0.10205910507444714,1.2612859889040866
35.130749111942734,0.11251075528360312,19.86169236026921,954.7831782680055,0.11657656541727213,6.208044903784638
1685826.1816482977,0.026831245907439606,17.490580679366868,698.2229201464831,0.14219506187797798,4.599095273473605
20.22427697786538,0.11920265963250024,14.617228816009304,266.4624506919314,0.09831436680742497,2.031819334754206
2437180.44254636,0.10778590052217424,22.807926095056,220.96005863371334,0.1201057324534264,0.35542512776594926
189.046062328686,0.09401828355155505,15.544988296843693,24.100350208868406,0.09740160925590832,3.0302949320634704
116.32390232271491,0.09403205224324647,6.064236412440426,11.870761796473857,0.12149701819635847,1.4346051941251723
291.17027037982814,0.11122674262855517,11.339733554915258,147.84883913430042,0.0974278271159904,3.9632465235417476
358.7548201707024,0.11534699161378782,29.40732784717455,219.2610270256735,0.05625923447784131,8.498886696485377
20.178476015083195,0.08845354682862236,21.937840735712857,191.93516216689522,0.10535391452013347,5.4724013681917745
4926.844771625835,0.07670549263714983,14.302367725074264,329.22176888095726,0.14086172757647153,9.37901234797704
436.29938122612884,0.11992028435700809,6.8013355353610425,284.09961920639677,0.10009663373183961,5.879147641643875
326.8903125702848,0.11215480368079613,20.438194771868396,327.82386716569755,0.08170602409120092,9.53176372681045
133197.98454714468,0.029142719785236998,6.687082832499854,762.8457342600004,0.1289187213087848,4.599095273473605
15584.266609446964,0.03909365253478572,17.00621572499064,216.95359747755924,0.10842608542163354,4.076665427751148
196.41913633083783,0.10348266542578186,9.83378427500936,201.25904542089603,0.10157391457836644,4.311003329089436
3418.373458222029,0.11391206822078227,25.589760968597602,212.85827095747817,0.09092556319216138,1.0776901745989171
27.507775083277167,0.09489477636171753,8.807457088238298,79.64880182746379,0.11487906304119937,3.2277661300252967
143.09315575011226,0.08480540587531417,12.099119390272985,418.68960164480535,0.1071132099096287,3.193702547909744
321.3009534730923,0.08914314918199277,5.379426508308807,23.875902233205466,0.10705461675919731,6.605533217944767
284418.36161277443,0.11652409430450128,25.73495693666258,434.36214041543417,0.09607674293193388,0.7486923989844794
290.8592388365605,0.11885054709034139,10.371767673557937,734.9880477191155,0.10654716934269909,8.241742825265941
221912328.05731905,0.07752862448165411,6.171288388279962,310.2419080940968,0.12179452892934646,0.05805139084421107
103326.86095867652,0.10885323860082761,19.128875170159702,816.7524560615752,0.09093769028701681,1.0245237992761522
95.1839843554189,0.09037563789797659,8.616988237869917,260.5601284482848,0.10110357338271275,1.986144689225931
213.8236152143246,0.0669563350689528,8.07615393760755,540.8916714959794,0.05637609177685146,2.093099266975261
396.64763755169804,0.09488344111902286,18.16520866807453,322.02184907732465,0.10893774897976238,2.6361575739573397
36.85045912165205,0.10622710345114397,18.610259574226003,30.201154847956843,0.1536008117587493,9.699393225143641
69.53776535152025,0.07552168890411151,8.36645157897232,138.5686694281074,0.08001012927551551,2.0464724947687545
50815124.83326238,0.016507018528769422,21.25195169526439,341.4305479920962,0.12726944490609304,1.8277197314583837
153.5832274010627,0.1105787436696148,9.83429411566501,195.80567891031552,0.10903310614473213,4.381056854277384
309.19052118129366,0.1033439660913677,29.755381726056072,193.87550595761496,0.1185919920310577,4.423791458630662
7.641789851669278,0.11507687794302013,13.84099980847935,523.2676618036843,0.12735726500703753,11.399912279566543
235.66891056398404,0.11608825312561777,20.319903232696223,180.62242351786648,0.09531203277617628,7.352770260545071
376.5186434713257,0.09993681001790014,12.054565735181898,797.2050664106484,0.05825982261563392,2.0220039834795074
204887.00495378597,0.11208764623655013,10.536977058835625,137.2224033005238,0.0968132931398355,0.5198353245348493
104.37767067730266,0.09128156309319402,7.582202443064118,533.4231561020844,0.10437163407938675,5.99530868168246
8.742130384871931,0.08545258398343612,14.653844441096767,115.66319781149195,0.10204615198876958,3.8872788789819053
368.5496087170822,0.06240158553274357,8.858355189630224,248.8897711237864,0.11473092882788914,6.393263660399139
165.20326183453224,0.07249475728471527,18.747514395262357,235.24651779314064,0.10038286725292986,4.672961470329769
77.8640877132508,0.11400000000000002,15.443923328843647,99.98000000000002,0.10070692760384715,2.105893301413989
231.65845357836002,0.11056504871954165,6.820920130809389,85.18215685170662,0.11645033896838512,5.67650848015839
1021.6093674281396,0.07048928997003838,19.389983351483473,862.7881463867595,0.07458204913004379,1.6027786527443126
86.47518007955705,0.06476337225967813,6.751008505447691,12.098895379278645,0.1197409075134088,1.5402617004731969
11901.898503119854,0.03828488181230786,10.86173558533021,32.22030699196887,0.1287062501093855,4.3094486948514845
159.1127026566052,0.11296261330685745,11.309304577929593,94.22079675557904,0.11947766088929496,10.788655921789745
0.5713413680782005,0.09617108286682806,16.874531919617286,72.373303660072,0.12074652470669263,5.508989193114456
26.433696170812727,0.0687583202757362,13.556951943772106,584.5477345350834,0.08090750445818021,2.5397259291398866
1334.0447038378823,0.0916101442614618,14.245356290365592,321.0910347397894,0.13209972163716827,5.188220180877513
1.5837342428558303,0.10954135115236602,22.865429918401645,13.276000580073344,0.11551695621622435,0.8664001516262951
538.334868998721,0.11479234899727311,9.672582357092839,368.78891259164163,0.07202877278248596,5.066909568432701
16.77319882267418,0.11965930239270478,15.721760987147468,302.59342103536187,0.09436265295200669,1.8961890189277035
11.972919217462332,0.0777589025103032,10.19558681878681,418.76454669682414,0.073050579061674,1.7344558554343887
1.574844265406421,0.11184757513538193,25.082522123149417,164.9343901024169,0.09779730047972915,2.031819334754206
238622.15627070717,0.012996392638013221,13.463792877447787,420.0240893993593,0.08579193174997546,8.607992896253306
140.45523945254777,0.11791776501705337,15.562537190923996,52.25414256296034,0.09740160925590832,0.9692600506558771
557.015627336817,0.11995948346698859,9.246776114995551,64.17724526402486,0.08098908557402881,6.41438355873774
355.7278994298698,0.11707375510272691,9.964894813410389,25.463098932226103,0.11717941281692817,6.682429450133821
282.77941003307944,0.11985879075708725,18.472727075508665,54.636582586420445,0.09512882576967055,2.857272355637853
2409143.393465818,0.04224784425094302,16.11025088907164,121.65415198239901,0.1354924799926402,0.9881915953697629
84.56352573170598,0.1006433828311773,11.784159750152202,686.9076650492937,0.10085263183686688,4.580628311732759
213.9533333874033,0.09188525886860455,8.429563424862366,608.4924923576283,0.08850552197683159,3.7567056129811784
625.4231047687363,0.11231409846676702,3.9633998391456764,129.38142794906594,0.08170602409120092,9.195390929739613
610696.016892747,0.022723848401958374,10.842786879599158,20.548453202389624,0.1289187213087848,1.1842847117888686
148.8528483177351,0.0720357527511655,7.265809979019152,209.75924616829633,0.09102307372809382,6.876824698691097
4158087155.215022,0.07521492929014566,18.77691898879184,963.0182197272343,0.09496817503427268,0.10434976728177414
5361.901367152352,0.07621003113920918,13.983494117658497,269.22852856574235,0.1290877921436076,3.308233054793149
9.78819710787827,0.10117725444773187,8.807457088238298,919.6705452714168,0.12025695833791303,6.223030055025525
125.81081754934436,0.10196919734615296,14.354278702324391,32.59283595988359,0.11921554524158001,11.761784475512357
208.61585690072457,0.0955078407147608,11.540003101490397,23.875902233205466,0.1079502979097902,3.837508468230575
387.1988002594784,0.1114229006796233,7.802292967399187,165.7195925574851,0.0941782891807563,3.8038813175006823
10.680059964219897,0.08577708765070291,18.6191408903464,734.9880477191155,0.09687164753008246,9.252065587101269
85.28922417229444,0.09650926211374028,11.93150356810327,184.8550392041074,0.12874099544967327,6.978312025939458
478046.95295785536,0.018862825866629095,12.024743063238096,109.001674995565,0.13143888175439222,6.481015889117485
6.875712496916427,0.08467250259212375,16.758243931859585,299.53652548331115,0.10239289899458696,11.257491778737204
367.1558736947187,0.10742172133345755,16.90962858787128,3.95835265449125,0.11710017541856924,2.093099266975261
2262.431584691615,0.09488344111902286,17.445667166668375,465.89099385842104,0.1360639986668503,7.111721401450803
151.8276840695115,0.11247507125922554,18.295251438413075,180.89546612378058,0.09616766274694658,3.3398293048322447
8696.56007829273,0.07257414494534341,23.812763465214744,282.9540503227311,0.11765263293899977,2.574541847901517
285.48273274938066,0.11810985850574329,7.35049886361962,172.92040633180216,0.10122282079637647,2.972410785933035
67.57052081018774,0.11134529088612313,13.311456452485714,232.23344150800398,0.10465754721167594,1.8747112109447457
354739.45029017166,0.020649096542926022,28.69913698879336,54.10263898400575,0.11180671395147694,4.423791458630662
418.0056767890985,0.10630979556729075,14.166400843817334,150.98619346926222,0.08111625969543795,11.399912279566543
99.02305518236342,0.1127854233620785,5.563493220132436,143.68020554103816,0.12369602411156684,5.059073715449489
43305.36501561477,0.10865129019642783,6.296633423254075,149.34028234941957,0.10296998550859462,0.7721637864009354
1111430.7000060151,0.024098385063513632,13.753828711374672,294.6150141894064,0.09965287537988385,1.5064564080627427
357.7011420280799,0.11075582980993587,16.52111962431179,301.71363534373273,0.08125979264143732,5.738158646174732
134.91597515411064,0.07644040502560441,5.134228404812179,370.09248512337194,0.0862287275971497,2.979567876081952
12.87264276215775,0.10604979808201026,18.144162313769996,65.35176844121037,0.0875717167125985,1.3247213003516656
424.0220048722168,0.1066652504398259,18.747514395262357,183.19601784669123,0.0997598472951278,1.5192255610715337
3232951.907458064,0.015141689438710124,18.234940342033227,171.2476332186622,0.10751547048973882,1.9814141030037167
30.111845014065857,0.07677678828782172,8.469610850274643,84.92885284629756,0.11108870124355977,2.830038051637157
21527.238218146216,0.04203517612802609,15.129539256632237,536.3463942171995,0.10181505558812756,2.4986256676463734
7.028548557870703,0.08577963279288284,7.702573441259105,71.33624273453893,0.12500835124773046,4.124127458767184
270.1886494447552,0.11569667114646295,10.86173558533021,721.1745324601078,0.09964414989338641,5.046817330421453
402.3285779857838,0.10853602591186834,10.252650915967859,44.82753026133025,0.09740306551094777,6.819997834147703
2169960.2514567217,0.018700423404736655,16.874531919617286,72.373303660072,0.10475450157347956,1.3366738438473593
6.084707713214899,0.0639390549253879,11.599392473693932,168.41363044067094,0.08090750445818021,3.143019649639806
206.67269388032034,0.060029667336696124,2.962942418077242,138.14763021188776,0.08787858093807571,9.197589997824005
673.329267500224,0.09849997593993587,23.64090046019225,110.48820981032998,0.1325095248743392,4.437254743458487
13.676545671251967,0.11517340923059705,16.902558738144702,149.2602666693649,0.1279920905494219,5.066909568432701
107.48926058612038,0.0680361961010089,17.96422967888602,7.497138549010856,0.07082215032218911,2.7087860980979457
110.50070454537847,0.0777589025103032,10.19558681878681,438.7750054572919,0.08145568536656395,3.3152265136297223
1558.411917647103,0.11998151330702525,5.055258885721226,971.3109228701287,0.09779730047972915,1.5099425283398125
123.7669906190808,0.11833908163980242,7.5710052954149285,96.16659190968284,0.10271099864347044,1.814872889575783
711.4813556865463,0.09512236350695363,10.902624386863524,318.94742693753665,0.132278512880607,5.086689737433119
2124.9178241744594,0.06555829470503616,6.89430757644034,158.0638502151579,0.09714249653835533,1.5360304001539937
177.64168427958694,0.1178508979186828,13.743723024205053,113.51767154859073,0.10907457050362852,3.9632465235417476
504.4107161713339,0.11246974762963077,21.119813629143536,88.7519528422643,0.14161349834475923,3.2871009306463046
0.48943972198966773,0.10778617426129614,16.11025088907164,66.90141681093081,0.13046548693189228,6.003866081516906
426.53546516470817,0.09097433215376723,18.16758005556489,209.49577520197835,0.12607720486424,6.908877546912125
26511.851738845304,0.09372369873852551,20.39871867558663,997.942098593614,0.13095507129856737,2.8659956167238168
428.6764202320385,0.09512046037542707,12.849944407161985,3.8604884770720105,0.06059170709536563,1.046386503345384
2942538.064900227,0.10840763369387993,25.267155007624872,970.7302933141485,0.08737332488984237,0.6647356619679368
553.140813578648,0.09520408402259757,5.7449153002888504,238.863382348965,0.07042480743514498,5.249144740058741
239.5165599116986,0.1024892333077146,6.32444086174411,224.03771717956687,0.14056853600678682,6.990120620991878
13011.223448941299,0.07008534625734891,25.589760968597602,269.22852856574235,0.11635003034374772,2.3241434188356087
162.13548775886937,0.11843596827439734,8.807457088238298,86.44232845140931,0.10092542949637147,1.8607664212875505
23.874998379143385,0.08926097502904634,7.483498933820128,273.6069077440655,0.11607816895795148,8.80726936484757
201.7297684003305,0.0713345392724475,16.976315929698824,240.4691839071288,0.05306261208199442,11.292814669633902
5086.675284367837,0.0608004393055897,11.760617527984081,171.34495898769762,0.12492737061606478,3.444400721139462
612.0923426891155,0.06735457637989202,19.981672494958634,259.20299000984437,0.09994787772505201,3.8598037120126767
1167.410551266962,0.06890904932115123,26.873431280794648,509.39865567290576,0.10157013493981576,5.683354585774855
64.15341280126722,0.0874802798701167,2.2801439799219523,688.2762173878037,0.11834214540112782,6.481015889117485
19343.91840942797,0.05288694291566052,23.522095166398714,66.13111272058615,0.14087215882506285,6.66932068593389
17.45541725133104,0.10606756942851464,6.75246047945182,44.6543838573221,0.09709592538664386,1.0471023327243092
5809.6398585358165,0.11990981982915433,17.445667166668375,258.4861048944618,0.14651260638098973,2.9878650509095617
3717.974243721692,0.07158109937606359,15.893302399132313,614.3274419736937,0.11807192100884639,3.6859309902169324
129.13746561529535,0.05577865096744236,6.833850377774697,67.26989447930242,0.08001012927551551,10.902685906259638
236.70815759862626,0.07576518021735948,21.25195169526439,211.73694017768383,0.10122282079637647,4.025769234862137
215.21222905774226,0.06237930050292194,3.4180390700894634,144.04830484772526,0.06889441451625436,2.1938461324783556
24.719555437157567,0.0559477127558403,12.91976857437065,582.0240644299088,0.06386606733952555,4.423791458630662
156291.7340471507,0.11697336002850586,20.177045363977065,367.41427194518997,0.08230834974432613,0.7002920684057834
15.105873070854056,0.07576518021735948,15.565407162432917,729.4909956963005,0.09202537084915746,4.025769234862137
62.189413557635355,0.10795393174275561,8.757249910653588,930.5010052924653,0.08660873733750421,2.0220039834795074
278.3881191261863,0.10900849170964638,5.764383995902216,75.61579930302167,0.1076612330439318,3.2676855507741047
212440.78049144318,0.10323447998387862,15.089618372914424,913.7098869762201,0.1130788249380991,1.3268164310304247
146.74226691991734,0.10095801085373332,17.730166269992488,75.86135362183575,0.10204615198876958,6.492791413357205
122.52249207156724,0.09605207407476052,5.901386922500503,409.20251841912875,0.09463217370537133,2.6995478879098154
355.373873187767,0.10291670086417272,15.17003418034775,88.66434967765258,0.07183840406646583,2.65248606813266
87.70935133926338,0.10568663604155684,14.110519139655617,69.80626078990997,0.10568065433259134,2.596325047454116
195.45480220563906,0.10451057481525197,16.066339263381437,107.07577471527071,0.10046620451544364,6.414069403787904
273.5796597236616,0.11400014880407296,15.129539256632237,184.0500289351208,0.07458204913004379,1.798629887609276
16740.240708734236,0.11724033243085275,7.702573441259105,91.41510539804966,0.09561776530895708,0.6673439655487332
202.70651188335077,0.1160214956966096,9.647469913491841,418.6406855174464,0.11054046616465389,6.772584519417144
279.55722222663127,0.10963937488985617,9.114992046637141,54.71652244517196,0.10756716063561307,1.0950881379256643
112.34910296691504,0.09617108286682806,14.954691996073487,756.2387201684581,0.09877047180898738,8.679192573088194
23984.59111980297,0.061160421534814415,13.355248354116043,453.17052883526577,0.12747460369490257,3.043997179572867
13.600068832403917,0.1126395814967377,14.245356290365592,176.5884613803562,0.10310878641194275,2.1998017767515403
158642.76529597596,0.10674886843314069,9.497922282065622,207.23546644849318,0.08084149105107352,0.6197061418623449
3394.135716941053,0.08814358396269932,7.921715388396832,500.3999114740448,0.08402697181124008,1.2182228373611137
4789.178773510725,0.11637063125721996,17.045919172685558,209.31514475414798,0.12071712157495702,1.5272083221638857
6659.463323224547,0.10343447557912214,11.141044713032773,637.4544436576708,0.09656514489484277,1.3731820565479111
13.479577412401525,0.11184757513538193,17.740379204031605,151.8122363441218,0.09657310683407402,1.9127793549452807
360.436194796105,0.10934038875672433,15.891818757937731,31.964707512527696,0.08579193174997546,3.045057664784465
290.85106867959115,0.09553668999908813,12.082098179576388,203.8475431987473,0.08801414062481222,10.777606853553575
3724.303474938103,0.09403205224324647,12.251238646262433,113.19049706856333,0.11682342588231674,1.4346051941251723
263057418.77282506,0.10537889302549755,15.912254705124319,297.0228675838962,0.08184662883968524,0.04740176581138389
185.36545876158704,0.10434872195622377,14.719837241450563,54.636582586420445,0.10055760926356139,3.126695218022392
63.527447160041675,0.11066992270215933,17.139432396674323,118.45255728320535,0.11013520945580084,3.955228689357888
7.768659496061501,0.09507236147367676,11.784159750152202,125.54216169656365,0.11585665536492162,4.987610678904192
18.049170606086932,0.06691295601594976,11.64784172330563,61.08496690391672,0.10485914681300543,4.551378913278477
35.685423336081,0.1194711648920613,17.080592215514358,119.42762305019693,0.11142831868166293,2.6882219880413967
322.6753250721877,0.11392551878086138,20.648964829417174,10.673689208024257,0.10333912760808711,2.8099452578345137
1628065.1060110333,0.10317306362513765,13.30886820037902,497.22465463445553,0.1039144367251356,0.6572240719003553
5802.106955701239,0.0948271060325673,14.0053301017526,239.28253257955612,0.1276979772070131,2.1845402636592866
12712.633856092329,0.1129063877333805,11.52146011592827,141.55086505943194,0.10155463830748547,0.8919226754558336
74.84693987079116,0.11596411888184624,17.93123409157515,165.36729342288027,0.10753947282568392,3.6527869459289324
199.12594542218707,0.08926097502904634,13.577099804147792,187.72510557375654,0.08922182456816632,6.458848188497571
399.39353298670204,0.09680587722539333,6.058463655010813,230.53603037707217,0.09603772374383296,9.139426217731486
138.77389568438443,0.11557391119033347,15.80814614536228,200.64063318844325,0.12543965560405523,3.188258578886205
11886.160624728433,0.06735457637989202,17.267707664274962,167.40058883524773,0.09925347488398989,1.390180606212005
24352.523369682618,0.027662582733621432,14.96077648729431,229.9306294168075,0.10344983209969366,11.11577715284314
59.473901292045205,0.11321153944923992,9.047478179275917,256.8154511646692,0.09910369971274186,2.135684200193104
6320.0710357068665,0.08454428219499913,23.522095166398714,213.72883095287466,0.10239289899458696,1.4868823584833217
3628.8738243802527,0.10606756942851464,10.426317249957712,534.975209855592,0.13469005473360285,3.303782858842469
211.57284776908327,0.1011126033803077,8.273326066491485,93.34333058694841,0.1000148917238104,2.9878650509095617
726612.4333635422,0.11247507125922554,6.43969261709508,140.3912872716868,0.08152305326492534,0.3953920351276734
397.63411391968185,0.11800881891290621,16.44962119495973,125.00636211803828,0.08001012927551551,3.6120205129732805
630.1820841402637,0.10988995387629141,6.191733919707078,136.4106249542637,0.10122282079637647,1.231983494090402
1308.4489564531443,0.07735594671557786,16.974213778700623,219.42471913475623,0.11781512192827104,3.5118459164085176
8.32620779613981,0.11259909364579007,10.366224999620915,154.69893129515577,0.11611095842801981,2.8251816599123774
44.18044914027017,0.11434110571532267,3.2857928668164913,199.61683651729305,0.11602124567099872,2.55867199169946
37.41011778910823,0.10420278837732255,14.738533061726482,104.85103828968465,0.10522309543562654,2.653209597440725
32633.706881475242,0.06084615353277756,11.064179264571118,483.68625771459773,0.11499844525900241,2.0220039834795074
111.35447098470317,0.10041157390709171,6.191035170582827,189.28631079197578,0.10666087239191288,3.2662626276557947
169.70314622839874,0.11909610907771134,17.474703199318945,301.71363534373273,0.08125979264143732,1.9031075855879038
10.923375307936478,0.11707458855104821,14.653844441096767,349.68691351358564,0.10063439229106738,1.9783979571739199
0.4213470553988511,0.11690019125781814,20.095870261707034,132.30739030745207,0.09840925363933561,1.6588861374461654
43593.51717496744,0.1066652504398259,7.593155651084298,117.63884308091889,0.0997598472951278,0.6989206484054904
472.3026765446949,0.10048177853422559,11.007527124783664,261.93761208183537,0.0675877566648527,9.836466658387797
1850.377201783404,0.10170727473077344,20.18942965032618,735.1106136779639,0.11974320787182088,3.253637351710763
0.9802044816953077,0.08333157019502466,21.54827459317098,36.50418559187534,0.07984277021011005,1.323672478767958
5241330403.366037,0.01308549254111032,11.327718334131713,341.04296070750985,0.10197409472841412,0.6445201803896321
3860.686959710001,0.08724917215543442,19.76672612496378,160.07308942118271,0.11287747756878502,1.7183671113951693
3010.624000290928,0.06817686799503915,11.393441180475683,276.25499366132703,0.12695997711792595,4.418485012937672
60.7089423101384,0.11940073128176434,16.874531919617286,50.13964022142494,0.12074652470669263,2.5554664334427377
1025.7823371712466,0.061160421534814415,9.986658341494472,138.481661345129,0.11155049311864072,3.0775674973679004
728.925863082905,0.0739056336848777,14.245356290365592,435.72310807921065,0.11894325311938857,7.017856767507808
125.93918914696349,0.10840440363882042,12.203685472610156,114.41685600070315,0.10410792612393416,2.9663765346363196
170.81855177679307,0.11479234899727311,17.633812603274357,261.1384949146818,0.12924444425036918,5.066909568432701
366.07735979957783,0.09679104608965558,18.509585114893355,301.626617102349,0.05709128318137144,5.638015725505072
4960.17889304846,0.03925206473602358,16.216075329649158,54.530402530521314,0.10631730859822734,8.351213479111243
320353.58651823795,0.01690216188263173,6.039916893538923,172.30150056431108,0.09779730047972915,2.031819334754206
390.7799306153295,0.11238181860080954,12.398272485969683,471.19379379130464,0.08579193174997546,6.272596520607628
2141.0903096265783,0.11964890571608966,22.531520562925948,219.72147814132205,0.13522958832710774,2.653433585709829
518.6073501022348,0.09403205224324647,9.183449638899937,473.43506114030305,0.05612644162247318,5.725351244900876
861904.5882638136,0.016002873048872927,15.316276093374897,138.481661345129,0.11155049311864072,3.0775674973679004
36.13089341900253,0.09657611467233777,9.40651525490522,607.6899141085936,0.08827543538250299,2.2006350939837045
55.92741517383536,0.07482571705027437,11.74938865000292,121.65415198239901,0.0892955762743077,3.900884413472418
520.5728173452039,0.10756653061470282,19.13212650033298,0.11001652659012962,0.07636631896885931,2.449074358643739
219.12449226909092,0.10552865610431747,19.573067147175408,212.8242962765716,0.07814279158037943,2.8063593982333233
97.74918873638703,0.11616172354842542,14.150569311920671,871.88270946293,0.128867949975017,8.926414428083515
751589.3632713471,0.05664040357112175,23.068467209310537,687.8861983407836,0.10390539639033879,1.302625041543127
262.4976045802846,0.09520408402259757,14.628277727849998,182.04777378874223,0.0834785384714209,6.876824698691097
102.10552378522111,0.07521492929014566,14.79571263521797,9.014474342025437,0.09552684050582175,2.4023062796486916
4427536.988453176,0.07473910138536242,25.589760968597602,269.22852856574235,0.07880000499804365,0.5161026044582515
86426.16357479815,0.1052604896569078,4.713656793239826,670.986982931294,0.11275594248382333,1.3364862515917784
39721502.85272506,0.0663812340379586,10.566926716164375,83.59956371392536,0.12022110800897627,0.027904372261401633
9.504532761539519,0.10714227397025164,11.371878375099165,170.21211289767007,0.12024146604654612,4.719490378720748
491.7413088270291,0.1114229006796233,4.945789430978756,102.09357911919682,0.09945142855481126,8.961588214890831
2199.0749188595537,0.06735457637989202,19.58298817349145,734.9880477191155,0.1028576318655641,3.218324167734036
1275321.4038605513,0.010779832669249492,17.80708597171394,509.39865567290576,0.09271959708809505,5.683354585774855
92.90094285193535,0.06937381658646054,19.27933845054324,15.177697535398636,0.07202611681249996,6.481015889117485
1448.8802817756678,0.07072506806009705,23.02353040705387,237.58916114175463,0.10182656234003179,2.7772562932623974
100.53369137311034,0.11238181860080954,12.398272485969683,278.2048704987361,0.09125059634657237,2.093099266975261
116.6729385479612,0.1190411763599859,17.445667166668375,70.2427090554786,0.11131254983763009,2.9878650509095617
512.0343581372588,0.089833440514965,15.01185455631378,466.8081242346218,0.11807192100884639,4.128361774843151
4617.401009534329,0.04717426301824115,14.218850553097019,579.3622135841057,0.08001012927551551,1.818188310906824
0.19482967327101047,0.09482980001274338,14.143969905379127,87.28684657737097,0.11601558551838423,3.6887889158107905
3.189293309445894,0.11134529088612313,9.152970536023986,195.80567891031552,0.1081839028607643,2.2087739284904986
698.2346135459823,0.11279643001972972,20.63542196169217,326.7701152295815,0.1185919920310577,2.5881260671825186
306934704.2204729,0.06363584445307807,15.102557246276671,148.78167238939034,0.09515146959167492,0.05442912664721433
220.93004546073158,0.11608825312561777,12.249483962441046,174.27014185646107,0.1103725776006512,7.352770260545071
772007.9766604383,0.1044219401507889,23.70245455506754,230.8611368340624,0.07539526480883679,0.5007618132612537
6106.380219653654,0.10113788436858803,13.258101918025078,692.5992971710139,0.09965287537988385,1.5064564080627427
816.2332336470188,0.06810012450177454,14.87073141576198,301.71363534373273,0.11068098103518248,4.367902593898188
0.7209508686225361,0.09046589457704265,14.653844441096767,325.0281185386449,0.10204615198876958,3.6105123101676355
214.15797468616768,0.10843248022082952,15.994370957191258,132.0185998650087,0.09840925363933561,5.020305483417412
63.469031727349446,0.10024213817914952,15.272913269761656,235.24651779314064,0.0997598472951278,3.750981457917541
88.17188059711009,0.08578247052172072,18.93002352327665,155.3461612788346,0.105,3.1284688212513676
330758577.0479693,0.01139957640995621,20.315299751809057,619.2080929558825,0.12309686689343602,1.8270375886764292
901741.0051224552,0.024708224289027282,21.54827459317098,95.48993888340232,0.11441884046107911,1.6882782906719118
79.35996182810555,0.10717523441598084,24.5739231208166,142.9891630807411,0.09482076480789267,3.585731353934021
21.303692712762675,0.08724917215543442,9.41415191303902,65.03787363388483,0.11287747756878502,3.5578163275357526
1085.767801569275,0.07255748584598194,10.252650915967859,74.34125018090992,0.14059762735628972,10.788655921789745
12361.119736812081,0.0568984423374707,5.647321589376929,199.87261031336487,0.12074652470669263,2.214517359618771
7276.086186206369,0.04182647211728231,17.471404251762916,259.2867342637584,0.08090750445818021,1.9069902765708875
46.40135401789551,0.11727485369867896,14.245356290365592,92.06122810278555,0.14270294612608697,6.560496382945601
333.9428635279677,0.10352971915818665,12.028597499792868,207.79138221057934,0.08506882525368245,4.257684191402184
277.59724231584113,0.1183526592289631,20.25962089773749,303.09759254676214,0.10472018326136028,1.8353481788394141
12256.144753165972,0.11944468170302866,15.992607176413092,69.56857557157849,0.0923507408399877,0.6159407926608296
175.67664761106806,0.0750765809735353,8.011298628965374,12.76007543748193,0.08169239202292208,1.4392579779399828
165.59868419941475,0.11184757513538193,25.082522123149417,82.73057435658149,0.09271398930473859,3.9182163906925807
2.0141221948109256,0.11050556746305577,6.30111120472098,339.6826198227273,0.10074084530263429,1.9170884438604814
66.20064580391252,0.08601219470401077,15.728779073716233,64.06293975248934,0.09268269436014823,2.9798284554350767
38075261.82623184,0.03626852158235108,9.183449638899937,225.5861008902118,0.10594158803160722,0.6457355605792063
1.63079455240271,0.08133614513926637,22.844255401527867,69.64867730599411,0.09078464092332725,3.3466926280656466
175.49011912968365,0.09293910511464903,14.073789615344051,239.79000950936233,0.08296907392286484,1.3620710842417099
15318840.943737984,0.053581819171888076,10.935995195011945,121.65415198239901,0.10535391452013347,0.38338434880632644
346.5446419576803,0.09908165368905007,11.119102247935029,298.864798355763,0.08150749740798477,4.987610678904192
281.5812500720197,0.0934593855024119,17.939956607607964,450.0879877677766,0.0780983818062552,11.735503790898857
4.455098680094501,0.06238096903021694,5.46304026557606,129.38142794906594,0.09999576699548449,3.978587647382599
101.42107789065827,0.11392551878086138,17.184786920385132,59.71214559530665,0.09203834249146364,1.0120555929860844
4141090.948491554,0.07095323641356835,15.531115957956917,209.75924616829633,0.12133084857909464,0.5391481214491218
533956.7683580279,0.028580478729005994,18.411203670464648,128.2745829323273,0.11924057725865315,1.9330462729332503
37487.60615979184,0.05745272242107885,18.91363826766598,141.88865655648232,0.11682167032634568,1.7302080918618232
180.27543150602764,0.09721518756507719,14.521111117779743,123.84275280508092,0.09630783744005905,5.250163864348898
234.99517274167127,0.09686245018060455,14.354278702324391,204.93163977685725,0.11921554524158001,3.1729096411818984
118.53752110955844,0.08474137854726926,13.35746923799746,188.02157888159638,0.09061816979401588,4.906008049863602
837526.5183840523,0.1076887501976565,9.197332185665305,200.64063318844325,0.0975846276232846,0.47282009329249153
816.2528526950674,0.044703645207496,10.371767673557937,261.93247232186934,0.09925347488398989,9.77189695735588
5.9283839236970985,0.08102507296615503,19.21041537899798,509.39865567290576,0.09592746323462312,5.683354585774855
6516.6368310760445,0.038363401732702765,11.388264990157403,204.8845548838625,0.11007473445437113,6.481015889117485
288.9847534912643,0.10655514576472278,18.586654717814504,16.68443365371695,0.10239289899458696,9.719027672471416
219.63126778353774,0.10606756942851464,18.746843267602767,219.38534468033623,0.09162192839623162,8.769721838827188
614.318950046643,0.11216213597788066,17.445667166668375,109.17306446201178,0.1000148917238104,1.1986046181690835
208.27330792566582,0.09555176274568422,12.813629891078413,348.22574494676894,0.11807192100884639,3.6859309902169324
231.6491380477704,0.10845055462105885,14.581285528487816,18.337875389651686,0.11733377987883802,3.6120205129732805
423.07313680539016,0.10041307378290358,12.896461456209243,132.42434981734402,0.07971930475661657,10.583217479717646
818502.7940958384,0.10742222976458887,17.105281457987363,171.44645084192194,0.11653747226027705,0.4347551027619083
6944.296086584854,0.1033439660913677,17.995910745226546,326.7701152295815,0.1292013008602917,2.3131536568809707
8613.212689125781,0.04718930460092369,17.31169245355784,143.27202516898598,0.12360207860725024,10.701679307158935
77.84725303920011,0.11355672328987539,14.738533061726482,62.5292999563095,0.11801360272293172,3.340400353856476
6757.40268255619,0.06084615353277756,16.36889725775225,336.4412536834552,0.10143220767834343,2.0220039834795074
159.6114042317456,0.09587380112291702,8.057373755704127,75.61579930302167,0.08825151592856606,1.0838341202731296
1.5923686933812007,0.10226660500200463,9.042787227668207,301.71363534373273,0.10662670909589574,2.4904595568149492
143.95240486530983,0.08416449636316382,15.587516289278348,240.68584018836958,0.07316012169126815,2.7514944936241585
4922.985442365514,0.10943128893715462,20.095870261707034,75.07724984355116,0.10660766967720624,0.8907346929512272
403.4625654349111,0.09204599143172507,9.100846068079523,160.20365978883171,0.08001828989766138,6.9840389053776395
395.20613947051015,0.11400000000000002,20.10446662462653,198.41800887789327,0.05619831888234944,2.238321175777462
655.2462930767524,0.05689061473514688,12.927893477345677,64.09214467658785,0.06453417652804211,1.0612147278204862
23136.22175795937,0.08333157019502466,17.13395995690294,86.30920891776105,0.09504110650919739,0.8428296482545914
21.329961573336433,0.11030713726435507,19.84487197093739,341.04296070750985,0.08607701929341707,1.5792099106324695
142.02806680271405,0.11495399973739401,10.86173558533021,160.07308942118271,0.11416000612824798,5.077901198004526
382.72532272655724,0.1027360651204592,13.033187513407071,317.1284765466352,0.13345883285936808,6.950109799285164
209785.35051686654,0.03545333529851674,8.27053491179905,180.6116417596616,0.12915744287497172,2.366997204974283
2250504.6255314182,0.023519936063568073,19.6113680144881,308.05026802445354,0.1273236813958527,2.5397259291398866
1.4684260734761991,0.10876520729881331,19.962093313912135,227.01285082824052,0.10534280661980246,3.062300447881146
144.62178257095292,0.10998434570181076,23.21510451643976,236.1378132044918,0.08137750456740037,2.5219337975224994
444.9531080905846,0.07599747093832734,3.007364705526177,303.09759254676214,0.07767180808426077,5.7970033254258135
7739.657199404452,0.11944468170302866,15.721760987147468,283.907067731971,0.14153458795107077,2.428195829907363
121.7042567758991,0.06317544048905803,10.19558681878681,418.76454669682414,0.10660234943320503,8.402079234774474
4993.486418974695,0.08075835152837432,25.48474971547713,164.9343901024169,0.08514306974718674,1.1509059488185098
245.2204824265071,0.11237258973693873,22.109997116505305,491.36894450420573,0.09199667618524954,1.680601381459483
2266.173846782839,0.045720465654497555,12.44350187347251,355.01572596117205,0.10686484623352804,8.645255873201728
38775.93626353625,0.037645885404186646,24.873802993187397,10.830544325416838,0.13845068367839025,1.4346051941251723
88149.75382545547,0.1178508979186828,24.116242410890187,157.42988816561456,0.353585798390001,7.42471595159984
473.62941875806564,0.11534699161378782,12.600552728089328,29.87739275069987,0.08234052126527794,3.2861766711948395
9.771623235465682,0.10778617426129614,27.997310923889295,31.35098382178336,0.13923742086445962,6.527929266714833
1.9444777284102086,0.08160786818103023,17.963691548415593,280.70154113819535,0.10190414783795228,7.802832159941348
2605.7926453048135,0.08468691763904858,17.939956607607964,615.7587952447221,0.1289005853138239,6.0345845211348195
6078.709129297933,0.10493195582176916,5.46304026557606,129.38142794906594,0.10155608689869663,1.005743832754641
38.17979154926585,0.0899480728525575,14.483358761271697,994.3885024256303,0.10300103679492992,11.815285951023942
134.15412885135055,0.09999490173795217,13.30886820037902,782.7845082734443,0.12133084857909464,6.124908369292574
630.6801050730046,0.09234412707595918,25.660624272513274,360.8165916593787,0.09552684050582175,2.019589497296126
115.39078229004672,0.08121641163102059,15.834308807335768,269.22852856574235,0.08341234034250605,6.875695440646447
55.24596236741709,0.1118797767229926,4.798355114423529,193.93899570397065,0.10081241570840997,1.8607664212875505
6839.913265270738,0.06561012562949038,14.354278702324391,81.65704164329003,0.1461492651055334,6.458848188497571
7.613684083183618,0.09391175027916168,4.979685314304099,858.8672662501035,0.12392937739168323,9.139426217731486
355.04636601068097,0.1114229006796233,11.363887816479977,564.9835531009412,0.12543965560405523,3.8038813175006823
580.6618442202655,0.04856896035254041,8.205620942327606,91.34524926193814,0.09925347488398989,3.247746733053386
161.24729659473044,0.08669121123546933,9.74891757281618,509.39865567290576,0.09565748010068878,7.7404164715508115
64.40301334511315,0.06878275345008524,19.128875170159702,8.999271837012259,0.12605230902785974,2.691743290902525
206.37530522489536,0.10864429731240531,23.522095166398714,43.6738210225937,0.09629608068617462,9.293311431091519
5.779003450683686,0.10606756942851464,18.612104844754707,187.14587326958917,0.09162192839623162,1.8967926313227315
18204.41689514266,0.09488344111902286,17.445667166668375,209.76714166014256,0.1501299962389943,3.0639293534753906
283.3384803385336,0.11247507125922554,9.138153706530677,258.4681278390679,0.13396725428641765,3.9449093675381066
12210.689062505422,0.05577865096744236,21.692352581356772,719.3800761881846,0.11206444914776384,3.6075616414746796
393.12806819184027,0.11058823315569442,15.582884182241166,55.09998455314911,0.08454895641904248,5.56562187196244
117.08750835755032,0.11134529088612313,14.143725878833934,53.31414825657157,0.11957582994943944,4.915233460486878
10.629760756378477,0.1033439660913677,10.392967914635069,66.0770518691661,0.09755944034858546,1.4465388188089072
17940.827998606044,0.06363584445307807,28.177632029949876,148.78167238939034,0.08822060484561012,1.1953925498347582
68265820.73801422,0.09282035551073921,24.278876508219994,365.1781185321685,0.14878978861044664,0.05528805666358583
1259.8943092884401,0.11430653891386883,26.23720403882238,142.8906336602604,0.12534531202724394,2.0220039834795074
11.30731079760853,0.08287264125058824,14.18058792635123,198.68527522393464,0.08962648758572725,2.705979558173931
490751.7202682861,0.10163397104905589,7.30194909249305,877.5143254171239,0.12095187085734452,1.2857633849695933
57.45792412406573,0.07824726148634731,7.075529100086567,359.58476446678515,0.09833332757891702,4.529541115628197
9.038741676043681,0.06721693748933888,11.548894452924067,132.30739030745207,0.06822504097333815,1.6588861374461654
2153.9341921469486,0.1066652504398259,18.747514395262357,867.5216725171998,0.1321304036642897,5.283978765834641
28.85873458512645,0.10497206216856611,24.448573290770476,215.42619275703157,0.08514245989798741,1.565125487387423
80.81715419031522,0.11250633377724409,3.456954907712646,117.71678751468926,0.1358117427829718,2.737275342689607
136.01104001976972,0.08333157019502466,11.583607250943775,36.50418559187534,0.10294282091402307,1.323672478767958
4492.412770567285,0.07172362391905354,24.20312494665419,341.04296070750985,0.10757429348915734,2.521774773975734
104.38604659259354,0.04291091332478216,16.289021286959432,327.8039072492315,0.056859340774376405,5.461983468497001
37.03542612394518,0.11100178016378309,25.17753275901139,222.61066720817928,0.10930527268135247,10.788655921789745
191.8072851051683,0.09556188962340244,16.874531919617286,248.3733183202299,0.12074652470669263,4.885631969738619
358.9101890143304,0.10221776078150849,11.745331042924962,485.7998323941825,0.0744414522742595,3.327738733027683
30.667549577029742,0.07798825418275394,20.150462338203013,175.87908014452438,0.08618188673226171,8.55924134088692
1967.8454750814813,0.10352971915818665,13.960653341312284,873.963804312505,0.11551695621622435,2.5219337975224994
644.4206235024326,0.07649264647469903,18.523479775789383,238.9601228393836,0.10926407880997675,3.562068474653532
90.52396429692942,0.08373960281537367,15.721760987147468,283.907067731971,0.08848108689451606,5.369308404877491
169144481702.89926,0.019876443505874967,10.19558681878681,418.76454669682414,0.09813354378831873,0.11342011701110088
265.10896368861285,0.08416056075798178,19.723506724164046,296.18050015836116,0.05378771665108345,8.688732297829105
7.397880183772885,0.10778590052217424,28.228227819426838,169.14394941578638,0.10696562206333014,6.01751546751501
0.3258254908081187,0.1125909872668388,8.172996436969765,135.72832578894378,0.10978053358818476,1.8876425913222965
561199.3392603905,0.01784074594270369,17.075722567511256,23.11715248285651,0.12877605317760438,3.1978458069298314
46.70901743577916,0.11698230041420073,1.6878388334003827,180.63538765085372,0.1375107006195652,3.9632465235417476
6959176.051737202,0.07940995409477779,13.08683058679854,73.63567695127392,0.12438641191421546,0.11458683922559398
24.97542830359814,0.07173031994397974,16.11025088907164,159.74839501979596,0.0878996037464928,8.155359314465539
38.533319515164735,0.11695438025128993,11.547075323301812,241.53416576035647,0.12270934592869226,6.9414195421332465
9982.263780681,0.04724438286786417,17.939956607607964,284.09961920639677,0.11363207318524163,4.551378913278477
3218.9387845205747,0.04735263687412584,23.582368061830913,33.353645041427,0.10164189728621208,3.6893107456400878
56.699743729199525,0.0938295781633325,1.7591103255424443,95.99378652527542,0.1289187213087848,4.131765433609267
53.92494732985068,0.11715769424271555,21.147786519322853,147.08828096094112,0.11498698551449132,6.876824698691097
7.5190723297585,0.09793783661851092,17.83740647979669,221.18244514412203,0.09953785432301665,3.143610643103091
121165.5444927031,0.060926535212710006,25.589760968597602,385.4793558535565,0.15342953168901732,7.071182169976099
9168.460518802724,0.040476127899697734,14.691712572395687,332.46981380158365,0.11304898502617534,8.337060145391202
10713.784737431823,0.021275510115256177,5.136392275281901,6.7072007204038755,0.10713779435570875,10.495528649353243
112.41034629109507,0.09588189366248688,11.371878375099165,312.1478240420353,0.12363722757182641,5.238674608497439
334.48864252489807,0.1114229006796233,14.720651328387339,200.64063318844325,0.08409024859649752,3.8038813175006823
70969.83895427876,0.11783758206138156,5.5525788048513895,734.9880477191155,0.11190763357576224,1.2956608906916198
2444.0573197420076,0.09963912127320161,9.861863451985137,509.39865567290576,0.14464382105798324,7.437411155927224
84156.41783727703,0.11721771171616566,19.349958361614263,324.1563967682719,0.10413635167542401,0.8832909879471398
4590877.3075054465,0.10882924728366734,8.201849530281224,336.3141454024649,0.10239289899458696,0.39403316022818125
11640.57887064696,0.04699167456118764,15.711127071754557,24.545570747363968,0.14234346133686723,3.8647258279148353
33.566341089162904,0.09488344111902286,17.445667166668375,134.71170504571677,0.09937017612314439,3.553299210461846
45.61467693626717,0.11247507125922554,19.10764113576964,319.63146133020246,0.10278919882051844,3.6859309902169324
1161369.4340695187,0.03604732008256283,12.8479226981678,228.18027665671013,0.13982196554713602,2.3052233134987006
328.2775982865786,0.10394254645822709,12.831517206999024,341.4305479920962,0.07996944914052562,3.6887889158107905
0.9830654862005028,0.10539489718317903,9.152970536023986,195.80567891031552,0.1222088463095106,4.001801370361758
569.3117457745002,0.1033439660913677,2.492408676273479,326.7701152295815,0.08093961806399455,5.191881332229867
185.0315094409692,0.10065012923623931,14.538312016261001,137.41761285296235,0.10283565633138342,11.399912279566543
156.01471267353824,0.08820250492404964,24.593629750137776,841.3656578452419,0.06551808309732685,10.220075269320425
322.0781005797385,0.11308107916962379,10.662800885843495,14.386489458208075,0.11645353822174309,2.346333659941941
391.1584341394247,0.10041157390709171,10.536977058835625,201.31925262538613,0.05605475102107768,1.5064564080627427
71955.40211865734,0.04040004309645935,16.893925034293293,129.33786792858314,0.11144306703706122,1.8439112850362118
183.83236127738041,0.09046589457704265,5.610463540400676,176.50995058760986,0.12794099753471502,3.6105123101676355
2524.883037152223,0.09399501912885139,13.428719694503148,629.4932440918612,0.09840925363933561,1.6588861374461654
3925.811896404248,0.1066652504398259,18.747514395262357,235.24651779314064,0.13655598026202137,2.8160609057890706
8439.161264146185,0.11400000000000002,1.2951594285919494,858.1932999623272,0.13990924199365445,3.0258581689535085
132.6387981929603,0.055846114550914254,11.962614318200693,15.84755389967853,0.1077056024728051,3.033029770697413
6562.220062036495,0.03637529345385042,12.397315534170275,36.50418559187534,0.10557468111464269,3.1664694593040394
2821.435928270271,0.10987861556351647,7.702573441259105,390.3055521782436,0.13068189503827582,2.5268039992999576
1.7315870856682718,0.08724917215543442,9.148126829067227,160.07308942118271,0.0974989016877601,2.0319770184974484
12305.625802614648,0.024821938727882346,6.048779746754441,44.82753026133025,0.08678537932894967,2.0967910299088723
284.2776968509999,0.11904308765732463,16.874531919617286,72.373303660072,0.09750585877400739,3.516428020911121
36.985977021303015,0.061160421534814415,9.986658341494472,306.5239538537722,0.09598498793226298,5.021245327602164
142.6701248431512,0.10876520729881331,21.92826429355216,29.00896738577279,0.10534280661980246,2.7545151011844413
4433.2623243737235,0.055907025264272533,10.263451166175269,125.20538137300161,0.11551695621622435,2.5219337975224994
2725.8474932031504,0.11828468943580761,29.99392984236601,303.09759254676214,0.13449556258905615,3.3691632490376433
236.1153553168284,0.11944468170302866,14.66617267755668,141.69799066086227,0.10258819908446438,3.9665906151008783
56316.506849841,0.0777589025103032,10.19558681878681,247.8462174596172,0.12921044476967206,1.7344558554343887
2624.210524563092,0.1044110446262203,25.082522123149417,164.9343901024169,0.1241763960069791,2.031819334754206
373.0887397890642,0.10778590052217424,2.593395957356723,82.25319347774183,0.11499130716402955,9.805631732063116
15169284.773232047,0.06856978708761764,8.172996436969765,624.4528654557844,0.31452890831192043,1.0059269465968619
11835.529148578797,0.10656225275970421,16.08437881041029,435.74584417660265,0.10750260661759264,1.4346051941251723
12.291667798106152,0.09104407212867768,22.844255401527867,506.79723501795,0.1009586136626609,5.541758218911215
20694.00596082786,0.11534699161378782,6.987877047012345,555.5238896530534,0.14560836277750033,2.857272355637853
1102.5559708033559,0.10778617426129614,16.11025088907164,620.936022101178,0.1041844783148825,1.9128946837622234
134.42551394608427,0.11904678052849102,15.956471879999096,420.5159589484157,0.10774151004613634,5.876868789602815
1099.9382311956153,0.03762444311461592,17.939956607607964,566.9925970706921,0.06082355736319406,4.551378913278477
369.74895053397586,0.1141697302673966,5.46304026557606,161.53120869385896,0.10219021246839227,3.978587647382599
633515813.7081456,0.06585827786009701,14.483358761271697,530.8881151744749,0.13194554787918666,0.12299521016598813
9809.91950047441,0.07868710440224998,13.30886820037902,494.7232755563719,0.1442001918301863,7.168536250037662
158.7253487162347,0.07521492929014566,18.899825584411325,60.42655975366034,0.06754240277037846,9.794142826379664
75534389.34122315,0.021711013816985723,25.589760968597602,328.7359968016917,0.09782080198566029,0.9236913951830985
97485421.30008608,0.11863038689038509,15.384586686754382,715.2594917873225,0.10081241570840997,0.20663606974236615
295.785580287739,0.06166496171570077,14.49748500445838,167.85912322049603,0.0868120585201429,2.279893411493774
26.241797234723744,0.08855406946661666,22.183077580540417,23.875902233205466,0.11056407450754732,8.58379190342217
0.02435480460296239,0.1114229006796233,25.930293805754253,64.9144512249556,0.1004043983974625,1.62427084027596
176486.73318178114,0.10552100777788256,10.371767673557937,538.8852899286718,0.09925347488398989,0.9612434118468407
23540105.66967559,0.06890904932115123,12.046728515372777,509.39865567290576,0.09271959708809505,0.5354613459147135
39.47478323316436,0.07784606688265655,8.958151000226037,15.177697535398636,0.12605230902785974,6.481015889117485
89301.23243726898,0.014340290942209295,4.758179185192629,957.864034068816,0.10147968814448358,9.293311431091519
107.22536271353506,0.11863038689038509,15.384586686754382,715.2594917873225,0.08512584433430687,2.093099266975261
9.134905197142405,0.09811286668165645,18.11285865717486,167.62511685748314,0.1000148917238104,2.9878650509095617
334.7843598518215,0.11310541698129886,9.90041210875426,3.709394976331282,0.10501014974840353,0.75353909628679
37384.690980166895,0.09452365745094028,27.26269986323263,18.337875389651686,0.0801061066131303,0.359550115591027
24.400940069555173,0.10606713366212761,21.25195169526439,265.0107751149952,0.08249768835886093,1.4723782908801635
427.9853926892728,0.10539489718317903,21.4023601290916,952.7020242294218,0.11181680049979888,3.539271131970998
262.46298139884345,0.10620521787537937,8.549403598591502,326.7701152295815,0.09886890942191234,4.423791458630662
1949.7990186993766,0.06363584445307807,19.384609118604995,148.78167238939034,0.09995562833502458,2.2611932962558123
81.96932915388024,0.11608825312561777,4.808667672043136,468.51183611551863,0.12274352070108704,6.346567509141838
2366609.773799617,0.06084615353277756,9.942040244666224,580.6004552034008,0.10389626519769607,1.019036846138329
131.1967116320817,0.07857758389805566,11.77951543606399,75.61579930302167,0.09311003064437379,1.5064564080627427
936.8291006637685,0.11909610907771134,12.78909336689132,299.2240150139519,0.08125979264143732,1.0553639957657133
1225403.0043808278,0.11167499373738679,17.41680473387045,325.0281185386449,0.10204615198876958,0.5274500925820762
408.03775906027386,0.09204314372501868,8.319368896278402,132.30739030745207,0.08284167289242428,9.134956759082886
16.482453864228486,0.0668335543563648,6.149396469647094,126.84530194680838,0.0997598472951278,2.65248606813266
316.00868993722906,0.0773374487003145,13.420000000000002,0.6996705173945656,0.105,1.1046616201475228
5.270975738507493,0.09638938195884446,17.851648031772854,265.6324128029729,0.09343995330665406,2.6003493512071136
359.47832691485115,0.10692539314800165,3.5300324799738583,106.85545034332864,0.07984277021011005,1.5838060526112887
192.42635246888602,0.09276042759646977,7.702573441259105,341.04296070750985,0.103734725762523,8.981177003249872
512.8453718961564,0.1021704593822936,9.128881250139049,160.07308942118271,0.07435609388011899,8.934762202919023
0.665609664357637,0.1027360651204592,12.401333858484218,44.82753026133025,0.14059762735628972,10.788655921789745
32201.11682952103,0.03952727580674442,21.738994380725206,158.96073126743192,0.12074652470669263,5.508989193114456
641.4634799120875,0.11904861071505442,9.986658341494472,168.41363044067094,0.1289626116041645,2.1200624429756587
1069380.6034562388,0.10578941340612757,15.363999686477888,68.71635056603532,0.09153527596791117,0.25266190087567786
3.4665343751121345,0.11672456990756835,9.497922282065622,114.41685600070315,0.12102755999846725,2.5219337975224994
242.47211232333945,0.08789487474406735,7.921715388396832,193.2927033820484,0.09234029836251337,4.858671698271647
28.35206161002974,0.11944468170302866,15.721760987147468,485.6550936168601,0.12236225124961299,4.935706716197249
73.01656595686471,0.0777589025103032,16.952562677598383,47.59538468958601,0.09022793804026666,6.321311904263005
10398.57116505554,0.10877150098678795,12.662381464240823,164.9343901024169,0.11778859708991447,1.2232790353780194
1244459.8600447294,0.10778590052217424,22.109997116505305,243.5931061593978,0.10371696101321785,0.47489923002116363
110.82649142487558,0.08009924251322341,10.530939648026997,135.72832578894378,0.07415353701505165,1.8876425913222965
10.687039973376457,0.09403205224324647,16.02651143777197,188.37486973648032,0.08978037421824403,2.1527862357193754
16.95971091042878,0.1178508979186828,22.844255401527867,145.95046069073294,0.11311974300241176,3.9632465235417476
18126970.443370946,0.11534699161378782,29.40732784717455,129.39413846904847,0.09265159025042213,0.06597102920559372
42.91725427216707,0.11889381309864715,16.955369649308018,131.1388290427007,0.09265005310371166,1.6290351318639686
6.7638712194538595,0.1128559309488381,16.487604257384962,56.020011045659714,0.10939251481016476,1.673742404202362
5.262095399430874,0.06634602047416968,17.939956607607964,228.4851495126594,0.07814279158037943,5.60990822478271
303.27403673287586,0.10428895410243666,5.46304026557606,27.634729603699384,0.12004584002129699,6.044719791768811
213973.20794918603,0.11392551878086138,23.654490096930385,80.14567523223474,0.08931596001436815,0.393817063209025
361.5673325354725,0.10381062033543101,16.36562281693363,332.86709836750185,0.07763477996910662,6.876824698691097
1352528.4519611208,0.011218915207386888,22.28988489158386,61.43527257747303,0.09552684050582175,7.226627380688836
9.961729548939696,0.10053925928040466,9.276002641853651,269.22852856574235,0.12030154758787547,6.875695440646447
193065.49829144945,0.1160666943189494,15.856371188388762,332.46981380158365,0.09804104112542061,0.7366962772737553
8.387650198890432,0.08926097502904634,15.42023505335928,83.59956371392536,0.11921554524158001,6.458848188497571
89.60685548192194,0.10497323112041507,9.199653905941126,43.376222643844244,0.10595841003054182,1.1195760775095938
271.8054076157701,0.1114229006796233,16.226128413946885,45.488276159083625,0.1004043983974625,4.177475332367392
3.157012882809111,0.06735457637989202,8.71095860959656,88.30842714714646,0.10510752560661582,8.241742825265941
9289.083335704669,0.06890904932115123,10.265170679237762,33.1910742524351,0.13811131435588275,1.2667772603713132
410.91530635701395,0.0874802798701167,24.48315608301455,84.94973291470438,0.12605230902785974,8.84039429982345
23.788108394239856,0.11840339249042414,18.269964269885293,195.18254595347224,0.11202658834008188,3.5577381831947386
79.24565119589519,0.11948079221091845,16.84469185059694,12.54201335294016,0.10931099073041167,0.8937509132218935
87305046.21525761,0.04374265699479378,17.445667166668375,141.7075431455944,0.11356536829235506,0.3060415925877038
104.80006144584989,0.11079925564910545,21.193407944343676,193.54172220747478,0.09151680374595791,1.458394347477621
236.63592660547857,0.08725331529938554,17.093572779511895,168.0242211681579,0.07869086744517745,11.719436585740914
324.3678635301412,0.11080453433432427,11.33326278422161,126.368766667996,0.10122282079637647,8.11789607993062
271.27644029093926,0.10591637783009625,7.765411027972532,16.539899998634496,0.12783320345547083,4.91172561213842
109.10234738324883,0.11308672572783536,3.831581080536207,103.24097059711187,0.1185919920310577,1.6290930729038084
1113.0489766112219,0.06363584445307807,21.738994380725206,158.96073126743192,0.10212878396782187,3.7463152065137812
562.5747787426226,0.09927102583874467,14.738533061726482,505.10172597493465,0.1303696135808758,7.352770260545071
16909.888537570565,0.11566480850150786,14.067871847665959,328.8210288800505,0.10667236803798565,1.184424996757297
38425.53769734704,0.10041157390709171,8.370680045233922,88.33021585765994,0.09965287537988385,0.6741858392948048
9.236098444815694,0.1130012752188127,11.27631049049435,611.0193977134677,0.11295905214599711,3.303224806562472
137.28013228790235,0.09046589457704265,12.082331256934891,90.4168652564382,0.10204615198876958,6.785697986798341
2417.6024205720287,0.09939247274311001,17.170276847123638,132.30739030745207,0.09743207336084264,1.1651552093666542
23.293775384826322,0.10404991120962438,18.747514395262357,174.02348625167787,0.08719023323199271,1.8502549487790194
370.5904489177842,0.0912614728962745,14.277850744473348,283.4275769079281,0.06455323463409843,10.440473728294814
279710.7165408945,0.015789253165511524,9.313304319801983,117.71678751468926,0.1127943890374137,5.002836581511664
69510254585.08133,0.010141513354820435,4.845049688413047,152.01408436827478,0.07984277021011005,0.30710666467844483
15893.689256834423,0.09725470750013632,7.702573441259105,450.321802705358,0.0831994879374382,1.0214342269745318
47.09072784414559,0.11705242648992703,2.2939494130169216,199.71234945439932,0.11287747756878502,2.1726148763583724
110445665.67690688,0.10930584731634546,11.592848018790413,307.86100533402487,0.08961358322978669,0.09745859097296439
608.4327866319609,0.08299941562421156,4.3600515380250116,72.373303660072,0.1212994898017065,1.8098921743940029
391.4648891803618,0.08967224486259062,2.6588103938580563,214.14681207541207,0.08090750445818021,2.5397259291398866
10.131564392148437,0.06595470391166941,10.82397879507372,227.01285082824052,0.08942399718924537,3.062300447881146
312.2828522146342,0.11995081872543317,5.30074148610273,114.41685600070315,0.11447074508551772,4.819910532181542
1681.9964285849474,0.11479234899727311,7.921715388396832,335.9502421698022,0.1279920905494219,2.343660713753727
0.8278548527605212,0.11035014458380799,15.721760987147468,53.998066216304096,0.10844548839441305,1.4939006781847963
189.47015478729952,0.0890952334969092,12.58861260862501,158.8512728843283,0.073050579061674,2.032253116256701
26.795605472080833,0.11184757513538193,15.305108737204321,164.9343901024169,0.09779730047972915,2.0162596824712553
169.78924952397603,0.10778590052217424,22.109997116505305,59.90385118500899,0.12211913868582387,1.814872889575783
450.3438066991923,0.1125909872668388,8.172996436969765,142.55089588386284,0.0718286820005122,1.8876425913222965
47.24651459675368,0.0864740714455639,20.136879025720262,86.86879334357064,0.09714249653835533,8.442777840211262
823.0552590995695,0.07885768124340425,3.909013633016647,20.982573714273144,0.11927560228364809,1.012600565576312
194.1743458045047,0.11565528451971646,16.293617804125816,37.05860500065114,0.1102148773825226,2.821300120376107
356.34961617314684,0.11519340883777265,20.038221012040978,452.0325578040372,0.10535391452013347,2.0708154354315074
16476.324766871287,0.07717421982121997,11.784159750152202,329.22176888095726,0.13779418241504593,3.1716543208447887
401.98501401211513,0.11996173103355577,23.077816400799247,4.953954060568094,0.10626731123403968,5.202173039745334
229.87831196984283,0.08895378915537289,8.807215591815105,207.9984859153118,0.08950997754649576,3.978587647382599
93.01164139998488,0.10233124349686168,12.572977785380578,82.74128044516249,0.1289187213087848,2.8099452578345137
21657.08570115115,0.10039687143770479,13.30886820037902,55.92838011086121,0.0864044367390231,0.5876804099702344
690887.0512946666,0.01215246783707092,18.411203670464648,221.18244514412203,0.0918266215670352,8.576666998303327
28.92541988926149,0.11734166636474042,25.589760968597602,135.59040155046864,0.09878251895023085,1.6274145294864049
309.0943972943164,0.11842315833563878,26.91745503695219,265.91621015374346,0.10426565618670683,1.8607664212875505
275.1780802263749,0.08926097502904634,11.211040972851187,161.4790599129908,0.08493170330481192,6.458848188497571
7826.575973815768,0.08855406946661666,11.371878375099165,259.9286557575674,0.15411223545268296,8.44660936352502
797643.3462827883,0.028254203764072325,9.276939418288004,137.6960209590411,0.11909628283578345,1.6530506553553774
381.32915789419576,0.10362389820717813,5.6023423896408655,88.30842714714646,0.10510752560661582,8.185336407328439
352.19278055953635,0.11455346573421872,18.815963557792447,379.04415757585963,0.07983349268868029,5.683354585774855
410.1588600658206,0.11303566791437548,19.128875170159702,15.177697535398636,0.08509814718148623,10.228582873739061
0.8327063880349099,0.09037563789797659,23.522095166398714,166.1202910084375,0.10501573557089361,9.293311431091519
47.380428951720305,0.10606756942851464,12.221688237267596,267.31338189814244,0.10227841719241874,2.9263420128214506
1510513.9752172113,0.09331349227314549,15.812759885303008,251.37014755517723,0.07333636022086623,0.4989932561290704
30.22187000894769,0.11247507125922554,24.887177912264452,348.22574494676894,0.0852624989787697,1.5996260618595661
279.86731098543146,0.09584658939701915,23.61869053379818,13.807056327872033,0.07014175874370757,7.763740082016362
3403160.178523147,0.03471224940365222,18.48817874890003,275.5669534674977,0.08537840400500077,0.9024821168783301
8919.59487464968,0.05528879486855544,10.04442943459406,242.5384448565796,0.12159735201169038,3.0287754089506675
8.578501310120696,0.10004213723123895,10.392967914635069,136.86778886002924,0.10682460444088944,2.4461216391529295
177.44101388384883,0.07142775834327392,8.35182125109997,103.62290515592775,0.12462159599499921,7.349009029682742
142.6913816966835,0.11608825312561777,9.58225164896339,468.51183611551863,0.11670246139820212,2.6246222750858257
456.2069676490678,0.11752364560765946,13.42874944347915,980.5412033612861,0.05825982261563392,2.0220039834795074
392018256.37687266,0.10041157390709171,10.536977058835625,379.04415757585963,0.07983349268868029,0.08904541623974893
74348.2536129627,0.08853007325674198,21.91232486772042,221.1881580006244,0.1257670469303838,1.3268164310304247
502.0959710331586,0.10782848039224699,7.559706777173544,14.877679109395785,0.09781384370079615,11.819024573108834
79.88847527466365,0.10561513511622159,16.83941706096779,111.46080867162203,0.10427759520052059,1.6588861374461654
99.05663540944352,0.07536547835395294,25.048687730344128,156.85221442259706,0.0997598472951278,10.645062128850084
72.97554961520848,0.06496883442504926,6.698478287540633,99.98000000000002,0.08566551655588958,3.2151330434253516
1240.1502592707948,0.08420694566724529,15.38247253629413,877.94078586747,0.11974320787182088,4.703165898884436
7606.501627306903,0.07486764435756603,21.54827459317098,463.60967709530377,0.07984277021011005,1.2341924022888664
2033.382155753001,0.04900632892797467,24.847092581260867,6.0610968909043095,0.12828235393064516,8.981177003249872
6.731242756247305,0.08724917215543442,10.86173558533021,268.3499706135214,0.11287747756878502,5.046817330421453
1820.1417429609849,0.09884941672700887,12.401333858484218,446.2597042778913,0.14059762735628972,7.247232035993118
172843.2231430451,0.07171436598067689,15.95176519005464,25.981934541485145,0.10346611808064465,0.38991331899350623
2.4058741638562617,0.10218434643241521,9.986658341494472,293.43540479051023,0.0962202367055674,1.88144986200101
74052.52690933488,0.01868201059591737,0.6854936068446875,63.360149087405546,0.10534280661980246,2.976032269747666
12424.706741561939,0.06177274509811798,27.315502851513937,114.41685600070315,0.11551695621622435,2.1613843923443805
286.26147714836134,0.11283399892353406,17.741457023106044,303.09759254676214,0.08676479428273173,5.066909568432701
814574406.0874728,0.08952270783253496,13.339096124328945,782.9372199618387,0.08522759926223425,0.18164084070216902
18492.574675417414,0.09024315995649565,8.262573043608537,70.65995268531941,0.073050579061674,0.6390096339733837
541.5905040614398,0.11184757513538193,24.076134149398673,794.920424654981,0.10932792717972284,2.8073373219360667
253.20467471132838,0.11610298260169782,22.109997116505305,259.8695134699979,0.08579193174997546,4.696685141624382
5.088548290982706,0.0897029952925495,14.935294641177416,316.312208609736,0.10978053358818476,10.891639609217009
1097.7338790422336,0.10908044597567573,2.4450489923302694,31.374963736763846,0.1114024809284435,0.7435877588428745
285.9363261587426,0.09499449617690843,11.365341514041958,31.422509382933868,0.09757728815461605,4.711643878259027
55326.14922056843,0.11534699161378782,12.39135107184969,560.3758893939607,0.06511097010855124,0.736803383455312
67.29677862302056,0.1190008491661743,7.170273647608752,775.6311431167155,0.1046725134505499,2.0708154354315074
9843.213165885827,0.08743221397627111,11.784159750152202,329.22176888095726,0.08996821722320458,1.1681774111392773
461.114822282004,0.10331060441134893,11.431021048321828,284.09961920639677,0.07814279158037943,9.281641094897838
28321.13494285699,0.013777674477699037,5.46304026557606,0.6715813755866407,0.09999576699548449,3.978587647382599
37149.25836554687,0.03197707529982803,10.634411659643305,211.7616388117538,0.10238354329075598,2.328074310021854
782609.8752152044,0.019430135603173644,10.921614697946575,317.2956036923682,0.1320727321291043,5.060836067081001
32.38010829512608,0.11734097261383433,18.411203670464648,221.18244514412203,0.11738366961121302,6.88039043592368
17.392668939154223,0.11861266226850865,25.589760968597602,269.22852856574235,0.12309161026897332,9.294337518649955
30518158.541283343,0.11843596827439734,10.654807552547098,332.46981380158365,0.13317137101658116,0.053095606322679956
1017687.0608046753,0.0358745346348468,26.34434904942336,119.1692339746678,0.11921554524158001,1.3199832015930806
5.970797782695875,0.08855406946661666,28.262960870173025,396.65565701594306,0.08762521218143698,9.139426217731486
52090410.177186325,0.1114229006796233,11.773135401433281,597.0643959343981,0.11305383225986722,0.23230108036731245
20669.1121334581,0.1189338708797697,12.801784329583592,382.30366881421384,0.10510752560661582,1.154997696912
22147.093000579887,0.0698485912372172,9.870673341635385,397.77068420896205,0.14152068530852668,3.916188885615222
1.5355193485134415,0.1057013801992788,19.128875170159702,80.79076602533223,0.12605230902785974,6.481015889117485
141.4942267720939,0.10498761947693896,23.522095166398714,326.90085934880864,0.08982709610993958,9.293311431091519
1238.9817831149894,0.11882681408132093,8.656202228668503,534.975209855592,0.09162192839623162,1.3032332335292187
107.35511391429473,0.06269290109136805,4.559030127216094,55.54028398099484,0.08326884622857897,2.4483970138231137
5196.046249653793,0.11247507125922554,28.217532652456846,348.22574494676894,0.11807192100884639,1.8854265641670231
342346460.25575066,0.09089588108225702,14.218850553097019,662.624734360886,0.08001012927551551,0.23230108036731245
111.49135291322156,0.07089594563247277,21.25195169526439,566.5242537533892,0.09261498503608345,6.011712039148561
22.075001609091323,0.11625206097907223,9.152970536023986,917.9036385325446,0.11212691450501866,4.001801370361758
3239.6464845500363,0.10255042980534168,10.392967914635069,700.1379408308342,0.13438738207528111,3.822064367918996
287.58040361627945,0.06363584445307807,17.31169245355784,399.749327141291,0.10126959889685777,10.3233456127243
419.5535911569327,0.09734147438741239,11.898856543840061,275.7576475198691,0.08975651005571436,1.3973079367955865
2834830293.0013723,0.05762363145374633,16.36889725775225,691.700701615842,0.05825982261563392,0.2696301168581172
176.20699954584273,0.06852497094564294,20.000053653712175,8.231727333732579,0.1430586094929432,4.49606652047234
1257.5419733811123,0.10970351361624696,14.87073141576198,301.71363534373273,0.07813546399165441,1.0441122329972625
322.36119770161787,0.07638100739685356,8.22668981625174,325.0281185386449,0.07796564302697759,10.291168230968166
645744.6602592075,0.026841396330075623,15.962002931186522,38.426972615106536,0.1383032198461736,1.6588861374461654
12.25668614775151,0.10655198070267463,13.671591405612798,235.24651779314064,0.0997598472951278,2.3241510253894595
52766.57502160442,0.11273814565754905,13.420000000000002,467.6588353760078,0.13102986586751514,1.6594999999999995
66681.93227717147,0.05604257356494976,11.962614318200693,307.86690530272085,0.13398104614579243,2.737275342689607
34.14339525706488,0.11885338451323649,7.747559205598321,225.67123917812557,0.12068213427282565,3.7349830436410687
0.5154941613991281,0.11728228400552876,12.488295167711048,341.04296070750985,0.1183590798547071,3.9221712234920645
64.55719931368611,0.08190754104284977,10.86173558533021,90.31395115218407,0.1056082150029139,8.88583081448135
20379.052683524893,0.11770979639201902,20.49911912477578,172.04504213470017,0.14059762735628972,1.334728678807691
3250.3838487418734,0.07260229648604662,22.63216904013047,390.01992108860173,0.12074652470669263,5.508989193114456
13060411.931955565,0.061160421534814415,19.069470332512267,963.6365731699269,0.12104610484876595,1.0834838788319558
384.22938743124234,0.1145134937790375,3.258491884314946,386.68363237948034,0.10386192065268013,4.773664395433288
17.441063878879746,0.10352971915818665,4.894007734478521,114.41685600070315,0.11551695621622435,2.3753978713977606
516.7048860116761,0.11542074064290724,7.921715388396832,9.257060454582529,0.10750550196122514,5.066909568432701
15.798407209640029,0.11466986870749968,15.890040746414098,53.998066216304096,0.10459522156670348,1.4939006781847963
1487.1599905534454,0.041158170581503485,4.989646541716594,771.5761020758396,0.073050579061674,1.7344558554343887
303.45929720210614,0.11184757513538193,17.231850903108537,133.57558473594713,0.09168423364465622,8.597023638907551
98.78667129656397,0.1190201524030496,6.853262922092274,567.5250618099576,0.10233116594285815,1.814872889575783
10.129725319575812,0.11166528647422572,5.932200870114524,78.36186876633121,0.116683604665085,1.8876425913222965
27.950943741206785,0.11671577151182225,27.756987260977578,76.654517110749,0.11835505489996934,8.904653832278475
3765.5275706118937,0.07394476885241398,5.072364451397501,153.95241179346255,0.12971256404658443,2.489571065368975
75.60768940157483,0.09948689876172595,2.2772823089256313,164.31881350029482,0.11896057708797661,3.4986382814282764
293.4490899951706,0.10778617426129614,12.161183771910787,147.07931231000282,0.07937520944446819,2.0708154354315074
54.968389240886225,0.0924458749224963,11.17551201598946,975.6913897135735,0.10085263183686688,5.459671391651959
6457714.056225322,0.06525330131603009,12.382176198883865,945.4579646212262,0.12093275967767757,1.1779230156970728
160.02104187563737,0.06238096903021694,16.508366949945955,35.04600307684569,0.09999576699548449,2.959099808238295
6429.23678904776,0.10312421261271748,15.90958476151389,428.84348418236675,0.13256039313094997,2.8099452578345137
533.9620447142888,0.08435744236672982,16.87355934039931,62.08442869498106,0.11428379916308153,1.8590140592105193
253.29801417517717,0.09492635090887923,20.264219085130218,319.95949778761565,0.07815958634849804,10.347778855829677
282.7466085128251,0.10053925928040466,11.708090264498852,269.22852856574235,0.10920654925259009,2.1050069409369905
38410.4576963226,0.0619448726827171,8.807457088238298,969.4578602261055,0.10811817168254215,1.8607664212875505
123.65562902909352,0.11904712328787748,14.354278702324391,127.49043970999753,0.10322398331708274,2.5087665066242173
144.19306821755347,0.10576525546669821,11.109521953981233,149.93953903013977,0.10766684711635516,1.7146621585484514
14.811828513234637,0.09041694783265833,11.118606945094498,71.33866879935846,0.1004043983974625,1.62427084027596
324.9420781993221,0.1042640266834032,8.71095860959656,63.425480920072744,0.10510752560661582,7.058491986133653
190.71816879217636,0.06890904932115123,12.536285054875972,44.48875581249149,0.12176407059314294,5.609455794816742
39.344474985617545,0.1105673535274575,8.8696045206425,198.21432860930196,0.11453428520876738,3.3967970042616855
30.04303589777777,0.09731588266044129,10.869457304428433,139.65811242902475,0.11860711134577254,9.293311431091519
817867350.1076248,0.06490365190066788,9.931828817313525,534.975209855592,0.11686809765414041,0.15113999106173548
4.071634839529587,0.10930129829559032,14.582598326210784,166.4098882707196,0.11590008687008689,2.9878650509095617
20.43896058211569,0.07538741248404361,6.417049827684107,124.99186072250103,0.09287602056309205,2.269683782841753
95.13153528965825,0.10411561880920651,16.784141764807664,78.63194992119003,0.10756212203847988,4.386717069962472
50.049595392546564,0.10041307378290358,21.927337743650845,141.17613128101692,0.09660113916615082,3.6887889158107905
430.6487930737218,0.11247505160331527,13.594069816350881,25.45694584252624,0.09238431571457703,9.9888011077403
24.19856943155431,0.08098302431374162,11.518107069497367,22.53377429675095,0.11052303846357178,2.4197733134961266
1106338.4341032724,0.03898135898529284,17.31169245355784,222.9171977810338,0.13423229971407225,1.9295127313541052
13.513813045006037,0.11838854065779011,19.054147009737374,468.51183611551863,0.12274352070108704,7.352770260545071
2063.772232099228,0.09003364362138122,6.97536722525764,691.700701615842,0.08949479323430956,1.412760831871621
5351374.302213358,0.011756823765160025,10.536977058835625,111.34244813878934,0.1044296541252524,1.7137245204970935
333.10707074520894,0.11909610907771134,19.370696024653718,240.6989739808535,0.08125979264143732,1.1117296046631697
1984.3865461555422,0.09046589457704265,14.026191895458885,325.0281185386449,0.12714654618687,3.396236384516042
28472.070226097727,0.08105009902133412,20.095870261707034,809.9894199418966,0.0782732022471529,1.0971622501694602
36.307543321568915,0.1066652504398259,14.272926866732368,25.655717254856256,0.10099377562107925,0.9216680405865754
258245759.9560743,0.0221573046989159,12.282361992749067,833.0408688868023,0.1476319848965496,2.134903680625534
0.01737684929021369,0.11566283281889511,26.23171533538109,51.053367468435226,0.11974320787182088,2.2445252725712623
90.90129907664746,0.08447097833664038,6.905799591322987,312.3400488820314,0.09024219151429996,2.69732569903914
91.90335859925149,0.11728228400552876,12.488295167711048,232.5818968395232,0.10250750820498548,2.635702888161255
60.174997212403696,0.10251097905157254,10.86173558533021,190.5155509950509,0.087560899630346,1.766847751966985
68.3576391125909,0.11293650980151472,12.401333858484218,287.67102196430164,0.10835709963879224,3.704566190317357
5.763091883413903,0.1088081187209966,10.845491494689956,157.79633978965734,0.12074652470669263,3.0727254888103612
216.38422898160928,0.08367565087042787,9.986658341494472,92.06171977891341,0.11863611947029931,2.5397259291398866
21411.338214963638,0.11832775283720819,19.962093313912135,253.47009437098666,0.10370006458937785,1.0047468934281953
131.47133423325647,0.10818032876613184,7.218504542374481,115.76010376571799,0.10600511757049184,2.5219337975224994
449.73629567134515,0.11479234899727311,19.814262669795706,110.774238269531,0.0946780825718802,1.1387809470586436
562.6292625822723,0.0949920743193788,7.866514643661113,201.3234112644103,0.09986958739227314,1.4939006781847963
40.39956624535436,0.10442842150019924,8.118379617877181,418.76454669682414,0.073050579061674,1.3279128688326196
0.15045185875219774,0.11133467714695985,11.735556193604392,164.9343901024169,0.10622555910916136,2.0351736807892142
28.444336622555596,0.10417714616607553,22.109997116505305,127.52664861205795,0.08579193174997546,1.814872889575783
11119.298778214255,0.1125909872668388,16.835865561686386,27.90715485679698,0.10449455023347937,0.4529552195635622
93.60630970166602,0.07805949362760614,4.256045472281535,78.0792066732152,0.07822560857573269,1.4346051941251723
51.99463165138902,0.08586855792055828,6.105394124291454,470.12042248810604,0.10205298505378073,3.9632465235417476
597.6198705656964,0.11340930127074425,29.40732784717455,36.41192094711465,0.12438641191421546,1.0612883825295798
1532871.3439681053,0.10778617426129614,14.58868112160522,121.65415198239901,0.10535391452013347,0.29436134696874117
303.69995909811104,0.06391605274898896,11.784159750152202,23.553928260162934,0.12855271137462818,4.987610678904192
105.41053003032398,0.0873619370189238,14.144888720013796,284.09961920639677,0.09516984412381316,7.288202443902729
20576.811809710198,0.030119685109373615,7.625587876174322,167.12513681263385,0.1081890471883078,3.401217849584533
176.07362471525795,0.11467253086974007,18.951394067264747,178.4933798875315,0.09485007105989152,3.3696709251492116
67.77515832969866,0.10757069123561125,13.30886820037902,236.81361821334843,0.11320071653675863,6.876824698691097
165.55914998416173,0.10426762070780964,18.411203670464648,127.02503781030225,0.09552684050582175,4.580705918675957
354.80823962155114,0.10053925928040466,9.274403241407493,269.22852856574235,0.10920654925259009,1.9611322172550594
320.903745417593,0.1125573902208934,8.807457088238298,13.203577859527854,0.1269721136360073,2.9789813914038423
588.3812713110831,0.11854441422586537,14.354278702324391,0.4685930639425919,0.11662459417038948,4.019699956486983
122.7438093194209,0.10328787657700651,14.862712239463555,107.61909867508626,0.10006931230806462,3.287965804196463
125.27581245075844,0.10466475646106105,21.216988547363677,64.9144512249556,0.1004043983974625,4.325269307003724
249.00686965462575,0.06735457637989202,8.71095860959656,169.76755589964102,0.0718510869648423,8.241742825265941
203.20315469959525,0.10912558186276813,12.04752079345092,509.39865567290576,0.09271959708809505,3.348588323292049
351.53208724051797,0.09950175128641085,10.052021569395304,142.43815371409477,0.09036871884301795,6.664963755658929
310170.5372226852,0.06784489843209685,10.130744825275407,213.72883095287466,0.12926446245294526,1.279868089173637
132.72317515049983,0.11143187152609563,15.711127071754557,95.61338378194364,0.09162192839623162,1.9316818702940468
2172.1138828566127,0.029780148310086595,8.713675176540601,3.606582416237586,0.1000148917238104,2.9878650509095617
338.6380342893294,0.11247507125922554,6.43969261709508,22.162216256252975,0.12070965302009423,3.6859309902169324
745.8383229821615,0.05577865096744236,14.218850553097019,18.337875389651686,0.11125198556961385,2.121836080701638
26.133212937702062,0.11525994570192953,14.21553577274441,322.33336188019894,0.11570553773878282,5.094529645927096
25.551633488299764,0.10524725533519644,9.152970536023986,202.15127829745114,0.10585227843676803,1.9373693848903164
149199.470758559,0.01625044590904067,14.128627855502794,9.449212743067903,0.1095781363931794,8.014151969685804
2.18482405146552,0.10909176452381383,17.31169245355784,157.12045700141078,0.109183353143195,2.506248800117729
4838.515063245353,0.11080930493623604,14.70095636963636,257.236785114939,0.12274352070108704,1.7739950445523016
127.89016518901036,0.11495627052849072,10.861599189140698,407.1332217967201,0.10687200034249643,2.0220039834795074
63192.413772108455,0.08834433517346979,18.27596463175709,763.6829614970948,0.10843284931757013,1.5064564080627427
164.7654023477985,0.11909610907771134,8.149921210660708,26.697990537060264,0.10807263621130372,1.3268164310304247
1356836.2655638405,0.015194107087204908,12.048061655785787,30.192444100359012,0.1381489130351577,3.670133041111435
1.912381050457829,0.10621514721260547,20.095870261707034,153.1428954683314,0.10177870525263023,2.212801085631507
34239947.8326087,0.1066652504398259,18.747514395262357,136.0142190623401,0.09247860491896492,0.0421755841101108
458552.7017352785,0.11400000000000002,13.420000000000002,165.74700200291335,0.08270373894081873,0.4596247336580097
322.31356343562794,0.11566283281889511,17.516117833076827,13.554213931911477,0.10439389248054963,2.2445252725712623
48.186214414962585,0.11512374466589609,6.683132119812347,156.17506559109535,0.08620544698890958,1.323672478767958
110.07846885514775,0.1055558350634953,18.086563409146084,97.84376146503558,0.10232728974387262,3.9221712234920645
1807.7846141325467,0.08724917215543442,11.301511392616561,221.1923885388323,0.10108357428762955,1.5333158173601005
515.6710621611005,0.1027360651204592,12.401333858484218,1.5531831380613994,0.08913277884304821,1.788464450590773
132.55181139050003,0.09617108286682806,7.519560552753846,307.47630614100444,0.08824107138337628,2.261104760012653
321.6825012198875,0.11713143379101251,23.908015223388972,17.586733800391016,0.08090750445818021,1.8109665133140727
6.615475204443497,0.11034623067870226,10.736587249171171,227.01285082824052,0.13049893341672103,7.9668841037313305
81.77995618028123,0.07458623915859845,13.663321832146709,110.15539933185892,0.11551695621622435,8.764913484832459
8.00875251613435,0.0981508720010158,17.42282611795028,100.20387438831347,0.11078517349078727,2.7136422837774723
32.7419456219469,0.1170793601603311,22.544874497336146,53.998066216304096,0.08349385440180687,1.1479392828554786
454.8167541227491,0.09374577193950351,0.35421885980818146,38.95439741760134,0.10326566770872395,4.3963261066563435
53726.71896287678,0.11029736546798005,17.569364205167993,164.9343901024169,0.12492381512371094,0.9028422504716493
205952.1023884886,0.02857020655372068,13.121713171358989,195.41406367857405,0.13330059098494518,4.663351168440375
393.55303695501357,0.1125909872668388,11.459581567507136,135.72832578894378,0.0924469987632443,6.759318221774372
0.40246786011030666,0.0821628823856014,15.0248712771646,266.4591733508628,0.09714249653835533,3.871594801196612
47.458061899679045,0.11088621649362511,8.392365771527597,100.98129724514826,0.13881095965415974,3.9632465235417476
12900.279320297355,0.11534699161378782,13.669573637294924,54.636582586420445,0.10015839716678014,0.5888113106210326
24.642373921499463,0.09325057398068232,16.152914487065495,121.65415198239901,0.11458753979783586,3.700210214831954
18.38359744096028,0.1086644542168136,9.387719434924295,66.67111182909656,0.10085263183686688,1.2511845274247495
27.882922425567283,0.11169320404502141,24.00689700214444,284.09961920639677,0.1038521527620757,4.551378913278477
97742778.30003595,0.06238096903021694,5.46304026557606,467.40686246774976,0.12355024375395263,0.38527848144833676
120.99245488725444,0.1062903270610075,11.229933080722017,59.71214559530665,0.11483384756911844,3.6594732768144222
2741.093931557859,0.0986458195013798,19.75850599756698,148.3337972452083,0.11863972737444856,1.741082303476471
146.67544622566,0.11155216728794526,21.285924944552484,24.83568205202647,0.09856909411815051,0.80599634792814
575.716905670794,0.10053925928040466,9.77040951119144,577.197051076516,0.13436173264637918,6.875695440646447
400.41427280910733,0.11843596827439734,17.71747354935146,196.38284058521623,0.08272671121476502,9.142275695178476
4616.559834787646,0.11241060429400765,22.96186712153272,262.3348046997987,0.0822884595284705,0.9818696026410292
70.73428940000589,0.11823928165528103,3.694673106872914,299.75981634587566,0.1179902666363527,3.322037915408677
15.260446386942464,0.1114229006796233,10.337242875340435,64.9144512249556,0.11697096558819979,1.62427084027596
940.7129091365737,0.0762643091104739,16.673376428638107,21.334145141963745,0.13973626139846956,1.8550045060753826
955.8940901954319,0.06890904932115123,12.04752079345092,209.5162271925284,0.10911668255574825,2.785157894290643
48.57345355028409,0.1057013801992788,16.89158801578136,80.79076602533223,0.0880762354862831,1.1592874261775226
4466.812722237233,0.036611973462173215,12.007038466375146,213.72883095287466,0.10239289899458696,9.293311431091519
107.0628860475744,0.10606756942851464,15.711127071754557,263.9052365372802,0.11420151637135191,2.8280410156200673
118.65727584434215,0.10705779775687514,5.8083223970733275,209.76714166014256,0.08465416877970283,1.549942824449209
480141760.24607605,0.05789479103327496,15.839695741912273,246.91506477700275,0.10559084782731447,0.1272499024076783
222.14576911215488,0.05577865096744236,14.218850553097019,140.7124563174683,0.09430191228222409,5.515818169888815
306.9759701615283,0.08952605119776036,13.164015171466424,341.4305479920962,0.07036009949893807,3.6887889158107905
346.28057965816197,0.09060823316892892,10.031516380185142,195.80567891031552,0.0761319120104102,4.001801370361758
32.216473992780145,0.1108685662089875,2.9319847766110296,182.37326619960902,0.09521994001165315,1.5080334866859273
236925.91058682385,0.10909176452381383,16.152914487065495,157.12045700141078,0.11458753979783586,0.5756658551220717
220.22471086454703,0.11608825312561777,21.175250479149852,468.51183611551863,0.1252195633971353,5.674130838169978
14.507277165584128,0.11348855167580948,11.26222429346587,56.76974929289116,0.12001496729312358,2.0220039834795074
582.3407738845797,0.0916303958482888,10.825751131111383,88.1172402053981,0.13471626218035432,3.039559821431612
133.9917966913069,0.11356018179885821,14.873058868022625,50.01056512360958,0.12092114407920969,6.26449879530422
110.87828694885658,0.09046589457704265,14.273155692803352,919.4316861054242,0.09059873617757278,2.150729268716983
147.11566077456632,0.1098756097973875,20.21367696253172,430.0871856933167,0.09139182128728646,4.1744362386973615
2335.7213619102627,0.07739756379310656,25.526950163262548,54.136323352007025,0.10805770592529082,1.4587940885698734
5.129100564002978,0.10290296402002154,13.420000000000002,46.33244884588839,0.11482475782619338,1.6594999999999995
83316577.24789944,0.10328813416018981,9.661733899047796,178.998861226933,0.08055702517856547,0.0780033762935961
80.13680420046816,0.08333157019502466,17.123453271887684,227.81684908124993,0.08859904333553717,6.104879558962351
72.93931043131062,0.11728228400552876,12.488295167711048,88.29524653400392,0.121302420864274,3.9221712234920645
1084.3194825534874,0.11974954967674209,18.666633103042585,49.04757106835547,0.09903882412140247,0.7928784741983605
1419.5598781250196,0.1027360651204592,10.589986023862831,219.461352432458,0.1327068423100194,2.8690192107753605
394.51039438419485,0.09617108286682806,7.867932173838955,483.3398297969469,0.07830519526494406,4.0418587472552
599.577597654494,0.11825696018791768,9.986658341494472,348.49570186236497,0.05879935270999559,11.125105225522164
7150725.938792232,0.09267931834631246,19.962093313912135,106.25327386832981,0.10395997278919293,0.18448190626066285
126.10871245194124,0.08722441865095142,13.876489576003275,274.26565410801425,0.07821296378806708,2.5544598313795603
70360.07951385749,0.11289916984939222,17.464922318206625,253.83389994404303,0.1279920905494219,1.0766770974826558
80.99400335456767,0.06878882738803009,15.160726032114312,544.3182731399957,0.06530816996789143,3.358419155809603
454.38123888501235,0.09174252224551188,10.19558681878681,418.76454669682414,0.05895786907945069,4.355090951615888
0.06473249643547863,0.10876180772637921,15.687854300042854,118.25109098736442,0.1052983463622641,2.006234753515587
224.15030175613987,0.09612455786703543,15.70208668032584,339.6302377680939,0.08583999556711125,9.80420765117573
356.3912640348808,0.1125909872668388,6.371848664061947,17.604930976223045,0.10978053358818476,1.8876425913222965
125.52210332759083,0.0821628823856014,15.0248712771646,243.39709241188058,0.08458584714701076,5.859361706223986
1801599.3101781476,0.020977064575911523,22.844255401527867,580.7799413322925,0.12226292967125346,3.2520883180187248
333.9684313754359,0.11534699161378782,4.2011329335306264,54.636582586420445,0.09896385750089867,1.8836602218911889
128.71776665281448,0.11813759288232517,10.139342608119684,121.65415198239901,0.10147347559555439,2.0708154354315074
339.95169504673686,0.11004528428005225,9.782246799272228,477.29610725737217,0.09776837222963883,8.145294889394975
861.4148083097266,0.06634602047416968,18.128572737037135,329.8685333625527,0.1054507251063405,4.484332894873431
512.3909021541303,0.07441537462605906,5.46304026557606,77.6494887635115,0.05392535168021534,11.36465933186822
1402.8534634288217,0.08040166178552233,6.748095384545001,338.0283784577546,0.1289187213087848,3.869022138404942
82734.7091737511,0.11680842444893387,13.30886820037902,513.1695383212616,0.06371398093933889,0.6892952898842006
540.4007849612142,0.07521492929014566,18.411203670464648,61.386351321578616,0.12120207874229873,3.750334559796486
0.11999359849491578,0.08080073108268697,25.589760968597602,802.2888208750921,0.08654620201255142,9.744721210225563
186223.04696425426,0.10756308204421794,11.714976757274865,817.1065962606742,0.13596298031224544,1.8607664212875505
84102.88824792561,0.03633269207593132,14.354278702324391,83.59956371392536,0.11921554524158001,2.0361139558248107
388.9855405727815,0.10843431262499056,20.80105954785732,6.371407884338737,0.08815230946435224,9.139426217731486
134.0142069579526,0.1001015266595825,25.930293805754253,276.26870761467137,0.10737180866716724,3.3706875190836767
1908.7332390019176,0.06735457637989202,16.52290928634332,107.20707616396817,0.11979166047197913,3.397243406683437
70.84744485021884,0.07401043729720405,14.085324055926673,149.90938252899446,0.08570854312474102,5.683354585774855
16029.159701518218,0.04280782543032231,9.167678021300638,80.79076602533223,0.13921083583151628,8.2354878352333
4467.950516773104,0.08210733928088548,23.522095166398714,208.62588436562731,0.13614981589137687,6.327891493509614
252.75821382271806,0.09261212474295108,10.797053492689146,534.975209855592,0.09162192839623162,6.995188455768959
809.8749802674208,0.043463475419583834,20.77423695758354,191.38664816361575,0.0699658107294722,5.716157844780266
44.13442295323435,0.11247507125922554,9.531672959922062,348.22574494676894,0.1014699087802359,1.829165558266471
2915.943291454484,0.05577865096744236,21.23676767496034,162.3939732192494,0.09676766264263087,2.5869764097707395
5733.975665659043,0.09230851870201691,20.805313077788895,156.31944833259826,0.12089233440729667,1.7545556571236505
25.58648870770009,0.09588279440459242,7.973538593893197,54.46938922959123,0.1383032487923599,4.001801370361758
348.21150546229103,0.0863706535769582,15.8199687620967,95.3114993624107,0.054455534912813436,4.423791458630662
3.319569204145089,0.10909176452381383,17.31169245355784,279.08256525302977,0.109183353143195,3.6638721063204445
4347.341396998077,0.11608825312561777,14.738533061726482,283.7964388290335,0.09260422102032687,1.102142586483854
576.8334203195675,0.06084615353277756,16.36889725775225,177.36732935275023,0.10123274015173565,4.3975646562784
477.96046504859515,0.047806521295830316,10.536977058835625,49.322133181594154,0.09835936605376416,3.8762149296224884
17869.346057668317,0.11909610907771134,17.667162566549298,301.71363534373273,0.11868593418173436,1.3268164310304247
173607.5502477924,0.017823986322506716,14.653844441096767,36.4325882133154,0.1121230297094473,9.581933803572976
5738.421108681474,0.10723639517418629,15.704182407176928,245.8985151104226,0.11962613496538421,1.6588861374461654
63139.42249343095,0.11092681359029821,18.747514395262357,122.36062043241856,0.11298577767640015,0.6831364867586505
207.66382255714467,0.11539019960896871,7.239173210482216,200.74473832129547,0.10996719112324117,1.6594999999999995
392.4379945678631,0.1033555787644132,26.23171533538109,252.60872200549866,0.11974320787182088,4.286751865129065
547638.9230191904,0.025629325039397265,21.54827459317098,312.1448171817409,0.13143105771140434,4.98021803673822
280.78688869777545,0.07878602795592711,7.171135432082445,355.6727188934242,0.1183590798547071,3.9221712234920645
279.13103728672036,0.08724917215543442,15.34590465323642,512.7559691231156,0.06108574885189799,2.8615109879518497
0.4081005024226285,0.10597430247085877,9.440281389449243,189.35347186084192,0.12105012726119109,3.844087763886981
113.20725574005596,0.09617108286682806,16.874531919617286,72.373303660072,0.09767156390112283,3.7226483618633424
14.790761617192558,0.08316882121893257,11.716932405319202,111.81799823144178,0.1100873735943559,7.941281020784614
164.3866663279236,0.08235891796770682,13.687058274265851,311.8271445512107,0.08112276334866297,5.223315776187993
122.74626190098675,0.08729753674440253,9.497922282065622,121.72465478841752,0.12438675648681642,3.7894283418989554
554328.6944896092,0.016808972824097303,7.921715388396832,500.86385858354964,0.1279920905494219,7.814824279877719
123.4763767977328,0.11291056390186145,15.721760987147468,33.934218768175185,0.09625518583160012,1.413861794784565
390.7445561799139,0.10867895776084034,11.34883752945775,335.6228698949252,0.0875587749140107,8.242780217189432
99.55181364665086,0.07443701392838274,11.534019330989612,153.2229589363684,0.07963143693439922,3.048314708532659
1880.4463992993306,0.10778590052217424,17.393979967276316,98.35529674707738,0.08579193174997546,0.9009811779398174
2032.45085598288,0.09718923777933502,15.033066624548638,135.72832578894378,0.10391853471740041,1.3290466564176544
361.91818772518354,0.05564222203365144,15.0248712771646,266.4591733508628,0.09793119258513588,8.880468156602824
9811.610055915771,0.06604196733414064,2.1810311198758434,157.42988816561456,0.13827214474692,2.7770790818437483
49.53662623186213,0.11221143828971152,23.937174951879566,354.8361020884914,0.1034687902025464,5.7528561973697
35320.813393975295,0.10414416060504483,9.94944627123073,121.65415198239901,0.10535391452013347,0.7833911895892189
0.03565259402160713,0.07670549263714983,24.585436221552357,180.93269664399338,0.08397294189980861,4.96179154460559
109965.33253749469,0.0730871788541472,6.854651876628296,839.3737930482718,0.14644946237861053,3.4435048198132776
306.6151995109711,0.07823519216271105,3.7035504724625685,106.99147628036769,0.08546548656877334,3.301672339105134
59.28861348384251,0.10398250464871611,24.497696091221258,59.71214559530665,0.10549213365114782,4.760476302130835
14085.80899885092,0.04030900838995477,13.30886820037902,336.0587108627253,0.12133084857909464,8.488103408312215
28.296273883951105,0.06894447160099582,18.411203670464648,134.7265738383707,0.09552684050582175,7.252908366986336
22.24942899634479,0.11400139888503992,23.41350586448506,802.2888208750921,0.10646423666494739,3.6948900456553355
9.655300546475534,0.10951647013622609,8.807457088238298,106.67914758121077,0.10081241570840997,1.4391664726917899
473.0009888113134,0.08926097502904634,5.406618067143368,95.15347804892593,0.08037811297441746,6.458848188497571
30.484220605590437,0.08855406946661666,5.860058284105181,390.1159430757316,0.11018946116605108,4.820797762515635
1690.2763132997775,0.09186146165489242,27.035801932247836,111.65612297423763,0.10785903309056602,1.62427084027596
35949.07559278067,0.06735457637989202,10.889414560944669,242.1372029318564,0.10510752560661582,1.364898043065594
11.058097223590469,0.06890904932115123,17.833891151236852,509.39865567290576,0.09271959708809505,10.913161313213058
138.94020886146615,0.1035404030623753,16.425829750059297,280.85425635009085,0.12605230902785974,6.481015889117485
7001.742971244822,0.09037563789797659,23.522095166398714,212.47484544606078,0.13236500062373657,2.7624501985409275
471.0915642780309,0.11250780110578645,10.436507598645493,204.30109162077247,0.07684449026639925,3.6052941862748007
1.241826572543679,0.08585213251895082,22.054850782497027,123.64807862680448,0.1000148917238104,4.667189587671183
0.19977238199965275,0.07782643498980958,18.07513217194627,213.02155048764644,0.09616469444188755,6.851777351558164
317630.89480449934,0.05577865096744236,19.97222512849438,297.38977843438033,0.12212686039648707,1.606882249409482
19079.629749996933,0.11344256249834474,10.588061003041553,379.52713319590964,0.10122282079637647,1.1377782537929368
3676908.94878367,0.013496739709722802,15.670426065682314,80.9701715586204,0.1222088463095106,2.5919189943531187
3.796139200464318,0.08605778784798762,9.656813631945733,326.7701152295815,0.11467433599330337,6.357255803223134
44351.611985051495,0.04463370203587369,28.490089861088585,183.33131658211278,0.12887552743798042,7.255108204489385
424112.23312455986,0.034637812584339824,1.096147418930899,292.090432441979,0.15722540514979583,5.555843017333968
4087287.7280040802,0.06084615353277756,7.798244307267277,376.4012178998831,0.05825982261563392,0.5697503591230983
225.3318194048776,0.0896704268030302,6.770135207088952,126.99282378836875,0.09965287537988385,5.018571806358219
1.1234747138258843,0.11393053380661068,14.87073141576198,62.423491207585585,0.1273082078848478,2.732482608082973
5.879571711595088,0.11455743750165528,16.25193899695845,325.0281185386449,0.10204615198876958,2.1812217462070627
8639.144424380584,0.11690019125781814,20.095870261707034,132.30739030745207,0.10955554534112043,0.9834533132307985
705.9645066616208,0.0879612499152444,20.094540892812997,136.52078079038824,0.11608108150693629,2.65248606813266
389627.2485298597,0.038182928568223466,21.053896837594856,158.2157893196894,0.12142725773382979,1.757755154882207
157.07880823788827,0.11566283281889511,26.23171533538109,509.3634906462026,0.09256893128378382,8.529296417340987
6256.08000559008,0.1189262439185367,15.237526880252387,112.93978516159393,0.13831740048739496,1.323672478767958
6.823478906998913,0.11896728556174221,12.488295167711048,341.04296070750985,0.12138926152003086,3.8907682712080067
335.75308089908503,0.1009871177653858,6.313696708018874,160.07308942118271,0.08481607460543075,2.38405381074112
71926.16475857492,0.11347920212886307,10.774200611860273,361.15286945810743,0.12105012726119109,1.1720703348919663
5.512848245109814,0.0906902847356058,11.190819825708713,152.34297029402444,0.11186415239920633,4.611087253338484
247.56987310966625,0.10512008964858814,17.041300685980694,112.13863978475649,0.08090750445818021,2.5397259291398866
212.92208676463565,0.08085302407674962,13.034846605557192,6.310736945271515,0.10534280661980246,5.354033441199482
729.4112307044727,0.07580889848663007,9.497922282065622,137.13086931705243,0.10991926163546435,2.0949889873130587
1204.958929268499,0.08079416084160493,13.716728143084755,572.0251372762409,0.11707553701467814,3.7440825968969107
123.8650908776204,0.11057956491892273,6.134613500120398,14.83225171990415,0.11522921383727015,0.6545544979802429
1355.8703880972446,0.0777589025103032,14.341278295304395,282.92039151315385,0.0959167041406607,1.7344558554343887
3001.1754482116403,0.0627560274748454,9.91427178010172,448.89748945764006,0.0989356966896314,2.006234753515587
463492648.5624413,0.09557459993658231,16.35358256405375,487.4198607525799,0.08999059837451506,0.10267185698200798
16.620977310596512,0.10456084051397976,9.599291502335802,450.85034593243,0.09908576737352337,2.037857801567659
35.871494220580615,0.08962787747737282,18.514332979611737,93.49557272651907,0.09714249653835533,3.871594801196612
3171347.0689017577,0.07544219679934824,0.42799325154489765,721.9810658493618,0.11743106871621617,1.014644614899459
1631036.869938961,0.09301396373989894,4.572675514924724,54.636582586420445,0.13273325540369874,0.10423000794638781
5.952994472657717,0.1163158190216282,18.620476595116617,121.65415198239901,0.10535391452013347,2.0708154354315074
460.8255490211451,0.10218332187434889,7.62261743346836,84.94582557203273,0.08397294189980861,4.96179154460559
182.38468782759824,0.0815677995243996,17.939956607607964,205.60725555844328,0.06583585426040034,3.5345419437044634
239906.04598804112,0.06238096903021694,12.511501436051457,758.5666168400796,0.14783475708101676,3.635183842984131
304.91516381066253,0.1112757094970672,2.3882151634980833,53.2263045752901,0.11413588703316979,2.8099452578345137
1.5816580521082149,0.09700470911403081,8.533550780142503,962.317385822558,0.11708820860011969,6.876824698691097
93.13526509020056,0.10690850347015282,18.411203670464648,87.7318431681395,0.11100290917105565,7.226627380688836
130.97805568841616,0.10460565514476931,25.589760968597602,642.567324933792,0.08654620201255142,9.744721210225563
3402.866779419556,0.11855069920440037,8.807457088238298,332.46981380158365,0.15739158225869643,8.469868460012894
109.94157621863145,0.08926097502904634,3.527673637463778,83.59956371392536,0.09908152739753262,2.0174419523417138
82.28542968015701,0.08855406946661666,25.661325198947864,23.875902233205466,0.09133706639252864,9.139426217731486
194.68794969113634,0.1114229006796233,25.930293805754253,129.32044186213523,0.08820106753122156,6.351335117247299
145.93267343301977,0.080124101387159,4.651917781835843,88.30842714714646,0.10510752560661582,5.030356684057339
205.37134718793325,0.08875122999926578,10.494730005995782,223.48299965330324,0.09271959708809505,5.683354585774855
475.0080499120673,0.1057013801992788,5.56001686413124,160.68732254630845,0.07979757136618587,2.677813209017233
148.05543452902958,0.1158483971131814,5.654300314737293,755.7253853578529,0.119877078097095,9.293311431091519
140582.55461591302,0.10606756942851464,18.422589220399534,534.975209855592,0.12899049585600403,1.479013367984268
487.2354496883425,0.08896726064526228,12.447194309522729,744.0625192071757,0.12382984667176632,6.205629528554574
4480.3056188498085,0.07782643498980958,18.07513217194627,161.68467928866067,0.11317002908643074,1.8889927305145875
0.2298492235937779,0.10691146573606547,14.218850553097019,182.5029533661467,0.11104165025039055,2.8823850697366815
1.1976811386091133,0.07335484504294892,9.316709641423298,341.4305479920962,0.1050936939704599,7.395031137561411
64.42661512684045,0.11078911494721819,16.05653337434028,257.91342258103896,0.09743164278543293,2.6690498990195977
48.37645337357954,0.1033439660913677,17.282802833759987,44.42830047201818,0.1185919920310577,4.423791458630662
20.52100973967523,0.10373375245943668,12.285616855202068,157.12045700141078,0.10522223659943926,1.951737258585621
40.837039112505835,0.1050880348904551,12.046549649129506,264.38965006091513,0.11587038617576753,7.352770260545071
990.01985397203,0.06084615353277756,26.536457887275684,691.700701615842,0.09357931328214941,8.8380294992322
13.000478061111124,0.10041157390709171,10.536977058835625,75.61579930302167,0.12937833110472616,3.471105084038893
145.51523469517036,0.10607514499025988,19.60916105257833,301.71363534373273,0.09950247475046264,11.615994657579964
98.59374629315711,0.10351920925044028,16.231732665239562,325.0281185386449,0.09539167673474339,3.6105123101676355
2654.615386203559,0.08315600889193102,20.095870261707034,132.30739030745207,0.13026570589836453,3.2942285412568877
0.26508006656974614,0.11699634184378546,18.747514395262357,470.5466017828605,0.10273779734987115,2.65248606813266
0.1533151688643278,0.11053206651882119,11.969811421549746,99.98000000000002,0.11685467677175032,2.3475383017529046
13951.617655744052,0.061446762054086196,17.937142667872273,156.12408033470916,0.11974320787182088,2.2445252725712623
335.0255250870111,0.10407102290763394,6.9307198667836865,36.50418559187534,0.10311532495386846,3.0325163238767443
28.357964049923407,0.11728228400552876,18.241322956978678,341.04296070750985,0.1184505546954557,3.9221712234920645
31.88203016239713,0.08724917215543442,15.206438896426643,28.532901752500436,0.11287747756878502,3.7681836119606587
14883.077172375215,0.11566556712686236,9.440281389449243,185.391060669421,0.09939171384349738,0.9158043644014233
9.607028611191978,0.09617108286682806,13.752393644872146,72.373303660072,0.12218887563876665,9.873257299728424
16.31470544349782,0.114690469522739,9.54480114138606,317.18684890987726,0.09619487197468596,1.870735537630245
1993.2891883620005,0.08240645988849832,11.213786673534003,227.01285082824052,0.11356716982343161,2.080602860956649
56.28127327296445,0.09753951671453714,9.497922282065622,445.1143023018843,0.09296963684928483,2.5219337975224994
19288.556848938588,0.11667192627847964,10.583199377607283,303.09759254676214,0.1279920905494219,1.528834541889184
12.07626667920358,0.11352980626892312,11.344213952535014,53.998066216304096,0.10844548839441305,1.4939006781847963
3576.3400160327046,0.11356304406656437,10.19558681878681,418.76454669682414,0.09494478040261661,1.2508205074992649
18.35661844959896,0.10978783616246973,13.350732448319938,118.25109098736442,0.10859008220263233,2.386165355122578
22.985798040969605,0.11826194906430024,12.791110573205225,226.07785884748614,0.08579193174997546,1.4473047062937727
38.37008285404141,0.11119472875085386,8.172996436969765,207.94779659017456,0.11188323589047168,2.9112719739560857
66.82130341578359,0.0821628823856014,13.606689239146636,266.4591733508628,0.10878379657253331,4.242818240996606
24.655964472529202,0.11225666787964975,10.036342304794005,140.1365181111408,0.11375598485643025,2.6927722942320784
211140.06919758138,0.017714241098805074,15.523616291889157,54.636582586420445,0.11154184633519804,8.79654489129997
8102.757496857561,0.06161569542605566,16.11025088907164,255.36602362603216,0.12666201625138285,4.151616933891912
562.7045615218499,0.05716122717816464,24.585436221552357,210.47778404433944,0.08397294189980861,4.96179154460559
356.6406501334644,0.09327597691462507,10.950624706133205,128.7644685227508,0.07814279158037943,4.551378913278477
64.28795534586581,0.06238096903021694,5.46304026557606,34.23223235164642,0.1210723034698545,3.978587647382599
113.11056475848079,0.1192113520122498,16.906759215761717,118.50410071997226,0.1289187213087848,2.639370376453842
386.38509318257184,0.11480488108428827,8.533550780142503,318.01374682382834,0.09858572988089742,6.876824698691097
12.487689910244477,0.11841176556000964,11.763319748242447,215.33804639075828,0.1117626377120993,2.6515410850850136
825.0804509901176,0.11994437396635652,25.589760968597602,802.2888208750921,0.11433145140780515,2.8506093079546995
18.859282002901992,0.09607238432970074,11.83013904669144,139.2188191098491,0.10081241570840997,1.8607664212875505
126.81599613101915,0.08926097502904634,15.453774912071728,183.5867237528892,0.08771022125007746,3.946386958045001
68.93936282628356,0.09970048829025588,14.722964980711836,23.875902233205466,0.10775870863021124,1.6980414512107131
58201.57982108914,0.035428603092150325,15.858265883995323,64.9144512249556,0.10494432497051276,1.62427084027596
6.700870475948015,0.06735457637989202,8.71095860959656,102.03129898945969,0.10623129391303365,4.924358708502938
18.067972312336543,0.11575101398045973,12.04752079345092,135.23388600721597,0.10268275855906239,1.8461358706622564
162.59447649686948,0.1093803781483051,10.306670777797462,145.3895383597159,0.10092553397066927,1.4201948438288472
396.61896274755543,0.0984493377859168,12.577793612498892,6.276711664564061,0.10216171451144336,9.293311431091519
8.533481983849438,0.1158512712470437,12.778775247936807,102.93865838781034,0.11560071067795942,2.3409267139202092
1.5513471832469834,0.10073281337158807,9.751435809189584,209.76714166014256,0.11087713986629752,2.724437522144197
86.04966527351174,0.11360319116949913,18.07513217194627,84.34969810316608,0.09616469444188755,1.9236057393992594
177.04811049402724,0.10172459583439983,15.14602466647207,16.876794282985827,0.11104165025039055,2.3186402841249594
2004.0466253777217,0.10041307378290358,21.25195169526439,139.3399553351785,0.09509055424831608,1.1819465151107984
6708.636673812019,0.10998544610222942,9.152970536023986,503.0296880009653,0.1222088463095106,1.972912010554671
444.24454525315247,0.11850299639640077,10.392967914635069,6.230956860892377,0.1096414670081704,1.4545565652417292
943.7399098168473,0.1032422640385387,13.70494617960919,51.93077574964707,0.11470605153192592,1.1244896627902143
144.44238145932007,0.11608825312561777,22.109606995112152,343.24472452214934,0.09761318402949551,5.7416849712351254
11815.49926549618,0.051846924970727855,18.37096228960676,170.95665158546478,0.10352262245398658,2.0220039834795074
5019.683372822934,0.06984519704270757,10.536977058835625,75.61579930302167,0.09782267058566904,1.1700740016522033
136.51104560577335,0.11418960689250936,11.650345011319343,335.1493991667877,0.08717250274373148,1.3268164310304247
77.79395896778476,0.1169711003017874,12.910900396069763,314.6085623335648,0.1124032911353619,4.693128426065519
7153735.821961556,0.11680527124914616,20.095870261707034,516.520404955651,0.0981167641095283,0.4077280260439142
295.3493506472787,0.11699634184378546,6.578232295672123,18.658518213516345,0.13399370046410558,3.822612033807401
6621.00268895238,0.11400000000000002,12.314499432097133,99.98000000000002,0.12379307328722586,1.0660600646176341
194.43572163891747,0.10190970397980777,25.660208035565418,235.07456708334507,0.11974320787182088,6.199324799721934
666.2507130196377,0.11834948061688834,2.985987352832426,36.50418559187534,0.07984277021011005,7.00014628144196
12.26412060622329,0.07531944250413534,28.21968201238687,341.04296070750985,0.08529635204566688,11.929299537120148
57889.79235381392,0.1036600552621007,20.883374026248088,160.07308942118271,0.11287747756878502,0.8612486059317455
51.32537898728202,0.10398680428789132,15.895876101971378,189.35347186084192,0.12105012726119109,4.108267559389687
35.899696384603104,0.0933385672002413,16.874531919617286,117.40002035986123,0.12074652470669263,6.1667479968777466
305.936097272977,0.10214069798852843,11.163106245299932,152.8336473557348,0.08090750445818021,2.4833960429969717
113.47050015942958,0.10965051938311168,23.85401264716758,462.81446969658833,0.08417336780389775,3.062300447881146
0.7453716875149943,0.0876771706160332,14.046857987967126,340.0690890748007,0.11112806514020887,9.366109519417925
90.50539824093642,0.0824168259705938,14.445067833855385,159.70461436333306,0.09226811367455348,6.060281158173017
131.6960998212445,0.11035014458380799,14.898162408329982,94.66620457982464,0.10844548839441305,4.048993151818472
28193493.394971807,0.018897834865809142,10.19558681878681,263.45717292848906,0.09719582431568655,1.0577205786670465
172.46718250682733,0.07536558861426876,15.12582386850884,251.42695265172765,0.1052983463622641,3.972114725414741
9.247025046903836,0.06371258457613665,16.796417963653614,6.414082973077996,0.119955157091682,10.394364992598174
1048.583472743848,0.11796826803160931,19.584635028455676,106.7272884322162,0.10978053358818476,1.2389250071027735
86.62226990745363,0.09999763299831829,26.81625029082778,116.68964912191882,0.08652570898999495,3.871594801196612
7108.600259697072,0.046934901411016305,13.276296314754065,132.84752734586345,0.11717941281692817,3.9632465235417476
1321.512916113321,0.069020900932016,29.40732784717455,598.3660145696366,0.057524292315082576,1.2080414085692661
157.16081380413993,0.10778617426129614,3.7344472906279282,334.95934706262943,0.11269038475282088,4.2907922614879945
257.280342587757,0.08967761140090412,12.604170637823639,107.75583728529926,0.08397294189980861,4.96179154460559
33724.34050682347,0.06634602047416968,17.866225507448323,48.15222052797395,0.12459189821126632,1.026187209679719
4.757816647464442,0.10881390091205459,5.46304026557606,161.05337987974588,0.09999576699548449,1.6215098873889735
11635.759553647677,0.08494226966698173,14.483358761271697,520.7948573028411,0.1289187213087848,2.8099452578345137
567.1943012367227,0.05331228320572708,8.298078040719208,59.731909747483996,0.11605985318475646,5.549905011171575
379.653437340786,0.09159052305864565,16.402298796643688,122.42587807461723,0.13314424556914758,8.420295178082522
3199661.7861564644,0.010699693014163618,18.562105703621047,208.3225170415085,0.08654620201255142,1.9938611409703935
3326859.186352052,0.08237157660379119,13.686951432360008,621.8612697800405,0.08113231590597317,0.6610994984638712
1462383.1702232878,0.10117856476473264,10.63209296533422,135.1315739884136,0.10235030486560681,0.3540668920415264
0.8607606491287829,0.1013315903590804,11.371878375099165,77.26539914096566,0.10001490719929436,1.5168183603220413
325.6489390339458,0.1197643827414912,7.194565811525881,347.2332085119748,0.10632108166962725,1.6624310881834363
172.99090022487457,0.08547019124678179,8.71095860959656,102.44424096801077,0.10098933109695232,8.241742825265941
352.7200917211418,0.11659261552940153,12.04752079345092,792.3873753031929,0.09271959708809505,6.860962664227771
686.8975648723298,0.1057013801992788,19.128875170159702,565.8037034242788,0.12246743857721,4.131730691991718
151.4562612825768,0.07009145690381455,18.482776586302084,204.7327188645367,0.10239289899458696,7.280882669576711
367405.3642566409,0.10606756942851464,5.366647603655549,214.37497879261275,0.10574352691520605,0.6087125836985168
8906.219032026147,0.09488344111902286,17.445667166668375,103.64964812535158,0.1311293396027741,1.4969401710456687
14812.913768413997,0.07782643498980958,18.07513217194627,425.2093979796537,0.14363975785915273,6.2008104530405355
7.889477974171728,0.08462898348269186,4.838763263791996,256.57567783358826,0.11104165025039055,3.5190218305677954
14.510932184257188,0.0861412816791903,15.810794867023086,439.25259734679355,0.10122282079637647,8.445351673165264
1782.0271760507858,0.05687577627616594,9.152970536023986,195.80567891031552,0.1222088463095106,6.029070627891224
46102.5680137489,0.10291745925569776,10.310496483495413,898.4571906884278,0.1185919920310577,1.7337387170827938
2196.6470463667965,0.10127197046804048,5.631105505741667,961.760247872098,0.11978077235545188,2.506248800117729
43.968257800745434,0.11608825312561777,2.1855274900338504,172.61752389043136,0.12274352070108704,2.7766319723903443
8.26046960850414,0.10552629472816871,6.748129388314121,691.700701615842,0.09392335169727822,2.0220039834795074
25363.26831707071,0.05403482883494516,3.426711859049343,376.79733414565754,0.10007151166846166,1.5064564080627427
131.40706018289433,0.11909610907771134,14.011503929620604,283.40093090596883,0.08125979264143732,1.6344435049172574
2438216548.007928,0.038958837013227506,14.653844441096767,209.03992206149996,0.10204615198876958,0.10732220008439608
22139.060046867264,0.03053435435084735,28.416169257490605,13.391093790036336,0.09840925363933561,9.908957358624791
186.32361325608872,0.11699634184378546,11.440668255826694,470.5466017828605,0.12814838568794837,4.262676767229522
106.36392930731054,0.11400000000000002,13.420000000000002,0.9368887694806176,0.12121703045345457,0.13956491935709003
63.62755944219481,0.11566283281889511,15.241585830927475,68.06757676675772,0.11974320787182088,3.4392357323116705
31378.590172507997,0.08333157019502466,7.587538298242897,214.49222839596735,0.07984277021011005,0.8665242583469865
251.2353238008262,0.11728228400552876,12.488295167711048,285.3917305060225,0.09894468261763847,3.9221712234920645
143007.86100597028,0.06460442859098023,13.124815203337857,55.58937488736257,0.1180618032647835,0.7257848863117449
273.6877581596143,0.11477390121037565,9.440281389449243,189.35347186084192,0.1018656056651691,3.844087763886981
2.1784711013902984,0.09078312651222309,16.874531919617286,201.36403082943974,0.10913713366057146,5.508989193114456
30.291108514211203,0.061160421534814415,7.684736918756633,166.4397229222074,0.10815649356873307,10.432033645301907
8224.048160580165,0.06342837402365913,19.962093313912135,227.01285082824052,0.11960716158246149,3.062300447881146
878.6114697974151,0.09416739380847533,9.216184110262827,114.41685600070315,0.13154023903895906,2.5219337975224994
107977.41078128252,0.11712616675794443,9.513126163202937,303.09759254676214,0.10479527925547333,0.8217613580855954
13.174836264665911,0.08688445764072651,7.061590447610467,104.59465327002937,0.10844548839441305,2.7988028169729784
451.0241643290732,0.11449783340264161,8.438848031755628,631.4458602345471,0.073050579061674,2.4763579219766285
944170.0846291212,0.10876180772637921,15.687854300042854,128.9421715398562,0.0935207085276458,0.36410104679579725
3.9221964480542235,0.10847776982606921,14.745745150421863,214.0682792535701,0.11026211639037271,3.1740631803873467
141200.08434472088,0.04281190520628368,11.22671720442455,135.72832578894378,0.12125353394963558,1.7348312882224626
3620.7801603894313,0.040986762738773774,7.387128041645772,266.4591733508628,0.10655693510000465,4.033045240509258
118.00325730121264,0.1178508979186828,16.015128801230155,184.6267627929186,0.10747925212395837,3.9632465235417476
19.40836474686763,0.11534699161378782,29.40732784717455,54.636582586420445,0.10980205992501052,1.5816442203690642
11740126.743018918,0.10187750740388306,23.00602824098301,836.1747219691623,0.08522388815597073,0.5158610197388702
287.3359876701967,0.09399415881098647,6.727382860008733,228.61823044324524,0.08397294189980861,2.6311699330041813
186.12069460382332,0.10901332242229916,17.939956607607964,74.51862279042274,0.1016285802083326,4.551378913278477
2448.5947141450633,0.06238096903021694,8.344077487479467,43.39853189184896,0.09999576699548449,1.2371126762546396
123.32318113751549,0.11069865342487284,17.545801839516987,59.71214559530665,0.10521619260299633,2.8099452578345137
289.90394272009735,0.09700470911403081,11.492976828854609,83.6980946806728,0.1115850718302294,1.5965083918133924
395.3319646892287,0.11123736846544127,14.306605376832778,297.32514714619344,0.08585590655246386,10.561382852537148
172621.74335802486,0.05519114205898583,25.589760968597602,237.76627795603525,0.10932698071786165,1.3954943925322283
779.1205293646972,0.11843596827439734,8.807457088238298,810.1525633898125,0.1058265876497573,1.8607664212875505
44.30829052060487,0.08926097502904634,18.542225456526374,158.8657545423847,0.09344301944635638,4.245240020356051
112.01983639178238,0.09709068574509458,18.742924052809386,163.7393606327227,0.09306209934403775,4.469096774037463
74.82446686365046,0.10664095265122106,12.44636252400155,64.9144512249556,0.14350903080428934,4.84298123431051
2.8107754584351587,0.11419501676563656,8.71095860959656,58.240949251139796,0.10510752560661582,1.3274314203704485
103638.45972667533,0.06890904932115123,12.04752079345092,163.8329401570059,0.11466946161786731,1.176915214395482
649.9336234261543,0.1172876126446481,15.494126522790083,452.01119907622535,0.09525270724712684,1.4798787273846896
78.8384801809413,0.08633591862558081,23.522095166398714,5.394053645589281,0.12185373233482391,10.611052319495489
3484.7109440096265,0.10606756942851464,15.25367870486646,597.4011686377596,0.11520743815593758,2.093099266975261
173.2997510173185,0.09488344111902286,12.783738846442821,545.1056782655484,0.1000148917238104,2.231375448517845
199.43988568799102,0.10360276225446131,14.263291078466999,24.792917104635194,0.11491393449793413,6.125550005097043
4807.385413613829,0.10691146573606547,14.218850553097019,250.0004819612145,0.09977658347643364,1.2285896427372807
102801.00046786648,0.092594143705644,14.287781555702562,947.5188779862563,0.08339323904040893,1.0234588421628725
262.23687471393055,0.11111332945982202,15.109053086513766,158.15128632356908,0.09321423207435223,4.001801370361758
745.5674972137381,0.11325637213273146,18.181710167113796,326.7701152295815,0.1264508441805448,3.233950142597781
38947537.07136501,0.11795881618520959,4.468988587520114,547.0297284602578,0.11377589448310023,0.2163978706393852
63.14923341018614,0.11237349085237225,10.244047613828961,241.06934299941452,0.12274352070108704,3.05136647274533
5930.817260332605,0.06084615353277756,16.36889725775225,838.1091300274268,0.11220513637758704,3.562178293066903
91041.365963157,0.04042052012827553,4.253669077006627,53.39886484042154,0.1094118227797464,1.146996128614516
359.2291148193657,0.11405390040177041,8.123967816668156,166.44684078906403,0.10479292609566807,6.755324252017765
19883.187779063075,0.10409573956956099,8.516747789042332,175.94922507723976,0.10315771491558005,0.9751023492359607
25164.38298652855,0.051330805688419676,3.8339717590169915,566.615257576294,0.12477611184402927,2.8031389802611293
85.03200387702802,0.11686955058350343,5.096960155473623,470.5466017828605,0.11932575727768052,2.65248606813266
69.13434375237657,0.08064253272774884,8.772310234735707,126.93111427799573,0.09805051771833984,3.7619701554190894
242.43510545901768,0.11566283281889511,9.675383043437805,307.83009714804166,0.09993935841911328,3.5293225503056265
316.7154254772319,0.08333157019502466,10.422322933628296,36.50418559187534,0.07984277021011005,4.1993265629286
68.65546197384761,0.11619555005551305,10.051214987308363,121.35751503459522,0.1183590798547071,3.4762224451705057
448.1407335378053,0.1112495005055194,4.764941528116921,13.466471485433317,0.12015909659225589,5.046817330421453
155.98005977603265,0.0764115510942082,18.288197362457115,178.90551131559545,0.07483930355789381,1.439222584207867
18877.211405520713,0.036282688479602046,16.874531919617286,61.416858695166354,0.1195776096689378,6.356344859768177
1053255.8981628853,0.010994140412935907,16.80965995750731,168.41363044067094,0.09661458253094948,6.69669439556799
237.22075505132477,0.08847768612551231,8.507765717874605,397.2991648254681,0.08187757431752435,3.062300447881146
1749.816996495223,0.10122247442941992,19.678263779295307,114.41685600070315,0.11432977092717443,1.518918209066351
170873.5811205423,0.11479234899727311,9.843410517504125,303.09759254676214,0.1279920905494219,0.9043686502417616
1567.6088823372666,0.09191504671706695,14.533276258566564,215.4642222391485,0.09954936219501145,1.4939006781847963
80.97166783247582,0.07022681622695083,10.19558681878681,123.20309759033375,0.08733440553869135,1.7344558554343887
508.65454558684496,0.08983652722164093,15.687854300042854,877.1847477937245,0.1011186198284986,2.505178297345502
19893.11155668291,0.10778590052217424,22.109997116505305,139.74964558269892,0.12101028626955533,1.0611336520431864
31.7902713624895,0.1102310605733309,18.25977278501234,141.60817729917,0.1051323696298436,1.8876425913222965
336.38954481903505,0.0821628823856014,13.269548606718354,116.15292364251263,0.1194192002764872,3.243667179140684
148.84303060792718,0.1178508979186828,20.536327885665653,47.68763979508145,0.11086145092056765,3.4355339087101844
339.1628875356642,0.1114772548814143,6.607976635383297,139.33951915285883,0.12438641191421546,1.9692616009778598
8390.67216515513,0.11127791422550734,11.008031199997635,121.65415198239901,0.08836402011755537,0.8041844782130099
44.04706946208511,0.07670549263714983,6.317902027711783,40.7016992238087,0.11488758309234898,4.96179154460559
43877486.572275236,0.11781883357959577,17.939956607607964,284.09961920639677,0.09367771453081056,0.1275775755854287
315.8321506500844,0.09450894438353999,0.5551878122936049,173.11979726318776,0.09999576699548449,3.178356042957458
37.85477664852512,0.11578769695125474,14.483358761271697,124.30446981905891,0.10818790312390313,1.6839379643950725
222.8222845317627,0.08981665848290206,12.974685434407032,962.317385822558,0.08197171168524231,6.862278684368927
1169.0803663073266,0.0873710153201101,18.411203670464648,563.630787116402,0.12535434780183063,6.902970036537704
365.59697086488256,0.10307296363405252,10.313839482199663,117.36132183999774,0.08654620201255142,3.8078272961880395
105854.58624542717,0.08331517670596682,8.807457088238298,80.97852762731435,0.10081241570840997,0.6452791711362273
375.381788148895,0.11456322987323977,17.136308216576122,83.59956371392536,0.08811966686990078,9.475174199410326
164.06856533408518,0.09369664510294194,23.92597736204969,23.875902233205466,0.07928008664331943,2.434835131788576
9.764206631811927,0.09747683744828575,23.694273660256933,207.83972037531464,0.10311690233288735,7.185317067518106
3846.929365038369,0.11187832834426101,3.0684473549310773,201.027603776631,0.11250059994368135,1.3274314203704485
326.24372639920074,0.11945094711299324,12.568314677613388,890.6899215171006,0.13087225197498537,5.683354585774855
64421.91521970209,0.10465839638837687,19.128875170159702,929.3565326990865,0.11386471978955,1.5689377565102731
302.42634099878524,0.11248755790478719,11.274539795013244,117.58747481002763,0.10628907413338394,9.293311431091519
8969.800336196799,0.04360743918983698,11.994976378581129,219.56914277936784,0.09663063909335898,2.093099266975261
913641.5983780462,0.016648110384338916,18.356340732970704,163.16833180297954,0.1000148917238104,2.1948817306539135
25.030378729950208,0.08895832062553588,18.07513217194627,564.736539009899,0.09677077070406453,7.268528178954004
2441.461936033592,0.07359283869463788,14.218850553097019,182.5029533661467,0.11104165025039055,2.1417416653626624
513.8591443865985,0.11970259196675515,12.914079215451942,9.029117708658134,0.0939408451790727,5.858934118117311
32.21815333552137,0.10539489718317903,6.844199395590335,299.78313544703605,0.11804664125438703,4.6894236656549735
35.16329753824287,0.0976747275580446,14.275900247317145,326.7701152295815,0.10295095786864181,4.423791458630662
2233.6431723536507,0.11332302712593566,17.874948648170093,253.5475488492348,0.109183353143195,1.526755011071284
141.1785426376402,0.11374597976744198,15.790842989001433,480.53436447718434,0.12888386275958652,7.352770260545071
457.4388190732717,0.06084615353277756,20.140838978448713,24.67160318829559,0.10846994197048963,3.4886993377512923
75059.69451578181,0.05598327847392325,10.536977058835625,845.9155888812331,0.09781193458441273,1.5064564080627427
37.9881187688677,0.0876799812839713,4.312512145328501,178.3951226417796,0.11623707922524193,4.815661351883037
2.6519407455449806,0.08460902403364326,13.759029216491928,137.436790384706,0.10204615198876958,3.6105123101676355
558.0021864296134,0.11690019125781814,12.26706936373505,477.0348327989465,0.13554827396208236,5.2266877411280595
319241.04922308074,0.0240119996651156,18.747514395262357,73.35926265633316,0.10151115389688835,1.6327550540170304
38.55935663140789,0.11203379561932575,13.420000000000002,99.98000000000002,0.10986851096780559,1.6594999999999995
22.9847844803326,0.09355494717898682,19.24790142150016,23.235619899109167,0.11974320787182088,3.6966877245588083
169.44175217075264,0.08333157019502466,16.581629045352546,121.87371922222792,0.08208795939117794,8.842262447194363
337.59942148637145,0.11728228400552876,13.150326234949835,142.54971849043937,0.1085641282496887,1.4697371809795765
2395.912954568496,0.04505838495311179,9.100527008696085,327.81616168034645,0.10722510090779232,5.046817330421453
54.170221541534865,0.10780952556676761,18.852187349764968,17.099393879625723,0.09553937055502718,1.034519359857816
3507198.8266635025,0.09686140356467492,18.747251789880192,443.711079543172,0.08232369028888051,0.5265795420286352
42569911.16510104,0.08796603250783958,17.575845222509983,176.95717411186672,0.08090750445818021,0.19714140981017714
120.8864620504039,0.11854649226582813,19.962093313912135,25.49155446511662,0.11605005271993447,1.9146347628695546
86594.03367632412,0.07323737652742325,9.497922282065622,188.77321987652186,0.13699447693986716,1.7359030266934852
4675809.75833503,0.09247145728898822,14.666553363171875,366.48895947866055,0.1279920905494219,0.5049230809514569
284.18035594189735,0.11035014458380799,17.313878158985617,656.2078051024513,0.08731310304174597,8.252185448224731
835539.5851705074,0.10373572723836391,20.971930010632907,418.76454669682414,0.09652903545874988,0.672443000311139
58687.26400023284,0.1192134730897825,8.708999073054573,284.88346067626446,0.10343401910028995,0.870744766056081
28.74805729111238,0.08725819744461241,8.27305290404277,411.5054534050354,0.0807727553527002,1.814872889575783
15.5489026345655,0.0930388651445307,8.172996436969765,343.1076817023502,0.09782905510061593,2.5131410407203325
69005912.15554795,0.1066844489959202,12.886318398044095,266.4591733508628,0.09714249653835533,0.0979956820207244
65.71064176369771,0.08924010351883506,18.800714205647996,157.42988816561456,0.08936580667254906,3.872643730976344
248.52417711195585,0.11534699161378782,8.731972116356237,102.12606444614028,0.10768500373981173,3.5060636830908773
27.661112454220756,0.10778617426129614,15.475720291557556,170.77936956166872,0.09065572481422132,1.438764033694019
292.5059970791549,0.1093418553060053,18.798034184427202,146.07067450663249,0.08397294189980861,4.96179154460559
33.104737161969744,0.11909230421085995,7.468319463581322,231.85869718324682,0.12145412560554111,3.8371537617980525
26.54012958381803,0.06238096903021694,14.6165665116161,5.579691730764125,0.09999576699548449,6.302215918230507
58.23688629147187,0.11268307561605573,8.57206013991911,149.18595684247884,0.1289187213087848,2.948369102682468
366.1715791106762,0.10707308551875296,8.533550780142503,93.86192834711073,0.10114359206574564,6.876824698691097
66.10580788049651,0.09252257351968299,20.592367197789727,221.18244514412203,0.09552684050582175,7.656451221129084
250.82194850954187,0.10710217887830642,25.589760968597602,288.0049418321919,0.07605257995753201,6.723298793796225
1385363.0693159183,0.020234707848344427,14.942948569806191,332.46981380158365,0.10483071223583673,1.8607664212875505
156528.0642135421,0.10066717016436938,6.240616769874748,638.6597676986507,0.12067146833702028,1.4052526057179051
157.70809991897215,0.08855406946661666,12.068518191374904,23.875902233205466,0.10390700375223809,3.4424403302767135
402.9037635540031,0.11453877176352123,2.758266847585084,400.79731839979024,0.10380589591926129,4.926966738092828
17.88741897780541,0.10599662757439089,2.2316619063307073,107.75807033558306,0.10445376985713442,1.5738688315139093
95.38364497571193,0.11805993328186964,18.637597181735767,522.3460635948636,0.0984725945414043,3.4897283763555347
3972.220398146525,0.11309494206646467,19.21540352592225,827.9670464561717,0.13110748945967238,3.575738827557753
79.00710542863044,0.09037563789797659,23.522095166398714,8.277507176013842,0.11895562806301697,9.293311431091519
6907970.140012374,0.03013376434820246,14.942948569806191,534.975209855592,0.10483071223583673,1.2949069186239566
227.19542076848143,0.10619355797245345,15.350231248157368,19.934368814272602,0.11205380252735056,3.568597009678504
8.70397286785042,0.07782643498980958,9.63952856225212,181.53487044374094,0.10717562367583014,6.851777351558164
49.28109894967412,0.07801897018225276,13.890358630777342,563.4819733159309,0.06852350793396961,2.0433417947973584
177.96085633273663,0.08119946739471948,18.455932030129482,465.1014835192802,0.10122282079637647,3.6887889158107905
115.3892769692884,0.0932581211869243,13.779264833712329,154.00714072612396,0.089102682011511,2.795910170330825
14.424841656784283,0.11949543559682108,23.08472626470027,51.26956046667152,0.11883340699816983,2.2311211823638244
4878.257811008342,0.11175483634810082,28.39262237412264,478.69350249631657,0.12213430861625228,2.383791294018282
15.408743210768925,0.09953934902912905,5.016149053928981,703.2569028030855,0.11857644143712613,5.452058922487506
40244.70025236213,0.09281101655806637,10.495767643872352,271.70222388406063,0.07738691595915445,0.8251495888200866
3530858.3960501375,0.015521107506391463,17.580720695467292,75.61579930302167,0.09965287537988385,1.3348779461502254
78.400365340625,0.09031167855465697,9.403405917214211,301.71363534373273,0.0792738865885595,1.834342933300242
9.521658349214219,0.10175956622162968,14.653844441096767,284.016592503743,0.11790840694169082,5.393684434443929
619.8213827828414,0.11690019125781814,0.802356008700686,430.5151218013521,0.08198358083255991,3.71358385932246
454.23073575038455,0.11649933800340942,14.51236172665814,6.578678650001734,0.10311302937059494,2.65248606813266
274.066723830046,0.10943343185254542,13.344904394189046,153.14285091447886,0.10889214562055045,1.6594999999999995
5.204081606395061,0.11566283281889511,26.23171533538109,304.74143523032,0.08513108982691805,1.794535498000867
50383.55915394562,0.11422469499266033,10.824689356096446,125.84706567437678,0.07984277021011005,0.593221863203703
33.97664059115502,0.11767055944267357,9.984376988814493,341.04296070750985,0.11344384905240834,3.493042412404738
427.3193316749189,0.10958894505538426,14.109206971686648,366.7686232904365,0.08406346867123868,1.2570989522554825
2944.0268295616993,0.1167512250980263,9.440281389449243,236.6532397615764,0.12105012726119109,1.6591547761193715
179.48526671586404,0.09617108286682806,15.037899881724822,72.373303660072,0.12074652470669263,2.165245514978153
264.39111330597433,0.061160421534814415,12.529974491190806,103.17952222157561,0.09501944597317025,2.5397259291398866
86.92710748534637,0.10933910930956513,19.962093313912135,67.10235932211248,0.10534280661980246,3.062300447881146
31333081.34353835,0.09014387955224754,9.497922282065622,304.8335559776675,0.07113257450688173,0.31125810594685177
4091686.2223028555,0.11813076587073348,7.921715388396832,303.09759254676214,0.10206438500507797,0.34480275513010916
0.18569088387390303,0.11089678612372056,15.721760987147468,175.28577196383878,0.10844548839441305,2.4910878133109176
81.71458433885044,0.08578518882994046,4.4700502235012625,158.0791993931354,0.09405543080526016,2.1733901404475087
18.75494380942476,0.10976788482428054,17.301340160680823,118.25109098736442,0.1092848205688867,2.013330518410176
50.228238235873974,0.11225385998034845,22.109997116505305,69.87392373262992,0.08579193174997546,1.423580364048573
34.66237278359874,0.1125909872668388,21.65431876034943,947.2621237571636,0.10978053358818476,10.843481169825848
0.5949189038972809,0.0821628823856014,18.741317042637856,482.05384485106015,0.09444230237005724,5.967242197690739
291.7042745855576,0.10823610076547577,3.8328573095808878,181.23661931628214,0.10638408459186083,3.9632465235417476
240.5973959230805,0.1162371571021381,14.263657830328594,54.636582586420445,0.10354264616907816,2.857272355637853
45.29826538252304,0.10668643743249015,13.891755574842508,230.92123867470673,0.10535391452013347,2.089652389752829
2143.803119972863,0.07670549263714983,18.785878709180974,131.8037890835405,0.10430189371528098,1.7450663330665748
287.51110541681464,0.09820978281919654,17.939956607607964,40.70842756592373,0.07814279158037943,3.2328701884002413
19.269082557088296,0.11519656043756982,11.039692105650524,70.94303669516455,0.10674168846982679,1.338850145544586
751.6963698130257,0.10695027482741182,10.478186422959578,43.89647671804073,0.10094337255507782,0.8781918810927394
139.7667305812423,0.11976389923452427,8.533550780142503,18.72338068371789,0.11708820860011969,0.6730541637337097
17.973295092720658,0.07521492929014566,11.470353678352144,199.06791216648656,0.09552684050582175,4.76269820605528
24.471993627934218,0.11552275347431497,22.23023149615117,86.19189428214088,0.11627769555438372,2.0738144945678414
7097.524190824984,0.055592689125464445,8.807457088238298,36.111325487432566,0.12940685745361263,1.8377544875185023
39.13410080499369,0.10348865983187339,14.21793242207816,83.54347566657117,0.11921554524158001,6.458848188497571
37.17212232912729,0.10934157497534325,16.624673499200718,89.20813553359596,0.11681770047998416,4.366054922867185
0.15550222060614102,0.11710405583062654,15.556655434851292,173.88917063522064,0.10567807022791467,2.052963172315865
10.932732290192325,0.09396655484503613,8.71095860959656,161.1835209135932,0.09375228960351403,1.6080513630967435
108.79390238809407,0.0745277819326878,17.286503516670432,509.39865567290576,0.09271959708809505,3.3262940724903483
409.69982040248703,0.10958894505538426,14.109206971686648,80.79076602533223,0.08406346867123868,6.481015889117485
15527.192965199405,0.11287067571763011,11.459463109939744,142.90836573227028,0.10144212968373964,0.8668573626932892
35495.731969221306,0.11211568194470976,15.711127071754557,533.918215623111,0.09162192839623162,1.0351526511743696
17.94683771190637,0.10888369860717914,14.5506288477525,209.76714166014256,0.09791727426427743,1.7470630655560804
2660.7260730654425,0.09203481608342234,16.85747483912397,73.73159607011013,0.11872297696849862,1.396277388207924
358.8941443576515,0.09032029369824929,13.191918375738666,11.086686500660164,0.08384583651662139,0.601880995703616
131.6205902394747,0.10360104468340758,9.066332328458799,706.1991633090844,0.10122282079637647,4.266392623819807
43.30796254606312,0.10539489718317903,9.954098426639849,122.57417109732461,0.11148577374202888,2.930864177285564
198.3909088073798,0.10943152350468993,10.945563002281625,92.08950518529946,0.1088671878828431,4.423791458630662
91742.53222743947,0.04368905327882261,3.5020536855501394,157.12045700141078,0.1282656235573671,2.048898921795785
251.66033619243223,0.11608825312561777,20.774499617060485,358.9000745571286,0.08714186095941312,4.927984786248065
92.42625222740662,0.11570017717907669,12.724823686571476,35.10281726429855,0.11649263646656605,1.8384904266656168
83467.33812739054,0.05215896187594113,16.63939627613296,103.83767233748029,0.12045843002543558,1.5064564080627427
362.27141512949595,0.08782681658913345,6.61457137595411,3.8676647726914553,0.1022581298006642,1.3268164310304247
205899.30318735552,0.09046589457704265,14.653844441096767,566.9622402242303,0.10257017470064997,1.101743301566251
222.25469400389983,0.11690019125781814,21.88936649507121,137.3186254617732,0.0872927873310991,3.029112617344725
101.47742786975317,0.11699634184378546,18.747514395262357,91.44037018797883,0.10748789434564864,3.09415716283652
7.054718716487074,0.11705830654915442,8.36786639039524,108.9383377910525,0.10781758271774909,1.5429088427332731
300.8424063084694,0.11566283281889511,9.924122514600116,51.053367468435226,0.08447400703893504,1.4865102951010005
749.7656022002056,0.08333157019502466,7.74735803031318,578.9849763923593,0.07984277021011005,1.323672478767958
457.6257024205105,0.11768885267398677,9.188766403583767,10.00593974415716,0.116682247290646,3.9221712234920645
414.0415803938654,0.08724917215543442,10.86173558533021,91.157295935962,0.1173093255866676,2.0542975062177327
15.743829198690758,0.0874669570840975,12.34769461304846,156.54976909401006,0.10316531820209754,3.844087763886981
167798471.72864723,0.014299278847082597,19.94976770012393,72.373303660072,0.12074652470669263,0.7126930214225426
289.949115390472,0.10318854534144112,11.12327325663891,257.576712981444,0.08090750445818021,2.5397259291398866
4233.931628089898,0.11596616133456797,0.30799760133980136,276.823342210796,0.08999494009386252,1.0252150399445021
29.458502303855965,0.08652036294512522,11.955422928527785,36.62934921472987,0.11551695621622435,1.8677730556770076
38.641431458649016,0.09342086151720143,7.921715388396832,90.71931531433319,0.07960301375429793,1.0733689420697434
1.8264409644335782,0.08931295481748563,16.596945878213536,177.12644281269627,0.10844548839441305,5.203026482445189
286.27163136848964,0.11262340020245959,13.257579270336532,45.71783557748478,0.10893057054230379,6.692094209955933
53.13355662941165,0.10876180772637921,15.687854300042854,502.2463811554402,0.060024977583930994,1.1579683156390956
14542247.939904217,0.08564432532432424,18.013002043122675,339.6302377680939,0.08579193174997546,0.39934121602315464
204804.8649606067,0.03588860570939692,9.046562835436474,483.460307451001,0.10978053358818476,1.8876425913222965
59141513.59149314,0.11344825479684667,17.59654482647496,527.2834138481219,0.09714249653835533,0.2229219845085062
27709.889412031956,0.06599531913970852,8.939406347841192,403.847589852554,0.13328763906027577,2.877013606418024
72.82756272657716,0.10151656806307727,29.40732784717455,54.636582586420445,0.09565820058049368,5.514155191758623
1377663.1139185787,0.04258821163739818,14.506033817852217,628.6090733551043,0.12912679070285632,2.0708154354315074
229.14547347166382,0.10756237974514465,10.047615316204444,180.93269664399338,0.10392213989565155,4.96179154460559
108.02680310095928,0.1094880843982298,13.928475538072746,152.50659956674963,0.10884556454271063,4.551378913278477
26145.49995556392,0.06639490894012813,16.798747991554613,129.38142794906594,0.10709835022440156,1.3105582353942093
3201.53141905354,0.07857740167661093,14.483358761271697,290.99519804124327,0.13162899936347505,4.723045861852848
4121.628279883873,0.10451203881548654,8.533550780142503,962.317385822558,0.11435957184712037,2.080338961785612
1145471.6484368886,0.09958041690930813,6.382524645066148,149.20378341012173,0.08706811559529762,0.4155494881104991
676.3980019720491,0.11118819202642277,11.642979808819963,802.2888208750921,0.10629291536719443,2.0558205620292274
12.628040216084727,0.11575422147210498,26.935842290601258,48.364378531997716,0.11429677248399119,2.2766780369060156
33.83378951198574,0.08106394947915102,18.63676434181815,83.59956371392536,0.07220660562592529,1.7450222305454721
7.7207294821077905,0.11680404767854263,20.15077547215484,313.09483403569703,0.10051723525207845,2.146329729171318
5.178490870518095,0.06605058382206039,4.935185096269004,75.58073023618772,0.1004043983974625,2.5366861490918766
301.66565667262364,0.11419501676563656,9.153318869247801,58.240949251139796,0.10510752560661582,3.1156090101764224
189.93180811178644,0.09326828483932176,11.065684815008124,24.58691820953328,0.1111963566884041,5.683354585774855
37844.53899169338,0.11271946943681735,19.128875170159702,148.6560846338116,0.10096576311079487,0.7607297011599137
12336.44806469822,0.0376788025438394,14.467871413466149,213.72883095287466,0.10239289899458696,3.331419265573724
20.04602276903506,0.10562201329515665,13.626711713302141,153.7378222491165,0.11341757784072395,3.9129714634533643
2.1308413453258255,0.11421002045935363,17.445667166668375,124.72069989926945,0.10747284164189617,1.9777634228696312
0.5167032594812404,0.07782643498980958,18.07513217194627,89.00295152115928,0.10160873440840398,6.851777351558164
224.880866253553,0.10691146573606547,13.139443159610135,207.13990901334995,0.08868023938255115,2.7805089976275585
173795.26379679336,0.09738056130882465,23.568266894346927,341.4305479920962,0.11740994776568656,1.076804629649562
17.094853597255504,0.10539489718317903,9.152970536023986,195.80567891031552,0.10589911933238363,1.9526409795839168
96.61134751727428,0.07845993620105442,7.843636588035902,610.1905365237949,0.09110482288413702,4.423791458630662
1650738.37295285,0.011595088799242474,17.16077572709233,68.03007415193662,0.09695936631820243,2.506248800117729
190.4102758163228,0.0968235235149066,14.738533061726482,533.210068070249,0.09302872239352525,7.352770260545071
15.1328758448706,0.11928452185573303,8.727997050128653,182.01429266377875,0.1285200176074454,5.184421319236129
1026.7790374322876,0.040253978704053395,10.536977058835625,3.2037020745224822,0.11669550829661345,1.5064564080627427
2658.231318694502,0.07981483223243364,7.51606568822182,919.5079332404978,0.08125979264143732,1.3268164310304247
21259.53443547077,0.11069931979054674,8.357654358957484,26.344831122566518,0.10675976453005681,0.37906484281073105
410.0269148306495,0.08544924613721305,11.66324931786104,132.30739030745207,0.06184947469572641,8.228316242985871
334807378.79452693,0.011132532325441487,18.747514395262357,109.44678653634998,0.1293374959096512,1.048457648585492
1048929.4470416852,0.05410263676197518,22.432669696810095,499.1485848087444,0.1254180474940912,1.6594999999999995
288703.3579786573,0.07185840014007183,8.80362439923828,88.77723011283712,0.11102918565232298,0.6597084126193691
3783.881185157743,0.08275331691038201,13.012023252173156,54.90571500678328,0.13389054592946903,1.644647860784712
2.613218724922915,0.11045896056805393,9.765910129838893,277.0200421514295,0.12129758450025847,3.9221712234920645
13937.110485466637,0.09450888747354529,18.99530848927986,564.0281097860086,0.1448146124342058,5.046817330421453
3.639663990210701,0.11995544037147354,7.6648134585165515,340.82790463669454,0.12105012726119109,3.5684597733091996
9891.463591349337,0.08322422704421462,15.917833090869578,233.56525982912189,0.12074652470669263,1.933525847126786
286.2022324605764,0.08603562011342585,4.06498781281481,279.7919014374198,0.08613385634124074,3.017710678279947
142.59728821340707,0.10876520729881331,11.952650164073962,23.58616736348654,0.10941041048455889,0.8400754280396123
276.85990973729514,0.10352971915818665,14.212454299164824,171.59657856443175,0.09043748644136737,5.340459177776845
118.7179625183843,0.11029182744474562,8.647447475346384,271.2023642977146,0.1279920905494219,3.6236675443002238
99.33128946204286,0.11300327216338367,15.721760987147468,175.28577196383878,0.10865995077104737,4.523222885253043
18413.849154766824,0.01659811935466972,7.118014750957642,48.96842487952739,0.073050579061674,10.67849536823869
8.085892163118775,0.10876180772637921,13.299787093309774,118.25109098736442,0.12080959511579478,4.094771233399204
115.52681354662286,0.11018209257347256,22.109997116505305,339.6302377680939,0.09190758361597093,3.8058545999756412
2775165.4218011824,0.03382824883456467,8.172996436969765,893.1016895506768,0.1367133826551366,2.617744063541731
144.4117783296643,0.09648095271377195,0.8545555095286073,330.4901998882177,0.11594091150442615,3.871594801196612
28.440730769991077,0.10631173115886851,11.218520965128942,593.3925615995403,0.10718382694394367,3.9632465235417476
199.23400599883234,0.11534699161378782,25.263793648967336,130.4759486810296,0.12438641191421546,2.857272355637853
6455938.712261494,0.1140778554177251,18.65464389057091,121.65415198239901,0.08043455074430492,0.1978468670450031
0.9742913122848395,0.07907825611366069,18.101172840663892,219.69550971792683,0.09341960874960031,4.96179154460559
398.5551787311955,0.06634602047416968,18.403279470767156,170.98173612805056,0.10202232180367196,4.551378913278477
25.10965777997794,0.08468376891349755,15.537429339998974,37.720523909913084,0.08728926944429274,1.6172808842078705
296.90811423812556,0.11583980252000342,22.4569314607347,239.75954132299074,0.08391875541113364,6.841176180807052
3272.6242638587323,0.08845493878767798,8.533550780142503,962.317385822558,0.11708820860011969,2.5640203137814477
50.8345368683145,0.07521492929014566,14.116941257339617,56.789663350587546,0.09552684050582175,7.226627380688836
286.97521258844444,0.08010083295352996,21.156273736350922,0.2695058381116837,0.10112027356987453,5.825790512878494
7015205749.309202,0.023620426388534517,8.807457088238298,188.38760324741884,0.07081741531081043,0.2660409664355736
8.757841281931011,0.11803501911418002,11.059023437524822,83.59956371392536,0.12147427310923614,1.91301330386921
229.42212403534,0.08855406946661666,13.601048320177814,80.51802896753804,0.08764840270718902,9.139426217731486
1.148627106971034,0.09895522943476119,23.80815192817244,107.46005211127317,0.10534258927666566,3.1854579437241797
15366.042846277225,0.11419501676563656,22.960076950280513,977.9505832872766,0.09519542182451468,1.3274314203704485
57.362986444466785,0.10193380248690331,7.034258157346974,509.39865567290576,0.09798517882478691,2.582249275470321
3781730.632693518,0.11872014024664634,19.128875170159702,261.5431181349542,0.09698557016189063,0.32748395388779006
117.97711999920168,0.10037561420196187,23.522095166398714,54.31475919889209,0.11618724193175295,1.899920113572695
966186.2556662662,0.10606756942851464,25.876722245925162,611.4372633676784,0.09597402163908733,0.7382075128496153
73.41029838015793,0.0891682870286073,6.8372763992129375,409.89080450148873,0.1000148917238104,3.6581891958622332
224.7735611195708,0.10784421564197619,3.7593191589329145,213.02155048764644,0.11657054527662591,6.851777351558164
33.65137906348501,0.11143574975904408,26.126866000424695,170.66317029511873,0.09668356953516807,2.8823850697366815
2658.938615501532,0.10932702272071748,16.891504827866203,341.4305479920962,0.14353661378623156,5.603228280973692
5055.350084707145,0.10539489718317903,6.879375234625776,325.8796703852028,0.1541075154591633,5.712104526437161
50.97003318153802,0.1033439660913677,23.988347124292137,326.7701152295815,0.09624790531307412,5.204298505111051
354.38413689601936,0.10909176452381383,4.88474605988568,109.27114721176605,0.10057362497933833,3.305939020986281
10.121124781604127,0.09265185706514717,6.509809098595115,468.51183611551863,0.123896562101715,7.352770260545071
3379.882002648278,0.09883471830402182,17.719740329737142,691.700701615842,0.10971260682920331,2.0766943937396656
7562.490952648117,0.08747671781305856,24.724504749256575,344.47265562540474,0.09965287537988385,1.5064564080627427
1.9343296939103412,0.11046021260265228,18.710329967257756,97.2732980864983,0.12260811032074903,5.000649639386169
5.877013152272427,0.08699370825626833,5.154295839265748,148.6310046037499,0.12065351833362943,4.6369227253220044
106498.73958137207,0.018098740252082357,3.2611844061583586,956.6407225042849,0.12040447106925381,9.472749882559519
2507.8188290471353,0.08146187351171005,18.20742765279276,105.71658091139068,0.1279875756275105,2.65248606813266
1189149.7532654789,0.11400000000000002,15.229914531570172,103.20319342971794,0.0877599172173088,0.2914446078188089
41124385.97280655,0.0574185878704375,15.796772134424463,605.6580126260146,0.11974320787182088,0.6720158671815479
160133933.25900084,0.023420980312822456,21.54827459317098,688.5807138880798,0.10868428422296254,1.0992646794954704
490.7445482785449,0.11728228400552876,9.034346396923226,213.25400423246833,0.0700916255774914,2.1854355195349804
138.10724125822762,0.11238586517341147,14.841791158595885,83.7357248520903,0.11287747756878502,5.046817330421453
285.3269798122325,0.11283223526857315,17.710868688466647,263.18879115450324,0.08408229579293944,3.844087763886981
2817.319657816665,0.11202502300536284,28.30648823437363,72.373303660072,0.12074652470669263,1.1253495309049661
19.76285161453106,0.0657307598688335,15.573523976293584,168.41363044067094,0.08090750445818021,7.323176724442174
2.3308493292226755,0.07806673469233916,8.712531230563602,227.01285082824052,0.10534280661980246,4.500616747107149
2.1800746048603283,0.10352971915818665,16.119395165543644,63.438047034429246,0.11551695621622435,2.5219337975224994
295.18004927997436,0.11479234899727311,4.745586696580341,235.52803175717418,0.1135674971892685,6.832176330929988
0.20776512327156543,0.11089678612372056,25.66338795906738,65.66257114369313,0.10050244509051431,1.6250224508176627
60654932.99958185,0.05194684452051163,21.78763151806141,418.76454669682414,0.1041027871104962,0.5393430870446689
4013517.107764481,0.10876180772637921,15.687854300042854,79.11107461338787,0.1052983463622641,0.10222849056722705
1182883.1472283253,0.01571204882376502,22.711417720260414,262.1583306947842,0.08579193174997546,1.814872889575783
318.38843744612944,0.1125909872668388,1.1722160041204468,529.5212901823286,0.10978053358818476,1.8876425913222965
325.31825136357384,0.11120877510003592,15.0248712771646,260.99762049057415,0.08345390811806225,3.871594801196612
1528897.39338462,0.10537264509697886,23.77347423497644,227.28768374738593,0.1208255359550229,0.437970434832045
393586.29663242283,0.11868119672883343,7.569753854843981,130.43922486320503,0.10469344627020705,0.40505015973438674
269.25530936593054,0.11966886039609873,15.08277786043947,121.65415198239901,0.10535391452013347,6.4910038905557474
2183504.005851421,0.07670549263714983,24.585436221552357,327.47353988265263,0.10307331600522393,0.6890653763612562
101.31198708901664,0.11462292928008244,14.806878132546142,284.09961920639677,0.11377789648722657,8.70715235326662
468.6234818141668,0.06238096903021694,15.095779277887623,19.01403997148077,0.12686589007067245,3.978587647382599
43.436649883087085,0.11271261864176692,22.308864642053383,223.45472863237717,0.10672176641105972,2.367492776891487
38901.84289696244,0.046442729098022634,12.831791102574414,962.317385822558,0.13483395701834072,6.876824698691097
74695.14559209466,0.07521492929014566,7.773803672329004,854.6026011784684,0.09552684050582175,1.2920471468502566
258.93654581183256,0.042841405339236624,5.683545473300656,802.2888208750921,0.08654620201255142,4.254369928372279
221.3323833842764,0.11843596827439734,8.807457088238298,304.13461433827933,0.10081241570840997,3.0800185204241908
961000111452.9784,0.015104268547990699,28.69261323437066,557.5537434316576,0.10279511066667787,0.08806143687042933
123.60187956525903,0.09915686116310832,13.233166373476582,23.875902233205466,0.11202603055446209,2.3796102030273434
3.044664849348197,0.1114229006796233,25.930293805754253,169.24813636120928,0.10643583675186029,2.847935167830639
224.7417264076866,0.08962101318234852,9.103460648073039,58.240949251139796,0.07993700908964604,1.8154256979858197
19513.380175165505,0.025272583838764705,14.187304389759868,98.37007830633405,0.09271959708809505,7.075697314949487
115.39103974774468,0.11868181862334143,22.777551674038314,80.79076602533223,0.09590179907245708,2.142721158968935
43.72493145513677,0.09037563789797659,12.619608288903038,655.8546556226607,0.10239289899458696,6.776090965616424
27208.407117165516,0.09729141383179335,9.544553945639114,586.4188370543194,0.12144795575741886,1.8201424782896858
269.000143785391,0.09488344111902286,14.019675277878783,209.76714166014256,0.08526124637915619,11.06725252656039
1829989.4434102841,0.05370546805102015,12.365503028586465,246.68672034823857,0.12279990359717044,1.0523426188780736
254.63042306270344,0.11704791926812722,24.793389579756138,110.85565761042693,0.09081242740104689,9.325019024527911
6999.526235862332,0.10041307378290358,3.8174714577141238,967.8304636533926,0.15344739868788146,8.209458525034897
21.80472520302878,0.10539489718317903,14.255475758982431,85.33184693333635,0.1222088463095106,5.9513018578719
3.0154948853657424,0.1033439660913677,10.392967914635069,851.740423943998,0.11549335517143748,5.957258502798719
7145.3478619494035,0.11280751379442946,17.31169245355784,157.12045700141078,0.12020703428996797,1.294682355694551
2228.223813009191,0.05928984903329802,16.20243144227626,132.026446683995,0.12274352070108704,10.156156666768288
679.9532984039538,0.0534364809421315,22.828002604177072,691.700701615842,0.05825982261563392,1.7949122240400488
504.4154126255645,0.06200113663274624,3.48813513928528,57.75107321340545,0.09965287537988385,1.5064564080627427
153.6139029555644,0.09866607189777907,6.483330279654281,49.0840640166507,0.11744468431638282,4.036774983856319
8.310214414508653,0.08990376413256321,14.653844441096767,191.04306756828112,0.11194825483734122,4.985549024148135
931602.9174455525,0.08779367390974334,9.24638366990881,418.17965686729343,0.08609683165682477,0.7019526833679333
85.84494098316577,0.07230506887252253,7.9439968345014975,141.79451493794528,0.08313887553029695,2.65248606813266
483.2693109848618,0.1143216366571696,13.420000000000002,498.90589565465376,0.07475860662384096,10.873369573213548
164341990.37328947,0.10283900965750584,9.50415823307268,182.3119448000399,0.0795321860819074,0.011694770935717358
331.689334682538,0.11057839248014459,20.271049653720937,36.50418559187534,0.08783154370957216,8.609977851598387
0.42395718605895305,0.11566289493365767,18.71422698114179,460.33510072328284,0.1183590798547071,6.951763365888736
2.4342241711282764,0.08724917215543442,14.735890842308411,442.51911999785426,0.08479833134486911,2.2701072560960744
3.870643868814029,0.10597430247085877,17.0127316627382,160.10740802021718,0.12105012726119109,10.777339054077098
1336.914260087352,0.04518396297489592,16.874531919617286,170.71332786915366,0.09246875872795321,11.094099878362906
37.44433840341396,0.061160421534814415,9.986658341494472,400.4442096989949,0.08090750445818021,6.003328719756853
177.084827187347,0.10876520729881331,14.804436995444206,951.5032855218983,0.09404265831891226,4.511519309004392
287.62653071281716,0.11399701403802678,9.497922282065622,4.450787040621378,0.10496094901905939,0.7319209983017778
70.84818857632497,0.11699368449694394,24.59101112836911,478.86620300293816,0.09106488151346276,2.925822242831373
138627.65280780563,0.0614116202046196,15.721760987147468,329.03161352613745,0.10739162212712272,1.3649250472347232
5476.4241135141,0.0777589025103032,9.792453286186454,366.0321179434997,0.10603614233383148,1.7344558554343887
2951626.4991866625,0.02493255857956022,18.457338884384015,106.01603943163639,0.1291875631266463,1.6167794617173685
363.69849904627506,0.09710777761157985,9.258123641706453,339.6302377680939,0.08579193174997546,7.8681051727852935
29303.225437083238,0.10347050685576273,11.890660702803455,79.33667095163423,0.13416639117013185,0.7824433938334963
80.66265326992041,0.11870377254196382,22.39584736241789,839.2780704474503,0.11271394696338505,3.871594801196612
108.66138794466886,0.11772407894887324,13.684748947942653,87.80533103581905,0.11717941281692817,3.9632465235417476
424.73891118651284,0.09039036163842505,5.610517960178102,54.636582586420445,0.08811860444526157,4.688833644806512
0.12564741456058204,0.11092651171606824,21.44683258543195,118.76944825130255,0.10535391452013347,2.202843214972539
303.9070574581376,0.11293714004709116,17.732644333499366,10.642670232068838,0.11818438043951635,4.820301833381248
314.1918097084809,0.06634602047416968,2.2489888716308943,645.3263702827084,0.07814279158037943,4.459662020828507
106.34461790151272,0.07847320827088977,6.5509742929671795,249.4102493416922,0.09999576699548449,6.03545248521219
432.65255490857965,0.1190254091991334,14.483358761271697,86.03528395463388,0.082472553587226,3.746246247955756
201591.9359262602,0.018295965918825693,13.302325378711847,53.73859716018438,0.11708820860011969,6.876824698691097
54403.626818643286,0.061046554478117514,10.5857754351372,221.18244514412203,0.11468518314781281,1.5668532866776186
309.33890938634715,0.08080073108268697,11.626171686503158,513.252447867008,0.07226709007282231,9.744721210225563
1222.0788467056966,0.1166562550818617,8.807457088238298,332.46981380158365,0.12042480635636296,2.0223835152481735
400.1804307116904,0.08926097502904634,14.354278702324391,83.59956371392536,0.09610452773864583,1.324690999749813
164.23168907850533,0.07333673220523577,17.87403368444838,693.336991477857,0.1061126365465619,10.753117319112555
0.33015750626486606,0.07694873476468053,13.063124258040972,204.70514294863028,0.07462205187740717,1.62427084027596
345.9981915626446,0.10552792609931877,4.392079744645498,122.9521233195369,0.10510752560661582,4.842359198181567
89.76302213199504,0.0960164428683319,11.603897658183653,37.476305775656954,0.11891870169179329,5.683354585774855
0.40615861452787716,0.1057013801992788,11.639026662573986,96.81416017540153,0.12193331220819548,3.0032121715661066
16045.641221732112,0.064185132168284,23.522095166398714,878.0352684108793,0.12145645387393365,3.9886423163534657
314.3281309186618,0.09152775432292906,15.711127071754557,690.9724013653338,0.06772104273129823,4.839610963239863
13133.103600420356,0.050696905696140486,21.544236460146664,209.76714166014256,0.09377562306299886,1.7741685717452063
142.56398348006175,0.08932261089269788,16.506441321153105,763.3403972809972,0.08359620622117164,6.851777351558164
19.367033481588408,0.11610010087637085,24.800604298220776,226.3060812625219,0.11104165025039055,5.799987693205953
98.67701778354711,0.07842531632353064,10.48938210746163,54.83795603226736,0.10122282079637647,8.76493454713202
35.04766476485369,0.10539489718317903,3.34148471581104,359.6770267184535,0.1222088463095106,4.5338909703443715
105.71161825234162,0.09561980637495023,21.68310030894158,251.34533432385408,0.08854354612606632,6.574057521002052
5256.634655042737,0.10909176452381383,17.31169245355784,157.12045700141078,0.109183353143195,1.2066916065410451
30.367027442294003,0.09174140786158276,15.781612528812815,121.3628473617236,0.10772015294234727,7.352770260545071
8378.205291666894,0.11290628799897807,16.36889725775225,227.9576207538242,0.13654944394228938,2.0220039834795074
8091.033963838294,0.11888461937747917,3.045401706435877,523.3648865809105,0.1224150085881222,1.795904346085626
3865880.3754102024,0.10297208584176998,22.406379283538854,185.47105491933615,0.07404520334348544,0.34458340472014726
80.40329213165825,0.09046589457704265,4.794716881829602,149.81644035219188,0.10934733108787754,3.6105123101676355
55001.29658256982,0.11690019125781814,14.73071804606401,409.5685658867226,0.09840925363933561,0.9662429981997009
308927.0173797526,0.07658875226978121,17.65973071512892,377.7625030971923,0.12961701926294,1.5063488487813084
326840.2327223045,0.11400000000000002,9.725303415621351,229.0381907389097,0.105,0.5954726221497975
8718304973.534683,0.03508284146323207,15.478827577606028,203.0957355726186,0.09472859303994466,0.028014947812053492
0.7736171644783942,0.10587860291606044,14.996334160096993,59.89615664146038,0.09824674092170399,1.4053199121976032
6.131176823037916,0.11312941480532432,12.618862561756043,76.33058950281867,0.10244647868104681,1.3691471600265883
187.23318067481836,0.08724917215543442,10.309761884728063,13.38553613787684,0.1144840615261695,5.046817330421453
245707.68346006583,0.10597430247085877,8.929674974047064,76.12425662943502,0.09711459825305452,0.3976014284866807
1359.0140034224073,0.09617108286682806,24.57831888550554,57.728371305390624,0.12074652470669263,1.4745202543379534
602.5189700147689,0.11593540718077132,14.13210115518791,0.12978382832790203,0.08090750445818021,0.9130526485611092
1922.0963225739376,0.0889357552601992,0.6093519862774173,227.01285082824052,0.07076857432163738,0.9107908149838009
1.1912667889606738,0.10352971915818665,11.76934382015124,205.8016606699038,0.10621292696359946,2.5219337975224994
401.1064354121162,0.07618157973689878,7.921715388396832,988.6311192734747,0.11749340037892306,5.066909568432701
238464.22744968248,0.11489113526028732,10.025011222496492,149.7914905548057,0.08894112148760899,0.502255852243457
320.19277107261365,0.09096408757538672,10.19558681878681,598.5245955801435,0.07976763771178735,6.252143782688156
211292252.71921498,0.0361534720365569,13.877604618908777,279.03011443882895,0.1013188107105953,0.4735751923929481
819.3537691393426,0.11192077869421552,22.109997116505305,74.10693210990024,0.0944216169500045,0.9823659816390133
565.9999659519482,0.11240564672768372,4.780079933321716,4.075844487315237,0.10978053358818476,1.8876425913222965
118.64003197552438,0.0821628823856014,12.050179393449172,214.9364608169925,0.09714249653835533,11.740923941749507
30496.234369263846,0.08720904437581652,18.165115207456548,415.0626579995146,0.12909382105628814,2.174141944173785
7.494889841525648,0.11859942972048557,29.40732784717455,68.29391501426949,0.11460238176349495,2.857272355637853
46232.760448698515,0.03454341861244862,16.11025088907164,3.4572065522530124,0.10335587903732019,0.48772459877749075
290.7847971116782,0.07670549263714983,5.100223915247756,446.5865707604115,0.08397294189980861,4.96179154460559
274.0985364461824,0.11643779085729267,22.844272907248374,284.09961920639677,0.07814279158037943,3.4170970582825975
352.45967010707324,0.11465283243298491,5.46304026557606,129.38142794906594,0.1049925931022544,3.978587647382599
214.09624674141696,0.10932818819842438,18.88022590519064,970.4390271609102,0.0899045589176233,7.000272269115346
482.80487533281007,0.11642961447306008,8.533550780142503,962.317385822558,0.0868762262617874,7.157442066665515
255.12872647257024,0.11022850590765948,18.411203670464648,86.8004300114348,0.09552684050582175,7.226627380688836
355.8608668216446,0.08080073108268697,25.589760968597602,101.94885511769667,0.10746329198718643,3.353585358967219
21.46910199107078,0.07000933259894813,7.989408418888595,27.526273645508866,0.1139811039427417,9.504825915610645
159.26694991772277,0.08926097502904634,14.354278702324391,67.72610190723526,0.08988358890126244,3.45363669616352
57.31637262646953,0.08855406946661666,13.749598865371974,149.5458985006063,0.09041538864986981,2.7020721295007983
3.565666366087791,0.1131292322723861,16.619574260802032,221.67998320344128,0.08940228475043402,1.62427084027596
631.583172114869,0.11419501676563656,11.78675171869043,0.0440059790900591,0.10382097319927971,1.3274314203704485
151.3831443333285,0.0957741421782986,12.767249303047208,652.011227935815,0.08867951301511051,3.741287771659491
1.3886850176103889,0.10795676251752334,8.63389532954793,384.9375262149224,0.12198125908676272,4.84935263279637
14.223757799969817,0.10463390727160947,23.522095166398714,191.72212082661474,0.08920405220836616,2.1714655198812545
18.74861299460884,0.1039364494085443,14.477240001773021,446.2366459008578,0.11478944842602835,4.391096166620062
15.996166190660421,0.10384077271621553,15.430321153564371,252.15614520672102,0.09173897336076303,2.0644559226731887
252.18385896198393,0.10846406184864574,14.334679946721195,786.6568223623029,0.09616469444188755,9.381967012735853
81.71435632600378,0.11201669925291305,14.218850553097019,978.9615221135931,0.11141374047010155,9.851010026392478
22.3224282087064,0.11317495412445591,21.25195169526439,318.71330119717857,0.11830281317046815,5.188861917445935
470.7062154420138,0.10539489718317903,6.047466790513676,151.54735328859925,0.086214369270984,4.001801370361758
187.15754788543273,0.1033439660913677,10.392967914635069,154.27291469926962,0.10765634844766114,6.750237746226995
75.9328236836155,0.10909176452381383,9.476022230787411,157.12045700141078,0.08345970026266503,1.4352108957996261
228.68332085847067,0.11608825312561777,19.74106516488546,553.8363764854497,0.092458763652815,6.7765638635039815
10175.1350254364,0.06084615353277756,12.99186876178163,115.78575150803056,0.1189822815128328,2.0220039834795074
156.5472830271895,0.10041157390709171,10.536977058835625,283.18095261979727,0.0920164419606049,1.5064564080627427
68.73848151708475,0.1121567148215138,26.734295860307633,10.148961394589321,0.1072246796008923,1.0014781772553683
41496719.95197408,0.06928507052286786,11.61955250984002,325.0281185386449,0.10239615194236873,0.3684884083856499
6374.75286868243,0.11150003791319818,23.113198545888903,357.40622197003114,0.13375741135116423,2.6800286507709843
139.34600861428265,0.09009854563407446,14.388951719006233,206.82581046330995,0.0808742185330239,2.65248606813266
40189.335608976806,0.10519106816357762,13.676563860010212,422.6929576401708,0.10356828937444526,1.161201341410882
127.55636156749162,0.11566283281889511,7.73327261209818,51.053367468435226,0.11974320787182088,2.4027701396394985
44615.98124031395,0.10587860291606044,21.448460252541118,832.0648881068537,0.10589917999377392,1.4053199121976032
57.25789778557936,0.08861504333532161,7.8237997486489625,106.07180707763786,0.10209781558029789,2.738999511991575
1.6217001209416415,0.08724917215543442,12.59325584613709,447.5415857042454,0.10879469138396106,7.531996306648022
1.6208238462482845,0.08888735420372676,15.67811767010716,212.89179061338461,0.08569481399772483,1.9968899759316407
92.06201591403679,0.11200579032090599,12.935219748097513,83.9041250339726,0.11987586010505297,5.508989193114456
2551513686.1437964,0.03217106794692294,16.549419739517397,157.94507696031377,0.08090750445818021,0.195439006872423
68.16747449349414,0.10876520729881331,13.754867055922075,227.01285082824052,0.09903213528386004,2.6500947895710825
643.547060793835,0.10872049844416704,16.301163282592807,438.79558047235935,0.11401087056088811,2.4344494137604245
73683.43691423644,0.11336950619218669,2.0925542059770414,303.09759254676214,0.09444836472950255,0.8221941871400968
98.81633429907603,0.09724000880430433,15.721760987147468,503.5564972219463,0.09741519289924613,6.103949184915214
113.08907528116374,0.10350343134724381,18.642256366042858,228.9560745428957,0.09354823424692713,1.6457911961187266
21.760479571486652,0.0896166708670219,14.63405307196026,159.53551633864328,0.1052983463622641,2.7871294642258513
42.23057183302876,0.11560494399442259,22.109997116505305,524.7651163702909,0.11366974173732598,4.0954934290554625
76.35418106334407,0.1127097504777339,12.73801260591068,513.1629227223328,0.10147531103584766,3.276295646905732
1220.8930310483956,0.06296857665472363,11.621459540466192,122.38080626194903,0.1180826820981437,3.871594801196612
21619.201462872952,0.03091074848852484,8.562952142967259,293.7529913468321,0.10918640965102847,3.9632465235417476
146.73016341472749,0.10869731617747408,4.229786216941365,175.67380492923763,0.10571529737270867,2.534965508299537
8.08886876684079,0.11410673571853672,16.11025088907164,77.13556630129892,0.10505885044214415,1.47775368534582
44.20887539142612,0.11090438540476813,10.588106969455032,358.4500259936476,0.08397294189980861,1.338421210358157
211.87739697585167,0.0914804777277827,14.372975429168946,112.84345377733001,0.0868255803708066,4.551378913278477
5.331179132457713,0.06238096903021694,5.46304026557606,129.38142794906594,0.09922042674934103,3.978587647382599
65.4433199559075,0.10802009059825371,7.588029958861549,131.2022104824149,0.1289187213087848,2.8554949442521567
89.28746918252048,0.09700470911403081,8.533550780142503,95.1402035180381,0.11676535175543433,6.876824698691097
2.21641907920584,0.10937483307182691,14.973460977067186,534.1415688513638,0.11752284744410331,7.226627380688836
268607.81804619526,0.02499371087278772,15.100538311549725,555.8588454340852,0.11435495997106909,3.24575035725193
0.1389154128216861,0.11702645423175193,15.503238909171355,172.04143653321086,0.10566111842784834,2.0431265672623304
4939738.944083955,0.1091579276218067,14.354278702324391,324.43881473550925,0.12481135727849746,0.3503479253804471
412.6199021592191,0.10871010522106943,11.371878375099165,23.875902233205466,0.09651663554364448,5.016848238572057
4.291109098457143,0.1114229006796233,12.52957655524834,64.9144512249556,0.11789738641985636,2.0640372839026355
229.29394958637732,0.11229376437893973,8.71095860959656,58.240949251139796,0.10510752560661582,2.3917201381927744
354.10289864774734,0.11684137088879709,12.881864015831638,260.4671999018101,0.09271959708809505,5.683354585774855
364.50002262407503,0.11451349210345219,13.838535441452043,96.81416017540153,0.09565053471164053,10.12389522035923
107.02238807388949,0.07075751377721078,17.23461905595856,213.72883095287466,0.09874577526019418,4.656380818837682
188.11094049955665,0.08856489215683976,15.711127071754557,67.26132365252471,0.10985439148713408,1.8430360248985398
5997.467255722203,0.10519106816357762,13.676563860010212,209.76714166014256,0.1000148917238104,1.161201341410882
192497.20439505635,0.07782643498980958,17.500868692142323,107.9719676804529,0.09616469444188755,0.6767185290628639
1524.127514946409,0.11297915896591454,13.608797472638127,55.43462737135354,0.10133742414328271,0.8495453880948087
128.9553729464143,0.11568130299477622,19.189379943927847,277.6423525234147,0.10122282079637647,4.431172311689
145691.75529049002,0.11405104646110112,16.852131681339728,289.14416968746036,0.08889348761456642,0.7011566762486705
57.39869543115654,0.10462747283780943,10.392967914635069,214.36754061007076,0.11549335517143748,5.957258502798719
74.14301267553272,0.10909176452381383,9.323780054965251,157.12045700141078,0.09569267349836691,1.8827833085243597
11.205025362725882,0.08087223865484694,15.82448643918499,468.51183611551863,0.09598147148863143,3.805279832748073
35.37521886086266,0.09078331721535743,16.36889725775225,131.2244790164163,0.0901130073870034,2.4744958771130374
663.6466918038188,0.11249159582099678,1.7981191154684844,144.36277626983951,0.09700597490733748,1.1288065015667899
666.1378061793823,0.09850622491625893,10.401258764614347,301.71363534373273,0.09483561075402983,1.4632088652131081
105.68747260760607,0.11885409217007462,14.653844441096767,325.0281185386449,0.10204615198876958,3.123705226156863
22.828579672199943,0.09141246347118186,15.173818529778584,51.437438160599186,0.11315768530565667,4.683397313725016
133.51925704414964,0.11699634184378546,10.447829973263142,38.483529452446646,0.1267778709568501,3.037241875613998
83.78972674254123,0.08965719948348841,21.774365083295248,98.71454015131661,0.08318550107755002,3.3352803777655344
13478.319071166077,0.10717286162809678,19.262793379283572,592.7891442911638,0.12673036710486899,2.2445252725712623
88.72288352807143,0.10540490487569487,14.054208990053807,145.25180393628403,0.09824674092170399,2.6221418254525664
13.586906762297708,0.10654788478062532,15.20906081443514,460.33510072328284,0.10960392637350706,4.939177432919664
695073.6947324781,0.041711654100712,7.604730809579433,568.0311583862529,0.15653610916317728,5.046817330421453
26.807540088712873,0.11908186833324726,9.440281389449243,578.4235284709933,0.10726233951461288,2.9032136743162553
355.8343848596528,0.09336609830348858,19.363977892494233,459.94905976514536,0.12074652470669263,7.160883214517558
0.40625845281417383,0.11004448442387196,16.556290056219805,146.02912881477693,0.10837133754047386,2.341889442027325
57.896815809449784,0.10014644101647817,13.277028164981633,227.01285082824052,0.11465515579343796,3.062300447881146
398.8701276082353,0.1144202563477073,7.806302216495402,45.421243068771446,0.10981798538475068,7.73594907635524
92.01562163338124,0.11479234899727311,8.884698632862426,157.79030822182017,0.12014806342585535,5.066909568432701
319616.096938394,0.01630082252017212,10.041409437906196,68.80844497848324,0.11750328593708595,4.7352220552311
9158.901427913966,0.0777589025103032,15.40143055526605,239.97674592330947,0.12756205808160767,2.536571675033053
90.98973602974849,0.10876180772637921,9.21036620377911,118.25109098736442,0.11902312417939521,5.1171621792575905
0.40625845281417383,0.11004448442387196,16.556290056219805,146.02912881477693,0.10837133754047386,2.341889442027325
115.70613826951889,0.1125909872668388,18.508341833648853,267.78173499339505,0.0985810340199289,3.709824995591296
77.89938030487065,0.10734231393745805,17.013362244988244,144.28111117136825,0.10474347454988663,3.871594801196612
321.6572840601293,0.1178508979186828,21.23950693965374,73.86452327695235,0.09123203184886913,10.416840666700422
67.9409134026958,0.08724492152920618,23.227532524182617,54.636582586420445,0.09012820223637852,8.175328058505912
560.4969210810432,0.10778617426129614,2.740953383367577,121.65415198239901,0.09020112362245347,5.577386081125644
89.31721824572983,0.09819574720298335,25.550942272031808,685.6011401278996,0.08397294189980861,8.2986649103484
263213.1672019894,0.06634602047416968,17.939956607607964,158.48404337870977,0.080412615150312,0.7318688173008816
15868468.54543605,0.03561610194095849,20.23531616474968,128.58376714108124,0.08604211166429698,0.5761162477013624
256.338627110797,0.11392551878086138,19.494931263067254,59.71214559530665,0.09036609622215164,2.8099452578345137
210.32814965988035,0.07657595933343693,10.642718674792977,466.46984594431046,0.07947991647939215,6.876824698691097
92.27990804740634,0.07521492929014566,9.786411690193086,392.8171775052721,0.09238636248132823,7.226627380688836
172.16717986898564,0.10450389093847837,25.589760968597602,404.24135988882443,0.08440338677653117,9.744721210225563
64.06328720589096,0.09297744608613286,15.503238909171355,123.32108123719587,0.10083283162249913,4.56198692724753
71.79966486291988,0.08926097502904634,14.354278702324391,342.344430697364,0.09911079144934368,8.122619003967932
15639.607725834809,0.07507341981829392,9.937430347873422,771.6371057498491,0.13996869545672241,4.610159031603415
114.09775414197232,0.1114229006796233,25.930293805754253,160.2163927936394,0.08534373526780867,2.563160821443168
63.869174312195504,0.11419501676563656,8.71095860959656,58.240949251139796,0.12400177315993707,2.6591443126634315
92.32791775096604,0.06890904932115123,5.346363480264598,509.39865567290576,0.09271959708809505,5.683354585774855
220.93953824481065,0.10136747322952716,18.669122415540876,96.81416017540153,0.08765660559782176,5.0679815595235915
38.1743153056861,0.09037563789797659,23.522095166398714,213.72883095287466,0.09438674015210086,9.293311431091519
241.30567585434244,0.10041761173120742,11.83651474193488,26.34759795016498,0.09162192839623162,1.7817395976226749
2893.972723097654,0.0721466181596458,16.62523318243924,148.31108659440093,0.12196757426991361,2.9878650509095617
378.76972580733354,0.10418047386656865,12.894653382348595,3.9088738914404644,0.12900100855588484,2.9131228161815876
1.0667203757254167,0.08700255416081122,10.446771836077847,883.61566393774,0.11104165025039055,7.520589467011909
45.03623599535567,0.1146683893923907,21.25195169526439,144.22292546069258,0.11518191560666644,7.897968436386858
3.3592358761981487,0.10899209697753781,20.42321309309991,293.1125937628114,0.08952034065624348,1.7847140179106837
39.6954969211472,0.1033439660913677,18.23096197043561,851.740423943998,0.10212528734405414,5.957258502798719
230.13357548382254,0.1123013034044395,17.31169245355784,237.61873157377102,0.1288406190476472,4.406004284580749
1005.7302428710786,0.1184824167841198,14.738533061726482,134.3945589050481,0.12274352070108704,1.6468595609161145
36620.33081014807,0.06084615353277756,17.38279111706426,139.64202843694176,0.09407049136059176,1.1265442422271956
155.00776935008776,0.10541237043131939,10.536977058835625,75.61579930302167,0.11345652781490354,5.12303608801719
221.22044595652878,0.07879324816790975,5.161132391869435,620.4330569864467,0.11174842296626407,3.1790030257808195
20215411.592530277,0.010960515035560447,0.4838881940815831,729.6929231043728,0.1316873816214082,3.202812969913325
1431225.496941083,0.043000536364824316,1.2146165924777712,106.76624888616772,0.09840925363933561,0.7587496721927938
432.9572961747865,0.11699634184378546,12.63024514169744,51.56404538716623,0.09498410227204634,11.528441008542591
72.04173134541048,0.10577137794078686,13.96144901092912,65.06736248128266,0.11590477615960164,1.6594999999999995
240.30816568148572,0.11566283281889511,13.177365795833412,51.053367468435226,0.10769166351401803,3.2217515737919697
86.77518570683937,0.10619152107879443,6.82636244512498,257.16372212243454,0.11797322911601388,2.503681045716931
18330721.831797294,0.08815893233921163,18.71422698114179,151.81747715032998,0.09695877977794698,0.20243119900110607
58.73266934466008,0.1134748589898488,23.81199471224965,769.3281938500456,0.10616389362925496,11.187244903402783
68.87446293362862,0.09968398343466481,10.3623800901008,33.120624240396694,0.12956194184534395,6.712954565410751
47.07646523125936,0.07634356676861559,16.874531919617286,72.373303660072,0.07188728124345997,1.9163131557219408
123.14492326226932,0.11377620072557522,16.556290056219805,353.3088092326899,0.10927001698554814,2.341889442027325
8110.488208406074,0.036645293124602706,23.733797308296047,227.01285082824052,0.07697097840365319,3.062300447881146
1.907377014239168,0.1127997562459434,18.76786411814051,128.00416814007207,0.10405419751266455,2.087006120834079
121.91642372939407,0.11208353996155487,7.921715388396832,47.50820016434386,0.1279920905494219,1.424683457974469
52.99692901660514,0.11089678612372056,18.845207667184315,175.28577196383878,0.10844548839441305,2.1515645839468363
389.7545547479161,0.10507778952416459,11.232640905230433,43.20366802433716,0.073050579061674,1.7344558554343887
88.47256395593973,0.09686873364374185,12.344183609904068,118.25109098736442,0.10991798043664036,2.006234753515587
7.321352701446733,0.116054618164381,18.14946888098449,122.88209073407603,0.10033083649123319,1.814872889575783
79.34866240801513,0.10416797804401873,8.172996436969765,164.81384140194933,0.10125697724535011,2.3549284253824356
0.05603654246558567,0.11559988244510648,15.0248712771646,117.24826464329334,0.10713767010382509,1.8515402926330813
3122.3525759616623,0.09500246396896235,22.844255401527867,379.765685947861,0.11717941281692817,2.471395887952737
176486.49090219638,0.0863012992551733,29.40732784717455,54.636582586420445,0.10237976308507565,0.4686232030751434
20.208214665448182,0.09604678622283432,15.324816545671435,117.22686033430438,0.10719400611578929,3.897593017454963
101.56165187079989,0.07670549263714983,5.460309104568376,180.93269664399338,0.12814434464824123,8.861947498746979
18.757109403011697,0.10718083198669122,9.463640296829738,151.06237882459004,0.11485617314362961,3.071104912880676
3305.1159427073817,0.06238096903021694,5.46304026557606,322.0243388083111,0.09999576699548449,1.7631006664605176
400.32920852525547,0.11380665031827102,14.977684157839848,59.71214559530665,0.10562568557495353,1.0637881615790903
170.39887783773204,0.11675978152093003,7.894117757926848,190.52730010800747,0.11884763978284085,6.876824698691097
16504.196131546792,0.03315095898112953,14.756803090938524,109.89202898967471,0.11150216289861417,7.151341645621551
31729.81778813756,0.08080073108268697,25.589760968597602,802.2888208750921,0.12997839711272674,3.097081652228163
211.3021755311059,0.11702645423175193,15.503238909171355,172.04143653321086,0.1024678626116816,4.456820688755849
73.15312789089634,0.08926097502904634,17.67047401523287,83.59956371392536,0.09114146393879138,1.47817947421209
278.4061094020866,0.11577296052301765,5.3105070120868625,23.875902233205466,0.12520075249888968,2.49948191112071
53028.96373753855,0.10445967485485352,6.86719769164932,930.5407638112827,0.11405329669605054,1.5670112491723671
661.823962061042,0.10177248932781509,7.555466103781492,787.7694198255427,0.12103711540660554,3.103212813080797
374.63504337095685,0.11199828441520521,6.537692186068982,185.54632597746854,0.1030778902998555,5.683354585774855
2034.8475934274743,0.11119098983644987,4.580824692959517,96.81416017540153,0.1204815721592874,1.2537104383164612
202.59508327952506,0.10311099263419603,19.594236910239896,617.0830276333475,0.08077104473863625,4.660271731293983
4996.534125719618,0.035763654915272024,8.29139795852036,73.11827498007386,0.09162192839623162,2.093099266975261
143.06439822672536,0.10584916300655203,17.445667166668375,144.96487360750837,0.12186063816418709,2.9878650509095617
295.6052545357615,0.10690092379663481,14.109026737179807,147.0654653410449,0.09616469444188755,10.480112989219142
16.31831669596223,0.10972950734012485,14.218850553097019,192.70888235750016,0.11104165025039055,3.3438431964413438
64.41076640626139,0.11421712553275766,21.25195169526439,29.8502208124616,0.1048047999876069,0.9520571715074588
266.7669875865306,0.11908546071133382,15.515156999213117,152.0653107196892,0.0978927707583643,4.001801370361758
16.854857516667483,0.09885120608360427,16.89441271618766,10.24180443373865,0.13265519372298692,1.2428421372620182
738.8180124619665,0.10909176452381383,11.05621205303802,157.12045700141078,0.12382956479951643,2.0144245685972333
761.7424305897403,0.06527071826514508,14.738533061726482,31.02509146590654,0.12274352070108704,2.7200782516432187
6385.494841504619,0.11267862899054573,13.664378408265835,42.320715124601236,0.10025918199269004,0.6110992133838051
223.62592867266204,0.10172977515668191,8.1377460514044,89.63524107197895,0.09965287537988385,2.931606920631895
1386.8998389009298,0.09180247517764259,8.378649758894177,301.71363534373273,0.07940201443362085,1.1127292313437067
343.2679313312351,0.11008257431887061,10.723467035088177,6.704073626295212,0.1041442519499058,1.1629358852051617
741.7191902929318,0.08534495019961569,13.205325468908383,340.1626837340831,0.09840925363933561,1.8542252947613642
580.0122492539742,0.08705644824496932,2.2344672763252333,470.5466017828605,0.10413070318338864,1.8648056798571133
270866062.9672585,0.027920431003907648,13.420000000000002,99.98000000000002,0.1078724573027329,0.3224289467139583
1421.6572512831883,0.06380493329566864,17.640440652721576,113.19067659769149,0.10115126553105108,2.2445252725712623
176.8050083499946,0.10947773548236726,2.1437378798352675,40.52792358777543,0.10262056654095138,1.4053199121976032
361.0325961166479,0.10310228615408557,8.68986339473426,99.36579843076362,0.09959143409459353,8.416391526200925
334.20828829366053,0.10103140236791763,6.337880421594571,160.07308942118271,0.08488476324008645,2.3815880558881135
2907.0845233129303,0.10597430247085877,10.040458602388421,50.35929070212893,0.12105012726119109,0.9241842838879339
15.907831320484172,0.06696774649218551,11.742603326339998,243.6805373899694,0.08857113642372105,5.6809391149756365
1242.3237316308225,0.11004448442387196,2.417632956218874,546.2591163083191,0.13561817776127233,3.421667939584836
126.07347172566276,0.08700980836600626,19.962093313912135,649.0336052088612,0.10342039123753108,4.392280659444606
30.10332144018153,0.10205186755455961,9.497922282065622,41.782017285832126,0.12152779956556725,2.342458314664767
37.411628170482864,0.11479234899727311,7.921715388396832,303.09759254676214,0.12174176342398677,2.9880121664149955
27.568831264435673,0.08114291421384152,15.721760987147468,175.28577196383878,0.10844548839441305,5.660432580356801
277.8184928635118,0.11038235313267816,12.065336035077584,25.182222777668073,0.09620781155870375,1.7344558554343887
630.980705517161,0.09503382932387448,6.468131896129309,118.25109098736442,0.12326697514139312,2.006234753515587
248.05550690598503,0.10778590052217424,22.109997116505305,294.8378324787414,0.06090623910620585,1.814872889575783
255.64286888772273,0.08535151844684628,8.51934710901649,77.95860740904465,0.09274861144253832,5.233613163277077
365.9070161288116,0.11559988244510648,20.75105321751353,117.24826464329334,0.07254431700467065,3.421867880999367
24.12714939041127,0.07232454572679697,6.4308222746249335,427.44563537291214,0.100059108579988,5.154343923772641
1321.4158841549793,0.06523923893131531,11.354411523722865,292.0299742865866,0.06637537621739442,1.1119900590256488
208.2631965348055,0.08071483456263322,16.11025088907164,56.77950920691535,0.061846704757987675,2.0708154354315074
8896.719530797776,0.06132681191158775,24.585436221552357,447.72073359861275,0.12246553275676746,6.476025325408105
30262.025690913466,0.0919373246458729,19.75699388907617,371.6750355398207,0.13851540364272763,2.5647185367793774
432.2118263104564,0.08957277573212102,20.38302701100189,772.8153757234038,0.09999576699548449,2.761818521533616
675.7246678161243,0.10504496813446393,21.47482762626337,394.4804692083657,0.12475412401369851,4.589636427882127
231.88376922193393,0.10226580779480673,8.533550780142503,962.317385822558,0.0809489108035128,2.422686854974607
146.03141881312416,0.10490761976394655,10.014072072603927,112.51694969167704,0.114132913079271,7.226627380688836
110.07618461019024,0.11399994605960931,19.948178524484497,497.7103848047941,0.10620197523037916,9.256840870300717
168.90954464247346,0.11702645423175193,15.503238909171355,172.04143653321086,0.10566111842784834,4.402923829216953
241.78553408289392,0.09807345773197537,14.354278702324391,403.3339331486795,0.08749491901388098,6.458848188497571
1.9999848635838413,0.08700980836600626,15.569668565182969,278.2930006862108,0.10342039123753108,4.392280659444606
74.24930416074716,0.10833368853597458,12.582540860481798,836.2958769059612,0.10636447382233803,5.441282414262028
965.2381636240647,0.0940919327399109,15.16009812855149,127.94741645537687,0.13929023420104222,5.291294174409957
364.0919064330069,0.11686417982053948,12.04752079345092,303.1221784647813,0.09271959708809505,5.683354585774855
984.3766131175278,0.08068602806489525,20.15505724353439,322.31675254410754,0.12193331220819548,8.043671592906179
18.20240884781274,0.09811184937320484,23.522095166398714,279.5449407099885,0.10239289899458696,9.293311431091519
23606.646308662843,0.11956566941642165,15.711127071754557,266.4108456824844,0.12177364021874086,1.236206370364382
84.78080712503504,0.09535843835898353,17.445667166668375,356.739346888369,0.1000148917238104,10.018442842495556
103.77964909800093,0.11512536170351095,19.339716884597706,243.62554511088098,0.10044214778213334,3.6445388822745657
350720.6333043135,0.10103009987743106,18.347128566318595,118.19832845974275,0.11104165025039055,0.4864529337523855
34641.901898100645,0.05420822293192434,21.25195169526439,341.4305479920962,0.13708871874077355,6.468603916678984
40.90553314102064,0.08556150259352632,9.152970536023986,195.80567891031552,0.10767894280711784,2.654710881979179
12.217025937945833,0.11408349706189762,12.2490892654695,393.7065549932161,0.10875890254322451,2.522341074543071
279.3769555720598,0.10463762537399757,1.6302291037299028,640.7208267030157,0.109183353143195,6.055293320199421
206.13221547666302,0.11608825312561777,23.923836320820413,10.98311745948746,0.11820231932510847,1.9643284651405413
10610.349802521334,0.05444078457544352,23.26086611861035,136.97026936135546,0.12950770805957076,11.95961945445751
251.50278225716613,0.11587811609919448,13.64159307866302,454.98119650534613,0.09963746266147225,5.604484178986099
1749.3198095771143,0.11909610907771134,16.965441945889566,301.71363534373273,0.09328718880375639,1.21477177697035
37.18480569052086,0.10535761226701412,10.984872069111272,222.57108621336738,0.10310900445116435,2.6534077232299964
32.192626947231275,0.08958088344755699,9.251036349082776,411.6209107244726,0.08311968106856782,1.9453212869811294
387.3580175548184,0.11699634184378546,18.747514395262357,65.71933049619628,0.08524587598630148,8.363387241368237
3.6827061816503637,0.10770262641381723,13.420000000000002,132.8597495722562,0.11804955983851398,2.9189884746819477
13.067296854236051,0.1004436464634981,14.749550081307456,51.053367468435226,0.12027151587354382,2.1064726010636825
11073.18626099619,0.04208232375548575,21.225364601413382,268.7936156207627,0.1014418295075271,4.000356968555864
112.03268024025162,0.11566289493365767,17.321225720787442,262.3545271975147,0.08903686549138631,2.166040652759496
6925.589061454716,0.08724917215543442,11.56153934803482,283.7184054693928,0.11287747756878502,1.7027024371972042
177.81338583459393,0.09855731670748566,3.0248765153146433,189.35347186084192,0.11398118795700304,5.2803559840644585
348.14312445792393,0.09878204608230472,16.594172383316035,406.3951345486803,0.07351992690500941,6.920585680286409
77.18207271856204,0.11321408294790064,15.270722798323668,266.14432231136163,0.10837133754047386,4.488699557360431
2002.7183075576154,0.08633422758928994,16.881294823844208,133.19318003835053,0.09931937357514564,1.3835290411602426
146.21403175844355,0.09876401829336562,10.283370081256969,211.05878243475826,0.11551695621622435,2.5219337975224994
4225.224377260047,0.11479234899727311,15.289908723287994,272.0299429964829,0.1279920905494219,2.0107175988694337
363.1809476114126,0.11089678612372056,9.805661731253288,333.7382122340716,0.12196158233299241,2.6687202954987628
1316.177490814083,0.0777589025103032,13.033489387432777,80.5858395272266,0.11196134596944571,1.7344558554343887
6.015304314452318,0.11226635681608214,13.343804603993991,196.1177700472985,0.1052983463622641,2.006234753515587
173729.56759724085,0.04015292457986814,22.109997116505305,339.6302377680939,0.12408670405531126,2.763271000817457
215208509.79115927,0.011846142428596121,8.172996436969765,135.72832578894378,0.10916294152727796,0.9691789255234848
252.48871337403364,0.1144863979874105,15.0248712771646,202.91718652494228,0.11619297897314866,2.1144220354678427
105.92347682535522,0.11804270199318724,13.572455057521351,29.206847851035945,0.1153038386420163,1.6177477392040416
0.2080747581614606,0.11534699161378782,12.553764890497144,104.13977943907224,0.12438641191421546,2.857272355637853
6.361288770366205,0.09158237267437108,18.93043950050381,136.6859072037169,0.10535391452013347,3.4521609415923247
73.69940250627896,0.10081905184688059,5.028940693309281,76.32653990397824,0.12780374293707325,5.991023219102663
1419.3086600922643,0.1185733309532644,12.377658474809769,284.09961920639677,0.10296988343069773,1.3925694304852776
0.4087984751182274,0.11567158829619983,17.26778299235798,118.61259436388838,0.10120128001903003,1.659146186968636
252394.21871616197,0.11392551878086138,12.73654691036044,978.6706539939437,0.11661843274883395,1.2926179113530631
50938.86335041003,0.020839507022479595,11.889340296525507,163.45561838102907,0.09940638457428919,6.876824698691097
58.81551955366972,0.0995134795528308,13.20615061504129,219.73843697248964,0.09552684050582175,2.673321771211658
144.2639562166466,0.11596362060587005,14.574718300296519,581.911276755546,0.09495076656661042,3.111127579767545
157483.30409469263,0.057074926202711596,9.975643176310076,192.22237403297157,0.13798779103362568,2.0431265672623304
4356.9509330013625,0.11701718660407213,9.649322260487835,83.59956371392536,0.10480241595033538,0.8509654579208323
109.13122748598283,0.08855406946661666,11.371878375099165,20.681114543327055,0.11865350008613461,9.139426217731486
216.47370726551227,0.1114229006796233,9.979220059363158,50.95578796194286,0.10705598250463362,2.550422399834513
72.94746297244896,0.11504990057548103,20.423041654537833,209.40586382589487,0.08334237262209174,1.7481950889591893
291.8251157148546,0.1065633869585805,10.731612007400019,25.130580680794367,0.11319771225966224,5.683354585774855
41.30461993993937,0.11375483555663563,15.711477642052865,96.81416017540153,0.10247293217837539,1.4283709563564244
91.6741653107829,0.09037563789797659,12.553764890497144,104.13977943907224,0.10649635433931941,9.293311431091519
213.43989951845714,0.10606756942851464,8.969510190954294,534.975209855592,0.1058428408540165,2.093099266975261
111.98035407469496,0.09896475710007721,14.457765287679965,88.14120001913057,0.10201965855255703,3.7353465476561865
240.25278017396835,0.10846952549443534,11.689098064716244,213.02155048764644,0.08958946135665088,2.699285104363612
29.63288725797326,0.11644882349566887,8.427173526110385,130.9300924660506,0.11104165025039055,1.6796011644319089
88.94717897398195,0.10618657484474461,21.25195169526439,341.4305479920962,0.1148467934123887,4.136960381022442
64.0834142003597,0.10539489718317903,11.221065499951017,311.0384662346083,0.1222088463095106,4.001801370361758
398.9479271999094,0.1060688931215403,10.392967914635069,16.92747023122729,0.09458311236266673,2.438339170380667
86.42617358823901,0.09466452713527812,14.989661628966157,159.30672421400163,0.09936798011791631,4.668386808284369
2475362.5513642984,0.05072444668938236,7.695711114537484,183.0325297687727,0.12274352070108704,0.8806608296193321
492.8175630824834,0.06084615353277756,13.317472588038857,47.44109450711045,0.05825982261563392,0.8936639897313094
11603.775830229817,0.111546857320059,6.150756419179684,978.4867087173129,0.12213266422277823,2.067029929358288
496.0788535082734,0.11909610907771134,14.377950611902147,28.123670245234223,0.07961795461578297,5.640052166356104
323.821182699641,0.10886236861638507,14.653844441096767,698.8471707176597,0.08785562092843777,10.174192135787614
83.70614045864505,0.09440819186605472,23.603362262393453,387.6997193770644,0.081111760899536,4.355658458918628
36581.11060564291,0.03979885945357588,16.36577345018889,470.5466017828605,0.10895740211267235,2.8506782925636966
236.6464822637017,0.11627647516696857,9.545655851116932,312.28342192869894,0.105,4.519858696295004
7.011882254807523,0.11566283281889511,11.510504002517791,90.57644146404635,0.11521864773561791,2.0817528478751566
151.22174881525058,0.1192018561401243,18.39923005891282,245.47145867899923,0.09824674092170399,3.3280273401537244
140879.13556995668,0.09345702904046241,15.211437573132887,532.0546671055411,0.1183590798547071,1.3905142778965223
5287175.993217235,0.1146685604062938,10.86173558533021,160.07308942118271,0.08571456741748104,0.2439868470423212
46.22659266333226,0.10597430247085877,9.440281389449243,189.35347186084192,0.11056348506842928,2.0709212761592375
2.893565538486408,0.11303087443004914,16.874531919617286,72.373303660072,0.10539616345602007,1.6676400133831795
78.48940943448761,0.09827037905096046,16.556290056219805,28.274164046210956,0.11723568545008187,4.438618042996834
4035.0281613271927,0.08374623245579912,19.962093313912135,20.08359096972407,0.11854058080325086,0.7372910427285557
12.964545987649132,0.10924846737769695,14.414313070159658,148.64192876748626,0.11556039900365424,3.7796844525945077
869.4270609136356,0.11479234899727311,7.921715388396832,96.51577617321294,0.1279920905494219,1.5748227369845464
20.688192665075476,0.1076233935743244,6.223336007317743,117.11993962460645,0.10707820689907932,1.5955230365824793
67.87545672046716,0.10207246233514936,21.661011661665878,141.85888057813668,0.10103354021554131,5.635642465873914
35.176540351683194,0.0915639058901296,18.36828236116105,285.7053210102863,0.10652595109729314,4.037898743510895
215.84980684698718,0.09581134937351597,14.01033334271859,339.6302377680939,0.08579193174997546,4.193896032998322
8315.503991997288,0.06339418333664815,8.172996436969765,67.65246988354033,0.10978053358818476,1.3334373684038638
2362.623888270409,0.08166951881175238,8.306540307451698,117.24826464329334,0.12002110487702797,1.8515402926330813
8.387072901162266,0.11400182524828123,15.714861358244356,158.374759652791,0.10502387094560488,2.2265072136590933
61.958303099362354,0.10584612272714475,12.553764890497144,104.13977943907224,0.12438641191421546,2.645928427876194
4855.108366783944,0.10778617426129614,16.11025088907164,151.77637942825936,0.13819465226066285,2.0708154354315074
297057.4387893259,0.053701699369326776,12.677102166918498,25.849229098925832,0.08397294189980861,0.47321350723039135
936.1163832759548,0.04672283311499234,22.7604026305592,288.2076920653086,0.07814279158037943,10.806654169755255
318789.2097627331,0.029419588099191804,16.05314376077973,31.970356626886883,0.125958966810581,1.3437286333639253
2148.4926656955367,0.11664290730698187,16.792559361931556,92.42697809639202,0.09823250324183239,0.9330672258363579
1003.2933723359804,0.10169143311420255,14.495851006695421,513.4529602156483,0.12620063367674694,3.904930504486575
84.0274459974043,0.11333568911008485,12.678188471641677,276.0997992494112,0.11571116639401542,7.226627380688836
135.3092290915658,0.08080073108268697,12.788442890102521,802.2888208750921,0.08654620201255142,7.070749298600814
4615.500037199163,0.10614870313254318,17.96052371086239,119.03650153045186,0.09236980949741416,0.9377242971033617
77.58946494789876,0.08926097502904634,11.2018508474014,20.42914704456217,0.12341991815691254,5.469540524533622
237.79037173341635,0.11502418506641088,14.018067737749597,133.1381918116125,0.10881587880426123,9.139426217731486
253.08773630047529,0.11633183545129458,16.060104522412278,126.40377494829647,0.1004043983974625,1.3044323558128825
111.16591900880096,0.11419501676563656,15.044542884318771,258.5070890926264,0.10193551072356638,1.746155570050398
297.157829860173,0.11876444015352502,16.889902314128047,951.993820141904,0.0948839171212692,11.655590827954022
17.229999471294015,0.11517008277357868,16.414037302451884,120.8212087597692,0.11357874335427012,2.896583562889672
98.14937698474152,0.11889351052881328,12.338604721289423,213.72883095287466,0.10239289899458696,1.5757498941451917
50.5227449401753,0.09898572595877433,16.44152429844773,408.8486874326096,0.09490800433962407,2.093099266975261
243.51532170523643,0.11962154873320768,15.525784110273923,92.22877624694178,0.09935339101331334,2.9878650509095617
5037928.942122265,0.01774880202940765,12.120261982310172,50.30612937994624,0.10882425709339003,1.0494012737183338
4.972413149894675,0.10691146573606547,11.997092049703095,182.5029533661467,0.10586207551412787,2.373035753272685
0.5096469428092135,0.10399776085522464,11.200112326358862,341.4305479920962,0.11285531928960646,3.6887889158107905
49.84796609631684,0.10559751556790291,11.204833425325175,288.5035042287419,0.1222088463095106,4.001801370361758
13064018.067812067,0.1033439660913677,10.392967914635069,851.740423943998,0.08814789669004247,0.5060269210117516
382.0209346955985,0.10909176452381383,14.4323555142833,439.2979724760543,0.06706286646562029,2.506248800117729
3.33985115362398,0.11396001064255848,13.990922899555853,78.3599776397889,0.12274352070108704,2.2771800966003792
300.75509932248224,0.11314101471885527,16.36889725775225,691.700701615842,0.05825982261563392,1.5563925590357552
79.35292395180409,0.09104958568516498,13.757318321512052,168.15577858910444,0.08833415959248717,1.5064564080627427
18.894129953167585,0.11909610907771134,7.6598247024897965,164.93912924017968,0.09743925227310613,1.5513679781560654
264475.8861103203,0.01747520948536746,14.653844441096767,147.96255711729765,0.10204615198876958,3.6105123101676355
0.39373969991635216,0.10801466012339941,20.095870261707034,39.76861067479217,0.10101918180544517,1.3170582596130664
0.8137173036706131,0.11542875477231865,18.91921952411699,470.5466017828605,0.10237241365369623,2.65248606813266
236.81592378587675,0.10966800952037362,11.038150971112227,99.98000000000002,0.105,4.333818647075704
44.65859849215295,0.11327793564642949,9.738214144490305,105.25817872524476,0.11271131856244394,2.4004714613872498
46.31041649148139,0.10587860291606044,20.06044894320848,28.937234637648316,0.09823600217929584,1.4053199121976032
44990.49373679347,0.11566289493365767,9.433427517849692,460.33510072328284,0.1111876737571771,1.2075041606154961
92262.75309180212,0.02128448542524731,10.86173558533021,142.76515994358653,0.1108934997315664,5.046817330421453
17.32125606228726,0.10597430247085877,9.440281389449243,126.67826440050254,0.09427709441311802,1.5812301498891141
60.43712621024585,0.1152707892550312,16.874531919617286,382.28865969884066,0.08832020314768449,1.5017165232064142
180761.19201943587,0.027205800592835623,0.0007535466662744739,156.2626158829343,0.12290155806640837,2.341889442027325
1036.2247402487499,0.05341023194813587,1.4002393477587702,168.83672909453497,0.1247236323575836,8.240201338125507
189.58276680496965,0.10396178743979034,14.067506969827617,279.7030794952218,0.11298380509904554,2.5219337975224994
296.82361174908806,0.11301172489917134,12.750888729656811,78.57761295393504,0.10263232568859543,5.066909568432701
6.364816853228181,0.10608202817923029,7.16770968072848,159.4556290205594,0.12118588279842563,3.464465968509528
329.1906465693238,0.0777589025103032,11.774258332767559,405.19630966694467,0.10653864291880591,3.080094077901888
56.000830696228945,0.1164139242301995,15.220947397847779,71.87769432424318,0.10294258087965935,1.2430596202721773
35233864.76843859,0.013263665480501487,8.92200546031269,339.6302377680939,0.11945792181942283,1.814872889575783
309130468.7961515,0.029761524403033292,22.34050315390924,358.90487547034274,0.10978053358818476,0.6070360549154907
9206028.859358475,0.012883461245651463,17.246399076615155,174.27390160623145,0.10962922341665421,1.8515402926330813
370.5174013018513,0.1178508979186828,15.155196904594838,227.7627618357231,0.084077222894449,3.9632465235417476
361.84557672057736,0.11534699161378782,11.069838888290018,26.188721254909694,0.11345444424919315,9.453348294949953
6757.982004984164,0.1137178589911606,10.282533286576625,624.4806614247083,0.12835427621908124,2.360722626331418
415.34456965141146,0.11770221708740494,24.585436221552357,601.1536597092562,0.12348270725330511,4.96179154460559
2662.4187595329436,0.06634602047416968,16.082557272557235,758.9941053292514,0.11497116680448084,4.7016647194001395
60.50508652872569,0.06391808287436515,22.259222373572616,118.61259436388838,0.08744134266828169,10.208542896059623
173.39068999116785,0.11392551878086138,0.49342943203246215,200.828905644882,0.12179986313068125,3.4913366810098094
435.89303222083936,0.11252697943490654,8.533550780142503,892.6028069957185,0.1342185127731159,5.919410513811677
416.97884298686813,0.07521492929014566,11.478198525550162,221.18244514412203,0.10382041290045396,2.3913461435139283
79.95083635186273,0.10035671249905144,20.564395480370525,157.02533212723824,0.08654620201255142,2.5071979930390436
125.78857809843136,0.10432626799016592,21.302889155679857,174.97310773202486,0.07784632406659106,2.0431265672623304
250.96081004265432,0.08926097502904634,22.599799602898955,39.00869890096476,0.11481694111800586,1.7214596135797713
195.59610597179574,0.10999705029033438,10.274340081049719,23.875902233205466,0.11539208123573187,2.0540809203369554
306.3973904076055,0.1114229006796233,5.146508010462098,221.2924812705508,0.14674204358706538,7.30291247724962
3872581.942884311,0.053321509606352166,21.0479577206863,510.5612480959154,0.12654921325901236,1.3274314203704485
81.0761330100259,0.10873140893934245,13.930814311247278,100.75265635856465,0.09271959708809505,1.7786887903047806
7482.496085543971,0.11467068926118701,11.639026662573986,96.81416017540153,0.09864441142817598,0.8081157841033484
129413.16411087412,0.038993374558076915,23.522095166398714,213.72883095287466,0.10112492851728835,1.6297943109491593
1475511.2138470304,0.10606756942851464,14.074440363047492,233.6653440973737,0.10778525471699618,0.45186263811841076
821.8692067620134,0.07657893669743211,11.763434765765306,630.6024583405629,0.1000148917238104,2.3224053185685403
196.93090204545194,0.10404488972763559,13.083177111112327,34.68412171900684,0.11390917763233101,6.851777351558164
151.55261040213992,0.10229773146954044,14.218850553097019,67.90307136917107,0.09923312493713826,2.8823850697366815
503.4863524115743,0.11926859106065757,12.909185688752723,341.4305479920962,0.10122282079637647,1.5403112096952185
72.26161694959838,0.10958409906723304,9.152970536023986,551.8568253091651,0.1222088463095106,4.001801370361758
74.92836077378368,0.1033439660913677,14.465422795727815,447.75533034958346,0.11549335517143748,3.85458113683452
47.13053282410766,0.09224080686935181,15.241415625089438,982.1746975521158,0.109183353143195,5.325960202360424
536.1469001169937,0.11286903110710529,5.712694583265545,36.22294907061496,0.09478995943695875,7.352770260545071
2936.2073395319244,0.06084615353277756,8.92200546031269,323.12135109959115,0.11945792181942283,3.6400920702115496
68.215196061153,0.10996408431875973,10.536977058835625,114.05748680792505,0.09965287537988385,1.9266517492765178
100.45193281246391,0.09744209257855399,9.425521120862411,301.71363534373273,0.1293450919016762,6.89685743818132
394.3549943037175,0.07864598616049642,12.205566129163936,245.3544924960211,0.11461182554036496,3.620349675930885
7616.556541366261,0.1113054310755272,8.361393741299857,793.9166051317113,0.09501229427408658,1.3170582596130664
913.9296058745082,0.11598560018722502,3.7810848342025505,470.5466017828605,0.10854081324311399,1.6866433179120195
12041.466793425687,0.11400000000000002,14.907142506707887,367.3713172763671,0.105,1.261278057626722
494.6251382429148,0.11588839028012088,7.321550973502424,246.64511311580227,0.08831588032913504,5.544915765918296
4.9266708790206115,0.11416960496192416,16.378523629065576,39.196396201629454,0.10178232968001431,1.0999863568891035
241.5976848490673,0.09498053373615907,13.357135671568079,398.5664025515197,0.08963635167590414,9.536923310169673
3.5187799230916452,0.11344539264010206,16.692068444222382,41.72248698543251,0.10182357790085772,1.1479245706435908
147.24949717632455,0.09927961307441635,11.224712982875191,45.405471003466914,0.11244689208863702,4.593512908267158
1.574140556754851,0.09617108286682806,17.496907903450957,72.373303660072,0.12074652470669263,5.508989193114456
159.9719209180863,0.10522947128948487,16.556290056219805,50.644264874996225,0.10837133754047386,5.563751625838983
271477.3326024567,0.10876520729881331,16.98359278659579,867.0456602225717,0.12370310063636844,1.4151825240447025
90.44526637603252,0.08840572917715908,9.497922282065622,114.41685600070315,0.11551695621622435,2.5219337975224994
3.5340931654841343,0.11211854012241146,10.002923120067878,687.7656755311854,0.11780215469885094,5.066909568432701
16.352179738681663,0.10887737189828979,5.593296268879405,149.8608426652924,0.09427758521347568,1.4826170452329572
52601.790479065494,0.07434119157218831,6.832603950198779,418.76454669682414,0.11067783954570343,1.486527045775981
38.889907955807026,0.10758187135029343,19.319607774972877,118.25109098736442,0.09349282387199478,2.0053605786920095
98.01922760065052,0.08995968363364266,18.81929702197101,117.65581574077152,0.08628632205219808,3.482248374224256
98.37916831154857,0.1125909872668388,8.084194505344204,684.1932448495706,0.11141548767138748,4.915030695015191
203.844639095893,0.11559988244510648,9.17570843914625,21.36456728567896,0.13539646577810627,3.645140225642857
27.09283318321984,0.1149691391175125,22.844255401527867,126.30662369989744,0.10784259072257883,1.9827220083916082
532.2421968432645,0.11534699161378782,10.237188642000712,366.5044503840247,0.06352910087578642,2.857272355637853
204.9620827678487,0.10814089458717355,16.11025088907164,136.72561480460155,0.11621804548357126,2.0708154354315074
49.71553844154778,0.07613106981023018,14.936003214277463,891.658928296757,0.08397294189980861,5.52288981759058
11795184303.331905,0.03258793796436715,12.045310168569799,284.09961920639677,0.09039969596915978,0.1275465024689897
261.45153718940946,0.11567158829619983,20.036325126564282,179.23205312394174,0.09016134528975972,5.1517921212386675
78.09137712380092,0.09341204856500146,10.158902943203792,42.05806010706982,0.11723142551597229,4.484961044071934
23.05425312313924,0.09700470911403081,14.475144867827035,78.24518409897019,0.11708820860011969,2.552285664983154
120.85794905394259,0.10285120997970451,24.086195332105216,221.18244514412203,0.0902906304184398,7.226627380688836
676696.529554011,0.010278399931715358,15.71189555930222,214.76887257177123,0.08654620201255142,10.688581193220921
4140992.4739534752,0.04437279688005051,15.503238909171355,172.04143653321086,0.13338249619406,0.9468996865653594
338.4721840466348,0.08926097502904634,13.921529090614328,460.38334116263775,0.0699270136191664,11.722403723498662
227.76451815013976,0.11435053382190746,11.371878375099165,293.9293963936457,0.10975022479477688,9.139426217731486
8.40999688979683,0.11695830169263707,14.535609800081684,64.9144512249556,0.1004043983974625,1.3690402067060212
43.39188796378191,0.11419501676563656,11.787872283666044,168.67189318944156,0.10434441217531018,2.283681608024665
1214585.276218934,0.01186268103648793,19.57496910995962,762.4118430734703,0.09271959708809505,4.254387450695762
206.2731114035025,0.11108714890562887,23.34939193902482,70.86305492087621,0.0871981611819172,3.0032121715661066
94.94026292462604,0.09428410743906437,23.522095166398714,213.54195143796113,0.10231661189181199,2.8229697954560677
12.664750201092012,0.1151064445624207,18.003130295671074,534.975209855592,0.09642354579355747,2.093099266975261
214828.3886314124,0.09488344111902286,6.17032622592234,242.31720536276038,0.08102949270022394,0.6738415024894664
13264159.526733108,0.08462949129235388,18.07513217194627,359.98539167568936,0.09616469444188755,0.42224622691531266
85680264.19395828,0.11552240531004268,12.499550453365417,712.5975586114733,0.10998490632326302,0.2079649709251603
21.042167057656048,0.09524443623715054,20.752905898481018,298.4067840531651,0.10122282079637647,7.3392958368046965
4457150.56898663,0.0920132783456645,14.693083003863372,372.16090834576954,0.07249742562727138,0.48035091924703277
259.0943120429758,0.10896892432290863,22.456870179797505,193.53140182178896,0.08497802087886813,8.85589007212965
1051935.1032436695,0.019627738600840362,14.917060782007688,121.15333878064291,0.1233596940464467,2.662210125020551
2828.636057378101,0.050011050406852844,10.20004595179137,653.6319693689638,0.11589444811635963,7.352770260545071
405.7873741660994,0.06084615353277756,18.578251753007,691.700701615842,0.05825982261563392,1.4105007219670895
1.2788572652515526,0.1128093295595426,10.536977058835625,157.4988478898349,0.10846877191214126,2.0753445229132907
425.7403470676304,0.11909610907771134,15.016520868813107,175.5699559701759,0.08125979264143732,4.420398638753706
1.4910125143061173,0.08023515144773974,17.00242594668839,68.9355476795617,0.09937401400740037,3.6105123101676355
1.6717450131178464,0.10801466012339941,9.156793249251972,66.94032133098102,0.10923024929455226,1.525948888439462
389.05407448935637,0.11699634184378546,7.574964808965828,979.2479202715788,0.10273779734987115,9.199709391757464
1001.4783025101403,0.07885188444039845,13.321752602697451,99.98000000000002,0.105,1.6594999999999995
878303683.8839413,0.046004078096775265,10.889899163482976,304.74106055246415,0.09621722127001381,0.23639548170336333
15714.165781364127,0.031290133369573016,16.726406371919616,764.3312856767543,0.09824674092170399,9.646311919617851
280.26239886695123,0.08673215569588252,19.610779447603786,224.41310730070296,0.1183590798547071,6.951763365888736
353.3917371685857,0.08724917215543442,10.86173558533021,450.49011632115554,0.07263598302607016,5.046817330421453
1.8493205949706504,0.106824905514939,10.69356540173282,189.35347186084192,0.12105012726119109,3.7785818277169385
154.46204629275178,0.09617108286682806,8.999784303028823,317.3216052064365,0.10247361393351326,5.508989193114456
151.1769920008547,0.11004448442387196,16.556290056219805,24.324815568985798,0.10927541198982793,1.9604670400615962
2.459295185370537,0.10876520729881331,14.585941130512941,86.65886741606869,0.10534280661980246,1.6706179748754426
288.8145998578576,0.10352971915818665,13.095860314682284,724.2536170798951,0.09245912411016396,10.737134951254648
281.33801039464436,0.10780291002963244,15.501424863111481,303.09759254676214,0.12177889976761315,3.3187288590691653
81.85560232290263,0.10409094685541218,18.383598157635564,306.57196922393166,0.08468982296644695,2.3039805891152234
107.6136925387585,0.1192600755142854,10.19558681878681,418.76454669682414,0.10114770412680753,1.7344558554343887
156.68960099694408,0.10876180772637921,13.653375642802981,45.96612716079534,0.11407507022769131,3.9820226635502545
351.00268162030244,0.10778590052217424,16.449642015028456,208.63392264663406,0.07984129599842715,5.155917010344954
1487.7784270611337,0.11361210367922914,6.522020007629786,597.3360220980666,0.13355976154167998,3.364814314026368
330.5779117003224,0.0874839217521091,15.0248712771646,710.40051492427,0.06185950224265874,7.404788762778748
88.50823598168341,0.1178508979186828,17.32775272424918,729.3747194464327,0.11717941281692817,3.9632465235417476
467.9963910705369,0.06834806537445472,20.245253793640057,306.18677225412483,0.09157105724982273,2.857272355637853
1018585.1715865214,0.0833830057117301,12.33128068776274,705.0938597446368,0.12850825383674444,1.3610176188466276
118.6004032310437,0.05585205048825575,16.469684856602047,156.3519746083387,0.08397294189980861,4.96179154460559
499.34205045549913,0.09970615560801614,6.558116176275078,115.61450439902467,0.07814279158037943,4.551378913278477
118599175.7583208,0.08090626853897237,17.26778299235798,468.36524763143063,0.05895411668341882,0.3233150966255245
408.35521692072797,0.10862980605737715,17.250582559313813,976.6923769774135,0.1289187213087848,8.952197811916204
214.30230796334916,0.09700470911403081,8.533550780142503,962.317385822558,0.11173056588586983,3.0246061707590184
306.67588281923764,0.0862535131913699,7.438549858523659,218.75579028164447,0.08770921785932165,5.038126570401864
67.74855130720354,0.08541481364522124,20.533460505348557,219.46954778400374,0.08654620201255142,9.744721210225563
4391.276757788304,0.051821041369026856,15.503238909171355,283.95407432914243,0.11488462732478363,5.631241632537023
179.7876599042329,0.09218557001434663,7.637138251005502,366.5420691472646,0.11921554524158001,3.4153299572988804
45803314.97234848,0.03782703175926903,9.976540231073846,282.911887206718,0.11024220689393686,0.6717810144163501
273927456.7712862,0.08777621746747302,25.930293805754253,787.2928005194801,0.12171793988364274,0.20427347788501926
3299.8990262728375,0.11419501676563656,19.163388823114445,277.0424274293166,0.10223008904228699,1.3274314203704485
305.4058430234568,0.1016752551363552,12.424985211494821,509.39865567290576,0.12523516956503988,4.861025562977664
364.59907242752445,0.10893928564340435,5.687892349304223,149.25796661855236,0.09440717979713945,3.0032121715661066
6227.260540622984,0.10430723373789788,23.522095166398714,260.29541359295405,0.11745700339938232,1.7170687943254004
147.4338061469034,0.10606756942851464,19.709907462635883,534.975209855592,0.09080844618284398,4.834695154627814
35.244958010104455,0.08083787327518513,13.902361240394441,214.911178420981,0.08053463645955514,1.6073638438420694
109.27783868922806,0.09819176357035551,11.508710108317041,235.18406196182178,0.09616469444188755,3.1795731083415775
16.89386084896721,0.093209632676423,10.367056374715894,182.5029533661467,0.10920916105253976,4.002685854514961
97.47673151755365,0.10041307378290358,25.455700280915543,133.12962712063154,0.08607457254311915,3.6887889158107905
828.6730992609073,0.09901745685862633,12.636866983702776,209.79024310769057,0.1222088463095106,2.4804052345732517
182.07480783920766,0.11087961775025212,20.910184662687286,851.740423943998,0.09447644280906267,10.606267573952824
209.24439990107965,0.10624025200707231,10.4204022005208,680.796447605132,0.09515480421488265,3.967512666229458
940600.965968356,0.08182404204651673,6.136886486660286,205.64919559426176,0.11825358950892173,0.6685692136584214
1669.848694703357,0.05378884482269436,18.14993343523147,691.700701615842,0.10229099542966326,8.505725595243215
521.5574363746764,0.09400895740915413,9.588259813812748,292.07159932175057,0.09965287537988385,1.6666559395196963
13.914856854935955,0.0958581823482342,14.10513265471853,87.96776877798357,0.11542465618171976,5.178996010262486
99.80963564452264,0.11260215593944575,14.653844441096767,325.0281185386449,0.10708420860780349,4.908017690250856
9177.799946137158,0.04324959532145706,7.765378609699917,20.370366467027168,0.131967094882191,2.060775311794966
2307541.353390489,0.11699634184378546,17.729782621369278,470.5466017828605,0.09765024409158166,0.5116021508315267
24.69144091504048,0.11400000000000002,13.420000000000002,92.72912820099367,0.10271945068984785,1.7538687940728463
66.9900732272068,0.11884147199529752,12.78566981834773,51.053367468435226,0.11974320787182088,2.20823295601137
109.07785710163822,0.11652499311991052,16.593452562291205,225.41466193348958,0.09271388951108175,1.4053199121976032
91.97907197650932,0.09671698799933336,14.823042012999057,153.00919115164754,0.09996581915058089,4.3489934083099975
145.1872033280703,0.08724917215543442,5.099951686071719,781.8689387356621,0.12277607282525142,5.046817330421453
585.5600581823173,0.10668001568667188,13.489022415271114,127.10303871973406,0.12105012726119109,1.9076238144995603
119.54286630658572,0.10075792832459793,17.838891663521565,150.78013991105763,0.0950299107375471,3.8901915454935923
5385.207888116238,0.07774515455653026,14.090698506795274,146.02912881477693,0.10640281340039857,1.4867161448606199
1906773.0633733487,0.016487474371018544,17.64998567771711,303.4443494972613,0.10658932055421359,2.2499228736440395
190.35155307070696,0.1053981344067638,10.197841712893585,50.97707826615107,0.10438608997275499,2.5219337975224994
1931.3453293175753,0.11479234899727311,15.301984944881072,148.08449541919668,0.08808578825756097,0.9730893738744006
82538.07730381913,0.10618935647601882,10.786920465454465,103.82002653959393,0.10146267620743996,0.5947653090334395
244.18465617881625,0.11022724095934386,16.111125336634032,418.76454669682414,0.09603532834333137,9.023955533196347
226.29216093622887,0.1180483359194027,12.787466201529067,17.058927950763575,0.12421492995896184,2.0288117941271326
222.74754184008594,0.10976477125641476,22.109997116505305,339.6302377680939,0.11321346690249035,2.956055858966933
0.11222915663018736,0.11043998242896753,12.121591068093363,135.72832578894378,0.10978053358818476,2.148857734054217
94.36414284480398,0.11559988244510648,15.0248712771646,68.16290629802052,0.10133845614500431,1.8515402926330813
0.25176575288148495,0.10751338607380885,14.031364290689877,157.42988816561456,0.11717941281692817,3.4640836106643276
13.390837223920595,0.11806248544568809,14.016348815890034,104.13977943907224,0.10286060476376736,1.4474121726627018
9714660.170186639,0.020371414965674794,9.877794526484365,799.2969337896413,0.12138967245691219,2.0708154354315074
212.0249742434881,0.1166766205121332,24.585436221552357,140.40777961678765,0.0980512097785915,1.3956587175277022
1.3970097310061422,0.06634602047416968,9.042316313896873,50.27418941231235,0.10744445801946231,8.147868628329498
52.25562474066875,0.09322704896544864,18.099056068977326,118.61259436388838,0.09382647111506415,3.1631666354883796
25.612099920327445,0.09363321392005941,14.936524471344397,215.4873531346979,0.09464264891628119,2.8099452578345137
207.01701013723692,0.09700470911403081,8.533550780142503,99.79375712179541,0.10711076708410405,6.876824698691097
261.40474072114773,0.11919562602899902,15.753121744245252,248.37717029900796,0.10072193908878156,7.226627380688836
107.34519268620082,0.09669144114851877,25.589760968597602,802.2888208750921,0.10281574746268099,4.352658409352051
130.4253045844833,0.11702645423175193,20.10980133307102,171.1344350688284,0.10641163241477263,5.6712088409960435
3.790232713274868,0.08926097502904634,14.354278702324391,51.3414619983547,0.11921554524158001,6.458848188497571
44.184466194636016,0.08855406946661666,15.511867960242157,23.875902233205466,0.11340425521584421,3.3808787030299725
9.681284357524943,0.11500312140546984,15.678975281883138,145.5568132691045,0.1004043983974625,1.62427084027596
133.18071686151566,0.11419501676563656,16.117279282155227,87.38831826532123,0.10510752560661582,2.950450942476934
240.94950960185525,0.11963039285949395,14.98431599591623,66.78703366711557,0.09271959708809505,1.9476904143717793
143.95313323154795,0.11628858065754963,11.639026662573986,96.81416017540153,0.12193331220819548,10.00741509452836
347.889819582095,0.1146945882097071,10.746112332622442,88.95899066323943,0.10530766131689241,9.293311431091519
4.65847803360994,0.10332709924917806,14.667169523953945,534.975209855592,0.09162192839623162,2.244923006533302
21.627986298744826,0.11224404504321475,6.86760866310814,419.85461038072754,0.11317368710857946,3.301943746258175
15466.734298039117,0.10545569553295431,9.190014322282895,213.02155048764644,0.1034106794457864,1.0690771263559604
12.691121826480693,0.10691146573606547,14.218850553097019,54.79795861733402,0.11104165025039055,1.8976062626878036
138.1892062682379,0.11899143270788134,22.070776701849343,28.729186948919107,0.10432668836734471,0.8354216051718684
30812.047269851253,0.11359178982167843,9.152970536023986,45.35139056255946,0.0931547078175573,0.456883489773964
56.26866611144746,0.1033439660913677,11.499901255911217,851.740423943998,0.08297081122098895,2.022680897100786
12.611742153560535,0.1151227582450074,17.31169245355784,119.97827661711824,0.11323177218766359,2.8465491570006147
29135.20428993259,0.11113413858440561,13.985006501308682,41.383503056739244,0.0939763525465161,0.45517600149026016
3475212.483939641,0.06084615353277756,9.376830461774407,49.7316093604382,0.05825982261563392,0.3416821170420379
81.7544909751281,0.11809638611136007,16.018142384638622,33.19010174199843,0.10905381995858224,1.5064564080627427
371.891512198285,0.11909610907771134,14.733527330207872,303.47062273425706,0.08125979264143732,3.288231970587991
565.2240640275353,0.09046589457704265,15.73211764696789,121.42862448114079,0.10885609043423494,1.8372837222501186
1.4406912685536573,0.11659917682096978,14.949403231323151,69.0287561476515,0.09859705916247899,1.3170582596130664
96459.42146869056,0.021236943913363532,9.70242763735478,7.643543640372002,0.13794588931822757,2.679471561926823
626180.6227232264,0.11400000000000002,11.687223818769086,748.738564960639,0.1574281005907473,1.6594999999999995
25.892520194156784,0.11181192514597778,20.486263316374213,84.25177761281952,0.11974320787182088,6.383324257726271
88166.97317026788,0.09537191634542971,2.6334746553986186,921.6746723533274,0.10834123993257193,1.4053199121976032
7852.182964546952,0.11287682458206716,18.71422698114179,460.33510072328284,0.08488100639393842,1.064846631581335
1360947.247717591,0.08724917215543442,19.78760526804181,57.167121027444864,0.11287747756878502,0.23180747497600862
130.2476271970064,0.10597430247085877,9.899028860680623,253.75017999753723,0.10440511487678562,3.844087763886981
377.48137188846164,0.09617108286682806,20.170007817951195,183.8688961864708,0.12128401705063081,3.859576184909615
116.78117218174773,0.11004448442387196,16.556290056219805,146.02912881477693,0.10837133754047386,5.827999751889481
13.965106899685725,0.10876520729881331,14.77580717199173,65.50383137902867,0.10534280661980246,1.4408793580424772
41.40325339983174,0.09793069573159768,18.90849630999311,134.14057101414772,0.11551695621622435,3.6910357720315488
14528.381135512742,0.06959339469448587,16.34502788620656,21.138034206061036,0.10687292716168739,0.6750890254767947
2767.0696306446634,0.04753160073588475,12.240549001900506,185.7046977126422,0.10844548839441305,4.7655617976030396
417.2546032726715,0.0777589025103032,11.696850311331385,418.76454669682414,0.11999615400367071,6.278561128652366
225.79552910663804,0.10171795489972985,23.094645162461944,254.41734943620452,0.08170368491145744,9.469679629888791
168355.57175727177,0.10769345163370836,19.906975168751362,44.614269503662285,0.08490181335085548,0.33475974463138236
14.096798919262291,0.0982217432135112,12.121591068093363,220.9517499017818,0.10978053358818476,2.8144339358169637
61043097.211839855,0.1186701865657816,3.7428836173812865,490.9477583610512,0.10479763447802698,0.1673367712207705
4.559003608261489,0.0979294056863558,9.692531936750246,157.42988816561456,0.12081991567719924,3.9632465235417476
214.07274325572942,0.108348161726565,12.213678130183165,102.55892555410287,0.09710794487703117,2.857272355637853
1.223737021881064,0.08872806807928107,16.11025088907164,404.53757780215597,0.10535391452013347,5.814509064120111
829.0416834578152,0.07670549263714983,24.585436221552357,160.88711058654627,0.11306442673066419,4.96179154460559
393.02384636958527,0.0895603730790586,15.152776181230918,623.0086223150942,0.05257189940925269,8.289616751854732
4618312.668046655,0.013771622840816893,17.26778299235798,118.61259436388838,0.11456077412503539,2.1406293545018693
197.664186109282,0.08801980113025071,14.483358761271697,98.62942004071476,0.08171816684096136,3.448000359555639
9668.561785579011,0.08670661642477434,10.891284598338244,222.99557120114855,0.11800009934426967,1.6767813614565945
222.63237706383535,0.10837595665310787,18.411203670464648,778.200661871696,0.09206230648841662,10.709135727880895
166.19983826959339,0.08510363380501709,6.66376471063988,802.2888208750921,0.10135342481588007,9.744721210225563
363.6134478887076,0.11702645423175193,10.84617589639165,939.8099891665299,0.09647330639511381,10.112615182189614
333.6519605674596,0.08926097502904634,12.039648014498773,85.12754190838086,0.10316138701330939,1.4943258810509432
12694.671604105002,0.08855406946661666,14.524704185742637,90.98203503098995,0.10037219720361601,0.9376526115378034
308.34920723883977,0.1114229006796233,25.930293805754253,64.9144512249556,0.11408254552789798,1.4343912351777988
31.367154569245173,0.11938012939496398,9.327699980683093,54.411246600923675,0.11807617168982307,1.3274314203704485
0.07469997074351425,0.06890904932115123,17.39654357269655,60.34639621789148,0.08661975005979825,3.293254896179486
10140.023910908538,0.1057013801992788,18.17373640721369,102.41529845488276,0.12193331220819548,1.0828936274464667
254.23748644133138,0.0994463884099395,8.302561999232292,876.3120044413222,0.09482455980160925,5.157428582096959
4442.05167017906,0.10606756942851464,15.711127071754557,35.774941864838524,0.09253044435524818,0.6231848981598613
65.8899328267922,0.09816365843531194,7.675430163051335,397.9115829807697,0.1000148917238104,2.9878650509095617
331.09426568233766,0.11286057765770453,12.147280991895975,235.9684513017142,0.09616469444188755,6.851777351558164
414.96519746101217,0.10691146573606547,14.218850553097019,57.446608410500005,0.08010251388630316,4.91710186664011
28213.219549855916,0.022225567821655676,12.762640837925343,142.36652519789112,0.09176079487782857,8.622264957386761
285346.48937530164,0.02345546169029295,10.987558262794973,167.79381845299747,0.10515662292313072,1.9537302952642532
2886.051652096197,0.10001837391947269,18.163923732467126,199.93295068837307,0.12097324302088826,1.9679696899068517
42.26698655327776,0.11380324355339483,15.15235326884537,357.8913965234331,0.09190302135325987,2.0876710456521046
0.5615661128638882,0.09826366001959762,12.5306467028647,468.51183611551863,0.10220278316113905,3.0393413256744894
11.396660384051668,0.10159340825646185,6.377029390747529,256.0397519582283,0.12447112623597015,4.2364446709417365
115.81992159840425,0.10041157390709171,10.323488917386587,65.95658631828456,0.10614827420128826,1.3651474396907162
220582.7819050855,0.08200858661981464,14.661504588357625,647.6027454737125,0.14704410578943095,2.750759046759062
18433.599632910744,0.033482547874324003,16.091024063570938,325.0281185386449,0.10916728025513826,8.272725918112783
8678.8579083634,0.10801466012339941,9.997038567532105,176.85024566369526,0.11880473645940902,1.3170582596130664
10.439640436596534,0.07996972769843283,18.747514395262357,629.8754690293274,0.0693977785744686,2.102923176346053
125.31840966266068,0.09981904663221483,17.770255534164875,111.90402655504039,0.09246266790600435,3.1747801829926856
215.25948294078842,0.11771458314312706,10.829600588292774,51.053367468435226,0.1070812534908369,2.2445252725712623
8.362005867284639,0.11383646752565815,11.045068011905677,92.68856615736235,0.11668071700113453,2.2631184211134414
44.5914885920634,0.10297383216190509,18.71422698114179,43.62851960506117,0.1183590798547071,5.181362739622396
5.058873257089582,0.08724917215543442,7.662276831726237,160.07308942118271,0.11091735760731818,3.581265141087175
1813.8101354353564,0.06055530051709065,12.141489084191644,159.88435753733552,0.11363328245978423,3.303393220258441
1698187.9293640046,0.015894776632696055,16.874531919617286,82.41453544850322,0.12074652470669263,2.722336882300212
324.33746530374697,0.11277740688310361,11.158147461400898,28.861243963400852,0.11358793062602911,7.035442664822274
41.07888096279275,0.10536114968402076,19.962093313912135,63.23355605350412,0.11408626307089466,4.75093722173642
22.104877569574604,0.1187812173116106,9.497922282065622,114.41685600070315,0.1250648731522237,3.3282745046996656
0.8357522324731103,0.11877019364543107,12.18942859230452,122.27002790840999,0.11816921985808052,2.3909966189367764
23591951.630309496,0.010328243089792688,10.771896225773013,55.898774636675796,0.11414618774828617,1.3587964598043634
58693.80904467842,0.07162542351860228,10.19558681878681,423.65578066655763,0.13663388426235695,2.5774695456344023
2257.314542061276,0.11413577363746587,15.687854300042854,99.23880826440825,0.09300387076886016,0.912606488073088
57990756.16573937,0.019588565037459565,10.980198167445185,339.6302377680939,0.12402692170108365,1.439851101881806
259.7040740275136,0.11043998242896753,12.121591068093363,27.053488610871284,0.10375780629810633,2.148857734054217
84.5931588360794,0.11324905112865738,10.309408977508356,120.25790584596467,0.11082087781457337,2.800528939361345
267.1552570731899,0.11016357615063417,12.177781601960255,305.8414173833494,0.11717941281692817,2.4827233394618213
108.82571888356127,0.10473700993070623,17.366906616374628,148.081881217964,0.10353622965713749,5.330744175842176
254.83517083312097,0.10778617426129614,14.803191335678381,424.8612528945429,0.08956692556852239,4.572218804864772
1509.2543968830528,0.11813083572090272,24.585436221552357,163.6746168723459,0.09130379072221728,1.0729376897048315
535.0129284346847,0.10673608551777083,4.655485183251027,552.093439009548,0.07814279158037943,4.30574740677473
642.989212810502,0.04898681459444957,5.958119025275423,21.64488629547111,0.10120128001903003,1.659146186968636
63.27474904760825,0.09986726026420051,14.971104752935865,177.12488747747807,0.10395106071322396,4.403436428548223
26.86634242299951,0.11240279071501819,14.84850184008077,97.45002536747694,0.09944228260827143,1.3877207963917746
2361.3634451683797,0.07521492929014566,14.464347037944274,143.46667318074134,0.09552684050582175,1.4236925200212367
228.8589648577722,0.11072119684320549,14.572105198901108,120.06769228725773,0.10603061931089823,9.744721210225563
62.841957449015155,0.10631714012065203,15.503238909171355,172.04143653321086,0.09566939100636909,2.3871229856260445
63830.85702185937,0.01950779546342108,11.69386086588305,83.59956371392536,0.10430791846263807,11.346394974313137
107.33298942139886,0.09892566538306023,11.371878375099165,120.95452142595911,0.1087708549331176,1.8333539688081455
286.4544285766989,0.11202238593947482,9.207763124571699,50.74960087552887,0.11091428769533404,1.0784644569339754
1473498.7916830683,0.039695427536616784,17.46187250179956,645.8914527319116,0.10060842248198526,1.3274314203704485
268.4598797184299,0.10111019249329752,13.32055899908613,910.7990282857645,0.08361724234643628,4.459828925367551
138.6157795914948,0.1176694679471463,10.645112742264898,37.37654746744744,0.10201037583367016,0.8761111622638627
336.62701348732344,0.10130569954168675,11.37437094854472,31.812064862891418,0.09678151348358272,4.330979253803081
5672824.808006459,0.03494997299104646,9.964136321454053,107.67275659159372,0.11156611526699374,0.7593072569912458
139.9530262673481,0.09392038586650198,17.445667166668375,16.013098337034478,0.09556728570437592,1.7758553247366367
61.92931531700691,0.06214687564430798,16.312625603530776,77.89787596229081,0.09583263478042064,6.851777351558164
88.67842811046717,0.10470373974232333,13.028399161072837,131.84997829709152,0.10043765193529088,2.6890724704332967
119.99928634222991,0.10041307378290358,14.305589727452425,341.4305479920962,0.10233818471686483,2.1540473571353536
737710.3465820375,0.015537795220296614,14.100621871228519,195.80567891031552,0.1131203052825997,4.001801370361758
212.74988289525277,0.1033439660913677,10.392967914635069,851.740423943998,0.0986027409898298,5.957258502798719
1349.1440810585132,0.04398032432432755,17.31169245355784,171.33879753830814,0.08907094548622874,10.005946563237519
10.307936278966991,0.10959104331475447,12.5306467028647,166.20457097629605,0.10061613742356583,1.9808550740523296
276.71444613667825,0.06224897743085947,15.452773234513256,163.7657163243117,0.09977418088144185,4.807076161407542
97.9186816823794,0.09417268905326749,16.594421429416137,194.33479837934033,0.08293824589403859,2.4394695797402806
372.98724375611016,0.11909610907771134,18.195796620390958,442.8851421591179,0.08125979264143732,5.525629468401048
383.6807935343579,0.10676098130330533,12.391081840537229,325.0281185386449,0.086224799952857,9.607627349577228
232.68655401935078,0.11176214432342217,7.516936656655542,39.76861067479217,0.11996363803688391,3.746442367909324
130.26465565794808,0.11507560649538763,13.437082258505386,128.71418925317954,0.10273779734987115,2.65248606813266
22738191.727194607,0.024525632999289088,13.420000000000002,45.36251378482916,0.0948793456888439,0.4981352638874297
142.96849271315972,0.11566283281889511,4.124662296111442,38.06228850803103,0.12752209704422587,2.2445252725712623
101.0903424985714,0.09589084513404411,14.996334160096993,59.89615664146038,0.09806079762264341,2.7331292572355443
195169.77328013355,0.017885228069558362,11.593906819211927,87.84899144624887,0.1183590798547071,10.934713313167817
508053.4520093703,0.10599390664665534,10.445220370384884,728.105480914086,0.11287747756878502,1.0311768573938789
637.900787139735,0.10202854921733824,9.440281389449243,148.05972679417522,0.13314410714672065,2.859235049960263
238.44808969555308,0.10424979753962028,16.874531919617286,72.373303660072,0.09515330121773,5.508989193114456
21.99974508456539,0.10208408477519026,8.916593954757545,814.0960277945873,0.11312388335862822,5.651318213932803
372.8474128330926,0.10876520729881331,15.576658890494814,205.7751557112394,0.07553795441342212,3.6626349249666017
234.77958796603127,0.10352971915818665,19.59410052461161,76.87502038245998,0.08891133580632213,6.697139416010696
36489.86916802262,0.051941795271430884,14.701128504388167,488.8722995393763,0.13585882378864622,5.216514874779639
82902.96734915244,0.06962684837406526,15.91437678415875,175.28577196383878,0.1232036453480093,1.434952642847371
161.67387483044337,0.07146760419632824,10.660412709619692,203.72624131923158,0.08275425893776767,10.60666174597049
11793.990040555196,0.1063585661690307,15.687854300042854,204.5096799017839,0.11938043430086374,1.379928973408168
78.77710995285578,0.10139143651932497,26.18490168440403,435.06985325730693,0.08579193174997546,4.903004829150419
1572932.6608522164,0.11043998242896753,7.059396102961261,135.72832578894378,0.10978053358818476,0.2956157557037642
173.60852478183813,0.11430707920288738,26.71849953656593,48.36630043044772,0.10048560677604582,1.0637516213939735
9084.307134109858,0.11704610312310579,15.692594733712902,157.42988816561456,0.11717941281692817,1.1339986916298352
7703173.051655851,0.10972668755456985,19.224112632043408,182.6769621060384,0.12438641191421546,0.15663900793875474
89.48219320132391,0.09687491667662629,9.93379523899914,121.65415198239901,0.10535391452013347,3.514052652075359
296.99070387989485,0.11654708601166663,24.059324035942446,180.93269664399338,0.08397294189980861,9.781411367237531
63.13385761898982,0.06634602047416968,17.939956607607964,482.136634716156,0.07814279158037943,2.7511675541246294
58.59474596126091,0.11067176374012919,17.26778299235798,82.35271718165245,0.10120128001903003,2.112840410423151
197.9843461678598,0.08620321291334287,5.165550500803054,28.19786133371008,0.10697964645468848,2.8099452578345137
44.16009825426357,0.09410414514457366,18.17619212211153,202.677069506564,0.11708820860011969,6.876824698691097
274.6181242726162,0.10334513434126083,13.622120971625858,452.84533869093576,0.09135028231155429,7.226627380688836
135.59887449554793,0.08080073108268697,16.007101072705765,66.56830109937982,0.08654620201255142,9.744721210225563
277144.2711462524,0.11702645423175193,13.602194185716522,682.7635864165343,0.15372133151015044,1.9705112614747406
494.86121578372615,0.08926097502904634,14.354278702324391,151.9266301395873,0.10933611448234286,2.0328280749891934
10.356042284960532,0.1166952126075982,20.61514011299531,23.875902233205466,0.13996869545672241,1.3708954386693613
299.36974442764847,0.10761122493980328,4.747434571569656,64.9144512249556,0.09473309460502094,1.9139628468870455
251.3632779723614,0.11981929579990068,6.929330367935947,58.240949251139796,0.10510752560661582,1.992441791548881
61.4927425361152,0.09111877292421734,14.619615380552654,60.34639621789148,0.10212809703714587,3.293254896179486
283.4399161841312,0.1057013801992788,8.894009554228514,812.1087654120058,0.12193331220819548,3.737524622583586
119.96122449343918,0.1181223691992106,6.404119827774984,484.4309705815592,0.12245658635045464,9.293311431091519
246.811671452884,0.10891352827448597,8.416572681288656,116.62091029875188,0.09162192839623162,2.1356260693413667
3.194673736301991,0.09488344111902286,8.639150323356333,52.130342971330094,0.11818574113573235,2.302476449412529
369.3735232492514,0.11119678046880263,12.747663870573845,43.24393632712673,0.09814401875769257,6.851777351558164
484757.8078750316,0.0318190669634549,13.602194185716522,587.6437659227207,0.11104165025039055,1.9705112614747406
12354.493726839293,0.10041307378290358,21.25195169526439,89.80870443088855,0.0997687337926188,0.8435240355316722
328.0735533991066,0.10539489718317903,8.836757225757616,195.80567891031552,0.12754193470036068,2.8243879971454158
50.43185955152912,0.09504015542144838,10.392967914635069,66.28976832062642,0.11853111078978242,5.957258502798719
30.2029553162558,0.08637458530883138,25.229137693030626,205.9753190872567,0.0983247373851058,4.384051443786089
65.98011720140072,0.09166970169711218,8.17117829760507,150.86532409491554,0.10220278316113905,3.0393413256744894
742.9298967991285,0.07870007542681332,0.06033106353116402,155.74442998663466,0.12227199341108663,2.404955428668248
11997706.867381144,0.10041157390709171,10.57316181306108,62.47687921686969,0.0886409909346354,0.03020841622349124
3066.097280926586,0.11909610907771134,14.87073141576198,244.66600159216833,0.10693333601959434,1.3268164310304247
283.56086856855336,0.09056790813758803,9.977746803652247,178.2771103648937,0.09112874566425658,6.83388514691495
995.5885079196897,0.09925955126275482,14.284704192253932,161.94980590778272,0.09687537699686555,1.3170582596130664
512.6582259442876,0.11699634184378546,3.4726731635530115,5.347062969060062,0.13926491023611107,2.65248606813266
1.9256685582463824,0.10010294502079153,13.420000000000002,381.559749332234,0.10104409810422278,2.6116645405430674
1741612.9827380623,0.025276567434373717,26.23171533538109,51.053367468435226,0.09651817986722544,0.9009738579938009
0.48402336398712775,0.10381732797434787,16.243062382788704,59.89615664146038,0.09824674092170399,1.4206996560289697
54.764832440683946,0.11566289493365767,11.139927756777771,129.72170057372455,0.09940035943584158,1.8144265381965727
322.8847844232354,0.11892779622656795,15.846528126003193,187.611076168156,0.09658832125277442,9.478849282193398
1066.2170406130938,0.10636656633094072,10.550519270084735,378.0279038655043,0.12105012726119109,2.435889297225948
907.6834845187182,0.05183501441794053,2.895434799549305,611.4225719482984,0.11550158190601657,5.508989193114456
15.126063361883201,0.11606585322125648,3.391503793767523,128.08922975272134,0.10837133754047386,1.6877403834895386
32.14506462957169,0.08204507771799524,7.589224726849469,80.89164295376514,0.10534280661980246,3.062300447881146
17.841998238097425,0.11708695509216066,20.974667460912606,146.0329540283335,0.11476325553381672,2.5219337975224994
46.923054272948235,0.11877019364543107,5.959139980358671,103.60915450836438,0.11967952183173185,2.3909966189367764
203.43182920722262,0.11521571101488584,15.721760987147468,89.31627501291081,0.09604815721740856,2.4910878133109176
32996.65827700319,0.1198009193383377,10.19558681878681,319.38232147954017,0.11448357038282041,1.1286097537871207
100.75351856745306,0.11187243603175298,21.426901653799288,263.43176080404385,0.08577026756824443,1.3917712161843436
363.7248893858661,0.10778590052217424,9.937856647261516,417.532395775443,0.0901349740760363,5.194955593134237
238.75472729048397,0.10539029901854988,15.548846126448355,11.69791874599423,0.11277961718390835,2.148857734054217
1953.0901513433062,0.07914905201858971,19.138055187544673,117.24826464329334,0.1254873793959908,3.1586466194780023
207364.01888700278,0.11545243186600648,18.766778010272056,45.710901039813734,0.11717941281692817,0.23801021769343755
0.10125070722781895,0.11193414677874354,23.448496206232477,71.87077024727864,0.10131607586904115,1.6312596165104614
55.98633818477205,0.1181968696955702,21.80828417011056,121.65415198239901,0.09684420268511773,2.0708154354315074
31.08168205226123,0.11711111305055234,24.585436221552357,30.786617958745808,0.12147118471939719,2.0347026967558843
279.9653854966278,0.11399879767021281,4.830666754934416,901.5426827947965,0.10374150104723787,4.551378913278477
359.8161006174912,0.11567158829619983,18.93156252439956,118.61259436388838,0.07949817488677591,3.8983896360864017
188.32294326517663,0.11953629009090337,14.483358761271697,13.084234194135206,0.10168007127180709,0.5347040998551371
2197585.1615021927,0.09700470911403081,13.730525496544868,293.97312754176994,0.06679567060896996,0.47059492359663313
2829.567039850287,0.07521492929014566,15.70007224322223,70.23829942627555,0.11059964056415841,1.5045734618034263
357.01641506456133,0.10470005504489485,5.728825980677916,317.9465336543382,0.08654620201255142,2.741137537816411
41.63788023532864,0.08980052827489571,11.80013682319482,238.86294524567165,0.10566111842784834,6.096239078869894
71.4924957097232,0.09858316863169145,9.621627913947762,83.59956371392536,0.11921554524158001,7.325836659577394
3360.697042887891,0.05790955471562955,19.924992384367677,23.875902233205466,0.13996869545672241,9.007292714704159
36536.30274973507,0.11952927152904563,18.44585164130142,913.6964572859385,0.11654364330417781,1.62427084027596
378.08729391675485,0.11419501676563656,11.53993782092009,285.4471910052586,0.05682325990279988,1.3274314203704485
4402.819683796469,0.06890904932115123,9.404776357171073,60.34639621789148,0.08661975005979825,0.9726212968089918
7.99060815241058,0.1057013801992788,14.233371380327016,96.81416017540153,0.12193331220819548,4.812568317265073
1736.7148874797838,0.11105965700697766,7.048932248842825,213.72883095287466,0.10239289899458696,1.2860003940348639
1302.3488334726799,0.08992955165450736,8.678689595067045,338.1495036494953,0.09162192839623162,1.3898675817446007
40.101496919322216,0.07886293618780216,18.02217793818917,5.744479082751752,0.12707027718856007,2.9878650509095617
4790.858798308603,0.07782643498980958,13.212664011945408,213.02155048764644,0.14275154519416683,6.851777351558164
43.70476603599044,0.10033182084473147,8.608014831255092,210.5204284694779,0.10395694533904117,2.746981450353156
1695.9670956981986,0.09011703964885256,5.998419235649898,341.4305479920962,0.12638881773135416,2.773117936713928
14861.420448334782,0.0389066488997528,9.152970536023986,204.9251180156901,0.11858413731272344,4.001801370361758
0.39917992904421945,0.08366593034435818,9.548751121146093,341.68134911622496,0.0776751211038322,1.5656428250617207
3018.262610000057,0.10909176452381383,9.924980182529458,185.76982846552892,0.10568655940590889,1.2643695527687742
421670651.7553246,0.09826366001959762,18.689818353738772,468.51183611551863,0.08942417216739107,0.0939313838848479
10246.18523647178,0.1001378809590593,16.36889725775225,330.4055561010816,0.13545438574044594,2.5797025107802734
20.888874083438516,0.11331677828704828,14.088974824502781,75.61579930302167,0.09965287537988385,1.539899667375888
1.1212840035609246,0.1117654812657572,14.87073141576198,156.97705921501137,0.11762693566106622,3.132758920077877
82187.14732813698,0.10505487099042055,15.969535271404906,325.0281185386449,0.09651817986722544,0.9009738579938009
7648375.183189756,0.012762551127601239,20.095870261707034,98.33578902520804,0.1115065941724018,1.8592876944591605
246.29166456646286,0.10892625188588335,8.551132106130677,351.5357901145557,0.13702775053738298,6.590711751038594
337.5565258138042,0.09157668396709291,8.380526627442904,75.3876124702901,0.07819631080251543,2.3573598459074665
308.52881396939836,0.045800222563076726,15.489858146002051,264.3437753463992,0.07026887545067045,3.679150493378908
506.9169492612598,0.11110826534769769,12.341470906626519,59.89615664146038,0.06814824863479024,11.224001622634143
30335.828202411052,0.03164838927814317,12.234587881324044,235.65359023810583,0.1183590798547071,6.951763365888736
284.0539852191498,0.11835323607311313,9.056131220512448,160.07308942118271,0.10190628191173731,3.30772870435203
9.922331436639002,0.1076906029273712,9.440281389449243,133.21264991221472,0.11115803078670022,2.3661459914242666
15178.86052239435,0.09617108286682806,12.038620826227778,70.55040377286036,0.12074652470669263,0.8875533681218766
3.2068099659270493,0.11400088729938959,19.758785104051128,257.2311953223792,0.10592875129973743,2.950528421585739
15.467545471909236,0.0901089924920449,19.962093313912135,161.4655804623718,0.09813124331146067,4.8393042573903085
364.33736808046785,0.11334058561691857,9.497922282065622,22.997880231748127,0.11551695621622435,7.350606395124893
14630.410512270455,0.11280985382418146,11.353874690660245,122.27002790840999,0.10125051385411665,0.8241680955078206
0.180698839429572,0.1031744577256607,10.279736021287228,157.9640587601586,0.10304975877429075,1.9838122176613862
1078502.300832416,0.03264896606536512,14.937732802467908,198.57685866519284,0.1160762214612593,1.5228715275806017
15.135593495034264,0.10876180772637921,15.687854300042854,121.18654812622742,0.10419171784238547,1.7715445174033384
22161.458535993333,0.029557425732459425,22.109997116505305,172.24363844432935,0.08579193174997546,4.1092619917472675
33.634719392363486,0.11043998242896753,12.121591068093363,312.28004571955967,0.09009440657613627,1.8451124900504308
223.9638455836241,0.11559988244510648,13.053562481017206,117.24826464329334,0.1019707233906857,3.360311776581816
0.40226152676507765,0.11025565826242145,9.826856458039778,157.42988816561456,0.1286359473116564,5.298652271843963
60.81431782061753,0.1132552274253821,23.448496206232477,392.1064276388443,0.11380594833321249,3.9296857229994258
31.5252214975238,0.1104275975401185,16.11025088907164,121.65415198239901,0.11821580405355336,2.5008609332499017
233.6510037186854,0.08623113313155226,24.585436221552357,437.2092235902609,0.07713998741180864,1.630624028283881
553.901835010395,0.050000143779408805,9.355255536852434,284.09961920639677,0.07814279158037943,1.9552494315994906
115.24615906449381,0.11567158829619983,8.143075873752927,118.61259436388838,0.09875298102646118,1.814330902926355
636.5552265700983,0.0764357407155449,15.822048836782404,180.02516223772926,0.1146504329378916,3.6361236635683722
70.16622036232296,0.11220960444114357,12.18759355820218,57.3497581214728,0.11708820860011969,1.4325534646518578
655.3127128183663,0.07521492929014566,9.438177005793598,74.54387408261766,0.10408399183435353,1.5691714897691895
67.83997231393435,0.08080073108268697,25.589760968597602,21.477235625385504,0.12235838551373761,6.131182178672768
3856.582689141194,0.11702645423175193,15.503238909171355,172.24560874731173,0.11944755423073455,1.4164368454960936
129.28062098528548,0.08562692381532368,8.761750023185055,13.86540639497133,0.11921554524158001,2.9343582917408355
73815.92881410569,0.016252866849457495,5.123553093479195,23.875902233205466,0.11276395476834805,10.780592509057705
55.01637117155471,0.0990777933666131,25.930293805754253,64.9144512249556,0.1004043983974625,6.061917144305999
445.3025535406555,0.11477252551334724,10.581409788243068,236.3344388633879,0.11883794162104908,2.068505478010513
31.324059673021218,0.11133111672323556,6.491722094003363,169.54323006553494,0.11129280571175049,2.4037776121734598
153.243911629011,0.0961411922764645,12.224567911993358,96.81416017540153,0.10212817311920587,4.933739662299569
189.72661259342402,0.10933053664153797,3.6989063555536603,129.26472690363744,0.10239289899458696,2.190541162011497
43.39240716895034,0.11178925368338824,11.089691122506538,85.4632339901683,0.09162192839623162,1.1279205606726457
15.198623136008774,0.11334058561691857,17.445667166668375,209.76714166014256,0.11495197310860848,2.9878650509095617
7366.340731212766,0.044646686240982586,18.07513217194627,134.44922847785983,0.11362616926647805,6.851777351558164
64309.46577274513,0.10691146573606547,16.276917298144298,677.7611555522365,0.1251653062438267,1.7287650343667673
6.110574598484863,0.09858430703093424,9.842422887322414,312.28004571955967,0.09009440657613627,1.8451124900504308
78.05298599333369,0.11444401012758598,9.152970536023986,195.80567891031552,0.10755777820281319,2.6919536978691747
731.1972030137323,0.08366593034435818,9.657123063674543,261.3253379852407,0.0841048784242549,1.3001532818747794
17.053846521733043,0.10326531742622855,14.430874482524725,157.12045700141078,0.0994797311070599,2.277712532076498
56.08605627174165,0.09826366001959762,6.371650462898096,468.51183611551863,0.10220278316113905,3.0393413256744894
2087.1820118018722,0.1119689726374753,15.69374242720897,193.81758861288074,0.12694726699201667,2.0220039834795074
63.3907649386537,0.09565924228155984,10.536977058835625,75.61579930302167,0.08592280439853506,1.4987205218204123
59.82263427239799,0.08982371566114739,12.968362877284939,301.71363534373273,0.08125979264143732,2.1279214671475843
77.5320952186101,0.11730537515555697,14.653844441096767,325.0281185386449,0.10633022372814036,3.6105123101676355
601818.4274797391,0.10801466012339941,13.89773657416237,210.27866107502712,0.11954996035881117,0.5361493538792619
21.657326060862573,0.10724834550713903,18.001429030242157,470.5466017828605,0.10801246078086758,3.3259407079055405
1235.4555674306407,0.056675871240362226,15.983698295554298,80.43615081053247,0.105,3.1730752177450308
41.93251234450506,0.11299951898845068,27.086827560126345,51.053367468435226,0.11537356578792471,4.724677341888472
74.52200702028985,0.10597362176033816,21.837156244043854,25.892775561718338,0.12195475497275625,7.036046868337979
239.37658980529577,0.11793955652581062,20.389533213062485,52.697997632200895,0.1183590798547071,1.2420297810907233
377.75913737939925,0.10485109765570852,10.86173558533021,33.104607114611895,0.09671959930898438,5.046817330421453
13644.591416958821,0.07024925176320992,15.462017031331381,583.5929708206507,0.05487020945098328,0.8423489921783949
329.5910738722707,0.11362437389824413,16.874531919617286,109.7632364150964,0.12074652470669263,1.8428327780343627
0.8032820027525662,0.10708241294537818,18.651146435567487,217.99842639083653,0.10837133754047386,3.136324586210974
80.63857369422092,0.10845391165570945,21.517970748103835,273.2221891591592,0.12256055976673025,6.680031279456788
1387.3321670726446,0.11218423505500413,9.497922282065622,941.1335920887302,0.1410171151004749,6.910612145408364
6986074.265747102,0.11700971526584286,16.731227643932847,349.903675275805,0.11816921985808052,0.3003621990106282
161.61936335161744,0.11277705615716235,13.962438403382961,230.4704477603512,0.08531003347662378,1.9838122176613862
40.787679393046744,0.11925179478762135,10.19558681878681,225.0279431683163,0.10614723635234506,2.325205757319555
10392.431118191118,0.08065955982354966,10.9120040766169,308.3669405270076,0.06654053809828772,0.8756163288603567
292.5963270251361,0.10778590052217424,11.058856430295606,193.99766332628025,0.08579193174997546,2.6079148166777895
656.5279745566805,0.04546698595060299,12.121591068093363,9.018868589555552,0.11542163555682115,6.593527669421766
23.21556849162473,0.10619233769978156,14.112677761172607,224.5047387464379,0.12014156135859141,4.04970627056238
56001.93405751235,0.09736647054085654,22.844255401527867,616.1610496996278,0.15091757078280033,3.9632465235417476
147.87046181360517,0.11193414677874354,26.47045175546205,45.50626964992949,0.08812777675824479,0.931298563725961
8.166882260000877,0.11756636162931255,16.11025088907164,26.3859974786659,0.1005617885577786,0.8793464717560715
624.8958121900943,0.07670549263714983,15.339205562473213,168.59821917593212,0.10961057234398879,2.7298718482509465
62020741.34916526,0.06634602047416968,17.939956607607964,284.09961920639677,0.1032919755611061,0.3155301106661206
365.3255548247407,0.11567158829619983,19.53272166187265,118.61259436388838,0.08052613334457448,5.314692990327574
2.6491870680117158,0.11392551878086138,13.88945373540979,59.71214559530665,0.1289187213087848,2.8099452578345137
6071912.566225982,0.062112203430875236,13.74423699587576,962.317385822558,0.13026565680489222,1.4429564460116229
10266.852491780668,0.11596566448313708,12.819273015237233,223.13678440284627,0.09552684050582175,0.9791810586794192
6.028180336923569,0.09458964882315372,18.685901309641288,802.2888208750921,0.09926529666787931,5.280379155257306
75.58117866427679,0.09982069593486706,5.928186235475698,172.04143653321086,0.11997965769187606,6.641500257751465
60.74396321862793,0.09356504381306009,14.354278702324391,36.40364485826831,0.1121560893863314,3.5443042995241747
79.47679707951391,0.08855406946661666,11.371878375099165,918.9890125906413,0.11648083331691583,6.6146788199045075
129.86285731608257,0.10309642199077725,13.291616368146332,167.4867320926429,0.1004043983974625,1.62427084027596
153890.6379254053,0.1118628225312188,13.925208078664722,566.6192728133552,0.10510752560661582,1.0208852878451333
120.72760107672286,0.11103995130749092,17.39654357269655,315.5873281515878,0.09142407724804885,2.7677261699161386
295.71514461440495,0.1057013801992788,22.004582670237408,96.81416017540153,0.07980697474227766,7.817107701025041
29.260016244196386,0.10926706513846074,14.734466743878606,158.88005509864746,0.08357735987930587,1.4572390883817175
0.9026584157430758,0.10750550617950566,14.049671263079865,100.93243906545246,0.10325309357314544,1.8064217962059832
52.085432728534656,0.1077897299531509,19.23277786448,826.2583068842166,0.09071373555740819,3.024604335646455
254.44921431481185,0.10473463261235019,15.631204535225473,128.57391937706007,0.09616469444188755,9.669017004216837
81.43094126412686,0.11916021599387824,6.793660304742822,42.985083930197334,0.11104165025039055,1.0148033223856627
16484.924517546373,0.10041307378290358,20.6051068721145,3.5798912922265913,0.1038758690118681,0.023753508513895127
114.55051752704786,0.09055532854721725,1.4656645422988372,183.75056999090629,0.11598049597054044,4.001801370361758
4907068.783120985,0.07078282202662968,9.548751121146093,847.2971155716056,0.14972783662599276,1.7058589074573058
30119984.09657535,0.05985947428459404,7.269997962867279,607.406233135517,0.353510932830721,7.828468048042866
107964.30095326863,0.11866277876771728,5.6851083754171015,347.4751440084714,0.1177919517843771,0.9605962201882106
271.42528270375294,0.081644654921641,10.27441699380908,691.700701615842,0.05825982261563392,2.0220039834795074
22731.890228721233,0.05262138164808299,10.536977058835625,922.9871386524368,0.09965287537988385,1.8762850104329214
187.17487895395465,0.11696147320665853,12.43315280916616,301.71363534373273,0.12006698583992838,2.6239544556725174
132.52523564979856,0.09707341309374809,13.739412702230785,336.8147877082713,0.10204615198876958,9.958609949151692
475.0407118781285,0.08914062161976906,9.696180471109287,100.5649310749289,0.1171713968841417,1.9635935940665714
738.0379308357462,0.09612713814505171,18.747514395262357,285.3883443254838,0.12518755840358162,4.4648077071530174
266.0869346186287,0.08369779660614479,13.420000000000002,49.82060804255377,0.1109355336792824,1.6594999999999995
6848.481193141626,0.08305598125178756,26.23171533538109,337.4947364631063,0.11974320787182088,2.658938034226475
2108.972197442488,0.08029259332255118,12.551753963618935,59.89615664146038,0.14593689250679437,3.54764791116196
7301.727990765145,0.04154763672564559,17.132645365060778,21.920330725324504,0.1183590798547071,3.221799196529808
176.34514825890946,0.11500340522107869,10.86173558533021,301.03132565194755,0.11287747756878502,8.179202134879873
392.05574753507096,0.10597430247085877,7.277076485739525,189.35347186084192,0.10064504008914917,11.318338444162594
45.27310359880528,0.09617108286682806,16.874531919617286,788.3278485376729,0.11108551772034504,5.596747715246366
1756.8106884753643,0.044843131275715375,5.193498201020576,259.8877631841691,0.10837133754047386,3.961092266501328
5443.36994299115,0.11227648038267793,13.9467250600372,518.7918036795458,0.12532037552718134,2.2560122997646594
28350695.313787133,0.09033827268105815,6.880782607324033,114.41685600070315,0.1004351571748358,0.07314280209448931
470.67212553322685,0.10762363925559296,12.18942859230452,122.27002790840999,0.10484835643295523,1.374623874496546
190628.938456577,0.0235977227874287,10.279736021287228,170.8114684759705,0.1020294625061785,1.9838122176613862
288.9439907751574,0.0777589025103032,10.19558681878681,330.4595791782603,0.08607203460538135,1.6106771083262164
9428.95493833249,0.09119494602112395,15.687854300042854,239.54860412755187,0.1052983463622641,1.3657581049986014
296.59283424423506,0.10975047058688525,13.703581113212023,339.6302377680939,0.08579193174997546,3.5639132697847535
40.12712163894889,0.11175635412388903,13.439380564190635,447.0099384860439,0.09361086682875092,1.7318370340176132
10.376854771050606,0.09303653152105243,26.868592608832493,117.24826464329334,0.10713767010382509,6.573293968712124
184125.15362228185,0.03969614132747043,21.052614432128408,198.78974548141292,0.13887985255336105,3.9632465235417476
2043917.8386714857,0.037981538333555234,15.619042721276625,416.07023590099845,0.13872174530694292,2.34681917196339
223.06615888858548,0.09146847379667884,17.486397898149207,489.35647025317286,0.10535391452013347,3.0475268656091243
64.13091350962313,0.07670549263714983,16.791689667944834,117.83175478013897,0.08397294189980861,4.96179154460559
304.1417033333315,0.11046745225435456,17.939956607607964,284.09961920639677,0.12125850163272928,3.1752845722500878
330.31369541461663,0.09612354750775409,8.318903863474883,484.7430395203163,0.09186479937989431,6.408162075886629
29.526656202402265,0.10286162787713363,10.89136821514358,161.21733013829197,0.10836402731561036,3.000908976562739
78.29673103985155,0.08920275909325606,9.554755489243249,90.01327483576716,0.11100947378705558,6.876824698691097
263.395464751432,0.07521492929014566,1.515300537363844,203.18766613272766,0.1223986014067302,3.6335853043299466
1325.9137425997706,0.08080073108268697,20.563193908884372,802.2888208750921,0.12170201080186312,9.744721210225563
178.36185448448492,0.11702645423175193,17.378044895053733,47.2206600993581,0.11413200616664483,4.457673085612588
516.3107837440518,0.10254793496648221,23.341808903079496,83.59956371392536,0.11561045099011512,1.726467850306122
104695.64230221696,0.08855406946661666,17.254043100535977,23.875902233205466,0.08527484130551208,0.3416515816944994
170.55586665435746,0.07871371964449522,18.5296681043084,109.37746052271638,0.1004043983974625,2.431854672748117
1654.906372092527,0.03441844675927115,8.71095860959656,26.528898872529226,0.0953721614876262,5.006281172357339
26.484009109168525,0.08899457843488578,8.494521930597445,60.34639621789148,0.08661975005979825,1.3793941960148413
66.27100047772518,0.10103697940283943,11.639026662573986,109.51256081128457,0.12193331220819548,2.6547423855469057
202.36675542797695,0.0764192168370186,19.18985355467493,518.3131857872067,0.05271093255209949,9.293311431091519
195.9041217925831,0.10606756942851464,19.84014996513737,534.975209855592,0.08930963538375145,9.01242120808558
118397.33615948213,0.09872713382586737,18.861907274368594,16.931895412854203,0.1000148917238104,0.1992085598521509
165.20741030758194,0.08299701396660021,20.68496555079308,113.21476463958749,0.07256451879201606,9.848651381300655
184.16028785397185,0.10691146573606547,14.223087145277278,490.56709779810427,0.10369152853544894,11.254334976794594
16363.976177640432,0.03777398639767206,13.98509942475738,227.1213076317141,0.11294861951058939,4.622884581975111
71.4850445378556,0.10539489718317903,13.205780718238834,168.5560917593528,0.10782877851804407,4.001801370361758
34.59663252446455,0.10712038856128162,17.13314233982389,341.68134911622496,0.10473492360493664,2.508224211255861
157582.4526717724,0.02821749209262006,15.505600013242345,441.9520440077266,0.10873995880112959,2.685278790969038
2058.173215070589,0.0786686070863264,9.8830259229253,315.86945860371,0.10220278316113905,1.7651383522466233
53130696.76299449,0.10987961872168825,10.322950856886772,691.700701615842,0.09909070142282136,0.29244540435457367
1883.4345872553208,0.09876394975168704,12.558921023533342,272.1750228038959,0.1022917122809123,1.5064564080627427
262.12826591711337,0.11909610907771134,23.315708803962274,301.71363534373273,0.08872758357753058,6.897624361586219
58.34146746881024,0.11569035045066162,10.472389709737282,325.0281185386449,0.11112255935508641,3.6105123101676355
200.85294029443585,0.09956313894611152,11.342916957769429,39.76861067479217,0.10089043821891806,2.6486496574508616
88.45304932000417,0.10442156828003607,18.747514395262357,470.5466017828605,0.06655579999273101,1.5062267755028511
208.2552808636757,0.11005691958393723,13.420000000000002,139.76312530567606,0.08986517121485565,1.184783469862733
47.28438666982119,0.11445402004568067,26.23171533538109,51.053367468435226,0.11974320787182088,10.182441962760823
8831.76838477582,0.059512825433529946,16.7748682395693,109.02139398425072,0.10667718248689659,1.6975954757560245
95.40774567953926,0.09994346440169946,12.938486472293878,28.14120688352847,0.12438877179500481,6.149290986202137
222858.4819466725,0.11173936034512444,10.86173558533021,694.1727205965017,0.15038167206118236,2.1655663720720453
270.20200133823664,0.11267073504914007,13.826236838855898,16.69620545025606,0.12067209488370244,3.844087763886981
4057165.606199053,0.03033769240659709,16.874531919617286,690.421706994877,0.12297440062544787,1.9661706530085592
317.12902628601034,0.11106152826295235,11.185903701450968,58.85642315764619,0.09661094305109996,0.9764102837757358
3772.9566999111466,0.10057465666477675,17.966087062643574,179.63778416731316,0.10534280661980246,1.3412977043353882
14.931810037517723,0.1163480411193882,22.49730876106847,114.41685600070315,0.11275333944726595,3.352389343570059
130700.43732109613,0.03359821642994979,15.036210106476947,111.05629941032481,0.10842192832115621,1.707307181226783
191.12892540044163,0.1031744577256607,21.557303225324638,196.49736773359933,0.10304975877429075,1.9838122176613862
55732421.28666784,0.01146092450815367,7.555897396561448,658.5525431209066,0.110496311472362,1.7344558554343887
341.68901188664347,0.10876180772637921,6.396253710169788,118.25109098736442,0.1052983463622641,5.350415797073827
1197.633129221138,0.10778590052217424,18.697187780019107,804.6387206605589,0.12151461271837782,3.547619932465053
1486.2753413077169,0.09483796529043306,13.088300976808117,718.1563216380954,0.12937761625489375,4.9556196187950645
4075.5376796154437,0.07140785094015661,12.984647871841522,117.24826464329334,0.11449684659150616,1.8515402926330813
966441.9177116542,0.1178508979186828,13.919226133098215,157.42988816561456,0.11081623723900268,0.34696582727727066
110929971.39114505,0.1182576142787569,3.7933964356638175,580.7715341757713,0.11443826939975323,0.1074773891434262
2.3207146297917265,0.10740523394426543,7.2791484935320385,216.44467319875804,0.10747256668296994,2.0708154354315074
2.893109111748541,0.11993469984854696,13.03013801349109,132.3419425978978,0.10519730603297926,1.6417164347557165
5466.228323051246,0.06634602047416968,15.725430013527083,356.40192985266276,0.09333738027126115,1.6236883398352946
2.4199106987319112,0.09694110677770407,12.874464449437001,198.23784948403085,0.10267823693144604,2.666175551041331
311.4736926236945,0.11392551878086138,14.483358761271697,245.04090926489118,0.08768152009968583,3.7301256476058726
406688.81158324913,0.09700470911403081,8.500115526929056,18.967661210469885,0.12099685019350967,0.01044415663453968
80.88674929860994,0.10420430537244894,7.603809487811077,104.7705529441264,0.11806501689478095,4.1545150313574295
7.551374692411622,0.08080073108268697,15.37907298568536,161.49174064126214,0.09795245195954838,4.870972618923014
551023.9960068448,0.11702645423175193,10.450592953732809,172.04143653321086,0.10566111842784834,0.43952511178340536
53.59455817543363,0.1153427688393795,11.222629807427086,171.91779458781218,0.11921554524158001,2.336393348869568
64.58824220684681,0.08855406946661666,11.371878375099165,12.979369386060569,0.13996869545672241,1.2044260556538537
276.6625945815839,0.1153804912379649,19.021380865408247,18.360254300668657,0.1004043983974625,2.0766168543750267
15.434571969761777,0.11839054730312346,6.188705377239543,132.34963249649684,0.11582416889954453,2.1474517815099885
1276184.196707783,0.01658437900809282,12.562310102535827,43.38819237431295,0.08661975005979825,1.0705119789131032
382754.7517161103,0.02535748870229001,6.286756883074476,164.75206378185425,0.1322143468221672,3.0032121715661066
17.996974854325316,0.1062017136748196,23.522095166398714,97.2852279900444,0.11419444450070547,9.293311431091519
41.675312857448766,0.0978171004049453,18.47733285451026,193.47222683607208,0.1023499960368638,5.333360306554351
5978.291687944222,0.09488344111902286,17.445667166668375,211.26152874681003,0.11320759462172039,1.5756509669517769
2425.5499496564,0.10692094010069698,18.07513217194627,651.5274029264381,0.11676135159310454,2.4248229583878755
4.014693965461436,0.11661413163858006,17.990356709100766,182.5029533661467,0.11104165025039055,2.8823850697366815
23.341865057425036,0.09255205006573425,24.260648348740055,577.8552164606264,0.09307872871008999,7.065622823198925
12.08509283706317,0.10539489718317903,15.808599953058671,207.31304865772694,0.10955754805681574,2.7138412106483067
23268.12531373128,0.10978908589885292,9.164407497179564,463.49817093940436,0.10952329646076883,1.3360376149277151
152.62276784803953,0.10909176452381383,17.31169245355784,157.12045700141078,0.10689461968604509,11.101593819055267
91.59570078307974,0.11471994100090364,9.238665605292692,120.58951796426788,0.11283032464344571,2.8733699820936334
51918.02999887816,0.0282243843388347,13.591579747181425,146.8256226160729,0.09341652129851652,2.0220039834795074
315.30609659509355,0.10725523347271526,10.536977058835625,255.0861218914513,0.10298327574444215,1.64475418066138
125886.5817495589,0.0824499453608713,15.49092474247345,407.80378698565426,0.1255199652185964,1.6113585470011218
19.329506437966234,0.11905907061883733,14.653844441096767,325.0281185386449,0.10204615198876958,1.935450289433203
81.22989574811587,0.07974003025813511,9.795498252574937,83.69307299206974,0.10101918180544517,5.519777940192522
223851357.02999413,0.11046763305782195,12.410965023196471,361.7675313061091,0.09222988337138896,0.03497335570006932
40.70169128680921,0.09166605928834233,13.420000000000002,139.91214612628846,0.105,4.763666131469412
839107.0170772655,0.015044800579770118,17.307433263629306,46.62909850895926,0.10426639854660537,2.2445252725712623
314806.26593545545,0.04992617755471449,12.215945307371081,211.19099922390825,0.08563325589714396,0.9343971213960165
335.48575537996953,0.11566289493365767,15.16063441579086,180.02715911780479,0.08534267703377454,3.451234167550491
42.806019343009645,0.08724917215543442,11.001021916955214,25.736105570688835,0.11329402995970135,2.443195970501901
54.832309946756695,0.11178034563407754,18.08089635208613,341.4719466854764,0.12105012726119109,4.9174184561397905
16355.567402434834,0.10434650687870979,10.600958707890204,111.34054742747992,0.0840943617868572,0.7283713945123376
97.66215908932666,0.11489931356243142,16.556290056219805,212.7444271057334,0.0943668093643337,2.341889442027325
545.971270941305,0.10659985931571808,8.672896741838523,173.67581470129477,0.1008353155551242,1.3663276102637578
242.255895477328,0.10352971915818665,15.408152754006668,114.41685600070315,0.11816315803383325,2.097577544906772
3940.5804320416437,0.08941280324654605,12.18942859230452,169.33020310222355,0.12682985774845856,2.1380989306954654
491.0814159901758,0.10373587067057333,10.279736021287228,157.9640587601586,0.07837883910180737,10.332500844297531
27.79946176538808,0.1152410254202111,10.19558681878681,93.79472576162624,0.09844560328790739,1.2556003253037353
1291.3619958836227,0.08532712186336949,17.743125753724982,108.21227166153392,0.11549811002138503,2.006234753515587
0.660410617497244,0.11755976566548296,12.43135474707201,185.83592044923466,0.12111253503303918,3.4420139627108934
283.5257941661408,0.09600088339180272,10.519523841020547,135.72832578894378,0.09334709343475336,5.471620483493867
410.1698615893497,0.11559988244510648,4.935523120245671,123.2289095164083,0.10462307175151504,4.669941263435611
5.892797061252362,0.1178508979186828,12.21405573962451,304.28635229302927,0.0986860817886194,1.771619455214001
49949.49347763839,0.10811777839839325,11.234375598052255,650.9418981819225,0.10131607586904115,1.1978596219642972
88067933.2464118,0.10778617426129614,15.287229595782465,778.3633009896878,0.1043964777994557,0.2655695360698438
81643.10395968627,0.07670549263714983,9.134167145343572,813.3391530946926,0.11897382243855797,1.8423288948151182
1.8509953950514098,0.10658684652798567,17.939956607607964,101.16237371145286,0.10009909664564325,1.7261248293725098
1.8021246561552586,0.11273287435124801,18.104674739983963,118.61259436388838,0.10120128001903003,1.8462912458339247
4838.666423719146,0.11277253477443594,8.849058758340158,239.52188521114385,0.1289187213087848,1.8582470309724703
210549.77791973308,0.09700470911403081,17.144234154172118,962.317385822558,0.11708820860011969,1.492648717355026
385.9507066690688,0.09932919145270237,9.176978818269456,4.798659176205035,0.12699106870985055,6.397815360270531
118.49227980012867,0.11987479569936259,15.451807929210837,802.2888208750921,0.08654620201255142,1.5214425460361163
25.797185072160683,0.10300369765813597,12.445779484468453,67.36612304656558,0.10688547379798066,2.0431265672623304
70.0960110145578,0.09776999118835555,9.665281196908737,83.59956371392536,0.11796828449448425,6.458848188497571
3153474.671677172,0.01118504922492617,12.986389679161567,23.875902233205466,0.13996869545672241,9.139426217731486
0.030482048891251938,0.11031137690656652,25.930293805754253,141.79645788467536,0.08812712319027477,1.62427084027596
10599.921519814769,0.11212860983531792,5.603096185785846,211.4428466334523,0.12013653359127424,1.3274314203704485
17732.091422857673,0.03319683690364677,11.114969731359658,80.50421727244822,0.08661975005979825,1.5841518849827017
4.683893793432937,0.1057013801992788,7.795158908751906,745.4854003107729,0.12193331220819548,7.291429392335795
363.24250223948184,0.10977766270887482,17.429217269176366,85.73362124326223,0.08507036322862213,9.293311431091519
289232261.87482655,0.10606756942851464,18.208373418906472,235.0934869500835,0.07370923875807242,0.025350771198881183
659.4865003407591,0.09488344111902286,12.54095892573143,209.76714166014256,0.11440724373972355,2.182034141223224
65.76129627009678,0.07782643498980958,18.07513217194627,145.16811080246697,0.09853109412420555,3.1193200990100864
1751.2638299560006,0.10691146573606547,14.218850553097019,182.5029533661467,0.1131633070858526,1.5814323603394786
94.874676551187,0.1071395065658516,12.308025120560592,397.4026757734569,0.10122282079637647,1.969488172360963
9797.49670588179,0.11845228760835452,21.855925562125886,82.16204637195432,0.09027237227625876,0.6794653264330792
6722.606786000337,0.08366593034435818,11.456190935839041,249.01312624011285,0.12537338313240626,2.2467134405076212
10644.389342043378,0.10909176452381383,10.385997607000137,157.12045700141078,0.14180308256568797,1.750116161307548
3121.7506260044065,0.05750212493710461,3.4544925987122372,505.78749510822377,0.1302782757401243,5.710687849999379
1055.7351408865893,0.10607740191563578,16.36889725775225,114.56221287925592,0.08997378053103008,1.047869558465253
107.61064572982714,0.10833196796119637,14.711842908490274,89.321411806946,0.10751605796188834,1.5064564080627427
458.2455122548463,0.11306786528026042,13.055586798828143,197.27051153746953,0.08125979264143732,8.950385722791207
0.75568078104074,0.11622740243606103,12.67776609022122,325.0281185386449,0.11633227911314441,3.6105123101676355
7190.438719906913,0.06826496038455997,24.87517891134379,370.7444782211787,0.10101918180544517,2.0238607884821715
173.90636731920836,0.09851333437950126,9.155613463949763,39.22104611093812,0.10754811532919241,2.7636791547461397
2323.005850804537,0.11400000000000002,12.20511962965249,432.1449062896822,0.10888049570042166,1.6594999999999995
151.6071121335276,0.11913187734827066,28.95146661756255,899.6392907010088,0.08555438403883875,4.78118934401456
309.9948520282539,0.10381732797434787,13.719742823285056,30.605704778234497,0.09824674092170399,4.642499819324731
72320.79797987398,0.09236761552577656,18.71422698114179,149.2749480560376,0.08883323313325056,0.7408163508235655
476.760866192888,0.11800903217499895,19.64796141272282,160.07308942118271,0.09542772444005829,1.2346046388262373
198.7487754914904,0.10597430247085877,19.036684934797915,7.612674278346674,0.10047617615088952,1.1291205356233585
658.0110608028285,0.09617108286682806,16.874531919617286,257.38238948716236,0.12074652470669263,3.2056763917658357
3072051635.42002,0.07930230511102315,16.556290056219805,918.7524320399152,0.10837133754047386,0.04170618045235841
73359.53980140635,0.06352532510932636,23.329038349302202,627.4135307726476,0.1314866212584775,3.062300447881146
6993779.271906741,0.10352971915818665,29.235366854082976,114.41685600070315,0.10376905035876276,0.15291826983644796
23.857566031066312,0.0760228503663608,12.18942859230452,122.27002790840999,0.08457253267996434,2.3909966189367764
32.04747021270247,0.1031744577256607,15.249517096572644,157.9640587601586,0.09968198207769419,2.5493219025344747
89.09063958602385,0.0777589025103032,22.934855106309094,214.15413731681633,0.06266686798849216,3.686261892311525
6417455.339265162,0.029393458959248935,12.708599622264643,749.0040510130814,0.15020938867103242,3.6465013881298303
43.20365409785508,0.1021411597571828,14.53769738972451,56.76903663790324,0.11955019318368755,4.958643279865348
8.737536012091507,0.09641820542322577,5.1934788422639,894.6411847703,0.11996343936459473,6.573880752428168
116613.27298512409,0.11596334951068132,23.282304766848632,117.24826464329334,0.10713767010382509,0.540237538419233
75892.86569150264,0.09626230075099106,21.695325111200567,157.42988816561456,0.1235815314105266,0.9593697234847429
131.53979244473112,0.11482386270651224,15.20145537049989,42.66827072101523,0.09964288592429088,1.6312596165104614
3.2783214514756835,0.10447298436219218,12.210271688538576,121.65415198239901,0.11006776758420855,2.449973353543217
409.95750373060116,0.11557703479538736,13.930035004901924,154.17160942621945,0.08448505670312559,4.96179154460559
265.1882674171022,0.10531235559293162,17.939956607607964,846.3205639455944,0.07814279158037943,4.551378913278477
187.86414944315055,0.10975423028929963,19.143212102528018,103.71140076828465,0.10120128001903003,7.598417903166195
103.47304103871969,0.11392551878086138,21.772749326010832,223.23758607458177,0.1053265909939684,7.011964425901286
553.2480897584828,0.10821727081690435,8.533550780142503,363.62676960065096,0.0643801220129474,6.876824698691097
566170.2341543098,0.03229533893522121,14.919744890088685,221.18244514412203,0.12002905334699535,1.9180036969526189
71.32704328577475,0.11054734940801933,21.353969125173123,57.24024810609234,0.08654620201255142,1.452023990806115
593400.2992728867,0.010662995880989387,10.854955852862611,3.0319292147136707,0.11420349925647041,2.0431265672623304
266.98458066685214,0.11602447076868827,21.634345382608828,625.8332266899808,0.10407700174077925,2.2711959351761726
1122904.841781175,0.0960832794914395,13.010291815448753,735.4740811348399,0.11347260010675081,0.9736979737438345
47492.60959742595,0.02708582830382386,11.227149948199266,855.5907414672213,0.1004043983974625,3.383131106673373
0.8929836803350785,0.11419501676563656,20.69271574072059,533.8331010357753,0.103622681500479,3.0790766967606458
62.25493400636941,0.1087917986379727,9.834970492418805,509.3497876334591,0.10386228648024591,3.293254896179486
1.060469452758788,0.10531353355011118,11.639026662573986,96.81416017540153,0.12217016117670468,3.0032121715661066
2444143.963330037,0.016347984119233452,10.042753501860476,482.1648550390877,0.1436852408764437,9.293311431091519
3487.5979786406315,0.04672192201657968,10.854955852862611,534.975209855592,0.11420349925647041,8.117043107828119
27635.495180386235,0.09488344111902286,18.05142842589111,209.76714166014256,0.1000148917238104,1.0366192138636077
6366.909698076963,0.10923458107586634,6.157321856816436,213.02155048764644,0.13963597596861427,2.1748896671794338
52.34030809633806,0.10705407683587082,8.170694283331429,56.61780476840033,0.09963035582649699,1.1279465255325665
2891.6341060790446,0.07646063547397468,21.25195169526439,243.28368961037881,0.10122282079637647,1.8770293270474685
1989842.2865954647,0.11210514095539892,10.130474470088497,172.00820602337194,0.09903035704311944,0.3295489010249284
2.30607720627222,0.10092516521084977,9.548751121146093,83.7367644293791,0.09998179077982422,1.5893914485906597
1.897782783034621,0.10744416467593215,27.582619577219866,157.12045700141078,0.11093173558555854,4.858234429921835
379.0628364528617,0.10876062656536986,14.452945988679655,548.4054323447341,0.08484654620553841,10.692992571664064
113052.83385844665,0.09033785380461434,6.601544638766585,691.700701615842,0.10073130901946388,1.1998137122026762
308236.9388996543,0.07988219704663635,8.769773104390357,75.61579930302167,0.09965287537988385,0.519119965202921
7.883337620211975,0.11909610907771134,7.750582869234663,33.659717811376254,0.09678833219859831,0.8726297448023761
3.7156447113666173,0.08093630787957228,10.932822127987416,306.6371888984707,0.10204615198876958,3.6105123101676355
12160.449938593836,0.10160271379719071,13.725880680115928,179.5278832255447,0.11745587099888231,1.3170582596130664
140611.4991930099,0.04658470691649523,8.859258314328429,470.5466017828605,0.10273779734987115,1.5128255147452467
171.24268796194718,0.11400000000000002,13.420000000000002,651.4773047406576,0.11236744083715107,2.7319492545654738
85.98712159976708,0.1084330363763562,11.579609717752437,128.80786992374374,0.11974320787182088,2.2445252725712623
57.40513881588645,0.09612793801952078,16.818016561449944,229.03259856868306,0.09371571663462852,3.3144162328095192
10.493042444733199,0.11566289493365767,3.743525744076729,127.10253487088124,0.10855461041026705,1.6867490848273032
2.794505444801513,0.08724917215543442,13.753059323263475,55.51255804332885,0.11728637805313549,3.55026285954129
1563.4041767125564,0.059713626320855556,17.365241121469236,50.244629828869336,0.12105012726119109,5.010915764312533
77.40589444721351,0.09876327399290023,13.47201691808383,200.23982848925124,0.10576105722398489,5.508989193114456
26.89765002922944,0.10431650970126008,16.556290056219805,25.128324354312667,0.13394121826519664,3.550076608017241
88343.81703772684,0.04114686115451381,3.949159787864591,954.4298729430739,0.1273499343621029,3.062300447881146
21.599118759267256,0.08725249928854818,13.990603389570138,166.70462390742267,0.10144033477107996,2.5219337975224994
711732.2498468631,0.022186487405722814,20.709262478916912,122.27002790840999,0.1155849065831563,2.312480706332502
371.7899785806795,0.1017028890734086,9.049682972783508,157.9640587601586,0.09358135006596285,7.404874697766624
7357.816223753645,0.02929192440779356,13.384076128891316,97.39400423059561,0.073050579061674,2.3353697278663335
260818.9252196174,0.0204191210104899,18.179335733947987,118.25109098736442,0.1052983463622641,2.9969976041398474
29.06916078022897,0.11176031529565322,10.955944349655994,209.62846349333483,0.10784593862650906,2.6709046928366087
18358226.36146193,0.038591661079165354,12.121591068093363,618.9652196294162,0.13850141517981013,1.6744286308919074
25921.325844461702,0.030636208000139498,10.790243686947509,8.509510891871741,0.12129145595402402,1.3817927600946263
200.203595486288,0.1178508979186828,22.844255401527867,143.1697453933603,0.09273723616790344,3.9632465235417476
321.95520058828936,0.11193414677874354,20.55976032461661,185.6540293576735,0.07323404949675932,3.1803423023252955
0.29613374573399054,0.11525369031913829,8.784996852826646,121.65415198239901,0.11590633670249526,2.0708154354315074
1818.8548942871075,0.07670549263714983,15.57015595592697,83.5455543760566,0.08196254398134964,1.0501499604450135
79.65199218533026,0.06634602047416968,10.790243686947509,8.509510891871741,0.12129145595402402,1.3817927600946263
2381.165212111323,0.09143392836737461,12.879835523910614,134.80981069969192,0.09412109435565233,1.1650790993944673
136.43068477322993,0.11392551878086138,9.997709048181783,59.71214559530665,0.11589073547813983,2.8099452578345137
8.490821164288414,0.11552446672399311,8.533550780142503,191.47545789654316,0.12111655757874687,3.3722576314537243
29089.939864313037,0.10982243213904332,17.386707549988376,85.88467555629495,0.08528167711005813,0.6043848119660566
164.60994960051897,0.11054525102351198,25.589760968597602,324.5926828391391,0.08654620201255142,5.686424253643464
0.44437039736476297,0.08471188450227994,15.503238909171355,172.04143653321086,0.09959388153426457,3.5935573474046656
211.29347693120593,0.08824835396815503,6.001032476351041,18.65396561643371,0.11921554524158001,6.458848188497571
159.07959803000568,0.08855406946661666,8.502861478024712,23.875902233205466,0.11691241838493789,9.139426217731486
104.49417560291951,0.1114229006796233,10.449040909990858,169.42067833475096,0.08671681091647035,1.62427084027596
52.11428969026862,0.11419501676563656,20.69271574072059,112.18454616982723,0.1065108231207312,3.0790766967606458
1006.4047623030431,0.050165223904975326,12.61645446743344,22.89921952933753,0.11725746093364414,5.2055780768808315
335.56325358925807,0.11597250433277287,20.856412521753825,96.81416017540153,0.0938986690943169,1.1069627537698672
252.49886663198367,0.07758088442257763,23.522095166398714,168.12993665202526,0.10924639540759555,9.293311431091519
112523.08603924216,0.08119990211038967,15.711127071754557,202.8268745414444,0.10548882837488766,0.9824038502509325
186.38140248259424,0.10696971581191142,8.756711228349438,88.38739288532236,0.1055818988623459,2.9878650509095617
38.04016823103249,0.10013980955100622,24.058729484752938,613.5645798835718,0.09616469444188755,6.851777351558164
1.5686776685711519,0.10691146573606547,14.218850553097019,389.24460841076313,0.10402175148234263,2.8823850697366815
283.5460929100708,0.10041307378290358,10.108748924704084,135.24508814818785,0.10122282079637647,9.258146731836803
27.451833154924017,0.10539489718317903,16.332897618079613,46.38473558655767,0.0968483583603203,1.1448658392568571
0.6079309118287379,0.08545746631017427,15.813329665379145,173.43668662995407,0.0776751211038322,1.5656428250617207
4.589956041710444,0.10744416467593215,14.939570426808391,157.12045700141078,0.06769583159611622,1.0514156957702783
10872.604467561247,0.0745602010234779,8.560636669318686,746.7080143582027,0.12748412011513005,3.0393413256744894
519.8064696276658,0.06084615353277756,16.36889725775225,20.78158068037368,0.1244488964272832,7.406792324054713
399.76277912412206,0.11100337882123124,13.20696684056557,109.77648159005923,0.09965287537988385,1.2211279914422102
240.7012581710255,0.10261435203867034,12.031297381037868,35.40503219005444,0.11149458779016407,11.692038901815982
484946.1476828009,0.014462546980571062,15.12202229854895,66.25940732012447,0.10204615198876958,3.6105123101676355
2020624.081539627,0.09692574148258326,8.330640357590722,353.2961817926563,0.09540983113510451,0.5578007120148252
100.81623569452155,0.11610211823469807,18.731050993966747,516.4514727489855,0.09820201900058567,3.704121600326052
323.2623459802788,0.10316044602512503,11.331909969556488,14.140428811359016,0.105,2.5813801079367336
19.80085052808726,0.11231535330745003,11.566585904009298,182.45541317254623,0.10714065894411105,2.420258676125197
73.18054379829042,0.11013755887779357,12.440847500430412,111.80078554785348,0.10142183840987239,1.4206996560289697
6.929279925030517,0.11678324904462534,18.982880336062976,159.83739755584145,0.09959129857932844,1.9467654703746646
118.19338170898128,0.08953968133488724,11.984606506228168,160.07308942118271,0.10292410132418678,11.303616519743654
100.29739335408837,0.10963082323492575,18.13454514983245,189.35347186084192,0.10105153363240414,3.844087763886981
4648.219872021028,0.04387210273175225,11.331909969556488,72.373303660072,0.12275152915005282,10.781471376192538
1.1098652287368096,0.11804321476760192,16.556290056219805,102.64778631332933,0.10614703690405357,1.7677209125204634
12.879290936275474,0.0989866701376477,14.676733805877836,227.01285082824052,0.10741498957058375,4.189271031247069
121.40901865106872,0.08145674329278749,9.497922282065622,329.2918443244937,0.11551695621622435,4.426340972384226
715.5118570121269,0.11473181474282779,19.731029513698473,403.7418162667585,0.11526532788691617,2.3909966189367764
21.511289238078916,0.08904611521635396,13.557499549075468,403.0236650878071,0.07996420910906554,1.9838122176613862
3.1284346760513895,0.10752691920931895,13.63745894061746,276.8917534611859,0.1009715758932156,2.13289188611647
277.4254574676222,0.10876180772637921,15.902681544328157,15.358832690208203,0.1052983463622641,2.3594961600659357
16.45614480813203,0.11610280009285653,11.752710137397639,75.49972417146643,0.10320775604172978,1.2967334896822749
40.134245126487286,0.11851532029559342,18.23305100885402,332.3045735568078,0.0952658464588482,1.699830502447358
22.19559012509108,0.11559988244510648,5.781198932100732,90.45183482051465,0.11553439812128116,1.9273660354338489
85.2214835664349,0.11365824237255126,22.844255401527867,152.11408712785436,0.10755334259012006,1.958857472900771
20538.960893474054,0.10320869012623543,21.953377140625484,71.87077024727864,0.0873955222644966,0.6414451303548621
43.43256601309462,0.09759836200889443,14.855393493771832,121.65415198239901,0.1070758986758132,4.388545856713648
49846.01629681894,0.023854027329312744,17.198958362489524,180.93269664399338,0.0947954313035407,4.96179154460559
130.87645755620508,0.09934427086825545,18.163129424069563,109.1321662991034,0.0911546127397086,3.1745818250006805
2483.5830969066496,0.07115507086044251,17.26778299235798,118.61259436388838,0.11858666893826952,2.6536929816928874
10493.725700980707,0.04759512131591696,14.483358761271697,688.0602826573584,0.12334270547552148,8.565519837400995
141.93090729970902,0.09700470911403081,13.195448846164965,98.17089146822173,0.10497045929278276,1.6251681256043824
149.08286273121803,0.09755438035547143,14.68910589380785,150.36112660709654,0.09552684050582175,4.235449260975528
56042.32619011546,0.08080073108268697,9.47977361619748,51.03198304429981,0.08654620201255142,0.5834918224305614
256.8716313961883,0.09281198263960028,12.056122616577568,11.378089709009828,0.09504659586969086,1.7822781880719507
7452.944569118714,0.03441749639172259,12.990803376416551,49.791052975840785,0.10767751002757073,6.458848188497571
7247.720371069641,0.10992082927712765,19.299397608994667,516.737664745208,0.11517750479973543,1.817630374497063
4.231173739741295,0.1096748495703217,6.724740429743999,220.03842725083814,0.09502077258754749,1.6001543367393811
31510121.66368424,0.03094575228716468,14.295181959671488,30.934572117284176,0.12401590757508256,0.21496826723840634
78732.90359427802,0.11195281592370473,8.40995143565199,60.34639621789148,0.09852527631114918,0.4348003848960973
31.779466710879262,0.10784967823756009,12.764377382583879,86.7843862998547,0.11547902324095549,3.0032121715661066
100.8386775981354,0.11735228233314746,13.959405624056002,185.48239585905446,0.1097351173965832,3.7505285565761746
8877.739027026382,0.05448012398915051,13.871548409294206,18.65042287272587,0.09162192839623162,0.8262587139298896
20739.93750968934,0.0348601092950547,16.78959006642359,339.32961343630035,0.09671064436692661,2.9878650509095617
1159.27014220824,0.10849277885347552,18.07513217194627,213.02155048764644,0.10190062132303271,1.4413196635420835
394896.15045785345,0.04451134202798203,14.218850553097019,984.3570745324953,0.11104165025039055,1.8178658482213779
289.4280917069701,0.11470228229331894,9.368835739439792,137.13564492173936,0.10202885752262297,3.6887889158107905
135.04976612822549,0.09329479991853928,8.168398312234372,195.80567891031552,0.10769831775542263,7.095098804655059
1415.4411775864571,0.05390467215719584,18.37507028115794,371.0794368133894,0.0856780178079927,2.6906376236601455
42.71095435503821,0.10744416467593215,15.936794985262946,917.8560726484818,0.09593973221091606,3.311168585917693
398.93431877870273,0.11522167424714878,8.93211208197911,9.774583447360044,0.12486855957311645,3.0393413256744894
7981.860166352179,0.06084615353277756,18.063223861314082,691.700701615842,0.09655431592858954,2.0220039834795074
145404.39207028784,0.10841628135509289,10.316489895653891,75.61579930302167,0.11497562492762478,0.4318451780425523
58.859775206500146,0.11508941547343554,23.2174251318902,79.41446646673324,0.09900495105604099,2.1147902099632736
137.8005371985197,0.1116016664235928,14.653844441096767,325.0281185386449,0.1106548922014285,2.3283287955432117
81.38781196947946,0.11234812228800625,20.095870261707034,279.69949618829,0.10101918180544517,4.084058961887684
192.5710549044514,0.11699634184378546,8.337120017942253,106.49895175231882,0.10704658257636317,2.65248606813266
125.05727359494674,0.09546079184807202,13.774987557254445,91.8012506003642,0.105,1.6594999999999995
16.09925902105322,0.11566283281889511,26.23171533538109,83.35929833480986,0.1041929398632129,2.2445252725712623
270.21106887600286,0.10381732797434787,23.655907667977182,293.38197633816435,0.11093601594956043,2.8964157205110785
316.72784993946897,0.11566289493365767,18.71422698114179,77.67739518835873,0.0924737363902983,6.951763365888736
67.21223743006374,0.08724917215543442,11.959344630330882,23.395941275765665,0.11829533023120717,5.046817330421453
555.6459419410824,0.11484679042125215,7.997703800825013,189.35347186084192,0.08057330732295212,8.369655721916244
21.198619458679186,0.11261248005723959,16.874531919617286,201.7033315797604,0.11862179628536473,3.3779751059491976
1.7239407782645204,0.1131039531683779,21.508887757490122,126.41263078891467,0.10883091654687091,2.341889442027325
684572.5187120063,0.0392645740393699,12.492555659972027,68.93204411669768,0.10679494475257906,0.8707471630508383
194.873872745516,0.10352971915818665,12.337173592276415,225.10736905336938,0.09414891728935926,1.4728585042333968
1210.9943334090253,0.06731969025091183,14.886102369948285,239.6938489257504,0.11816921985808052,5.687856296196685
340.06711099309075,0.10685855288085924,10.279736021287228,264.20839291202617,0.10286466595000836,1.6438869333935928
10.085429226588086,0.09788379859565692,13.740465726617456,57.19395528630446,0.11682180709344711,2.13289188611647
34.20942411150548,0.08159350162867132,16.493740491358714,225.18826590584285,0.08673608815949765,3.626086426269839
422.43418929725556,0.1002579779586242,10.484974044684584,35.8013221416748,0.08579193174997546,6.510338479128264
376.7324129593436,0.11438795836094187,12.121591068093363,20.17633082700621,0.10978053358818476,6.033853426078668
25.347887929030634,0.11559988244510648,16.09874603400915,116.66737125410731,0.10713767010382509,2.2705633352564867
46.99998887538487,0.10015992507092067,22.844255401527867,157.42988816561456,0.11717941281692817,5.632231430999392
65.19089378559704,0.11193414677874354,15.703377871047849,180.8553053361615,0.10358675747920737,1.760879781522112
93.77620151431428,0.06821252855324487,14.208006044828359,402.3491580549133,0.07931775924117349,2.0708154354315074
122.07782958602144,0.09422108518769791,16.04241653780216,120.73379386472936,0.09488311051929549,4.358836042780808
478.8513747384373,0.11633471474312848,10.806278459447935,535.7666482761582,0.07977108936930205,5.059494937896906
432.13809030264076,0.11567158829619983,10.197728477564707,33.48711267395669,0.10120128001903003,6.466421186508596
325.88970370002295,0.094281705905631,22.224045422065444,59.71214559530665,0.1289187213087848,2.9914076369711866
12.658342405963925,0.10828467312263192,3.933085042403153,128.91293849525022,0.11708820860011969,2.2651919418598796
164.93311863428573,0.11612611429311565,22.02952067858142,221.18244514412203,0.09552684050582175,4.547275701557709
4.625076568425152,0.08080073108268697,15.397525407917973,802.2888208750921,0.09810830985696098,9.744721210225563
4895.742133261272,0.06749465219463317,16.47193686076398,172.04143653321086,0.11008994191974367,2.0431265672623304
3431.252743657412,0.08926097502904634,13.794294013152053,117.29094746837143,0.10244027563222892,1.2431703984306166
7471038.186601689,0.01130400050794026,16.04780966294638,151.13737726473465,0.13996869545672241,9.139426217731486
25.09311746758935,0.09564906985330025,15.786370295356202,414.60523736997254,0.105512932147093,7.052095104228979
1437589.2789960974,0.11986019177196588,13.083864589648988,533.8331010357753,0.103622681500479,0.5962517689274183
344.35885087063934,0.10879300086099339,15.343205709157164,46.36312572353336,0.08661975005979825,3.293254896179486
586.7561976497223,0.1057013801992788,11.639026662573986,618.4245008987158,0.12193331220819548,3.331054284894788
37.92902085658829,0.1024005943082576,23.522095166398714,102.1931204029031,0.10238172104014323,4.28710568842008
27.026335652748088,0.10486350883743395,10.979997655920526,662.0916493160429,0.10996949385400445,4.874695357528354
37.42869460406355,0.09488344111902286,17.445667166668375,42.348748338379494,0.1000148917238104,2.102037714234446
106.19400841171725,0.10630881895164018,18.07513217194627,575.0269527225506,0.12138490907138898,6.851777351558164
243228.1929792134,0.09467759985424151,8.080010514099733,50.987390354978004,0.10127230427933688,0.36406504975879184
11.534956805694202,0.08515566938617807,21.25195169526439,212.76323684812314,0.0865332014121786,3.3902937529843835
759.0443139197423,0.09841011995308882,14.782659706718862,914.1740266019872,0.1222088463095106,4.503534772156415
107.59030325635602,0.10719623299097004,18.705704345114132,171.20905902370623,0.09627755658914186,1.5656428250617207
217764.15744499938,0.1120960002694832,27.582619577219866,78.63401851753258,0.09275907242462583,0.3944426625261066
2.334012376125464,0.09826366001959762,18.751836412986286,162.05691029056692,0.10198217875601907,3.0393413256744894
19211.220667652113,0.11400018615289839,9.339946911415332,987.3027733485376,0.11830288402120681,1.8335505573292457
275.66228156573425,0.10233918378150392,13.238329116915338,50.37924134919052,0.09965287537988385,5.8323563379559165
644.7202462285476,0.09463770749683005,14.87073141576198,463.7382756767662,0.12833044270747224,6.485250658258002
117.12638411867377,0.10880026574718048,14.653844441096767,325.0281185386449,0.12030069920368895,3.6105123101676355
161381.33507507475,0.11354255757357914,8.960206899638393,593.7779076540531,0.1258002545727238,1.3170582596130664
52.94983292170467,0.11699634184378546,18.747514395262357,318.43961991617647,0.0976753348906772,2.65248606813266
191.71194278318592,0.11614658927840305,22.11243240623229,99.98000000000002,0.09780142953440851,4.575085666992834
176.39212170140922,0.11566283281889511,9.76456104377137,49.1459460162381,0.11170495820169919,1.0834488741690311
841.3843718852077,0.0791509321634308,21.14290490023432,59.89615664146038,0.09824674092170399,1.4206996560289697
189.13364191506645,0.09551720545839387,4.862491753536396,68.94328768486582,0.1183590798547071,11.363314176258255
0.924623419409857,0.07640682703267919,14.342790139858904,494.3913077519608,0.0714411280949277,1.776538074701696
199.50389728350558,0.10597430247085877,11.746982440656517,23.042360731961878,0.12389371265662287,11.303266467922189
30.86962854853204,0.11353815229443628,8.917258033525986,72.373303660072,0.12600056596131165,2.9699891619452923
201.15639962414133,0.11004448442387196,15.883500145800664,24.33567283440709,0.10837133754047386,2.341889442027325
199293.3503570805,0.11036809023136626,12.663347582075366,227.01285082824052,0.08970255209804379,0.6318476478230055
385097.4314251035,0.01689583968964415,15.928095736011489,164.0882066952962,0.11551695621622435,9.952872910683977
834610.1677344006,0.01330873744808804,12.18942859230452,455.76172802296134,0.11076966844391296,5.2251788884688
15765498.617547248,0.09528225487318798,13.778406171689014,91.72248730237544,0.08156901607246331,0.13820666840472562
0.017452531640678424,0.1150984577430803,14.5218830079927,111.83615797273347,0.10646769550780442,1.7913522789417673
50.480387586790215,0.11666466592819699,15.687854300042854,40.71592165051226,0.11910755700794108,2.006234753515587
447.69930981258005,0.10357294167537062,22.109997116505305,253.9005369489054,0.1009389441138047,1.814872889575783
0.24901008020210563,0.11043998242896753,18.041280718132057,129.50102050166748,0.10606311377469886,2.148857734054217
1293.8921008978164,0.11559988244510648,13.628051724653423,117.24826464329334,0.12067630808210843,1.4707820687077309
451.1275192301749,0.09481610627697455,4.504592762616545,5.153452274501262,0.10311873668281095,1.5986371264712824
68.25775938740469,0.11250896677238387,23.448496206232477,71.87077024727864,0.10059461637741055,1.3290607491898454
2.620878934367445,0.10778617426129614,14.68459287304768,84.71324516435237,0.10962125935181428,2.0708154354315074
237.6120441395394,0.11530306166697757,16.321261608905665,180.93269664399338,0.08397294189980861,2.250742863785451
28289.07880053208,0.10741197871709952,11.358112041418995,151.22689383993327,0.07814279158037943,0.6949647146130999
9.152605340931757,0.10754809309778512,11.440669653261532,89.66609859587749,0.11561848416927038,2.4915466835881084
93.26990404842817,0.10662579775004921,15.243355065324279,59.71214559530665,0.11166323611759978,3.4628910217315796
20320.57938625588,0.04982553788167649,16.829768511649977,166.18454407192718,0.10912517877081011,2.027970504602415
41991.079171561905,0.07955490549902217,9.638856954165469,955.062700844811,0.14249974641929686,3.7362961124168215
1448.1009566833034,0.11155573987428663,12.528529911494491,802.2888208750921,0.10828224998784056,1.9954864305982278
2554.4440253820235,0.1168481300202211,15.503238909171355,588.2770587971711,0.11565866830681268,2.0431265672623304
575.1911133394767,0.11419746834028763,14.354278702324391,62.54682198589393,0.09314250273640115,0.9034074674717996
276.1553042251212,0.11280714092868546,10.515142852349124,23.875902233205466,0.11225010762813356,2.4311484465478714
439.5870474035963,0.1114229006796233,7.628992084304973,64.9144512249556,0.1004043983974625,8.394746469227961
7.440841983894925,0.07920349663566693,15.093017559343485,533.8331010357753,0.08610628734337711,3.3816322850988736
249.09504549860998,0.11482728153642395,13.625677802342654,265.7415947090742,0.09321172579258766,3.293254896179486
0.029592154129482663,0.1057013801992788,20.063016709132253,34.770921186154226,0.11280777303793846,1.5926510723398941
129.7230416463543,0.09037563789797659,9.615532216709266,152.8919538310215,0.10239289899458696,1.795925572778069
206.5976534886505,0.08718758191830897,12.146441290393229,48.380745009337886,0.09162192839623162,4.069118094709607
147.12412126883376,0.09488344111902286,17.445667166668375,187.1621828913403,0.08248755257607776,2.9878650509095617
120143.22351377168,0.07197686829951251,9.798288641902925,151.7362177639534,0.09616469444188755,0.8737723187315343
23.89362635347583,0.10691146573606547,14.218850553097019,33.152381600710214,0.12919709688389036,2.6873589326002176
10811.790954879973,0.10041307378290358,0.7664511386604254,126.54075243440047,0.11274271236751693,1.0714845938798838
191.91237695031748,0.11747563496504781,9.152970536023986,373.7054574351529,0.10597613482409164,4.001801370361758
344.5175488729773,0.11384312468382951,10.683527408383517,341.68134911622496,0.0776751211038322,2.1770195269581256
39.984939652918996,0.08914009441402737,27.582619577219866,207.27150034814667,0.10165113443191841,5.506002560320036
124.87510409319447,0.10641174142726231,12.5306467028647,111.86621033519162,0.10220278316113905,2.896015706182318
352.1859437419778,0.09058210437404193,16.36889725775225,196.892225001969,0.05825982261563392,5.243837178329114
543.8423016940776,0.10306840857978089,10.536977058835625,1.2834764237105105,0.09965287537988385,2.1105844601134987
318.55156984195025,0.09563324182376674,11.663530102017074,141.23910599382975,0.08125979264143732,3.985186466060286
1.1083743411997156,0.1140492322717826,14.959952981005266,100.91673041434149,0.1009241545061429,1.5274047977952794
42.142478771032486,0.11744850516938152,19.75695042069134,24.021432823702582,0.09832255159260417,0.8004941112456301
8230.823228289122,0.11050369027486245,18.747514395262357,470.5466017828605,0.10201675228868606,1.3767176977401876
9.329220886261,0.11400000000000002,14.964405906951281,53.656297431830126,0.11141275048659499,1.6594999999999995
143238424.48195395,0.012950189913871611,26.23171533538109,119.72275780465571,0.11974320787182088,1.082113997574039
0.593142442152127,0.10381732797434787,16.243062382788704,527.0534241000348,0.10281098426714733,3.3351297722917863
2878.0106933494862,0.04197831668730728,14.342096843862976,270.39674170884723,0.09910208133969803,6.951763365888736
51.84586426182706,0.10556945631979883,15.6213091936226,223.0900504022684,0.11287747756878502,2.7809061280864524
29.06105731438359,0.10324775020323525,8.599871893710322,91.19905526276864,0.12652015360823932,5.981468216241326
3973.176742044946,0.0690425890626273,16.874531919617286,98.34862909788666,0.10392495021283377,1.5553052975199089
641.7539477428581,0.09251999341657394,16.556290056219805,562.5362376186075,0.1054573812486235,2.4763268327716457
342.68012416740805,0.10876520729881331,8.810721227615025,33.105610851397614,0.11288647453404727,10.13816547281838
230.53070158515936,0.11050293322214692,10.064146344192272,873.7352083194306,0.12707503799055825,5.058323985986965
5056.912331228,0.08463175291263525,15.049307172611208,426.9140024616842,0.11816921985808052,2.3909966189367764
113.51160701831328,0.1014419147020966,22.310966995728343,480.0389265230231,0.08899325120740903,5.650191539634421
25.730156400432634,0.11705519974881506,15.523025687699826,111.83615797273347,0.10566739778632966,2.0467702846922604
4.0868820286505345,0.0932965760618949,15.687854300042854,223.85556355888798,0.1052983463622641,3.389244281721698
116.82532710497838,0.08949328325092865,17.945317146734244,7.37962264000123,0.11336133925910637,1.8543906094863
106.35287692515836,0.11043998242896753,19.173517889077324,36.62404338197342,0.10978053358818476,2.486424367538545
124.23216767545341,0.11646735092828522,14.90146127503156,70.35135325838206,0.09877339113610253,1.8515402926330813
91.07471441380457,0.1178508979186828,22.844255401527867,49.95485076815197,0.11850992952454686,5.315757550717503
539.0635153595438,0.11589689905788061,11.29641469159018,12.339411439788364,0.08450212249801548,8.656775933201647
381.2382579482953,0.10469520604043711,14.645977761030617,4.986382440404043,0.11481256621402314,4.498109921725637
60092.87567714265,0.11174212083477011,15.097685744196452,180.93269664399338,0.10276804962102958,0.7695077399192218
238.98867971206607,0.11616278615407577,23.41204938050536,284.09961920639677,0.07814279158037943,2.950338928937735
4335.001420710421,0.11524789934315491,10.351498808879528,633.3801034673618,0.11747543898352014,1.9506840508301178
98.04811612607314,0.0880649789495245,13.562905753177166,59.71214559530665,0.07897985245979736,1.632530986901327
213946.98719083433,0.029966703107670772,11.637138477994908,84.91615285305335,0.11109243903319409,1.6012208282044842
332.16212255774866,0.11820850693736948,16.460293406258476,126.77549577052002,0.09437948055197651,7.226627380688836
30798138.84263568,0.1076569096581074,13.345313601225278,802.2888208750921,0.09504264542646723,0.38849753780855334
205475.59687871477,0.0268312098471849,19.03118832948857,353.15149804561037,0.10566111842784834,2.5283948078586027
2.7584332086382943,0.11008348521157629,13.861376155979578,145.57509134170698,0.10833809666019793,2.33516118492709
368.41558713143854,0.08250407770000816,9.842273634273088,395.17213196827294,0.07244609847972297,9.139426217731486
980947.7364504725,0.03880288364044486,11.222903797966158,64.9144512249556,0.1004043983974625,0.7568274624484888
12262.448090861291,0.11419501676563656,20.69271574072059,270.46422898374635,0.11670547686658662,1.38299534020007
1214440.9247306162,0.0490328280861884,16.76986922591191,90.41485721394452,0.09649735637427587,0.6644436318810083
260.14258113712054,0.1079450621527098,13.5348611310575,300.50600968123865,0.09724315022979119,1.5926510723398941
1597.2579087207064,0.09752123392831422,23.522095166398714,216.96176450308633,0.08146083878296051,1.1304068641162992
76.00303878337095,0.1081977475612074,9.314021321215494,534.975209855592,0.10326509291569302,2.093099266975261
360.46751881030013,0.11690924983358125,8.737341011078296,67.22777109640361,0.1000148917238104,2.9878650509095617
3.3821295026889984,0.10992625837938319,18.07513217194627,221.4095470782811,0.10271751266777708,2.55345308356252
6.447472849138349,0.11399996568072088,17.57351795095072,162.3269737050831,0.10576475017912783,2.0295184877007326
175.82294489752752,0.1067293346225838,21.25195169526439,341.4305479920962,0.1059936328527113,2.4413463276566114
1.9555228534049878,0.10539489718317903,12.710357385131372,105.76013505471792,0.10797281943882067,2.123202115820301
52.638139045170675,0.08366593034435818,12.50699730762222,74.20288311348543,0.0776751211038322,1.5656428250617207
19.533625876152755,0.10744416467593215,11.142829183997081,141.87833904245213,0.11137258252029832,2.0618175701365855
0.0760091998631395,0.11428247065375927,12.048771952213663,103.8234640095539,0.10550371461387682,1.6633613970753691
101.38461176203056,0.08828072065634056,16.36889725775225,140.42501632063,0.09814416914192728,11.372282931686579
373.57076987005274,0.1064470526514446,10.536977058835625,81.85967494530115,0.09482271486915447,6.377853228332269
1552.3201026767288,0.1176633133873172,14.87073141576198,94.84547103091944,0.12330117588971198,1.3268164310304247
24438.763304387976,0.045242291513944155,14.475131980356782,80.25854638432241,0.11335371470642953,1.8844751034320808
244.25241035650845,0.07600869968124074,16.429523594787376,100.37078239569547,0.10844117053367189,3.0084818872125005
6708669.899029557,0.11699634184378546,18.747514395262357,470.5466017828605,0.08103469959543178,0.4006271547461999
413.5952895763244,0.11400000000000002,19.39555672046038,4.458236614659654,0.10386833954337782,2.825881496672733
37591.14735650534,0.08935431391423708,10.317521008155728,677.1314012580301,0.1294682727064056,2.2445252725712623
111.75481127377117,0.11231939641686547,5.243891843934637,161.6163423658947,0.10709658085246364,2.3786526891791047
2074825640.542146,0.04787679997716772,12.773887131957482,140.02043668012539,0.07380042032523287,0.06770058704660364
37.40687905983185,0.09926372977031547,15.712469232654973,216.10445924202656,0.08263192383725376,1.7971884495759536
0.9177474424399473,0.11444353388625149,15.544995229611226,105.22414402817242,0.10092442993025359,1.5571884386292059
109.23810306186954,0.11457820208353822,10.008727577872174,160.71596897988377,0.12074652470669263,2.192839440708568
2.9158522787943597,0.08315877417963075,16.556290056219805,146.02912881477693,0.09054502047977955,2.655498280762772
83.26501701424597,0.07583469042483286,19.962093313912135,158.07980315813774,0.07387744592949178,6.442061262686767
381.0828268999386,0.10352971915818665,16.778054857420763,495.50918778511925,0.06758543648507437,7.902940148201576
10.752148085780291,0.11834797173941933,15.089982773360592,122.27002790840999,0.11272930729202715,2.3909966189367764
287.20089952216904,0.1031744577256607,11.334928943882018,16.091282571485465,0.10179495818490865,1.9838122176613862
48.63636372489137,0.11191498468152639,13.438010316890194,422.4741803055575,0.09441610288012506,1.7267226511436373
8.178657429274775,0.0715717294886967,15.687854300042854,543.4810382720937,0.07176849388020845,2.006234753515587
416.06367962016463,0.11864187577195619,6.782274590061705,23.671865473949254,0.11997631530165109,11.223411811789576
39.458516403979246,0.1158918124867597,13.375392904862613,157.97189778676955,0.10928200667982271,2.6826876205737036
80.01482079802445,0.11804900517557732,18.210260419066163,102.94723518782752,0.09709202909189601,1.2604111713210964
0.5949496543544394,0.10623339660385238,22.844255401527867,206.86281986749867,0.10712044762861679,3.9632465235417476
27.819985636519817,0.11193414677874354,10.68079205567813,182.2128181758883,0.10131607586904115,1.6312596165104614
32.87650382805762,0.11736103857078328,16.11025088907164,186.0804267497267,0.10156673428665708,2.2393200846690724
0.07278928465023514,0.07670549263714983,24.038586612946077,108.9147197970355,0.08397294189980861,3.6120542226960857
606062.8215182718,0.11185471667131082,17.473253383693653,284.09961920639677,0.07814279158037943,0.5336558240858409
258.12877866564276,0.09007059589264588,20.882257521338868,118.61259436388838,0.10120128001903003,1.8969691404493192
831.6945443330442,0.11683683704737616,6.90113081604424,135.09670478614697,0.1289187213087848,1.8299706612044737
140.22783725203422,0.08269815560314023,13.185496524521533,742.5606424926139,0.08733060199789536,6.876824698691097
9848060.519975197,0.07521492929014566,18.458189711024527,75.14709941013513,0.09552684050582175,0.19687905725816357
6.864888520088675,0.10973097422606898,12.519595179623554,121.90154555770062,0.10592898529455383,2.033764210246771
44381741.29377486,0.045520172728814264,13.288064656976559,790.7781898994479,0.12579612583763822,1.0399577089922527
7482.47602145223,0.11008348521157629,13.861376155979578,64.69595480108177,0.0967104234267682,0.7131660019465187
6246.262643188563,0.08585510644182398,11.394306191621942,424.601315014905,0.13996869545672241,4.579115040548903
257.92622118291285,0.1191301011657657,1.8206753702018563,679.2972064157834,0.11637239629528433,6.228252580068663
143.4696820911096,0.07157850517157349,5.787368992017672,595.7637272580309,0.057419279247730215,1.4872953747407802
0.20998572253011882,0.09064558523830808,17.39654357269655,60.34639621789148,0.11777176138606542,7.752610650991923
17.41921437190992,0.1057013801992788,20.145009112878363,285.44036451874285,0.0901352730857807,1.7797398670888835
17.85330959484736,0.08763621174108263,23.522095166398714,55.61277946303176,0.08713884254250498,2.327040565995121
19.677519708892355,0.10606756942851464,11.618265911778717,720.8202755170978,0.10825859769318233,3.075704869029589
3771.2929598289475,0.11259032584977964,4.017198416816383,801.0407008438755,0.13407913204615032,2.9878650509095617
139.39452182430824,0.09095597701181787,9.828036535363118,213.02155048764644,0.09616469444188755,3.983994183795203
186.76555949200133,0.10691146573606547,14.218850553097019,100.32843110002045,0.0960021121464866,2.8823850697366815
189.74234284542166,0.10041307378290358,7.712147766693558,341.4305479920962,0.13381222233936832,6.679608871830374
40515.7146731503,0.0898627963717016,22.128026313453745,366.5656633027311,0.09151326001796026,1.0674737508651369
276.47303687173667,0.10722744986960535,9.548751121146093,614.5097431600725,0.09933719250856729,6.303136595077115
1322.1293187674687,0.10744416467593215,9.158121435876076,155.6083965280228,0.1472674740117404,4.000340514699873
42.82085191349392,0.08461621789717749,23.79024018972411,626.2324852791405,0.08052760025846567,7.350395431493854
2381.4531949475436,0.10549948263939864,21.09732288466103,691.700701615842,0.07994388609591871,1.2136497565356779
1592660439.3191361,0.028629780506305595,22.379874926069395,707.0401096259168,0.1186953856818423,0.6023908717977102
149.46732493720762,0.11467691884409444,14.883715617508257,52.89037058732737,0.10059837890567619,1.0314430382696695
2072.765211007487,0.09046589457704265,14.653844441096767,248.68226829651562,0.12508028055532724,2.83071518482242
75.99614636049739,0.10938779970297857,2.579332156843133,190.8974339604972,0.12027177439382034,3.3719619556059612
116.33729716510466,0.11277915180369447,18.906875500807104,645.1364119927975,0.08645622202904066,2.65248606813266
190.05807386615754,0.11400000000000002,13.420000000000002,99.98000000000002,0.08505412508662272,1.6594999999999995
2879.915007713191,0.11788159895502887,26.23171533538109,106.57992407749418,0.11974320787182088,1.2481105878087337
2030.5691319943148,0.10381732797434787,21.746270901711906,287.56650365360895,0.0971959451643567,1.4206996560289697
4431.3453508789335,0.08427308243603178,19.437027221604076,114.93790545986013,0.1183590798547071,1.7308829661789948
127.59644752951216,0.11606176040061343,10.86173558533021,160.07308942118271,0.10710346821281214,2.9798111814022326
125.41512873483451,0.05780595227021361,6.660899691226145,16.014124871815284,0.10770024574237588,1.702458740255615
325.7708952592835,0.09617108286682806,16.874531919617286,342.22118959856783,0.07480111818270407,9.588531351631453
18197.102187549208,0.044988616269325335,16.556290056219805,10.602760874808382,0.1795129615498253,2.341889442027325
58.09692214720202,0.052775989009088135,4.2075891173384825,1.657424230365848,0.14598750865700177,9.828966058172135
11745.162910301708,0.10352971915818665,17.920028167898725,172.13568568697912,0.15173069495368388,2.794219597832089
21.78725847173825,0.11877019364543107,12.18942859230452,176.55451960141312,0.11935486408824518,3.675279956690317
97.26596719464405,0.08372451384650502,24.517998290678634,740.4381087263931,0.10304975877429075,9.032674493926155
4193.615195508568,0.11211261486548332,14.5218830079927,401.811361508712,0.12725235750863628,2.312726360650003
4824.653061562334,0.048260179951479486,18.054076726899254,118.25109098736442,0.09170180925569385,2.006234753515587
29.29736739972087,0.08429722917748005,15.518313196185522,339.6302377680939,0.09603837364639942,6.361251521921638
67.4994819090301,0.11043998242896753,12.209233842803666,134.4538333919403,0.1001742892047878,2.148857734054217
73.21350480561411,0.116892958495359,15.0248712771646,57.68428674624056,0.10713767010382509,1.8515402926330813
43.37026765078865,0.11622929451905112,13.367435407369102,168.31712156475464,0.11004587747923118,2.8652149270712326
521.6998876777209,0.11180460217682295,6.839563241213691,10.4677937967341,0.10131607586904115,3.4649412138582196
16238.87947401455,0.028176549461912268,11.592669568118083,121.65415198239901,0.10535391452013347,8.778776411227172
20.3450833983434,0.07670549263714983,17.45173918440043,60.057080114908274,0.09340748850820413,4.96179154460559
103.79989281068094,0.0786306406878084,17.971639916854404,284.09961920639677,0.07814279158037943,6.73634335906843
5.974920538147726,0.11567158829619983,17.26778299235798,117.82554786688945,0.1156282581286838,2.8979299957026123
0.06602850738287082,0.1088684621400775,12.771166599782335,124.98202372564396,0.11153860715279282,2.2821156370010334
166.0453293176871,0.09700470911403081,4.936070604623778,71.50411317061543,0.11288707575285052,3.709065316918305
6.164338415931862,0.10367142818433185,27.4575482870611,221.18244514412203,0.0983999042140169,3.909453888138298
370.18306962707965,0.11618068284118,19.764568777080306,32.35882640253209,0.08962944303748571,9.20092735853664
20.438613545588723,0.09422947607528573,7.976016246414215,172.04143653321086,0.10825296460279016,3.0691126907514588
305.33592078385357,0.10560095055678739,11.01499418605701,723.0556683062067,0.1073857217868702,2.33516118492709
199.9190239190274,0.09571501119703481,24.643404827962236,174.58891143987006,0.12098301585542541,9.139426217731486
3.751617742162086,0.11261962772112213,19.045435617550204,114.82848892883766,0.1113246471422199,2.253965148376608
2.2662599506015244,0.10601136115578863,20.69271574072059,158.24368297845183,0.103622681500479,2.7750110659183154
50.99297076488092,0.06890904932115123,17.39654357269655,3.2539935178966175,0.11303546631882375,3.293254896179486
962.5695268628862,0.09404152873069117,20.063016709132253,228.84407685206986,0.132529560332389,8.034425299100796
782.0995790820361,0.05201086807989294,17.65273687027102,110.8943224862241,0.09841916890416402,10.696318499911824
60.12317301239135,0.10606756942851464,15.711127071754557,70.88492554408731,0.10109983057277079,2.093099266975261
250.0967433309351,0.09620954346679318,12.753391247929084,267.5177338635345,0.08186004793192006,1.278157817827295
17299.12134015451,0.07782643498980958,18.07513217194627,213.02155048764644,0.10020622713442488,1.2775319273212995
11140.289575234608,0.02935221124276962,16.23564700939219,241.0008002089806,0.09095285170846684,11.672405760888651
39.918530184882954,0.08331025588690094,18.56333206143567,341.4305479920962,0.09039835257756032,6.168560039986238
248.37373156750456,0.11920274556348454,15.445116672738742,816.0673892083478,0.12205347418031326,4.001801370361758
18.012744824065948,0.1094569142546527,24.453451895290286,232.7800239544672,0.0858621651753165,1.5656428250617207
273.699605274172,0.08927065828205498,8.04333405453215,13.586549048594463,0.11093173558555854,4.858234429921835
91.25687740859476,0.1079605873930658,17.178502876399623,30.82619445288867,0.10550371461387682,0.9954691183647562
84.22604812844713,0.06084615353277756,10.651020279438487,158.7345296992284,0.05825982261563392,1.1493770995509207
0.7756142591452726,0.11673246095354098,18.278332534611877,437.91165895210594,0.10293702430071708,2.565036083678222
19.932507329777593,0.07098551459906706,10.021252881299443,301.71363534373273,0.06600635859459089,1.3268164310304247
0.30222641584081755,0.11317612297815287,19.04738177821168,484.8126491267918,0.10240553979065596,2.8338175091684574
1606208.4984164028,0.020705655225410097,23.185051164698834,39.76861067479217,0.10101918180544517,1.0660557024334123
1107.7460951532623,0.10553574079329833,17.962871686280955,470.5466017828605,0.11594387455772202,2.558644679886582
14.078377553216418,0.1181721163607781,8.043179717574333,403.62445985044144,0.10674671476002384,2.4291920893551744
96.15816816943767,0.11566283281889511,26.23171533538109,139.36136157541415,0.09810722005601433,3.708700445060908
40.55353087673579,0.1170468201273392,18.746837640805193,59.89615664146038,0.09550902584765666,1.4206996560289697
338.2132312957556,0.11566289493365767,18.71422698114179,8.624721424059658,0.1183590798547071,10.280756004833135
477.3623135155269,0.08724917215543442,15.081010034158309,580.1138652233863,0.11829450782910914,5.046817330421453
910560.9206644851,0.020201977699302626,9.440281389449243,197.98019200197223,0.11768518336059254,2.286512924928905
4421.030933162667,0.062477352465110735,16.874531919617286,91.96928129250426,0.10556256832803804,1.7476924659639668
306.2716277822159,0.09849348789797086,10.348339766962201,146.02912881477693,0.09810722005601433,11.416918423082727
12.349192084948415,0.10876520729881331,12.652923880510155,56.02657818161873,0.10278831774779029,1.4810058446654102
207.36511745291145,0.11706557669071249,9.497922282065622,565.1091680341856,0.10692626786588243,5.239862387010811
163.37266711031705,0.11877019364543107,13.772761879600564,52.88202882789386,0.1180131946856763,3.6621133893363034
114.14066224671978,0.1031744577256607,16.203958659822394,225.0787089375018,0.10304975877429075,1.9838122176613862
31.370526600382576,0.07667539391281666,17.317895207334097,53.625765823088955,0.08138298221112111,2.334904370344266
83.63668537435689,0.09888016593913168,14.369607074103879,118.25109098736442,0.1052983463622641,4.62675927937043
5.56379656532411,0.10778590052217424,17.115861179760934,182.14658476650425,0.10365641726780843,2.5658399260711553
79.64884305419378,0.09252394408375117,24.972296090922903,88.8465169651588,0.07637771124550025,2.378120793541827
2124.073983340774,0.04906544702410495,16.440382839415033,194.75559017146236,0.09723525077977552,3.8606215033029994
120.00963983785974,0.11490583492626277,9.045226764483925,210.56791334021312,0.10367793171937444,2.6249574531423723
86.24912496329469,0.09693609056542529,9.157221731502391,110.49290147151254,0.10837316569464499,3.6843305428358364
85.67136796796763,0.10778617426129614,16.11025088907164,63.87123255057105,0.10020182310749143,2.0708154354315074
616.9014143429065,0.07670549263714983,24.021726134571576,142.75368837242587,0.10944032516992373,4.0539797936818704
309.4310408976608,0.07119866050412679,2.125924778545203,284.09961920639677,0.1286129339734261,9.8706721315901
33267.44780983559,0.11477327663760789,17.26778299235798,148.3643555662241,0.12365353348270293,0.9025904853953675
334.279262943856,0.1088684621400775,10.885089813459297,22.1778877789489,0.11369153018776296,11.18439580688701
50.029082638319686,0.10318524396498986,8.533550780142503,962.317385822558,0.11708820860011969,11.363310294304595
7.68169722731793,0.07521492929014566,18.411203670464648,71.15413120611026,0.0977160632594494,3.7932320408917337
2444.3957610988155,0.07220532106413302,19.733815234063577,802.2888208750921,0.11646011361216399,5.378364101112551
57829.570642492596,0.11263642671898627,15.503238909171355,750.6357053142725,0.13312815109577092,2.0431265672623304
1630.4453626150937,0.1171052568002072,13.861376155979578,779.4161995286802,0.11662092390652648,2.33516118492709
21.537133334522878,0.11231553453062396,13.818191341520114,23.875902233205466,0.10995914245983895,1.156161158666495
27.07811042172707,0.10249420057362899,19.943967622908467,646.373580135043,0.07939863063889246,1.62427084027596
16.44539163748621,0.11419501676563656,15.297057549467239,508.7937878471991,0.103622681500479,3.0790766967606458
168.10068591135905,0.11806714266043941,17.166494075212498,60.34639621789148,0.10374564589826696,2.4625983538003364
2096.2948160004466,0.11509876451370656,20.063016709132253,68.51664306410368,0.11706735835854842,1.0347790155640588
4650788.191029068,0.09037563789797659,7.715495123314049,152.29941832523082,0.10081628992027536,0.31511592404902
0.35417203643808104,0.10606756942851464,9.436119950870001,534.975209855592,0.09162192839623162,1.8382785098245291
1479.2765539895631,0.06595852524598461,17.445667166668375,209.76714166014256,0.12131278011444944,11.538825746025646
10.782710841196547,0.07782643498980958,10.328380543430118,326.726054341239,0.09616469444188755,3.896617006382013
29.541728386421667,0.10691146573606547,12.624013735388475,124.53023467372128,0.11878864548783799,4.901950122492723
127.15525379300391,0.05999331703700789,11.398800991877724,334.87616001774325,0.10207689608269677,8.947739000901272
28.321787528021122,0.09945616429719698,14.804602295236437,66.38790610453663,0.115187193740406,4.001801370361758
1890.4754409433242,0.06723557490520297,17.461226530673763,60.801850423976816,0.11784886251926237,2.389642272988416
1195.7699249802572,0.10744416467593215,27.582619577219866,157.12045700141078,0.1069854076157541,1.5614842268140743
36837.30593362626,0.049267619493131354,12.048771952213663,103.8234640095539,0.12166439301736548,1.9111816052379833
46.69174196618473,0.0715223471344111,6.188266022180466,48.96208777938955,0.10945040249249385,6.1681222111914815
744474.3748873514,0.019978995605133144,16.915900947477194,75.61579930302167,0.09965287537988385,1.5064564080627427
334.0121716066489,0.10252759393828756,16.009365779542755,233.94269938746584,0.08125979264143732,7.423990935713074
56090025.70669894,0.11317612297815287,15.009261198528545,484.8126491267918,0.10240553979065596,0.20050293027719235
169.60369614702205,0.11132449261900827,3.2836084687431235,995.1336286765902,0.11919104394466794,8.997994574961973
92.63158138456035,0.11699634184378546,14.085761902586052,147.69242727124208,0.09874460709591107,2.1430585999922025
42.365988290132016,0.11400000000000002,13.420000000000002,60.14271636257462,0.09841871522190296,1.4394322292848196
994.5043323793991,0.09652806139747333,26.23171533538109,71.0287864022007,0.11974320787182088,1.7675640173656237
197.42270494015006,0.09567069919152066,5.6296106151840934,271.43696569209055,0.13640191005188418,7.170791210389125
50.74204601683444,0.117491831105475,10.205848412186757,744.4799082397121,0.1183590798547071,6.951763365888736
10089.904877432658,0.11796530238968228,10.86173558533021,440.4373070882514,0.12146787724615453,1.7100668569575426
218.70512364627783,0.10597430247085877,9.440281389449243,15.594140045755296,0.10260094624576378,1.3334351285460873
2.205052994750795,0.11709090299127889,18.711186724408815,122.784538732687,0.10444245840533402,1.9381083519824962
20.664205556977404,0.11004448442387196,13.581321572643436,182.6472467094946,0.10837133754047386,2.864503298145694
251.56061035328742,0.10507960358934981,10.927514006208945,227.01285082824052,0.09034443049158133,3.062300447881146
0.6377951992682209,0.11525977841218313,18.153074608258365,113.39213053965642,0.10109816040281863,1.6556772635138737
18431.911705780403,0.07782830866439941,17.341232454777437,116.85194814120081,0.14613917251647168,2.618149824617994
0.860486082091614,0.08948374247233784,12.343487295972464,150.99228407297318,0.11168719991981986,4.727926037634635
2849991.384617796,0.1150984577430803,14.5218830079927,134.2397048326265,0.10139981820222821,0.2333046730282149
761.6048708255596,0.10092427054260006,25.601575931546584,913.8267250690083,0.12013039881153709,6.422994291264558
86.2080033338022,0.10167677745614404,22.109997116505305,77.88432348535713,0.1001507403276225,1.520706130168513
6.132897807684948,0.11519553449255662,7.887313969970403,26.124821573608983,0.10771640184807368,1.0000638816084253
4.511953868391505,0.11559988244510648,15.910232228452415,117.24826464329334,0.10022393471967679,1.5396034732132318
99667.4523168333,0.03640209991584257,19.44672624727558,157.42988816561456,0.1102873113750793,2.0316995583648234
92.11038314971489,0.09751458049657571,23.448496206232477,73.83029874445646,0.09045169864656233,3.4496363484417496
102.52427111460712,0.093680250912805,23.589624851543633,399.4200529403549,0.10535391452013347,4.23165211961963
262.00848503645284,0.07670549263714983,24.585436221552357,776.2392990282549,0.09591071267258139,4.96179154460559
537.869824563693,0.11784232593317195,8.609880883641232,284.09961920639677,0.07814279158037943,4.551378913278477
222.82460274687497,0.11787215918793598,29.11183091936347,99.2149450819133,0.11214809453770788,1.659146186968636
160.26901003971165,0.11598433674222218,12.771166599782335,196.45191875125198,0.10267491710943849,3.2181929878227473
578.321635227104,0.09818443244715389,2.2586389351355116,25.783531815747324,0.08910533936872642,10.835500766797892
4683.6041415048585,0.031898558380181144,14.099907760954213,201.41796626059352,0.0776226249933325,3.771721007170909
397.38537648051306,0.10974796129475567,9.149988897556245,145.53367228583312,0.08654620201255142,3.170961133557153
0.4617417833282215,0.07925244478381566,20.57154253641885,381.5456618835607,0.09580441435918602,9.303973490673378
1.9349582439717712,0.07797688119255201,15.441305646058247,211.950332702479,0.09277589092768304,3.8888919067077423
19046.228233980233,0.052190963724700744,11.371878375099165,413.3694366835633,0.13996869545672241,9.139426217731486
0.5047147157807972,0.10955524305341,25.930293805754253,310.48707513336177,0.1004043983974625,3.2486092214586346
457.0789805130233,0.11195857412470886,6.328670212313076,533.8331010357753,0.09589323301053268,9.661912092006025
59.11026251663705,0.07259955089274994,17.39654357269655,60.34639621789148,0.08661975005979825,1.7501764254700447
1.0885895710175233,0.10257850077270056,20.063016709132253,75.9676617147764,0.1189694946780212,3.87838022180828
360.2413540367671,0.11823951173893915,16.863350856906184,396.63633463826176,0.1183982938047873,2.6837691093469433
55.742899394645576,0.08205144746425327,14.45108076917856,198.88728925182704,0.09162192839623162,4.6799297288524055
654.8595978576443,0.09985636606031653,11.688116823678605,209.76714166014256,0.09128829546521577,1.2902280947039078
4062009.749072033,0.010854863679055693,9.266828718229212,52.932990320872136,0.1232299498094325,2.709612249060239
7659.540975604288,0.10691146573606547,11.65842912130179,65.76689417564728,0.11012051268713416,0.8027250872817522
2.1672111727580843,0.08205471318158028,19.123993625436388,177.4775794034514,0.10122282079637647,6.264484047017222
39.76619616020267,0.1173298645728035,11.304717873770096,195.80567891031552,0.1156120081667191,2.203312108804763
4.820971830862707,0.11173688473893115,15.033902281758472,432.0835666353355,0.10609213245631918,2.724798955182803
180.32795561994817,0.11113031458206654,21.515465968810126,63.73574598376018,0.10032804205316237,4.858234429921835
100.13510903227927,0.09701834616739705,14.709104144363042,73.425882068605,0.0975882968164313,2.750244726956638
42142.45489947694,0.04173218872172305,9.743795635353123,156.5463080690114,0.12306751862795798,2.539453669820585
581848.7868416744,0.012804207342602458,13.042339381492836,14.095538320820992,0.11802456956407047,9.161150645522822
10800.984625433575,0.10520561789275766,6.321308543351062,164.13427146471173,0.12300074270056989,1.3268164310304247
35.85926387564041,0.06230290525775059,19.04738177821168,584.5054400927434,0.05156634865002652,2.8338175091684574
34.50149237524704,0.10801466012339941,11.494615711475259,326.09397458877464,0.07356263719879338,1.3170582596130664
1170.9620397298945,0.0705004186476261,18.747514395262357,470.5466017828605,0.09791920020313102,2.65248606813266
8396.92322699054,0.05974461112018318,21.41130261163064,397.8873363840941,0.10441282426444787,2.4342404142731997
134.0573944509063,0.11773261997489176,14.335395443257882,666.317299200198,0.10734540728828212,6.01891863845582
1951136.0175604625,0.11620914438096838,16.243062382788704,937.8842959763217,0.10931311738391561,0.7641998586085705
924.3097976843771,0.11566289493365767,17.226823162643424,460.33510072328284,0.1242733681427508,3.033061613383328
315.6057386354395,0.08724917215543442,10.86173558533021,280.3477163564587,0.08290278914707358,1.3527548667397902
55.26523407301643,0.10597430247085877,11.417951517007953,345.67123976997556,0.10491500232486646,3.5348425627420625
64.48302857987389,0.10585717633464072,16.874531919617286,236.58045435133693,0.10661158747905279,5.508989193114456
17.095721325403233,0.06910738837841557,16.076965126117255,252.05727392740363,0.07857251252021347,2.341889442027325
7.4295596669252735,0.10876520729881331,29.551056449178294,227.01285082824052,0.10741990874198659,9.307561298394905
507.0946820238837,0.10352971915818665,4.180637858978496,114.41685600070315,0.0950498029594487,10.681772393466833
12.071155443692472,0.10807892702713075,12.18942859230452,116.23184540012164,0.10486346415975938,2.030875465102851
646.9780234305374,0.09744321048544774,11.88382100063453,532.5821583368116,0.10304975877429075,1.9838122176613862
3811.4657562087946,0.032638923106777545,6.1018055269270395,111.83615797273347,0.10646769550780442,6.824594619958831
38.93899546370834,0.10876180772637921,12.707413024058818,118.25109098736442,0.11636327244959165,2.1499728710238615
277.69090332713995,0.10778590052217424,25.584563860146627,139.1843845980137,0.10651525211479201,1.814872889575783
0.5321422905511293,0.10784691131110308,19.699827909221383,135.72832578894378,0.11166186392767019,3.2811197863930612
203.00177281166305,0.07872562854883183,23.672268880661907,263.63801588053195,0.08031278075778225,1.8515402926330813
13411000.799275622,0.043993645358017086,14.029712574588098,17.679217690363544,0.11646428534753663,0.0024075882109473312
303368.550444846,0.03096684060185185,21.824389764010807,200.77594348959735,0.10131607586904115,1.6312596165104614
31.607813199356226,0.10733494312644039,20.336214200923557,307.6037424789865,0.08615499992858339,2.0708154354315074
2.6241827112202616,0.07936255935010447,16.31631985945951,180.93269664399338,0.08274057025286077,2.033988797577101
653098.2116816484,0.07999008023821844,13.305307345573787,284.09961920639677,0.14144622211589564,1.1114389839005234
1865.1434170540629,0.09384511621344159,12.23342660889432,923.4414036940266,0.10251819776436816,1.965182393570064
123669.32902964848,0.10095104878935646,9.548777326683172,419.66949438342203,0.15195873938826157,2.2821156370010334
270359.4991441317,0.10427907570776107,3.216464788491127,631.2047671147204,0.11584107994718189,1.151690078252539
18.439927841925105,0.11037522636409752,12.649673124090743,221.18244514412203,0.08973369012064131,1.4327392901399545
10200.666607041625,0.09404791726113146,10.267210360026535,842.9196917983127,0.11449267482399221,1.9723588134879364
1.3657318828564624,0.08348294670038045,25.761983685327305,736.5987897184218,0.0877211061941747,9.02528479226878
387.1099931866276,0.09281277222704933,9.163420888366788,245.06372771198588,0.07458795566080495,3.8888919067077423
3460.0606383271634,0.10905769011928747,10.841151832479268,391.74020113350537,0.13996869545672241,3.5621258552930066
340561.3979304398,0.03180371340742646,25.930293805754253,156.83089180974565,0.12315841588133108,2.543880695652373
7.599151476450082,0.0705656070515165,17.539730888341126,267.79649653836435,0.08052089971069853,4.295313552794409
185.60662792121497,0.09647082814089561,9.101193139460309,10.859658662726702,0.1365497679729043,8.102211004899127
4948.550854546977,0.1057013801992788,9.82967973407197,77.61393526745894,0.09771576144891739,0.8404925060146828
120.78756051631842,0.09037563789797659,17.097592327856795,215.37794847668192,0.09554570772042925,10.96545988387367
307.8503781246276,0.10606756942851464,15.711127071754557,251.14324420898592,0.08024897083377638,3.979280900685505
249.04131245599433,0.08359342917611072,7.992760450114178,254.59891527617685,0.07949206095856809,2.9878650509095617
5395.227196864655,0.03700613886260211,12.43072680538066,95.96423796128641,0.10662581051398064,6.851777351558164
1118751.65213875,0.015400224342998342,19.557732903342217,132.58792485464494,0.11104165025039055,3.3843631977178865
26859.444522420825,0.10041307378290358,13.996501255193428,959.8376631708004,0.12724067713162246,2.3123834787704167
241.07050706362702,0.09713859132565769,7.9503446165780645,195.80567891031552,0.13077065553491105,4.001801370361758
138.6537477746867,0.08366593034435818,4.70523034310099,671.26660743701,0.0776751211038322,2.0220153198627298
181.79667260381882,0.1031867391578963,27.582619577219866,863.1723610338688,0.11093173558555854,5.847364284476605
68.00927799390655,0.11030859830567168,17.46052112255572,41.87250008440236,0.12473531577979297,6.114378893221023
116.80128821012454,0.11657380825223992,22.669846511987036,638.0461620086637,0.09932192738195195,6.996816915376876
257.8309275081798,0.08273921230020828,10.536977058835625,75.61579930302167,0.08684248230256483,8.908627037509916
79.3291266509052,0.11909610907771134,14.87073141576198,44.57930453787128,0.11710001402503215,2.0725461731590524
308.1338798826931,0.11317612297815287,12.006435994149893,94.66585553498618,0.10240553979065596,5.455090927877931
832.9842006494749,0.11820311630793931,24.20273449994533,265.5602995467191,0.10101918180544517,1.5055196350118978
413.851651914812,0.11699634184378546,18.747514395262357,185.08457929855973,0.0750760425410763,8.226151455325068
49.00329501043575,0.11616845568229933,17.211169438340768,76.89825108934645,0.09824516841459291,1.6594999999999995
536.8022268683646,0.11566283281889511,19.74473085430303,901.0553711555727,0.11528761406914532,3.132670763773392
457.47304959842893,0.10381732797434787,12.44869928199093,269.29602447133175,0.07181208436486294,9.523509842036626
236.83884823308446,0.11200904815840945,11.321372619617867,86.90650450029494,0.10074218973900209,1.180770687763709
58148.38793353569,0.11550849439493183,10.655221753365906,379.39729452599903,0.11287747756878502,1.1075807072454609
180.54025933657118,0.09238809878805575,9.440281389449243,154.10727732745664,0.08747259757728176,2.5486836349162445
70.38402303298474,0.09617108286682806,10.105248060658182,47.28279980580402,0.12074652470669263,5.508989193114456
12.770484336967606,0.1103569043961698,13.77321499623967,100.51427205694097,0.10837133754047386,1.741915991863106
979.2945376256371,0.11449928898293485,15.965860498570859,96.3302747719863,0.10534280661980246,1.1471372368884092
53.10800835290216,0.10499275502571848,12.352143776635966,101.14313056171721,0.10114330450290789,2.139536722661354
71.78171131625948,0.0877210009132055,12.18942859230452,188.14590597402736,0.09271521498123483,3.2003840593122908
26815612.806149818,0.015738657244715383,15.899795057309616,8.24738513677272,0.10939174738404411,0.28931376499830197
1113.8522856601194,0.1150984577430803,14.202635655888908,111.83615797273347,0.10646769550780442,1.192716658692258
0.9511368009494321,0.11365750041156887,10.242940821004318,152.22727102016478,0.10755888593553327,1.9595073825058247
6.688562045765375,0.09835687568827042,18.147932639009813,339.6302377680939,0.08579193174997546,1.814872889575783
12.278621802551196,0.10119783020816622,10.44602482716265,137.47118280652376,0.10978053358818476,2.148857734054217
583.3538448546947,0.11559988244510648,10.770483043915789,222.43376657308846,0.10713767010382509,1.5392496147678294
262.28168206344856,0.1130513940170253,13.250451467527416,139.22133968333344,0.09840691761697817,3.9632465235417476
79.25976292116334,0.10926500057820149,11.877214663069749,71.87077024727864,0.11389993080582995,2.905341956533356
559148.4658556653,0.10778617426129614,7.4828714682474935,872.4317576963401,0.09117601487268673,0.8531934719981695
976.8763123729188,0.07670549263714983,9.593257361172043,316.0871303334253,0.1062431562706124,2.207298398010663
271.24182758552075,0.1130123890106979,10.360193941380404,76.26662767796324,0.1080361516993449,4.551378913278477
27940.610614025358,0.03469195602093596,16.6834873118504,181.69698857829883,0.11340340182091241,4.8561277767054225
6.225163759742834,0.10875823172385929,8.975464555794641,124.98202372564396,0.11260459875119666,2.2821156370010334
596547.2859754179,0.1180478084789679,8.533550780142503,962.317385822558,0.12269128785410377,1.1275088875745274
65194.177363036564,0.11458942473124359,9.691376704880206,627.4565179678864,0.09552684050582175,1.0359204557805448
3.869650038576006,0.09683427387202918,16.6834873118504,181.69698857829883,0.11340340182091241,4.8561277767054225
1394.7768500270522,0.08321451153976686,15.503238909171355,943.3295424684758,0.10566111842784834,2.65411492681998
1687.688040960948,0.11868840693948987,19.567987080254603,211.950332702479,0.09509791818705815,1.1679034117475187
47695.977799830966,0.08855406946661666,11.371878375099165,875.841644872569,0.11561093477411306,1.7602015475872133
28.213645758557217,0.09470419878216996,10.622225799408238,291.2491233837418,0.09922119577851371,2.0909422337611145
35.02450391382379,0.11419501676563656,17.249999566066222,164.2243142309281,0.10358986987295819,2.5484400567769896
37.082101423308956,0.06890904932115123,12.262378872235889,997.8768542841453,0.08661975005979825,3.084741256078093
4623.496076707348,0.11552648154102574,4.873890918126079,455.86343519266904,0.11280777303793846,1.5926510723398941
4061.784592028748,0.09037563789797659,11.884481237363072,137.05145590021806,0.09869385539427916,1.1795063142717286
111.4001934684623,0.10740580314245901,17.95405663074494,317.986281886842,0.1064665267675768,2.3666732309227365
562.9915598450619,0.06316336648293254,17.445667166668375,209.76714166014256,0.10665733765323208,7.864502075368632
2428446845.779772,0.02364600959987853,17.621277010992983,265.3898170195298,0.09959792032856807,0.38388104955643954
8.970980712643904,0.11834630306742133,14.875555990405132,125.05166811859391,0.10186867221898502,1.532174683278309
130.28966993676352,0.1126270083918525,21.25195169526439,81.29825815848437,0.1025516184476154,3.6887889158107905
40.73803239503306,0.10240408385792882,11.472271592009344,547.5289026530876,0.10442407365763604,4.049397921433175
1726066.28661249,0.08366593034435818,9.548751121146093,66.01478762446698,0.0776751211038322,0.3146699823879011
13.522861747288607,0.11842122476829162,9.880824725572069,157.12045700141078,0.10084028183366912,1.6951148542531023
78.85317718862706,0.11428247065375927,14.566267773045366,50.36330346269989,0.11222256926002931,2.1305558660852233
501.9006905641503,0.11767482226250874,16.760243177152912,6.234721299732655,0.05825982261563392,1.2238169651343878
2865218.9092706423,0.03045336716578368,8.591793314047358,377.77643946023755,0.11402846992200416,1.5064564080627427
179.00937010903195,0.10292477624066612,14.87073141576198,301.71363534373273,0.08125979264143732,2.3673966011723273
125.2480734409362,0.11815899384760152,19.04738177821168,106.05394010445872,0.10240553979065596,2.8338175091684574
406790022.0252383,0.02201416572057914,17.23098261224728,793.425606535737,0.1285126147568027,1.3170582596130664
182.07929909294577,0.09832870913340608,12.667681780420592,167.05602366912024,0.10273779734987115,9.573285044006552
36.777204452073036,0.11375481637100135,21.644439046575716,125.40547853587213,0.10899869029773127,3.657775878383875
28.37279583969687,0.11566283281889511,15.876230152157426,224.6905342494802,0.11974320787182088,7.377604936485386
2206.4605721697503,0.06508206322109465,15.362502592528243,59.89615664146038,0.09824674092170399,1.4206996560289697
80.68850370665615,0.08602729580266584,11.049808361966655,683.3747971831033,0.09785839791379633,2.545868345771186
259.6243084597626,0.10547495914160573,7.546355341286662,160.07308942118271,0.10505272594073803,5.046817330421453
83.93896435789931,0.11865971462475366,16.059502351597047,189.35347186084192,0.12105012726119109,2.6458910163612757
34.38384874932977,0.09617108286682806,5.598684961654692,215.42438513823856,0.11173954579007844,3.3865984152200155
1526554.285869714,0.11004448442387196,14.213903252401849,243.86938547094996,0.12239374833411518,0.42819550998243194
40197883.81761742,0.044367419413618596,15.296354601279084,344.51498216661514,0.11417110279996644,0.6592835115314095
312.78726224961406,0.10352971915818665,9.497922282065622,82.52745553954469,0.10277982841281774,7.278579668082449
123.96310207974375,0.11877019364543107,14.403021188085098,97.22465484560837,0.10463889147469786,2.3909966189367764
42.92325247148974,0.1155053044490508,10.279736021287228,768.1903739817976,0.0896026095073926,1.9838122176613862
31.18282497025784,0.11895390626044307,15.30088481076975,115.25800308992825,0.10088760965305722,1.7913522789417673
10.454983178766096,0.11519834677796464,15.687854300042854,113.3375411312993,0.1052983463622641,1.6592463545855747
6.790676729500175,0.08048258403425344,12.475364487489179,339.6302377680939,0.08224635684459275,2.19835334809802
32.99160403046662,0.11102635540541334,8.159277218125158,135.72832578894378,0.10789469060562214,2.148857734054217
1328.2886956804255,0.07647389488482775,16.747452438906212,108.56000156609542,0.09982665633347831,1.5957697416100558
361.62077176608284,0.10499532903075114,6.15290900206621,137.7219398513003,0.0971738117591456,3.9632465235417476
449.28289449006434,0.11193414677874354,9.15947288609155,31.208073572962746,0.10011046379953972,11.132251612296136
11.948416832364043,0.08995054130480337,15.372344934895889,173.7705720479765,0.10535391452013347,5.401953030273891
1227.6861421353683,0.0706580344892453,20.641307744954698,123.24158533884821,0.10904384339619307,2.8646877760826763
128.28992576051786,0.1065639951015714,16.526829942468133,262.0675271381857,0.09181416262212241,1.5307176986643682
82.84732648597364,0.10436377197062335,18.638273843367035,118.61259436388838,0.10797234383542097,7.303305341458844
4134224.217001334,0.050701185680119394,16.005163897046494,295.5925670767165,0.11190340959799046,0.9031265510601303
24.4987709361411,0.09314920021813099,16.184533984461346,121.85851076230449,0.11708820860011969,4.505122012437112
12.486628049863842,0.07521492929014566,17.6467215661543,221.18244514412203,0.07720798477388857,1.9612801019378772
532.0939325830697,0.09410127491144586,1.676217790697164,298.39172679257774,0.08870558332323317,9.744721210225563
61.40309061852546,0.1149439602345215,12.727815470494784,91.79647049060213,0.10566111842784834,2.0431265672623304
199582.8473935439,0.08156151391033845,7.5906231853452875,54.65930123489579,0.11039311317769208,0.4807414477828349
457.994932715201,0.10306646364213068,7.557802281049382,688.647613336296,0.13996869545672241,11.796149870226431
77.73491639941622,0.11095895445188816,10.281866707328092,64.9144512249556,0.11899636963721963,2.9643853850651967
352.7654342044169,0.1102557404919528,8.693797966487368,381.91781843159026,0.09885011650208472,7.0290174102117655
97.59836783998985,0.11086545601992118,15.993306426082585,386.1965392168404,0.09198225748913252,1.6195272510161631
4165586.0447386075,0.11883962580295912,8.48068923686213,370.04194301754944,0.09976020415269926,0.38403764968828824
0.29850092297706937,0.09037563789797659,17.72208090038898,116.17948850039926,0.08473045151925399,1.69161969138022
1565.382496570177,0.05432263711146051,22.242978349996864,158.6317924320765,0.09162192839623162,3.420750976518975
34.70779067112291,0.09488344111902286,14.38662432476767,445.63996515835856,0.10376793980616826,2.9878650509095617
2.810110731400301,0.0954131996188982,7.551783069372851,213.02155048764644,0.11250723902769354,3.2459798835118336
0.050057311031146225,0.11017270265335394,14.218850553097019,92.40592525287383,0.10785204304948774,1.8314235056931452
142.82861870328873,0.11746989803722192,20.457099305982,15.246734814316028,0.10354429743642186,1.1815100193697106
57.694558435820866,0.10539489718317903,9.116625266767077,198.83668184641692,0.10406719266249903,2.6320383666404545
499.33311640560635,0.09831018370918745,9.548751121146093,19.793992667766588,0.0776751211038322,6.670976353118933
3768.96153282483,0.08388942690691657,12.692211907443973,544.9084531164654,0.13325489178058253,4.858234429921835
9.521287046242113,0.09507191084854376,17.368035207521203,481.0991054632427,0.10550371461387682,4.370218805260528
298.7490586639268,0.09837910070088805,20.50120147878543,816.0395551865358,0.08954284703772372,1.91027043064273
47.600956250972885,0.10041157390709171,9.788315685258182,75.61579930302167,0.11529226452927013,3.2154245820302676
540.2265785946101,0.11676026822055197,10.879235508279063,301.71363534373273,0.08125979264143732,1.092660698269353
9.53458646913224,0.07675185730180153,23.15283359328169,484.8126491267918,0.08256397755899561,10.337191892777547
346150.5663059827,0.058672018400699036,20.095870261707034,39.76861067479217,0.12067991400381706,0.5386308221454206
51333.7977445304,0.10260890560840297,12.656206519918719,764.9384411441097,0.13554223724660464,2.346002290065136
152.67549594495722,0.11074293336143973,17.412943932811352,311.06519124252,0.09582182555381849,1.6594999999999995
18.035596968906084,0.11566283281889511,16.563249823055994,69.50739204600717,0.1149937938478813,2.227401737988914
571.1150256254591,0.09607592232068753,13.276450616476406,154.53502663451047,0.097708981660277,1.4206996560289697
1.7421133413179213,0.11976208599000643,18.71422698114179,460.33510072328284,0.1183590798547071,5.284626028450763
300.9575793211093,0.10062753086901133,10.27675017694401,130.45260795399287,0.09500620615211869,5.046817330421453
0.12426732900286175,0.1117757328858871,13.594593441357407,108.28619948007349,0.10480654784755233,1.7650776056914053
9.042420440673457,0.09617108286682806,12.634686712635327,347.75858096152103,0.10823216800586231,4.779765527877032
454.90973222974355,0.08287762376240604,20.735509462957374,99.66898690662487,0.11322678645549976,2.811996960507924
395.38670117029636,0.113240242436718,13.122976748009696,179.27883997542472,0.08922653069134345,8.329528608069813
98.25626373009143,0.11496816032940134,9.497922282065622,71.49317671265794,0.11551695621622435,2.5219337975224994
122.43803832769032,0.11060003839125937,18.384361896723384,25.0696953647319,0.11576528632947979,2.3909966189367764
2.8293921065848613,0.10910664372203416,5.297480350229327,124.75184232215429,0.11326825693989691,1.9838122176613862
415.07744804283936,0.0978674671844913,16.329441882839866,111.83615797273347,0.05742619201044874,5.609497553486677
11.21928103783263,0.11705715646819201,14.53128118463344,137.1005635377344,0.1052983463622641,2.006234753515587
15.425808654481713,0.11880112208283403,15.805227458803893,96.4105140185992,0.08579193174997546,1.2188314423036681
702.6896764366378,0.11168935610273216,12.121591068093363,135.72832578894378,0.10978053358818476,1.4299983427705936
8.964507716736112,0.11559988244510648,11.21616667967606,117.24826464329334,0.10684409686669709,1.6246975676049749
115.8104708893431,0.11938017858539741,9.573310705920758,157.42988816561456,0.11656854621847557,3.9632465235417476
241161.2499428855,0.0188409214978525,23.448496206232477,106.94839679293199,0.10131607586904115,6.076769459763886
0.048036441848834446,0.11612858386072586,14.672702811164935,121.65415198239901,0.11289321049464249,2.1742950780234818
179.79186573766762,0.10782824554234874,22.70780895580257,37.73279816386122,0.08397294189980861,1.811296400848338
187.0267361697218,0.08065419137084315,11.425130164237753,940.2317427011767,0.07814279158037943,4.551378913278477
25.264671614721678,0.10913621792622477,7.9323625451270505,11.831259122704978,0.10120128001903003,0.753632337916823
3.0580473883415378,0.11403665194355717,19.94502266713844,61.43897968499215,0.11153860715279282,1.8883098137728211
320.3466555236889,0.1152564890125582,8.533550780142503,130.62731417472224,0.10897833451301585,6.876824698691097
19.49649454049993,0.11290303787490166,11.19588691005736,114.60880450655202,0.09652204990791305,1.5593837778729744
2.8940661661676357,0.08080073108268697,14.890617552213426,802.2888208750921,0.08654620201255142,2.8044303204342556
38.78030498836098,0.11626324381251181,15.503238909171355,304.95537474601906,0.11289076550761581,4.67937267573327
22.734599908319748,0.07797688119255201,18.69258622216037,95.63719118092905,0.09315609152978224,7.913988663663035
306.5279776194039,0.112684972229679,16.6535655128922,212.70144215992343,0.09185346794974802,9.139426217731486
31.953552146016804,0.1114229006796233,11.969597918247047,64.9144512249556,0.1084734993494074,1.3730820064932425
130.2692069993906,0.08512471129099265,15.892932523896663,423.6868648165571,0.0750028121051162,3.0790766967606458
70.65627357487668,0.09451420160508887,19.45579438744046,151.52343069065296,0.09109673914768968,3.4821114599510223
3225.6824320869846,0.09821452648007173,20.063016709132253,170.45177269228668,0.11280777303793846,1.5926510723398941
91.50322028374023,0.09370200993505397,17.42318009992633,299.0776017433727,0.08647741255712563,3.285659260179816
118.38103935061062,0.10606756942851464,9.321454782897147,228.15566344025717,0.09162192839623162,2.093099266975261
139286.12406154067,0.09464818833897723,15.344992167177658,250.54393295218668,0.11080017575644162,0.939620604821851
80.26255977503334,0.11131505420980653,18.07513217194627,92.34716890757267,0.11504811987516246,6.851777351558164
202058820.62714255,0.017307278448490462,10.30633741479189,125.29389313241313,0.11599491490384947,0.710518112554297
53.708810537995674,0.06162962238192825,5.535955231607009,341.4305479920962,0.10122282079637647,3.6887889158107905
6.50944369213589,0.11809375085558418,17.105939700178062,195.80567891031552,0.11065287504168327,2.340392715908131
276612768.54771334,0.011127296600257797,14.804915383677374,453.96580533970143,0.1308966567056431,2.0265890638092117
78.5361463573054,0.1077504663659877,27.582619577219866,143.15365276916168,0.11093173558555854,2.723539074685143
39.8936903920196,0.11421320837595435,10.886175278136829,391.2167036440555,0.09266484874854139,1.9508787143607274
362.70766816011974,0.11035065808255429,18.105306461067322,62.684989221018554,0.05825982261563392,1.4578700130112905
471.22426476442376,0.11608629065575057,14.184466191007695,75.61579930302167,0.1254960622881246,1.5064564080627427
125.30100307743622,0.11909610907771134,14.51669139729886,114.17197728781025,0.10236720495345533,1.3268164310304247
115.8309123785487,0.10974236945090923,17.83806955657393,232.60980428597264,0.09296183595672305,2.8338175091684574
9820093.705062518,0.02551441842144623,12.748402280680589,39.76861067479217,0.11176964705946127,0.5692318278027795
5278.320504428547,0.10472984906091938,18.747514395262357,470.5466017828605,0.11768689224142506,2.042026282842175
0.533814504831209,0.11001081193046858,15.02579247510342,126.96910000701814,0.10650257739915668,2.0940484520995843
28.54372006778919,0.11566283281889511,18.383199200477605,108.97881544944215,0.11195236531519129,2.939265031889951
1.0402667345119088,0.10381732797434787,14.282046744785546,59.89615664146038,0.134140751731632,7.307549207296373
29.63972170763727,0.10078119163196501,18.71422698114179,460.33510072328284,0.1183590798547071,11.508683968388851
166.29774917775165,0.06959878223124594,12.381651396934405,160.07308942118271,0.09705159498515079,2.4960459914122874
446704.8526265176,0.11185789479094574,13.594593441357407,599.2510430703422,0.10718318607044225,0.8787668841237544
991412.4102084732,0.02294466219586741,12.736720976083406,72.373303660072,0.12074652470669263,1.6761724186896405
281.73242253744786,0.11004448442387196,8.214614166516032,146.02912881477693,0.09103163826399344,2.341889442027325
382.75330305639545,0.10876520729881331,10.35009230453447,13.671094772145011,0.11363580503650525,7.254347368278164
2526.8778408156822,0.10484278018375659,9.497922282065622,832.3372542110437,0.1203688338471923,2.5219337975224994
4970.123823246608,0.061226716698121034,9.198911877922075,134.29719741644305,0.11990543802799193,2.3909966189367764
150.0023808622046,0.11052712337264713,14.187413336983772,314.5093889810151,0.10992600657674173,10.208128339163103
45.6330899813065,0.1150984577430803,20.859406372764035,111.83615797273347,0.10646769550780442,2.887554461250569
5.02549155720664,0.10876180772637921,21.561677932313017,130.37491831761827,0.11268041594314974,4.184595374695443
64.04269196749591,0.1128206303789947,4.479478950938228,339.6302377680939,0.1116811420669609,2.068049096899646
36251.10787533704,0.10232806104992437,22.271183903532282,759.0983961743319,0.14657484686759958,3.8981854747309588
677.0393806540658,0.09822026042898,15.0248712771646,117.24826464329334,0.11632702642785778,1.8515402926330813
124.70410595793308,0.1178508979186828,8.663290224764822,13.788072128425426,0.11717941281692817,1.0191738868526299
554.9601829743283,0.11193414677874354,19.3536828593053,197.41975957389832,0.1060925160510027,1.6312596165104614
57.57254845950396,0.11612858386072586,14.330462543148146,121.65415198239901,0.11289321049464249,3.137540059126607
161.97594849350224,0.10699961772572332,13.048036587806111,149.64160766696995,0.09127847117634016,2.333987139112124
468.4789604308924,0.06634602047416968,11.912646806855664,128.1539124910115,0.07814279158037943,1.3381023484743046
0.9452846157957021,0.11032298530848275,11.525408286654994,118.83849900422473,0.10761488007788152,1.9416852048380777
0.08357246999942405,0.11646120567899684,12.771166599782335,130.60634143225928,0.11752179186737864,2.4610337697798372
32927.75249803939,0.11912785454630234,5.4785019240765305,605.9681660774326,0.12055884925846555,1.5399093729615831
50.08679670507544,0.07521492929014566,6.722938257621886,221.18244514412203,0.10469255568294546,2.7358083643650417
259.45718613435605,0.11540013173740891,8.24359007620943,101.34813094310437,0.11718028720723245,9.744721210225563
99.71561455218884,0.09628960003277012,17.91480979059224,172.04143653321086,0.10144322616974309,11.161272478414052
253.4865582159631,0.10778727559764259,19.478406855250377,463.8053024660896,0.0753507551439753,3.206233331332201
403.3636049684998,0.11649764507051198,6.3740706642832325,131.52536793905261,0.10906626198907939,9.139426217731486
410.518222095443,0.11901640654701051,25.930293805754253,125.64051953519066,0.11258163018130098,1.62427084027596
332.39809804385067,0.11419501676563656,11.289375015763813,116.22240006846073,0.09363428085196845,3.2193459959566546
15.855234377907301,0.09412187018372792,15.927518291264,201.33543037363734,0.10899246613171085,3.499974176629266
2886.2502798482546,0.08136607220222829,16.30564723848321,205.90602802233684,0.10585326077937465,1.7430370435542528
9.657097335744426,0.10713556792908743,23.522095166398714,832.1083783989567,0.10837862141300858,5.83038913142002
348584.8860584048,0.10606756942851464,6.159257928394354,534.975209855592,0.09162192839623162,0.8016359344673845
39.80321571558635,0.09049627908591243,9.756381592323507,90.53317776810263,0.11069599639180286,4.030364783044211
29.349911467267532,0.07782643498980958,19.0374186098949,22.928699925041315,0.09203151152439848,2.6930656286562877
15625.524640628479,0.08399028165589656,7.827588310368432,741.2076146379915,0.10785204304948774,1.6884422119149187
165.7901760211553,0.10623608832423259,21.25195169526439,341.4305479920962,0.09224445170557852,8.00218376337886
87393.4176273764,0.025917642491726553,9.152970536023986,44.20346574972314,0.13125001782642765,4.258399186512672
186.86481750751597,0.08366593034435818,20.103763116934907,346.70677764853724,0.0776751211038322,1.5656428250617207
85.58907118666914,0.10203312774852025,14.122000650623047,150.2895098369458,0.11093173558555854,2.1693796589145755
2880615.578959755,0.10729582656705484,12.048771952213663,379.9604696665431,0.11224995073470763,0.48623868802419956
273.8758560387973,0.11065329960710496,16.36889725775225,516.9107169276965,0.09082806110407074,7.344599318407777
0.0036613166910270823,0.11360421685815222,13.022982707710634,95.70813111632918,0.1044711775277529,1.6119925655555711
312.47405052724724,0.08943805498539384,11.049673265222921,283.4534510026121,0.08250559001659857,1.3268164310304247
5820814.471523302,0.11317612297815287,19.04738177821168,484.8126491267918,0.11153109658236021,0.426234765634975
151.89224235038378,0.11753645575568647,3.4730487754342363,166.92000062869425,0.10101918180544517,1.3170582596130664
428.6608067747254,0.11714823695989476,9.75984802379085,28.4190870609591,0.09688137192351323,2.65248606813266
45977.71260824241,0.11360421685815222,13.133459155645038,611.3556444655067,0.12301859255791721,1.6119925655555711
89.7554068724821,0.09970037746923302,16.891091889473607,51.053367468435226,0.10053718115123034,2.561302222514011
8868.295051842386,0.10381732797434787,16.243062382788704,145.58023092080316,0.095987543272749,0.9662587410035961
63.20063627669774,0.11566289493365767,16.65751273902998,40.176246763140284,0.1183590798547071,1.2289140032972616
426.84629527250934,0.08724917215543442,11.716295253107031,323.4883859209796,0.059823590842378455,11.577975114399605
1021306.2437446455,0.03326447710067149,13.24016818264428,267.11568048121273,0.1208356965995868,1.7650776056914053
149.13201401336963,0.09069661026871348,10.137671892632117,17.020546158647733,0.12074652470669263,5.508989193114456
835.806987293367,0.10820248605481718,14.949652669471838,410.5434119583008,0.10837133754047386,1.9568155008211816
181.22316212452773,0.09978296609063968,19.70349347603439,227.01285082824052,0.07842094962485016,3.062300447881146
27.353659176181736,0.10352971915818665,12.680122941846069,56.436297429871104,0.11551695621622435,2.5219337975224994
12.027574045495143,0.10172934564027665,9.166031855753154,167.50780446337745,0.11816921985808052,4.21093483015682
0.11468623572118847,0.1166430975082792,13.239020140345575,85.77349588306032,0.11833185547676667,2.0565466599476103
393.17134264229765,0.10131424874650438,6.7937952482609045,87.89935937391903,0.12393818758046986,1.7913522789417673
25353713.972285196,0.08568233223138513,15.687854300042854,118.25109098736442,0.07982564881849294,0.18572283685329616
170110.6378559313,0.06652431501035039,9.242273354345738,149.7365163871479,0.08579193174997546,0.791770383263767
6270200196.676562,0.021464072558322375,12.14681417349276,135.72832578894378,0.11527668701621163,0.13734610737788344
36.575396224376746,0.11144648705192897,17.586752012687235,117.24826464329334,0.10485552952984215,2.5417492844237515
223.76906452778684,0.11646944792499919,22.844255401527867,231.7987507121299,0.08640395245559893,3.9632465235417476
28.60366924262872,0.11861734696544234,23.448496206232477,105.73074096707677,0.11404858680528943,2.0606066271534047
1469.5592458210367,0.11189051636894831,14.672702811164935,649.1443069688194,0.11289321049464249,2.1742950780234818
145456885.22525167,0.08167485793923283,24.585436221552357,180.93269664399338,0.0586370829445296,0.19301514503447859
10.056257171040357,0.06634602047416968,17.939956607607964,20.637546729166957,0.07814279158037943,2.245702372640516
251.6450172999696,0.11567158829619983,11.604943217812025,43.03001183609507,0.11503317577212048,4.387657881944149
48538.31056120961,0.1160441432179808,9.432968455047549,470.85117121691235,0.10233813594894879,1.0720982281131395
28.77794162292568,0.11017982700556397,9.392121586807875,169.81769237724592,0.11476110910954847,3.167564466179922
210.00621751961694,0.11905534837818753,19.96609857786411,221.18244514412203,0.1060176323617707,1.7578978565864443
200.0408330266141,0.0863963434382679,12.567015659615643,461.72615961139854,0.08654620201255142,9.744721210225563
50734400.05443949,0.09866306101075073,12.031269309683577,172.04143653321086,0.10566111842784834,0.02838825768154507
5.396674422003359,0.07442668288109841,15.441305646058247,264.7533501480501,0.09277589092768304,3.8888919067077423
1059.3517747090032,0.11561169678581726,10.915828938039944,199.2570903040758,0.11874603092163369,1.747466004884533
187.3430028669543,0.08440166675150541,16.97913272469839,64.9144512249556,0.1004043983974625,1.62427084027596
168.39978041038998,0.1077136622999478,13.991214421297292,171.72944830005218,0.09815574328251245,3.485312685414007
468.5199227529077,0.0974137166338561,5.918243112546506,53.22150245751669,0.08661975005979825,4.643478989797364
78.10844678693502,0.11587216904338676,20.063016709132253,124.35246773407624,0.10816349068815656,1.7267355562708326
12.648968098219449,0.11319971309701371,4.630210911593336,139.27289580050086,0.0949562380621275,1.2871905177243779
107.54806288740976,0.09862233010046137,18.09614619131676,184.60149286985325,0.07957583447244393,2.093099266975261
593.5759737031301,0.11850542636648068,1.8894297594411977,57.5086516452443,0.10058075962541357,11.558182145872252
4872.507345076296,0.06116613067967691,18.07513217194627,213.02155048764644,0.09934896573417604,1.9348612388997797
97.59596547922996,0.0784440403848316,14.218850553097019,11.593592210122608,0.10785204304948774,7.108114342556153
2298.717571785798,0.05607906092821289,21.25195169526439,47.18581800162974,0.10875609545056403,2.874973148895955
1941.109089344754,0.11039949215034103,17.211663767769416,195.80567891031552,0.10802309097223155,1.4408575323364925
10207072.504727717,0.08366593034435818,13.816706006072002,239.56490118204005,0.0776751211038322,0.3809671753116479
1.6536391039206602,0.10744416467593215,18.62735898801557,124.50745011525066,0.11166838178056511,3.1255128279253865
263.74345870981443,0.08659361729733389,5.28918741695456,211.0275886578974,0.0851429300569205,2.7905571703772813
295.21310413611087,0.0831871503454544,17.121065490345188,171.61539305549684,0.05825982261563392,11.051508782931235
136723705.71594584,0.09871098789992988,12.11376960073058,926.3122782444693,0.09132337314736372,0.3147650560979214
195.75948130928214,0.10735025145469076,16.152837235702297,112.73695837986475,0.09744875499617206,1.3268164310304247
1395.4119294257769,0.06227231930472666,19.04738177821168,484.8126491267918,0.10471837604501823,5.026652885888447
77911.62698402652,0.08229580694580879,20.095870261707034,632.7498903769026,0.10101918180544517,1.3170582596130664
347.14969690281566,0.10724761620905822,12.685226457444259,140.80266955187926,0.09201153238129542,9.428723120203223
0.28127668017642216,0.11881516006599432,10.449305975787915,66.55359211400611,0.11576808643555286,1.6119925655555711
153.46576465557223,0.11566283281889511,17.513479556625843,51.053367468435226,0.11698199813330784,6.3303296162359395
7.640299352930032,0.11095966569933047,19.349646480962576,63.82093522692401,0.09745257869038573,1.3028839453329804
315.1765978803893,0.1171653565481363,12.367717443800185,92.10299709333884,0.1183590798547071,1.4912305687796783
165730.10376654204,0.03625260131856678,16.397916045569335,128.09262139307464,0.0989322863101971,1.3429072559618893
206.0593822423394,0.10323424372414808,7.851946383736515,108.28619948007349,0.10451035084026267,3.5532025937309677
2147188.380448428,0.01148297873852968,10.321004505726295,234.29861232701677,0.12074652470669263,5.508989193114456
25266.11120350702,0.11014543686323196,10.760594365589158,146.02912881477693,0.10727276304919044,0.8654634858188208
0.5324096062009032,0.10333652118166903,10.10496558648612,227.01285082824052,0.08674149941191658,1.4625959143842522
195.44248884981135,0.10692119983968809,8.41846903245468,114.41685600070315,0.11551695621622435,9.880037203468616
5635.050981658776,0.117288536697816,12.18942859230452,81.92392718060421,0.10072360760292691,0.7881066867724495
25348.602791687008,0.1166430975082792,10.964772432464404,518.0306851845924,0.1122726151544543,1.370483790294787
53.55231237970442,0.09565762615418455,9.94545297459912,221.8374838114604,0.08791349289384642,1.451320788457119
101.95104043735105,0.10054996670089408,18.923388440660535,162.03469125771164,0.10330320388998016,2.006234753515587
34.53517757219139,0.11726545569845663,22.109997116505305,113.47394098622789,0.10045540480736614,1.5108092749175217
203.95931600919363,0.11043998242896753,9.60956863604348,135.72832578894378,0.10978053358818476,5.069114004927556
2.7792165383655343,0.11551056025535533,15.0248712771646,306.3639432103105,0.10349703362947588,2.1967404527565164
3302581.935742371,0.020902819106741806,15.452929378491323,157.42988816561456,0.12996469173481784,2.2060578184167934
42.525723214162824,0.11193414677874354,10.48979852029441,71.98893127352477,0.10285959951841075,1.6312596165104614
6.285255419907362,0.08283311908718316,13.778313087521035,418.5451771768307,0.07700227168753379,1.7077916097783756
75.70218536510019,0.11222564666145977,12.105975808139906,81.57450912654974,0.12530533974351687,2.0220943187420324
28.63514036259666,0.08373223847354049,17.939956607607964,428.24978488536794,0.07820362284796714,1.8157165080084106
1205.2231987777473,0.11707752109286922,17.26778299235798,373.3678821518166,0.10593432068263917,1.659146186968636
20.55507860653585,0.10783373039761288,12.771166599782335,177.05761390833885,0.1058568439095895,2.599565753534786
2.2608968672586536,0.09700470911403081,15.590009493370122,36.49750039566112,0.11916820135773164,2.011961024012991
49.55609407065479,0.10137221246589204,10.968412620312929,567.8071076811933,0.10386365903045579,4.132987156570494
34.76075382342009,0.08080073108268697,13.910888266439459,95.91129272677159,0.10216866349763692,9.744721210225563
2656.3573904888344,0.05186075879934518,17.564312939212527,172.04143653321086,0.10566111842784834,4.649227195664965
4428.37337932558,0.05723862425267771,20.523500562128802,119.88106407385601,0.10540546302056672,2.4219972116664183
2.6893344542510844,0.11531204015086513,11.371878375099165,90.12495645125182,0.11226075249942173,1.8618279242564437
5137.420404904179,0.0540570093688343,14.19443196287841,36.84361706589584,0.12213327064502803,2.1337453195308282
185.12836938154817,0.11419501676563656,10.08650218867771,242.91885310410464,0.103622681500479,1.6174765691606998
345.1677758827218,0.10402187532011059,9.6494473714306,60.34639621789148,0.08661975005979825,2.374392484022551
296.62647335575764,0.1057013801992788,12.917669658941781,34.770921186154226,0.07630896180592256,1.4322198465824574
327.7628392715791,0.09780676343332703,10.749256112751471,226.87408294078728,0.08922356240488752,9.293311431091519
382.02522864827097,0.10256868211694564,11.993376145285035,9.653052149859548,0.1056412687172811,5.115588960416831
180.98812013676422,0.11653944619364409,16.727984143752305,278.13418696755696,0.1000148917238104,4.311181857641208
56249.20342231849,0.0311869406440752,14.272128363714307,143.1459506229944,0.08471037030215792,1.4585180283166794
51.75551629344433,0.11604500194036009,11.052234215573968,158.2342321284604,0.10197794111885612,2.033057716466638
60.44993945253766,0.10041307378290358,16.208259758301725,329.82502114698804,0.10122282079637647,2.301856862639597
113.5197315421255,0.09018682026982572,11.81137883791261,233.019936199847,0.09161485423716081,3.4296513631136163
8215.579989058297,0.10957925917013056,9.548751121146093,616.7995511953089,0.11574262632911259,1.7830868674817744
7.645478939465945,0.11721669285647793,18.62735898801557,147.70096543055843,0.11389858309564224,3.1255128279253865
2.4077100771812523,0.11188428441650683,15.481784198099064,48.793034776439015,0.1086914070359767,1.3795622974671282
409.0538343179858,0.11165580869755379,16.36889725775225,319.964506760961,0.05825982261563392,2.048811715064005
35148.24870773064,0.07631240740531664,12.952264652202473,99.98000000000002,0.12694346201318044,1.2740650012117118
355.303436888856,0.11909610907771134,16.11873187277549,722.8859976183289,0.08125979264143732,4.009909449130793
3811.015008501018,0.038571661485465904,8.62021057787171,42.05050943846874,0.10610401252904293,2.8338175091684574
226.95732714738506,0.10801466012339941,14.226354033557115,506.1964338497746,0.09617064272343584,6.171684205205595
17213.25989400336,0.11456990330793831,18.747514395262357,966.77560233671,0.10273779734987115,1.4556318713801994
36.33918147081895,0.11455841092905994,14.075222760274709,76.10483314897454,0.1044711775277529,1.3378390205435
227.08344249954263,0.09944252873803411,15.913132386323527,51.053367468435226,0.12385252709047544,1.7544589103910297
160.28791515258894,0.10381732797434787,15.07649805745517,59.89615664146038,0.09824674092170399,2.6848775232399174
13.014632643207882,0.11566289493365767,18.335817970456684,251.41946745084016,0.1183590798547071,6.951763365888736
953.0381909952353,0.08724917215543442,8.111441235896786,963.9782464152414,0.127196724248134,5.046817330421453
8.646534531019245,0.08482242664752522,17.19330536357182,224.49713086907843,0.09106649275363568,3.2616461982010065
1.7872660400454508,0.11396942578922775,16.874531919617286,72.373303660072,0.10512243482918522,1.6169850016886205
347527.7267581792,0.11004448442387196,6.900195100740628,603.5376796339665,0.10837133754047386,0.9474901397751267
2836155.899519872,0.021874551268704384,18.74292367240721,137.67524058784875,0.11057186332073544,1.4625959143842522
280142.33279912465,0.10352971915818665,14.721197232366205,42.63217575530632,0.10836751537538385,0.2614568544032725
180659.23330850783,0.024981369664791808,12.18942859230452,399.24746038254136,0.10744201777886021,2.621454078351235
61.205773131526634,0.1166430975082792,15.40623808557573,59.8744783700281,0.11217445623690783,2.141125047788729
224.14218645990945,0.08549069407131311,11.50637356072445,273.8162231821955,0.0797082290267215,3.725561420148262
19.70291114426921,0.09880541564400698,15.687854300042854,118.25109098736442,0.09938301688862172,2.4237267793499218
190.70925893270538,0.11455680976086155,7.676639664705265,395.3733529361442,0.08579193174997546,1.9034195834322478
122.16449733278125,0.11043998242896753,13.722925100018402,100.44601067130606,0.09698491777726373,2.148857734054217
208.33761684535932,0.11898826025490324,8.852660051849448,302.59398296415975,0.11787586230187011,11.783146491643182
5670.608637701865,0.08680766461907467,15.342513636006256,327.2048267883308,0.10704840413182799,1.6771496547543654
39.706783341341705,0.07740062122994003,14.763653330939244,175.75695531814273,0.08481344566389151,3.403764003484466
48.01428613298911,0.11010311887916445,17.181920400761797,261.52279863768086,0.11289321049464249,2.8637206466395195
20.41873221715273,0.08766929913064196,24.585436221552357,172.9486190219364,0.0953790497025209,3.2018015047287713
1095459.4625601675,0.06105165061084901,14.454799458372545,284.09961920639677,0.10964236171352539,0.9683435373426565
43.91305166007554,0.06997534578576207,17.26778299235798,29.93453373574556,0.11197208080211371,8.840564229845853
186.96531779041638,0.08829464926382005,12.771166599782335,124.98202372564396,0.10191046545042182,1.7825983310115454
265.8328153449587,0.09700470911403081,11.257704922649378,688.0595943246819,0.09010391718916003,5.8567661045146995
4.275156514930179,0.07521492929014566,16.121699139287536,424.9224909061382,0.09552684050582175,5.93805111879403
3109.5792268239347,0.10469146709629368,14.167168418225343,292.187040103355,0.10617893828440772,1.5019486196929197
426.98063828030854,0.11702645423175193,9.616156915122497,135.42006556096794,0.08945930194022583,3.6754161454985104
119.22167994477556,0.1041682702774166,13.551476011521293,15.597088968703702,0.09917471289307117,1.1673615604186347
12.079870629448147,0.11696572421734347,4.98111641143136,136.24016744644297,0.13996869545672241,9.139426217731486
756023.2210098221,0.04061029211428746,14.454799458372545,94.1485673988214,0.10964236171352539,0.9683435373426565
67.16933319230414,0.10193720598085619,21.0581844966873,223.97487843740817,0.103622681500479,11.490440310762354
112.84508257937061,0.09182620394427356,11.843009158325145,228.87130541144631,0.09212653390327777,3.293254896179486
30851.647880703982,0.1057013801992788,17.594019030835586,462.34399315558585,0.11280777303793846,1.4132414003888751
46.55684107312086,0.09037563789797659,9.742233984209909,213.72883095287466,0.10239289899458696,2.130659859018932
30.451226513187052,0.11066840183486071,14.573179545480665,87.55200604854713,0.10614870723264358,2.093099266975261
360.1902238553357,0.10429727241995314,13.623319805115793,262.3386646990062,0.1118733748827644,2.1593871293449163
116.52595642036579,0.10197419918480187,18.07513217194627,128.32268648041025,0.10258566450948875,6.851777351558164
1.859945249123491,0.10756575448301205,18.266816904306012,83.38864932124369,0.11395303259973183,2.70156940909814
15.760679143388803,0.10041307378290358,14.791313988971206,341.4305479920962,0.10317178113145802,3.6887889158107905
109790.07775494813,0.06264641617381687,14.454799458372545,94.1485673988214,0.10964236171352539,0.9683435373426565
31.793268191162447,0.0857687650702238,18.250352302147054,140.226530332283,0.09216410475095188,3.971239086672653
7968.484820569383,0.061266952459932765,14.443029116233923,682.9974447373129,0.11636016984344778,3.3081404473957114
71.73301176932651,0.11428247065375927,13.24673706787865,103.8234640095539,0.10550371461387682,2.270044994006507
26.781620318056397,0.05790235962096945,17.549951167616126,113.15997434985314,0.07887712895326804,4.863397535614837
622.1296289270535,0.11400000000000002,6.475620004332409,10.94775863215358,0.07540856929876982,10.707316640111719
1.701988330905001,0.11909610907771134,12.402615149372458,75.86487457162036,0.10227598459556285,1.3722174548744306
0.596153363814804,0.11091749246915633,17.667173367104777,46.76255400481898,0.10240553979065596,1.2919497001645546
135.95118974384476,0.08020558162319216,12.081694842781523,27.420034645504245,0.10101918180544517,11.442482375719429
246.98541403624742,0.11699634184378546,12.074544480586903,122.71276882450786,0.10273779734987115,3.5091795462261373
18009.808010096276,0.11212835824527254,19.35902215845367,855.8825582304305,0.1044711775277529,1.4748065876089953
8906.755300081579,0.04688727067893171,14.23863208164864,171.0816417631134,0.10239750866268947,2.2445252725712623
2933.5085079360124,0.10344498470076313,7.798660132029993,165.89115392259617,0.11328825126765485,1.4206996560289697
599.6097080869564,0.0428497191593043,11.899814704451028,139.13059222657012,0.08984976785514737,9.608187105299905
381.9331426276781,0.11154878060904283,3.023319938176673,171.0915074418072,0.10703536834978179,5.046817330421453
314.5892188007265,0.1117757328858871,13.594593441357407,361.9863621048569,0.09600525478794991,10.589161761255022
38.31836468332442,0.10560353588233613,16.874531919617286,79.38539239469145,0.117034193205741,5.508989193114456
1644.9742382216382,0.07640093289804316,16.556290056219805,881.114475049694,0.12605569442325762,11.710892409664297
10.071288179469931,0.11644689759427625,17.593096515649133,467.1137001175975,0.09931616483596312,2.5607395991151387
133.22981897598376,0.07336565774696326,4.945948935878857,114.41685600070315,0.09142426765630643,3.19165452144005
13744.250584002428,0.11877019364543107,12.64838384262044,809.2386002923674,0.14662150916956113,3.917770717780046
1974.48454306671,0.06094543239580603,14.76421941326176,462.90666065863525,0.10221150596821116,2.9775511301222126
19.215216245386408,0.09264627224561775,14.5218830079927,131.41480005491775,0.10646769550780442,2.506169736151494
121.7855287931398,0.10876180772637921,7.523315727325796,106.13879685950712,0.0964763175946089,1.8013862753759389
10617.200004733517,0.1169737063984198,14.251902292447562,339.6302377680939,0.09994649257862362,1.1488246925199013
0.13784441302988593,0.11089768776798262,26.161581536293212,58.8814837799178,0.0996447708286585,1.5749940902304491
6028.70460908088,0.07954849924361657,12.040133714804668,117.24826464329334,0.12460404516354084,1.8515402926330813
16.380827817239826,0.10454076208771414,17.484177659002583,360.0450238683023,0.10368766309824941,3.9632465235417476
140.5606581638386,0.11785176209587725,13.156111566795976,113.1674562097856,0.10131607586904115,2.3006855903153403
1052.2730851729393,0.044280902493536986,26.802248550557444,121.65415198239901,0.06702431597460834,11.885122892753918
218.8438548653757,0.11932727385036698,25.655035485448003,136.41915545344455,0.08397294189980861,2.9761678983104347
104633.88628807206,0.026399355539401988,6.735492584241353,157.42729530854785,0.09708126748961596,1.6752638157768178
325.8819021040467,0.09209165798641296,28.253604763943137,746.7659825008523,0.07705090464560871,1.659146186968636
14.19858454764049,0.06935258309081206,11.77582019416925,539.7256475685572,0.07443050002400903,2.4958848433918117
0.1038364823126152,0.10912191426569684,12.784643507185507,123.41531878658418,0.11116036647780705,2.246251423798398
18259.93886290594,0.10957582140748631,18.411203670464648,514.7791158231871,0.13260535299873946,2.28121238993065
25.959380070838293,0.1111039829796854,15.37335495703624,95.12521615891944,0.0994775340948913,1.406888640954591
6525053.9780623745,0.014559280854017108,28.527804138472703,269.06300302379714,0.10566111842784834,2.0431265672623304
218.49971513653009,0.07797688119255201,7.941408233440816,175.18370022662555,0.11936988010992605,3.7041409733156794
59.59615758291408,0.05936327655438902,15.30229733588022,23.875902233205466,0.10258909918708799,9.139426217731486
6970.107181316047,0.06743739997436453,25.930293805754253,64.9144512249556,0.11374468849426575,1.6584715830454977
248.51145099700506,0.10888901489530911,24.474440362210785,233.5393253122573,0.08460829987409405,1.3157321762347731
1414.4607192278759,0.06890904932115123,13.672510884378664,491.07881243927346,0.08978582040518476,1.8406235824434125
4.01925237876738,0.10740507382090553,8.77977567250823,100.25381927212328,0.1138972651758926,2.1676766078566514
17.243648429338542,0.11579369271115338,23.522095166398714,100.43835003280122,0.09331349808943032,1.3511491620252194
229.32210792152992,0.10247768883101113,11.249318581506355,181.40343755745846,0.081328067144645,2.093099266975261
9.040151457834792,0.11828407376169627,12.497488720628546,209.76714166014256,0.11114538918541338,2.1661905005586024
6.624025736553648,0.07782643498980958,7.972237407927097,213.02155048764644,0.09875973967988921,2.5289736011853976
0.7563317247452758,0.08671539015498457,19.956696174631183,77.68191628141352,0.10785204304948774,5.344295588136518
24901802.93812307,0.011262448275449276,21.25195169526439,96.05028724945618,0.10059338144561002,1.2834797784158054
174.57753304881805,0.10539489718317903,15.049649451841427,787.0350508593867,0.09049177026991731,4.001801370361758
525.2472096957039,0.08366593034435818,15.230606855625416,85.83266985489001,0.0776751211038322,1.0444404984156757
26560.557463934918,0.08654093714462317,16.072938229843665,655.915123721613,0.13652232889492927,3.1255128279253865
4543881.048179222,0.03736767484481727,12.493676415879504,277.81352162804876,0.10550371461387682,1.0349114406253452
379.6634706769,0.09471481827877518,15.106972464040739,691.700701615842,0.05825982261563392,4.768217701133237
12119.012800424234,0.11400000000000002,0.5165992236448744,765.2307990431445,0.15747010299505088,5.566045053581455
11289630.965955123,0.04736359632639632,7.094289428491586,601.1065697017945,0.13142854786076585,1.3268164310304247
87.70774197484023,0.09646212963803336,17.59047357245169,484.8126491267918,0.10240553979065596,2.8338175091684574
252.50828056172355,0.10801466012339941,13.89319890755613,190.46431078500518,0.09151214252312323,3.59727429381525
210.98434377030065,0.0879379963322267,18.747514395262357,6.041637385708043,0.10273779734987115,8.69193664420738
190.03701303003055,0.11360421685815222,12.756080131554743,95.70813111632918,0.10497775085961142,1.3142927044005344
7.1254379466196465,0.09518644851886543,12.022425756537878,115.04235064400939,0.11974320787182088,3.913505443845068
237.0280938520118,0.10381732797434787,16.243062382788704,100.33854548941844,0.09749400100219499,9.976913726372354
20294.746977563947,0.11638086378947787,12.900567310159683,242.20756016209822,0.1183590798547071,1.1952653183785644
50.09151532573499,0.10010565959275385,10.86173558533021,160.07308942118271,0.11287747756878502,5.046817330421453
245.88536539930942,0.10568603802534349,15.242912345463171,108.28619948007349,0.1136888675149703,1.7650776056914053
114.63148824285418,0.11282575574653012,16.874531919617286,393.17893034113376,0.10449279869062618,5.499694900972703
3.229310375574971,0.10614120908797642,16.556290056219805,34.504160172399736,0.10950636507945269,1.4541872647159249
440.92330887839194,0.11477688620715457,10.302956232009176,227.01285082824052,0.1025481394356932,1.4625959143842522
330.0870231915822,0.11677287751816018,6.260186136373253,114.41685600070315,0.11957227965462958,1.572445952386209
1.3098508649041278,0.10148238256334671,9.154366754517536,67.10142469302917,0.13760608244158434,7.742080993297186
49969.142212526436,0.04063824924909621,14.73517463944397,542.1891194955402,0.12263923852410531,3.9469003989644484
0.1104864480912161,0.10774883650326397,12.341536841585086,97.13790852614937,0.10646769550780442,1.7913522789417673
567.0344253499135,0.09581319557834901,8.128922890946512,118.25109098736442,0.09339484760420363,1.1930951470675684
0.5494082340473496,0.10929403800018303,12.382854018913454,75.97874492835024,0.10503852102571098,1.5960161370815138
23054.890590763778,0.0934655587622326,10.913883300892918,135.72832578894378,0.10978053358818476,1.0271443270775276
8.805248266045755,0.07555037534273533,15.0248712771646,551.1325840886856,0.06711393889878589,1.8515402926330813
19.816676157270003,0.08249610714577599,12.488987565737371,27.94286186790208,0.11717941281692817,4.947002129045666
11.21557354487755,0.10832846626330003,9.273697442698658,113.18885812258935,0.11055852822316246,2.1603847278303245
372344.62110470113,0.013256463860079747,12.381798980916038,20.730057365033645,0.10847115274581025,6.395302003642589
26964276.005936824,0.0954750249491898,24.585436221552357,79.36558496989869,0.08397294189980861,0.0425289971913001
527.0011531136179,0.11143121806318831,7.522631173597961,292.6362017271654,0.07814279158037943,4.551378913278477
446.89123305281083,0.11567158829619983,6.654536105385278,62.60067328998076,0.10706674481038725,11.24086868509025
16245.372308192329,0.025597204383754985,9.464610947437695,12.529000717730753,0.11153860715279282,4.331308033612588
26.25291812963041,0.10912191426569684,12.784643507185507,79.28124219203323,0.11116036647780705,2.246251423798398
289.54065148704166,0.07590350327286884,12.3556668860465,163.7559785625009,0.12174593828451796,7.226627380688836
0.07351885485568155,0.11957741956065977,13.383841318066223,65.81360108790761,0.11016665868915601,1.4613320947806265
86612683000.47748,0.014979986598367384,8.55445916704751,172.04143653321086,0.10566111842784834,0.08686266954665989
38843.5568160408,0.0420625818337939,25.591203722752113,211.950332702479,0.09277589092768304,1.7403921900716313
278106.8167449449,0.11656415385098418,15.907198941553851,38.21687199124193,0.09569665263442337,0.2177630478076642
128.69222698004268,0.09094025659810341,13.415539427739112,154.74178864638043,0.08710070755348312,2.853710115426549
0.7083797576478175,0.1082012835389399,20.69271574072059,100.76662942038149,0.103622681500479,2.106744878123285
1697.9479898856675,0.06890904932115123,7.334388385996978,181.79787045408062,0.0929874524522791,1.455895501900394
46.227381206289444,0.09842215341313346,16.22010279158235,34.770921186154226,0.11280777303793846,2.6669587133136297
62.214706807504825,0.09037563789797659,12.569396285049358,418.13360502263464,0.12093590683518947,9.293311431091519
45113.22088002846,0.11009843871910485,10.35490004511399,244.6613451965989,0.10676859795669971,0.9547396582434615
157.2654841930147,0.11261132970352178,3.7219429336793635,209.76714166014256,0.11038597706500215,2.9878650509095617
222.85717762548927,0.08645506570544345,18.07513217194627,242.03767648095914,0.07309750474108995,6.851777351558164
3954.8563588353823,0.11539794784838786,8.61231792911355,489.6535227179317,0.12240337826516136,2.0305406309114318
23.347371670789094,0.10041307378290358,21.25195169526439,381.8963533785024,0.10122282079637647,5.815022969140654
168.27163664548783,0.11916880110118086,14.52244902481532,195.80567891031552,0.10584737436148825,4.001801370361758
11.411642829537195,0.09399980723594302,9.548751121146093,165.75699367749525,0.11365305671488653,4.324573539755953
7.41445754513609,0.10744416467593215,13.190358652664994,124.50745011525066,0.10021426375073737,1.8532223625341464
2.422707233552855,0.1094493596639168,8.935959892523142,109.30116959260391,0.11128468265745609,2.0009135959513706
34.12943154999052,0.06084615353277756,11.954918455404979,187.8479546953705,0.09142157918766208,4.2625978024959
478.22774292982115,0.08993037338486584,13.420000000000002,956.5505430702144,0.11001772552279444,3.259145094434941
28563644.312808096,0.022723662028225657,17.751941091028634,868.704192765,0.1266972062597409,1.9912024700781004
109.60575411724336,0.11317612297815287,19.04738177821168,43.295401620958216,0.11176582942291062,2.8338175091684574
8.8772244393923,0.1025840896866403,18.327476323895876,39.76861067479217,0.10656870804349154,1.716283984385333
191.77999386991905,0.08564954544826132,10.159095071510551,470.5466017828605,0.10273779734987115,2.449915674122776
5.863079745237869,0.11360421685815222,4.204050523356033,131.97955902318705,0.10915822877245301,1.7411498954395261
3742.109596595341,0.07378990534722922,9.231860592448276,193.62639402445308,0.11974320787182088,2.2445252725712623
1121.7356234265403,0.10381732797434787,16.282728886074924,121.157841304425,0.10873131593240212,1.4206996560289697
2863.3615631393177,0.11566289493365767,18.71422698114179,460.33510072328284,0.1456168761358879,7.546337588378673
287.0439708183138,0.10622019079619034,12.930100148791837,209.15844652052107,0.11137469983748566,1.9776518138020984
202.23275910532368,0.1117757328858871,21.95833307124848,108.28619948007349,0.10976636398301239,1.6662819257469508
330.9571030068738,0.10346731028743679,10.13103843150359,117.85002755462216,0.12074652470669263,1.9717462313815908
65.90121892272,0.08767180162780483,15.128186827531335,175.27614878714627,0.0969176059554619,5.647461604221222
321.6663282997722,0.1092725566783384,10.10496558648612,12.896805744593507,0.10040762667199239,1.4625959143842522
19.211632361055045,0.07648200146360994,15.80410123970069,533.7931261711519,0.06328559997209224,1.4109209988464935
238.2198649651612,0.11807644267227582,15.09442791401378,15.625144472726618,0.12334745543274486,2.2177741170732657
1311002.9188506296,0.02221732201095436,13.239020140345575,182.05065535842851,0.11919054022532484,2.0565466599476103
165.0365556402927,0.1114691722007009,14.5218830079927,102.84474067435468,0.10659771716611723,4.192129564139933
191.76160444531985,0.07445049446922392,15.687854300042854,118.25109098736442,0.1052983463622641,3.0798751237452633
72.7974844286244,0.09852993193005241,12.718991678337344,339.6302377680939,0.11958004680698096,4.587999039504902
169.570704003414,0.08083541336138031,20.532645919531433,2.3420237383684253,0.10656849675474837,2.148857734054217
41754.83637124001,0.10179341018237939,14.083822288896918,746.623111110676,0.11760243196436594,1.684566196465945
1139.150804347622,0.10732975182900859,22.844255401527867,86.45151271473009,0.11717941281692817,1.4492254593262794
1955.6531354756717,0.11193414677874354,11.440625470112955,370.65868434147654,0.10131607586904115,1.4402106082936648
1458.1910845995067,0.11612858386072586,14.605339945308312,331.3705460104644,0.11289321049464249,1.7837745228174775
2883.1701045547834,0.07670549263714983,24.585436221552357,180.93269664399338,0.11990300187328863,3.4378450470139565
411.2392255846457,0.10890108499450894,14.479033727604964,114.55048098351074,0.07814279158037943,4.551378913278477
6637.369061059084,0.11422821880987477,17.26778299235798,118.61259436388838,0.09828503596071339,0.8933430938568456
2656747.8429942224,0.06616641381203907,10.566561761855157,120.49079519056914,0.11153860715279282,0.4819673476532378
29788323694.747303,0.01663335714251722,12.784643507185507,123.41531878658418,0.1155731231752504,0.037078579837666936
255.03900562126802,0.11279779052420373,18.411203670464648,120.03876367640498,0.09581784592766393,7.226627380688836
8664.191624823383,0.08104914677966506,13.383841318066223,163.70318704800974,0.11016665868915601,1.4613320947806265
8.903838510024672,0.11751739598309562,9.389028730618188,403.8926087074876,0.10557019697461047,2.4014212582436314
100.75780509519115,0.1004099005935972,16.80671272784084,164.67806224432354,0.0973010418167615,3.8888919067077423
5818.197538745722,0.10871879477964827,11.189632076445434,23.875902233205466,0.12033194452150332,0.4975180306480347
8.107150913182238,0.11660902368976922,22.79173340966506,51.46599492605185,0.11601751769290809,1.62427084027596
32.7217209983574,0.1082012835389399,20.69271574072059,28.11301509083006,0.11907545489632357,2.106744878123285
14.011163099370023,0.06890904932115123,12.510483427855725,94.93292607876316,0.08661975005979825,3.293254896179486
2918329.1636202475,0.02094423923585309,9.771159512850158,34.770921186154226,0.11280777303793846,0.8920646213806283
20.96742909365282,0.10919169110674293,14.659105992825918,425.54736227807894,0.09427920014554517,1.8655599411649115
5.305805962045723,0.11412852075404745,15.711127071754557,101.98144750609777,0.10526934956957179,1.6517017108163223
16.929277103328097,0.09488344111902286,7.4448171689561216,209.76714166014256,0.11835050927430932,5.73025199089583
458759.5895103615,0.07782643498980958,10.252282097598592,387.52149342066514,0.14536436739496192,1.785340370411567
235.0945016944232,0.10697559697280873,14.218850553097019,61.01584701814835,0.10657371553598886,8.27604860324629
672.9406839813988,0.10175505996677782,21.176119028780498,122.61717974736086,0.10122282079637647,1.4198316709637426
212.49769041135204,0.10539489718317903,14.954490414866738,195.80567891031552,0.09315949590281394,4.001801370361758
504.28156367320753,0.1139642038133577,9.548751121146093,398.74186120059784,0.10024595001189157,1.5656428250617207
29.426343375628118,0.10654079322871837,12.047237746249444,149.75362673849224,0.11166838178056511,2.143463784048905
0.3783126414547845,0.10928133698565601,10.482280754823528,103.8234640095539,0.10783890947037329,1.8251006137660877
19215.904674972415,0.06084615353277756,10.769562814570818,691.700701615842,0.12688480480018932,3.3275572145161187
30083.721057687406,0.030535470667052693,13.420000000000002,99.98000000000002,0.105,2.9392644892205917
280.65435955485236,0.11909610907771134,15.128186827531335,301.71363534373273,0.0969176059554619,5.647461604221222
250.36947127688427,0.11156104905017636,13.162883797995667,106.69004600395124,0.10240553979065596,1.305067470537998
203.02994090126344,0.1102153305786586,9.58331070578846,64.11442940192939,0.10031546677787005,1.0816657394706128
415.2943696396803,0.10444740213913781,5.30155204015003,102.54378591697457,0.08785397399284003,2.65248606813266
112.35399425698984,0.08939596358359886,14.249948422180424,55.05583377735667,0.1044711775277529,11.238300002262386
11.725952528849184,0.11343800104713694,9.124809671092134,127.21690884460799,0.11974320787182088,2.2445252725712623
4.7422229593131515,0.11783483218455801,13.760492465631835,207.49433626055446,0.0908629611121303,1.4206996560289697
101.20712247204611,0.110547981824653,13.710095834498887,272.93384782253463,0.0977759647101972,2.823399282160013
368.88258724900294,0.11662768332813317,15.997086477368686,160.07308942118271,0.09951302774313878,1.3289768950041019
385.2170733524464,0.11439224942831214,11.167278165455544,161.27769972550254,0.09713273086614888,10.646289189507314
177.34295110208694,0.09617108286682806,15.476151325167372,108.94515209981972,0.10258142785455587,1.6392437379295322
587968.8335778916,0.10589521811370516,17.09117219712371,209.73616226742342,0.07878719793949499,0.506541716545696
40854938.84884252,0.10333652118166903,11.592368987463223,187.42312391852568,0.10552241398569435,0.05565664664323133
5.776546888510385,0.10352971915818665,14.21990151834276,83.27025342120669,0.1063766159271546,2.064866710222196
36.68986518311256,0.09560477928719509,14.558329425868315,146.87457078844028,0.09384636235539154,2.3909966189367764
26882.344108013112,0.1166430975082792,10.607570749507763,328.1746764229133,0.13909420884856072,1.8252419748741602
96.56309947125325,0.114302232751543,14.5218830079927,137.12002354941097,0.10380515416341242,2.713918676236365
7937324.0091517735,0.11060659491723218,17.266296402330635,347.948033287635,0.09198247905543558,0.34769142207729864
215.55165735106382,0.10838505687053698,22.109997116505305,340.2500113677494,0.09589146410474375,1.7863791542799348
215.12141913972476,0.11043998242896753,17.66321265421878,135.72832578894378,0.09037077833619334,3.126094805441722
23.182132572086054,0.10223732731444624,13.5809886658917,102.30529997888488,0.10713767010382509,1.8515402926330813
43.3851776223223,0.1178508979186828,22.844255401527867,254.4727610342616,0.09602629385845521,1.7221459142199151
53.327129940911654,0.09821352728618415,21.391582817456317,69.07734037189397,0.10131607586904115,1.6312596165104614
0.13513946570012184,0.08754510978149711,15.321119544388429,121.65415198239901,0.09384880443345311,2.1742950780234818
101096.67800916135,0.1192121297508358,16.125801851815535,47.180195813463456,0.09537400108600949,0.334522725297167
43516.10505559254,0.06008031981091356,17.939956607607964,254.66331440964692,0.10585278853880105,1.5229649153355025
244.78988001429468,0.11567158829619983,17.26778299235798,147.49365241226576,0.09580483056927694,4.273632905556211
223.37014650970522,0.09186101110566537,13.263649796029295,150.4386545313659,0.11153860715279282,2.2821156370010334
0.881901162500488,0.11428386743452182,15.210493415838851,123.41531878658418,0.11116036647780705,2.246251423798398
391.6809116004062,0.11366585491955744,11.337361181750996,99.59809338840137,0.09552684050582175,7.226627380688836
22.12753013989989,0.11460474553117286,11.311349485227495,65.81360108790761,0.10241100281608566,1.4613320947806265
163.77752173705062,0.10738834437159919,15.503238909171355,48.02864702252572,0.09455977243972549,0.9913386587735289
364.7772363418445,0.11800626571301337,16.203093922123255,123.73590515292898,0.09336223885426109,10.663027786975004
146.07123426677418,0.08855406946661666,10.340550195384747,23.875902233205466,0.1086416789859419,3.3478951811338216
24.37803675155812,0.1114229006796233,25.930293805754253,55.801063727874975,0.1086923624373904,1.5711274275186584
102.70367890956564,0.11274278570002988,9.45475039628952,118.96939507688916,0.11114844372848846,2.920893768014003
295.6773940333861,0.06890904932115123,13.488800794006446,110.06509570597166,0.08661975005979825,1.6236185236916008
12.682500160879943,0.06162700195226555,15.825558614823404,34.770921186154226,0.092187102263833,4.451050396134571
5.629298723312813,0.09037563789797659,14.583419649971916,997.3732615858576,0.10672791687914715,9.293311431091519
1273.3488277980473,0.10606756942851464,6.353896086133467,534.975209855592,0.11521255360457414,2.093099266975261
5.573087270775481,0.0859126480515368,13.416573241765974,209.76714166014256,0.07728652276694276,1.6211059695969494
46.86772082987624,0.11963033989687538,9.907795182737857,145.91996698137172,0.10452055381720982,1.9481381379245546
1.483341556074027,0.1096108942727047,12.109905242128782,95.49920992359358,0.10683896727117424,1.8125831049999412
266610.386752625,0.10532767522030322,5.309826994541831,341.4305479920962,0.10122282079637647,0.7790244845366114
353.2366148786929,0.10539489718317903,9.152970536023986,188.57131823341706,0.08538955456993075,2.9441792497870916
210.39658593704627,0.11382576760736314,14.331527292677226,145.56437652344414,0.0776751211038322,1.6042367824771633
16.31847430839027,0.08691028555368287,18.62735898801557,65.95100258565287,0.09300058913042686,2.4799769511601353
16.682996694253443,0.11251537934356606,10.815342431347759,110.22858790863012,0.09605601906799657,1.51261785062567
335.13114283430315,0.11835397595483566,17.417716757928694,53.25731169262775,0.05825982261563392,1.1028494072822923
23.931459020619286,0.09942974808615629,13.420000000000002,125.63697692297461,0.10913555516112174,3.508586130272055
426798.162478246,0.07034264326405683,10.526282012189355,301.71363534373273,0.13177451936830625,1.4047246898365984
407.1712725310757,0.08542232575888863,19.04738177821168,446.6337362153903,0.10240553979065596,2.8338175091684574
141350.55406138403,0.10916680958324801,8.038161027510515,58.12927357216125,0.09908067402640838,0.37996255833166703
45.902141258776794,0.11699634184378546,7.504128396861481,85.69878847598943,0.1120485694304872,1.431747728955596
52206.09962237066,0.1059755397594127,13.022982707710634,95.70813111632918,0.11009048836262443,0.6549087109913794
3.5736625391826635,0.11683352601217731,16.300686167358965,125.81413696645575,0.1084312026390358,2.117347166701148
67.26413816068381,0.08330303447279143,13.641930215841372,59.89615664146038,0.08844852412011969,2.312787344300711
395.56356789614074,0.11566289493365767,16.485786320236173,241.7991113039801,0.07486711105853,3.449735789622241
128.12471984469352,0.09141510067773,11.264466187332395,25.898319432276764,0.11119920780122931,3.4162236009281286
14.489122055459287,0.08686079515555034,15.521990727170419,175.35654034892247,0.09509560860716149,3.251362751094103
201.86993560473468,0.09617108286682806,9.06485553051504,199.68261261188235,0.10067656716880187,5.457530108568662
208.71164261130116,0.11004448442387196,9.56728424648803,347.3600048076293,0.11478530381206972,2.3391807473204675
9125.24796284318,0.10333652118166903,14.063162310745934,227.01285082824052,0.11669978128498172,1.4625959143842522
15.500254240201912,0.1096078425236254,8.910515470541045,114.41685600070315,0.11551695621622435,2.5219337975224994
1843.3954179985453,0.09614073948349061,12.18942859230452,517.6446512814811,0.11816921985808052,2.5497117056553846
3385.3952542120533,0.08672801322031329,19.095363113253896,260.96434820936554,0.07825553902290167,1.090063093092514
127.96465331589997,0.1183392078999865,14.5218830079927,163.85684818228378,0.10646769550780442,3.334928729876655
277426.9199616321,0.11231275832617933,15.687854300042854,310.42325634230053,0.1052983463622641,0.7210163518314312
0.7995184382434755,0.09389902323485791,11.138514087764992,339.6302377680939,0.11027388470593842,4.1071581076214
3.571020333320321,0.08667279933106149,12.121591068093363,135.72832578894378,0.09763555991626072,2.148857734054217
7951.129990982619,0.10988345063247597,15.580450425777455,117.24826464329334,0.10713767010382509,0.9774563637646105
35.303248550408995,0.11394084891067399,11.111394859457517,157.42988816561456,0.11308368683739815,1.9914615188920308
18.06164487941921,0.1093896306950651,8.70102931239005,73.50380535282437,0.11360775080664261,1.588700813497499
404.83756359912934,0.11612858386072586,10.528542689983597,19.14813967429575,0.11302394631252198,8.957753382269667
308.36312404413866,0.11250358558092838,4.679358346004712,142.74688085410259,0.11070626599832509,4.96179154460559
69.80347746237103,0.0691516990916248,17.939956607607964,155.02901287812654,0.09396178536112448,4.093308810083151
23905.973150097714,0.11567158829619983,8.399797360662271,345.3746032142136,0.11119877720396466,1.2055979568892239
353.887667299892,0.10924581989523222,12.771166599782335,124.98202372564396,0.09278592696706137,7.771332454621842
15.165038253209364,0.1186876496564708,20.789801157056548,46.20894699092662,0.11511155077382094,1.7875221171593836
104.24663970436173,0.07815997618182273,14.41762870518877,13.431335461118863,0.09552684050582175,2.53286203989157
459.0589973293351,0.11957741956065977,13.383841318066223,8.457123354289592,0.11016665868915601,5.598398919360397
1323.9150170452363,0.11635391841269876,15.052945592288637,172.04143653321086,0.10277208578957711,1.261740633183809
70.09761094712,0.11257555699768258,10.280809498762917,542.1945046148434,0.10771221160110146,3.8888919067077423
333.98648714103155,0.11259974611334603,11.371878375099165,23.875902233205466,0.11484432563092083,9.139426217731486
291.17817970833687,0.09829770226356035,6.551004294405345,64.9144512249556,0.0899389061596694,2.159551480186639
296.2047903620121,0.1082012835389399,8.910515470541045,175.82421383823578,0.09080183374822115,1.2115373479275258
82.14673305497624,0.11237934102066846,3.5856175242066026,131.7484650070096,0.09361103639751395,1.1810512751581168
25625.451957024336,0.03021932542940197,20.063016709132253,25.898319432276764,0.11119920780122931,7.14680234210749
11.657889624550993,0.11717123205855026,11.059985113272045,79.10253701352292,0.10386186845747267,1.3215859025034034
315112.32281591906,0.10606756942851464,7.2271755897773495,362.190475258624,0.09162192839623162,0.7181470800642842
129.78199595276692,0.09106237498037775,4.196419490860389,97.65516590825939,0.10130228617560146,2.410172445377552
1731.4591790414504,0.07782643498980958,9.10116200753792,41.169661845076575,0.09616469444188755,0.9939630329348139
202.2926552967954,0.11017270265335394,16.00897025110722,49.7622928233522,0.08979588197509378,1.8314235056931452
5.605649800241286,0.10589538392066632,16.1125807391077,63.350399906373696,0.10122282079637647,1.4332430846023527
1608.9867183357446,0.08355504884398088,15.418380239169931,161.76843326590097,0.1222088463095106,2.715372126160208
44.63059839205569,0.08366593034435818,15.036060340704216,57.56087453918002,0.0776751211038322,1.5656428250617207
52.79616220764882,0.09810038307915542,18.62735898801557,124.50745011525066,0.10593594674962703,7.261160906251389
5.8792920085726355,0.11780896397156869,11.463901798531872,103.8234640095539,0.10550371461387682,1.6633613970753691
1616.9326912527251,0.06084615353277756,18.831804745782698,691.700701615842,0.09700208673351882,3.4397644116739228
16.051184918414858,0.08092592123787003,16.726238141302623,210.1559221508441,0.105,5.858824123980268
978.7139228548297,0.11545072992181354,11.884299750771238,301.71363534373273,0.10498472448031723,1.537066376465181
2.9150627139443563,0.09911575200047999,18.15413375977399,145.57708270997404,0.10240553979065596,2.8338175091684574
35.372909450226324,0.11077376335201405,13.076622721628116,119.20988898865761,0.10101918180544517,1.9696188558205225
304.986356334386,0.08380948395039085,7.2622377511123455,221.02860478656476,0.08663291807004492,5.281908400007902
673.3192174155597,0.11360421685815222,14.225147104923504,460.6305220046291,0.13342797551601776,4.949765964687646
19.70800664554481,0.10616349667227215,16.30964659041969,102.33091643123936,0.10860468959666489,2.774278145794078
124.11046200451804,0.08503986959756497,17.11895623312152,59.89615664146038,0.08891935180879285,4.937198426441855
37.680677448806684,0.11566289493365767,14.989891163726695,556.3225471516151,0.12534203443394384,6.951763365888736
36.309921337530234,0.11564665291253551,5.203273618663932,127.6047964086726,0.11287747756878502,1.650413460696731
400.4175624860287,0.11599430974061986,13.594593441357407,139.1955517700472,0.08513917403403856,4.210360972617055
8654.937970053186,0.09617108286682806,19.549072204533584,802.7434928359221,0.14473518390607903,8.24583714361093
7.0599485262872275,0.11004448442387196,14.65227138331073,124.42356167540834,0.10837133754047386,2.341889442027325
117.83870125092895,0.10333652118166903,10.10496558648612,71.94645968620796,0.08674149941191658,1.4803669664350316
819422.7589767673,0.07031211233172158,10.172748799221331,139.07489566920225,0.09899056049862992,0.6244972246703
1817.1473938964732,0.11981212294730902,17.190274359209788,258.3140800673772,0.1283302136121075,2.2612983021002653
0.15412838629586184,0.11035655997132465,16.246531150048675,141.61757452101074,0.10802941729967099,2.2779006531185395
249002.75735078804,0.06388256734833858,6.99542749456409,696.2674483373116,0.12259846718824778,1.8202356405529532
4.7134186780173355,0.11313480972666337,14.330976913840702,128.4431925391326,0.09950932908624854,1.7194181847382328
252.02760220212195,0.11108440047235968,22.109997116505305,104.13088032700995,0.08579193174997546,4.657114579248476
171.84965807280224,0.10599292204898292,19.808262364546955,135.72832578894378,0.07974582072583136,2.148857734054217
1.4208796290541181,0.11831730145092437,12.262504830954288,119.94139264275242,0.11696833632590821,2.3227026892903644
258.5361706037554,0.10622675617792489,27.551122746921333,243.59564612889488,0.11717941281692817,3.9632465235417476
23.135162665281957,0.077426150334733,8.686723909018973,71.87077024727864,0.09446655576631058,1.6312596165104614
27.20385080902499,0.11612858386072586,16.83347340157743,121.65415198239901,0.11289321049464249,2.9868774818319106
0.49536988835831275,0.10467532749050791,15.96076360163203,63.03573011950613,0.09879242644646727,1.4374699724969826
1266.099962363467,0.0760687826671918,17.939956607607964,170.95482940925314,0.09929816265010019,1.8481854184548059
99.58964193474873,0.11763153677410806,16.087986258509115,118.61259436388838,0.10183197827387894,2.367022581276184
45078.496287998656,0.03248262169759608,5.515433110286159,330.11297188112377,0.10743475647765796,2.2821156370010334
17384.73637187728,0.06586192476334973,10.579316263749384,284.458668094332,0.06419563854995008,0.871349318851391
68.00122690390073,0.11460637472256069,14.028265550017668,106.52488035305913,0.09552684050582175,1.7322855846671956
270.40319503450223,0.11558549215514913,22.661853692963273,23.044616797846288,0.11016665868915601,0.7641784396437723
10474.49707405471,0.0686365788046835,15.503238909171355,678.3718186557944,0.10566111842784834,2.0431265672623304
50.614075311392774,0.07797688119255201,15.441305646058247,184.9041836518336,0.09020821557045011,6.155747629735305
206.99117355580984,0.10853585091328916,14.420144667559263,23.875902233205466,0.10559669148720231,2.059353658385081
9.421579393395636,0.10688327316698253,13.949137632243396,64.9144512249556,0.0975421419163936,1.4586657972191475
11338.342155720919,0.1108968494125071,12.842314926246186,490.8192052344966,0.13333134868992297,2.385174234447722
79.38626543006565,0.06890904932115123,14.420144667559263,121.96582701370829,0.08661975005979825,2.059353658385081
722.647584079755,0.10782973020340329,7.481672409184145,584.8778207120646,0.14092230081965976,7.22425707054491
106.65898364816157,0.09037563789797659,23.522095166398714,108.44561672424123,0.0842229283160782,9.293311431091519
565801.2983227721,0.10606756942851464,15.711127071754557,534.975209855592,0.14663126337710447,1.2379261350914383
47.98168564530356,0.07797868721282179,21.039629002534678,176.26149532604398,0.06426831712784759,2.1133896017235845
198.84650905214374,0.10936225083909798,6.268699325732118,141.12085769193766,0.11709557598465141,6.851777351558164
0.7690883857867803,0.1121704690180467,13.615611083003374,92.40592525287383,0.10607512384255596,1.7335679800619523
693027.9858572638,0.11378978514111174,11.475490676340643,874.119926839435,0.15431495137078885,1.750932564875563
162.77522762892175,0.09941149045154667,17.88030632030044,163.25609285106435,0.1222088463095106,4.001801370361758
262.47389513870417,0.10546860287199278,12.40388478999828,544.2323228206374,0.09576302180841822,7.001376886407126
230.8043031377201,0.1093362022160015,3.9079632580312342,124.50745011525066,0.09144519470198031,1.7447711874145329
62.78431094811798,0.11428247065375927,17.80681030891524,149.25639254531222,0.10584124716921146,3.1302774700265275
464.54830433028724,0.10907386129377426,10.472802266294927,172.19955071760893,0.05825982261563392,1.672658169207348
375.2249732065808,0.11400000000000002,17.83548930632153,26.934804122363914,0.08334085958420895,2.65606242009045
11425.40890878597,0.11743093494080475,5.016547846931626,301.71363534373273,0.11503336490860484,1.3268164310304247
75.23350921549458,0.09969132098817114,15.338229512590003,484.8126491267918,0.08883722447855366,2.8338175091684574
30.95610839721415,0.10145392650592994,10.06059723125374,195.15275814340782,0.10117967640210915,2.4158664662215483
240.2248193145071,0.11005783554221792,8.352178530577014,470.5466017828605,0.10273779734987115,4.892562730341597
34.41730992529061,0.11359574382514581,21.697746169079544,30.328307783865398,0.12241495845844236,2.178487816580931
34.49950357830953,0.11566283281889511,18.848795107881624,75.49442237938882,0.09549970796409385,1.5466214780151262
61399.86585052663,0.10159125285624793,6.970429358667195,59.89615664146038,0.09824674092170399,0.5104945209892859
1310.4433125568669,0.10733522245745361,18.71422698114179,460.33510072328284,0.10836410511643114,1.993970649213633
92144807.17548937,0.08724917215543442,10.309128285955914,431.71215612268895,0.10044653799556738,0.24446070008320042
1.346152244805896,0.10698673265075576,13.594593441357407,96.67860713006405,0.10269118881561805,1.7616967138676891
2280.027708525634,0.11625209182562862,19.725353262747717,433.53128920663,0.12074652470669263,2.274856117208012
659190.9672988018,0.016564163211222116,15.04020269861369,78.85362932571559,0.10837133754047386,2.510443848003033
0.7365245406513751,0.0842486986532216,10.10496558648612,227.01285082824052,0.07802777613156767,1.5211631437588302
36.15722748317077,0.11572169682703087,9.744799368463035,198.65303515832375,0.11551695621622435,3.275269321520997
0.3234325159791104,0.10271887396929355,9.068745610361486,202.19076891115907,0.10822309991281259,2.3909966189367764
36330.67748090072,0.1166430975082792,6.808012790930473,892.1693142365418,0.12334833169020012,1.7971812574912596
4777.93611184715,0.053642917657832,15.951727163810377,426.75679980528946,0.11711058279581088,6.397982604532207
213.4573138112792,0.10926395629809726,15.687854300042854,118.25109098736442,0.11850126598861489,2.006234753515587
229.3369318240056,0.051214049073189716,1.833524172392881,13.232838046335985,0.08579193174997546,8.776813354465268
8.973406578412769,0.11043998242896753,12.121591068093363,100.60344654020605,0.10978053358818476,2.090784586652279
47.37740827259594,0.09893257989716653,8.076964252042819,102.92129801307613,0.09782661228308981,1.8515402926330813
145.18996319696834,0.1178508979186828,22.844255401527867,142.76561140007703,0.09914933057227959,3.9632465235417476
0.13306709261351057,0.1105420579574482,12.150669200589917,134.437308131267,0.10960925824879714,2.1315389174419215
59493.20565798756,0.03147439105779888,13.804489363630537,276.1404916077212,0.12827276919721764,10.215209659969663
229.72108240777993,0.07670549263714983,2.766915573197142,167.94828713586088,0.11850126598861489,2.777999836894369
1821.334771409492,0.06634602047416968,16.190634930070694,284.09961920639677,0.07814279158037943,1.379910736213839
17801287.877908364,0.11567158829619983,10.599322200559675,845.7776450256682,0.10120128001903003,0.41994254208070636
47.59651936052198,0.1088684621400775,11.872102652374117,124.98202372564396,0.1188380327389817,2.2821156370010334
12.599201664394899,0.10347667083712173,17.081968873736393,53.197881559431494,0.11116036647780705,2.246251423798398
189.90140263568196,0.10733522245745361,10.855022792296477,221.18244514412203,0.10836410511643114,7.226627380688836
2870.4538964325484,0.0745220481612386,16.300074879910387,196.28948279260055,0.09323490347986424,1.4613320947806265
189.56976691380356,0.08525247933217864,1.920694868448738,956.9768559949548,0.1265252971696046,6.621193077380664
279.09987458017395,0.11354329721022047,15.441305646058247,159.76763685194175,0.0922722837547732,1.2316849489448884
4847.470644481618,0.11460738700464237,14.409974312954148,885.5088291539263,0.13153950230000933,3.179826882703502
1324.2096595842995,0.1114229006796233,11.430725828303169,467.36515079769094,0.10329329978083984,1.62427084027596
114.28526808641641,0.1082012835389399,16.577678268136474,105.70140522838852,0.103622681500479,1.5094784048744625
3109.007913751476,0.06890904932115123,19.43515934814396,419.7254524932799,0.09765563400842533,2.099374275210506
296.6825129745463,0.10200564336036222,5.4436831550800555,160.01531116937952,0.10812650812249333,1.5926510723398941
107.71264845631859,0.11771390357668832,22.52742944472528,155.43879644641328,0.10239289899458696,3.887397057983805
67.62362131005212,0.10606756942851464,15.711127071754557,185.24242735154326,0.09757817395856916,2.7116604474777217
120.66830322400727,0.10908335319622016,17.445667166668375,108.91801292345212,0.11598175299343452,2.0137878413055974
185.4506834373197,0.10716986457682096,22.67971650607929,369.2128683298097,0.09884128697851413,2.0405284281117506
5.981567281488658,0.11017270265335394,15.424719614125511,92.40592525287383,0.10358891000091695,1.6052292413359357
70.72341164970008,0.11224900216674447,7.746096714261755,914.5170407781993,0.10679473109390938,3.6887889158107905
2607341.7025629245,0.019411605670897884,6.535970213196341,160.37495763161525,0.14686209849013754,3.8258438126779533
391.7507939598622,0.10214077787784817,10.631535790833066,672.3420994714188,0.08500764565108962,11.186364010514454
241.7518406657124,0.06795732642639449,9.416238703068613,124.50745011525066,0.06309119912797978,3.1255128279253865
30070.151283838095,0.022195109858045042,5.4639898424782505,406.5913733321592,0.10550371461387682,5.987161169436028
2550.230701069283,0.11975457252116226,16.36889725775225,691.700701615842,0.11376662072667003,2.0094668109466243
284.02544245966783,0.04376737528952569,14.390173230612934,99.98000000000002,0.07659218089477421,7.140940797699258
26561.762693026845,0.09153925615717762,17.353345623731038,383.73188431828135,0.10445894451308188,1.3268164310304247
118.16896681477722,0.07320008376434506,19.04738177821168,238.16727647900257,0.10240553979065596,6.828546614002677
63.29956368784761,0.11111025258385437,25.129705008176693,61.77376730964994,0.10101918180544517,1.3170582596130664
17572.635093679615,0.11699634184378546,24.017470887646414,385.5765010815835,0.14171315030648013,2.5000968954560365
222.94511014686174,0.11360421685815222,11.042683822704026,43.524607511523755,0.1069351426335923,0.9832108835922995
18917.20932098757,0.06641875275399975,14.196181698725052,51.053367468435226,0.11974320787182088,1.1529279708587215
2.2126275851114974,0.10381732797434787,9.714237974659136,111.21151888565146,0.10578859948328105,1.7908742813042018
699.9264789136432,0.11566289493365767,9.839996260865291,460.33510072328284,0.10972579043404852,1.8771752950197804
1003.6298390513721,0.08724917215543442,10.86173558533021,84.82797789081917,0.10136791547192583,1.2938167998296208
4227.386783013841,0.11476562572779539,10.167155817964804,454.25209327657825,0.1160819581308755,1.7650776056914053
45.50850976469551,0.1023500440928164,12.63746549461396,72.373303660072,0.11999453219524546,5.508989193114456
17.647561177277467,0.08925326493162844,10.799589043622376,399.5782119693234,0.0811446911299582,1.5684171081254528
3.7821733067253684,0.10333652118166903,10.10496558648612,229.80612844094372,0.08674149941191658,1.4395340064574533
12.03863980736313,0.08133396383009642,13.71453528874377,36.0492363686854,0.11292056003826588,5.648312623459335
9.985447842188707,0.09458296394745079,9.068745610361486,202.19076891115907,0.10822309991281259,3.200306361922502
413.9553204083235,0.1166430975082792,11.336372952956113,114.17525811062347,0.09627452364555858,10.96385307873223
79.55009870721659,0.08079385619327045,16.172863456898142,111.83615797273347,0.1125820451653448,4.6973412536291725
2.1627131233393415,0.10765534084208792,15.687854300042854,97.03517749140588,0.10912448779113171,2.006234753515587
2.5360904323693996,0.10973667449163638,12.789333184434554,115.06430688506117,0.10078345491285277,1.7095425371037845
157.05911847868953,0.09167995179375098,10.743419129765307,128.49096689303565,0.09333699317719318,3.2900880614392434
224.09824875361124,0.11559988244510648,17.305302443887786,22.76892685161266,0.10713767010382509,2.075951759239261
0.15986336058740397,0.11693531724152838,22.844255401527867,157.42988816561456,0.11717941281692817,3.9632465235417476
38.44446712429752,0.11021107845943552,14.728789031930315,71.87077024727864,0.10131607586904115,1.7587215127277052
90.03056256936921,0.09113359551757812,13.73449163337101,166.7067298649839,0.08892705655527988,2.748156100310853
0.4271306311912576,0.10987091753076755,12.04517487857161,97.41938911154216,0.10377461348384472,1.6674360465049762
339.88083448204486,0.11496335029000736,12.929919255840892,88.40286347688777,0.07814279158037943,1.81616187366882
6.074202134995983,0.11338408245052739,16.120848812879718,295.7934315100351,0.10340898542254454,2.24027931000487
12.95444273666275,0.1143985014195347,12.771166599782335,124.98202372564396,0.11057196510906017,2.2821156370010334
348.5233320251534,0.09437836255449342,11.876874126171106,224.71336131296977,0.11140241840009639,2.246251423798398
153.79744627932507,0.11357184652096418,7.260200072034916,221.18244514412203,0.09798915870198888,1.4099118542772944
4.755575370310178,0.10667941100106815,8.266658042165483,65.81360108790761,0.11104247578362257,1.5448599853026428
183.31263208150446,0.11957678765088091,15.71516328679084,233.13697469985846,0.0864968289705963,2.0431265672623304
74.96176668071561,0.11500857631317432,15.905782708520178,254.06851570144224,0.10698079140828501,3.8888919067077423
1490.2285040541237,0.11078105053451104,10.711370528065018,148.6435871579581,0.13996869545672241,2.6227037674139164
46.15962897846484,0.11689678783031557,14.933771486828286,64.9144512249556,0.1004043983974625,1.537561700558447
119.76555827452627,0.1082012835389399,20.69271574072059,100.76662942038149,0.09417038438873829,2.7927653807106774
1336.6150887014303,0.06890904932115123,14.987455427199597,226.55656421009064,0.1119851991937178,3.293254896179486
292.08583310523295,0.1057013801992788,10.12276320553368,34.770921186154226,0.11270474715005932,11.00734078196036
367.19251843903737,0.10324196645621503,9.580634398409549,240.60769478907855,0.09389284049920851,9.293311431091519
11.37763891886127,0.09550406499583626,11.168666469406016,127.4745401317673,0.09951942010461745,2.1545328548556295
283675.3330319427,0.06386623839835863,12.073366475785116,42.40196715320491,0.11065758116051908,0.5198849113651463
77153.63325094775,0.02177152830597754,13.134134081292757,45.99592134858847,0.11277147985086183,6.56099773426284
36.684562039895795,0.11208600261173118,15.272529846672507,282.4514703178256,0.09907820816834548,1.8314235056931452
3.889015978296706,0.11100993344536415,21.25195169526439,126.6011038004068,0.11086206370134011,2.564813123843797
244.63110845520356,0.11579283016723915,19.508363023363785,211.5173419011781,0.08918597734567804,4.001801370361758
4973.561184421848,0.11600980916590961,18.160505071541692,341.68134911622496,0.11181304645603472,1.5371542020166906
28.497555881090495,0.11761843030674732,16.256379845873255,101.57062886138846,0.11166838178056511,2.445726700432804
4.563999437558353,0.11168234991980935,16.201228661699208,71.67255330515059,0.10453020784241196,1.6633613970753691
8.023835071085568,0.06223860743618689,14.385769973935286,8.291497373263951,0.10498760350937285,2.0220039834795074
0.0902566405109112,0.11753705973303256,16.1781565695117,101.51097803383857,0.11409944501543501,2.088914593708439
94.50191188173736,0.11969699127846371,14.87073141576198,14.946396327862885,0.1332653103445447,1.3268164310304247
86.1417916050464,0.11761843030674732,16.256379845873255,101.57062886138846,0.1090004654337143,2.8338175091684574
0.502576141796418,0.11120200532072048,20.095870261707034,102.72734975642828,0.10101918180544517,1.82549098516502
1.4671824420191486,0.11576256872769428,15.004173329074433,85.35814571518142,0.10589682190187509,1.5586980933116337
5.868469212687123,0.11321893701966887,15.296053879951188,55.237255993387464,0.10226455085489791,1.2566065518705827
89.12953367783453,0.11566283281889511,26.23171533538109,400.4337074037394,0.08107901930547892,2.2445252725712623
253.2767976049658,0.11426821203479502,12.728466744789259,24.85857541654832,0.11516180970710413,2.91205469308065
6307739928.609389,0.018031553813115248,8.982731406498935,66.27033219607051,0.1183590798547071,0.0192071371102287
30.603831123535677,0.09479749311156263,15.878778152857759,160.07308942118271,0.09496608334035139,2.7093199067665577
1.289953186552184,0.10712705822987126,12.413622479223019,108.28619948007349,0.09846184985417511,1.541012061723742
135.44159864340872,0.11331517267526074,15.603827777420387,72.373303660072,0.12074652470669263,1.6638223839480188
2331.636175921185,0.1175512880725329,10.905921612724752,89.17395584684584,0.10178935192973111,0.9240091486601463
112.83136132072528,0.11720459272651777,12.479958311685763,109.12183635525031,0.08674149941191658,1.457930220076305
97.62829103302582,0.09844672084642786,11.797094000134802,114.41685600070315,0.10165853136381792,3.153978374446423
1242.5524373286175,0.05212739484234898,14.169164932356871,202.19076891115907,0.10822309991281259,10.17099707583772
84.7719699530613,0.1125389232103621,13.239020140345575,85.77349588306032,0.10257149707840113,2.0565466599476103
5429.164229662378,0.10355292020016241,12.074311503605943,68.35651368468223,0.10570230557165261,0.8680006179973105
83.69285696283964,0.09334248330951506,11.323253396601597,74.86472499737005,0.09570331605957375,2.2238373821519133
545.9285942249012,0.1166569620977341,10.869219287165254,1.2898954485031027,0.09356700007504004,0.8348808815139961
69.48782874719495,0.11473253121648667,11.27617925016266,135.72832578894378,0.1031491113915383,2.148857734054217
3.0301861048432848,0.11559988244510648,8.189112350422455,137.53634518781365,0.10857947020510902,1.8515402926330813
67.69736731349239,0.09609766265405931,15.333451524789009,149.71676201972764,0.10001485340779,3.9632465235417476
7.809263936139313,0.10773791168427163,23.448496206232477,113.73227662215857,0.10109666027809988,1.9448110500553106
43.956398779211945,0.11442922445716562,14.672702811164935,104.61281632996253,0.10557350481763202,2.1742950780234818
13.063705875827585,0.11335602061902741,13.78972381000151,180.93269664399338,0.08956484223669786,1.5426271911684175
4.85194738729875,0.06317453745259233,8.913025742735243,102.9229918933662,0.09961194081914967,9.897264108106112
63.181453816350654,0.09360401111692858,15.596784907335874,158.20830953178108,0.09958617576198703,4.482779983588729
10.630335928862575,0.11245723429265718,13.113014894949348,124.98202372564396,0.10437142051354038,1.666435519941043
24.79784081255468,0.11334058379059139,14.30276540992185,123.41531878658418,0.10400105496080914,1.6083886798332774
108.48152709981116,0.0921170479375149,11.911247809381848,221.70172478924673,0.09267456345063621,3.2798270524464708
9.813781880974606,0.10798610792339647,16.02519160381989,46.6341681887713,0.11600299556915489,2.014176424442465
2918.939491815537,0.11219327772824864,9.451576581903883,172.04143653321086,0.1082742231479159,1.2587809772815701
241.8335395815168,0.11243953823591388,15.886849700841443,211.950332702479,0.09282770871206225,3.8888919067077423
212.7935121858573,0.08855406946661666,11.371878375099165,23.875902233205466,0.10163895487137961,4.659366106464644
97104.3319198363,0.11754096229037889,16.418103144591687,121.33374557838528,0.0978383582868618,0.5502575100839167
15240.135004505133,0.10110299803280906,11.384349259034384,100.76662942038149,0.103622681500479,0.8581734275830453
66.43578051528976,0.11604629230027332,17.39654357269655,80.61253210575359,0.10082673279746382,1.266431785194671
330.2728033239365,0.1057013801992788,20.063016709132253,98.75956570765857,0.11061789334918198,1.632945399208504
367811477.7264292,0.023525469947962604,12.808240980980369,213.72883095287466,0.10239289899458696,0.561396274174971
153.93805728104485,0.11817762610488602,13.265989566782478,63.26378067758793,0.11343556894849628,2.9915316195737445
203.06429734703062,0.11590051123650538,10.71251389063226,41.69950021293073,0.1000148917238104,1.6583693625193128
6930543.593170749,0.07782643498980958,18.07513217194627,819.0751985962454,0.10570870802476788,0.796183655933369
27.99760804009155,0.09824903619093003,14.218850553097019,92.40592525287383,0.10785204304948774,3.1608986819219407
5.194844850994819,0.1091456110978909,17.12137752720044,144.8771875540349,0.10122282079637647,1.852258233722571
26.189250528703397,0.11156448549019896,9.152970536023986,119.45417653131528,0.10620966718881354,1.9638787162418376
760.5834391194741,0.11572349120914419,11.90394340475362,341.68134911622496,0.10326022055383013,1.5656428250617207
116.46374912197282,0.09343871896510691,11.631027294070797,106.31942915003879,0.09704585659372467,3.1255128279253865
1856.7387916511684,0.08752342519926912,8.092479948955091,418.92151539418217,0.10550371461387682,1.8170906754361198
123.31661722071608,0.11523591014731976,13.487801203998275,75.07101192054677,0.10173331443717275,2.0220039834795074
17.512972418021683,0.08746995736978253,14.279519163879343,153.4929093166151,0.105,2.905417124363556
44.36521842204758,0.11148733251092174,14.87073141576198,323.9267880582535,0.0961018326657285,1.7469302868835852
8036404.014278092,0.11671266317347812,21.674505343619334,484.8126491267918,0.0932273294095656,0.38597701659655126
77.33652239777301,0.11283558158007251,20.095870261707034,116.46362379177634,0.10101918180544517,2.7798951080215386
73.00093115863584,0.11699634184378546,17.634297329156443,228.647143773768,0.11254861620660064,2.319087164342134
195.46894832384876,0.11094691100613746,7.4898206777071135,177.20790074802795,0.10808594088622062,1.6119925655555711
6.903624150895705,0.11013680286256027,11.706484983674956,85.01451703611917,0.10734958480771853,1.79919370583052
0.4799797094667182,0.11181788046738887,12.371470438774182,113.64583338647117,0.10686994128255209,1.857541221145219
23894.23926197015,0.11566289493365767,16.289706201823222,79.60666919512306,0.1183590798547071,0.6636403853705488
90.04623029656594,0.04730914636506896,9.879883307110582,0.20213898837198485,0.1187626394983758,1.3312942343892722
6954.96197175295,0.05178138334811792,13.594593441357407,69.44647969342134,0.11308394643882572,2.101416953125071
17933.922074003953,0.023943384598304182,13.851469560778476,131.75192076716291,0.08665932497560305,10.836315187944948
14.062432578519221,0.10870705557628418,16.552033972064155,220.6630609500536,0.10114478356567011,2.543976567554755
108.88906683331544,0.11256761838259025,18.055055544539318,81.60355465800245,0.08674149941191658,1.5978221791150773
1814.961322410325,0.10352971915818665,13.811304796773346,958.8083900407443,0.11444800216680726,2.5219337975224994
93.47981651406204,0.0933083726490081,9.098826631880375,181.07505881128043,0.09231995146921615,2.3909966189367764
5.699864852165754,0.11522075155796291,13.239020140345575,77.7183180548032,0.1028563157727223,1.3698979932090483
2.7556038538139784,0.1150984577430803,13.444674262031697,111.83615797273347,0.10967066315260918,1.9964959811015284
0.27183403783916865,0.10692162440278688,15.687854300042854,150.4021256657049,0.10266087012345038,2.054118762373004
21.639554764165176,0.10778590052217424,15.824350137960728,41.13393712692283,0.11378258409915866,1.884778253377613
370.77779230732165,0.11043998242896753,12.121591068093363,5.428139589923376,0.1358255929644369,3.3616829672852435
58.953006646691094,0.11559988244510648,19.27705862790507,118.39066317375341,0.10713767010382509,3.023459203103445
76.80104378962923,0.1162293184921472,15.605225554759363,87.11984375845492,0.11717941281692817,3.9632465235417476
134.81913491534624,0.0984605907822394,17.668554936565116,108.44161911150121,0.09108274980382305,3.2301374036600574
8.674109121594757,0.1186026487378367,16.118296317784868,103.87829481477763,0.1079512220450441,1.9390883123710383
15.076938367202814,0.10722792931605943,24.585436221552357,71.7323701516267,0.12349098587965944,4.035463729501663
119531554.94208074,0.022963639784953353,10.5015145333922,284.09961920639677,0.11463226599974906,0.8915838784471797
25873485.342093952,0.025089068721283303,14.681963565619895,225.4658968455435,0.10946983711531576,0.9915920481057636
117.97558454700713,0.11511653641389667,12.771166599782335,90.70797368049944,0.10422440414357034,2.2821156370010334
24.62420290616258,0.11081664363625157,13.791414053888321,110.14971855271585,0.11116036647780705,1.8580386909652162
347.63836796247597,0.10216604414370836,10.165583923135515,102.75507327352591,0.09552684050582175,7.226627380688836
11.596019711147111,0.07722741352245018,20.328066673374227,116.30034787519958,0.08461870708294256,3.823642301149005
103.16265058831986,0.09592727408045293,13.593473522139938,150.43294190222213,0.09576878471059067,3.283178245133586
0.3513343099304618,0.07797688119255201,15.543892700828073,94.41319514791024,0.09993046294126073,3.8888919067077423
349.31419684523485,0.06839089665592087,9.99238101909525,23.875902233205466,0.13996869545672241,5.4533359498889
155.3253439528605,0.1151007711048651,25.930293805754253,11.70063380487619,0.1004043983974625,1.2114008061513406
7799.926055913507,0.11921615977685464,20.69271574072059,258.89019277646355,0.103622681500479,1.163019309339819
423.8887543267434,0.06890904932115123,17.39654357269655,53.02865857310121,0.10626107368738416,2.3876113163957875
12.110824624842603,0.11222734788960842,20.063016709132253,61.477893654955835,0.10439219584990102,1.421434982646602
64.43958605174163,0.1131167354834477,23.522095166398714,112.18604884726665,0.09587544176962914,1.4125859861147205
5.518181992334197,0.11687317888970751,16.56471219718229,111.57045544360534,0.1008856675069949,1.521650375452479
4374342.226185672,0.0940562724945863,15.969022864723055,675.8519347529252,0.08721699033877511,0.6134696622203579
718.9623700020086,0.07782643498980958,9.569292948068169,306.403560664579,0.10547530506993455,2.2189157584494295
160.98663754336923,0.10955843790500866,12.50733300301368,92.40592525287383,0.09024080663151413,1.8314235056931452
102.94052673716378,0.10041307378290358,15.558037172883493,154.57335466270905,0.1003031719717471,4.24119819621487
270.19827919466286,0.10539489718317903,9.152970536023986,73.96992924830766,0.10350350454306077,4.001801370361758
201.66008760070957,0.08366593034435818,13.39141692708863,4.284111877479802,0.1202207064347219,2.689997919949624
213.02169852296737,0.11106169740599406,6.479177324254103,26.744110617091508,0.11572663095659297,1.9010784374102343
32.12555483584306,0.11428247065375927,18.58118399043505,103.8234640095539,0.1016843733337839,1.4984495684062162
9.224382053276344,0.08713541410413393,14.563050570367851,86.8698157468657,0.10290713681325694,3.2300051712235147
53301.576759828036,0.11037879306213197,14.5714870605035,49.285974928335406,0.09605385426595198,0.4383474088221151
6671.289557388054,0.10514497954139183,14.87073141576198,301.71363534373273,0.10349594364182496,1.3268164310304247
1202.9398420484445,0.11510745052640348,19.04738177821168,101.33851303220723,0.10352389795426811,1.1219291036214507
75125.80629179472,0.11381264667181137,12.311822931951118,666.4993864967724,0.11341824492795156,1.3170582596130664
246.91555591653656,0.11699634184378546,12.78652157777944,127.27854766313243,0.09574825450989766,2.65248606813266
16.793901242069865,0.11360421685815222,13.763785520546723,93.22476071792596,0.1044711775277529,1.48935120366464
22794.599499035314,0.0548471096649954,19.329848764412613,273.42592959694787,0.11614441313567106,2.4803102329385043
72.86774216219413,0.11864021282131533,20.717323895906173,46.670856242183675,0.10686994128255209,1.857541221145219
74.25131825083935,0.11566289493365767,13.439766411582207,195.97074489557997,0.1183590798547071,6.951763365888736
45.14986820663421,0.11454386836745911,12.606199003839063,160.07308942118271,0.11960000529057314,5.046817330421453
640.8701933301377,0.10561954161650502,18.002767408148507,108.28619948007349,0.10044000005930856,1.2734665820672353
15.21094472392415,0.09617108286682806,16.874531919617286,207.63836058081836,0.11598157102684495,5.9905102616202655
279.4226876292979,0.11004448442387196,7.780243504927631,146.02912881477693,0.09181908232495498,2.341889442027325
1075.5608019118715,0.09708770437018609,10.10496558648612,227.01285082824052,0.10008740068469402,1.4625959143842522
287.3549308748179,0.10352971915818665,9.497922282065622,114.41685600070315,0.08969367999891975,2.659698982327156
30.360295342925994,0.10271887396929355,15.302797067834987,61.02039117846061,0.10885495437081173,2.4018596890925945
199.37976039069173,0.1166430975082792,13.239020140345575,39.437971384440516,0.12018317437144209,4.618555598749769
57.05768529826639,0.1150984577430803,12.313487375249162,356.36685420471906,0.09991694514027655,1.7913522789417673
288.21345670218284,0.10876180772637921,12.558734231648536,87.37210004585393,0.09945147373507923,4.817628320149614
286.9146149473388,0.11632521085460504,15.054025938402729,80.51671318169656,0.08579193174997546,2.05952076996945
0.1496187891145943,0.10849112723411208,12.121591068093363,96.99333567614912,0.10320664141078695,1.6645024263354475
1.0897244720122858,0.11487600698663732,11.975317123090692,161.1930107359227,0.10363971123170676,1.8515402926330813
100.54731806210143,0.11488362394616553,22.844255401527867,402.12719223036254,0.10593150260159881,2.4946544976801075
77367.60304606734,0.017139725088987277,16.037826834929106,203.83134797347924,0.07943535790572495,8.189694514168158
760.1130298457504,0.110083033669634,14.672702811164935,116.04785996376097,0.11289321049464249,1.4667691280197168
36.504217712471764,0.07670549263714983,24.585436221552357,137.473565541945,0.09357120852649065,4.96179154460559
207.6661044086358,0.11066189532541704,20.129634310730737,260.61936284592855,0.08908958283790216,4.551378913278477
27.76518613285986,0.11567158829619983,18.822818329017995,118.61259436388838,0.09315860683602262,1.659146186968636
70.66643453828834,0.11371981877442394,20.21382955727934,69.134114625346,0.11153860715279282,1.5143394134108732
0.34105481239877344,0.11578068906814366,21.04600887108098,123.41531878658418,0.1078168247382804,2.246251423798398
21.065305160903133,0.10388557364709076,10.653461760908804,175.25082691342925,0.10183840710485614,2.2549865517715455
259.90550780793365,0.051917109160426356,8.917022522245219,24.362954556897193,0.11587968171799354,11.226579151472855
151.67253517056852,0.08530096380410288,15.503238909171355,184.1551395373305,0.09755817658491911,2.0431265672623304
0.047908761627287785,0.11201182369770907,15.543892700828073,94.41319514791024,0.10583575983603878,1.7565123690422757
3390.252122083002,0.052841369257879814,12.063000059717496,413.71372288118886,0.09712265231093334,2.3854029921050453
99.45471773947872,0.11860571516001561,13.960260067176943,64.9144512249556,0.10287235888816608,1.7664820434460227
53.883825179669785,0.1124558580326615,11.67101800872722,120.56824386617535,0.103622681500479,2.106744878123285
297285.19475124177,0.06890904932115123,7.0269956625766845,60.34639621789148,0.08570712969725494,0.5282749043968762
34601.74885299639,0.10281678076501422,13.947507340442984,782.0562410873342,0.11280777303793846,1.5926510723398941
128.5110202570388,0.09037563789797659,11.35805823320361,183.58109980664727,0.0985632693516589,5.348206717675042
198.01285905347723,0.11511176513442466,5.70472697988351,116.22073115249589,0.09162192839623162,1.6326008745161822
54.82583861334563,0.0794858269377062,6.575550806762303,102.4896823555174,0.1000148917238104,2.9878650509095617
12080.26583535405,0.07782643498980958,8.749449307776679,96.05444934501617,0.09616469444188755,0.9965267772273485
39.2664551975835,0.10716408319867239,16.80998304813146,43.695620498927724,0.10298363618428963,1.6584177780977587
1086.2742670242783,0.11775545141567428,14.884646484823875,341.4305479920962,0.10674264127776184,1.630555367432894
693871.0184832322,0.08423583012617038,11.29226416283858,137.2320461644763,0.11944404911262523,0.5599069947659654
310.9314983917793,0.08366593034435818,11.777864478911901,341.68134911622496,0.07681024615275395,10.62462452124172
0.1356942293299199,0.1062523917209064,10.450583703871862,124.50745011525066,0.11253179115245361,2.27601860653762
20268187.56658847,0.037733122746308516,10.05888124417363,103.8234640095539,0.10550371461387682,0.4980111350231855
357.4038712797028,0.09987156534190025,9.484158312489203,895.1534688913382,0.11998233107273575,3.7674567240569883
6.284956302860304,0.11400000000000002,17.743289187956826,42.060645452135304,0.11031004019220574,1.4861649799057055
566100.3430278094,0.11162378001372772,14.87073141576198,700.8595898618885,0.10648959479029578,0.8901827208251643
31.107051925403056,0.11247702205480065,19.04738177821168,114.72725643659777,0.09581335337713343,1.4184680073493832
18047.133272842402,0.07542317160437031,18.69300805130878,98.76995471155186,0.09402436903589484,0.9823766946426389
0.23981001227761428,0.115194559497713,17.092391551293282,124.03489884514232,0.11613115719604353,2.65248606813266
0.08817706540004042,0.11523047857374724,14.345778413543087,95.08918098072678,0.10369394179972241,1.5951224316171562
51.228479856264094,0.08944087873983692,10.510612722477843,131.83899995151654,0.09219988540717586,2.2445252725712623
26.318646197216918,0.11686829427216394,15.909544251714962,78.65263357316041,0.10686994128255209,1.857541221145219
88.61044534290025,0.09782102427091016,18.71422698114179,123.04573647329386,0.1183590798547071,3.456981791826173
32.00971119892499,0.10701219479678353,9.42405704052875,109.17618267360609,0.11384937055951273,2.722044079652953
54865.74918364138,0.11563496897252469,13.767098264896333,865.4013536138856,0.12442162005750905,1.7650776056914053
170.757282493476,0.09617108286682806,14.842765228728993,259.09452784357927,0.12074652470669263,4.393893727426375
85061.26493645334,0.040435336320181155,16.556290056219805,146.02912881477693,0.09592173478508478,1.3611520689737526
1062.4276944505104,0.11625358008710084,10.10496558648612,987.3544133995778,0.11284406316244057,2.252080642191202
131.19903132582974,0.10352971915818665,13.970002729506358,114.41685600070315,0.10291194083360858,1.5399259219193846
284.26223142675053,0.11120129469699452,9.068745610361486,103.56370621568118,0.09351117809145923,2.3909966189367764
21.493357326060845,0.11873706481097326,15.587943583003188,42.48903149208809,0.10253489449238973,1.2572617305767881
38.54871038176718,0.1150984577430803,7.7896662007177735,163.8890096234736,0.11119170058031891,1.7913522789417673
2.096700190898613,0.10876180772637921,12.497454332187871,93.69624185654777,0.1035297453551001,1.5971017624585864
1189.9736497320969,0.11067991578661016,22.109997116505305,339.6302377680939,0.10596898339513004,1.780493061653666
13.750801410516862,0.10989720766874417,9.662474315599635,756.7902518298008,0.10978053358818476,3.7632345974131356
3312876.5336913494,0.11559988244510648,8.572693180544636,588.0757785132226,0.10136455620013955,0.5323910780610088
1448.7418760980229,0.10196531366603875,22.844255401527867,562.3022920221327,0.11982153129691672,3.443651815147314
341.5865094595352,0.06764446059668822,23.448496206232477,27.018342728977416,0.10983995800277527,3.290145554483445
535.7881917639331,0.10780784119088554,11.833083751929006,181.42877879316075,0.12163127160779999,2.1742950780234818
92.86239654997621,0.10747330138589058,11.53963650958903,194.88478830877335,0.09722099120282313,2.4027105484235385
78.69478329349442,0.11480148505786575,17.939956607607964,47.657352913033094,0.11100208186150302,1.212018968997933
0.33915324909225864,0.1084474823537773,11.151209664719985,145.88973328392774,0.10523806123093715,1.9143209413966726
343.9956437261367,0.11371413146782873,14.820908596059542,124.98202372564396,0.11153860715279282,1.5547358785001553
0.5784315827371198,0.10912191426569684,14.341939315786153,361.598902440299,0.09396121134673427,1.9700377627174177
212.46692371109074,0.11804483869353194,8.275479731545875,91.4143279653074,0.10912306456576973,1.2737257406697422
6.226331953813283,0.10400686051839758,15.898712640884744,150.18353643494947,0.1005861741929203,2.2525877662825025
142.18652155528054,0.10928738118720521,9.904430874103577,68.22290804688794,0.11536507360051804,3.6694919062497275
6760.789788686156,0.11581536544277173,15.543892700828073,94.41319514791024,0.10583575983603878,0.8606878642699636
225293.5765400288,0.08559992262298624,14.583070394968207,23.875902233205466,0.1189115483029751,0.2265304623805715
109.31579564394413,0.11458031423009013,17.65409569854758,115.98352857142726,0.1004043983974625,2.6258557436604075
361.19350593599916,0.1082012835389399,17.96718293297424,104.71510105374557,0.08239708614028016,10.818231279193483
296.0093207081425,0.10976771221047275,7.147865460539451,45.53682321704815,0.11800432368582917,10.397756342032821
899.6754314471511,0.119256952082733,20.063016709132253,196.75620501919747,0.08752544605312487,1.090915659771536
22.668289063052676,0.09037563789797659,16.43065082304695,46.00550574120962,0.1089308497898944,1.8739219961806777
18.607529404389005,0.0540195080769248,11.887356834679599,225.68355226648333,0.08209262512771509,5.252400093999488
94.85065499547233,0.09900909539481315,18.038251892378035,209.76714166014256,0.09852027303830604,5.646595384309473
12.11903803129384,0.07782643498980958,15.093265276061457,213.02155048764644,0.09616469444188755,6.851777351558164
202.9965266303202,0.11021210930569159,14.218850553097019,92.40592525287383,0.10785204304948774,1.4179185049687195
327.7972347669871,0.10041307378290358,6.470124106879867,341.4305479920962,0.10122282079637647,8.789516265348324
142.01467526856348,0.10539489718317903,9.152970536023986,103.66734910922713,0.10702496928187477,3.144972564728877
101981.84390436062,0.1144728011127504,9.548751121146093,341.68134911622496,0.10777007301112543,0.9141406777732239
155.39815486506976,0.1148442721103664,11.103187230397241,124.50745011525066,0.10301818258545027,2.586053764449896
2.9353779482641302,0.10978927867147664,11.745727144154205,100.0911307676459,0.106965346966663,1.856015111918202
3706.3450306361656,0.06084615353277756,11.89637698589186,691.700701615842,0.09503894581396685,2.0220039834795074
25.596773862812043,0.10942577055754416,12.536697481849965,99.98000000000002,0.11321641779056776,2.6740082298822263
57467831.84498294,0.022176963422525203,14.87073141576198,122.87734323490378,0.11477829047418646,0.7459194877627713
149.25062832798216,0.11317612297815287,19.04738177821168,69.11591093920555,0.10103488880483329,2.8338175091684574
780.5099972593354,0.10801466012339941,14.424014690089116,350.286911596529,0.08933370041809635,1.3170582596130664
291.07698818545657,0.11853710209936555,22.579029007332934,17.908700574745865,0.1000400379421229,2.65248606813266
4.130404930048076,0.1169600269468006,13.869117264577584,71.61840264050375,0.1044711775277529,1.4839512977805907
47.44682792914459,0.09747720375559162,26.23171533538109,47.475201287590096,0.1266334878850087,6.352588236100428
27.076477125843972,0.10801103789350033,16.31194715520972,50.53588847882463,0.10317926568380202,1.6523123067209173
355333.3206237246,0.09490137309144735,18.71422698114179,460.33510072328284,0.08879763846534833,0.8082542341908159
0.03186085970714539,0.11403407765000914,12.40555157867634,100.85143211406535,0.1051255744693367,1.6445488840559364
1254.4356406205657,0.11374919914054331,11.746477997657411,108.28619948007349,0.1141218389896458,1.2964897369393196
6.1187363989695776,0.11711745240313465,16.874531919617286,73.50200431334844,0.1076660943399905,1.4958742118810777
0.2906966416163743,0.11004448442387196,15.350455330012293,110.95354210051141,0.11152583476309146,2.2413230319901314
7.565883888878379,0.11506252619360854,10.10496558648612,58.63170129428704,0.09765430604667771,1.217796369553029
21.392123207597834,0.10919286039561532,22.552868726820456,114.41685600070315,0.10846258347618316,3.764389186558455
41.730092931696774,0.11333741008837543,11.99629332478317,108.95892992475234,0.10047804446068949,1.3788932152574098
7.908919468799799,0.1102764371241172,13.239020140345575,55.30160945409722,0.11833185547676667,2.0565466599476103
350.0829980375345,0.0884296633239314,14.435560765366077,877.7667194570361,0.10646769550780442,3.169990533587388
0.09294229379976578,0.10876180772637921,10.34710610439455,97.51648221253458,0.1052983463622641,1.6764624687109686
133031.09635122577,0.06568891133711853,15.666001476393328,339.6302377680939,0.11087786142624868,1.4000262999205617
38.33128555252335,0.09981347482824798,15.689053481674,135.72832578894378,0.09286233052349374,2.148857734054217
261.6209665947857,0.11559988244510648,15.727322404947229,34.9761418765965,0.09356462846092539,1.8515402926330813
2.1129469786808386,0.11877235298377056,5.071345671126464,96.27799047368177,0.1106582611334478,1.5087259438035936
67.8654996121428,0.11660742792743327,7.989899905019502,159.6924835334549,0.10255258664711217,1.9645028464993324
209324.2183894542,0.07795271279699591,14.672702811164935,121.65415198239901,0.12456954016763679,0.8281969050435549
16.500907713806058,0.11430596765627174,8.38930466197076,148.72138429389219,0.11089841420797977,2.2008926379646794
616.1493358840906,0.06634602047416968,17.939956607607964,284.09961920639677,0.10364651860119288,4.551378913278477
8.78365988956243,0.1194606554959048,11.151209664719985,90.41540209209029,0.11706378574347112,1.7566542058885624
159.77847694601252,0.11889544177600639,9.496592840421707,88.81064164271436,0.10705414670290891,2.2821156370010334
62.45143114182243,0.10912191426569684,19.24746694141618,134.82588251241225,0.11252534857683588,2.246251423798398
19.77650376278561,0.09743654345655126,18.074280823323946,86.84078458252492,0.11044336980097136,5.027524944509375
13.55213877252351,0.11957741956065977,13.383841318066223,100.47385209160183,0.1052214832815898,1.4613320947806265
112839.67142392072,0.11702645423175193,8.791952150529966,473.920371713081,0.10730060682531557,0.9932523521444567
105.30815757548831,0.11670220078011495,15.543892700828073,94.41319514791024,0.1439513328506802,6.412072635305762
443639.333354739,0.08855406946661666,11.371878375099165,23.875902233205466,0.13996869545672241,0.045982381712903475
487.82728354738913,0.08504038000970217,25.930293805754253,64.9144512249556,0.1004043983974625,1.62427084027596
0.5277266903649497,0.11134796413679604,12.200082643990468,118.364552253554,0.10750096367421516,1.9221356188260383
130.53741907833296,0.11417967362440509,13.07272876322519,84.70339293441242,0.08661975005979825,1.4683015923318496
64.85087835227776,0.0907039764585047,20.063016709132253,160.87161584912326,0.11280777303793846,4.973850684037663
160.78729651154612,0.11309032285972795,12.750980950934412,213.72883095287466,0.09984850845227947,1.5290077601111811
14.871463514470165,0.11439135122585262,10.23366321501442,357.42067028046245,0.10516165331584006,2.093099266975261
375.6780136559405,0.10540061057154954,6.909910747421998,903.7667279436479,0.09804723947935762,8.98265621911423
13492.982215665348,0.11121383105174903,18.624230627092228,213.02155048764644,0.09450393954945271,0.9603347128335873
11151.594894057132,0.036404250126852056,11.17547238548185,69.737087698621,0.12284742771995161,11.349121590255676
0.5178207487592714,0.11991754372612937,21.25195169526439,106.02755033315009,0.10886668777609063,2.0251346101964782
79723.8286429809,0.025374177047620024,15.66585315950913,130.90208922145297,0.10931901689352339,4.001801370361758
0.2039536429122565,0.11397572518773674,20.151954181687913,66.2415006616439,0.10055134576758,1.4276424159546544
117.96269824905019,0.11257486541290414,10.450583703871862,124.50745011525066,0.10029692503857833,1.3433363809302161
18129.376883680383,0.11429031813369218,7.104258615141201,979.5208135039684,0.12078879542833915,1.9081196771154225
497.2472713351822,0.1064545130157182,10.265263297048376,160.48683540818155,0.05825982261563392,2.0220039834795074
121.15761613996875,0.11400000000000002,13.420000000000002,99.98000000000002,0.09782434641121585,2.0299818732978743
107010.19885468873,0.11187011739461447,8.633584670915011,645.312864880721,0.10914526957748215,1.177881686666617
5.691467605762273,0.11166735213740711,19.04738177821168,98.62683159666085,0.10347513881585939,1.706230917014441
1434.5146420227695,0.1125962962968621,20.095870261707034,77.75531332817894,0.09708136544603643,0.9525530403562241
3891036.6752499845,0.07747599358828473,8.91905789775176,124.03489884514232,0.06712937146068138,0.3816801650025692
5179.16185907272,0.10622475608069411,13.022982707710634,197.13676186616283,0.12163649507549348,1.6119925655555711
1.9855373668997145,0.10592595151502832,11.201486077208083,103.27260190552755,0.11162137773458256,2.22507719878924
5.327224290633136,0.0979760451227004,12.4876320125618,113.64583338647117,0.12602777326450426,6.603779062161027
4874.506425579299,0.08329967118322208,16.73364279989355,460.33510072328284,0.1183590798547071,2.591073839118608
1.7805222556801983,0.11198280583267763,12.40555157867634,88.98849835074475,0.1047082825443364,1.6445488840559364
48.85301588683545,0.1117757328858871,14.520582166404711,64.77271084236469,0.10309409166522583,1.7650776056914053
179.2681312688605,0.11773541836799184,14.936472303160897,21.73177815809879,0.12190806712643625,2.171580959406231
84.92125019923878,0.09396435209274291,19.69419351101199,109.26960228837589,0.09540510279961023,5.064993046910741
89241692.29843733,0.011684556517694088,14.512604828869831,223.02640731026696,0.08311994106312837,0.9554475088663601
170.62974114808344,0.10352971915818665,9.497922282065622,75.25598952911747,0.11551695621622435,1.5671625069590522
1.3305119451828435,0.08031308856476323,9.45473908919039,696.796289312769,0.10822309991281259,6.694362087081126
13.858748440440788,0.11637137877860519,14.945486278825342,160.82343074502256,0.11634485572079215,3.4226027290272096
449292.1364783851,0.1150984577430803,14.5218830079927,37.21911211723835,0.1259507578076935,0.06931872013354745
25.953788178649866,0.11390482777663534,14.179752600232,80.77846945981548,0.10897023652809007,2.006234753515587
5811287.394299769,0.010180982116646704,11.37774585490111,58.26385822104373,0.08579193174997546,1.2228914874116725
155.39489257365642,0.09457354926522553,12.121591068093363,125.47603526155524,0.10213742546266821,6.789164491653056
1506400.5992776882,0.01925663630745697,11.431432434469354,274.8519859622817,0.10713767010382509,1.8515402926330813
164.2854215402868,0.10587940272493658,11.154000216018499,157.42988816561456,0.09533610756232017,2.608279250159457
23.077553658523854,0.11892680563758873,16.70054117370321,71.87077024727864,0.10420621529411729,1.6312596165104614
401.87140272087913,0.11612858386072586,10.556189652367154,121.65415198239901,0.09322698621729389,4.609609220549686
1477.7210969617058,0.07038024305914407,24.585436221552357,180.93269664399338,0.11502984957317795,6.803244255414377
1366202.812384781,0.1071139295811862,17.939956607607964,67.7315522208807,0.09598721127634632,0.21454041983598238
87.33616946022576,0.1100016502767713,10.903166569705432,145.88973328392774,0.11334591836789543,1.9143209413966726
1640849.1297036724,0.1088684621400775,16.591226326230878,572.5847718988954,0.3213118317524858,2.2821156370010334
276.3598256690466,0.10912191426569684,12.784643507185507,123.41531878658418,0.10835477506992552,1.5279114261288953
38.74481060210515,0.11933829122954084,18.411203670464648,80.93822466602012,0.09552684050582175,1.1745096923983223
360.7356409128543,0.11957741956065977,13.383841318066223,8.408699657127215,0.12569705866865755,2.1168867098311424
1839.8971496394133,0.10754789470721825,11.404529452791545,172.04143653321086,0.10566111842784834,1.3299722042944762
136.00618414118998,0.08416836487099409,8.236360294304433,89.85239816579502,0.10583575983603878,1.7565123690422757
259.9204157704122,0.11698081841368715,18.66143763781187,23.875902233205466,0.10244854627681013,2.2685815913830965
251.68961902895387,0.1114229006796233,16.800785605838456,159.6936536759723,0.09376315094147292,4.900681059150605
0.12615908762107358,0.11584044000423965,12.200082643990468,362.67137544249954,0.09795860771390083,1.9221356188260383
3198.7553262875454,0.06890904932115123,17.39654357269655,60.34639621789148,0.09394342915606546,1.1942409531347788
6558.753988252051,0.11840174457525607,20.063016709132253,266.5547733650608,0.11280777303793846,1.3805497433623248
177.03740697566,0.09037563789797659,10.045263234506699,56.05513400576899,0.09900912180247282,3.56606165863353
376.3141096776922,0.10347683968460482,15.711127071754557,188.53215540773311,0.11307019629042361,2.093099266975261
451118.4471628893,0.09488344111902286,9.31232261552772,209.76714166014256,0.1000148917238104,0.632911291992535
296.499844056549,0.07782643498980958,9.327804035422364,90.5401628119314,0.10634472736766935,1.8602325005114135
2.5757829171059425,0.11390482777663534,14.179752600232,92.40592525287383,0.10897023652809007,1.8746253684996868
16.21525455931198,0.10041307378290358,16.254525851066045,341.4305479920962,0.10157049583021749,3.6887889158107905
450.1830104619029,0.10539489718317903,8.18900820499276,206.13228405863566,0.0801890570565007,3.8851898239019276
161.82936590247755,0.11397572518773674,20.151954181687913,66.2415006616439,0.1109927738113793,10.769496710860135
2.6973223180547388,0.08651422971394906,7.428215633819163,54.94392714775256,0.11253179115245361,2.27601860653762
112.4136532729612,0.11213421175362787,3.590963935269796,127.59495787543256,0.09356581052859211,1.1603171069838112
638304.3921655288,0.04276235054503935,11.925684639104936,686.868634572073,0.12247991019899601,2.0220039834795074
8.981474461433994,0.11659446848055163,14.216206408461987,99.98000000000002,0.10250657473613894,1.6594999999999995
197.30599816913426,0.09916918954267082,15.110782336073445,165.6381465523479,0.08125979264143732,2.4663917910364352
506076.07985451265,0.04338607237901783,19.04738177821168,202.40567097348747,0.11403630623433261,1.393921473143223
43.34297426245342,0.10396654289132141,8.734739410041428,54.55988921778015,0.11150897968928312,1.9538965855319983
482.37552355310913,0.10696835869064367,17.092391551293282,172.6693451584348,0.11613115719604353,2.065061571077445
940.965962815314,0.07995263135939361,13.022982707710634,196.5059462515652,0.09585057931764351,1.6119925655555711
133.46973690094345,0.07747980005505646,24.455569308448148,684.8139667939823,0.09156138576546885,4.417817154275999
90.0155946779594,0.11075502803140594,13.966372353146467,113.64583338647117,0.10686994128255209,1.5798327822604508
16.559149438225223,0.10661025504821417,2.814198275515494,314.2910857706472,0.08679930713083026,1.3374204048034013
267.8769366716879,0.11403407765000914,12.40555157867634,100.85143211406535,0.1051255744693367,5.106430973859237
20.197503695058018,0.07001713519031719,13.594593441357407,108.28619948007349,0.08021885321247588,1.7650776056914053
126.64187813145443,0.09617108286682806,16.314904329888066,79.57536597892783,0.100333791114022,1.480341130168438
15744.645050379368,0.10206218587030769,11.089036530994703,504.6929109912471,0.0941169667037183,1.1878038304817462
1.903458232100042,0.06851326722373365,10.10496558648612,622.5600566186894,0.09335535818760493,5.406917985948672
519.6345226465808,0.11871060269373707,15.484081116294258,1.5262202414895114,0.12736072039950297,2.3684691684361407
103.95089832225005,0.10271887396929355,15.495419691210577,244.1718722368189,0.10822309991281259,2.361355785423857
429.49483033617076,0.10399951073735916,13.239020140345575,3.32420927075259,0.10860381478770594,2.0565466599476103
713.8641171615654,0.08307436230448578,3.5309528660905425,111.83615797273347,0.11918399934319415,1.9309998542118247
2978.5301850385904,0.11834100136827004,15.687854300042854,118.25109098736442,0.1052983463622641,1.0372728254681114
625.4849924635018,0.07873656398601671,22.109997116505305,339.6302377680939,0.08579193174997546,1.814872889575783
138.03008173347718,0.10440901066867112,14.268014210030627,135.72832578894378,0.10978053358818476,10.031736751649355
79.63178847045225,0.11559988244510648,15.0248712771646,244.506820720882,0.08284804336400226,1.6131591634226146
3.7881555904458617,0.06918833521228601,14.770641294264525,126.21259613164926,0.08689460278557823,3.9632465235417476
2236.299261410687,0.11107855914604445,6.629971674464228,71.87077024727864,0.11127883584304725,0.9797246292406854
11.58505367227,0.0692761160508456,16.3439510640671,618.8308924215085,0.05529096524002178,1.371890497728189
22117.198600128286,0.07670549263714983,10.93023641346257,180.93269664399338,0.09730108173789989,1.1229981092392682
457689232.4362602,0.01304292074669227,12.415812749444317,381.8241437055824,0.13526683960805433,1.677618708594533
0.16501301433388155,0.10884064612558969,13.702245937989048,113.7928450491844,0.10969268064428614,2.1500426638014587
4647670.658660248,0.1159700798163475,12.521372758290255,503.94676286996156,0.11153860715279282,0.4506521411683124
541.3780924593989,0.10912191426569684,5.493860281119165,245.21660233881593,0.0827064862723717,5.864822979688533
9493242.994875833,0.07521492929014566,10.944127671096705,152.6076745372332,0.12953773939784874,0.2766098964835342
799.2727142207702,0.10730678256840227,8.396557877909512,145.6606086123282,0.11016665868915601,1.4613320947806265
84.40706910234337,0.0732673407007157,15.413281654239439,255.53461557594233,0.07365618869497984,3.7443429865575153
10.647887565259042,0.10876898252879263,15.116377984698667,112.57368353636099,0.10474657302633428,1.7565123690422757
132.0416131451667,0.11836667758272187,12.762449077519241,23.875902233205466,0.10013949030385311,1.1591858329785723
1649.6027580757682,0.11983734281008064,15.187893463146084,764.828248404169,0.1004043983974625,1.62427084027596
2446.9368293682533,0.11519036205085739,18.929607454057123,362.67137544249954,0.09795860771390083,1.3551692835790563
40.29902926416639,0.06453933154072782,15.745030412267699,60.34639621789148,0.06132657755051191,1.9466102378156487
16.010422038348253,0.1057013801992788,26.364480746933726,34.770921186154226,0.09908947594936038,1.5926510723398941
196.07648742994758,0.09037563789797659,6.810637406924174,99.9900426512034,0.10931258023562958,1.690657343569029
80.63509464970764,0.11242021251519986,15.711127071754557,102.44430211860157,0.09872275056507568,2.093099266975261
2309.3011639328247,0.1026574890965731,17.445667166668375,384.52385858758385,0.1402364517851008,6.643329183697205
1.1083376381294348,0.1107832383490652,18.07513217194627,99.95912048140485,0.10302048054805402,1.7492475639815792
52.97751923234257,0.10958621725738951,12.027808960089823,83.36853388962913,0.09700659684825588,1.2342549287837725
2.0872906948696706,0.1156184726784248,13.990852130014787,83.09356806137305,0.10274508504947263,1.4291860435552337
395.3028872479431,0.10539489718317903,9.152970536023986,195.80567891031552,0.09027993241239113,5.830124325830544
18.040729802578234,0.1188488920574604,25.021005968125223,47.12062836985143,0.10055134576758,1.4276424159546544
188.03993057300391,0.1062523917209064,10.7321021281333,102.12932201306268,0.11253179115245361,1.618443716831452
305.70743618689596,0.11722295038532596,16.50136843312935,103.8234640095539,0.10015142798473448,1.2015987919069495
100.02701755298072,0.10763156948424807,13.927437794734674,101.83034819061919,0.09479754468521462,2.0220039834795074
43579.53488970675,0.04862504069222681,15.590269302236276,208.9313228135124,0.105,1.6594999999999995
12546.012448344378,0.11654211462852623,14.452360326865449,301.71363534373273,0.11397458178425283,1.3268164310304247
12951173.251687814,0.020943577902191382,3.1115300231799363,484.8126491267918,0.10240553979065596,1.3047953801111714
0.5386320436162173,0.09080986986734679,20.095870261707034,228.58777066545156,0.09510035462350544,3.021094058745193
0.044970007853743714,0.11335749808971399,14.958906501598998,55.71838897624605,0.10269103980667081,1.3189775714296914
104.66564619581347,0.09737491674270538,19.765624944786047,180.51081667497357,0.09693534387695818,7.430779955501712
287.7992077595641,0.11833930083205955,12.950227046677323,51.053367468435226,0.08678767272054555,1.618460621771053
103.82316687858714,0.11181788046738887,12.371470438774182,101.18072894231216,0.09582399932073513,1.857541221145219
4716621.488980217,0.01902195865969894,18.71422698114179,47.27824024594349,0.1025196424182025,0.9397725712664631
21813.052098119726,0.11244871691278649,8.523738775520373,100.85143211406535,0.1051255744693367,0.7301462093878612
261.215642791758,0.1117757328858871,13.594593441357407,70.48495941113919,0.10480654784755233,1.1783030166472637
132.89126753113794,0.11602540577539558,13.142478599511225,79.23867915956112,0.09773385162542553,1.1208648424091106
1.975530081853115,0.11052752536120308,16.92935698238728,50.300632071963776,0.09040853149571576,1.087731875871964
83.71471104397186,0.10333652118166903,19.066794876847325,25.396226834445883,0.09579131362320845,1.4625959143842522
5.8476941793965365,0.1073855241229751,15.241043720097828,458.15934259481145,0.09386891266493777,2.008966787435488
0.4280882284115176,0.10474756010373938,8.468501511660797,156.89257235681583,0.11215776195489013,2.3909966189367764
52230.740748234646,0.07400799091386225,13.239020140345575,85.77349588306032,0.13999806289829297,1.289578763017028
19.46974317138024,0.09755281428229778,18.44733940372947,95.29347713224706,0.08843858582752728,1.7913522789417673
127.60935743491245,0.11711610783818428,23.429548608619683,281.53781654834256,0.07994425154017046,2.006234753515587
3029.808227670851,0.10778590052217424,21.70380616609949,128.26744651871604,0.1276748099135579,1.7369382804385118
4.752599342957112,0.10413141465906292,12.121591068093363,135.72832578894378,0.10978053358818476,2.5874144692217076
2.2737194091967097,0.10467804115522283,15.0248712771646,240.10227123034753,0.10713767010382509,2.763221558758719
11.49239686210062,0.1178508979186828,12.307143858018478,118.70635471151212,0.09501364044694327,1.4477877665258951
208.52541363655138,0.11193414677874354,23.448496206232477,62.553180905543286,0.09618546255415289,7.454713701415295
69.74605168479485,0.08562664153599607,17.665610499190535,176.3784456155708,0.09157153013216507,5.7214361969202825
14.289344404410407,0.09947112262734881,14.592188533653742,190.8898091564448,0.09966822096385805,2.6280151470360993
57497.73805032254,0.0654226247706064,15.758307746681211,284.09961920639677,0.11953676285894857,1.7744634809297066
46.701850226599305,0.08069523299509501,13.702245937989048,185.9327260704817,0.09544358055540414,6.09678585122861
11272.450639901115,0.09709964148402198,6.999429073398819,124.98202372564396,0.14569723625669972,1.9164584229377741
172.87058201319667,0.10232460827675316,13.90037432731802,68.64714888615197,0.08927237004246219,2.0491141173092298
3219.881343176067,0.022585868780800822,3.7802421524374985,0.7202349863364361,0.12608432552571286,1.1413434953324941
525.1337573084074,0.04134328432802377,5.007115604442943,195.36776798434454,0.1022324842971083,7.067077989430093
291.1297290925662,0.10718371586301631,4.8588349370876,20.931625411159587,0.12081142423970621,2.5757278099354686
2.0338220837653385,0.11201182369770907,15.543892700828073,125.31423615195723,0.09998360366214493,1.7565123690422757
1779.4961931821247,0.04398027943068723,11.371878375099165,23.875902233205466,0.10847674705752144,3.046173820008575
67.34654440963217,0.1114229006796233,24.11852733390075,64.9144512249556,0.11155311335166308,1.6105682712395346
506166496.23221856,0.03117392207058302,12.200082643990468,124.88606015828094,0.1192008757581568,0.2247372986761622
1.5724327664110525,0.11392053491515278,14.89125118384733,166.89015479573328,0.09401620783849982,1.6009192821538338
28.549387750189425,0.10471424490576105,8.853899503023456,56.48654635054265,0.11014035642422901,1.8041581200999577
34134.40976924241,0.02582489382194099,23.522095166398714,5.838817469342985,0.10868814083380046,9.293311431091519
2610235.3739485163,0.06348762466136905,15.711127071754557,874.9279920091471,0.14303776887419517,2.093099266975261
0.37498828359157027,0.11362716860809569,12.254723827295152,104.94062670505326,0.10599430168544927,1.720969567149094
305.59274956520426,0.11307407106068254,14.292776309037519,59.18667227267315,0.10256599168562311,6.851777351558164
27282.883746815132,0.02609558073051412,16.51398923831922,621.143828958046,0.09453484106389629,9.052414262790597
1146.1579077743481,0.1135391651511432,14.661362161080492,341.4305479920962,0.1008452928183146,1.4933327482687808
12.673972715141055,0.07966225077576901,14.71126575519343,195.80567891031552,0.08392048977805094,2.479970151452838
61.42832383863762,0.07744162963099363,16.09336849980859,253.87981064590537,0.10055134576758,3.8563017349935285
16.280071887948647,0.11546159093634678,10.450583703871862,124.50745011525066,0.11275689250135287,2.27601860653762
69.41222881485405,0.11441305990930138,12.048771952213663,124.35665320154345,0.10330663228826295,1.4568863006539647
145.9561501117371,0.11510724250403556,23.048456978107147,252.36094519627355,0.07346636608351997,1.7389674396368484
479.6975042452559,0.08570681116418233,19.894475260850577,330.96738841388105,0.0866456661129393,1.6594999999999995
396.7657368534192,0.11043164211870157,1.5865177475274095,301.71363534373273,0.09384909520745333,1.2926815016242887
283.7422676141911,0.11246684812282014,4.293270288138455,484.8126491267918,0.11364777709372159,2.121139108187799
138907.6898798636,0.10806057857714724,13.505319771658266,722.8873484880752,0.11536430767389966,1.3170582596130664
41.82341553003646,0.10829988003137188,8.738686920452157,315.9698234322219,0.07844008103122141,1.3926451742780275
1075.8883465708416,0.07606744770492053,25.14710728730035,61.72498984072058,0.10001743349804043,1.6119925655555711
10.064539369553213,0.07584853502829798,26.23171533538109,152.16331049998962,0.08529704692224177,4.5018335447895845
13.396805943686811,0.11698414831746307,22.2668299317625,113.64583338647117,0.11514528439384038,3.665282619753268
0.4436809851494714,0.11045169341271024,11.873194955842926,127.36455778735245,0.1087045117509052,2.045336418228431
409.84476168862363,0.11707066903659055,8.302734719940155,100.85143211406535,0.1051255744693367,11.812608545960206
274.0594785933632,0.1117757328858871,15.72409830437474,180.51881618937387,0.09475421339757589,6.03988210444275
387.7190191981485,0.11757941945091827,14.960304980815526,34.372694392436756,0.09663633881214304,5.508989193114456
16757.597016937383,0.10715908396835197,10.809797331789234,606.1217514330546,0.127149884141258,2.0819684323962875
228.31489368280896,0.11072120494039273,10.10496558648612,227.01285082824052,0.08674149941191658,2.139169091963238
0.1590992651388328,0.10352971915818665,9.497922282065622,114.41685600070315,0.10617892517681636,1.8930919779396067
423.6002294922672,0.11052833657249254,16.801590582298974,10.851050101261876,0.08923212592835131,7.0131293527876135
45.90264600591364,0.10313003946916234,11.049274087605804,317.86747882463897,0.11640743738839464,10.316054947376868
29.383799115889982,0.1150984577430803,14.577861485833408,98.07015882551224,0.10646769550780442,2.033724998678316
20062.61070339164,0.04309221801907141,15.394876969612518,118.25109098736442,0.1052983463622641,2.006234753515587
25450254.48875375,0.09048315031994596,11.673358138305613,339.6302377680939,0.09630592534841506,0.31311847229612955
2.7863881857756745,0.11125416513701032,12.121591068093363,109.10550974466884,0.10978053358818476,2.0380892666668524
18.792045390983354,0.1125628068796759,15.0248712771646,117.24826464329334,0.10448248793765522,1.6481158826829718
66.91299535685323,0.07831316766212834,14.536088439785365,44.431443791164156,0.08793060951185064,2.751695135430058
66.7235094955781,0.08408134199645373,23.448496206232477,71.87077024727864,0.08007210111643642,4.021065160699991
989094.5616763715,0.01353516173115113,13.623897289242867,230.90746476239474,0.11292356866054426,4.763192032377178
60.76765442287703,0.11492735306465313,23.053364103251,39.15997173313576,0.08397294189980861,1.1536408388251624
0.23431778883930526,0.11539499537821858,10.243868905609734,101.40942123025098,0.10384228287359283,1.5128448775427676
0.307357528274099,0.11467376750930466,21.528763579764398,159.16244059071363,0.10345064815333894,2.1500426638014587
442.712309686528,0.11759603854392718,7.64208743079928,92.19991293209358,0.10236536666447098,9.774144782074229
114269.46207326195,0.10912191426569684,12.292411535966206,589.421002447377,0.14660137900389456,2.246251423798398
340.2405808275457,0.1127851204249575,15.60001139177618,53.10935909867675,0.09552684050582175,7.226627380688836
25.83661158028837,0.11532843561369224,13.383841318066223,65.81360108790761,0.11279278299856903,1.4613320947806265
33.59272428485299,0.11702645423175193,15.503238909171355,243.96442048973677,0.10041128478052261,2.318956225985189
2.71677887561403,0.11243702015069429,13.610139461318806,84.80452109634484,0.10583575983603878,1.698238176491584
326.1480639685395,0.10869538846313984,11.371878375099165,126.7353891518456,0.10000711636054382,9.139426217731486
45043.72912439431,0.04663756821132871,25.930293805754253,149.99835120054865,0.1004043983974625,1.62427084027596
868.393261085869,0.10749311123362851,3.6860149944457046,362.67137544249954,0.09795860771390083,1.4009777508360788
181.31960292922355,0.11520381561266735,12.841032584998365,327.55909627541473,0.09812457100730745,3.293254896179486
30.032899508671434,0.11126365906674142,13.18324687476302,108.28850085125487,0.09266534058364984,1.2603934850891632
27.05716085087566,0.10669486587179847,23.522095166398714,120.52027134029277,0.096820877869044,1.694786635619363
996.3981600250195,0.1057608507504125,20.878551491661604,320.5073953356867,0.09162192839623162,1.397981760259296
27581.49989724562,0.0290837463072297,13.883944660121598,336.3889124962498,0.10999767027359178,8.781543351769919
13.628282335027773,0.10782473722352531,18.07513217194627,116.58251742315252,0.11128654915156923,2.293209457522149
37.26070911102468,0.11155572438553067,14.218850553097019,91.28249754244746,0.1149103985449651,1.8314235056931452
98.7701093285952,0.11817301005309519,12.773043790517825,83.47636062729134,0.10031564024235869,1.1775994150253712
48278.47002515231,0.03731949286888082,24.841640124500074,133.79771625287304,0.11421250450291431,3.445188781720969
9618.767995550239,0.07204478449480999,17.624635532226918,309.7069608017508,0.09443021174995739,1.4276424159546544
13.618417407927431,0.09939340167120553,9.58186180770104,124.50745011525066,0.10093989625146987,1.9943314521766347
3.76135697540181,0.08628309569812814,12.048771952213663,775.3709113060727,0.10792911747671302,6.15791612166434
153979.64751102455,0.06084615353277756,13.19834415085073,255.15727189856125,0.07645864965341143,0.8615197797197904
110.18823844035083,0.10680489912736618,5.3848768645360625,99.98000000000002,0.09621145653215263,1.6594999999999995
287.28395722440825,0.09620784581248948,14.87073141576198,128.00406366708592,0.08125979264143732,5.416544348827191
64.8779013535791,0.06699364887055033,7.750908191557164,27.262204045860415,0.10240553979065596,6.931393523060182
34009.62456171036,0.10801466012339941,20.095870261707034,422.27202620002225,0.13453625216325565,1.9924651850742556
1497.426916195609,0.06978236776645512,13.933000435669321,697.8238683824017,0.10269103980667081,2.7377309158199266
1702.0789112754412,0.0875888009405391,13.521124207167905,95.70813111632918,0.07190492619224301,0.8659904233556333
183.62200824838771,0.11454218896727529,26.200251542078234,28.13237979047176,0.09552378714773149,2.2445252725712623
24.014348199510323,0.11111244181117105,25.929275762717662,61.41444927901949,0.10686994128255209,1.592641780807698
159.5808050316619,0.11566289493365767,7.703878522694766,460.33510072328284,0.1096705457209656,2.064598427088205
95.22706639073962,0.11403407765000914,18.22087110261356,100.85143211406535,0.11041458345845759,1.6445488840559364
68.52709875201963,0.10272092053839145,13.594593441357407,313.0768787635445,0.09908228429135565,3.3595023521998573
265.44974108071716,0.09617108286682806,2.9096496688654465,166.94291800116736,0.12074652470669263,2.1616858501642167
189.08407087486881,0.10380580560864383,13.294910189091508,233.8413184622732,0.11152583476309146,2.2413230319901314
81.35990630680112,0.11224984598031615,22.477998562359836,62.14834259149336,0.08674149941191658,1.5306861776184633
1040.4972472172597,0.10252051279019271,9.497922282065622,381.7378624510244,0.13782739332421068,5.137187115829105
16869178.89225217,0.010435596581337324,18.792487568973392,76.61918252090021,0.1041437041918449,1.4816583656003202
77.7025521013513,0.11111212811377652,13.343686583207024,103.49585056111385,0.11833185547676667,1.969701736378239
888.392179419831,0.1150984577430803,14.5218830079927,446.81291983466906,0.10646769550780442,1.7913522789417673
170.980780695765,0.10876180772637921,15.687854300042854,210.96609050255176,0.1052983463622641,9.058101291816977
890.1468456695717,0.10558410054027265,12.087863736877619,339.6302377680939,0.10911166214437135,1.8618520550121165
2893.731637455208,0.07656016112190922,18.754012887927416,210.53673869322347,0.10978053358818476,2.148857734054217
133.6681735637003,0.10930254304963799,18.821552408740256,117.24826464329334,0.10674044508260008,7.6291082679406905
46.93108951310889,0.10286211040890939,2.446578706093682,225.44081416363446,0.11179212350823162,2.5312952369637705
2.681768256423572,0.11193414677874354,23.448496206232477,71.87077024727864,0.10307009612467424,1.6312596165104614
7644148.142338362,0.012648822802978757,16.593010475763126,68.37455288233792,0.11606838783274523,1.767972915627209
247.26749195104202,0.11241318699727325,24.585436221552357,110.62906870825071,0.08397294189980861,4.96179154460559
307.3250731468162,0.11404861111456777,9.166266294869622,215.20430525525802,0.09925524730320923,3.9446667217861706
7.631537960396914,0.10473620809860254,6.843926240628997,198.55733359215782,0.10674935112511116,2.217463600081453
372.0277949763881,0.07381986049589334,15.67704302304263,212.75824172707883,0.10864291427299047,3.8741872229015883
106.93259692924119,0.08285940999416577,15.62306759005213,123.41531878658418,0.08981245980020797,6.011623520882411
2.4352699075249156,0.07521492929014566,18.411203670464648,180.34457147083907,0.09024783579133336,3.8804554145921206
6094837.916309443,0.012442305738683039,28.124662300584873,21.091909618080138,0.11750930981358444,1.4613320947806265
34.35151806621596,0.06787961341936193,13.672883448713169,172.04143653321086,0.059583595778989196,1.6270407121116426
86.54484179452535,0.0839816560214122,18.084412558178528,94.41319514791024,0.08980027145667205,5.972696249226631
6357.98212415982,0.0854084160037598,26.511487391906964,149.55320669514202,0.13996869545672241,4.174952512290294
11.30009847828923,0.11802371528656046,25.930293805754253,64.9144512249556,0.11639586116865322,1.89830711558246
60.48630896590917,0.10914320648651737,9.399729646573917,362.67137544249954,0.09037287298093646,1.9221356188260383
3.4142214579062595,0.07862820655923274,22.2093177655209,215.1967337311915,0.08660900662924903,5.088230699584727
3.1263995854768347,0.09661373174020588,9.895427929283883,101.55954367004415,0.12374288661546147,5.506710607550636
491.11459016292883,0.10627712429223998,4.791993841316641,33.65753474566122,0.10239289899458696,8.144017865433687
670.6289226818645,0.10577028673745,9.329935522365242,191.2284940353553,0.12139775162183641,2.093099266975261
54.389098153840166,0.09488344111902286,23.67785431582405,172.9590841428991,0.08440562881937186,2.9878650509095617
53.45692201556172,0.11230553014537631,15.085817592258103,95.17565730395751,0.09616469444188755,1.7376741109808371
117.27488618105531,0.11017270265335394,8.087308869849995,32.76769923125988,0.10785204304948774,1.5041685526738782
5165483.431098679,0.028253313062014486,17.388100722351588,341.4305479920962,0.10122282079637647,1.2069244745882743
0.6420363470410884,0.10817573948544387,10.588526270808533,109.1387317595487,0.1015008347540573,1.5877184011910153
38949.838396228864,0.10384425201564543,20.151954181687913,900.1638221710016,0.13336542533525322,2.5236085727566198
12666536.234051043,0.1062523917209064,10.450583703871862,124.50745011525066,0.12150630843696524,0.0076097257900178406
4040.889271614501,0.11428247065375927,18.694283323840676,415.72643652731404,0.11097976881819112,1.6633613970753691
16326.334735588756,0.11442293962838886,6.684865090564783,38.13659606161167,0.1070668325201675,0.47710591565719973
493.9361038271669,0.11069298924195033,17.459125048099505,0.7667797908234206,0.09959506068274188,1.0246528074945846
19.44017082597966,0.11909610907771134,14.87073141576198,123.85797881265131,0.10965417778291378,1.7381870538233866
12273.140410250468,0.11643604532892766,19.04738177821168,267.5339907576204,0.07428426865435797,0.8032667804493201
148.38907628328377,0.11228691557451327,20.095870261707034,969.651735131952,0.09220365269499653,4.964550273755075
0.16743372739955398,0.11577103338945519,9.687684194298658,104.68809432861292,0.10415431581809624,1.523101130703922
53.08531875549259,0.1156817468546862,15.56041516017454,72.07930427129094,0.0986715250886607,1.1819894217770983
151957.04007725712,0.026411194376506145,26.23171533538109,51.053367468435226,0.10556947861210572,2.2445252725712623
18.54423785640479,0.11080601246291034,12.317442950261254,115.79507951941616,0.10200696666649055,1.857541221145219
105.45977305328401,0.1101613800865542,18.71422698114179,97.53837732795728,0.10164551364159576,1.4279640351321703
116.16555910612243,0.11403407765000914,14.489110005493504,404.02329200421565,0.07987278131691705,1.7477696112308028
21272.134796783685,0.11664306499548105,13.594593441357407,629.2961165278203,0.11252924521214586,1.4875079726415192
2.6450855901352144,0.11428206883287498,16.874531919617286,91.85161923515261,0.10776219803067093,1.7362289020459993
4.255956281388901,0.11764602176097473,16.26557276014769,101.67174976769257,0.11152583476309146,2.102128035742887
7.100643820433211,0.11442050760165914,10.10496558648612,81.93488100696828,0.11074099148719226,1.7521389759499986
2810745.104233817,0.11218267167366569,12.44167060605211,315.75251773137234,0.10617892517681636,0.4170518427211043
5.212244894970024,0.11012348556654916,11.2358942922336,76.5178598075558,0.10664815143442405,1.667867970745137
3379408.8230482945,0.06794564484601835,9.466365238472925,228.24145029791896,0.10724291937608015,0.6092604088655351
4312.022498066086,0.08754187825386031,14.5218830079927,278.5144187304791,0.11090798418135113,1.7913522789417673
15.614002143750515,0.11345194241323155,15.687854300042854,223.07771784381123,0.09657873666060848,2.006234753515587
283.66272344210444,0.11345507643915233,11.233418662185418,40.78237341652067,0.11060711481152848,4.083772413902656
0.027787969843860963,0.11223641048673468,11.304587362386153,101.37044354205904,0.10597155300676427,1.6785666615208168
12.468317642821187,0.1141893638467452,9.159242528376613,139.91263438942002,0.10983045634651184,2.1030402492572287
78.10579432379151,0.1063695425478135,10.170174795141534,124.75869530450319,0.09447278811597057,1.3052014230878761
1.9604918811272487,0.11136585167632124,11.873957027887592,131.48370702279368,0.10894693499635241,2.1020259567955732
534156.4595266448,0.012286552089736807,10.220013304757778,49.18216928515858,0.11259577908219967,10.551949559090719
83.92949265383109,0.09288831042260201,14.382142759776649,117.36475840415318,0.09945263328798401,4.153204576546711
400.5728913233859,0.11539499537821858,7.935681914648168,29.536533953900687,0.11436306973568161,9.69055243892684
2.5877207184111812,0.11446252995163897,13.702245937989048,122.66350947220178,0.10795183088819445,1.8360084951728446
232269.32083901603,0.11041596778425064,12.771166599782335,124.98202372564396,0.11153860715279282,0.49919734583753517
23.420399201006695,0.09662185700649467,18.774386813996365,131.18930971347197,0.09087915100121202,2.246251423798398
2.739052474889591,0.07521492929014566,16.431439006887754,70.57882709387263,0.09964028607249417,7.226627380688836
1.270699539724965,0.10439323158518377,13.383841318066223,43.59882952415177,0.10976336541287589,1.4613320947806265
101.76680420555816,0.11476053649162823,11.232822794503374,172.04143653321086,0.10311629710921837,2.5202795846037844
47.22217484250574,0.11542681182246725,15.543892700828073,66.19825714151875,0.10303028557957485,1.2352153409906705
210.21611263474867,0.08855406946661666,10.713382108026142,123.93900559686642,0.10384219374188065,1.7540131561677068
306042.6755481743,0.10840609232185372,11.570552568480837,33.528059199955976,0.09593103290321744,0.21357007632004255
162.1254579182464,0.1115499809970821,12.200082643990468,787.869535782977,0.09730911509884918,3.809339400891133
255.8558656272969,0.11241919130466603,12.988122517713663,63.19163821762743,0.10212128130395792,3.293254896179486
594.4314381695197,0.10751571295345008,11.86218198743829,238.16150850075974,0.10442189532337337,1.5926510723398941
78.10185088126232,0.0939071924445949,14.900756715124919,149.18124578614476,0.09902638412677053,4.286258914289112
7878.599350348424,0.11648004013437206,12.149176698291901,534.975209855592,0.10225744829940575,1.3547977023794484
143.50000331721276,0.11256454348268138,17.445667166668375,104.44915437365978,0.1000148917238104,2.9878650509095617
4600364.419098929,0.010932531500369574,22.09304139276525,15.83704105702435,0.11055917144258516,1.5345873304185815
65.48630003156504,0.11987462071915711,14.218850553097019,88.83413444790665,0.10323633978371587,1.8314235056931452
2271.4227647199905,0.0864461752208158,15.699302056064017,407.6780390097915,0.10122282079637647,1.793487768000773
30082.997706831702,0.10817573948544387,11.76963277778361,125.77887610839736,0.11531421587578965,0.8500943468455686
1.093802959150488,0.11397572518773674,20.151954181687913,59.718466427136434,0.10055134576758,1.4251580137426414
434533.16229626985,0.010622660151594368,8.451024696875203,142.20517399433396,0.09330303367551818,7.089473239030884
54.46907247006318,0.10827658041797626,16.417825688854233,103.8234640095539,0.10881239100145725,3.3205099968111256
67789.21695668748,0.10994525516160931,16.36889725775225,691.700701615842,0.10982256458853813,1.3172143970696402
265.1885837043849,0.1178775994819734,21.38614234492481,10.04451807551851,0.11169156523409625,1.6974323868239125
559740.9838315214,0.0980025218725192,14.87073141576198,301.71363534373273,0.11175590571749001,0.7299899999157731
24134.946038326438,0.11570588416697361,12.832379687600753,976.4367000466661,0.11498973006858042,1.690323895665931
4.1311700250796655,0.11633665887946502,20.095870261707034,64.21521317652588,0.0980622537956247,1.2675655472389753
30.236004155247016,0.11184826727996827,14.958906501598998,55.71838897624605,0.1035933162365881,1.5981072745989593
0.7261704562735747,0.10688350071577546,7.2599697579575215,179.41166774497702,0.10144115790551282,1.7493072232372482
12923.254709508861,0.11566283281889511,4.455283211017587,974.8147628906765,0.1280918843705668,2.2445252725712623
338.8340617091475,0.11135110444518106,12.371470438774182,113.64583338647117,0.09223532837102771,3.9896940825165363
258.1588759680685,0.11566289493365767,18.71422698114179,101.33256371440882,0.1183590798547071,1.7294364650584448
187.32236348351464,0.10137947050349447,10.331931645181799,149.55547954716928,0.1051255744693367,1.6445488840559364
56.89434265462158,0.10544530448798795,13.594593441357407,140.47155924730947,0.10480654784755233,1.7650776056914053
2275.6640028302036,0.09617108286682806,16.006146909777932,85.87825827867402,0.12074652470669263,1.4964187772484276
180.78941745309118,0.11491003842636482,5.234400046394475,110.95354210051141,0.10573260719127511,2.2413230319901314
3635604.9270255053,0.017149353075429564,26.96938713876507,34.68467283842824,0.12484355621106949,1.4625959143842522
0.8968193413994615,0.10352971915818665,7.6613842351832915,114.41685600070315,0.10617892517681636,1.8310489509778733
51.16162743823741,0.11560615322350315,13.984932512656293,83.17072039691448,0.10822309991281259,1.430304112414464
0.5392960231337018,0.11488402391519756,10.109112846799242,97.01952139512838,0.10340905605296331,1.4774471300629486
41.13156819931061,0.11046612500106229,19.700362097710027,14.383327186557665,0.10598255353257617,1.0123616597155074
588.4691804977015,0.10794475271700006,15.687854300042854,493.5090475646735,0.1052983463622641,2.006234753515587
40.24874416124578,0.11032247343575599,14.974902763676367,339.6302377680939,0.08579193174997546,1.814872889575783
259.0904862711141,0.08709032818254916,8.370709024212973,166.79009273038542,0.110084446664684,2.1023410558828104
100.39528500638662,0.06315094868085631,16.84756768161877,397.5686678510514,0.06805042222047072,1.8515402926330813
1091.581410555763,0.08756036239958867,20.477723615743514,417.905321462906,0.11717941281692817,3.9632465235417476
0.19614366201332373,0.11303703834612264,8.258738200293086,86.0539395632025,0.10643419158063328,1.5123004539921787
19026.913002459223,0.034619541662356965,10.663457221776758,58.11184953983843,0.11318345759956752,2.6820491943224214
6744175.972559458,0.05212901341743597,24.585436221552357,180.93269664399338,0.09138219614104764,0.5794043739911245
428.52414899169844,0.11360427384394065,6.126232512525302,101.40942123025098,0.10320134048612875,5.9305420210480415
8.323037194257571,0.1087464853677444,11.798153419569845,130.57942285248487,0.10019326462042066,1.797339793828785
0.07189405420522338,0.11077245404699002,13.960602457340016,79.72382670499684,0.10389142239382752,1.5800294757472502
0.05702409750944116,0.10925950546823526,12.791959697142758,123.41531878658418,0.11116036647780705,2.226781868312975
238.57285849344186,0.10994383511407196,20.835247814252455,307.949502972677,0.08702664670804303,7.226627380688836
5.841449466270555,0.11571919422748615,23.364967006340216,91.42831231536036,0.11016665868915601,2.461115435816059
127.8757596280546,0.10899865434771308,15.503238909171355,121.83474797538071,0.09014008893514988,2.0431265672623304
1.1959885160455257,0.11080049182661651,16.065524307341576,94.41319514791024,0.10302935320259299,1.7484080942633513
399.24574950605967,0.11571962125070784,1.845774977597733,928.308217345894,0.11089342576913618,9.139426217731486
111525.87562617188,0.10620709490972027,25.930293805754253,64.9144512249556,0.1004043983974625,0.44571207835682536
19131.328808814826,0.11881681493049055,24.947624471486073,362.67137544249954,0.09418157241963224,1.0204729674161648
3544.677320053124,0.06890904932115123,19.03888547133405,57.13517015936401,0.10056733832073199,1.3024202588200415
59.721087428221495,0.11677929437463103,0.9086951130297081,122.80770045818821,0.11280777303793846,1.5033556331647526
1500.6583800277047,0.09037563789797659,23.522095166398714,152.25910295654575,0.10706116795079032,1.7916125838107222
0.25122972378731834,0.11068239809205396,12.344035063661298,129.36628408626558,0.10920602358869523,2.093099266975261
140679.95072401955,0.10725219572427216,5.136044144814564,805.0532578726597,0.1000148917238104,1.1002525389250035
4.5629483510566855,0.11605842703602341,18.07513217194627,28.141530273032686,0.09616469444188755,0.9017920699551549
10597.188099649677,0.07293685040137238,14.816523906152995,74.00545076897913,0.09767651101841712,1.0326649062951176
177.0709383680474,0.11322024592842192,14.001770531328571,106.96991075815373,0.10529538359558108,3.6887889158107905
221.7859916709493,0.08830660034472335,10.588526270808533,6.0036804719399015,0.12931097074029024,8.001995088164533
432.2831796838507,0.11397572518773674,5.731503359657303,8.23116138323013,0.11012623103989758,1.4276424159546544
68.62706259150752,0.11983761603181006,18.47530945751198,403.3702504643686,0.11072846642819488,5.896055588744902
227.01201895965792,0.11428247065375927,18.785995657463744,12.004594487681402,0.10750119714999293,1.4746779078738932
217.20367757306076,0.06084615353277756,21.078065293729544,134.5754941852332,0.06830861879110017,1.756172555806554
228185.05023527352,0.024610083751847152,13.420000000000002,115.21087021603938,0.12671893823298172,3.8709022489036506
30.126675813907415,0.1107661544325,4.08150514600249,134.16859343411545,0.11215610471305175,2.087938375387835
461.03806145425506,0.10371122625360511,2.415270427925064,484.8126491267918,0.10240553979065596,11.483087448463182
8.672237375519671,0.10801466012339941,20.095870261707034,368.0536030009329,0.0932711764131594,2.0347463690396976
230.47582481006964,0.10770699572203508,14.958906501598998,10.831929423468523,0.10269103980667081,1.3189775714296914
21.495141958775022,0.09714596889862283,11.698272121486683,46.48453875687807,0.12708868251122984,6.449955958126431
2.253863096037995,0.11187398109333065,11.331702349485601,143.34306896338114,0.10868502297530679,2.1126890049891927
6.22522422632143,0.09287041890506981,18.777875786284117,136.25015047949654,0.09067805669768983,1.857541221145219
239755.1772093838,0.11566289493365767,9.66194851937751,291.2497901611945,0.11180507048970206,0.7251623111395098
11.35620667314302,0.11081608438115564,11.534561879570171,100.85143211406535,0.10057536958748015,1.6445488840559364
67846.45566594056,0.11601629427190696,12.1110106556385,640.0064105018017,0.10480654784755233,1.1572800528245342
0.07342801326312381,0.11465768418565758,21.965647670910514,63.49909498903139,0.11392575946194304,2.0000530516554376
88.18370282918926,0.09268287963004432,15.517198393850748,173.72146473378962,0.09691188308100468,4.859121937830776
145.9882006361131,0.10374078053350502,9.802106793529944,283.5220384355206,0.09249232211139333,2.546132078676727
68.08068622814582,0.11119252909017927,11.222816253073116,114.41685600070315,0.09255263883305481,1.2153366751659291
619.1317269449655,0.10697105592955704,9.068745610361486,187.66239605384249,0.12286136845995274,2.14444947248455
0.7810015443677131,0.11054116418954063,12.860109829509135,114.64227788186611,0.1090423410406309,2.045423430219038
189.95908862619092,0.11269845444760329,9.496157764089872,35.66969212430007,0.10646769550780442,1.7913522789417673
161.99025081920357,0.09767884673132499,8.058521374417785,267.78861397064435,0.1052983463622641,5.690415695931836
19.36136986561101,0.108214687061396,22.109997116505305,52.96772385485622,0.10943996924674759,1.5784254278688978
89.77668029568889,0.11688153380733679,11.304587362386153,184.60300783957746,0.08996285655432498,1.2393598107521147
281.3664096196313,0.11559988244510648,13.81201662843905,117.24826464329334,0.1090255002738949,1.4421217042022185
1016.3406994241238,0.09695529860174873,15.516633422631779,157.42988816561456,0.11391634043259698,1.8678211729229055
238022.21459799516,0.02083895226359974,10.125001935360327,27.966046591280076,0.11006066721034627,1.6312596165104614
8.40651426246805,0.1180677510959178,19.84267747747953,52.245118649974415,0.11381401182314062,1.7661171885037508
172.478408807963,0.1186582451189847,8.440373408539775,129.0771815363335,0.11827745017500366,4.96179154460559
836410.4632454333,0.11285115631546522,10.243868905609734,931.645250171179,0.106689819600543,0.9151992177543979
158.82261232532414,0.10884064612558969,15.239040751748409,208.22437164739824,0.10535968809314572,6.770976722647056
23.317774994150255,0.11557740683435955,12.771166599782335,164.13878160451287,0.11153860715279282,2.0100833629855437
4916.457666376708,0.03767569161771119,12.791959697142758,20.668350258994053,0.11509892741568953,5.343440009848966
61387.378044405064,0.11247024507120892,17.474801543115625,221.18244514412203,0.10317685342323459,0.8296663319309499
122.79896345749879,0.0861065583836726,7.503413392841452,92.75354543511793,0.0955553644440634,2.6914796527550124
270.4280431034945,0.11702645423175193,5.253146700662423,122.4546731177769,0.09678005619435001,2.0431265672623304
1224.7600936604372,0.08758077634094472,13.505455709778929,94.41319514791024,0.10295985380670736,1.3660514294665251
1.472616754570967,0.11095366420447213,11.621416835475712,139.49402668244664,0.10994907813826289,2.199153966363057
39.947657376011136,0.1146390095120548,14.06100210291605,64.9144512249556,0.10585380743701359,1.7362028690549565
11.082869296679718,0.09541537004981175,18.395398773126505,91.93706594235249,0.11015347403260424,5.340127364733501
146.60682038511067,0.11564716723393295,12.336917509427847,95.73334160946916,0.08661975005979825,1.504804887375439
81.30160161367935,0.11106151812699706,9.917407198314404,34.770921186154226,0.1115693994175082,1.5926510723398941
18453.151844652348,0.11430441005861493,23.522095166398714,709.9997253188122,0.12112394514248638,1.914201871060346
248688.47912612453,0.08785053156620433,14.74763867968651,79.16609469117827,0.12140940563376104,0.5120540360152095
20816.957090437005,0.09488344111902286,16.775666105068577,209.76714166014256,0.08703150102234539,0.923688344053299
496.4295114006731,0.11939232327323283,5.6999850578418005,192.04311582901244,0.09616469444188755,6.4102419748992965
0.5021792053447689,0.08992968682926283,16.92943945945571,165.26205128887386,0.10785204304948774,5.084679532688345
107.31505874260995,0.11598154117963509,21.25195169526439,126.05675929190772,0.10839287522960685,1.7200596587746286
55.07937064860754,0.11427049514778109,13.120531890066513,109.1387317595487,0.10862715519114832,1.5877184011910153
107.3929685925001,0.09062297645915321,15.038535438751072,66.2415006616439,0.10024998348879996,5.190568344984007
1.1551078309005451,0.11856169096224828,10.450583703871862,259.6912525075754,0.10218009012266226,1.8282912575036754
40.09535953962701,0.11750632989061918,19.796705976258487,103.8234640095539,0.11113927082549525,2.973947867251899
209833.00131180166,0.10896768185347955,6.23151443251513,77.5567904149139,0.09931404574890376,0.40239454244439266
3.4205409648129512,0.11400408177412415,16.381809230970745,102.51440535326009,0.105,1.682276218705109
0.11730022376855022,0.11129056422497666,14.87073141576198,103.62255598430016,0.10642944558032151,1.8349397235032656
11645.2433760545,0.11736746272722652,7.145566035698922,395.84395137767734,0.11655278162960835,1.4807710063968802
4.053427268147017,0.10665974771217848,13.228924564671791,126.74076688453084,0.10416461187948126,2.0574456922322604
100.17393091050656,0.08280616250344211,14.958906501598998,24.62211683741924,0.10648323107601987,1.3189775714296914
7842.566390839442,0.04928191011472681,10.384062575614145,175.15189841913815,0.10033513152834725,1.8727001931459206
42.08556197526906,0.10532386565408447,9.299092059746403,113.1567182343502,0.11974320787182088,2.2445252725712623
114.1124058369889,0.1154401724152831,12.371470438774182,68.86604198313626,0.1021664832560035,1.857541221145219
309.5615303657511,0.11566289493365767,14.842542992387038,86.32026470114573,0.10000027982681176,6.951763365888736
2.3397152790282565,0.11558479825886932,12.40555157867634,139.88517334321278,0.10515984244412092,1.8615065214209308
0.027157141148979626,0.11407646021122936,14.454267923859032,100.34538765368598,0.10480654784755233,1.6860658493206095
63.87410653529466,0.1150255428395528,20.31531471488875,128.12934646731497,0.11218989152126288,2.0000530516554376
200.3902879925294,0.11689246871285797,15.350455330012293,65.24524448367345,0.11152583476309146,1.238845549675223
159.79185719225467,0.11441155474812444,11.184832548894562,96.53539258108475,0.08674149941191658,1.52711756240722
1487.8585748121927,0.04408826030725967,9.497922282065622,114.41685600070315,0.1099536620698642,9.855366696093679
701.1384597597191,0.053158585281300796,19.66249191763388,202.19076891115907,0.09128213644011354,7.421555401423378
34.382225976906156,0.0911380712230376,13.239020140345575,165.3483519190412,0.11833185547676667,4.842557731216445
0.6210054633625979,0.11701919263115762,15.26023722344743,90.6190820864374,0.10638432181154535,1.6689100453528827
301.2538875712776,0.10876180772637921,15.047904564282526,256.5035951776939,0.07049406013973444,2.006234753515587
5.555932210595337,0.11698351540964425,22.109997116505305,132.17833364768723,0.11103618914367899,2.889115145200464
13.96575569385909,0.11206227333658675,16.985780091376604,101.37044354205904,0.10597155300676427,2.1396182087421804
416.3902580118121,0.11559988244510648,15.0248712771646,7.216525052869315,0.10566122877786097,2.228771491431538
144.15792622545865,0.1088857511471347,7.810637751995214,157.42988816561456,0.11144984411069019,3.9632465235417476
26.542425887073456,0.1144554835064668,8.802272871188066,129.3647164622933,0.10131607586904115,1.712833179158248
236.07245332919524,0.11445421441089039,6.456371978543816,40.63581363533456,0.12435601243264134,4.195194792525531
67.6612336847279,0.11300046787013435,24.585436221552357,113.92379963753928,0.09799266860932951,1.4933474355409206
6844.22776082468,0.06717822850942574,11.086572282962504,101.40942123025098,0.10384228287359283,1.374703067554555
5.351506493436856,0.11504119157326316,13.702245937989048,273.3537206886727,0.10173233566499866,1.9610635036446773
231.72666420621675,0.1088684621400775,14.599090534806944,124.98202372564396,0.09881602838305431,4.633236101022078
11.953837801122457,0.11191324709987582,12.791959697142758,115.18740869917764,0.11116036647780705,1.8904276594923513
64576.559965733206,0.11923077027276202,10.015589373646662,221.18244514412203,0.11103341390221926,0.8184727004988517
761.5670726390683,0.10247744791400673,11.291744030892774,32.38152131103908,0.10724429463252375,0.8585909149203843
2.4623481172723922,0.11133538098553528,10.842140638691976,114.28652768447961,0.10717952912378083,1.869296981191793
521.0064715802816,0.11201182369770907,12.653113772799182,337.15166028345175,0.10583575983603878,1.7565123690422757
65959.57855419285,0.1121672421430413,14.619620995395106,249.6250766964746,0.13996869545672241,1.262921627466465
9.242162537663326,0.11329823685852201,13.22679624766515,64.9144512249556,0.10114022324121884,1.4252018625295353
128.54114456859244,0.1146445965161291,13.660153368770242,362.67137544249954,0.1039815769613046,1.9221356188260383
2.329671588352669,0.11305893020946789,17.039879004278685,64.60140352856871,0.10839970791924718,1.697942654978931
232.73084926824788,0.08246139854362164,9.78392633533009,34.770921186154226,0.07225514247951073,1.6246964205349324
1.0491832860553414,0.09037563789797659,20.486919763931084,15.441884267545731,0.10777152762174687,1.3857383717171814
20.147478686971162,0.11068239809205396,14.942302578371182,129.36628408626558,0.10356163463847348,1.698047275521498
191.74097776527918,0.09488344111902286,14.228633802688586,137.41287725920353,0.10485379238432854,1.8340121279044892
9.300688959412899,0.09249724961997953,16.228069447530157,508.25128562754327,0.09616469444188755,2.8435336118630925
68.9442561726752,0.11582947574759328,14.218850553097019,296.35064645221655,0.11112038729380029,4.560216352962645
5619.535995391963,0.07818619702172096,20.395703449018182,341.4305479920962,0.12208677767041409,3.059215988570098
24.927938114360764,0.11857042647386283,8.384828665914444,135.67151385631422,0.1015008347540573,1.6529153709372553
179.30279584284943,0.10699103504119906,4.722961878585471,49.68492962142784,0.10055134576758,1.6165841848799118
0.7410447951219785,0.11278767728311015,13.873152108941936,110.6657301850168,0.10299325428350171,1.7131626096747183
172.39101116891868,0.11428247065375927,10.106072481655417,32.67438885257644,0.10742892770278184,1.6633613970753691
433.402698459881,0.1155911868895684,16.36889725775225,240.77494275317986,0.05825982261563392,2.0220039834795074
795.19971270373,0.09163460284262819,12.654801780967428,241.43797248428376,0.1004902076599794,1.6594999999999995
38.24285219388429,0.11909610907771134,17.594220968450145,64.41546047922077,0.09315152484995301,1.3268164310304247
8.418814364719573,0.10676159368108365,18.779907968313466,484.8126491267918,0.10172290215520403,2.8338175091684574
202.53153511926416,0.11249168722746727,15.642064236773557,39.76861067479217,0.10101918180544517,2.2153075961869764
136.58983077803623,0.11864157444965409,22.7814141364348,16.261005774979935,0.09994619193834814,1.1682586421344041
10.741257795649549,0.11187200669609829,13.022982707710634,112.55367514096667,0.1044711775277529,1.90163640870702
395.96798367880973,0.10633498242071446,17.557715172342437,231.11821988682743,0.11974320787182088,2.7564513484450686
5.01815130468377,0.11590902256949509,12.371470438774182,76.09236619501013,0.10686994128255209,1.5836054506340886
1848.4307079872667,0.11428863185598245,18.71422698114179,460.33510072328284,0.1183590798547071,2.2746853433122336
0.01155345292587186,0.11403407765000914,18.7466098537643,79.45227793039459,0.10147812079368163,1.539118314288351
123.57465100072925,0.11946683637353175,16.268869750886818,14.991694164464207,0.10480654784755233,1.0212357423391083
1323.2238509835279,0.09888385251835735,21.965647670910514,184.153575267681,0.11392575946194304,2.0000530516554376
3.1305172976488214,0.11004448442387196,15.023543094429096,86.48719456826501,0.10797113365718886,1.7462909753385958
9.448997469080911,0.11188672916492881,19.50026787562018,220.80841531308874,0.1017400203844853,2.6015460822987517
25.565637419299918,0.1049438811762536,16.64860501261223,216.82016343196193,0.09803998364189964,1.8930919779396067
76706.77723817539,0.11218153462579564,9.081363038120621,118.33670498763377,0.1139619872260305,0.6308632012234145
21.534667034507642,0.11688632035221205,13.273086769582772,85.77349588306032,0.10724921031749414,1.8009385747819282
215.3376405273027,0.1150984577430803,14.5218830079927,111.83615797273347,0.11691569539419203,1.7145071377966943
63783.754722973215,0.10876180772637921,10.612847431895165,118.25109098736442,0.11430855178464852,0.6855004516863676
102.76788797341996,0.10778590052217424,15.290018558990093,21.530382203418355,0.11610455076370897,1.8152421408899881
23.952159868876226,0.11572305219216665,20.660938640641547,61.21534257025701,0.10597155300676427,1.825247609285916
44.69074207973581,0.11412206359553809,17.289799274587935,117.24826464329334,0.10250605699748346,2.2486158814952404
103172354.0512003,0.07112787336797032,13.794087538637221,151.42461421381438,0.11717941281692817,0.034345011215906496
1.7139539120632952,0.11193414677874354,7.147999297081124,116.57786996484731,0.10008785826901719,1.4348312744526712
42911.99174200909,0.10965387642842303,7.236633272692829,80.24313948910611,0.10007728723103394,0.5814117612262546
78.36693701846521,0.11466259531305434,24.585436221552357,101.83337318158362,0.08397294189980861,1.6598609351904319
449.0066994506642,0.0973314235571639,9.081074695742497,359.1037718526645,0.080150792492591,8.646447564439569
27.276756349015507,0.11185603808735675,8.74633093619364,121.26690360632318,0.10969268064428614,2.1500426638014587
36.030175351708806,0.11144385372108012,12.771166599782335,113.39829706272917,0.10705004320107302,2.2821156370010334
777.3763362432428,0.10770912153301664,8.260837551264359,177.0242378402226,0.11116036647780705,1.5698234175564112
45.2015448062713,0.10627137069569292,11.29590135003274,173.54080846901923,0.08706270103048763,1.2846845233971695
18.522832150481992,0.11957741956065977,14.673518705741692,87.09165213898609,0.11016665868915601,1.9116099450205475
113.88407041770355,0.11412343342607281,9.198133678619058,125.32765027442014,0.10073046964179086,2.0431265672623304
1.239889984851835,0.11201182369770907,15.543892700828073,117.31474846621904,0.10072762669390929,1.7362967116527388
907676.5663558505,0.11404485311575335,13.631678687140868,848.6900238079768,0.10344938806118834,0.8370925925701478
174.48498556439168,0.11037586634378932,25.930293805754253,112.06742547537584,0.10448369449478384,1.6387745831078036
1435551.2626097891,0.02486374243068354,10.23219682332979,56.06600246177118,0.1307636490482631,1.4227347890579534
149.04565572317358,0.11526134503003838,14.313243218432449,95.10629103171641,0.08661975005979825,1.5848597089829468
233.90926117589567,0.1057013801992788,12.306073086745714,167.52065636379996,0.10366483685781305,1.5926510723398941
175.94012386666282,0.09186852416205374,11.064237617418442,182.6025899679429,0.09433209750075966,4.492197403430971
75.90791886927073,0.09164258380076007,13.964588968275024,63.79862949797598,0.09417797589159954,2.3212298992240274
17.14546325512096,0.09488344111902286,15.321093118158025,31.554141929725063,0.11004180273028108,1.427687449189614
21.57836441946526,0.10738753424257526,10.625139846422716,213.02155048764644,0.10624732905214064,2.0150979206344584
52.510647730840006,0.08995847582880226,15.792146416069794,66.33644573988306,0.09331191812457432,2.403170345170603
486.8058944293103,0.11639279643056213,17.332626867333452,1.9552134810002713,0.11781607497920038,8.13070764237967
48.276098638842925,0.10663713706969202,6.863096564482197,49.21851854716584,0.10822568156455428,1.5877184011910153
350.5306744155117,0.1115149374130848,7.874640560755354,66.2415006616439,0.11146769675140639,10.982248385410218
4622.130946865198,0.11272998133123557,10.675449904478493,73.27088269505475,0.0970027927320683,0.7817189786689696
32512.772564207793,0.03638364952580289,5.895689502074182,103.8234640095539,0.10397958828028027,1.6633613970753691
19.169271918103526,0.06440065323553737,8.040465335750255,48.029886994682386,0.11651910606092747,11.025759047115823
5.748552104260098,0.11400000000000002,9.004064436384253,127.75559967881958,0.10390217145537349,1.7080120030901496
11.840003707428288,0.11460802736159803,19.718594590457524,200.33025822273396,0.08376430837331017,1.3268164310304247
15.195658198113392,0.11317612297815287,19.04738177821168,111.06772159881376,0.09815486809920315,1.50232677080772
683.2293992080329,0.10801466012339941,20.095870261707034,103.43879715130845,0.1044782160000472,1.3170582596130664
11.803139446924973,0.11328125262257438,10.212899403599172,90.6865893797808,0.10237848533258267,1.381361037749838
9.314882717749466,0.10751193326679474,10.59881039985435,82.97497808822203,0.10189285097980832,1.6119925655555711
787.829665951594,0.1066130420643081,14.145317581412915,436.3979123461685,0.13150510424220957,4.7281216865366815
16.761922002832748,0.11673486709337678,3.3058858619992524,135.67362470845052,0.1096355817791386,1.7543039312152828
114.1090128890824,0.10979577464083859,18.71422698114179,46.61760254514809,0.1183590798547071,1.4086185023218958
436903.4178390788,0.11026824374794955,18.7466098537643,880.113630632878,0.11192808807336171,1.0949508657468154
1.9895013344694812,0.10839000657377322,14.454267923859032,100.34538765368598,0.1032194643361906,1.8172247367065673
15.464518591725138,0.11465768418565758,11.527730717223472,78.47934365462862,0.11392575946194304,2.0000530516554376
82332.1971534093,0.018369255504316367,2.3448976538978865,30.030457469237774,0.11152583476309146,2.539402756733884
709702.6901419912,0.02734560351092282,17.43059428902096,101.87248715170392,0.11019006001188081,1.4625959143842522
526.8398549616271,0.073630474988604,17.449060536981985,693.4936528900179,0.09481332246819726,2.779841360733898
302.8902772936479,0.1088220855795368,3.194087702833894,202.19076891115907,0.09492489968597953,2.3909966189367764
38.6646280881806,0.11828965076216497,12.111248446111663,85.77349588306032,0.1090366439257397,1.4205759260185538
12.12416014648749,0.1150984577430803,6.121109354964759,127.71851222701548,0.10868935029065799,1.8127658554139465
51.23897235079468,0.11355451523562671,14.219982638558525,118.25109098736442,0.1036817982844508,1.5170431357643732
2574.57160904743,0.08127082687209473,12.481118955284025,628.9784977095032,0.09861225569296281,1.814872889575783
56.45535706273476,0.10805527528022782,8.0380964314571,98.65800355446623,0.09991695527926125,1.3153872857424496
17978.45921972573,0.03689261056272587,8.245739312823456,151.5610849208927,0.09765614593066291,1.8515402926330813
607.9964160609384,0.08185782718570526,22.844255401527867,181.89263795681285,0.11717941281692817,5.922202057724958
3.9223185037451858,0.11193414677874354,13.91644217663343,156.77513359084526,0.10519905674225849,1.9161184983909934
11983.482553176302,0.11612858386072586,14.672702811164935,121.65415198239901,0.14130164498761016,1.2420904699349045
47.16284493718749,0.08561919939311921,17.90443610385836,180.93269664399338,0.09336324491884007,5.665189511665654
27.709230093621592,0.11539499537821858,10.243868905609734,120.10507028548443,0.09411993730882878,1.472770284458508
160.48347849108768,0.11703844620874701,12.259656423982598,86.67265142144544,0.09874803494024842,1.1390530901173932
1.3069093043682014,0.11509752133051707,7.160472675615211,453.35579358938827,0.11153860715279282,2.6422221329675475
0.08281398392219444,0.11618199472663646,14.79737833493893,157.0863519787552,0.1050342841605494,1.938745920843873
85.92033211537807,0.08683114605876764,18.411203670464648,172.03010504010462,0.0916986362840464,7.226627380688836
0.44426426753477377,0.11502053222633665,23.935342095927126,54.034944984477136,0.1170286827970273,2.110286967075462
553.6547158823669,0.11652850478014264,3.346281634571742,309.2076396363178,0.07169298612350106,2.0431265672623304
25585486.634061784,0.05955630271015229,9.027182734633154,693.5412986890216,0.11639732964769509,0.7692324434583657
78.98400793518842,0.08718790887782887,16.747582021663966,180.2260326639568,0.0929487354991097,5.6166880585278935
0.5204630631761271,0.11535211010945809,13.20903429649546,113.85783928472483,0.11135898035089366,2.0278410813842305
2611.1631281923237,0.05911181314008524,20.061528518087577,381.7488305857295,0.10943456197029304,5.5945511758535975
0.946952787885413,0.0574381803184947,17.39654357269655,143.0452260506375,0.07168688808743592,11.94898197066508
312.767848128331,0.11225297345444697,20.063016709132253,34.770921186154226,0.09292782864659535,8.320084428359515
12751267.871760923,0.08965619603578502,8.740934338070577,593.501712438207,0.11694062078438751,0.5220759486734154
379.54958449468086,0.11577699776431606,12.344035063661298,5.228731046440657,0.10830876471123407,1.1164499931831315
134.88675917624408,0.09630146326090623,17.445667166668375,9.591143250757796,0.128686462748339,7.452696603593303
47798.97485076869,0.10981446465502506,2.797715045022345,826.791796038189,0.10527997036456481,1.3119411784577277
8.041542691978025,0.09595834168573587,14.218850553097019,92.40592525287383,0.11846664604078404,7.22030720196407
4.989421431038949,0.10356080814100689,21.25195169526439,341.4305479920962,0.08371004028835227,1.913120409111868
3972.0101602442446,0.10817573948544387,9.985524840291463,254.10640670273688,0.12551938248413552,1.9115952986415046
1.530434559064719,0.11686523507489871,10.174897489537216,324.1966352371914,0.0977618249811007,1.7530619210144458
37.685220890281066,0.11374141596402056,4.92511667336521,154.7940280680382,0.10488142470684331,1.8425269366095067
3.280169450214971,0.11247188058552662,10.297508747837137,125.47937237785567,0.10734179464180166,1.8986799527992115
88.37094731866196,0.11891060630151032,14.514152791741445,84.51115960941127,0.10015203611323914,1.1939856088351757
3.4493987975691702,0.11109205420613553,13.363423315453943,99.98000000000002,0.10844770670483142,1.9736231896817458
64.02843924677185,0.11933769404201983,14.942572298230385,89.12091337699724,0.10072268597403976,1.245250659538315
2625003.803852315,0.02280305057618591,6.988237363649722,140.75381563328568,0.12265237826679624,1.6432239713056527
130033.97896902407,0.04199462446489517,13.544827483290733,39.76861067479217,0.10330262247439702,0.9128914102319365
11778.85609032523,0.06976037366193598,26.50218236556045,55.71838897624605,0.11610853131779794,1.3189775714296914
40.033316986500495,0.10636661675395231,14.123707573440768,382.92561062185825,0.10466506568687722,3.870157805748204
107.14516952331536,0.09409217804476139,26.23171533538109,38.014532756766584,0.10362182793794222,1.4518547307740262
926.9758127274991,0.07465502309165355,12.371470438774182,256.37700803783844,0.09702685835969421,1.857541221145219
134682.12643762914,0.11307958938334449,18.71422698114179,460.33510072328284,0.10473394459158289,0.9613466720309711
28041611.901314333,0.11403407765000914,17.510742279430055,361.6190436763585,0.10368299758516458,0.2043998229670123
21.00835565626077,0.09916912874787258,14.454267923859032,189.79024587956258,0.10480654784755233,2.322787964291838
479.7233049504481,0.11465768418565758,5.242708008413034,61.645442049959854,0.1003902111366807,4.563625567184501
183.3910608561664,0.1003989273644401,21.785487227646122,321.9378914269273,0.10039526545469624,2.2413230319901314
13479.091101170565,0.10114767667320751,15.315869737129931,663.5844551629297,0.10257789216805376,1.4625959143842522
14.53569780662287,0.10352971915818665,9.497922282065622,85.3347976071056,0.1303315553650892,8.797405995339341
3297471.3624254493,0.034087013992595575,8.590751909613155,202.19076891115907,0.112883422757064,1.1427127754216162
2649943.7291229665,0.04118185426338648,17.164027700184388,918.1306489388771,0.1216712184907298,1.824762104956136
233.1314924504701,0.10693959362870792,14.453218019944194,111.83615797273347,0.11564338865047846,1.8289867531601551
2.82447344848002,0.09991652061012701,15.687854300042854,177.9251755900691,0.09385938077538947,2.006234753515587
95.65384615029691,0.11176225364288682,23.469027827628636,104.46385894841592,0.08579193174997546,1.9026674977920397
167.4056422450061,0.11223641048673468,15.9271881697075,186.89551129695678,0.10597155300676427,6.37280361704722
19.347315157402758,0.11559988244510648,12.37654506703822,127.75463306088244,0.10713767010382509,2.070062467856951
354.99389041126824,0.1178508979186828,22.206424672203603,15.026835700820072,0.09350982566286223,3.9632465235417476
19.061894929400573,0.10831482757855401,13.332976841732743,71.87077024727864,0.10864922400023184,1.9831113647931922
264.8149826008754,0.11612858386072586,4.260478187775149,442.7263080197448,0.10854708960080953,4.419242454887165
31.08703963271105,0.11892612923193704,6.2887657423528935,148.96910334520663,0.10775788157614,1.89280455239704
659.5580143879649,0.11784054687349546,24.4531781380664,202.93306745737198,0.10356707794890607,1.5128448775427676
125.0427821443954,0.10884064612558969,12.328939066600135,36.16967817782677,0.10198871645276465,0.9576432718853001
455.7350694881123,0.11264719768783761,8.961186868017233,107.5579207214335,0.11153860715279282,1.3792263911916365
49.2199494108978,0.10090379381397133,19.725244473760796,283.5670583936362,0.11116036647780705,3.799409415118891
188.24129168918216,0.11404766637485741,18.411203670464648,221.18244514412203,0.09794917810419551,1.5451251985865024
33958.16202936857,0.03812989912558159,26.1388807103175,65.81360108790761,0.11299863591663513,3.108958536036809
95.59643608360668,0.11702645423175193,15.503238909171355,83.32353045100831,0.10224642050734055,1.2499528109332
200452.34414368513,0.06268262671956056,16.004382145370634,248.50445579472995,0.10583575983603878,1.1655820044889964
159.85966291227106,0.08855406946661666,21.3620327840007,32.29758911210314,0.11098005930501788,1.530190866626544
1804.4974838008075,0.1114229006796233,19.96567765943288,64.9144512249556,0.10567957203004802,0.9555415852581968
60.97839598198146,0.09908466098598716,8.281664747721672,372.1812010621801,0.0868376008737625,1.9221356188260383
2.815458551585329,0.11367928024371177,11.132451094389051,91.46335906199829,0.10865509820336511,1.7489145315569345
0.2869726364621696,0.10324009609470688,9.258086073524847,197.09206808402723,0.108043446871113,2.353695621388548
292.9078788250903,0.09037563789797659,13.439080235408575,42.27744539580726,0.10087535917199256,1.1622365436976638
99.72036186992769,0.10961062171868886,12.344035063661298,48.30852362729166,0.10920602358869523,2.093099266975261
322.67421822985233,0.11340914038460653,8.47090874412154,80.6276979538527,0.1000148917238104,2.9878650509095617
2.973242210302379,0.1192749130150107,13.455103189298095,123.5558670155529,0.10927095909860345,1.938446441953083
66.31643875005565,0.11893945584066842,3.0952057641043815,197.7055623497523,0.10785204304948774,2.010792252554003
23.071889493804477,0.11487249061474787,13.514850779538879,75.34527973073324,0.10271867505640186,1.3086298266967233
35.21860904705461,0.07918586063828388,11.04560502352447,235.45992190449414,0.10029457192600036,6.776404020830543
16941.160276391718,0.10826897787563604,22.950759651316886,414.1709741702666,0.09946616466129524,1.2131928785571393
0.022385920032533337,0.11163728274470608,22.57128511934415,68.9448536799506,0.10096365048276595,1.5851044144077413
127034.12307129192,0.11428247065375927,14.59477394089081,499.84969561014555,0.11950109737386247,1.174554387370324
35.33034521116907,0.08232149357898971,18.47965808704963,175.35773814611838,0.09205430544817009,6.142811194471467
66.89350033210295,0.10568823266406957,13.420000000000002,115.65257274591727,0.09483886313848955,1.351423354080267
4068.55453680663,0.11193494398244672,14.87073141576198,301.71363534373273,0.10256585665035414,1.3268164310304247
7.05185578252875,0.1089936764700241,15.56025243673999,117.17166798920476,0.10240553979065596,1.9873572819251937
2430285.4722650945,0.10801466012339941,17.213358876056756,329.9503326460624,0.10343388033221948,0.4670166698216498
105.7948863623293,0.0984982729111093,14.958906501598998,50.026273996106,0.10492246011447608,1.3189775714296914
21.37142744915993,0.1151041898045509,20.65289054909907,65.41317418539018,0.09979682836140213,1.6119925655555711
157562.91697182145,0.03594080534306168,26.23171533538109,51.053367468435226,0.11974320787182088,1.6436142798830335
2805.5871131361837,0.1184091239946902,6.855931711461903,113.64583338647117,0.11904485122159734,1.1843358792547214
14338.493712289928,0.11585636127836843,12.733156976034358,460.33510072328284,0.10502125834251368,1.2887244977764496
9.560803736662642,0.09992723270421183,5.937096437888297,79.45227793039459,0.08229636162378612,1.1243962207540523
283.72572819122774,0.07832056464799506,14.454267923859032,181.54064150551284,0.08949454038131052,1.6860658493206095
143.9750990059206,0.1180326734602848,18.58516640692221,54.70018120070779,0.09658775367056932,0.988999597337906
267.34417785140937,0.07534631263742195,17.358545165727154,229.69714567665505,0.11152583476309146,6.58394327227923
20877.61865944701,0.10985875386831703,17.0870629876339,227.01285082824052,0.10557671221340559,1.0525823622138777
9394.996467989899,0.10352971915818665,13.916611635132076,117.11452256893006,0.08594559410220937,0.8113462308560795
89.62934918296537,0.11220159304532457,19.50739394046206,258.86073298337686,0.10822309991281259,7.72499924514384
2586546.61471317,0.10080384411521082,13.239020140345575,85.77349588306032,0.11986612488322755,0.16208358112501653
38906.20091607639,0.028728869301330826,11.285992753258583,255.48757902878748,0.11912384688074384,8.29663710678286
44.772916484769155,0.10654483266702208,11.469818848478468,45.4749494261323,0.10794796884843554,1.7041962663871963
218.63738949437447,0.10778590052217424,20.696195705301605,149.76431351253672,0.0860802964834751,4.160844263080889
0.28799448977149195,0.11358328242825703,18.82857334815635,66.61228306165145,0.10063468894252589,1.4120401916205907
156.71150342485623,0.11517512485167382,23.501245479438026,259.43598134952265,0.0720660710222345,1.744702107283616
0.38276319905519873,0.08274970567984252,17.379921399225182,196.87841111518026,0.09730772407028607,3.9632465235417476
20.220725637122094,0.10433111847439544,10.823147627062125,71.87077024727864,0.10505347443868475,1.8101106266852103
168.7702572730986,0.11266817188099149,17.656934618734773,121.65415198239901,0.10891369317650766,10.574893891204471
213.09143752161862,0.09568421343699313,5.445955645712065,232.58179024841792,0.08745761437959634,2.253043639778686
2.156230769579385,0.1155327202045042,12.313319394648968,325.9353832296871,0.09885478244601026,1.8794577857087518
218.91733259739237,0.11517512485167382,23.501245479438026,113.7928450491844,0.0720660710222345,1.744702107283616
246.57151805419574,0.1088684621400775,12.771166599782335,222.29022904444315,0.10068815981966839,6.289728950083184
39.97028982349168,0.10925950546823526,17.593686504738592,123.41531878658418,0.1061903382473255,1.8221297218479418
52.07697229531795,0.07521492929014566,15.167547874453273,228.55870802410698,0.09552684050582175,3.0512295641050877
7.107650947130827,0.11957741956065977,13.07134909169557,118.53816800981866,0.10406771897034299,1.7073595757447784
714230.7486253818,0.025299482168946633,20.10886897753297,801.6843155444044,0.12664599343171964,4.147244988425305
73.22766956714793,0.07987980906583406,10.695102074795315,113.45427078482032,0.09205320736425063,3.3162508518253797
258.41272619560834,0.11290494958561298,12.652863719806524,23.875902233205466,0.1062340596559494,2.041382077960553
191.5131004105425,0.08990974299290821,13.607547024170286,144.25994927958868,0.09171939046340874,6.208603609702701
17.897682346932598,0.07883169896369739,20.85540673918554,103.37589222815313,0.08576744436776995,4.129029018529795
360.02479449735006,0.11479468519214983,18.77122493959024,60.34639621789148,0.08661975005979825,6.172673780019741
5148879.517053887,0.1057013801992788,10.00159800311922,974.5127949715613,0.10742937552682937,0.6829320773790979
4581.023788717619,0.1167407405930912,16.31758010160859,213.72883095287466,0.11707286751447905,1.447618678924723
587366762.5980425,0.01595546041017397,1.6277019779296644,510.82233066755833,0.15276152739956583,2.093099266975261
0.6657774094865196,0.11074313996046795,12.095078001994183,121.05065889418853,0.10809842312702408,1.985925568977251
294.2851292762324,0.08527802906400628,13.606731038405366,164.65435443403584,0.07474881685740792,6.851777351558164
0.9991543164318462,0.11067720120409805,11.20313251092079,120.73555111342802,0.10826525492286122,1.963015364598446
199.53616700368946,0.1136336051873954,17.616614137413308,78.00516584048842,0.10143393330339369,3.6887889158107905
15.48102386904001,0.10641815631406568,14.158242858371157,57.17523865808937,0.11424179111981841,1.6581588451696962
106.33653440682025,0.09045678833328634,20.151954181687913,28.843761564543797,0.10055134576758,8.189103468603335
83.22241061050488,0.11424409721896647,11.020678161595155,312.02668462013696,0.10096365048276595,1.7247792116714518
1.2665202629407535,0.0891857382696854,20.709734816765216,103.8234640095539,0.10550371461387682,6.211596540715583
64692.33118264828,0.06084615353277756,4.97490205326848,691.700701615842,0.11944939716994765,2.0185610914766317
182.26734336521895,0.11400000000000002,19.222633916106382,199.70092105896975,0.10218858851036322,1.6594999999999995
0.7209916254323816,0.11650871217572953,14.87073141576198,75.34566797110551,0.09967018860644472,1.3268164310304247
83.55681298488824,0.10494800170058038,14.98073870734845,484.8126491267918,0.10548024485839495,6.445293948887756
35.93393763232183,0.09063780236827554,20.095870261707034,55.96892543812231,0.10208359271270001,4.629674631063622
1099.9709581084749,0.11154585523842142,19.828252826085357,308.91266520736735,0.10269103980667081,1.597719428895501
140.6981388331581,0.11313000260132627,14.487950763966774,328.13016095570276,0.07599050136210395,1.6119925655555711
16344.556109125399,0.11566283281889511,9.20424848491594,314.69256665414196,0.11974320787182088,1.4028207661482952
188158.03073500423,0.0627995325538825,12.371470438774182,808.0725468831494,0.10686994128255209,1.5179323921728134
77.1097704642101,0.07091565489394434,19.025121844992075,460.33510072328284,0.08540468889338615,3.2028745602997315
588821.0814344886,0.10276758520876517,18.7466098537643,98.81434790926858,0.13137459936098986,0.3378571096431511
137.8691907711986,0.10300640709062714,14.454267923859032,252.06590679422786,0.10626334900651796,11.925044668572584
35.19372420819057,0.11465768418565758,11.998860157646721,68.12504870232885,0.10128439453096504,1.2035716431158487
294.03257459059455,0.11433380180733255,15.350455330012293,32.20654720282948,0.09579931955501009,2.2413230319901314
2679522633.0965815,0.048183673533235105,10.10496558648612,513.0840315198868,0.10591283340377804,0.18460550174739598
15.310061169647618,0.11551029143077249,2.213352622535135,86.64765148936817,0.10672410572049153,1.3112004038867981
3.4867060062985233,0.10655699381792193,9.068745610361486,80.97911070077424,0.10148870929864937,1.4149340943816133
0.9370599472721638,0.08853344972419361,13.239020140345575,85.77349588306032,0.11833185547676667,8.981638102311027
3701.717529827657,0.1085869881047607,20.85109869084107,192.3285440285515,0.10019019632975418,1.206197996599764
191.13137441666356,0.11267406868604504,15.687854300042854,388.8413445850989,0.1052983463622641,11.086709953811184
7.5084045553691325,0.10778590052217424,23.294787106079017,72.22221761624854,0.10136259327433941,1.630975551743262
0.12287191167001599,0.10191387695479304,11.304587362386153,101.37044354205904,0.10677336942372694,1.9866334730635664
47.728232922545025,0.11559988244510648,20.35528335367237,74.11311711860316,0.10004399446605941,1.8515402926330813
5933.566756278549,0.06431788041113312,16.536549130877674,293.0975526564159,0.08012375628581789,1.2654283828713728
4.489758780696685,0.09243064695082875,9.10306410892718,71.87077024727864,0.13249468942636972,8.40839320843452
92.55285061527418,0.05868327816978335,3.603374449510941,32.96263384896389,0.12729437535745794,8.471459969641801
37956790.30951181,0.01750250252542506,19.40287107212313,157.8190650534359,0.16252208368844467,3.524614295328238
115.83357621057277,0.11539499537821858,7.072296596849441,886.3178447104203,0.11564704070859996,6.481842624238473
98.18365671546536,0.07091565489394434,19.025121844992075,113.7928450491844,0.08540468889338615,2.1500426638014587
77672.55049151983,0.1088684621400775,15.292159114821233,963.4531432030844,0.13574873023371692,2.2821156370010334
3.4124315525716584,0.09691945129652198,18.022367752405067,190.41226988536044,0.09771719574848614,2.7256514071848237
2351.2623902470955,0.02959802990998297,10.753806300600036,271.39400328912586,0.07319362482178884,7.253316171173681
180.22363360751478,0.11957741956065977,27.289959771315836,50.307362080410485,0.10174343838722628,5.059597623124683
18.10085743413211,0.10885828113778284,11.38518280873692,172.04143653321086,0.11073131830277937,2.144736509817071
17245.79065298734,0.109640964136914,13.191843637633712,548.4648298127499,0.11325112638674942,1.5483505187343871
364.3342825822402,0.11219867780679227,12.551667913750535,41.72280520416109,0.13996869545672241,1.4232309531244178
80.50123748229342,0.10783225140681568,4.985178254093736,64.9144512249556,0.10449355660367315,1.62427084027596
41.960852467102754,0.0631916803928535,9.522121057493418,935.7551393275492,0.09795860771390083,5.900973764991934
5781.955509128113,0.06890904932115123,15.24393328973943,60.34639621789148,0.11121815470010779,1.3794033029670674
15379.951154430975,0.045364417607719046,21.118380702226048,306.8485017005206,0.11280777303793846,4.508437215972546
59126007.92667852,0.01985978348561839,23.522095166398714,807.2875514593643,0.11899052876620898,1.687386753479271
4.349109872528761,0.11068239809205396,4.817966067488083,235.46121392813376,0.10920602358869523,2.093099266975261
5533663.312630968,0.09488344111902286,9.738645583800864,253.83967405086761,0.12146673193821043,0.35775851718539897
221.57961486952377,0.06410638089867064,15.395675945255645,213.02155048764644,0.10251199449253863,6.851777351558164
2605.0308560119993,0.11017270265335394,14.218850553097019,674.4604614803441,0.10785204304948774,1.8314235056931452
33.729930513120706,0.09319320946154036,15.408087467191548,341.4305479920962,0.10122282079637647,2.731563860695532
0.6795097788103205,0.10885828113778284,11.38518280873692,118.43792952046135,0.11073131830277937,2.144736509817071
5.880200712806362,0.11397572518773674,6.822719352952319,66.2415006616439,0.10591774977475518,1.2868673798235086
246.57314628654575,0.11163728274470608,22.57128511934415,68.9448536799506,0.09276528019390656,11.783268278473656
67.76953553469573,0.08829708994440469,11.902805226601476,121.57421504440447,0.10550371461387682,6.472943461015312
0.02679554242807897,0.1140694976668074,14.433165695880687,100.27701802089621,0.1048016032978108,1.6849737460113046
0.2721799258800303,0.11873599774449381,16.108577786884247,153.24277565284063,0.10328017701563857,1.7948417244760169
0.08872313968687195,0.11356931905821266,17.272831377452157,75.19042166376153,0.10119669496066833,1.4682875609713681
279.96867095359073,0.11232320012349409,6.119545791018979,484.8126491267918,0.09340209754566636,2.8338175091684574
3.961093291431572,0.10883634582096764,12.546551425471613,211.84436698377635,0.0899294472133765,1.4887148286365486
76.4887522491106,0.08788546213951179,2.5854032001455334,56.66912496239769,0.1301301481420568,8.646106012273634
29173.160721128967,0.04838612384283415,11.471999434578905,14.960136542232704,0.10913296486824667,0.7458638663271309
1070.2770730805169,0.11458583854914278,26.23171533538109,93.57813193245084,0.11974320787182088,1.4791862762414976
264.4173214286648,0.10997184718242475,13.791665752557671,71.67242788729118,0.10686994128255209,1.2433674372861265
8.42110446260288,0.10479868107517004,6.811300459961046,149.47528409800822,0.09711549113094972,1.6290582800149798
348329.2775641518,0.10565277777818136,17.075231125437494,738.9539461044635,0.10037542524775853,0.9713556572156712
11.544776794635887,0.11353465482411693,14.774958367354058,99.64180631515666,0.10059389394576995,1.6860658493206095
11.359182031134214,0.08045608723391112,21.965647670910514,194.18763871553904,0.0976969574377475,6.3227300512095255
433.9717218583295,0.050784696996128524,4.359185617120792,110.95354210051141,0.09656059412929296,2.2413230319901314
379.5334655200851,0.11491939600073342,18.470736329827307,60.19429010588124,0.08674149941191658,11.4597402602371
223.31181190550245,0.0779155363407733,9.497922282065622,245.8193054956963,0.08310418139648651,6.007885428462262
1137.5898607372724,0.11615990373861879,4.406113371057238,202.19076891115907,0.12513029630365435,1.8574819835042664
51.60054228393714,0.1166430975082792,12.286223191932674,72.24474046955578,0.10651344847081756,1.2854472325720003
65.82526612156144,0.06986595097110676,13.88083447638119,111.83615797273347,0.10997770608373245,10.255013701826257
8.981963388178354,0.11205002959117653,4.879325156479558,113.82705749896934,0.11023810298556398,1.7886045644217008
1.1559822338832046,0.08693031672140361,22.109997116505305,2.2301079149389125,0.109314168868474,0.4433340289718082
2.1126339564174854,0.11480500487867304,5.520700049104178,115.08173033750762,0.10655716512662267,1.5888105410672013
267.18021662368045,0.11020692725825726,16.15011097707134,371.67773417255535,0.10159866014747927,1.8515402926330813
101.12332125689835,0.10879884582580007,22.844255401527867,102.5128303652553,0.10121783621673329,1.5403504999095796
18721.74399089211,0.11193414677874354,15.94796011732896,607.7861044313124,0.12058132755694602,1.7857283192297313
1136.1105495013276,0.0714063075673873,21.892494809988744,121.65415198239901,0.10978200461829687,3.144139522594563
90.45950315009574,0.07670549263714983,8.883683364810842,519.3661001977753,0.11682562819245398,7.646901041464247
6.353999406171578,0.11539499537821858,19.064607857317036,203.47789207331243,0.10839487008840672,2.416403199466035
216.58518609470946,0.10849023099103214,15.802672988127643,113.7928450491844,0.11644204349169958,1.8936234195622603
57968.41489599041,0.1088684621400775,25.403610937411422,949.2932946170025,0.12369253555641431,1.8964488748039283
6017477.449459892,0.09543228176512272,8.304446116372489,123.41531878658418,0.12113319753561298,0.17387727917157747
154.49897006581688,0.08377165600147966,9.05586075334526,222.83232677987877,0.09552684050582175,6.258972790621846
37.82474787631034,0.11957741956065977,13.383841318066223,102.39304486783817,0.11016665868915601,2.1386316474660854
224.07675453174448,0.10727918446383784,3.75825014292273,70.94657581242535,0.09743596146013003,1.7533596345293994
93.78331870765173,0.11715563483469188,12.213624154154017,94.41319514791024,0.09853813953188403,1.7565123690422757
117.65404678782795,0.11319326749656863,11.371878375099165,33.41444904689246,0.1105151834368661,1.6739592623982782
106.51738892420579,0.10847050126974915,21.040791439423625,64.9144512249556,0.08798978846404365,1.7910013752970517
575.2894736025428,0.11584044000423965,4.675709639607234,14.871694256733974,0.09828356532097682,4.404418124155083
177.9182466787526,0.10487040240962811,17.468324666998697,22.93532205165684,0.08661975005979825,1.383565036156682
81.69785319475494,0.11213065228976153,20.063016709132253,34.770921186154226,0.10168731469991607,1.6289925968563876
122.79619424174064,0.11836020939092443,10.320723979312088,213.72883095287466,0.10239289899458696,2.5110450706550727
1.0248149184046864,0.11068239809205396,20.563123553933572,63.51968003886088,0.11234670505876176,2.093099266975261
32.483074316839975,0.10367188089712677,3.243858073268207,215.66119611708518,0.11124024981112787,2.461995591073719
528945.8351386508,0.014804052604883856,18.319500675352046,145.20624700030737,0.10561926039984568,6.851777351558164
759.4926690247638,0.11816203037940268,18.295337184365085,55.53555330721747,0.10785204304948774,0.9564185614118603
129.86351659568228,0.10041307378290358,19.650550731024673,341.4305479920962,0.1125173950441944,3.6887889158107905
11.50341332867377,0.11219918950684041,15.247274784888106,94.56556124161318,0.1015008347540573,1.739507730622294
10.934982605221418,0.10378560194794566,2.0222477038646574,140.63475392915785,0.09763585926146864,1.4276424159546544
185.74602141483152,0.11395272212607963,1.0595316232364738,68.9448536799506,0.11017596502640196,1.8178156458814279
2.7329441831538874,0.1172365865338797,12.048771952213663,119.74383434536719,0.1106982271359742,1.9806176938250157
59.04669875885948,0.11917215443440693,9.03559253713852,100.27701802089621,0.1048016032978108,1.7565734450817034
109626.64820778655,0.05514745961060568,14.081453346896087,253.59889879692165,0.1214385646901256,1.802551539525087
350.61606735500385,0.11401511141358463,9.456996529884414,485.3396312682855,0.09964843893507341,8.105047566720513
69.86120819449329,0.11415444795736082,15.863258771656337,81.6320480673046,0.10240553979065596,2.0186923236669783
20.25050651121465,0.1119791710142637,14.22138237098761,81.96711015201095,0.10101918180544517,1.6622358295966864
47.73737729073238,0.09669480613181425,14.958906501598998,338.89515207645087,0.09657969872891328,3.577360060943774
952.5208308138291,0.10201621463833146,21.871729311501966,95.70813111632918,0.12475218894699841,2.012966302500871
125.12760517205894,0.11566283281889511,13.768735508069106,162.6816295847009,0.11974320787182088,2.2445252725712623
0.5359030772975448,0.11007107321770483,12.835113501374122,117.54812783511801,0.10974388389041914,2.1119426704793236
10.280792558932387,0.11292291957416026,18.71422698114179,118.84291069847364,0.10693937585666918,1.9069524964946956
557.5677492390498,0.05293484830416649,14.572410605243926,71.74831146849124,0.10147812079368163,5.858604938960072
1.2870849959743182,0.11407646021122936,5.018926223897886,100.34538765368598,0.10480654784755233,1.4617376226336383
0.09533695059421637,0.11232083791050149,18.70225215959184,105.57582960061512,0.10318244638189397,1.8105383980142467
263792.16712240945,0.11122189693977308,12.367491133362241,25.630391809563662,0.10204376619761973,0.14733805047062631
596473.347013346,0.011067819400216353,15.748324159891887,165.36924916022753,0.08674149941191658,7.284430014538216
2.669502526111059,0.1117582034354701,20.09149398657434,40.22549474190873,0.11290679961311013,1.6156726201060234
3849.3534357313356,0.07134531661962007,9.068745610361486,531.709048648162,0.11215781470408426,2.3909966189367764
491.7908410413178,0.1166430975082792,17.7755098974688,342.6297812652356,0.1112998805459836,2.0565466599476103
4.183956957375861,0.1150984577430803,14.5218830079927,340.34060759023873,0.09339285165282149,1.8578068653545436
3.3625489878165338,0.10876180772637921,21.600497271497616,69.32563552209626,0.10119061139747708,1.5667047290599552
152.3536993184499,0.10778590052217424,18.045405219171172,70.53728265143815,0.08579193174997546,1.814872889575783
0.8568158043435223,0.10818775118093257,11.604328032314317,98.19091360525215,0.10346056602705195,1.6924328638689703
21.83674163994599,0.09963744837360604,16.32255804471726,117.24826464329334,0.10114653366726674,2.6384720627182263
182.57179405015765,0.10969622608989132,14.714931610189936,109.33940907919771,0.11717941281692817,1.8706765055472374
29.16257379414194,0.11803273935925382,14.894294274640366,121.20383759764417,0.095634785279064,1.6063623274906966
0.13070398792551824,0.1091571944744388,14.672702811164935,121.65415198239901,0.09766278545118018,1.6392628991665195
9.797173825758252,0.105591608617219,9.778154626766586,190.20929695135453,0.09099361908260417,1.4452712240895238
168.87441271359378,0.08853933361146848,7.162583252213074,206.2044906232726,0.10130811610253848,5.512011144482886
207.17398411839633,0.10884064612558969,15.598593674334133,219.15377232340376,0.09912627545711036,6.01943691099663
26.01573818660168,0.11481940762916268,12.998823234241923,379.86848215187337,0.11706533763564005,5.650135075148118
108.66156402201665,0.09096190141865143,18.60841852582545,173.21065018474553,0.10049011192557528,2.226781868312975
280.2044255103407,0.07521492929014566,4.557907929622573,24.71392955530922,0.09552684050582175,4.336382797678725
65.56588796538023,0.1154566334120385,13.383841318066223,65.81360108790761,0.11016665868915601,2.0619829358780946
75.68927171002883,0.11102170777973276,15.503238909171355,125.6950610094346,0.10487194769108454,1.6139427490699934
28073.74507405098,0.10803950618530454,18.768035812318182,692.5037311105398,0.1191713814379486,1.7565123690422757
84.42457820176189,0.09217710415063729,11.371878375099165,30.06643922229722,0.12023768250098428,7.555453074330547
315.20405309230205,0.10928010279013799,15.373340756909242,7.3418635849801035,0.11459310419435216,1.850124615475175
95356.50966799786,0.11989166741240664,7.390470791128381,87.81989061860651,0.11079017697738837,0.4639999311821317
2.0236622173309438,0.10294932432232667,9.272283108382076,80.00702313053057,0.11539331847275136,2.0241237790287396
15.955114829927172,0.10685118761882731,13.38088416116536,34.770921186154226,0.1270513744783054,2.2942667485904393
578.4788879391871,0.11104790999830684,1.886492241546371,213.72883095287466,0.0941967360286601,9.293311431091519
243.16532131426757,0.11068239809205396,12.344035063661298,92.75248451651214,0.10920602358869523,8.152399701296234
130.36396909107373,0.10962120951563528,17.445667166668375,87.82591225580296,0.1004725484991067,1.321758685462381
46.4450220447595,0.11629302882747952,18.07513217194627,290.6535581384333,0.098493062446184,1.793708926250705
389.3957285280926,0.11017270265335394,18.52495381369009,137.17128325218715,0.0757550093172559,10.7882557629171
560.60740464929,0.10864814129762396,11.628021913570267,78.00383375912213,0.10122282079637647,1.1024394215227584
4.711313871353127,0.1108908069073469,10.172823069854743,300.6618062825945,0.09356944239147719,1.7541925861287844
9.545214962770894,0.10957686706052314,20.151954181687913,66.2415006616439,0.10240803633550591,1.7811452190117052
42.46242559941742,0.11163728274470608,19.272644880929093,101.36053813258877,0.09834738516752875,2.0572905233572754
13.27190637167272,0.10184498152463706,7.0404577089491465,64.6069526877859,0.10690945598464655,1.6633613970753691
12.720146564283667,0.1188891346801561,8.864469695575167,149.47463964063036,0.10853608010049573,1.6849737460113046
40.56133111607224,0.11587139547745362,13.184158977735667,99.98000000000002,0.105,1.9436553236459293
0.7834986156932529,0.11704592749790693,14.87073141576198,301.71363534373273,0.08125979264143732,1.3268164310304247
266.29893629457393,0.07924784067437791,9.253790506512633,8.185616487570314,0.10240553979065596,10.352704244449294
0.20275116289052172,0.09357935232571511,13.864542231112486,37.86369535609077,0.1314235457285608,7.301858059982437
2.3089886687183983,0.11148556100610274,14.958906501598998,55.71838897624605,0.09920713396706715,1.3189775714296914
17603.072764625264,0.048790257567588736,5.478587102370662,49.165748954725586,0.12230049769018572,1.6119925655555711
299.14658415960685,0.11169626734942228,26.23171533538109,115.81285118683957,0.11974320787182088,2.2445252725712623
27982.46117070665,0.028978999282342023,10.51294368339451,17.599274653996304,0.11046184378984666,1.857541221145219
160219508.69263422,0.02538599330536856,8.799944566918215,124.14663437517083,0.11788614623678972,0.4926657409615869
1.2127169880610715,0.10992001766601198,18.7466098537643,79.45227793039459,0.1048120998544265,1.8339385952434988
0.019941923419383528,0.11218585634711031,12.507102455434262,94.00765943912927,0.10480654784755233,1.6225330897282966
158.2945302652218,0.11265897649129956,15.248889235832205,63.49909498903139,0.11327360052041638,5.01473541272392
135.54333544339613,0.11635994658014812,19.692833181614866,110.95354210051141,0.10774297133570215,1.5474914919124343
0.0058242267310386585,0.11339842612442241,12.414886432956447,93.67984055841441,0.10422687080645623,1.5799970665488843
345.9731360164212,0.10352971915818665,8.03953128453741,12.115845095853274,0.10630598582661742,1.8930919779396067
110.73982495307766,0.11278205347657212,10.733183764433994,202.19076891115907,0.09913167812855986,2.3909966189367764
339.6323054340839,0.07967697145897153,9.246544723100026,85.77349588306032,0.08328674728272034,1.1475440208379055
43.59254781100522,0.10460257004443227,19.14897284405416,111.83615797273347,0.10238872366048052,3.073839647672311
58.9064214641887,0.10876180772637921,13.768858220837824,75.33710508984075,0.101555497010209,1.311414856353216
8.764831080770385,0.10778590052217424,12.772829945222647,116.43148108024104,0.10052298201478077,1.814872889575783
17.39013540042798,0.11223641048673468,11.304587362386153,75.60341104581886,0.10597155300676427,1.6785666615208168
473.42449946201623,0.11559988244510648,8.656182540663558,117.24826464329334,0.09467451193068119,11.899892952234017
59.12374295442058,0.09720382099592026,16.33342288814351,188.79071169501918,0.10510531590620191,6.987319004689863
56.96981152311605,0.09874012311409411,20.75276800044211,165.08721090229864,0.10136762266174476,6.766583327325229
19.687323265253518,0.11979006002164624,13.474876590602896,121.65415198239901,0.08603701880339498,1.2621911472840868
1833.6582258104636,0.07670549263714983,12.234074630164471,63.80458382351213,0.10703535593891692,1.3832174764331189
826.490939814237,0.10300546460600157,15.259861825356188,177.06473908059354,0.10384228287359283,1.5128448775427676
498696.04514584085,0.016346992747593443,16.51491169907031,113.7928450491844,0.10848436490154298,3.800927146861547
67.66167738451779,0.11537258542613116,12.771166599782335,22.069354800095766,0.11153860715279282,1.2086836508863943
26.928562020224895,0.10742183814210006,3.662813761078473,188.07625765897149,0.10950354000146126,2.1706494894732815
142.9022686549169,0.08960463377938077,18.498428987766854,58.22565322744725,0.09091245522738411,7.226627380688836
2.2646282707772665,0.10015650994901534,16.764193830326544,169.14992486019088,0.10066624072049637,2.5301589565572096
520.6096784105528,0.09454637006141116,9.79696080909034,35.84771371792385,0.11219739277921949,1.0843979477575392
23.418482704330955,0.11409778596247452,12.658531060641714,94.41319514791024,0.10583575983603878,1.8657067669193923
5996.32461216608,0.10556378426396576,16.979897368817422,266.9443755156343,0.13996869545672241,2.9514765135444767
1033.2529376360485,0.08897353510770788,15.183198475335534,204.7531123664532,0.09994701411554424,1.62427084027596
135.3489179451167,0.11906764866865524,11.325413043737289,73.19416054402575,0.09795860771390083,1.6468695562074114
1.0885339334556345,0.1119663447624652,17.39654357269655,74.19408832120473,0.10167311769731625,1.560420396515524
0.6924795043624734,0.11526571210718589,10.371658738022068,102.99203990346263,0.10482781629374156,1.5926510723398941
2.0585141787790637,0.1118358482901733,14.492181853888429,169.3469074325626,0.10239289899458696,2.015301480224748
1.356103144772712,0.11205403243278374,12.344035063661298,129.36628408626558,0.10920602358869523,2.093099266975261
53.56129923715112,0.09488344111902286,3.6237969213592827,129.489477931218,0.10895319172188826,1.77369919664737
0.7731563644873161,0.1143344966813401,18.07513217194627,73.38032977502422,0.11102523975915189,1.8810020884672074
65126.98830262551,0.024986319312468003,11.306970084683243,205.71971785143842,0.10573212938784143,3.369622131463268
304.2484377232663,0.11134733676965128,21.25195169526439,137.9649781005407,0.11604705406437354,2.0246770217818817
13.741133707656331,0.11406013369418058,18.946957668487677,109.1387317595487,0.1015008347540573,1.5877184011910153
197.66364261741273,0.11741010294787274,16.139247082809447,66.2415006616439,0.11175481773187217,5.161491244950041
0.500825007429341,0.10537902411244156,12.5058809864457,104.72508581086896,0.10609097406391335,1.8755857288130189
69.77007327554944,0.11935083949067818,11.425805321028069,59.35765317329418,0.10784596682826673,1.6633613970753691
7548.481412112157,0.1130898632941256,14.433165695880687,679.2622521963599,0.1048016032978108,1.521331534280142
24506.727962859164,0.11103854767459602,9.815570149572775,701.7755834431587,0.120125708563787,1.740950358056505
160.039418546998,0.10983186004129505,14.169196414059932,301.71363534373273,0.08125979264143732,1.9493675368849743
375.68684181332696,0.11446741646700986,19.04738177821168,195.72785325392437,0.07957114201089455,8.305440335961555
106.42072737491358,0.11356917194770995,13.856584744151071,37.86369535609077,0.10366357795682274,1.573149228099509
0.24675299990034893,0.1121485123428484,16.282402952153387,90.45251288711052,0.10435884548306085,1.6758663394621678
7174181.294591029,0.11253309686842541,7.851020560945516,95.70813111632918,0.09449624526583555,0.1055694871330708
58.16492173623552,0.11733645981370198,14.296452450387964,77.75430573138044,0.09953718842656573,1.1915844933095636
456.95781189213153,0.11034131775273215,12.371470438774182,113.64583338647117,0.14128977817517474,3.42773288424584
26.769559000699743,0.116126019121786,18.71422698114179,77.2114651865295,0.10488817563687841,1.4182241410308336
286.05095466605974,0.11403407765000914,20.188730790902664,150.0074305326088,0.0830919141009783,3.7229002391725934
12.565574105170302,0.11341147994711745,12.507102455434262,76.7976664404539,0.10134757699846549,1.5155879662621903
16.589548473050133,0.08350950964005657,16.89583404920254,189.75339219156285,0.09712061824837578,5.9317234697745
51.46489497299379,0.11254618300389829,15.350455330012293,319.4053748712003,0.11152583476309146,5.420777352870626
0.8950744090280218,0.11936487178612082,16.4652996002985,102.00060431142913,0.10422687080645623,1.5799970665488843
48.04093590377113,0.09784156157270239,11.937225516481138,17.2563178649213,0.12653108790130752,1.8930919779396067
14.768960433597854,0.10244932040908825,16.633958818125574,162.7115625801867,0.09582300973047247,2.2025439073387694
33.91800512366723,0.11391069563599937,13.239020140345575,133.52053294112005,0.10948802077623959,1.7929952989895561
13.150613241961226,0.11097909437339117,17.13545849921435,111.83615797273347,0.10601798676215211,1.801062784612367
79.19952340078682,0.1003739716813439,8.365175486540238,118.25109098736442,0.1052983463622641,2.6646306711848418
10.286571367790447,0.10778590052217424,13.949562451201691,339.6302377680939,0.09397257663673478,1.814872889575783
5.441848449525461,0.10134524773027444,16.98151937309376,101.37044354205904,0.09733945345418196,1.6785666615208168
1567717883.9021757,0.04135367262071643,15.0248712771646,117.24826464329334,0.08874826054711463,0.05164452087763394
95.21122551583983,0.1109455346640854,1.4404965156668936,134.75092889371246,0.09378526376023616,1.1728452754928593
0.6015628875872421,0.1133186913670069,12.91774103208445,110.94608439130229,0.10607223742439709,1.7943436810601012
781.9158682855657,0.08698670632220447,17.718906661712126,104.65030025354088,0.11587457616326277,2.1742950780234818
90.28178954374742,0.11095515334031705,24.585436221552357,77.67492410162691,0.1026623773758354,1.4342977825858076
2.5224427060039436,0.1115285122188346,10.994011536653787,152.85413600944185,0.10952638371565472,2.21266095038078
393191787.69171154,0.031178108067650985,14.032430120313316,294.1097173183733,0.10560654868074636,0.48785876680735196
108.9619809658955,0.0954627885052544,3.652308085723975,58.467216650555315,0.13446311123868318,2.2821156370010334
16.676288850888913,0.10925950546823526,8.348232039725467,67.40938578776701,0.14586650987419308,6.148243526269507
86.51103454777103,0.07521492929014566,11.088836718883277,84.85450803517881,0.1111016612292683,3.037826647809864
2.7510034706848048,0.11810463076445707,20.443584442134025,62.422653309260966,0.10373443546355493,1.487783950741509
1.0093047682927039,0.11336204834114466,17.185425856939027,172.04143653321086,0.10181631737172839,2.0431265672623304
110.43743537711441,0.11703194175759339,15.543892700828073,326.7482528044644,0.10257340209015818,1.8431163752324213
230.75569976454636,0.11243763045847721,12.896452954833864,23.875902233205466,0.10788488625432147,1.9771214945944386
2.2651846254001766,0.10689526412576049,25.930293805754253,169.69378790548984,0.09968828610443958,2.4614656875141874
1.2306253866944437,0.11769515743973279,12.200082643990468,65.60276072538477,0.10150692948361147,1.2495404101768441
414.6113480345386,0.11308829229500655,10.60693756384513,92.09684011574711,0.08661975005979825,3.293254896179486
3836286.6892429404,0.08091249645416357,2.7701161428098295,974.4470637813959,0.14792026187669016,1.5926510723398941
71.47167396344192,0.08229487175092343,16.595842085294475,46.77072493072427,0.0854292458634664,2.439506682256253
576.1957130646881,0.11681575168501108,12.730398234412887,72.63532256168446,0.10920602358869523,1.1101293773247747
150.6249089538529,0.09488344111902286,20.804447370289374,73.89718623336938,0.10161269058662387,1.5900798538525995
21.856681559110044,0.07782643498980958,18.07513217194627,58.467216650555315,0.09616469444188755,7.437844406816262
110.11575538178093,0.11017270265335394,14.218850553097019,56.44025792165843,0.10785204304948774,2.4282236794032186
181.19236054411698,0.10934423081462499,3.7017763296710307,127.7950423031603,0.10122282079637647,1.291452303595543
174.92109264476568,0.10817573948544387,14.018401349373638,115.9310718138072,0.1015008347540573,1.4062188720651232
4.055661171996086,0.11397572518773674,20.151954181687913,93.02082345069817,0.10862003366171097,1.8821973485840235
2548634.3405643487,0.11163728274470608,18.074557725824437,68.9448536799506,0.09501116581411903,0.145485776587865
2808.03889425567,0.0272030991801699,6.310083792033087,163.97865065702268,0.08807325336088204,11.868078646121822
3335939.050490034,0.01796231059045758,15.191966452999601,100.27701802089621,0.11119529661164818,1.5139249633008003
0.16200921068869073,0.11114676604010232,18.680986937244462,25.710148153834155,0.105,1.0770126407811436
273890900766.7287,0.014220751289535608,9.909385199796088,301.71363534373273,0.08125979264143732,0.19053891482792817
109.63002704720503,0.10082833890479836,11.870010214829215,38.995135674246626,0.11991051474840016,5.538640557862862
9652.948907615526,0.025291799720489193,14.612192667118554,37.86369535609077,0.07733773075795158,7.301858059982437
0.03915097388457595,0.10971318778518993,13.05452742156115,55.71838897624605,0.1046066879690504,1.3895984788073878
153.41157923650417,0.11360421685815222,20.190566043282956,95.70813111632918,0.1054859775726615,1.4407456593235777
187.76449755740427,0.11432885409572426,1.5026945720937146,132.96680067140863,0.09456103009770445,1.1331592195090723
304.7948446672543,0.11181788046738887,19.01022169741834,55.389263551397164,0.08545202093415813,3.198925238907488
195.878699894932,0.1117967092459145,11.72071727177816,460.33510072328284,0.10645280199337581,6.951763365888736
1539.1864632697257,0.10371223097327467,18.7466098537643,274.77656158732833,0.10147812079368163,1.539118314288351
221.8674531662141,0.11954327606238781,19.528312729108496,13.211327938677414,0.10159669880719133,1.2338445351243026
0.2170191598297815,0.09997322693600272,22.067965088513713,329.2308860966289,0.10026386981080675,3.6026041511207554
47.675736638705814,0.11004448442387196,11.87705379101429,110.95354210051141,0.10562042623458227,2.2413230319901314
293872.29806354863,0.02610155114536066,15.82017244887045,110.40058713829234,0.10744624186039027,1.8085618444209217
750.2987179059065,0.0863535323900795,5.9081558172961195,58.44329326208373,0.10001694328170008,1.1323255165974917
269.37416009006586,0.10271887396929355,16.17230165941365,8.540612145970783,0.1191198726458147,7.0419825881380875
4742.980503069417,0.1166430975082792,10.877860709620212,80.1371762194135,0.11833185547676667,0.9295316185201097
36.6750228445669,0.10847130519621426,11.228016625460395,110.90129287616469,0.10646769550780442,1.6195811748997588
147.73547334414963,0.09684041084594427,13.641627571880521,118.25109098736442,0.10068716292085528,5.409486437901673
1738.780485159387,0.11311507425399385,15.869098549322068,339.6302377680939,0.09870992216369939,1.3952365287101935
2.964386614776506,0.09095499096324436,11.304587362386153,251.67775285800354,0.10625889998944252,3.154245325386134
90.56653917411529,0.1055591180814191,11.252947769015167,38.46079939085217,0.10843343951033843,1.8515402926330813
3.302847659339582,0.1178508979186828,11.849363826900968,81.45391617552355,0.11717941281692817,1.9771783549861555
53.7954825153278,0.10932278943582015,11.668042431754728,51.915439256113245,0.10427961268129667,1.6312596165104614
118573.5443006743,0.11790895019547953,8.55447576135115,990.4704040516405,0.13975083905057872,2.1742950780234818
2.4643336476234454,0.11574882701206968,14.05348864933369,82.27720553944289,0.10263337945947204,1.417355559005328
767.1472830521645,0.11753315086746949,13.365834612154522,282.32172394861664,0.10384228287359283,1.5128448775427676
19.27819631421206,0.09031764090008529,13.702245937989048,207.20977268915266,0.10969268064428614,9.089547305341481
6.0114801907667745,0.11226932175431656,12.771166599782335,146.17452038468446,0.1088588385278026,2.2821156370010334
452.6325297611937,0.07304394471216688,16.17230165941365,123.41531878658418,0.1191198726458147,7.0419825881380875
2477.492693185318,0.11336779434499078,15.799214850285665,221.18244514412203,0.1134924571188473,1.54261073238378
313433949042.41455,0.012116499397105275,13.383841318066223,265.1235234288114,0.11016665868915601,0.12353200506670703
32982574.014740936,0.10917236473361505,9.348744526225984,300.8041751243179,0.12153902961289773,0.11138761803334774
365.5040999866757,0.10049436882303735,19.94130605322603,289.6230881282223,0.060793252481832455,9.660705406164965
2009.4651425114366,0.1089225291644753,11.371878375099165,113.48197922660381,0.13996869545672241,2.140793892325073
560.1271683241796,0.1114229006796233,3.5433016095609347,88.12065852016417,0.09450942924658559,10.35575103195149
9.747591627800636,0.11584044000423965,22.19483142355968,79.16876358578594,0.08740152198011084,1.1486541408448927
2.4428082361080756,0.078588991700167,5.506319388564648,60.34639621789148,0.09603777606628991,1.5995560748402085
56.390370801036234,0.07752059817228255,14.344722964167179,8.389040707120216,0.12062018674648901,11.088982693504796
85.6015965003462,0.09037563789797659,5.808154063220959,110.06851537818767,0.09315087598905936,1.9203143510461693
493.3331621933105,0.11068239809205396,0.23569049077819493,53.43446821516608,0.09365978193807262,2.093099266975261
8728.227304063868,0.03934178804784615,8.884770384259511,786.4485072102393,0.1000148917238104,2.9878650509095617
4996.023106118405,0.11689828297380034,19.315500922622615,213.02155048764644,0.09616469444188755,1.0675342265627688
0.3972417223232213,0.11763968000290304,14.218850553097019,602.0301827208402,0.10785204304948774,2.986997286321766
336.11293172743564,0.10041307378290358,11.776228706239468,303.9194148936356,0.0864423154315426,9.262182708955695
2.6856598738405193,0.10817573948544387,10.588526270808533,111.96415902577161,0.11006344334213111,2.0884696122741238
192.45978843823923,0.11443442215566624,13.301472720071262,27.635098378731925,0.09765841404462686,1.4276424159546544
3.1378635970034825,0.11163728274470608,9.558516041686767,114.09526378905923,0.10096365048276595,1.5851044144077413
30.937076951297293,0.113696377442285,7.402496904124738,129.15859752370437,0.10550371461387682,1.8649005181736378
84.6216571506987,0.1089794216622469,14.433165695880687,39.94375315439305,0.1048016032978108,1.0714229278499126
2.1348218183980032,0.1159838702559245,23.50078552625224,58.48776924541801,0.11228865575256837,1.9279527896978115
409.0879350420576,0.08124164905824807,14.87073141576198,301.71363534373273,0.08125979264143732,1.4498203129912914
6.96023806371373,0.0893063680552334,21.86848639981682,195.849327699414,0.10046642442106277,8.98499735815847
12562.770851781035,0.08392488307228649,19.34687077053774,66.0770484073957,0.1314235457285608,1.2701021998284094
79.0005361811348,0.11890178449283306,13.05452742156115,55.71838897624605,0.12079920720934109,2.613422113662468
20.045451691765344,0.11925804268534076,13.022982707710634,98.59844884180012,0.10233401529528484,1.3623074923002187
161.49591549684294,0.11566283281889511,26.23171533538109,51.053367468435226,0.09283530335815726,2.4382570619845048
83.24919210321795,0.11181788046738887,16.13606541287747,64.09332794330777,0.09973719508545478,1.857541221145219
1.1327350480960314,0.11847597351302622,15.391395135144887,88.04722510289218,0.10739808670889621,1.6720349487596158
923.5069547642452,0.11945925928385287,11.766484306590831,303.884883112336,0.10147812079368163,1.4213576067866844
40571.21953130943,0.05345165820595839,21.36970535787271,332.1098206205005,0.09960502547816413,1.6225330897282966
226.40479342632625,0.09282292460976596,12.150548956807128,37.31998034210761,0.13436775781671734,2.0000530516554376
53.066336242450845,0.11004448442387196,17.26734156073186,176.1096897497584,0.09873720782914028,2.557462402636981
21.96335452732702,0.11032982451896842,12.414886432956447,83.36179698799748,0.11248157079480803,2.267101753480384
120.48559871323482,0.09715202799799644,19.858226539035503,114.41685600070315,0.09683184880996129,7.510693581341862
57.71790681198243,0.11496665616205297,12.995895753957727,202.19076891115907,0.11859141209498592,6.139449653833575
454510.4465213808,0.03695390852528832,7.1400801129308675,742.2813043843414,0.11833185547676667,2.0565466599476103
1546364.078368377,0.022554432437513726,20.759133093440262,111.83615797273347,0.10053914616006898,1.3159080158975875
31.534224728028697,0.11152418537860227,15.687854300042854,458.5300999742071,0.08996892447033647,2.104911515202992
80018.68404776866,0.11054730650740183,13.27979227277753,860.3965112100028,0.11019920048189745,1.36138725500994
3.0214633311383925,0.11403055632892967,11.454775926009805,126.6239656094964,0.10560372709107826,1.8308736798634389
39.34871806780273,0.11625103407384355,5.556234414888996,117.24826464329334,0.10878029749170373,1.8515402926330813
124.54237367649907,0.11235742134014093,7.8584887012481826,129.37540606435738,0.11413554303525512,3.5064354787906247
121.3262568616079,0.10718171930884085,23.448496206232477,41.31823505060265,0.09666921269059772,2.454009610677719
4892.86467302322,0.11188226846976645,1.9744159548189817,121.65415198239901,0.11289321049464249,1.0829047239098086
8.514562844405873,0.11216005183873669,20.936233695330678,172.34142304243363,0.11033706067387666,3.7047420635871005
56.31567829878658,0.07773241725375683,8.603824155539908,20.756168628247053,0.11701444630028064,1.5128448775427676
54.85525246288571,0.11986686542645436,26.107873096510673,47.12209013674283,0.10969268064428614,2.1613847568246
42563.00233843198,0.10748696739946792,12.771166599782335,339.97078030500745,0.10358918940378203,1.0653429426342882
169.26315902356126,0.11632272282078937,12.902564694596677,123.41531878658418,0.10492070200570805,1.4031099639981157
212.0165486944494,0.07521492929014566,3.370520489679242,48.81668940784317,0.09552684050582175,3.0671980052427212
67.58606017964183,0.11957741956065977,21.860253800890156,65.81360108790761,0.11001593872118823,1.3606859872193668
323.46799666616585,0.11702645423175193,4.94483310147449,30.726671638771165,0.128754130886049,9.886100732719424
13125.455373760096,0.09693190847123209,15.543892700828073,94.41319514791024,0.10080680253778374,0.8774544075467743
56.102623420105985,0.1141836511389951,14.848672427684432,108.96039943057002,0.13996869545672241,9.139426217731486
2526.584563792764,0.1114229006796233,16.00591693272563,263.2870495866132,0.1004043983974625,1.317767827159642
0.10155818133652394,0.10517730994153052,12.200082643990468,111.3572173362648,0.105899638866901,1.9221356188260383
78.72408752963823,0.11983904090235609,17.330835690139132,60.34639621789148,0.10416080357749402,1.1439324519119483
187572.44441256046,0.022723917657356665,20.063016709132253,118.44097364482428,0.11280777303793846,4.504851682577894
240.2072979214482,0.11925603561614245,22.43182242078165,62.679326703764616,0.10063721380273574,9.293311431091519
12.825693233393777,0.11068239809205396,12.344035063661298,272.0358680593521,0.10920602358869523,2.4110614348913058
0.5620414211143792,0.10956811937051088,12.29731272411333,119.02220598982984,0.09488375323350923,1.445532622972534
473.5734640726489,0.11608643081273477,13.18862556827464,246.3205537829342,0.0780111121584918,6.851777351558164
18.315363023450956,0.08235074876532751,21.51494342476849,163.1733205774492,0.08704885077498623,4.352917164861171
0.08380067708272419,0.11199772125722943,15.819951280257213,86.41072489378013,0.1012025647166695,1.539333938685786
4.123986676231164,0.11526493422183877,5.723514278991805,114.33976006177414,0.10815669735101349,1.6592471674861322
422.1691277250751,0.09179679498021434,9.08413139544982,5.881105415944944,0.10055134576758,10.418782169441158
130.93287344709688,0.06395334767225011,20.367158441976624,68.9448536799506,0.07150017027530534,1.5851044144077413
177.6419951618094,0.11759795198428535,12.048771952213663,58.93483838253735,0.09637237344303248,1.6633613970753691
7.429148296215607,0.11399379863113142,3.354339615959571,154.76281126595825,0.1048016032978108,1.5532478688157632
104.19596209717483,0.11303378593766564,11.505901989233331,98.00204174284119,0.09328402531199792,1.6594999999999995
238.54929416584798,0.11479748604277679,13.42311774440427,141.54038726785586,0.08125979264143732,1.7722466795456437
1214.3931419365244,0.11366234882527854,13.870454538522603,484.8126491267918,0.10240553979065596,1.6333003163584383
39.71279025270009,0.09357935232571511,21.43131855948209,37.86369535609077,0.1314235457285608,7.301858059982437
54946.024874023235,0.035390129873185974,8.388050098393732,160.1700622466658,0.1046066879690504,1.7781980302965206
26.515519773021072,0.11360421685815222,13.022982707710634,95.70813111632918,0.1044711775277529,1.462936251613101
17.277350853894326,0.11566283281889511,26.23171533538109,97.4422825247251,0.11490923949284046,4.813205714153143
215.58203755735116,0.11319288598488997,10.539688379425595,113.64583338647117,0.09939622603795359,1.2411103951412699
150.9162974279385,0.1018027925089508,11.672680088550731,179.14993837897265,0.10558615098576328,5.9121052834138865
147.81028904638708,0.11403407765000914,18.7466098537643,93.14677403402646,0.09674197842832669,2.5478096967477653
74.26935589940786,0.1184215020847457,18.659411944226395,114.78046234827121,0.10480654784755233,2.5856467873109192
110.17004963409545,0.11465768418565758,7.686835333810668,88.29191152390479,0.10651386743673148,2.0000530516554376
28.567894098452875,0.11788988129118963,15.350455330012293,92.31181187300376,0.11152583476309146,2.2413230319901314
0.019442729499707528,0.11339842612442241,12.511111334101006,93.67984055841441,0.10436270684603116,1.5912648253491035
89.97870839171296,0.11512712269568741,9.497922282065622,114.41685600070315,0.10167931354561317,1.324290698355008
0.05896425486301468,0.11317641949157523,20.549509025602816,79.39525949130575,0.10200284545777864,1.6129669407909066
125.84542176682567,0.1166430975082792,9.025391083303802,85.77349588306032,0.10615171399274795,2.0565466599476103
214.79591694320376,0.1150984577430803,17.9378834476284,148.7076071299138,0.09481034455636209,3.5310009869181713
0.33823618754990165,0.11104217130082944,13.586920508480153,68.73510333082135,0.1039682051366176,1.4584907823035724
277.0978229124657,0.11393443226514108,7.199217015616274,112.24839093133863,0.08579193174997546,1.686141798819258
3.8360206610081304,0.11178980568596947,11.304587362386153,113.56136341558948,0.10676772590759644,1.873788823907951
65.53679262981646,0.11081130708867551,17.351097906677747,42.66750390354065,0.10649071679473476,1.8515402926330813
13.695043830036571,0.1178508979186828,11.266966779842083,62.9650946458965,0.11717941281692817,1.5079328859077599
53.76238933364125,0.10329489566268193,23.448496206232477,149.24351654508177,0.10131607586904115,5.697934050176224
11.738486117132599,0.1121085927963153,14.672702811164935,84.75633342244993,0.09450145641008881,1.2593592594875451
96.67708396119944,0.07670549263714983,12.150266024212709,11.472718541740107,0.11093777519165825,10.266137082449506
194.72020125654063,0.11539499537821858,8.141019262420551,78.28059469746353,0.12155036512364815,1.5128448775427676
7.04537847326575,0.11004703703023569,11.251583472889267,71.77971874185033,0.106458843596963,1.6400127903850805
1.7515555862296739,0.11505211448198874,12.771166599782335,68.30149525059022,0.09926313877197204,1.3171867057794229
2.0976559103632733,0.11552310179290795,14.413688769199089,123.41531878658418,0.1051383900607167,1.8537339909511603
3347.2568653105445,0.07521492929014566,13.170207226566724,57.74974174673537,0.10079646020548319,1.1425749248791028
11242.724220547947,0.07518884506146535,8.594141646931151,126.02601364924573,0.11543821527850277,1.4613320947806265
12.523282109169905,0.11571159584636158,15.503238909171355,74.81158827373565,0.10436758125364438,1.6364065886043457
7.6647763441111385,0.11201182369770907,11.759306498053535,100.04453218150229,0.10693882979150852,1.853420745832807
699.3157641617705,0.08855406946661666,13.836423259659945,208.82232847763504,0.09115979048027703,1.4254533460785197
8.032567610983378,0.1114229006796233,25.930293805754253,119.21428483659679,0.1004043983974625,1.9028797440817797
0.13915498010076244,0.11371296289246598,14.801793649435492,84.92418607023723,0.10389130097891171,1.5553446124441006
525492.2351892224,0.11032227838048529,9.084380593366062,55.88693007031998,0.09551278867928459,0.2528789698342706
3.3010563933685892,0.11080324697457461,11.89103804559089,106.33432237749332,0.10337644371372201,1.5926510723398941
24.75308061922386,0.1191544124648893,10.19804091872475,141.9540557969151,0.10239289899458696,1.757154507980598
621020.1650431493,0.11540049980031455,11.606732936916234,231.04531212986757,0.10920602358869523,0.5093895798574577
183.4218047738887,0.11751908167221034,13.108650087357653,209.76714166014256,0.10118276863211963,1.5008616974217865
397.22423593811334,0.11475146457988974,18.07513217194627,213.02155048764644,0.1042088555594004,1.6034668118780413
4663.5809061989185,0.11017270265335394,11.440679988773754,990.7345832013729,0.10785204304948774,1.8006969114882558
0.682900080428427,0.11199772125722943,20.55879679821224,55.1340145149818,0.10928366808595381,1.6219414812518238
179.3849253119114,0.10817573948544387,19.039483917907425,146.3478790302749,0.1015008347540573,1.5877184011910153
0.6687874992970018,0.11397572518773674,20.151954181687913,70.11750081631862,0.11143796510986549,1.8431929945374144
79.75671288377563,0.11084693102089188,11.519809297729406,68.9448536799506,0.10096365048276595,1.7474372545464743
98.30017744960078,0.09535083523439081,19.63571056979959,103.8234640095539,0.08922689907998,3.1455416129522185
560.822616165274,0.11475853957552823,16.214123971186076,300.1583554584404,0.1048016032978108,1.6849737460113046
156.2897953770452,0.11400000000000002,16.026528117412255,188.48558924166696,0.105,4.884876822492036
0.008223353895147651,0.1135758706137733,13.697245724550768,91.57973967219334,0.10381794673021383,1.5805739452159413
8382.279747744371,0.11045391426147383,11.136880126076628,484.8126491267918,0.10240553979065596,1.3559358166969506
97.96151267111448,0.0997418685267888,18.069497497596366,152.84043779145765,0.10218639573507916,7.301858059982437
1.2242422059601,0.11174411860324207,13.17104628515491,113.07578698133148,0.10824591486197821,1.9818275229297182
0.05784257492766516,0.11415945454960225,10.406205655457459,95.70813111632918,0.10245202248324259,1.4829791500891272
0.5782260518421911,0.11483225457109947,11.744367293323654,73.21259469294637,0.10669390565539838,1.4598375036377895
3084447.35721212,0.09222038425133736,12.371470438774182,369.426827234579,0.10965114982340939,0.5662200307760248
635.5952202732399,0.11278603650582122,18.71422698114179,114.83524983178609,0.1183590798547071,1.6690903192400874
11.988362947469207,0.11635212334653591,14.866225585329767,79.45227793039459,0.10147812079368163,1.539118314288351
129.55469037721406,0.11354937102176282,9.81178118282052,969.7001383814024,0.09470410408872296,2.821344595691163
0.027410999810142805,0.11172120568786575,21.965647670910514,63.49909498903139,0.11392575946194304,2.136415930293714
17.47129440516029,0.11584731455091896,2.1340693664044146,126.22905474972777,0.1084711721224587,1.642655895552319
232.3882996238118,0.11433946292747935,13.269618916306442,35.421320254766954,0.098437660773255,0.8351489404498729
6.46245007971031,0.11689553361623872,20.343963999822112,145.45377737177654,0.11524477703721207,3.5949927434550975
27.70809990656898,0.11245754651982678,20.549509025602816,79.39525949130575,0.10200284545777864,1.4482023526152368
0.04536785354871207,0.10811386217126151,13.239020140345575,85.77349588306032,0.11289468911962636,2.0565466599476103
153.0708792904395,0.11695084912811105,25.086888472978565,111.83615797273347,0.11567602103395457,1.9488220490092356
50.132782256224644,0.11954222285985353,23.92858641287674,118.25109098736442,0.1132191191600051,2.006234753515587
137.20033940799237,0.10778590052217424,22.13845590699769,339.6302377680939,0.11344450332453392,3.444790652965671
0.5078699824921059,0.11559285426121402,11.304587362386153,110.86411467758035,0.10821488244994398,1.7199456054534377
94.66515809256961,0.1158518016471787,23.66623023113776,53.16455836910416,0.09638669110036496,1.8515402926330813
455.74886810003346,0.11558767097783712,5.5848826615647,127.4609755694425,0.09670222958811797,3.9632465235417476
19.95534299781987,0.10029650031009468,15.83159192337144,197.85889871071078,0.09764975007344709,2.6185549985142442
36.32882397299896,0.11456691968856324,14.672702811164935,116.97034975107943,0.10751832106026296,1.6558557134467389
194.2220864710091,0.10852190830706182,24.585436221552357,40.858635174846086,0.0945977040345932,4.96179154460559
68.7202016888146,0.11539499537821858,10.243868905609734,101.40942123025098,0.10384228287359283,1.902435008839701
196.47767403400223,0.11596823758669941,13.084651476833619,64.64678299231832,0.10013734140841363,2.1500426638014587
73.12337762144841,0.11223060150987477,12.771166599782335,91.20903981951375,0.11153860715279282,1.5760974167865456
29.395883103439076,0.08205838949062579,16.192936824342155,123.41531878658418,0.09695364408456145,6.109159265706966
1.4057325372308105,0.11873412212560192,16.369342607661522,87.99492833676976,0.10734415422923606,1.6966432570716954
8.156768064999344,0.11929228298895629,5.399678279895749,153.67610842892208,0.11016665868915601,1.6867731758101456
12.607513565862106,0.11223060150987477,14.870577752566032,91.20903981951375,0.10566111842784834,1.5760974167865456
1605.7089173229247,0.11201182369770907,9.361532733927959,676.3967131067241,0.10583575983603878,1.7565123690422757
0.42037993399206763,0.1116157673949662,10.615968035083881,68.99363573856539,0.10743411378439394,1.4816633764851623
10.475902171440683,0.11325653608252555,18.987167277272796,64.9144512249556,0.10289132011048338,1.6401873087932461
95.70495929118366,0.11929228298895629,5.399678279895749,153.67610842892208,0.09852095696080518,1.6867731758101456
196.62493050570825,0.11709460770533697,14.69290430487363,82.53810187350672,0.08661975005979825,1.6422951413681925
178.63752344438205,0.10853997589319345,20.932286355164063,34.770921186154226,0.08821283126400456,1.7885788473178827
1097.6982361406403,0.11556654227125233,23.522095166398714,98.09511084513855,0.0928301374394927,0.9950787267533832
2610615.0334525066,0.11068239809205396,20.450727268064284,99.68414925647562,0.11646928432842343,0.15931503176366313
195.6301884285763,0.11317102258906628,15.543558632316937,91.21320638845401,0.09936889695511106,2.9878650509095617
1.8646156590362561,0.10471078134046295,14.725663892104787,104.36665596132877,0.10626189255580805,1.9682377091494487
10.450716274384128,0.11925980097559946,14.218850553097019,84.0661322770431,0.10566588454229091,1.6277263672964093
0.017596386181659946,0.11345273948541328,15.66619367711309,96.06110789355643,0.10536699982629137,1.728607633485435
0.15727071972878567,0.1120034527204671,11.869670935481489,93.96101084249432,0.10622614296051336,1.6771949411316642
8.769293381388074,0.11516290384194681,10.604052359105584,100.6705128915346,0.10055134576758,1.5256947855413472
395.37063730824616,0.11524066617402609,9.76472275059065,12.172459211576893,0.10096365048276595,1.5851044144077413
78.56374731678335,0.10145591737269594,16.281242664830618,179.24380302108148,0.09604766593587943,1.6633613970753691
74.1098438255516,0.10778285386721527,8.606420690488829,12.044500805459393,0.11043778724567685,0.6281628952838716
0.030270951867703448,0.1159204222975247,21.9379640752916,49.2841176353507,0.1002115033655781,1.2795325917650722
9.718331298217342,0.11244708974039952,13.697245724550768,91.57973967219334,0.1074046426013822,1.9049565534777075
216.90294112205035,0.08660160796853049,19.04738177821168,59.20571353500867,0.13041075982654665,8.294977220380298
58.13714312111911,0.10708841256939398,13.864542231112486,37.86369535609077,0.10948206553251566,1.7904293475180486
82.6156823554783,0.10876881901946497,13.306369860068248,55.71838897624605,0.1046066879690504,1.9512580166070608
40.95914082981884,0.11360421685815222,8.598437656407846,139.34287133703197,0.1007192563792844,1.7927641863777568
125.48680209547095,0.11470145372865755,26.23171533538109,97.2980883089283,0.11974320787182088,2.2445252725712623
8.626534301794305,0.11181788046738887,13.995377056723282,155.999179990686,0.10281245591826521,1.7722703037995933
128.19456555460084,0.10880399680495624,18.71422698114179,100.37713062152551,0.10751671060453152,6.951763365888736
0.9928327964660696,0.11354452929284933,18.7466098537643,79.45227793039459,0.10114428204220749,1.5031173965741997
138.53767631036027,0.1148373270110585,18.689862384457328,74.20767144560392,0.11829944634925768,1.6225330897282966
71.3668839200501,0.11737528316248202,21.965647670910514,63.49909498903139,0.10174433809913318,1.9908756301174302
186503.2294170526,0.11004448442387196,10.3397564999601,555.2557789799021,0.10693593536723375,1.0133703497056903
1313.0564750942854,0.04735726053147472,10.265695471438999,10.350656693386327,0.11101007312324593,1.5799970665488843
0.03635400957982765,0.113977935721781,13.580138507249309,102.29273169922271,0.10521589160366054,1.691032348072552
92.68911349221386,0.09439764461040581,11.73155077820844,79.39525949130575,0.11293500661092673,10.880001271493303
40.253318047558146,0.09896399986681406,20.947847235521724,215.33585908225587,0.10279514560291181,7.595794719064305
628.4865989876514,0.044367581636410414,6.323218514327515,25.999544072067465,0.11242083194281952,4.466157551315965
86.60818247204207,0.09824550357590918,11.258690592666465,27.633139108467333,0.12739276940843505,6.903567375293364
151.96681998739862,0.08599275909243886,17.2157744126186,391.6328653346093,0.08579193174997546,1.814872889575783
149.09155875927974,0.11223641048673468,15.747116728598712,67.70566412693563,0.10129560971699166,1.1687387544681371
18.99557023992291,0.11559988244510648,18.697339473135916,117.24826464329334,0.10713767010382509,1.7811020324494375
242.24727077812452,0.1178508979186828,22.844255401527867,157.42988816561456,0.1034855175586869,1.5400481139719897
21.360630484368976,0.1144920308331357,23.448496206232477,391.6170145724397,0.10157864668642366,2.4876570355582714
90.40756890824659,0.11098380458685927,19.11708430010751,63.23566146271139,0.10030413392778052,2.1742950780234818
112.78401349299125,0.0892123348718917,15.085801442754414,180.93269664399338,0.09284145045020184,5.1025098265742725
235.497098677486,0.11539499537821858,10.243868905609734,622.9784614791921,0.09930748300999237,4.090853841521906
249.2615530758354,0.11179719883778944,18.997271005482066,113.7928450491844,0.10969268064428614,1.5994623012401972
376.5010267467535,0.11618456410761352,12.771166599782335,124.98202372564396,0.09980840068091926,1.2238221544802474
10.903105318385318,0.10925950546823526,17.954759854506936,359.9149188305358,0.11116036647780705,5.419860782166776
73.7354948271376,0.11873412212560192,16.369342607661522,136.4009547383626,0.09933200003427148,1.3963167857787715
0.31415237278227137,0.1148097977895724,11.114433303565278,96.68851093063432,0.10343806934122626,1.5025784311418864
88.33903208266939,0.11702645423175193,9.71060200720788,158.90992283719316,0.09878588457938864,1.9251115941710992
105.48121347757099,0.11623479511997965,15.543892700828073,94.41319514791024,0.10498085385246712,1.363919154191641
0.10848813951759492,0.11740706843458978,15.773911542949051,154.8218441541951,0.10404340452590453,1.8890348197083906
952103.9726262826,0.1149247087856778,25.930293805754253,942.2537714752499,0.09363295891093626,0.7914228206736738
12.323386358749719,0.10517730994153052,12.200082643990468,116.88713216967432,0.11103235483799673,2.0619281518245467
4136.721997320107,0.06890904932115123,17.39654357269655,94.11817392373013,0.10512162404165923,1.5730686596544512
403325.01081267727,0.01892317534397018,14.263619452784035,197.29241959641075,0.08496676626025298,1.5926510723398941
130.93096748406816,0.11295489460082911,23.522095166398714,95.66496316973632,0.1048684400035005,9.293311431091519
1.9933632787760125,0.11068239809205396,5.056519688377046,122.11429045709275,0.10790840325809244,1.6712399476708732
3.675875698742737,0.11344909942417261,9.403345651107681,83.7167410068667,0.10197628110072485,1.355570505893695
352.2961204797849,0.11500348207428722,18.07513217194627,213.02155048764644,0.10195126706377375,1.5488402830871468
166.21588424799072,0.1006905710027696,13.499542784838905,98.17200330753616,0.10155624135457805,4.5373122077508485
11.79762644042249,0.11592122823468869,9.71060200720788,158.90992283719316,0.10536699982629137,1.9251115941710992
0.015192988145286902,0.11513657088317517,14.028111397067706,115.14145010535862,0.10698449854434262,1.8171377957773363
56.956331132318034,0.11543899032827148,20.151954181687913,124.36616754967179,0.10835868899994304,1.7926134642574203
7.498336816751695,0.11273686465685509,13.361446573862617,67.20997812014696,0.10578421149313721,1.5851044144077413
317.2905072044657,0.10325472097636255,13.82802491181849,103.8234640095539,0.09052565855499972,11.937332534134475
52.53138595314191,0.09573688614915304,15.574474266638338,207.3689429322331,0.1058653944270876,7.566992130407037
0.08670577564202894,0.11236128829042397,20.405532400994648,80.78671704167459,0.10257704241210963,1.6594999999999995
7.21838921784283,0.11295758826435767,13.697245724550768,91.57973967219334,0.10335009454745037,1.495570378759715
3.519194439716832,0.11317612297815287,4.739390441180692,112.46769285875035,0.10711377017602727,1.6053858213497767
138.51728690814403,0.1157691614952672,2.5134562531612428,125.16565771135731,0.1314235457285608,7.301858059982437
7.319843643652181,0.11920027685451776,13.686750727368507,74.36276241471973,0.1046066879690504,1.4899493098681473
63.079698903862436,0.0899411878031711,14.398752771670143,130.50245404906252,0.09976094099518285,4.578936510184094
627.7633145390685,0.11514800126030694,20.333443071724524,66.48649536769597,0.11974320787182088,1.2976632369526957
14.180039254668813,0.11311638418538736,12.371470438774182,90.91779317684387,0.10686994128255209,1.5354740338195239
10.637797415726206,0.11264807024863518,18.71422698114179,113.67638493365916,0.10942610611189,2.0107232784054734
7.303086437093695,0.10983155849326029,15.724712149730646,60.051378335170796,0.10863935111695097,1.51402913527685
0.008922455070346148,0.11488787257102256,12.639572204572445,108.3747375378993,0.10552976145068393,1.6854870711267163
219.9376666606061,0.06455995728259263,21.965647670910514,28.53538640565597,0.10661065298576994,8.473369521544637
14.385191547004823,0.11483522839568558,13.166188443076779,108.48831420129636,0.11152583476309146,2.2413230319901314
0.04546034019366857,0.11339842612442241,14.3658552597327,93.36524648545321,0.10469058603127825,1.6533081231089453
3.9013331047206483,0.11483438410609137,12.358941657764065,102.29273169922271,0.10521589160366054,1.5692236564198225
9.103122976228104,0.11926855594865363,15.161698245714794,74.53227678034278,0.10218967939448287,1.295052580790772
352.3632205177598,0.10811386217126151,10.20507459332801,623.9168558327194,0.11289468911962636,2.495833811437355
10.40379576113279,0.11357174596197536,11.079209425444091,94.28450564005288,0.10646769550780442,1.5231466867193255
0.02740532397056136,0.11267516046752037,13.64440988094479,118.25109098736442,0.1064048851189791,1.8598182376937
362681.56669234176,0.11333887623412703,8.796022763078373,94.14892865169486,0.09661789882036126,0.3719383384683219
1.073027988116432,0.11096410378425328,11.72097021576955,106.18840511549882,0.10610826949169504,1.7923900762485498
0.8976348698571344,0.11121906401416484,10.992613403923064,117.24826464329334,0.11047813918808072,2.031801173740273
202.45171743175194,0.11347604990898003,15.031144609751607,93.29858073536144,0.1041368322383563,3.9632465235417476
13.44371159822581,0.10889650302807133,16.828718257033245,61.7453416048952,0.10131607586904115,1.6192127989162497
45.17430762199084,0.1150081472970758,14.672702811164935,121.65415198239901,0.1069747306209356,1.6311844101551225
155.20804361302447,0.11732877996227561,24.585436221552357,87.84895918827038,0.10143956536929646,4.96179154460559
1056124.5601416873,0.013189895591770646,11.394052049840615,34.68742381970685,0.1136547372159879,2.535271521638195
62.50387431214216,0.0919365331824024,15.200309118128969,163.11173018386273,0.09930765669911168,4.700933120537018
484.5552520703616,0.1123579996889604,11.799208537390136,124.98202372564396,0.11153860715279282,1.4791386706011176
107.4993136014483,0.11490830281176999,12.791959697142758,114.11793607803975,0.11116036647780705,1.604652077388323
7664859.488823715,0.11873412212560192,10.148629402603095,243.1401153683965,0.1140164568401013,0.2121130012775163
40.603636740987184,0.11391887633211639,15.824546997368776,302.07995170790093,0.11127139835824836,4.681695687449856
13.091990651960003,0.11897430875196123,19.045114549578464,172.04143653321086,0.1078434971878249,2.617045935126777
82.48643125114256,0.11201182369770907,11.88550693203168,78.53317578514611,0.10380279648046108,1.2869062161723521
6.299111240749758,0.1123256794632192,11.310957847642548,57.64540151745575,0.10404340452590453,1.398180075665218
439.0886754416913,0.0998401898753827,19.663356549778236,167.47865373033477,0.1004043983974625,1.62427084027596
0.4789556025602197,0.10848582687567956,12.200082643990468,98.34521746647118,0.10477481561699879,1.6925700768684306
149.0265568074933,0.11380028663662352,7.719525747483048,60.34639621789148,0.12067438801964384,3.293254896179486
114.147363932979,0.1147852721352072,20.063016709132253,112.90533551491734,0.10675641825797194,1.5855237725399407
170.00324183301342,0.11412586031976098,23.522095166398714,60.98868825234956,0.1014305492716279,1.1573658636026938
221.58022479199187,0.11168889663738815,18.796689084252566,129.36628408626558,0.08711539068545035,2.802570251684263
39.201058223479876,0.09488344111902286,13.114323395267055,132.2291388683974,0.10096499430221934,2.9878650509095617
2.9881293504792312,0.11483508149843882,13.608768065548286,99.67328667913654,0.10145646376279639,1.4774041247842948
12.102031996610094,0.11388266314554187,6.112500853270053,137.91635948107017,0.10037595032051642,1.5700058920365736
99.80687755087465,0.09997291512372392,14.800124357457621,176.01859934037157,0.10470436854495502,6.2036374941239165
7.538050010135187,0.11310816737547313,14.028111397067706,115.14145010535862,0.10438944346466889,1.650999611515397
103.40365402112155,0.11184092593781284,13.26193850624012,66.2415006616439,0.10055134576758,1.8658216699435588
51.23110784179186,0.11163728274470608,12.157494097036745,115.18354364944372,0.10667516634494201,1.5851044144077413
19.285892384657586,0.11517694973879045,12.00303432596672,100.07092413682648,0.10140965047092135,1.3839123594960698
1.2814382003922442,0.1140694976668074,11.763328254646197,84.85349264507067,0.1048016032978108,1.4856352009431042
265574.7227520247,0.11225846162589298,8.348213821431793,71.685803979713,0.09846778574489246,0.34952247479035314
71.62817688565255,0.10322985488864933,13.697245724550768,91.57973967219334,0.10091002560213086,2.3947482501751587
310824.061707937,0.013257190672507663,12.61774053105023,62.05016753678615,0.10240553979065596,10.349419359621509
146.67449952660138,0.09357935232571511,12.326344193098752,90.55896912536019,0.10387989775723389,7.301858059982437
0.010780214310666815,0.11479731279063665,14.219799010560152,108.58576245105314,0.1060653230936776,1.7552046451145795
1.6315590545733407,0.11360421685815222,14.258158061592585,132.45557854345157,0.10286419995668171,1.7183579218723999
115.42803013059242,0.11669763289103088,15.69988872619936,51.053367468435226,0.10997236264714566,2.2445252725712623
53623.07359949586,0.050346095553352746,13.530921573565335,292.26764374218965,0.10686994128255209,1.6914593081885343
405.55882367245846,0.11301568126205513,2.224915257665094,146.93306740870804,0.11146652071156081,6.951763365888736
7.702717391005125,0.11343495048969873,18.7466098537643,92.88949180432905,0.10147812079368163,1.539118314288351
0.2867769819435797,0.11488787257102256,10.718929788692387,101.68843400371776,0.10501700728726215,1.597453938696539
93.17296368337321,0.11172120568786575,4.737007878627043,114.65355497298037,0.11392575946194304,1.596679526129214
458277.7016188939,0.012053564887960964,11.900677422769636,195.77187262556316,0.0912770843306365,4.041735201263608
0.012109548428114819,0.11339842612442241,12.367578657378484,79.60876371447785,0.10236521395314108,1.4444704604797876
82219.4397407237,0.0327947792074387,9.507927827286872,5.0564725164707625,0.10801293803747791,0.5184785834108805
14.8275327496535,0.09888890334027589,20.549509025602816,79.39525949130575,0.10200284545777864,2.730935885013092
0.0874884692418062,0.10811386217126151,12.782139003079966,80.26539831829285,0.10557142730314456,1.6438403183093797
135.18557815313574,0.1150984577430803,13.28776700472401,111.83615797273347,0.09179164558678454,1.7913522789417673
12.171174961144219,0.11185454652650847,13.64440988094479,118.25109098736442,0.10215773659134894,1.8598182376937
96.86267538621406,0.09942254680967147,22.109997116505305,74.20876974013623,0.1291245314408774,6.124417282005712
0.01214607547619953,0.11311403066565555,14.002966937503826,92.35741604586582,0.10492054257860677,1.6466718447447422
891.6750211373187,0.11689374234594746,12.723292953703684,117.24826464329334,0.09896058367369298,1.0979418583159788
1665.2372218764604,0.11532363703534185,22.844255401527867,157.42988816561456,0.09592256447489964,1.1331297053935439
0.584314226547776,0.11056236290225605,13.657892017079412,71.87077024727864,0.1067379202568155,1.6312596165104614
4.552143450089656,0.11612858386072586,15.80082981823741,88.22905097955288,0.10473507995839494,1.6860269629146938
4264.326080231465,0.07670549263714983,17.03213510493092,68.414983895994,0.09794242130257891,1.1264429776856213
0.25282689102159306,0.11539499537821858,8.19091876251653,107.77933407026899,0.10384228287359283,1.5128448775427676
5.6923646478926,0.11956334786300793,14.170903060224703,113.7928450491844,0.10487273642725471,1.5624640457804846
1990.4927618985712,0.11700061136083079,12.771166599782335,124.98202372564396,0.11153860715279282,1.2119242200500464
8.46064571142682,0.10388426675174951,10.182580045105968,61.16337667138555,0.10594647282410044,1.6383003717226519
19.19733903825616,0.08396334120099988,21.89703226897572,160.04760051835643,0.08775932211913756,4.236583154861033
37.268375564209414,0.09730207286100762,18.74681771341377,65.81360108790761,0.10142924901913304,2.7843070065316087
158.55658095638537,0.11333458179262423,13.175331917240765,172.04143653321086,0.10374063656698372,1.5627694239280432
1.6466235127623385,0.1114425503260909,15.725659840198027,94.41319514791024,0.10650787890512238,1.887759560531963
2.3363640356516733,0.11740706843458978,21.19575048970382,197.40429081011894,0.09612457966964907,1.8890348197083906
45.31818904326991,0.11004443393847621,25.930293805754253,132.28587359124924,0.10153132081769907,1.8742855393679836
44.46270791669943,0.11756260907276206,18.08587480335262,358.7550577022216,0.11174583060264587,5.473554725757767
204.87820008115673,0.11292286907575538,12.011277703609988,92.04797101314978,0.1048407942057249,3.293254896179486
278.54352843168544,0.1057013801992788,20.621514951925533,34.770921186154226,0.0860603477064441,4.083953643503806
52.23611253795905,0.08720988385649724,9.398968976200237,204.8077965766742,0.09879116951474165,1.9700208403811228
245.5963396303752,0.11068239809205396,6.540305111721686,224.43697385389498,0.10920602358869523,5.27373783720489
178.33737053590596,0.11394130581008227,12.802633744043337,209.76714166014256,0.1054106481486938,1.6747213034150832
3532.39231304131,0.07782643498980958,11.897466044078113,108.34206218969956,0.0949951008489551,1.1959665202250989
2148.8964198588956,0.11017270265335394,14.218850553097019,92.40592525287383,0.10785204304948774,1.0891516112102124
5.186711639414805,0.1104929871606294,23.234197793643986,83.97701357860007,0.10536699982629137,2.234457728389353
8.200115550938154,0.11250217494843506,15.509849870589953,115.14145010535862,0.10574988806837037,1.7522831472727871
41.737038182705405,0.1150136740499405,10.655349321736981,97.84790656539326,0.1007707731119787,1.3069710023518084
3.0444708757983125,0.11448328263182705,6.2667789553729705,115.12314485033937,0.10725359334942512,1.6520450000335094
3.7961591694915433,0.11428247065375927,10.652991249794102,103.8234640095539,0.11012758645201075,1.880426685729283
2264.572154719842,0.06264162970504752,14.433165695880687,100.27701802089621,0.1048016032978108,1.9700208403811228
0.5974626164194827,0.11428907320804199,17.910066066903376,99.98000000000002,0.10099863348427598,1.6594999999999995
74.51806083349621,0.11600957785924108,14.678696372731432,152.98101742034174,0.10381794673021383,1.5805739452159413
0.3935028702986389,0.11644452879469955,12.89346974840788,156.09566892949664,0.10470493669267189,1.8619654775771295
572.7513849854822,0.11054833108253806,2.0071569304477457,145.45528238716605,0.094239780969503,7.301858059982437
0.6222902091173511,0.11470625876786938,10.536115544831315,95.12527659600107,0.10319246698713538,1.4717019838383552
84209.94920982471,0.02343838135179708,13.022982707710634,95.70813111632918,0.11658768829235616,6.221075374197916
19.819835989289096,0.09791762197538106,13.364468149258412,47.992048741977044,0.12476903799827427,5.946300981343007
23.06420127746289,0.11103918907921514,12.371470438774182,106.012785451208,0.10178113369742273,1.4708035706829552
4561.952416723421,0.07874956923665687,17.130997706751714,460.33510072328284,0.1183590798547071,2.86403311932826
16.515831059089443,0.11393002169871048,12.8100099639771,102.1609862252322,0.10537919920604374,1.539118314288351
150415.66382703598,0.017219233942809893,3.6194660404535366,56.096193422034446,0.12385455539171168,5.567945657252617
17.762846209174374,0.11172120568786575,17.844203193537766,372.12038488582954,0.09745539967231728,2.0357951746988117
73.0887825837865,0.11646854137219174,9.386243825354432,394.1160306002228,0.11756315694842805,5.699061115974833
0.015034357150410845,0.116547240462961,14.61822179707282,93.67984055841441,0.10422687080645623,1.5799970665488843
599.67527154515,0.11394872196094838,7.490754075661191,12.47063101760574,0.10741127694977785,0.4789215546563028
3.1253562582817125,0.11270665253842237,14.524142981622624,86.90022001665852,0.10200284545777864,1.5991720982343987
61.58867721852121,0.11967496442060935,7.615017049486102,142.51846449594905,0.09806722802743958,1.6268501828721984
355.14915618841474,0.10175644782345525,11.520271681716476,88.06650045013089,0.10289077172910101,1.2975863748124263
16.979566444816285,0.11267516046752037,10.82319060557808,46.80107730527709,0.10437027261432068,1.3372634786313373
149.76681631269008,0.08490218842855748,22.109997116505305,157.66566428256448,0.08847115742494699,1.814872889575783
280049.2861640749,0.11073599124712505,14.002966937503826,139.41862317804998,0.12023249444097905,0.5045060018024223
226.12837559927954,0.11241469828045711,7.072100543518205,117.24826464329334,0.10713767010382509,1.377705549622772
112.08176165406205,0.11064568813628203,22.844255401527867,303.64139692674917,0.09281666934404176,3.9632465235417476
329.4824289995482,0.11193414677874354,6.171459353141254,30.512048650160068,0.1209055201080759,6.318316486120262
106.17488250008867,0.11840191246872889,23.570163364507977,60.03204146218883,0.10024988090668428,2.1742950780234818
112.87688876415226,0.11513148067010456,24.585436221552357,99.98440158037243,0.10382916919499362,4.96179154460559
44646867.5236523,0.05170106699113234,14.060067483560719,110.38475798353642,0.10384228287359283,0.26451180157246856
24.467236825124928,0.10884064612558969,21.42758625135653,113.7928450491844,0.10969268064428614,3.994845420118657
0.09886690117103238,0.10937535551209654,12.912402312524906,124.98202372564396,0.11153860715279282,2.2821156370010334
78.33358780890765,0.09833801285252594,11.639002297091261,123.41531878658418,0.11116036647780705,5.893214347310424
314.4156617999653,0.11873412212560192,12.15444279077032,93.88926617506223,0.10734415422923606,1.2385694341440434
2035.4146003981282,0.11656193825382269,10.30046703239698,304.9360418659499,0.10697202588502368,1.4613320947806265
28.028877547231954,0.10998214955246931,14.23614205777539,83.44131700398077,0.10625509208448965,2.0431265672623304
58.2733684749457,0.11201182369770907,15.543892700828073,136.1980030446739,0.11363514617462721,2.0645930607146887
70.80932963107247,0.1144764640220282,13.044057828427526,83.63210172511702,0.1026766616370829,1.8890348197083906
9.133275271325257,0.10861372559621169,20.751746539982797,276.8485821717351,0.08932911361601167,1.7283796381326528
50.142044617900964,0.10517730994153052,14.00961545977843,156.88199903972964,0.10278816788444833,1.7746171901633438
83.888110662506,0.11119271681169002,17.909156536307847,35.005604621172324,0.08661975005979825,1.1838192663643223
57.77300212181419,0.11287141433378522,20.063016709132253,34.770921186154226,0.1102485118642572,1.8244675084923472
0.015023248430981018,0.11292217691743606,13.622486448110728,89.25951846678805,0.1040642289630483,1.5920299931897643
2.1831370228264353,0.11068239809205396,9.354496564251681,153.64881428514644,0.10603868037813333,1.8240605198045365
617.1811243761631,0.09488344111902286,17.445667166668375,209.76714166014256,0.0975654336157546,1.6027152398035707
54.61758161934968,0.11460609950594054,18.07513217194627,70.6840443315059,0.10163925767289264,1.265782935310475
13.76949382836547,0.11554336801223994,14.218850553097019,115.63916977082266,0.110940757795146,1.8314235056931452
24.461009448472232,0.07898350481900428,15.954642913846728,63.48607910271721,0.0901861194123543,2.842777035523415
0.6648101239110864,0.11433773368606323,20.879282417064186,49.29400575952383,0.09813960715605613,1.2217645188323276
9696.214460339304,0.02849647667156105,14.406963118330008,66.2415006616439,0.08445523649920539,3.8076955289777445
119.81018483172677,0.11163728274470608,22.57128511934415,106.59511791906277,0.10464752187686398,1.5851044144077413
247.07317205818237,0.11428247065375927,16.525681948416526,9.178464164973263,0.1099610462833235,1.2659493495824252
52.48764286569768,0.11064672323615517,16.899392322532847,24.53981805033567,0.1048016032978108,1.2815554558708175
2.9367900366703834,0.11685408812172945,9.354496564251681,153.64881428514644,0.10603868037813333,1.8240605198045365
36.87495126567735,0.11496649222498057,10.734606261669002,97.77627720958202,0.10089464479424277,1.3171816523012598
0.07001983847607719,0.08427353473503066,22.19947565484726,151.44521292550513,0.08791180582469921,2.8338175091684574
114.40410611778779,0.11754612687090729,13.521399156491652,76.50224579431313,0.0994483945514513,1.1337159006282072
4013.35853889764,0.11452697804206544,11.755522512721718,40.36128566499406,0.11529553695683893,0.6741678410902541
0.001986438117252946,0.11257794511517386,14.210269449925615,84.72038238404713,0.1033851595535312,1.5581766857643107
18.15484110389778,0.08525431735100404,22.4812518647863,153.8830858796797,0.08822731559491515,4.10048866474953
0.008607235004218134,0.11141674550827058,15.735595649871406,76.8360880581468,0.10260114033046007,1.5371558409633028
14.962283424858402,0.11566289493365767,15.687512255566302,290.9781399910635,0.09224993989859956,1.8503221852883023
288.80538885547594,0.11403407765000914,16.8749830160022,101.6824252018489,0.06958299738426932,1.539118314288351
137.28723932266684,0.11150166998806664,12.639572204572445,108.3747375378993,0.10449914193956952,1.4136346837361717
479.6842400784691,0.09298160086142704,14.173208221853587,562.6248783819909,0.09327921330391781,1.7885776355181484
0.017702112443597783,0.11296365403320005,12.337880656116155,89.96856772602314,0.10407297337109686,1.5634493584054816
1.6028757375407168,0.1126412606644942,13.753347107919561,80.61183721153486,0.11316440488821314,1.9741129024976622
0.6707304373748098,0.11297822731662605,13.580138507249309,89.8518321949536,0.10521589160366054,1.6612174990940636
0.24291338057320935,0.10944830641850532,13.200440648168275,286.73114527581924,0.09167299032279994,1.6967034677018997
3074685.443683799,0.11195594470674658,8.67184962950699,85.77349588306032,0.11289468911962636,0.1095448192493853
78.46223078535795,0.11802566529189537,14.5218830079927,111.83615797273347,0.09678860472280768,1.7913522789417673
2.328277128605424,0.07683975585445589,23.54066623006446,94.67131241231925,0.09457294468351826,8.03874993846526
8502.959814842816,0.053391550619238566,22.109997116505305,39.22422559114449,0.1138294211952278,1.814872889575783
3.735824709541636,0.11279105471233873,13.175748330666295,92.35741604586582,0.10492054257860677,1.5610899114897938
0.06376301986600807,0.1125825888757557,21.901645485998507,75.72611983232468,0.10172783061622039,1.6239004774696326
160.9158450803386,0.11452223416152363,4.771895452919642,111.17553754570241,0.11717941281692817,1.5847552769819533
164.68394739990094,0.10795340722187652,23.448496206232477,13.854424349694,0.1009304452440369,1.6312596165104614
208.68441138202405,0.10873606074415079,20.2045579164052,9.14676064376198,0.10010704815665362,1.2474442298715047
0.02477685613950256,0.11419785417512746,13.726424645210706,100.70500372405331,0.10472103931496883,1.6509230617885295
29.734230379969553,0.0817151966829567,15.49720004627212,179.04654592303206,0.09495083145574099,5.4474605302492485
635861.6008212629,0.11112030185801461,20.838891435915844,734.364870920579,0.11826916060316674,0.9973650098961278
117.86993992983531,0.1088684621400775,15.365606846261182,83.5655234927587,0.11153860715279282,1.5790529967782136
3735845.715457177,0.11127854763724879,8.045252809902882,123.41531878658418,0.10015144009236554,0.20850472222341487
51312.94363540695,0.11873412212560192,16.369342607661522,130.97393460328965,0.12320713573010497,0.7139789862250367
21.852799789142377,0.11957741956065977,20.504755987234752,65.28546623583588,0.11082517770791202,1.9688879090878046
377.505625509192,0.1105301248074268,7.558941701948707,52.8159283113273,0.10566111842784834,5.0519451445878865
7.293544608144959,0.11201182369770907,15.543892700828073,102.40912258157863,0.09878118981950634,1.6567815358950675
849.9859655267281,0.05927605105890998,20.322137333861654,154.8218441541951,0.10404340452590453,10.080191135106203
146.88220593118487,0.10967227508167268,13.862251349093933,64.9144512249556,0.09193887717193011,1.7315251966010639
12.18365711448812,0.10898964680853546,12.200082643990468,111.3572173362648,0.10177949473574795,1.5539435431683524
310.83026808688714,0.11193157922973035,17.39654357269655,68.71001122553929,0.08661975005979825,3.293254896179486
168.37375178820474,0.1094225209292251,11.84132157154614,34.770921186154226,0.09861374289683775,1.5970404340411077
143.83552362417572,0.11292217691743606,23.230160558200772,89.25951846678805,0.09136643300140024,2.5547826752541605
5.913174849399435,0.11068239809205396,13.289904474471511,93.30390839328408,0.1040638908623154,1.7563217680384842
121.81267287863014,0.11065197016762984,18.569729851133104,209.76714166014256,0.1000148917238104,1.7065227307095423
4.758882813747568,0.11408425404930805,18.07513217194627,90.55195391654513,0.09616469444188755,1.5075138089047897
7023131.3273223005,0.11195594470674658,8.67184962950699,95.74404500220908,0.0946951981553627,0.1095448192493853
362235.7165751382,0.04379357753935352,6.666241112549258,54.476049114468594,0.11695605551201876,0.8703595344683706
222.51458134143695,0.11489502825625975,14.028111397067706,341.45935615551036,0.10698449854434262,9.730682554826046
110.04016146611255,0.09967457570298896,20.151954181687913,15.686379862669526,0.1201471386484074,5.487917610472443
0.027565714918071357,0.11351517605890978,12.023132549054166,90.3972229702299,0.10390329192747216,1.5443758016661526
161.18713761707386,0.11428247065375927,12.048771952213663,103.8234640095539,0.11837544018114005,1.7303823597195276
5.423396943914909,0.1140694976668074,22.35490712632049,125.16367553790695,0.11219387404318464,3.293321863870087
22.55455972016638,0.10506249399151538,15.22786200960143,170.19308778877343,0.09919698374228916,1.784490580052152
0.01175549186907077,0.1115254927660799,16.606497196278518,83.64195749812131,0.1042585976511036,1.6688204416840469
123.12073896074838,0.11329879588324462,14.534832312928947,90.695315228021,0.08791180582469921,1.5870735026227543
8316971.128005641,0.02302209505516225,11.605259583802193,30.405411354873536,0.11362024726822112,0.5813926545787043
33.42330556716028,0.11693095201247368,9.08200028154896,108.58576245105314,0.10570867576580137,1.787476563035753
1.6790180441923266,0.10763223138532038,18.208405113612038,49.04059375340819,0.1090313798241499,1.5581766857643107
131.9345585287416,0.11225782183143954,15.387780656235133,61.50677178568429,0.10253476799925529,2.2445252725712623
1.1277619835271535,0.11456265817751257,8.964970092285228,109.61756003661469,0.1065893557553019,1.6650111604002227
0.3243746789438618,0.09647688963039548,18.71422698114179,460.33510072328284,0.10798843319979302,6.951763365888736
0.8298901009527024,0.11295333029236033,11.71311584709743,80.21315366985573,0.10198893961296818,1.405958324073544
131.45062106103336,0.11488787257102256,19.030428817985516,32.62148537194622,0.10167221229293846,1.6854870711267163
29.78473981352257,0.113755657544204,14.585422226247802,63.49909498903139,0.10464198230594264,1.6606614274947917
0.03204672072143108,0.11252480023110988,15.263949055961902,82.76177794894443,0.1028935864144362,1.5503645681076037
16.396497387149296,0.11512965902502172,16.198328987495703,93.67984055841441,0.10438262229698911,1.8594464864582498
3.819684964088305,0.11381253522461907,13.592932680985266,102.29273169922271,0.10521589160366054,1.6168740654263623
9.907595937416142,0.11160538024870224,9.34475576570852,102.87583115559875,0.10200284545777864,1.6129669407909066
4.041057467445711,0.11464776612512628,14.986626198194616,67.71635638256271,0.10087908620737675,1.3056514077505383
42.95993013507935,0.11152038486373961,14.5218830079927,72.73663416924023,0.10236926072112401,1.7913522789417673
5.96794555888673,0.11267516046752037,7.911694079809918,118.25109098736442,0.10569891361191254,1.5759135607884325
172.9015714621529,0.11352345808144244,12.883093640226146,92.52313876696161,0.08579193174997546,1.5926413728481785
3.540195374501914,0.11101153062624944,9.05667561751325,116.10557297101201,0.10790924366633677,1.8597323309887352
4.122646208759196,0.11220806154137303,15.0248712771646,117.24826464329334,0.10713767010382509,1.8515402926330813
1.969879235227556,0.09075164122587151,22.844255401527867,165.30221247659676,0.09885021804508107,4.882916715288962
0.008629838137020738,0.11382429982844486,14.53618391541718,96.9543526242872,0.10435687646235253,1.6490458051846968
162.2684886850647,0.11356027259285742,13.050449979200753,82.94078028771509,0.11289321049464249,1.447675430124324
5.51311388673413,0.11419785417512746,12.498826995866184,103.72330335507121,0.10279523488665061,1.660661633938906
30.5403935119033,0.11024164264213263,10.243868905609734,101.40942123025098,0.10063211348195802,1.3823290403743123
161.31340213511243,0.08615614351846344,11.191716046486974,113.7928450491844,0.10969268064428614,2.1500426638014587
0.4385970368610804,0.1088684621400775,12.771166599782335,78.56077057176583,0.10176090833130859,1.5249445649491484
82.17929969065484,0.09815282546237583,12.791959697142758,123.41531878658418,0.09260467685964996,2.226781868312975
144.40330238944455,0.056770040525591224,14.623124013749186,131.18010291666604,0.08771119405478925,3.760754046326936
54.62190109887233,0.11578565249015363,18.845904336695057,47.82735234344261,0.09648441466389202,1.021509584951989
1123282.1688041221,0.11020296944572006,8.927534993397774,48.82450599121137,0.10566111842784834,0.12726695534628263
3.4036557081961454,0.11372960710409794,15.392241736907488,94.41319514791024,0.10463649022497373,1.7565123690422757
19.847225279642515,0.11323038669791113,20.253294340452232,43.351323014132674,0.10634947359557224,1.5853824864230024
181861.06181381177,0.10807564132802952,7.615419350688199,64.9144512249556,0.09837733066508003,0.3835974461193299
49.25864930749545,0.1121099625845898,15.428575883592156,111.3572173362648,0.105899638866901,1.6069678624139083
1632.2863933124604,0.06890904932115123,14.407108660408888,100.903263898138,0.09939773811424296,1.6330686503015395
11.611997940999364,0.11329748675978976,20.063016709132253,108.36199860952331,0.10229588737842603,1.6650959355188482
813.1942371112359,0.11838163918898781,13.622486448110728,198.48537794398192,0.1158643555625704,1.7015354668666394
53.132470119929835,0.09919475006472403,14.979633657642024,40.434668506874004,0.11964821121529133,5.085638356224349
0.46492555233225863,0.11430135279514139,16.37990884994354,127.5658930868085,0.10348401981786745,1.7966949539250772
151.13857045127884,0.07782643498980958,18.07513217194627,265.78834464737145,0.10484687098061109,4.641133313045815
0.3019435143756563,0.10838028510784203,13.594273840172654,92.40592525287383,0.1076744643266449,1.8314235056931452
3.4489988829653453,0.11821952363255997,20.536851992603584,96.06110789355643,0.10692796785630061,1.728607633485435
0.4383500274167691,0.11471781503037301,14.028111397067706,119.16477780862368,0.1027843527557426,1.7023401108948626
46.55140920577601,0.08460148842684972,15.29704647111359,62.28912263332552,0.09161061597208614,2.540881221824165
13.40549765041004,0.11303868840636136,22.57128511934415,97.43544552689974,0.10906975559049376,1.9736122461543832
112.38624006805406,0.10648969772913955,12.048771952213663,103.8234640095539,0.1090160950765528,1.6083003855289313
0.025512732994655538,0.11172358844518746,15.198668823033131,75.57323740827684,0.10248106499344065,1.513375729131309
441951.9949559464,0.02701054186103191,19.143843395362456,694.1333020940809,0.10604798101369892,2.2409876815819407
0.12774145213952093,0.1125565420411132,10.864797412923217,97.61318325601064,0.10559713841549191,1.633784544115513
152.6296703737782,0.11167295233218767,14.133456147000778,83.68538148078346,0.10367957261319366,2.8338175091684574
213.61260768401462,0.09357935232571511,13.864542231112486,85.55095461464731,0.10294948666208648,1.5163004057003695
0.4133243741218402,0.11416017087389735,16.178847006550157,113.8923136218259,0.1024516266563658,1.686018468768851
14.256439387666713,0.11084373382652432,13.081008779483538,107.12350975328042,0.1033851595535312,1.8760953251123285
2.9350307108192886,0.11566283281889511,14.937465582474495,97.60708378928229,0.1084950799361192,1.8798298708133352
1.8625654382483234,0.11460846940954408,11.116146975505085,155.1393992913254,0.1067861556353491,1.9678346737399428
28.675413442437733,0.11400135635719302,16.116287562571316,127.09608248299503,0.10798843319979302,1.796216732930846
33.08743230986792,0.09594761844236586,20.471785771497572,79.45227793039459,0.08791122970457124,1.9622114586077846
137.89299404629844,0.1011943874687137,15.222298607130028,23.81748778615389,0.1181728440102047,5.0250566086025295
2.8593520257359755,0.10806925473704435,14.609253948134423,63.49909498903139,0.11392575946194304,1.8051489664517542
2.6572345337678223,0.10835787532160793,12.724073480044385,88.82509082651427,0.10606261225365532,1.8079324407601653
6.591040181921655,0.11352500334265297,13.912136827457795,93.67984055841441,0.10208437516441729,1.469199341059328
46.19863578781454,0.10399024135740471,11.105754055914286,102.29273169922271,0.10521589160366054,2.3389045204327497
102.2963023494047,0.11478609640489554,20.549509025602816,79.39525949130575,0.10058568672053927,1.2695788349189208
359.1273109249846,0.11942940600389712,10.718878815819538,19.22005794888372,0.10730196824675575,2.0565466599476103
250.29755519991556,0.1150984577430803,11.718698537128146,20.841179055271994,0.10982656593059498,1.7913522789417673
7.876969125209759,0.11502844335012102,13.64440988094479,108.01595902847083,0.10595868676943483,1.8598182376937
93.49071624919986,0.11243009904334209,18.4870156439562,61.781937432795985,0.08579193174997546,1.4095640855342833
0.6177422569659808,0.10987984698219747,13.643642388206862,108.49680229461677,0.10836000532994024,2.01748842559378
2.38240272810014,0.11070295428018118,15.0248712771646,73.61238218541104,0.10308090440877186,1.5883489287178918
36.29736204417243,0.09583526804978099,12.543107947297843,51.353706745089085,0.11717941281692817,3.9632465235417476
0.21044841945845316,0.11382429982844486,14.30608224783647,96.9543526242872,0.10558584483474569,1.671967794713229
14.117629643991457,0.11612858386072586,10.85153980873706,121.65415198239901,0.10582005692854946,1.8444851580689736
197.61559315066324,0.11419785417512746,12.062543633308803,6.606332367281368,0.10472103931496883,0.7884647189845744
129.271832129436,0.10989859303050406,11.773936240953514,96.62871540567068,0.09088573827886803,1.1192750155742797
119.45291693483345,0.11254179487127813,12.046242998388298,83.13544281529659,0.1026263049846427,2.1500426638014587
504.97497222813683,0.08668055945036261,12.095870918505465,124.98202372564396,0.11632787189984808,2.2821156370010334
0.02008497349276181,0.11232931235714683,14.74923434881474,82.22399936611839,0.10314277764786994,1.5569272089717625
62.60900130269238,0.11438456474902056,20.078176538836455,112.86699901680686,0.10734415422923606,1.6966432570716954
14.187296817036184,0.11365678993385181,9.997299442944302,104.14918925922058,0.11016665868915601,1.6528481921608762
10283.124060273887,0.09818550288549903,7.847326059165324,56.053252205384865,0.11511143428968926,0.7938633630249976
89.60287529546301,0.11104424459927426,14.119404305739762,68.28052753652929,0.09770349022552977,1.7565123690422757
5.206551696776897,0.11740706843458978,15.773911542949051,109.31830367720596,0.10810519357948914,1.9661059267808625
137.78748092424948,0.1114229006796233,25.930293805754253,83.09810993672977,0.10086986151120123,1.3798166909957814
0.315708041396782,0.11484958040516735,13.431162142431,111.05645353525279,0.105899638866901,1.7603566391898298
0.8827095119619405,0.11127079864961863,11.143205593437468,103.47108401720573,0.106902394612006,1.7770681113213724
546.367703259086,0.11636079309300007,20.063016709132253,137.46719108810436,0.11280777303793846,1.5926510723398941
41.63714908917275,0.11693347426936956,20.710098425007423,52.86665866523987,0.1040642289630483,1.700798784273486
112.5565788134073,0.11068239809205396,11.56457503116602,90.71298843085214,0.10071631701317992,2.093099266975261
150.92419947658868,0.09488344111902286,17.445667166668375,209.76714166014256,0.09450814491985127,10.036342149136608
321.93599667674187,0.10312225736452207,8.722205376923474,213.02155048764644,0.09616469444188755,5.2102403500929615
62.04458024762184,0.11017270265335394,11.563943750612001,79.94390601289393,0.10190553382829691,1.8314235056931452
217.09571253350745,0.11345273948541328,13.253337527337184,96.06110789355643,0.10833518510237143,5.234957426382889
2.1639204454731824,0.11513657088317517,9.995959347097816,115.14145010535862,0.10521469065890379,1.5853850344544025
1.1572977530056758,0.11214672466102066,20.151954181687913,73.03328573297824,0.10181834812074757,1.5341630779978006
7.555006912095779,0.10629800886739348,18.22702140448238,31.226837343729812,0.10726105287654833,1.408761336473451
0.7699811612729724,0.1155590819690001,13.452804179801031,54.08838639377649,0.10550371461387682,1.3385196818470515
5.684281516735799,0.11172358844518746,19.06362698654059,24.67708365592614,0.10422989932759595,1.0992783278789169
291566.84350675385,0.10592575224159133,13.420000000000002,111.58252970879221,0.105,0.4650626657924075
11.804215611501917,0.11263538903072376,13.697245724550768,91.57973967219334,0.10439513027990541,1.51043503583222
82.44955000474968,0.08427353473503066,15.022230064179675,77.1478592689786,0.08791180582469921,1.3833699438678373
1.4944226993924707,0.10939637022399931,14.766671666964383,113.18895875302042,0.10065536564334386,1.7537743099034477
156.01905054177314,0.11479731279063665,15.418821770077564,40.81844590606255,0.1206370511587817,5.311084365395441
7.088258563404109,0.10731037120538922,12.790229735671211,84.72038238404713,0.10463558321356158,1.799579695747715
46.15369902405982,0.10731037120538922,12.790229735671211,98.45594236326417,0.10463558321356158,2.2445252725712623
134.7532158229186,0.10322998838680197,14.1930278682055,76.8360880581468,0.10685143892540587,4.440026083963664
306.01310234805135,0.1138585660454286,14.205700621418547,80.62837618740679,0.10100686107064014,6.951763365888736
5.331403562356077,0.10757060073896338,18.7466098537643,98.87890795905616,0.10215279097501735,1.7552240996717936
100.47145346923729,0.11227745543645112,7.975614687976703,108.3747375378993,0.09631689127576618,1.6854870711267163
18.140711415939734,0.1158403026040605,18.28100175733997,128.30324020582492,0.11121098674630417,2.8625590362105826
16.82541297606225,0.10721904823324549,13.819329017541358,181.729139257614,0.08667355320183698,1.5634493584054816
1.6036212034543142,0.11339842612442241,13.527236007337681,70.84386427828474,0.10680707757990976,1.5799970665488843
10.369652895749761,0.1111169685782829,12.371010931012655,48.39915289467706,0.10330135319227092,1.3559786815118837
0.17628848615304918,0.11523763725147627,15.28512010584341,74.63016417003882,0.10442467623437579,1.509878922628313
133.8250532215865,0.10891666227182695,13.239020140345575,85.77349588306032,0.11289468911962636,1.5765318502465568
4.961238971768392,0.09812283432127752,12.223873530650703,130.79187259911828,0.10646769550780442,2.202174455174894
53.51825362903351,0.09437665148962157,15.557974846639848,147.8709149238021,0.09823600350868014,1.8598182376937
19037.62419759926,0.03352704646883719,22.109997116505305,40.794795471095256,0.08579193174997546,1.814872889575783
5.825348212908155,0.11274698529671418,13.78717026797453,78.23050059918768,0.10492054257860677,1.6466718447447422
3.5684782977931286,0.11559988244510648,15.0248712771646,100.49208666545508,0.10713767010382509,1.8515402926330813
7.16235500408496,0.1178508979186828,14.949568036498462,88.3231766471875,0.10415970382494227,1.6282713544503196
0.03767242813087657,0.11332442567829573,14.901600141152802,96.9543526242872,0.10435687646235253,1.6649911250017126
6.130313114626203,0.10269111144845414,15.157712808227915,145.26077656433495,0.10053554178491877,2.2286419011969745
15.70331892606442,0.10839506872006593,13.726424645210706,83.4880721282318,0.1053866139619676,1.9176109229183371
0.03231389730927482,0.11251238652694552,15.258594514304232,87.10639295535299,0.10420992040338407,1.6369941200105353
0.00931715323280482,0.11389531603767775,13.426403898533959,98.10126454837689,0.104577786926828,1.631410879779109
0.9732418844525912,0.1088684621400775,21.6044736979221,43.024311521317884,0.108995462445287,1.6388002882614927
0.002153907538645303,0.11171545849263342,14.74923434881474,76.20970582018839,0.10267389837718131,1.5087958219939175
0.24765374346934976,0.1107813101208793,20.445276928971076,61.46850815699173,0.10037111886297904,1.4884637260041718
1.4262566020516325,0.1119910981194839,13.383841318066223,85.81493887381839,0.10387244779752426,1.6166589704563679
6.758717861645879,0.1142787444563943,14.054095901747685,87.2616621919804,0.10566111842784834,1.5257936541609212
6.629036726637135,0.11183372641571573,15.543892700828073,94.55907560398384,0.1048939643016345,1.6276769214733058
28.554335039025702,0.11385317089346886,14.26576564487053,94.26510535256824,0.10404340452590453,1.8890348197083906
257.6865100289451,0.1114229006796233,18.648030035042797,64.9144512249556,0.08021824573207631,1.9561170657188258
246.49320323348357,0.09662665570089918,12.061990188780447,17.310240804915622,0.10890791961564039,4.239970883272175
0.2576831674191737,0.11089318836189785,15.572806800802583,67.25591122301313,0.10176194503145547,1.4665396095059853
205.9390952540519,0.1057013801992788,11.816387061159018,161.4309994726446,0.10083005600498031,4.362306291483067
0.13102714104080357,0.11271021604296813,13.622486448110728,87.58198238809075,0.1040642289630483,1.5946330923018515
103.20469745836118,0.1182057890114014,11.391469271069795,129.36628408626558,0.10179403093965025,2.093099266975261
0.2573541409768389,0.11349962046086902,11.448729121146936,98.37073672520535,0.1054290489650033,1.6372585805682176
378.81012685896644,0.11439638472074586,9.98409464705434,213.02155048764644,0.09968943068022978,1.388183735729248
14.728653969712685,0.11017270265335394,15.838709982940646,71.8085392866866,0.10248550437740381,1.4063590718381667
220.96047078149203,0.11591526822373481,15.66619367711309,96.06110789355643,0.10536699982629137,1.3106089810410273
36.62055425078104,0.11508843849874115,13.369415797987157,93.22264174796982,0.10698449854434262,1.4804758902897817
13.757631099824973,0.1133886147157977,20.151954181687913,95.50548769440286,0.10479596274629203,1.670401191234447
116.07347372865775,0.1158403026040605,18.28100175733997,128.30324020582492,0.10096365048276595,2.8625590362105826
3.3463924927838464,0.10789341334915856,9.976462136309838,108.74130001463254,0.10550371461387682,1.8214592260977511
0.015510405037105976,0.11164026123962069,19.617831032702032,71.55075711384893,0.10164772629560158,1.5608959860718548
1.426945846835049,0.11278324431892622,12.850319066378908,87.92204892891141,0.105,1.5531647905737724
117.29792171307511,0.10975327673626809,13.697245724550768,26.929287886587986,0.10778549442924917,1.607846651584608
1871.830179427071,0.08427353473503066,14.520657975683234,151.44521292550513,0.10334285411509185,1.5513466034016332
107.64074776242991,0.09357935232571511,10.337489259063666,115.50304779506894,0.10740941651068625,1.8415371666696156
67717.70410298838,0.09705269585199972,13.223864328350343,108.58576245105314,0.1136163211541017,0.7399703402903395
318.3725705281216,0.11257794511517386,14.236260270714709,84.72038238404713,0.09815991703101892,7.127143434477373
131934.2137241693,0.0266924364453971,8.169205509095331,51.053367468435226,0.12343548737358162,2.2445252725712623
40.30161760131895,0.11141674550827058,10.576244083133968,95.1171106190098,0.10260114033046007,1.7927837860696112
406.49501229658455,0.09647688963039548,14.4474705455629,67.87235500906974,0.10043455441369088,1.2310230185389015
3.3762745679241846,0.11311034590950597,18.7466098537643,103.8529184618256,0.10147812079368163,1.6410910198284903
4.8300678856190356,0.11475968846201626,12.639572204572445,108.3747375378993,0.10744470536275882,1.6776009395788023
100.13611515883827,0.09062585650395906,18.92564356722955,63.49909498903139,0.0955717947884051,5.514756953470483
81.34126256517357,0.10970237882874237,13.21685674908554,38.275348943048186,0.10363675529729378,1.5634493584054816
230.04038943793597,0.11339842612442241,13.973288293104757,93.67984055841441,0.10041364895927159,1.2132647289699063
6.363640344750477,0.113977935721781,13.580138507249309,61.97289345750414,0.11762375368975339,1.691032348072552
1982.5480740749233,0.11084172901780634,2.345295335347391,122.69778108181094,0.10200284545777864,1.0707783024576978
3.963448717349872,0.10811386217126151,13.239020140345575,85.77349588306032,0.11289468911962636,1.943535742398236
2.7359635511631026,0.08873689272634813,21.128236541216058,124.17066049197041,0.08949672545311055,2.4753876036687945
20.63526576399257,0.11827805964554575,6.609210718913236,118.25109098736442,0.1064048851189791,1.4543303204600173
40.384757228618334,0.11230609399385338,22.109997116505305,81.74776188204663,0.10302682845518094,1.492414193776746
2.764333864091312,0.10961538906228657,13.751911696321198,92.35741604586582,0.10492054257860677,1.6466718447447422
2.848494594803183,0.1039828276776033,13.718530530079006,132.20955627783036,0.10448629925370305,2.216945850599216
301.6039190165359,0.10975937715587686,12.326136093436347,39.19587204263155,0.10381406026833655,3.9632465235417476
93249.2926500206,0.026322200620951995,14.53618391541718,763.3505275286313,0.10985594377036728,4.4415273551617425
114.91616544233773,0.10817151116767484,14.672702811164935,117.91036312092513,0.09384119050935286,2.1742950780234818
17.515377877812448,0.11419785417512746,7.6244731334453535,124.8276316708833,0.1091665031080377,1.943535742398236
0.18283904466926398,0.11299116261660551,15.952757704736216,88.54265123524033,0.10420992040338407,1.6318910046977049
3.488789176480744,0.10733036102141286,12.1642945329802,98.10126454837689,0.10597417146602413,1.8899273834153671
1.5657517097899492,0.11493868469936147,14.036999078591004,84.68144840432694,0.10103230765339308,1.4098931358096038
1.2245215011665453,0.11405357027130678,14.74923434881474,47.87978787795009,0.11573438461848344,1.5087958219939175
0.03994136338123934,0.11681938954341216,13.548811408673565,61.46850815699173,0.09642828098886036,1.1756931666669086
0.18332796916804567,0.11957741956065977,14.585773429145434,53.25122174348337,0.11016665868915601,1.3771327454531335
56.891591314199715,0.11661254884871208,14.73616952694175,172.04143653321086,0.09779833490251572,2.0431265672623304
0.054778689595281135,0.1108853677496438,14.381265880601289,68.07051923868994,0.10203438433622553,1.4456106320581696
230.6007589607451,0.11973512896118635,14.754911516681606,154.8218441541951,0.10404340452590453,4.414282766588435
1.2876741026785201,0.1114229006796233,11.866074994131303,87.01759277667406,0.1032752444815959,1.499148916945411
66.6260461881615,0.08598463616036733,12.200082643990468,82.0102640397368,0.09043777542945822,2.3164688191596357
0.005128847107564767,0.11237855331715238,13.536929180638438,80.40666371933855,0.10295260910474262,1.5032204790593315
44.628734513835596,0.11730221881473099,14.3555257140485,96.12266614210387,0.09704880229190999,1.2395030244155576
0.18075473707981093,0.11383467586585425,11.223164460944176,115.05582324048834,0.10792757101843359,1.8089297225435974
60.5143610398904,0.11068239809205396,12.98053443072989,129.36628408626558,0.10379538875672056,1.5693561951844197
0.3683140140172664,0.10276838877288276,11.448729121146936,97.78883830097527,0.10895160963234718,2.081377505924668
0.058872907433514185,0.11264585915595583,12.863768446190925,87.22329012058935,0.10401334265720762,1.5681598193523456
14.258194310120176,0.0976014963894533,17.97139316993722,361.7762944808044,0.1041909276525488,5.679279052670587
52.46831143411668,0.11716120008162673,15.251386203371123,96.06110789355643,0.09653262484196312,1.2311123820193082
17.430619288896494,0.11570648842439982,16.060183457231833,91.65469231639901,0.0977195915814959,1.3173661320989147
23.649574626933784,0.11397572518773674,20.151954181687913,77.97824856204738,0.10243643165479577,1.4276424159546544
0.6630967131791912,0.11163728274470608,10.825289780695643,86.57411382265269,0.10343496081925518,1.4848590128295696
4.60546721380582,0.11451926590965912,14.758347675679904,107.33721177011569,0.10550371461387682,1.6633613970753691
0.5530387962927983,0.1137992697869204,17.009785807053564,78.57711232175814,0.10164772629560158,1.4796205750768072
0.3613422717322262,0.1138616255945589,14.244949692084855,99.98000000000002,0.105,1.708916389634613
21.435735867701307,0.1115205770992635,11.821622058848687,73.94550174055973,0.10207373036651472,1.5805739452159413
5.040365963064088,0.11381456932575015,3.300861307488022,104.82906945449594,0.10632959489756541,1.5093607498265058
80.17469348933851,0.09357935232571511,20.168401021664558,25.645215628717324,0.1092265651962712,7.301858059982437
131.88806030263135,0.11479731279063665,25.013841881192455,108.58576245105314,0.1099702549964252,1.7552046451145795
6.78998514942994,0.11381279243406314,15.715803289686976,69.2656320597589,0.09817306969769235,1.2660841461935526
936.2756685792829,0.11342835181990835,6.512216311878918,105.78480933650155,0.09292247212685148,0.9842115864417877
14.86125990977283,0.10849855510340646,15.735595649871406,73.38723813883092,0.1057161299546915,1.5371558409633028
157.75308943420725,0.09647688963039548,18.893890392248764,49.29501226961838,0.09791948304944403,6.951763365888736
3.5412704840024696,0.11466268268667376,18.7466098537643,103.45837412185642,0.10147812079368163,1.7708745012652347
56.03018109297467,0.11725495518245085,12.639572204572445,108.3747375378993,0.11360115428219571,1.6854870711267163
3.4819356188497474,0.11172120568786575,27.479405082939678,48.81781533426613,0.11899875502573595,2.2295426786606605
2.0049185406887524,0.11037498224066865,12.337880656116155,61.03140698135405,0.10072480685856204,1.3626050891843748
1.473615210785677,0.1072879461092856,12.414886432956447,108.81795502079905,0.11015233427955537,2.1847037029997534
0.6821692425225298,0.11011389844601346,15.225518896709362,60.40614528004568,0.1013531503760139,1.4171000015424697
724382.218334036,0.019103922809723464,5.936944981445549,79.39525949130575,0.14657527567223363,5.99319102072545
0.13625995851177986,0.11152223393575164,16.09286206066617,73.38441301971,0.10222094412680173,1.5220047811007449
1.3864375038777867,0.1150984577430803,14.5218830079927,103.7258544532267,0.10592612095634116,1.7766789778655072
7.330337343846832,0.11267516046752037,7.194467801354324,187.05491082883032,0.1080479054345339,1.8598182376937
141.82239536839944,0.11167473420551446,15.143883410656867,78.68333263638226,0.08579193174997546,1.5636809739341269
37.883381981712816,0.11311403066565555,14.002966937503826,64.55587659791667,0.10030749948076863,1.5513022984737619
5.5735010546785695,0.11559988244510648,15.0248712771646,84.67223174037872,0.10047532772379682,1.3747906454194494
148.8408710570647,0.11356262547468923,14.850096266446624,91.18494461339861,0.10925019634151695,3.9632465235417476
8.417760536764945,0.1133355386846889,9.71691923232062,113.63852222791007,0.10793845483509316,1.6490458051846968
2.6614766426338217,0.10585400586564242,14.805286473155713,62.286201318060535,0.11069564821544832,1.9264935299893802
0.10002840975260782,0.1137476751603584,15.870323000397073,94.37951622750353,0.10372615407518655,1.6384647902665375
26.178172453863155,0.09568104044415843,21.422063253774688,87.10639295535299,0.10592562570214259,6.833398483342256
25.40093301785387,0.11537434354718713,13.321581300373412,53.95394342654345,0.09963610302453296,1.1057054166068587
2.531984349925676,0.09227441407080811,9.364288388548289,43.4392082787337,0.13310923822790605,7.278320245371777
54.95721902605095,0.11694359387711875,21.33527341597418,76.20970582018839,0.11511025925845922,3.77629789530792
5.1391284389087675,0.10910747898751033,19.75867180449594,41.451896771709585,0.09808783488594791,1.303828927203086
0.016057008399859518,0.10575220939714655,20.01975521852661,35.140130388374644,0.11273812432654141,1.5923962495558364
11.235653917885084,0.11033438553248559,15.503238909171355,172.04143653321086,0.10566111842784834,2.0431265672623304
9.990128507327512,0.11178442616109877,12.90842567611804,94.41319514791024,0.10289464376831964,1.4877749510370126
5.503474878668166,0.11176045223002243,21.287079601978274,64.28779718271483,0.10404340452590453,1.5119875828913907
14.350702218241736,0.1114229006796233,15.739805221083502,64.9144512249556,0.10429361184042357,1.6672053067624937
15554970.87333526,0.08849684022547455,12.04666075583516,333.8330469981993,0.12802797046533515,0.3259315842500765
117.12480634313414,0.10813967313564936,13.536929180638438,27.511396403631522,0.10295260910474262,1.5032204790593315
0.2841928312057611,0.11276838074660842,14.587937558672749,87.79538137190292,0.10423514359396979,1.5926510723398941
482.13022449573884,0.11292217691743606,20.200566821838102,89.25951846678805,0.10916539040904708,1.3353492908177413
24.24235210632596,0.10616276572563947,6.847350500795351,129.36628408626558,0.1076056434525144,2.093099266975261
43.558277247359676,0.11230366758349727,19.05748901438148,98.37073672520535,0.10004587185466329,1.4433907692149113
11728.6989795349,0.06644022537788863,15.696366016987852,87.22329012058935,0.10131885456766854,1.2191397183271793
1.101034610398186,0.11017270265335394,14.218850553097019,92.40592525287383,0.10885083605761833,1.8341411430648344
282862.53221011197,0.0668200466679314,5.611753533729603,14.206925650357846,0.10536699982629137,0.23741497031487935
37.68471320398223,0.11163104164047236,14.028111397067706,115.14145010535862,0.11085044218540212,1.8171377957773363
441.37547636411375,0.11223851359735351,13.769013121775169,66.2415006616439,0.07715692756818829,3.4331601681735004
353511.80501246697,0.11163728274470608,4.498004539329308,68.9448536799506,0.10096365048276595,0.3136240517305646
1.6180870876126074,0.10849344644784822,12.048771952213663,105.34730156528587,0.10650264507292408,1.893573707034717
0.1457331921505598,0.11528792246643246,16.45139682761704,112.48791733926072,0.11198744064557424,2.1480818511613813
3.261155667036156,0.11474879652237949,6.234560944820945,112.52284476558953,0.10675330397614337,1.6216454438178802
7.367351377072557,0.11489910259760386,13.697245724550768,82.03701161954808,0.10297590245270015,1.4018785921349117
18.063471186440538,0.11516725389328955,22.19947565484726,311.30608732255826,0.083426081677544,1.4517068056408462
0.09334061105158623,0.11142993725936011,26.799425721937396,37.86369535609077,0.12652775053240295,2.619108353112078
0.08444261954914352,0.10273013101887482,11.905631034011517,84.2449819116975,0.10282130179153806,1.6879933202743018
0.012988516987754564,0.11289739731164247,14.987590266600373,88.22360240020737,0.10400417844195735,1.6117485893106993
224.7436426677209,0.11566283281889511,20.88668707405864,51.053367468435226,0.09225273642233009,2.413708656577689
0.0085626010152699,0.11264937518087847,14.205899813135998,86.00231892689533,0.10367325246565452,1.5773430189681186
33.057165985123355,0.11781708566859508,20.095729088487516,129.0888399796233,0.10974959800770995,3.0128050247909366
0.08336433430015791,0.11147261619925262,14.540416164139906,73.8134342016188,0.1024736352186076,1.494892113931983
1.9784334713876592,0.1131110474569233,12.639572204572445,108.3747375378993,0.10315128362655951,1.6854870711267163
503.1724109515938,0.10960889400346793,6.434644866280189,44.42195486693441,0.09536741506452887,10.820658957813414
42.40701148972893,0.11803605835490055,19.90741791282508,89.96856772602314,0.10072622113473037,1.347218497939152
498740.05849296134,0.06250671319117965,8.408856997774315,93.67984055841441,0.11423855738815174,0.703038342400423
0.07604260567695778,0.1117309871552036,13.799700292990952,73.09318040436665,0.10174296369890795,1.4314477626458784
88.35264869231142,0.11676047994747721,14.809778739929275,148.81312953891916,0.10560525772111114,2.8046964621673123
92.79334947350507,0.10811386217126151,13.239020140345575,74.47304261105722,0.10076980835927188,2.0565466599476103
4.234686457626814,0.11289059815178601,14.5218830079927,76.4453288817707,0.10178860248140423,1.5298898462590511
0.29101992399036364,0.11267516046752037,15.4418336852614,94.89129067371903,0.10463960927780488,1.6777278430883813
319.84561490799405,0.11221885549139177,22.109997116505305,128.45025133518982,0.0946793805081943,1.26655307053713
6.047616128668395,0.11240939588512766,14.225228687358635,104.50249498358892,0.10498228311764868,1.6466718447447422
0.1671701065250954,0.10842659338046652,15.0248712771646,74.53201577572241,0.10896236860868676,1.8349499337873079
522.0839258822205,0.11065564131194644,14.821172599566353,157.42988816561456,0.11717941281692817,1.8692150669889394
19.979298921685995,0.11007476646795931,22.58772921829657,34.24600457272834,0.11707293957884603,2.122987851235585
496.0292403445827,0.11427971593550379,19.80919340386187,121.65415198239901,0.09847014224085471,1.2305631445354681
194.65616313561316,0.11100563970967862,13.726424645210706,67.86671872915326,0.10472103931496883,1.1997780424775506
8.587838713323356,0.1136451570500418,12.950228160671855,82.78700208097331,0.10420992040338407,1.4381268434093215
0.26332515151110125,0.11124045521140069,18.660080583919992,60.32932297428255,0.0999859778699464,1.4188627234043976
38.27284557778293,0.10582380006647722,12.771166599782335,28.44278329823635,0.10725409817747147,1.3815261883477747
72.18786541327623,0.11311779953094131,9.633778103658354,100.82858852599611,0.09675565292297406,1.2174011559555398
53.41628909510901,0.11681938954341216,14.076474462717526,90.75346032207239,0.09642828098886036,1.5850478440027018
14.889238179987744,0.10575220939714655,14.928565261464332,85.47373637109558,0.10375134960980342,1.5988790242342308
107.86307820590497,0.11702645423175193,15.503238909171355,172.04143653321086,0.07558947674203229,1.0094145761916717
203.53263895125167,0.1095912885417845,13.325042956628488,26.012441956001965,0.10202875888678554,1.7565123690422757
4.801049733059716,0.1131248517827938,9.454788447846642,100.34424594441145,0.10404340452590453,1.6114438438627037
102.93692543029479,0.11520589766020825,14.525024753609099,132.09510070814542,0.1004043983974625,1.4013964405957102
33.71976549981507,0.10517730994153052,12.200082643990468,126.44002345680656,0.105899638866901,1.7690455382962602
1.1210531039491716,0.1125799774617027,12.19500928223156,86.49849480331386,0.10385193191458657,1.5032204790593315
0.01875629972660773,0.1109068378657597,13.994661443985896,67.09291797105266,0.10147839899842225,1.4121495851253707
112.94765375499821,0.11292217691743606,11.832144508558189,89.25951846678805,0.11708424755820121,4.368016288588223
0.006819016002524455,0.11068239809205396,13.538195953248511,63.27477801656977,0.1009866751328212,1.3615728035589703
0.006679177763510935,0.11348447525239869,13.783287415587843,95.83598432411003,0.10443776410289934,1.6357514743727597
1006.3816599673046,0.11264585915595583,12.863768446190925,320.25985373642396,0.10407018443041936,1.5681598193523456
0.03110449064700777,0.11391921809124575,13.539587643080973,97.7634629468987,0.1043851511430912,1.6219461980134575
273.12371208678184,0.1110849405481257,16.521669212403502,12.135416222396202,0.10513453973710145,1.728607633485435
99.1555995305541,0.11661754555875156,17.968318786007686,80.40716187084018,0.09559517713833415,1.8171377957773363
71.90040765442683,0.10849470746881038,20.151954181687913,23.37296257109449,0.10090211973455722,1.3775176045876067
35.15235720518798,0.11163728274470608,13.8931375683413,64.87613213584393,0.10070092403270975,1.5851044144077413
11.26847088261491,0.11406956137778357,12.970138108420233,103.8234640095539,0.10262454103760989,1.486128866905271
1279.2002798781677,0.11605664041574805,19.617831032702032,83.33483155454155,0.09144592827806611,0.9026370156232799
2408.6865158593537,0.11400000000000002,8.300330960333621,24.558158686756997,0.105,0.5536050806961264
0.03266571871740781,0.11194223476644365,13.467526387835957,79.17111719108271,0.10304070501957448,1.511803814223967
43.38354495023643,0.11247311318378586,22.19947565484726,81.0777922525715,0.08791180582469921,1.529527583737039
0.14043836511340754,0.11142993725936011,9.4986486393125,103.22289009557727,0.10638974140113243,1.656094687148224
4.880538812024466,0.11272951263146042,9.82587295980565,108.58576245105314,0.1062303086809711,1.7552046451145795
263.03540937953966,0.11633371286466684,3.6052159351965543,156.22012443231154,0.08592098784627328,1.5581766857643107
584.1491028800635,0.10705708108235326,13.418928932935763,0.11921186919681759,0.10045467346933687,9.34577056888839
24.155474575533272,0.11017401252833915,14.205899813135998,86.00231892689533,0.10127798607089233,1.4064809795427102
85.45801980516964,0.09647688963039548,2.2396412201269538,123.86400045265486,0.1080014488336711,1.6133126492682628
35.413223591699584,0.09695355657842186,17.973330762069143,412.0085441473934,0.10147812079368163,6.334204837702165
2.782010941075584,0.11425357285944897,13.262768998037316,98.56379635680025,0.10441557595393552,1.6854870711267163
895.3484989445087,0.07120973154182123,17.429129824108745,123.86790983945002,0.10171329463376054,2.136415930293714
533.9284742348259,0.10928773786582445,5.998062052819995,33.62966485913552,0.09216420692093152,11.284869331685055
475.00790584729094,0.11339842612442241,6.565775956151196,4.958201685562244,0.11984257122805095,1.5799970665488843
754.9308001476452,0.11638413087242569,13.580138507249309,102.29273169922271,0.12143814580364767,1.5056127907729335
16.29939556572888,0.10626293738646259,21.316778112128915,292.8164964673681,0.08512541128590537,1.6119184157473008
0.10098228623979395,0.1081143431893465,12.620561476301129,109.9642209783022,0.10985356892373059,2.0565466599476103
163.16909187653022,0.1150984577430803,22.618712844537026,142.5634991966147,0.0888828987181805,2.6981236446733963
0.08008240896829563,0.11267516046752037,13.64440988094479,85.8200813076711,0.10369147048004412,1.549905602232573
10406.924698776713,0.10778590052217424,22.109997116505305,34.83727211570573,0.11910662632878076,0.5627411530143771
70.5173733898041,0.11041506357235817,14.002966937503826,55.86282598645465,0.09982525912667811,1.6466718447447422
3.3276466950903174,0.11414267166045142,15.036152313947794,117.24826464329334,0.10581077023140154,1.7561558139742903
101.64645209434212,0.1178508979186828,19.508800977263043,157.42988816561456,0.10110174716111238,1.5320197116897063
0.008999676150245092,0.11352884127614876,14.172127694228584,96.45907911751084,0.10442243395672776,1.6490458051846968
178.18155075864786,0.11612858386072586,8.266031168564677,143.1200687878591,0.11289321049464249,1.6186153943232835
300.6850494041458,0.10914022835100734,10.51962021795271,14.487853979347165,0.10472103931496883,1.6509230617885295
0.007630828270088581,0.11347675223063615,13.748201514578708,90.89843790696602,0.10377496038979515,1.578349350146806
8.77303067867915,0.11389531603767775,1.9679150133029815,107.286012999143,0.1066893554023567,1.5033962630224647
11.164040605059217,0.1167641959123213,15.981276581909396,124.98202372564396,0.10582464772706718,2.044456908525751
4.855952724072176,0.11402561013042203,14.74923434881474,71.72577125817514,0.1025734972968122,1.5087958219939175
8.260573542328078,0.11681938954341216,6.81425640247363,94.24350278599854,0.10524967318808495,1.5135774091139265
6.3884614123834,0.10801822342420618,7.625890719450348,90.46510407024039,0.11273812432654141,1.9576981013533068
17.501859695651042,0.09717731070250113,18.728941893803984,172.04143653321086,0.10714141482414787,6.395875769084546
3.8877685752094253,0.11372691645407203,14.303884044655277,94.41319514791024,0.10583575983603878,1.611220233786952
36.510694212431034,0.11185273247313102,14.62762385921737,79.85128801979795,0.10386737353891821,1.8890348197083906
80.46105791982956,0.11431690617177137,15.06255907471217,103.58876839472788,0.1107456344741292,1.62427084027596
0.09623772580786664,0.11063881769643744,25.228276981158356,60.70360856088274,0.10031065996938658,1.5975334115506286
48044.699411017835,0.11237855331715238,2.4094560362526174,133.1011111193685,0.08293099411051255,0.6227941178476613
2.4293295725129607,0.1109068378657597,14.209015988895018,53.65726648829957,0.10032423524200142,1.3236647307724727
0.4474551975425507,0.11321766719693689,14.690524954476246,88.86073084874988,0.10287747925400449,1.5920299931897643
41.27672461009647,0.11409549076545866,25.605235598101814,38.57033889179161,0.1164695583876314,1.3615728035589703
5.01886829533204,0.1132358389715503,21.935024851880158,95.83598432411003,0.10292153814171753,1.7139528748994026
2.8710606479670746,0.11264585915595583,13.188970928136843,113.73234249685339,0.11040915886857462,1.9223233305119152
1.5747251223560061,0.11231444544071255,24.280776529270057,74.54702253363587,0.10134107636979091,1.6219461980134575
0.7680393809342145,0.11345273948541328,17.655061017893736,96.06110789355643,0.10292178871393037,1.728607633485435
2.032133046163974,0.11513657088317517,12.867528180487232,90.17847728438574,0.10439262234313755,1.595478343711096
0.25613598921134867,0.11790323595689584,13.80870321604318,79.6546138790348,0.10055134576758,1.3452061667170785
154.4973870004194,0.11126726959567998,22.57128511934415,70.40309538892046,0.1141238368987117,1.5851044144077413
56.15831249527692,0.11428247065375927,9.14561798558035,80.70531558120973,0.10323265059393415,1.6633613970753691
6.630412037075608,0.11164026123962069,19.617831032702032,75.27069770628538,0.10164772629560158,1.490509947110131
2.0108433778394788,0.11400000000000002,20.242848407548816,62.7698505147377,0.09975940555222501,1.4462739765814439
3.797496779520857,0.1135758706137733,13.697245724550768,91.57973967219334,0.10156603450720585,1.5805739452159413
18.836875161885413,0.08427353473503066,15.366232409844892,151.44521292550513,0.08791180582469921,1.8175009265890738
1754.7107702209655,0.108870079816247,14.994928898799289,60.18511810910644,0.12652775053240295,1.1818900069727327
55.23632082825296,0.0863458670145633,14.219799010560152,136.7482419624797,0.08869057913103146,2.6874621253288495
0.434543635548165,0.11219119624954202,14.210269449925615,64.62516068664104,0.1033851595535312,1.4425676881466396
0.19967853039308178,0.11434644412812095,15.135880163356667,125.95874876860574,0.10432982506199037,1.7952449461197393
64970.08940764784,0.10992526731134883,9.49514890114494,64.64039829753511,0.097862980204069,0.48012402593442527
673.9773904124709,0.11559417296487809,15.51798391526705,460.33510072328284,0.09735048609649824,1.554439461952434
22.670489972245942,0.10910906967988943,19.055836981863607,36.48274342933547,0.1014720469341498,1.4087758858782644
22.114361416605448,0.1117086287404706,14.21091869838865,75.93991904520544,0.10237757571445331,1.6854870711267163
70.61605991891322,0.11262204716130253,21.965647670910514,63.49909498903139,0.11392575946194304,1.5867520301467009
22.635729239064467,0.11532654269360432,14.471235958040511,87.34702642868496,0.09871110059926658,1.5634493584054816
0.2553184801321209,0.10992352942576442,17.320773759610603,89.88775385001793,0.10422687080645623,1.755601493078836
76.3716899287555,0.11400940579132429,14.597552022261251,75.14618066740536,0.09753406303012788,1.691032348072552
138.83445165556026,0.11317641949157523,7.41431457663576,115.42031363862162,0.09203659667273345,1.6129669407909066
24.964913797005504,0.1119547587467154,21.35259633298317,85.77349588306032,0.11492428235493612,2.0968106243619413
0.03209651173037588,0.1120592257701169,18.497711023539132,75.97806114440925,0.10199642971454093,1.5621545694192802
2.685340532093318,0.11305905780665293,14.364890459571185,92.11937455533621,0.1064048851189791,1.6433653452898742
4.005081830320283,0.10414937836976049,16.819897009718883,339.6302377680939,0.08579193174997546,1.814872889575783
1.8761130250924334,0.11311403066565555,11.827701953783118,138.9451463294406,0.10492054257860677,1.8736256748573066
5.184190768822374,0.11559988244510648,15.3707307228828,128.93457475830525,0.09967779754038097,1.5512985969262605
148.1149717041087,0.1178508979186828,22.844255401527867,83.67677115213132,0.10335907921709685,3.9632465235417476
1768380.3714231765,0.027586971004108937,14.53618391541718,64.41988184762516,0.11289545584600327,1.0238906243914325
89.8749615832624,0.11214993819932909,14.672702811164935,79.68041538889457,0.10299333074265715,2.1742950780234818
13.796719174538756,0.11532654269360432,14.471235958040511,87.34702642868496,0.09871110059926658,1.3130901833041575
0.9750025511973429,0.11347675223063615,13.748201514578708,90.89843790696602,0.10512426153162521,1.5909480366413993
1.5655993708878655,0.11215584222549371,13.426403898533959,98.10126454837689,0.10184905278540324,1.5343274827332891
4.862816941289536,0.1088684621400775,14.900380445535122,83.43758783343554,0.10306320207566762,1.5530601130765573
0.008505082785713217,0.11474739598138155,13.919305552388536,76.20970582018839,0.09990793415432014,1.3661947251616038
0.002600686147937387,0.11302071521095633,13.993560700236156,89.81244734219837,0.10353653234060439,1.5809124067421507
80.38668299581025,0.1134846046081452,13.715200676901137,94.77927618426264,0.11273812432654141,1.6232442136892136
23.154035574007356,0.10967356712508497,17.512858601167817,209.55484908792636,0.09335251220919102,2.0431265672623304
0.370930964202443,0.10778778994014143,17.028048311153242,45.41200325270489,0.10583575983603878,1.4562074015668127
973.4683347531619,0.11740706843458978,7.4136013053844225,97.744113896834,0.0902948039399413,0.9136624167742529
45.632185746638704,0.11313035284345332,14.106490749489785,64.9144512249556,0.1004043983974625,1.5927565289611945
90.47799198853185,0.11414297378358881,18.630490578653585,60.70360856088274,0.10908137181251375,2.68984608284788
20.673446447319993,0.11529700016557659,13.536929180638438,80.40666371933855,0.0991493516064336,1.5032204790593315
1.9393269239314357,0.11320330133324147,14.098536651247352,67.09291797105266,0.10244873206557206,1.4411129563368696
0.47225813783217485,0.11292217691743606,14.630010104294941,100.73460788205705,0.10516074880214947,1.698708741067274
9.076481740480542,0.11447767531470268,7.664693605918018,124.32690931612245,0.09336881864511756,1.3615728035589703
0.008144509928554162,0.11228779559879112,14.893780317645415,89.68815934683658,0.10464114539840733,1.6598280291143794
1.0675785498666084,0.11191191827353268,18.296137088462984,71.23421806638146,0.10870986399298885,1.842884301012619
99062.84305055992,0.052709688298349336,10.275336545524306,64.41988184762516,0.11289545584600327,1.0238906243914325
20.302721796172378,0.11373163941268531,18.217873564701872,96.06110789355643,0.10853177069022776,1.728607633485435
0.14527981554657332,0.11295786237579829,9.57996590447106,90.59480885371181,0.10440454402560465,1.5162093912795829
696859.8413746101,0.030621449227778867,20.151954181687913,40.37148851587642,0.1097878844488127,0.9382577599036104
0.1779820774281848,0.11257681216848768,22.57128511934415,68.9448536799506,0.10099447854989639,1.5851044144077413
1.7843538300868897,0.11428247065375927,17.32686365942994,80.18153799582308,0.10550371461387682,1.5877366351860323
0.01271944685898446,0.11276939982734144,13.795250244877682,86.64267249557645,0.10357180092110982,1.5591388205271457
0.9126728731650211,0.11223809462247977,13.420000000000002,82.56935034895747,0.10324231425512376,1.5610341700534276
0.03311791815669994,0.11112344205766526,20.094057347550212,69.24487684451287,0.10160963038156064,1.5680089337006322
113.72336196840456,0.11268782057754986,12.488704577407923,151.44521292550513,0.1036717883880549,1.538103042242759
1488.908794293242,0.11142993725936011,14.966304323427579,113.88286067034602,0.12652775053240295,1.674000837141481
25.936584433442615,0.11465556194067983,14.646589353499783,66.41182293887914,0.09955437846998222,1.2044928122391347
0.11139762174110102,0.11281683025238448,14.739530122475374,85.50655732156417,0.10332829828900617,1.5581766857643107
1.177058812536362,0.11566283281889511,14.283231443817973,65.492396108864,0.10153641177579728,1.3603136159284563
57.94906885944876,0.07652097207741766,10.916089325253564,229.83492391313945,0.10367325246565452,3.2035955987092857
237.3380674259771,0.11407863962963774,15.745548939027305,100.09255574869945,0.10506856789575476,6.951763365888736
9.101416630040758,0.11343657748782252,14.577606665145906,96.67503890772082,0.10147812079368163,1.68093613769049
0.2573722806565434,0.11367865271458852,12.639572204572445,111.2896775685578,0.10736363053180514,1.7777987273271805
13.824945984615315,0.1161500657160709,20.571412789283055,63.49909498903139,0.11295084862953227,2.136415930293714
0.04515623493453579,0.11194387202781464,13.652539628251775,77.35013639064061,0.10233947214193163,1.4711538725173767
2.7017702554744547,0.11339842612442241,9.562000315772487,106.87925144900328,0.10608019454430069,1.694765646391323
0.022325782189230817,0.11220109517755764,14.355996076587424,79.35180705788275,0.10230583742538055,1.4959675941162587
5.298432720867238,0.11124543992683317,13.737824604007455,79.39525949130575,0.10169910645341339,1.4199708328409955
0.04871352949124341,0.11315689424548137,13.239020140345575,85.77349588306032,0.10549205741945461,1.5908878462204754
19.124874520802383,0.1150984577430803,14.842949740507606,111.83615797273347,0.10258053737592612,1.5135096096842044
1.0466947237239577,0.1109742996553493,13.64440988094479,65.95555468498151,0.10121559669641979,1.4162643230234657
1498.4464709378647,0.11260025428168263,12.886650287731479,339.6302377680939,0.10273193839493742,1.4929019591139658
0.026441810744765044,0.11297322175014743,14.002966937503826,89.34341455837091,0.10364774207235464,1.5889114023435873
12.607582298585545,0.11358210001426985,14.161887390536789,117.24826464329334,0.1041930351186211,1.6226978905653429
221312.56588980748,0.09794792186318774,12.678000002054596,157.42988816561456,0.12083721840916138,0.6854996963918296
14.411828395935046,0.10657559484379452,12.09944172197623,63.74400192224539,0.10865403247843232,1.834499152097825
6.774809145966441,0.11612858386072586,18.08191799194019,121.65415198239901,0.11289321049464249,2.1742950780234818
307.53826433247036,0.10979730537632404,13.726424645210706,43.014374660238616,0.10472103931496883,10.656197252654083
632872.9215952803,0.04006434300476846,8.12168393910331,22.739560731289203,0.11257634868123395,0.523238652149697
0.060696105216791904,0.11389531603767775,13.10919433039788,100.44743294585572,0.10469022232674646,1.6341982820802583
0.32857858379627775,0.11046034411094852,14.53017087858322,63.16003077520918,0.10134181150320601,1.4106967911692632
0.2257958935439213,0.11171545849263342,13.925128885005211,66.52626333976707,0.10133230920428296,1.3999335447473147
0.04755132681441854,0.11055618042199103,16.251908133990074,74.90589218940215,0.10360026602735431,1.5809124067421507
125.86913505283536,0.1135644857736545,13.406276494818758,35.140130388374644,0.10415279660702001,1.593139121362868
2974.1853762997125,0.11714481330740048,15.503238909171355,181.81697787930864,0.11724187353489263,1.4516692515579308
0.07825624032969837,0.11201182369770907,15.178697926616353,80.69787047706808,0.10273426383215249,1.5357165570794722
113.24396348811788,0.11740706843458978,13.149016934638487,26.916195311604667,0.101891647680811,1.2332558267692368
34.28767300741065,0.1109550701947554,13.33013590618794,54.502904704750904,0.10508935378982728,1.62427084027596
79.44028169118121,0.11078347438750405,13.524556242569933,60.70360856088274,0.09700555730459429,1.5975334115506286
30.946462576678496,0.10935535381411585,12.175163723779782,105.05080411866174,0.10295260910474262,1.5032204790593315
37.5318548639302,0.11039366362380287,13.994661443985896,32.50548928142814,0.10147839899842225,1.2621011886090665
1.9404123165652212,0.11665891318887064,13.622486448110728,93.148922075087,0.1040642289630483,1.5920299931897643
0.7081375738424482,0.1098170539404156,13.987635370232686,63.27477801656977,0.1009866751328212,1.3615728035589703
2.618844388001161,0.11386694495433852,15.533194146988944,97.80763807376383,0.10478571375237052,1.6357514743727597
0.31766073226863845,0.11313890878403332,12.990963979782686,87.22329012058935,0.10413448656524207,1.5775855238475565
10.66486803464661,0.1111108815539552,5.398962958546873,113.2090458503069,0.1043851511430912,1.6219461980134575
32.72741517260913,0.11138913816231993,22.5947752106005,96.06110789355643,0.10021046355323647,1.5424295403152009
2006.7903991314429,0.10931062860545014,12.828020482636799,115.14145010535862,0.10698449854434262,1.1786410398676948
0.11129069110851153,0.11530452316355855,20.151954181687913,66.2415006616439,0.09861336324445055,1.3579187862847872
2.166781703053222,0.11149491009682111,14.208400641104479,72.51914192859027,0.10096365048276595,1.474716537022939
0.006002635021200572,0.11420174567620815,13.106122624118736,101.34859080352635,0.10489274186092118,1.647671563472933
223.95788053207622,0.11276939982734144,14.747298106252032,89.3486546819928,0.10357180092110982,1.27004860918984
23.038726605534784,0.11400000000000002,13.420000000000002,99.98000000000002,0.105,1.5087236457263646
1.3083437918015082,0.11074237637523932,19.26015532491234,74.50078388508138,0.10263036917041282,1.5805739452159413
982.2095921664936,0.08427353473503066,22.19947565484726,74.38262119656429,0.10245658292930522,1.495941173864889
116.6595592973,0.11142993725936011,26.799425721937396,37.86369535609077,0.12652775053240295,1.5349999837618853
2.4425381868852716,0.10960236327732469,14.609350573387319,75.44849078344515,0.10815446265468275,1.8214958713067206
1.8565329236063184,0.11257794511517386,14.14267188900046,84.72038238404713,0.10451389236112472,1.6483232427235919
49.14696045360921,0.11159782536297774,26.23171533538109,77.98341497022943,0.10296009449510836,1.5361790552654284
228.06817261127193,0.11551692943603878,11.024769198698552,175.65749473682166,0.1074935209596585,1.5773430189681186
181.3238328756644,0.09647688963039548,17.243517190293158,161.68379111175153,0.10479381623706074,2.013042677374931
6.147794988107885,0.11403407765000914,14.384885629735379,56.101173765841224,0.10013299524802055,1.3226605099034678
0.057157753891328045,0.11425209735118302,15.780215756774961,103.52574712787413,0.10552976145068393,1.7743783820635919
128.19625370763038,0.11175774553483839,14.625341275368719,75.06217673059484,0.11392575946194304,1.5008103984836492
0.11418914248019521,0.11296365403320005,12.337880656116155,89.96856772602314,0.10366155273337833,1.5578442633263023
2.6729803318616874,0.11013602016018109,15.824063524432916,60.0300445232196,0.10422687080645623,1.4217788709820534
0.9441516065649935,0.11320225486235991,20.429017441520223,70.74667875897688,0.10230583742538055,1.51802732332001
182.39282589601586,0.11317641949157523,13.19844140482385,79.39525949130575,0.0978268654712349,1.1266259217402128
145.6850532416297,0.1103105264130211,12.98058056117982,42.50167953770995,0.10576619449027318,2.0565466599476103
2.2668281120901703,0.10985703426183993,12.12024108135984,52.51905116287787,0.09908299194770512,1.1976907706737165
63.142910902024745,0.11493197458124865,10.45383695191679,95.04032517237948,0.10389045029352593,1.8598182376937
469.39303815586453,0.11501422542076659,5.50882279321284,121.8945386818009,0.0945133159288098,1.0781528679864136
1.6548569054324087,0.11424383624757073,14.209025280036766,101.54658794068985,0.10531601583498486,1.6466718447447422
17.229476141064787,0.11165406675878653,22.42210151305979,69.22633267199791,0.10100685689094771,1.8515402926330813
297.16146641233786,0.1178508979186828,8.978701023982204,104.88183321003464,0.10684419871006731,3.9632465235417476
19247.715965190633,0.07537708663069893,14.53618391541718,96.9543526242872,0.1321305516222331,1.6490458051846968
306.77704792299005,0.10957884437748286,14.672702811164935,36.74777074241791,0.09246937587957402,2.577462169926829
0.3537297199640137,0.1113273064193347,13.546508733604744,74.36827534486952,0.10301998515768698,1.5053500046154262
315.65103432578246,0.10455665840722014,13.748201514578708,90.89843790696602,0.11158909263085395,1.5291539899815705
24.144147693296482,0.11366104600712043,13.426403898533959,50.23969966927581,0.09721782239042806,1.2735938981971566
84.84996781325506,0.1088684621400775,12.771166599782335,81.09811832531676,0.10462068675248094,2.2821156370010334
3836.9542109070226,0.11171545849263342,9.782383287154733,684.0172461062702,0.09914697355892443,1.4541836079217028
0.8240097368849506,0.11302071521095633,13.730301620093167,64.7885697917514,0.10065398294905153,1.3592952591071823
110.91579583436102,0.11166069207941196,14.74390939721268,75.102496534885,0.11273812432654141,1.490852560059154
1.5878870893436603,0.11184230326300601,15.503238909171355,79.52724276918207,0.10385095544726075,1.6376686328041554
14.83122187094337,0.11201182369770907,16.256337624641965,94.41319514791024,0.10403448180312237,1.9349582957829883
1088209.9442546386,0.11638339770819324,7.681407157195462,112.59184928511644,0.07596884201302187,0.3194902232519281
376.47154553290113,0.1114229006796233,25.930293805754253,144.58339981205626,0.11574320263401833,2.1246473315319037
0.0546453578314106,0.11547580718275957,15.01462820166202,115.4088141514178,0.10678776241496026,1.8274815229435593
0.008331011891214051,0.112648100671271,14.205977779521925,85.97944563924085,0.10366811209260957,1.577001038660983
0.043364025615767965,0.11202192486699178,15.52009717958273,94.24024860405416,0.10579203436031183,1.752973512800862
0.04922579151293929,0.11210097352966644,14.596491265552512,81.63434490851802,0.1040642289630483,1.5707760226348615
207.13172816264367,0.10950267507229514,12.170490910510699,12.099507233726854,0.10232115767782356,1.1538071429901873
84.89565430852949,0.10864082805262945,10.911178622958136,24.66932095994929,0.10356535228904407,1.2546530194475043
9.69681824393589,0.11808151579919571,12.863768446190925,189.93592647145744,0.10854808518352756,1.9695588700215083
115.43842925752867,0.11001475471806149,12.683886576386836,97.7634629468987,0.10537100151105976,1.4267344110220206
0.595675731414218,0.11345273948541328,15.66619367711309,67.34150209277715,0.10178897939129221,1.4322735557573925
161.33875508683536,0.1036052873980467,14.028111397067706,12.79248284414291,0.11046490533168846,1.4667468614960324
0.05377069430569562,0.11523606269034045,15.407890336969958,112.97325664262695,0.10654373941430098,1.8217314134119427
0.6644597343983745,0.11075637253271303,22.33114027454877,57.140773939334736,0.11331262099606457,2.104100915017099
24.9585574618634,0.08397272220888302,13.106122624118736,141.4550610042523,0.0873612003808022,1.647671563472933
177.50228891570876,0.11276939982734144,21.736826904563134,138.238975275337,0.08723351438478344,2.7218087911140865
175.54532960510758,0.11794249624517397,14.660319024439366,90.42302675156952,0.0944703713113785,1.0906966385367047
175.8688173377776,0.11094774221054804,13.935353932637614,91.57973967219334,0.10381794673021383,1.3236488853552082
18.98710135084072,0.0928370776013449,6.741092522331556,142.21558248266695,0.08791180582469921,1.5459987384192786
6.4829853866928175,0.11142993725936011,24.10362653326719,116.58928732617989,0.1089253176690197,3.209311555289115
0.18206388176819835,0.11551310058460976,14.219799010560152,115.17545443705245,0.106429245843151,1.7735257534891282
9.709305627770357,0.11257794511517386,14.210269449925615,84.72038238404713,0.1033851595535312,1.6889268824190111
0.13412721216148937,0.11166091482672283,13.057022113327655,77.23982160671505,0.10308557056220244,1.502038770940593
115.40014658204122,0.1088942117819491,21.462199045435753,86.00231892689533,0.09779590889034259,1.3255735987362147
233.8142308958145,0.11002701793643817,18.71422698114179,57.60682446737161,0.10035395157073917,6.951763365888736
1515750014.6858401,0.010202038992790513,7.69255942237368,79.45227793039459,0.1212657477675926,0.5869036491590887
5.987911405286603,0.11498879398289415,12.639572204572445,109.13473359505588,0.10599047288550105,1.8115615739547355
9.436557848536449,0.11251753325795985,21.965647670910514,63.49909498903139,0.09128794865685211,1.1810390920307565
2.4152845284753073,0.11296365403320005,14.472232020097461,169.63719776107075,0.11894701025892751,3.8404185992754165
1.8389191392038533,0.11188592209631745,14.231168152246987,75.30927299348514,0.10422687080645623,1.488529558331659
0.013471439295283012,0.1099806754743704,13.040063737367023,57.11425492648084,0.1002988838909822,1.3006550850629175
1.1626751332647538,0.11317641949157523,15.157004294399675,79.39525949130575,0.10319635694217595,1.568103295107802
0.0170330344173618,0.1129401702027906,12.837876351398965,88.93741992444131,0.1038994158159793,1.5568578612828645
12.019288779068098,0.09285705566223114,14.5218830079927,361.38840877624233,0.10646769550780442,6.268869371874471
1.3150351635033433,0.10507906732000792,13.64440988094479,298.13465141590723,0.08290020259537154,1.5229879206372994
18.974021764951345,0.11480306438038027,18.04644807289303,87.83219557177523,0.10223760251317679,1.814872889575783
13.326148771732022,0.11517521475597729,15.380475162484208,92.35741604586582,0.10492054257860677,1.8156982864657047
4.728101305083262,0.1163423570633351,16.12062030745472,117.24826464329334,0.10300670279430085,1.8012462081864928
0.1795476061518717,0.11180522741934901,14.654962659605225,79.53233799571711,0.10389896096580825,1.5819052539991807
0.9114357002741267,0.11215303002420307,14.418239272110032,79.83365840351689,0.10435687646235253,1.5363577981754544
5.324471650409771,0.09961870860620842,19.655618207390134,471.6810737339704,0.11076462256424631,6.9814001873181555
0.1609803315451324,0.11424599800610044,15.75844002176662,100.70500372405331,0.10603158408009446,1.7857545540368012
0.02562657378598813,0.11347675223063615,13.867777503067895,86.89431364484648,0.10377496038979515,1.5540111285954845
0.015929561350110807,0.11361230424994942,14.01594840534995,95.00855321881181,0.10428319498790589,1.6229259187288925
423.63858564497855,0.11476484549906948,6.009230824966158,124.98202372564396,0.09481933740365861,1.1004927142484924
43.67742488949352,0.11171545849263342,14.260974652255678,76.20970582018839,0.10090254121216516,1.290193109024413
396.27153903109354,0.10871372232751578,13.993560700236156,26.68356388428674,0.0910797006856468,5.919946416798786
89.23842487987164,0.11377364256076455,13.462207237460413,96.33142980656305,0.11273812432654141,1.61006422336889
0.4054430093916837,0.11702645423175193,13.040063737367023,57.11425492648084,0.10566111842784834,1.3006550850629175
8.503245158588028,0.10880612158134759,12.266247554173525,94.41319514791024,0.10312754060951938,1.7565123690422757
0.4340167573821496,0.11353477992652725,14.130713595507904,92.88139952769768,0.10404340452590453,1.5868864993114418
0.014525303037359136,0.11541809620878334,14.016235407608617,115.26025664133965,0.10684049758341685,1.8040479110377206
61.834178382439305,0.11224379599888445,15.01462820166202,80.30730168521836,0.10678776241496026,1.4274264891096102
1.051271215271722,0.11266485301091365,13.536929180638438,84.51786719382994,0.10287119479750824,1.4912705202949343
0.7992755763928394,0.1109068378657597,13.994661443985896,153.8758925498389,0.10401961793178997,1.9263332511687636
136.60494188029696,0.10786524582945661,13.622486448110728,18.989919440116523,0.1040642289630483,1.3535388192055713
16.503193520570868,0.11947604651975713,13.538195953248511,136.34825968411866,0.09490287796630603,1.5240714071336985
84.22926512063592,0.1108895800445609,12.617508706444848,95.83598432411003,0.10072803342355462,1.3246091694888538
0.012899659307400535,0.11375013180673488,14.711750419794084,101.04062574501762,0.1055419089388734,1.7257652840922635
70.7043923029319,0.11391921809124575,13.539587643080973,124.53999973127907,0.10778711281951907,1.6219461980134575
1.9620951693311217,0.11266749756078881,14.219296374287392,96.06110789355643,0.10471335863876069,1.621284329770118
56.355224090870564,0.11120335958541439,14.028111397067706,70.60749021912295,0.10211748645421082,1.8171377957773363
0.19520807040179744,0.11523606269034045,20.50078835120801,96.52662362758394,0.10388845735324574,1.7508959451811688
3.282877090096452,0.11069028771329298,13.569491201647054,68.9448536799506,0.10080692027618464,1.3511075508279635
98.89767151013609,0.11635107728344048,23.139720161916827,101.34859080352635,0.10489274186092118,3.805062485614029
114.64218273801575,0.11276939982734144,12.217346590984164,24.028558715010092,0.1031687934965673,1.262154705521377
0.024668375825884135,0.11222243895797185,14.421090245928973,81.38208973402965,0.10384846965933549,1.5686566847846706
48.080886574212904,0.11049150724172563,13.697245724550768,51.51356881161797,0.11235616874766177,2.0428170646518957
604.5623920310829,0.08427353473503066,13.722127182905783,90.0728898499869,0.10352401892360567,1.5612773227169647
161.25051092908265,0.11163837799772326,13.53685514263518,76.25025554051734,0.10291901183336342,2.619108353112078
2.276253966040864,0.11390558972768951,5.978447593424082,104.74647616001704,0.10585428820312626,1.5541537236547605
31.416929211461973,0.11445901905911479,14.210269449925615,57.1255868221113,0.11492361452922017,2.0306404652055945
51.36287208347346,0.11401586323041332,26.23171533538109,100.08470919183975,0.10524594925288241,1.7176912374328523
28.724047022836167,0.11236677359863448,14.133747820375394,57.77678008437948,0.10367325246565452,1.5773430189681186
62.69607753128807,0.11063419039162248,12.602801430148688,64.80387747100531,0.09721509894464472,1.1350620973138303
0.017316286368531723,0.11501123637949255,13.765170134839707,110.75350451702883,0.10618171706355192,1.7570561456502851
478.618863825984,0.10697468569608809,7.230107240097398,13.299971994638327,0.10552976145068393,11.736898247467364
0.3544268323390888,0.11806039088520615,21.965647670910514,128.09349457257366,0.09813723637505381,1.6551533246573813
16.18421522371589,0.11231128808767599,12.337880656116155,66.58802015050355,0.09991642753004554,1.4361416044044102
15.81945991794041,0.11211668221877011,18.49149794150687,93.67984055841441,0.10170919086363339,1.5324900881903734
10.708983351324662,0.1099806754743704,14.259270312650518,57.11425492648084,0.10256695131345546,1.4928302590259976
35058.32859576987,0.022915795240603325,11.332878304615486,101.1221990214691,0.10200284545777864,6.601874046128607
90.09770245113306,0.11509968159958636,15.434800837060301,138.9753822773365,0.10425613514445665,1.5568578612828645
167.1311711726446,0.1150984577430803,7.410538788604935,106.2077733800777,0.09647996855060162,1.7913522789417673
50060915.79924629,0.014265360326842808,13.64440988094479,21.946830126269504,0.1126939033816036,0.510001863225833
1162.3999547430328,0.11368909648945494,22.109997116505305,339.6302377680939,0.10563960806551227,1.7265999588359948
14.050273089456663,0.11311403066565555,19.891455545329137,115.23446521551324,0.10492054257860677,2.3261025903776686
0.0501334740846111,0.11559988244510648,14.687092547232506,117.24826464329334,0.10906135573627745,1.933821703743961
49.30899257720978,0.11383049839104196,15.391896410614095,100.43670258724433,0.11717941281692817,3.9632465235417476
0.26808071948231194,0.11449964416011917,24.102081350372238,57.01443583275011,0.11454169161939654,2.04307340350826
4.592994146517211,0.11240208004154312,14.22587798988689,121.65415198239901,0.1050516059272342,1.748830382525001
12.984791097323537,0.1011146870636171,17.41689323197478,352.14188455550743,0.1066624921320641,5.398178106550459
0.18973169529930578,0.1128230233327239,13.791793267759012,90.89843790696602,0.1038686277263831,1.5822787826289249
63.08663071429342,0.1008400789260139,18.749953411574324,98.10126454837689,0.10617279831729301,5.39442419071778
159.1581575019432,0.1088684621400775,17.712369031577733,350.7732967868827,0.10652961151677325,2.2821156370010334
0.15383284108814618,0.11171545849263342,14.74923434881474,61.97137379432502,0.11140159904396726,1.6865045478260328
15.490989412497376,0.11302071521095633,14.26866042980309,72.22832394200162,0.10218633386234288,1.5809124067421507
161.3079775161321,0.1010638319332447,17.420004225173848,35.140130388374644,0.10645738238645663,5.384532502780874
0.009967153723393615,0.11231356700693867,14.36144575311336,82.00773505012057,0.1034824983941912,1.5556354353985515
2.574300245261614,0.11201182369770907,7.953593573621514,94.41319514791024,0.10585857882506075,1.5942352111498383
3468.761024090555,0.11740706843458978,4.769835823478676,127.36643709585462,0.08762058244416801,0.8482401779404407
0.09909949446746832,0.11186809474081717,14.269289828752344,78.66594016913905,0.10315667678308316,1.53687763638575
52.981241626327595,0.10104547391969777,15.01462820166202,328.2694641583007,0.10451257758550919,5.1834223129251535
141.679351862856,0.10285562989535921,11.576314456323239,931.7733701073755,0.10253033366621499,6.477104772996038
20.885085779016705,0.11453756397582757,20.135440159289132,117.18115461280911,0.11101144093650618,3.104471846977661
0.09877187419777819,0.1133157788093282,14.980691817157929,89.25951846678805,0.10404516258735885,1.6265606057909485
0.28252655666250126,0.10874012777230008,13.538195953248511,269.9964789013401,0.09184368717864583,1.7019250254463598
10.993514768585296,0.11775280820857241,13.783287415587843,123.6447173824995,0.09683402236133584,1.550000684276629
0.008682260083490857,0.1140217318052034,14.512529886273342,100.34291736915748,0.10516043994731941,1.69776710854509
322.59883631084836,0.11918157331193963,15.13974932737119,56.715644317475665,0.1043851511430912,8.534703208300588
0.0049283177220608015,0.11235051373149424,14.403097165209292,80.07733754664417,0.10284418605896943,1.521982977842578
10.592389503183263,0.11513657088317517,14.220165079869455,100.79882153078006,0.10508821081700277,1.8171377957773363
0.010515449810262577,0.11346955154693975,14.720941662205103,94.47436668053302,0.10451620211936986,1.656874056275055
35.29494513571855,0.11308861076492896,22.57128511934415,88.64512077588569,0.10370908412188348,1.5666632758193542
2.4883426207299832,0.11011604410249483,24.291475305979603,34.51955717861813,0.11833482342091395,1.647671563472933
4158071.843652704,0.11088698280357329,8.635912096496167,54.803187484390264,0.09598675202354429,0.03760399023600414
0.016940224650811492,0.11168252829384595,13.577661333466184,76.34236953477784,0.10280019900861262,1.4912063142823122
28.583613514615273,0.11080404158479468,15.33500121871877,91.57973967219334,0.10142836599967332,1.438676507985245
195.24834983811584,0.11413430466532293,12.916310470546957,89.19987910943331,0.10259152655223688,2.8338175091684574
0.2881210759585303,0.11496953947082084,14.834977886267605,109.64704787524164,0.11002160170769147,1.9961414470420369
38.55466379360575,0.09377597180379336,20.376727566289503,108.58576245105314,0.0940764157254588,1.7552046451145795
0.49598085786541,0.11257794511517386,14.072851411215044,84.72038238404713,0.10269752888582766,1.5581766857643107
11.304705904359107,0.10923913410615187,13.241553834166815,110.3771109540885,0.10858975505719283,2.2445252725712623
1241.5987124606836,0.11439683988112542,14.205899813135998,97.26632588081668,0.10367325246565452,1.0884483457395149
548.1720107216657,0.11559088564005714,15.843406367809616,460.33510072328284,0.10356246465785042,1.8007572865491523
0.00453101942213943,0.11099303695220109,14.50295627526464,67.28806694222374,0.10147812079368163,1.4167146688084093
0.005833119700995511,0.11170121047659838,14.591227094346952,73.08248189573186,0.10195067866171396,1.4643008803723152
19.90417152025514,0.11291983670582682,14.01861844289557,63.49909498903139,0.11392575946194304,1.547319904531518
12.283076338986069,0.11589442972454278,14.750039174866945,89.96856772602314,0.1068628424891052,1.8336353362968936
82.79502781756462,0.10951194139609643,14.13487869187971,49.98741298990586,0.09779316244993472,1.5799970665488843
216.11071906094583,0.11190418587314865,13.040063737367023,68.03148252217261,0.11167452546621777,1.3006550850629175
47.124382682656986,0.11048628731670132,20.549509025602816,62.45609446770845,0.09932569337604086,1.2617238032752747
25.355402833205357,0.093235938528462,21.624904705453964,88.93741992444131,0.08480450918669394,1.9920475026862547
4.844092602153289,0.11331617314289266,14.447522727621584,111.83615797273347,0.1051651950300465,1.6888917078773806
15.154211611817338,0.11267516046752037,15.209777387238073,153.5589224419577,0.10540255663823489,1.8598182376937
59.948739215896744,0.11281477230957024,14.447835130517202,339.6302377680939,0.08579193174997546,1.814872889575783
175.87149042747362,0.10888282327091912,14.002966937503826,18.82567420787717,0.11410766988560214,1.9079878949998799
126.23009349906982,0.11250606973808532,14.277934579704752,117.24826464329334,0.10906135573627745,1.601569541324058
106.86131914312759,0.1178508979186828,15.587072387433816,74.3821765502438,0.11717941281692817,3.9632465235417476
0.2392656939736436,0.1144416394625426,14.53618391541718,102.77906936351218,0.10538684268467469,1.7322339411270082
1.022084203482759,0.1124803695256208,14.672702811164935,83.27379695836754,0.10159715439815117,1.47454836502971
2.186764253640347,0.11419785417512746,21.864842012807962,68.99777659555184,0.10107640736748486,1.580390413318601
11.052697100619131,0.09180941831341137,21.02169549232574,90.89843790696602,0.10377496038979515,2.7159831848112272
0.013396852569966932,0.11142589221961932,13.426403898533959,98.10126454837689,0.10500581879788244,1.6982881090766444
606.5498894275502,0.11166885275565544,13.927553744892812,124.98202372564396,0.11153860715279282,1.4785603470138593
8.045325636799197,0.09920279552813545,18.088071729433537,371.370722681322,0.10617748595191118,5.73880854238209
0.12085349218449831,0.11035020782279865,12.778932756211322,125.53535465005592,0.11092532313983701,2.2013246873386896
21.271388032675432,0.11125508517836052,14.885449731633814,35.140130388374644,0.09951064077729255,1.2097100281145643
0.8439353076914513,0.1134417971018857,15.076815142351906,94.04433288103667,0.1034824983941912,1.6618682968743856
1573.801535973839,0.11189728061018041,4.763827065792235,129.96515763289625,0.10583575983603878,1.1733638890679057
0.010728321620268742,0.11142589221961932,15.622441569002843,87.48446688754876,0.10500581879788244,1.6982881090766444
8.327879818954022,0.10846116857328161,20.593218423049727,281.18273693053607,0.08943040474372077,1.742168495354683
80.91738041221627,0.1109139884108255,14.183098001330317,64.80108235068502,0.10067360103070427,1.8274815229435593
2.523228484196756,0.11237855331715238,15.056894561630248,60.48818762125342,0.1009475120753922,1.3893347348063578
221.2277086609878,0.11468375323977309,15.047499739015294,106.7313647294834,0.10731501294852838,1.4121495851253707
10.754394341137814,0.11385265222654227,9.232442486394554,107.67645341522291,0.1040642289630483,1.6700356300335555
0.7629376044430265,0.1150420864297731,13.538195953248511,112.43640054020614,0.10701973636302507,1.8302920831655332
0.18491609616772275,0.11348447525239869,14.948634570453192,105.44248145347467,0.10754250029000527,1.8377281758516233
0.08753722983464074,0.11012014373506579,13.729347626484078,56.93491093485892,0.10028384200960855,1.3179257277410894
1.8440051226835363,0.11391921809124575,14.603477361143245,83.90946445606914,0.1043851511430912,1.6219461980134575
5.533482941705534,0.11235051373149424,13.536462451375964,80.07733754664417,0.10592184104565402,1.6976167525392896
31.33182874825726,0.11176783066252637,14.028111397067706,76.99929007603401,0.09833198939565,1.2570218167057208
71.32702134978416,0.09016815299696541,14.720941662205103,94.47436668053302,0.09106978560205142,2.5606128054408552
4.117680056980255,0.11186410843126082,13.809537634412234,68.9448536799506,0.103196498842753,1.5179942159118758
11.560085409548083,0.11172659420044379,21.55453676130528,253.52458747322632,0.08313739231982764,1.647671563472933
0.7345325030107566,0.112248777080667,14.463338365585376,86.64267249557645,0.10357180092110982,1.5591388205271457
514.8927842238188,0.10871603789088802,6.341026889892124,30.856357902759896,0.09294146987583127,5.942742816276253
97.04765459484348,0.11152456148911638,24.437046849578877,46.35949269378534,0.12143823697366403,1.5805739452159413
0.5178336514930078,0.11590330637241297,22.19947565484726,102.00133038416453,0.08791180582469921,1.328744842672994
133.5347909579311,0.1128447282055629,14.986088553520519,84.9306435104478,0.10323044181650803,2.619108353112078
246.59218055566947,0.10822326298076831,7.539196289539365,25.406697154607173,0.1060653230936776,1.7552046451145795
0.07090547488834525,0.11196248865933171,14.061472025743338,122.27581816526032,0.10960479388992243,2.101279536827252
6.8254005998487495,0.11566283281889511,13.871871489095607,65.1692902505693,0.10120293474776228,1.389125438098489
127.3539718019879,0.11473657530727707,14.776958295727825,63.504847108752585,0.10367325246565452,1.1581088791632208
7.844725833046082,0.11238164094103803,18.71422698114179,83.34805271273314,0.1034733242978021,1.5625085414640782
158.9935680171983,0.10956423354771125,14.50295627526464,67.28806694222374,0.09679653682333855,1.1084471642747236
1.3053795730756452,0.11110616176233681,13.186983708888224,69.05424027324506,0.10052873880162888,1.3495792671681413
12.737381838485163,0.11172120568786575,18.299091029120017,220.38029482734254,0.09302386219765676,1.6456072163758506
1.1850812616964221,0.1130771455405099,12.337880656116155,88.97841023971773,0.10407297337109686,1.5897270623830835
11.195126119386973,0.11339842612442241,7.813952608686062,123.78816486506093,0.10422687080645623,1.5193139736417667
394.62321075323825,0.1099806754743704,11.981806789505022,11.671579065894889,0.10397887397983564,2.7076203443131797
0.032547864889215766,0.10757272974359025,17.41974409092515,44.07836972995574,0.107077633353918,1.4680847267647081
3.0227522288029247,0.1129401702027906,14.792976736386871,90.14759179010571,0.10391860235359335,1.5568578612828645
9.543557410665091,0.10813602484695511,15.72241463131911,44.230952155867044,0.10646769550780442,1.3004555990192816
10.407620632203386,0.11267516046752037,14.737438275985705,118.25109098736442,0.10553501535590663,1.7198753829728854
13044.88368084703,0.10778590052217424,14.750923322122617,339.6302377680939,0.09908905342547208,1.168739253849461
2.788019296649237,0.11311403066565555,14.002966937503826,72.7404558295953,0.1020453072005481,1.4806267860361562
1.2259526434355141,0.11559988244510648,14.688872806093222,94.0182782270515,0.10441303528208648,1.6469415605429187
79.73191173808296,0.1178508979186828,14.767897072673247,83.31420271875658,0.11717941281692817,1.617644585018878
3.995990603776444,0.11041931492307061,13.643580604123406,96.9543526242872,0.10779368638606543,1.9582444923654005
19.77363675881672,0.11612858386072586,14.043107682759194,121.65415198239901,0.10316250200008206,1.538173963340106
0.13197911122091915,0.1128554144283582,14.301690110294235,87.71523587788693,0.10482039224015383,1.6370138337745619
168422378.7672979,0.04432895552371005,12.163052533304059,63.59098707626765,0.1027207541170183,0.07360284718042287
0.15172156238319218,0.11389531603767775,14.592773204596947,88.96397639705702,0.10375362720860513,1.595625172258364
662.8007069373284,0.10824862927653944,17.708905156954323,124.98202372564396,0.11153860715279282,1.564718698258294
27.574498590166954,0.11171545849263342,13.896120166077253,76.20970582018839,0.10267389837718131,1.3508966900478008
0.15099953459101015,0.11276794051901592,14.123027478386081,89.81244734219837,0.10369902885083597,1.5810705131370533
221901.0653840399,0.10575220939714655,20.01975521852661,35.140130388374644,0.11273812432654141,0.2258965002395774
91.54580985861233,0.11231356700693867,14.791419145531167,102.64633751971189,0.10827078132643074,1.5556354353985515
1.3537960451018338,0.1100318776548691,13.131338265944624,101.60215668229205,0.10727109076843266,1.9041615390778954
1.0404185006774571,0.11142589221961932,15.413637424958267,90.46115195240503,0.10398692209693228,1.632503007800513
12.087688718195494,0.11633769081209205,21.658823934096368,43.81108255609661,0.10792527278939987,1.537375611229029
35.742110989707854,0.11547580718275957,19.784332754288698,102.67579348381287,0.10650656635122088,2.488450424925048
0.13483563782288344,0.11284148326922394,13.54202964153106,87.1664201038904,0.10295260910474262,1.5515181229189796
2.576760393913751,0.1109068378657597,14.345745707313368,95.40329112265044,0.10147839899842225,1.6585489606398633
4.3623952631413925,0.11269492057245087,18.055494544635945,74.46126726141961,0.10114837771642027,1.5920299931897643
162.96857710411558,0.1141839557111067,13.614546408417285,101.77123117997792,0.10510039661622383,1.3615728035589703
0.09707456408200424,0.11348447525239869,14.166803500968989,88.55447644418211,0.10384441728237906,1.5903957714177483
7.073770475505041,0.09702569934127575,19.003792407437906,124.03040715585962,0.09506215245198499,2.2944783529491106
1.5487489495494717,0.11391921809124575,18.554350223193772,70.59332320730806,0.10141931291957544,1.5184621021868727
6.189198404178998,0.11235051373149424,14.403097165209292,80.07733754664417,0.10509298684030963,1.7006793215299894
13.558525382581706,0.11513657088317517,14.028111397067706,115.14145010535862,0.10283897578994787,1.8171377957773363
0.02451242696791746,0.11388784732860284,14.339125933669628,94.47436668053302,0.10527361630844959,1.656874056275055
2.3500818498524416,0.11148642005550499,22.57128511934415,68.9448536799506,0.10381619967443867,1.6236344388295452
6.349673038268911,0.11232436375924137,14.444335944216563,82.09610761094052,0.10320395844608818,1.647671563472933
9.955584542568314,0.11276939982734144,14.47402815052397,94.40244094579577,0.10474385466303388,1.5591388205271457
2.0757266054998307,0.11297697543909965,14.198218960664859,90.14696202994236,0.10390868356127429,1.6594999999999995
0.2857089076211633,0.11359583739854592,9.327911364873467,96.86865891049308,0.10494083127432932,1.5544386907404828
29.822743177558387,0.1131301590399898,22.19947565484726,88.51608919294029,0.1036246474770098,1.5705704752448524
2.7067175997545987,0.110927278507371,26.799425721937396,37.86369535609077,0.10129672232315112,1.412756353980706
0.01696839586955106,0.11439534017762616,21.235080116701972,68.47738733908079,0.11267643676630001,1.9683864961004671
76.84187687345364,0.11257794511517386,18.977585827585596,437.1243378880436,0.106818006927188,6.69778754842802
414.4026132118013,0.10999780077376514,13.083119270169579,56.79090995852289,0.11974320787182088,1.2906700774858963
2.299812371502879,0.11360091273103083,16.312757373934346,86.00231892689533,0.10443654076598803,1.5773430189681186
10.270457338429578,0.11414558739183875,18.71422698114179,103.6442173602644,0.10536461195132912,1.7092703890572665
0.2103507627327742,0.11563785319157986,16.46761528649682,115.35454505283593,0.11191271507006281,2.1487527341307118
391.6695242876042,0.11170121047659838,14.591227094346952,73.08248189573186,0.09319432798772434,0.9991251330119955
623.4776894419751,0.11172120568786575,21.965647670910514,140.09020779896673,0.11392575946194304,1.7318042990151516
214.7190692641688,0.1031770051205009,19.049311519403187,7.115251428892918,0.10407297337109686,1.3308922384356467
118.11673743557441,0.11339842612442241,7.829513668284994,93.67984055841441,0.09590380912449875,1.6230537349031042
159449.7266344325,0.03356347722769216,8.125770235661426,148.1096189173627,0.09563410518171217,1.3006550850629175
136.19261282076832,0.1082974851006947,14.13149733884939,37.76046425565437,0.09280573335561035,1.4680847267647081
40.99171149173366,0.10077953370054638,17.579867243912624,88.93741992444131,0.08397473417292542,1.5568578612828645
1.2514023611709764,0.11245798703773544,14.526936500671349,82.9419703108041,0.10118701079653336,1.4553651873078044
18554.064155572567,0.11583358114692123,2.0480720332431126,153.09568170408778,0.08360173609874474,0.7229398630240214
2655.1166904472043,0.1128145606392718,26.02040355245224,339.6302377680939,0.11585971967667891,1.9840377030634357
29.08856695162182,0.09614915007970277,14.002966937503826,438.4407730229785,0.10674217171655935,6.677365876391169
80.79484602875723,0.09402864838025982,6.942233637767552,480.4209348007147,0.10906135573627745,6.109214668988166
6020.775133933037,0.1178508979186828,13.80091804612358,157.42988816561456,0.11717941281692817,1.2070474532192623
87.14820402742993,0.11382429982844486,14.53618391541718,175.5342734739923,0.1065308470478184,3.3243876260160734
255.74592436128745,0.11153130609998313,14.672702811164935,292.2459325628555,0.07849283514225897,2.1742950780234818
46.4820105341518,0.11069405893982884,13.726424645210706,100.70500372405331,0.10113799110115793,1.4158864956604313
0.26372330370727276,0.11204408783429576,13.748201514578708,79.04656759904202,0.10276229944594703,1.5186405861573906
0.6455620799371304,0.11314803503727341,13.426403898533959,93.2864609712106,0.104577786926828,1.5918943172184257
9.400191472019618,0.11587118740965593,12.771166599782335,124.98202372564396,0.10435655712485603,1.6041348576021708
104.8895098628262,0.11551710732397595,15.13212655782639,116.3335518725309,0.10651537323264682,1.5087958219939175
68.25005676002996,0.11936228437106754,8.192311997963024,134.51391751353373,0.0945230019235922,1.5260228367910003
77.98529244452926,0.11240390463788998,15.570007951157146,83.74808017459878,0.11273812432654141,1.6066099121900894
220.29308087399687,0.11231356700693867,14.36144575311336,82.00773505012057,0.08821921577609085,1.9475364374805366
8.918245066719674,0.11226909983712854,14.472123941500634,94.41319514791024,0.10265053310646866,1.509026671347983
0.017444256299075277,0.10795870215921248,15.622441569002843,49.91596700442483,0.10747812852118095,1.506066938387617
0.38169445864685747,0.11756275263453665,15.165530760144193,140.8220632601255,0.10984892569950873,2.0575209695124856
156.81773597216682,0.1104418926495013,13.114754401167405,61.62245721210729,0.09515942282536324,1.8274815229435593
1.3877945642945817,0.11386504066586292,14.648144560221168,97.35512402185634,0.10998647741571463,1.9633604561118947
0.0034582403650224346,0.11240638875984604,12.970462639968236,86.75079569909963,0.10378051431705504,1.5576189496410375
123.94050175938489,0.11227725254398793,6.632328608761217,89.25951846678805,0.1184391703989691,1.5920299931897643
15.56823907048031,0.11068239809205396,14.117585096869313,42.02015119576066,0.1009866751328212,1.104235954762757
3.2870470638900757,0.11455378976951769,13.338683981679665,91.47833658695026,0.10443776410289934,1.518136873967487
253.86423200276124,0.1140217318052034,5.814823589229626,17.564654976756287,0.12154764438270729,1.69776710854509
23.54032570821388,0.09755850619883985,17.275402643359623,438.49991470286375,0.1043851511430912,6.58103385812515
25.144355557236146,0.1097488633382204,15.14167065589784,55.256250334308845,0.10057459308625835,1.521982977842578
19.041472819331133,0.11266768676723743,12.86544327872912,115.14145010535862,0.10367328642488792,1.5600943811259773
0.014534849630744539,0.1139589991143978,14.143727687624018,98.31608378787604,0.10449626281165117,1.6469152538930265
41.30522828574148,0.11200214068259778,22.57128511934415,77.72336153953898,0.10225148804108619,1.4542118704516982
145420.8742217011,0.0738221514557476,6.778399322636865,35.313812438704815,0.12006143287869299,0.4598238041810756
1.751427426905419,0.11276939982734144,15.48393727231135,107.75873755328638,0.10357180092110982,1.7968911383388262
351.6421188275011,0.10264083702004395,8.965759500444417,169.57108664023326,0.0936185870702792,5.215986442862964
6.023093160012075,0.1135758706137733,13.89516979226439,91.57973967219334,0.1024456870914807,1.4703228730218942
21.550374763291803,0.1111968911159499,22.19947565484726,71.12468098021822,0.10227405629541121,1.4694381176355948
180.8844347573406,0.11170722624259356,13.441206753005059,73.95859282112212,0.10169646258948496,2.619108353112078
2.1174705888743937,0.09691718090888565,19.111854994058028,415.45303089226957,0.1060653230936776,6.481155984348168
176.02120395851668,0.11627122976115606,14.993307839110125,57.40431032468592,0.09716303446523564,0.9941476922502464
314.4703703845469,0.10840921795482895,7.2871145629304905,27.475213441739243,0.11974320787182088,9.824603682489801
61.11886976016274,0.11399451014500135,24.473004474706713,47.01414590663927,0.10367325246565452,2.049553298050335
11.394724776129857,0.11166704764357124,18.71422698114179,72.5693350791762,0.10179469587616619,1.4318388816482646
36.0858973363443,0.09936473313540836,14.50295627526464,381.5482736027226,0.10652317981334747,5.876606515592209
3.433157887005449,0.11170121047659838,14.276708167491147,77.90495042089339,0.10312795852303706,1.4643008803723152
54.284228709170044,0.11388342157731686,14.05073516349717,98.63487907287396,0.10494917145959753,2.136415930293714
4.514485076602583,0.11401370362473957,14.816130368409912,95.9038932378865,0.10407297337109686,1.5634493584054816
71.37299551133638,0.11322037571153035,14.293452591470224,93.67984055841441,0.10127742318461556,1.3325952444335165
0.01053537118474062,0.11435555314480544,13.367439731712508,104.5007969353806,0.10533625196738719,1.6845205182300393
97.72848876162178,0.10757272974359025,17.41974409092515,34.21605644334937,0.09429386135824111,1.4680847267647081
30.823269775362036,0.11181265891204409,12.837876351398965,80.17613647556459,0.1038994158159793,1.379028704622491
0.026064384574720694,0.11286774188356523,13.635605632054375,113.76738840394461,0.1057272877199837,1.7913522789417673
1.018290365235728,0.11267516046752037,13.64440988094479,80.81813789912582,0.10315813044495425,1.5460175139767873
174.05797684918565,0.11368835835237771,13.436053207876226,95.23419794288418,0.08579193174997546,1.6275062146154884
3.98113563886114,0.11311403066565555,14.843625850725735,92.35741604586582,0.1020909559965821,1.6466718447447422
33.767273574685774,0.11559988244510648,14.608021488516565,117.24826464329334,0.1020386880966938,1.933821703743961
419.2126180831588,0.114689226050988,7.319290639832369,117.5809344069848,0.09650115365920034,3.9632465235417476
27.141826454673136,0.11382429982844486,14.29030089557711,74.47050318191305,0.10229033527585961,1.6490458051846968
218.04035062936143,0.11612858386072586,14.672702811164935,150.83976812191105,0.09292484205395746,2.5589498162504603
184128.52295401163,0.05976397541799092,13.726424645210706,55.839240860099665,0.11851317434493219,0.7516551401180349
243.19777223866896,0.11656948270189056,24.383409446809935,74.92561099538256,0.11841746286246035,1.578349350146806
0.06489242745581696,0.11328225449227367,13.426403898533959,95.62190610793476,0.10463644671169771,1.6432668899880358
205.8370317279343,0.11812630001268382,9.100789667746625,151.32913067486288,0.09830942546019705,2.2821156370010334
20.70428476572902,0.11462380083503856,14.99204329879586,108.8233279537684,0.10267389837718131,1.5087958219939175
0.2826236814965285,0.11302071521095633,13.042269905643053,87.38589986392981,0.10353653234060439,1.5616313388024512
18.20721057566117,0.10931470070663506,20.01975521852661,113.60809977454579,0.10950754063578495,2.1394298956971953
0.13462421195259155,0.11340851796798744,14.36144575311336,92.74398080670795,0.10412811912154085,1.6351558587040875
7.195857147342597,0.11201182369770907,15.543892700828073,94.41319514791024,0.10361955135106807,1.5763806075967803
0.027671967278774766,0.11025193208775899,15.622441569002843,60.025342059746436,0.10090095193806993,1.3861097793963317
84.4102484509973,0.11175000545841283,14.016235407608617,115.26025664133965,0.10203294526574011,1.4401857383986174
0.5066339428217709,0.11422159376595337,12.708171734751097,87.45648764219368,0.10239869594758755,1.4620525338318444
0.4272375515372272,0.1125967660809932,13.809551094926974,80.40666371933855,0.1035242561470428,1.5032204790593315
0.8958679718813929,0.11240638875984604,12.970462639968236,45.801174726686895,0.10378051431705504,1.2137326715210248
1.648399428587679,0.11184015498409006,24.14522775884678,50.88852859672244,0.12236620096215878,2.437460807113777
31.781860296611512,0.11213925521609652,13.329919537747658,80.54097560615969,0.10302292855551774,1.3615728035589703
6.009855191150118,0.11213301936504394,13.783287415587843,83.30399723921755,0.10315962178922412,1.6357514743727597
0.17989401413239806,0.11317381373276389,15.880674780287109,104.12308282913858,0.10660627656145981,1.8280350157517091
6.156974904898272,0.11087060502970912,13.539587643080973,97.7634629468987,0.0997424752309129,1.6219461980134575
0.5212744783886297,0.11310937822509104,13.238675219552928,88.08400747364863,0.10284418605896943,1.5537083627959758
16.931411856463157,0.11513657088317517,12.465965125420201,115.14145010535862,0.10298483216406891,1.5004792769606814
2.7577452872921775,0.11121857234849564,14.211284696739247,94.47436668053302,0.10180957433410505,1.656874056275055
34.81175661033679,0.11317826720742172,22.57128511934415,90.87348303606109,0.10382885343513085,1.5851044144077413
0.17130274298475104,0.11420174567620815,13.839948055768211,89.67174550495167,0.10369756294291725,1.5743439387298004
65.967669137416,0.11504327149628354,8.00240853726639,120.85480391648252,0.0970854630545819,1.2526573372077259
75.98551061274492,0.11159940936317247,13.420000000000002,99.98000000000002,0.105,1.455809004489188
2.9856163370913773,0.1135758706137733,13.697245724550768,107.56827735409377,0.10381794673021383,1.745090700706811
0.03371809162434803,0.11440887630797192,13.14496307491082,103.77093276164629,0.10524939883528811,1.6789575862235866
221.03529672442664,0.11588668961754173,11.943372577316719,107.96554274226173,0.09927619447684088,2.619108353112078
2.1409995649310973,0.11213540377563497,14.377299735989343,108.58576245105314,0.10286883926301787,1.7552046451145795
0.6672535782450202,0.1115099984803357,15.351115993561118,81.73017950227074,0.1033851595535312,1.5581766857643107
3.0083356743612004,0.11566283281889511,26.23171533538109,51.053367468435226,0.10286210511877363,1.5267046144162135
6.147260184912696,0.1157492840652378,12.238104539522029,109.86972864419266,0.10161113253493043,1.617405202544698
0.013396932067727175,0.11307561108102045,13.937046485958426,87.71628758076133,0.10346288191283025,1.5599121741160218
0.06860095057546589,0.11248334118489695,14.50295627526464,84.52588811118699,0.10362118310241056,1.5833389120911328
0.010863570761944344,0.11170121047659838,15.07304125891494,69.80064857404619,0.10239966393487672,1.4643008803723152
23.34515511821616,0.11095108512670684,21.965647670910514,66.9650071500472,0.1014072060169177,1.4072096880770415
0.07891118848213077,0.11550335759376269,14.819668515650594,116.0787965744409,0.1097807414531779,1.9947295292280725
0.03005867541118415,0.11339842612442241,14.729468861177365,85.23899524790437,0.10422687080645623,1.5799970665488843
0.4525556925899515,0.11435555314480544,13.367439731712508,81.2746084263789,0.10533625196738719,1.5214002740518078
6057.707768831106,0.11453533529542093,16.729190680761246,169.05406822979074,0.12526635818563508,1.4680847267647081
0.5768823732380384,0.1129401702027906,13.315870251587869,83.43721523162958,0.1038994158159793,1.513473822076385
0.008278177862509496,0.11203012159910442,14.812973433043595,77.59071057246337,0.10270069133274007,1.5169362292970723
336957.57752693526,0.11267516046752037,9.210849777994955,43.34744515659878,0.09574324815391125,0.23677649967822934
0.016547004652402154,0.11324841192721265,12.915013562128024,92.110939375702,0.1041366710919781,1.5875337705587915
0.5789722217388743,0.11362073582047327,14.354243550086663,97.80630555189299,0.10492054257860677,1.6466718447447422
18.413050928630398,0.11102371964784172,14.124836046540665,117.24826464329334,0.10186434524181036,1.933821703743961
351.1663521954571,0.11403806096255681,22.844255401527867,157.42988816561456,0.10573389745751322,1.611577932627279
0.01775834278458083,0.11358517221235903,14.53111521208432,95.1014523139495,0.10435687646235253,1.6490458051846968
0.022210195510104398,0.112422981125167,14.912070133982482,99.91230752010131,0.1046377432912112,1.7173708915004413
0.026573509975022253,0.11352780750571792,13.726424645210706,96.2110089157332,0.10476322755486732,1.6509230617885295
37.93654173682614,0.11347675223063615,18.47103372602459,90.89843790696602,0.11012190304544794,2.764546221876264
21.494031145709968,0.1108376624703678,8.129934931067455,110.9649063479485,0.09527127646985273,1.2750163107733883
0.023798554825696448,0.11108082881341882,13.574958940342544,67.96155889157296,0.1014892781553314,1.3995559544246197
0.2056445854476436,0.11272583200312815,13.656353770146033,76.98437255972851,0.10174409451135137,1.4324907125425437
0.013249466928397702,0.11240205105489458,13.79009433539531,85.00571569937512,0.10353653234060439,1.5619151480150641
61.435814750811204,0.11278895805809294,10.042901169827454,35.140130388374644,0.11273812432654141,1.5215602228238385
0.4175773084766261,0.10890591677931685,16.506463200682045,52.65659018357604,0.1034824983941912,1.4449065696391408
29.35114740017943,0.11761874419197643,15.543892700828073,94.41319514791024,0.10029460602206776,1.67889635117779
11.470407510681365,0.11250519320179553,13.619851464878337,85.37631223072242,0.1036196432420872,1.6982881090766444
52.98685076555368,0.11541809620878334,14.107615435085542,79.75838844780259,0.10297903700169218,1.8040479110377206
0.003902837799166449,0.11172193865377422,13.9688009693252,77.6143303712285,0.10273011420879305,1.5034513956784892
6.128049657454618,0.11186384566625121,13.132911727868855,67.9944171106037,0.10295260910474262,1.5032204790593315
3.124713232605859,0.11261615005481694,12.970462639968236,85.14716118501656,0.10354057353850996,1.5994710731785196
0.006047071391535882,0.11263417598622627,14.206829603126664,85.72954299067953,0.10361195082458657,1.5732647246776095
0.016513974232170908,0.11177424313411563,14.947496855686158,85.87463179749085,0.10352083913801294,1.609433951114701
532671.4634692044,0.10894141021117298,9.231277420077253,36.66257128213124,0.0949572216022028,0.18109321841782577
1.969909370483234,0.1140217318052034,15.83065790798181,65.38357784957014,0.10516043994731941,1.5292253016260187
0.2744610860907713,0.1125484578611341,13.539587643080973,85.8463322108961,0.1034247207968702,1.5694569367853344
0.6826383756773815,0.11235051373149424,14.478838152862744,71.25441008472563,0.10284418605896943,1.4346554507937954
0.06880121834373956,0.1119110627304697,14.55164216420194,78.19757917913427,0.1031618617291345,1.5378463139380614
0.8461271782015896,0.1129244270081885,13.582576869735206,106.56105938301181,0.10451620211936986,1.7423553657897086
0.009140887088654362,0.11234440778188634,14.168905884659836,82.72687641188992,0.10330249372152583,1.5492881031946126
0.005882378357069911,0.11373987158432183,14.217235952347195,96.99757461780518,0.10470298567174915,1.6559055066689208
18.1062517518358,0.1116285254905933,7.331911005919732,86.64267249557645,0.10357180092110982,1.5591388205271457
6.036697935673142,0.11688972104019527,12.74242878765181,124.02350804454233,0.105,1.8083467721452609
72.08761874178187,0.11185700953057802,13.492041696176228,91.57973967219334,0.10381794673021383,1.3874627545297793
0.36248375259929816,0.1112426726649832,13.842792158362252,71.35029142820065,0.10116092648520002,1.4039344662694377
87.70835102871476,0.11209515189747958,14.458468714775382,37.86369535609077,0.10317577847859058,1.5473409620821696
0.18424269070078023,0.11479731279063665,14.017670935644734,98.6291403676837,0.1060653230936776,1.6726680278125166
0.6286554313722259,0.11049648978866469,15.5041427646858,60.6336090277365,0.10102611280736246,1.4081747596772463
3.013025341344939,0.11611852105295278,22.64003260998006,137.8244524096084,0.11466466652509313,3.64536421455931
6.403303378917558,0.105352750438792,19.118523454757685,29.391494133254014,0.11088707593630324,1.5074706051978666
7.5391638885104175,0.11341302711664333,13.866201611387707,96.0405576562157,0.10487213679807106,1.5599121741160218
55.071945847282876,0.11847851289008346,8.973270952552822,127.31449192255207,0.09493948261322724,1.5195912967317309
0.004633650105170176,0.11207914618314527,14.776483124190413,81.84020784727619,0.10312338428994773,1.552957983282651
4.46625735662205,0.11231657949515593,25.69474951692067,49.14024624228972,0.12468603034273056,2.556782781437232
9.063701313823579,0.11296365403320005,15.159896382161257,89.96856772602314,0.10197437699899983,1.4672231667687399
0.04090820497582866,0.11339842612442241,13.995627753395928,88.17849447050713,0.10370297220072151,1.5766706954420187
0.029052628943465518,0.11321123692496086,14.356021068806971,105.93618925293345,0.10533625196738719,1.7448687817771802
12.527384936288026,0.10757272974359025,13.62408318147462,94.4061703941569,0.10421828026708511,1.6086292936191953
2.668772617719582,0.11347152248605161,12.837876351398965,97.14293158658268,0.1048478209353579,1.6954843053561
41.533855297553586,0.10986701043046693,14.201700269007421,77.59071057246337,0.10008917656473267,1.306611294041737
61.79619633141613,0.1103529002899173,13.64440988094479,62.44099536436596,0.1064048851189791,1.3011535948781425
2.4239706467443325,0.11243679137490226,14.531590910330936,81.32283064245729,0.10283449288063802,1.5875337705587915
27.228399191744096,0.1162860331201377,11.819940335535524,113.48061004007525,0.09944344918978879,1.6466718447447422
13.080554426175558,0.11559988244510648,17.0830171337499,48.34238885622244,0.1066902317987319,1.4775368628970078
0.13983507796516043,0.11050674044651938,15.468045762901001,76.20535694999228,0.10365622047751274,1.5961126524006808
0.22065640101589135,0.11382429982844486,15.894743452247603,101.38432555481467,0.1051684788475354,1.729813672303349
9.365864091472393,0.10981942829021601,14.684158267203177,55.74110941845214,0.1046377432912112,1.337620222456878
0.01673784260751364,0.11259130307717286,13.370990637503265,85.93914382302893,0.1033149509819286,1.5392702119567119
0.26361327102798215,0.11261233385012881,13.748201514578708,88.87457973402451,0.10468988751365217,1.6358338324088448
0.24567999561763054,0.11193056198457903,15.31079555855882,106.71370236754751,0.104577786926828,1.8086399893288228
0.6416003254023497,0.11171893174572736,13.574958940342544,47.08983365780557,0.1014892781553314,1.243982325481749
1610.398120404886,0.11171545849263342,6.322819691309283,78.47717723703391,0.09204841322258714,0.8631975913358252
0.9622094239320131,0.11092761413382077,13.993560700236156,81.25463657358006,0.10411199813491642,1.6245289317577907
150.8152146583194,0.11123632409549507,13.783629917070364,69.05929165039271,0.11273812432654141,1.3951804534127232
913.7658173713655,0.11314122833967774,14.36144575311336,99.55929318298945,0.09346622642975771,1.0082079094197791
0.022786744541472066,0.11150005094234472,25.481694022509892,41.87645360829987,0.12389671296873714,2.4942940249846086
0.04354546926622756,0.11379300013500263,14.120887211644114,96.1678470367695,0.10460790198516673,1.6524006086128882
3.0673816006543304,0.10995176064763422,15.957202352816225,55.96404732982484,0.10644760964755619,1.443581006416295
0.4781793538870337,0.11227736877112945,13.9688009693252,81.14489640473664,0.10273011420879305,1.5387465866370977
0.029062541074618267,0.11269898173948581,13.841871571651236,85.53770950566206,0.1033492220387912,1.5455328225252067
0.10937236696871627,0.11240638875984604,13.28644796243007,89.96718825949921,0.10380653345216886,1.5736502031826136
0.034858095970789996,0.11304629554184621,14.206829603126664,92.84913845365259,0.1044816722531028,1.6308132906555066
1897.5535078837684,0.10937024646228896,13.538195953248511,112.27717415948842,0.08850903026729848,0.9391662399008798
1.5383079632011822,0.11227062046519665,14.351386591838127,79.18543392616255,0.10443776410289934,1.521145066358324
18.214245659999364,0.11477708784256277,11.408510418826584,97.03960478068046,0.10375818817774182,1.69776710854509
0.008458176221773347,0.11291473562933196,12.561068504196983,92.91942312268418,0.10435169125236556,1.5945911160722561
0.004915954598658679,0.11204258807349587,14.557372610014044,79.53066228834763,0.10266139504817214,1.521982977842578
27.133621365425686,0.11251437968051312,15.203615193284682,115.14145010535862,0.1031874262494423,1.573961415908662
1.8246561658354308,0.11346955154693975,14.654494431754683,71.36811865354565,0.1018813677425178,1.4630464967622228
0.010968642783482405,0.11019787989710987,13.635377916264728,58.73072480599518,0.10050862309290891,1.3287224401841495
739.8257794270039,0.10417815831556146,14.217235952347195,96.99757461780518,0.10853513485735715,1.3570142437498642
3.0069703626625937,0.11297702809549273,14.940016822697421,86.64267249557645,0.10458680303459286,1.5591388205271457
0.09146095749137259,0.11461551934710926,13.420000000000002,105.00350099335088,0.1053658608227564,1.6759361354636724
11.106831732057929,0.1135758706137733,15.909101948401474,71.72356566823976,0.10209983781436804,1.5805739452159413
0.9646558008448365,0.11440887630797192,13.790444479969281,79.2611459608753,0.10255449946816797,1.4887574524203036
1.5438899395730896,0.11142993725936011,15.646226141235703,60.050783862224705,0.10107987167831356,1.4058677041566554
423.3440594472337,0.11145554937589824,2.4965338856091037,131.9070034148844,0.09041199073406239,1.0519464011420432
30.847548503021777,0.11181618131256799,21.605855110888218,84.72038238404713,0.11644040416158424,2.160990412022547
0.04660830394195188,0.11103331677588461,14.849105168172407,67.42876363037749,0.10154243259979845,1.4339569418655786
0.036236568103266656,0.11241764880022295,14.205899813135998,82.81785738916756,0.10312500139995034,1.534369635242233
0.5500723325934402,0.11307561108102045,14.50541165848076,90.70915062790539,0.10346288191283025,1.624632952722136
0.011681502678547454,0.11297663395617759,14.746714680219053,97.40143243305505,0.10447004450554175,1.679834530099928
0.34304787901205225,0.11207914618314527,14.01286891821538,81.84020784727619,0.10379677060931784,1.5787603565856738
5.246030567516442,0.11172120568786575,21.965647670910514,63.49909498903139,0.10260038406181465,1.478473230806359
0.007820777758279784,0.11309522204369199,15.333534453518835,87.01508125347499,0.10338810842673708,1.589145532553757
18.99153495619938,0.114787050193361,14.174928876619859,93.67984055841441,0.10422687080645623,1.799892534812459
83.61927695042985,0.1125332597837643,13.367439731712508,104.5007969353806,0.10533625196738719,1.4625865684791304
0.02428050076669594,0.11381186309712561,14.836543718858849,97.88559682865662,0.10492284877228177,1.6813101266769106
3.598467132322563,0.1129401702027906,13.785384966930142,95.11012425130491,0.1038994158159793,1.5568578612828645
0.004310272157623063,0.11312986069205563,14.45025632589465,90.60930366098006,0.10402847398253792,1.6132087266462127
5.463505212324751,0.11747074018463138,10.427040815917243,124.16638585076043,0.1064048851189791,1.610568544182053
35.883626761578626,0.11164461532974504,14.37867921755414,92.110939375702,0.1041366710919781,1.4691453319155752
0.012713227360230788,0.11433751956438781,14.002966937503826,104.97254156320139,0.10584374543493032,1.7260337516069715
0.019251184501735456,0.11152359817530393,14.364705236950773,76.77813483764277,0.10276649990754745,1.5143164331475854
0.5580950412339194,0.11224106417372756,18.534844027185965,74.1943607011516,0.10932433131744662,1.8884715135902255
409.37960136561844,0.11405192080961239,14.53618391541718,96.9543526242872,0.09123338752806573,1.0342020509100536
2.489528060147052,0.11249529140328555,14.912159146854234,81.15074069340977,0.1046377432912112,1.5380146624938504
16.35802243287929,0.11065826480881129,14.518018798723842,64.40065691316755,0.10100846824850612,1.5392702119567119
0.04817884855395976,0.11347675223063615,13.748201514578708,95.10652563028617,0.10460078083393864,1.6424265363959893
0.0025962699895366982,0.11221132741554048,14.84511794171832,79.04325314843129,0.10263737763407835,1.5202097182957992
0.0031208743267539495,0.1133690968668237,13.184525835355803,93.90007089262656,0.1042866714102652,1.603829583560354
6.867017426601573,0.11171545849263342,14.792114054962186,86.46156982268991,0.10324640491970188,1.5087958219939175
13.046993268511795,0.11188380220716476,13.376796895439327,89.81244734219837,0.10353653234060439,1.4773973731164505
239.01030452964812,0.11387391490340326,9.350286632090405,35.140130388374644,0.09830900391364494,1.5923962495558364
8.164965571062218,0.11231356700693867,14.36144575311336,43.053953128308365,0.11300328034195176,1.5556354353985515
1001.713151945624,0.11336963973202763,25.481694022509892,93.104901126203,0.12389671296873714,1.6396273783775808
0.010578378091003935,0.11300393678432476,13.191704843779366,89.08665450871632,0.10370000703233537,1.5596860652914053
39.30231084207725,0.1123050476605991,14.326207889032773,115.26025664133965,0.10264095224648909,1.51642942962041
0.06999041119962449,0.11172193865377422,14.611041915729254,72.89926923345428,0.10273011420879305,1.4744776575659104
0.5015652146217472,0.11237855331715238,13.51844536099397,97.09729879954642,0.10439001092527533,1.6283110462187347
2.476737087827071,0.11109515689898689,12.970462639968236,86.75079569909963,0.10378051431705504,1.5294232412580282
0.0083884977844174,0.11268705771629592,14.428954440061325,84.39711194693433,0.10333249627231302,1.5550370670503195
0.00612274019656686,0.11158546133193653,14.346929662322703,76.12483916119845,0.10268366201997059,1.503530720773644
4.17165288746517,0.11250091873093965,13.585162006516656,85.41485077744801,0.10363342011263763,1.6357514743727597
0.15711727233210057,0.11164203635728584,21.5252143775203,56.368787400652536,0.11650234733185749,2.16055059923143
0.4647055288632266,0.11360550281198098,13.580936573016686,92.91942312268418,0.10328636232100603,1.5945911160722561
0.0031321277530127526,0.11284219865793532,14.09485979032738,88.33458039375518,0.10409450409372774,1.597604581112959
0.0056134978752823755,0.11383835873181719,14.028111397067706,96.21935047892214,0.10448645554693364,1.638699601171795
14.146520299760464,0.11346955154693975,14.720941662205103,71.95853495429094,0.10451620211936986,1.656874056275055
1.7709991230469313,0.11316774393458068,13.112602604454338,92.15208715109276,0.10423782054833082,1.5492881031946126
0.29993395827339997,0.11373987158432183,14.122825353367428,89.33812327138037,0.10393958338137953,1.60130714355501
0.001441691979924392,0.11200399313795195,13.714769432884154,78.1863057646791,0.10248028810608001,1.4870367496605148
13.236217480824465,0.11116943876680924,13.420000000000002,69.56541199478596,0.105,1.6594999999999995
0.642136506886704,0.1135758706137733,14.318575077103867,80.26431108660717,0.10284602239845571,1.5245267182470563
0.014263306760616497,0.11354983770317893,13.398178422887993,93.39673109853561,0.10415339383052025,1.6020561536096807
401.67711201434304,0.11251943519569144,6.599525288652474,103.70672737828266,0.09104003412274225,2.619108353112078
23.91356534447937,0.11479731279063665,14.137413288753844,108.58576245105314,0.1060653230936776,1.582626866945695
0.13554241361639963,0.1102653846897968,14.301894830222563,58.945248461425365,0.10048541906501827,1.3485661860706983
25.633822549850834,0.1108463887425752,26.23171533538109,67.41628533844624,0.10161514289979112,2.2445252725712623
0.43465374251098005,0.11264937518087847,13.952555138895432,90.77714156526923,0.10357552275716302,1.6193971640689249
4.757570599353208,0.11356999733144713,13.719719523835593,87.71628758076133,0.10346288191283025,1.6323565393987902
0.5457160814122592,0.11099303695220109,13.950873401517123,83.04962059545682,0.10278220899293737,1.5272078102846685
106.97344773874366,0.11207914618314527,7.827263383722111,92.65863806546326,0.09363561963148381,1.1125252024557017
1.2475429708761399,0.11163622352304511,19.21447262366225,58.96899706785092,0.11392575946194304,1.9906926751098473
0.7319508239408019,0.11095557036498027,15.333534453518835,66.53994458462336,0.10141597450868194,1.4021373594456952
103.72209189167141,0.11140857119344863,14.087202313318544,93.67984055841441,0.10059903998595174,1.3083930430345339
0.0026036879760561824,0.11254727115273405,13.546091979737877,82.72041748075651,0.10294826996720428,1.5181897450423403
50.57939581574494,0.11381186309712561,12.809674128637546,97.88559682865662,0.10492284877228177,1.4357163226255496
0.6260762412123513,0.11315516704945874,12.837876351398965,89.43783139364467,0.10363807256913415,1.5789586198633252
2.263420388968026,0.11312986069205563,14.45025632589465,85.22193056337392,0.10241840266254504,1.479177374715622
0.001793764015967448,0.11254623711633413,13.64440988094479,83.15247343896175,0.10296026520227448,1.5230931197615067
8.96779058120188,0.11190094648658128,12.969227507155228,92.110939375702,0.10218616023727672,1.4601081076348752
0.003175664395593758,0.11118000722784671,13.482333540491545,71.346069155409,0.10184974597949172,1.434358563232566
0.11684003775726114,0.11122285999362602,14.364705236950773,70.45807068793937,0.10202818586802077,1.4387383776221334
5.699141358179192,0.1108821453294373,13.145376307564314,66.21681736323035,0.10365622047751274,1.3750868608808986
0.2608576969488173,0.11225243095091658,14.53618391541718,80.56837387094379,0.10266395744619451,1.5055813212837972
1.1132807041647124,0.11236652203120626,14.912070133982482,83.04172943075605,0.10309475778205458,1.5228914791803785
0.03915553971684733,0.11158625016439783,12.864295977809945,73.6367617399024,0.10184801071080571,1.4241503251761163
0.08500519525030108,0.11347675223063615,13.00912609046161,73.3255931415477,0.10377496038979515,1.4427281004839259
0.06245207157080159,0.11177345802979996,13.293222040982943,73.65525404509583,0.10178614422240612,1.4264413466470733
4.535503577307367,0.11193888345304184,13.184525835355803,77.39901121260397,0.1042866714102652,1.4593625480004953
0.25709405891958526,0.11159492354827488,14.245136102301144,73.43989472060684,0.10267389837718131,1.46343165477189
0.0056629231408486715,0.1125491493221738,13.634917515855475,82.2928908011732,0.10280016965472676,1.5097149469894608
83.81966819435985,0.11369668621689832,13.639844830306139,94.63262361619735,0.11273812432654141,1.6115893930969838
0.007789403737489679,0.11272038238909064,13.21527953553944,84.96935211395697,0.10324268081662072,1.5317650792511817
643.4325748210754,0.11112391727135139,14.290632786166038,67.03306027397895,0.12389671296873714,1.4011749249274787
5.53483575245657,0.11154754115963508,13.191704843779366,89.08665450871632,0.10195598608998904,1.464646933020381
50.677411136857415,0.11184721971409978,14.016235407608617,74.7402534131769,0.10204660116575184,1.8040479110377206
0.17460132618695717,0.11219355494027955,13.9688009693252,81.12169827580493,0.10286693307314303,1.5066677898133536
0.7168117726491117,0.11237855331715238,13.270653934414828,80.40666371933855,0.10214507631791696,1.5032204790593315
0.10019487957730774,0.11343557636133915,13.616702354875876,93.3142917050327,0.10378051431705504,1.6042558254993828
3.2664582277781653,0.11155879568792558,14.206829603126664,85.72954299067953,0.10207903651652314,1.485020295181319
125.480624751141,0.11158546133193653,19.7620116074011,76.12483916119845,0.11043587976492562,1.503530720773644
0.10797198712922093,0.11348447525239869,12.642295539243964,72.51167664814574,0.10209853161409148,1.4040425588848517
71.49555222790929,0.11581865041665401,10.835027813195243,106.86696267156486,0.09797691301397868,1.69776710854509
0.9687653457881019,0.11291473562933196,13.833928720878356,68.89147376087334,0.10142712349083338,1.4136169386286337
8.207874870343531,0.11284219865793532,18.255099273125136,62.46730531662058,0.1074642343413481,1.7624136010313114
0.19636476985821966,0.11164674364654309,14.028111397067706,72.73597426693152,0.10190810593305158,1.4617924690889188
4.816505808278194,0.11234583680605051,14.3022364369846,77.49361468708673,0.10451620211936986,1.4797890903857063
0.01935512878813888,0.11234440778188634,12.993868232996064,83.34272775082451,0.10300459012217096,1.5094265663006485
1.1059606255452183,0.11373987158432183,14.217235952347195,57.067697978943386,0.11331180173812365,1.6559055066689208
6.308194754444169,0.11109627764289998,17.963647502551655,64.01931701506504,0.10772881748451929,1.5581766857643107
17.012352727768786,0.11214114818200994,13.400618106601176,99.98000000000002,0.10257289767375163,1.485139216932252
0.3399911400082516,0.1135758706137733,17.094981127799763,59.46581568876394,0.1081101871151991,1.5687510495567842
63.026322057156165,0.11041472475680528,13.793708586179218,93.39673109853561,0.10065094274339641,1.3553117173348408
47.61564222024762,0.11142993725936011,13.38917210670844,37.86369535609077,0.12652775053240295,2.619108353112078
13.157143068153733,0.1128379898544242,13.55503330752925,108.58576245105314,0.10336936492183056,1.5536521936500343
0.5892429506612696,0.11239885430703764,13.565735279156137,78.1863057646791,0.10294097915416872,1.5162791540840335
5.078619948158268,0.11566283281889511,13.176302873551187,73.36570716810053,0.10212088169389219,1.4457572424846408
0.8846547342061779,0.11264937518087847,14.536089072343007,86.00231892689533,0.10261244701150296,1.5169231856160676
0.0016681552528894834,0.11175264997563954,13.496076626686568,75.27651658272839,0.10225641819067822,1.4618725088841522
13.322852311539556,0.1121809353958994,14.115944368652096,81.2694725906797,0.1027765512494981,1.4167146688084093
3.6670679118760816,0.11322861674075829,14.776483124190413,91.62279631828943,0.1038797224191352,1.552957983282651
41.24792467525991,0.11172120568786575,19.55202495850076,40.825392073128455,0.11392575946194304,2.136415930293714
0.9181648694472705,0.11240854798504185,13.740233080329094,87.01508125347499,0.10283252134341302,1.515708790526337
26.155422591905598,0.11199545096211269,13.306531290297588,93.67984055841441,0.10422687080645623,1.4762300664667913
5.291849033026465,0.11141215122037207,13.39369813979233,82.72041748075651,0.10184409785930086,1.4341053672937623
4.829322128433175,0.11381186309712561,14.836543718858849,97.88559682865662,0.11069297915462915,1.8287866502905814
0.01234223211497869,0.11267566048120559,12.512441309936927,84.21405954109952,0.1030420914305071,1.500802796314618
128.98823722473833,0.11056482577609666,13.386264597083034,90.60930366098006,0.10402847398253792,1.3522340227105492
5.972615400310094,0.11149688080124986,13.64440988094479,72.64032253825985,0.10181844008162325,1.5230931197615067
0.15926177990976118,0.11324841192721265,12.915013562128024,103.55519065837206,0.09764600001014395,1.4561684132273376
0.016594272804170834,0.11224869931289208,12.881707647439363,80.51024922583173,0.10269912592987455,1.4826728120953891
0.8849384976422783,0.11152359817530393,14.364705236950773,76.77813483764277,0.10333905907527116,1.561649746973579
2.8189891096094275,0.11304883914314852,13.374954702593417,76.20535694999228,0.10301559715752298,1.5207695501899208
806.1405137108038,0.11065884715432552,7.4841215219052,97.91919746662057,0.10435687646235253,1.1491804110665438
0.31518293134615627,0.11204823783295664,14.912070133982482,79.71830157052005,0.10281817906030366,1.515076337085425
0.34822333502983605,0.11259130307717286,13.077961371088753,85.93914382302893,0.1033149509819286,1.5174782854675577
14.73178575671253,0.11120345524558176,14.066855465350125,90.89843790696602,0.10377496038979515,1.5090075088971302
2.5847088756985555,0.11201748250590511,13.30318310250141,77.33799205663558,0.10225811306262433,1.5202097182957992
13.690610175082142,0.11190347723745675,13.72681209222824,93.90007089262656,0.10207118058143982,1.462231924419065
0.0018426749298519657,0.1129346069219082,13.424256011301262,86.22138826310055,0.10320490341502428,1.5372380706384545
0.001848371573407688,0.11172792771699008,13.750590650083803,75.65794726882535,0.10223592378965489,1.4686798524202995
37.02939768006271,0.11214108384633019,13.4815831618962,76.89481122855358,0.11273812432654141,1.5923962495558364
0.35420064369074644,0.11271570654875818,13.21527953553944,84.96935211395697,0.10326199267370371,1.5500746135781913
157.57658287590283,0.11104110551000879,14.019591883180087,70.6648211203671,0.10192468996968487,2.4942940249846086
6.559088785882197,0.11252169230686257,13.153040434676509,89.08665450871632,0.1020273165776202,1.4453929350651586
0.006447418697294007,0.1109027042415969,13.70816649202083,66.5498245892664,0.10123123551122491,1.394408112501539
1.2023506100385344,0.11254441743912555,13.9688009693252,76.11098188107326,0.10237847537785086,1.5034513956784892
52.839480479549394,0.11032530233370166,13.536929180638438,44.22348798900481,0.11155854503182895,1.863319435898969
1.23832718869141,0.11282176807975097,12.970462639968236,85.22798367321315,0.10312278008043932,1.5576189496410375
0.036981921562280355,0.11263417598622627,14.146911881976985,89.71607567298071,0.10388054825668078,1.5969725582014371
8.441826791009209,0.1133184156660742,13.753014743508805,76.12483916119845,0.10411278510148783,1.6099086660810862
0.0027439014545560724,0.11207174656412489,13.370498636649003,80.0616995863416,0.10281890975978196,1.5018410386669752
0.046748663396356985,0.1109591471327554,14.05458416317489,70.6505627551337,0.10194497905463704,1.4533039491311097
5.951886822698247,0.11092648850337711,13.684573508438822,68.71418083051412,0.10435169125236556,1.418179640550246
10.585196845022438,0.11135130658412667,14.110401984981305,88.33458039375518,0.10198649955093925,1.4584067447950666
0.19273550687686275,0.11383835873181719,13.965285443116047,82.02669319770172,0.10448645554693364,1.530936844766794
19.51878766576662,0.11346955154693975,14.720941662205103,68.22119497438331,0.10451620211936986,1.656874056275055
0.12232127228203947,0.11234440778188634,14.168905884659836,69.96850764625293,0.10330249372152583,1.446167574496413
10.251060227692149,0.11128340087620718,14.164807516381895,80.06645156769747,0.10255731121094686,1.6559055066689208
2.7596808813922546,0.11257794511517386,13.599794124136595,80.6281535822219,0.10279518206451704,1.5581766857643107
165.43870332244148,0.11319446449397351,7.883560170868562,99.98000000000002,0.09259820347304076,1.6594999999999995
2045.1520566192255,0.1128337563673826,8.09848116977248,102.99700961906672,0.10381794673021383,1.0384615814957616
0.6168467238113546,0.11354983770317893,14.141886808190987,80.92261053942974,0.10275466618919978,1.5218969115063228
69.89823492916342,0.11146158381609869,13.716936238968394,37.86369535609077,0.10156637460190962,1.4247911695482038
3.103557171618681,0.11479731279063665,13.605786302590243,74.54649094965447,0.10222259511808812,1.463510147956402
37.90322140767289,0.10972593972105409,24.44273271094356,24.203104224050207,0.12163176176503199,2.31548528921123
55.660598818836064,0.11191780209178906,26.23171533538109,51.053367468435226,0.10184155502223104,2.2445252725712623
32.00115465872256,0.1116869889500664,14.508594007452583,86.00231892689533,0.10367325246565452,1.4328153728535975
0.35633100709845733,0.11218114167066477,13.924175581239217,75.27651658272839,0.10234965947687012,1.4852985674103607
0.004109958402143785,0.11357271746868394,13.706365626476384,96.65414957426498,0.10472033449988151,1.6449352165463118
0.5600147169841063,0.11019517454488324,14.87149224963334,81.84020784727619,0.10099033068080293,1.552957983282651
146.11155158088962,0.11175345108189126,13.058183576026444,63.49909498903139,0.10183405109300606,2.136415930293714
