LSCO 2511A, x = 24%
T=35 K, B = 45.0 T, theta= -14 to 99, phi = 0 and 45
Fixed parameters:
T=0.19,T1multvalue=-0.132,T11multvalue=0.066
cost,Tzmultvalue,invtau_iso,strength,spread_xy,n
0.0755922304482974,0.07923269529579888,15.448737809202544,9.218302798224329,0.14625518207122723,3.9
19955887.016677387,0.07930101607819857,3.0035076859454843,969.471028502989,0.32494052750140257,2.3720623363059232
2332656.362925266,0.0703609920004868,8.950902425924276,257.9577073619987,0.3206494109190268,2.103618506044201
978460.214240978,0.06078112512739522,5.428653905607527,732.4375986631927,0.14025701025979753,2.2344530658667874
12212944.016459895,0.06320942944779243,28.513259883412402,496.83219202831543,0.3810647228797547,2.0061294589121137
32694861.415237956,0.06224362571280558,13.875577836886958,819.8462839879346,0.2141861206929991,3.5674541224933187
0.0755922304482974,0.07923269529579888,15.448737809202544,9.218302798224329,0.14625518207122723,3.9
426017.65387871466,0.07682633896404976,3.182061402452895,161.84306502604164,0.20920473946324625,2.4907982591429825
16711229.823422842,0.060448444208062724,3.6447194504540885,546.0807577712724,0.21577402492343062,3.680763327476617
618863.0500038308,0.06977413364414554,14.327881962341166,129.16377637230102,0.27851133878687623,2.7800341528536627
8201.98956947363,0.06143156727420072,24.00414183568114,33.568048459547924,0.13508863837301913,2.106519834554474
11401046.765068566,0.07468520630141844,7.406163590939525,698.8187996264461,0.22181458053592176,3.578049352123698
6238476.400817878,0.06701402356999256,13.024444554888714,379.6718979794579,0.3635693217475068,3.14583715540384
9268105.655289065,0.07951169417845769,18.994281609863304,717.9073144454304,0.22713683392081987,3.0020863447246198
3636456.9778028345,0.06556487851089622,11.930401805663436,263.2052423632278,0.32031824788580315,3.8475271149071695
33169446.8374544,0.06834580173968993,24.985629933290323,918.7332015301188,0.3725736932588313,3.181401345380406
97525.54177296284,0.06117738065319206,4.837017664009995,109.31661998334573,0.15518330630059696,2.3275632837119464
2803.664820242946,0.07379717005152185,4.56086640916755,801.4959841942232,0.12418173816936767,3.3922628975837927
13805743.17078837,0.07203481026697023,17.09820182665056,659.150744726419,0.34185224409556786,2.3932992453142536
3691192.3829094716,0.06387848318164414,16.08480916410665,828.1452237099181,0.15381267986898733,2.432874359123166
2188555.2834673785,0.06597393801670012,21.242112258030687,208.5937729755385,0.2870295505701049,3.225303653407641
9205467.6102966,0.06476416559634572,28.61539104524676,424.15187524321504,0.265562098956905,2.0610590467824625
171.31532100377666,0.07435672417784314,12.533779491903152,76.44340318417295,0.06746228882573962,2.0091523845606756
2121410.4596575145,0.07892281482751662,25.212396924586855,314.63710620071936,0.2734345436490349,2.2533286270637047
2.4473643828006875,0.07306283375597128,11.023573395053663,19.622151535437126,0.11251944766718801,2.450072443054263
18851282.18518927,0.06863734555576759,13.73326567058444,728.5968264135145,0.2324434844071454,2.830752811221466
25020857.702214267,0.06781222686316422,10.534070999081147,752.2688008484192,0.31445239467432073,2.9061684974741593
0.05107211301756795,0.0719237458162457,22.258123530491872,382.684990380374,0.0778719421685371,3.9299660096425857
487350.5637251144,0.06892607871591733,16.425674461434838,192.35149068974613,0.17032796367865954,2.123208901449738
565366.9537696317,0.07678158798820058,6.796096364825642,151.8256433068845,0.3297455482988778,3.5477936025916064
12935261.527836721,0.06314736030865353,8.530652868105307,470.4266405937013,0.29193639425020373,2.209071796245654
5429957.846958442,0.07501911038632544,17.91892668058527,442.1565327945277,0.3458240617835087,3.4502618104347778
60873.76744122866,0.0709421444661628,26.575230962743557,42.626551649374335,0.24885150467969133,3.678805151040335
297.1266982237739,0.0763340739690745,2.1970048259965633,331.19544371338145,0.08621159995856706,3.3359357688757805
39563622.01896745,0.06666184853200052,20.722128002604997,960.2868119613074,0.38099561872422816,3.245265767888113
672.0767955610527,0.07154823581500673,0.03568966450204947,674.3182743019781,0.05966748283218945,3.293746088338101
10071526.16707723,0.06432513897193873,1.5945055673583006,639.1017819068807,0.18525248887979662,2.5648411360947803
5832271.685266432,0.0756299001258955,6.056343805336699,572.1793612939255,0.2037218188403067,3.9690613241618644
9126407.551857386,0.06486398984728212,21.903038455785648,782.46195637961,0.16719386996013869,2.1805150555492125
38293058.503601715,0.06722399736413927,25.804167712205615,926.5751290294186,0.3575394619343222,3.5147104752081537
150191.39183359023,0.06014856944234337,22.932014696375923,778.2508444392698,0.13319482564680235,2.9557880864201156
3516640.4803900337,0.07811417899929055,29.172355756317657,521.0003777288543,0.1947524101675555,3.043570913915204
401.5141869205992,0.0707666692209721,23.45148839371737,517.4260800858184,0.08489096519160694,2.603313473349988
11786383.447883826,0.06920541980450676,27.661435263443778,588.9856093020609,0.39936809451194627,3.097230597257357
4417067.094176196,0.07524512931394148,5.966875817200512,403.68982665910164,0.306703340027102,2.5261997095676305
5031808.40066296,0.061796119428281934,2.482383111585092,294.5747082141206,0.3916422067777029,3.772266462725778
201433.8167512287,0.07244866625390864,27.590338960839354,83.65273272141161,0.3655424412819258,2.6883147948444797
277.2570167452953,0.06255389420207955,10.136901511282005,224.35475949657126,0.05200102474387547,3.4088705299407502
378.3313891772973,0.07740227832864974,19.301792203192633,981.4062580549537,0.09437130279381481,2.9825486015184075
50156.56895685317,0.07867177774381649,9.0151732297631,850.3443246620469,0.14450752309727422,3.72234608914415
789683.6151497271,0.07018669327354782,0.9816285135071077,241.02711598104406,0.18016816727683244,2.663085161127513
22089372.277728822,0.06227615481643188,20.2681674405237,604.7796039426049,0.25456057088116757,2.8690588401605956
1401.7627389961526,0.06335308320249697,7.821469853983943,499.78382241110734,0.10123508670306847,2.3052112218067213
15824128.379989564,0.07990359894617581,18.390304805362568,873.6721517259155,0.336326473990605,2.7511286106865853
860.3982377657348,0.0735448657544498,14.660821101301737,342.0093863770359,0.11341640680615546,3.90368462861421
19528636.552777067,0.07799925404845469,15.325283296749566,889.2503039643227,0.29505870033014225,3.6333508538266566
6982884.849341029,0.06710912274292151,21.439383975190648,382.684990380374,0.3082183185569933,3.5172075365651954
92781.88721633874,0.07136181189218427,3.182061402452895,65.62019450355257,0.20920473946324625,3.6270924158217195
4908.480469336644,0.060448444208062724,18.14248539491717,121.32493836929626,0.10943020560337754,2.190978148099027
470843.9726104102,0.0730143695490069,14.260249014593306,129.16377637230102,0.36987343036544473,3.298055875994201
4557691.662171122,0.07423418258256724,22.81115485509403,524.4975360659763,0.19571415588035557,3.6994792515428387
3222548.8785527768,0.0726000025870772,14.172685846794087,325.6201493654701,0.37400050331606133,3.8711706477778836
774260.1834398797,0.0698272212834283,13.374735790612064,148.09788252730436,0.3635693217475068,3.2585048311801286
1929010.1490095877,0.07404941663058544,16.04886530336342,500.782334861546,0.17313144534779837,3.0020863447246198
2015473.7516024515,0.06705540669601738,16.1380553115658,248.27396699027227,0.20894111343550292,3.608482898257602
104.21913796081492,0.0755206108819888,22.212255076240627,512.5444752396969,0.05945581960572649,3.618109635431629
3860777.2377985353,0.07715821124781744,18.914095207467074,410.883430810439,0.25600380117645916,2.3275632837119464
25793.43159607977,0.06185388085467992,4.56086640916755,144.25866918988237,0.14999413633625935,3.5687066015065136
176.43794619170495,0.07457294805027251,14.478303787556085,659.150744726419,0.09838392146632627,3.370391380973346
163.3749824981092,0.06483234662915284,8.075443371189088,443.4219379794319,0.07298634215839647,3.6837658426593247
621427.7675055463,0.06571097541459336,26.23574868080786,208.5937729755385,0.17409246242538767,3.225303653407641
6007227.498730756,0.07429908612894578,21.350498368873605,459.65074562611403,0.2936218476763716,2.0610590467824625
190.2882737498888,0.07435672417784314,13.408405245431748,443.5022633960803,0.06746228882573962,3.398978383736554
2509.5957024185727,0.07195338779366295,17.723879453097467,185.60990529175092,0.12303160939939216,3.9032715579944552
10243.408010203002,0.06921734207486724,11.023573395053663,19.622151535437126,0.23936879880402648,3.398035212938419
4179682.701276989,0.07766742579264226,17.2020225351188,532.880945054875,0.2007390454246946,2.830752811221466
28340.601756258686,0.06781222686316422,24.93876804135266,752.2688008484192,0.12142137626742762,2.9061684974741593
371.0475323768168,0.07923269529579888,15.448737809202544,256.49666243440606,0.11260844480219825,3.9
160129.6180414619,0.06892607871591733,8.891888325741622,148.4930049530696,0.17032796367865954,3.5239528643442855
14112383.2278288,0.07171538508871189,13.161477611763692,634.016926747968,0.3297455482988778,3.6165005028734707
124.74536245520332,0.06314736030865353,8.530652868105307,567.0555884325458,0.06773121445518679,2.832265739749025
7815515.034753165,0.06922347448644038,29.414401255936585,442.1565327945277,0.3458240617835087,3.4502618104347778
1580664.9141883682,0.06690844742853506,26.575230962743557,187.3912490816665,0.24885150467969133,3.678805151040335
362.5632100402752,0.07584678595435645,1.9925276526863307,149.4641193985853,0.08621159995856706,3.576292135852892
15831.9812537773,0.06666184853200052,21.633082296489825,336.3134079704114,0.12619173265294698,3.245265767888113
26932394.908529267,0.07154823581500673,0.03568966450204947,892.7942672978346,0.2529789860717605,3.7121357031505737
25013.168196778355,0.06687886663385312,24.327317558510146,226.36984743519082,0.13682703941170044,3.727954555902171
77502.80318623505,0.06320337100169937,24.736649903757147,688.9690332449817,0.13357101510190406,3.3997757071759866
1218.6156663791378,0.06980928229276877,21.903038455785648,572.7537934237364,0.10026845570063507,3.403449527629504
10311891.289927628,0.06930102628549274,25.804167712205615,926.5751290294186,0.16793282079466712,2.1006978067933333
0.21058260744859508,0.07516658398330675,22.932014696375923,622.9868895733089,0.07351822242415462,2.9557880864201156
412.83370666455244,0.06465982498738054,24.142531322496172,521.0003777288543,0.0835528024890888,3.323419794368619
3276534.4586862912,0.06700432114071049,21.89829441597451,500.43124749383406,0.17169550819218846,2.603313473349988
1890079.66382606,0.07727881031093232,21.173733739134036,362.2516417673029,0.19806743985426087,3.3346552759780366
19694.89568589318,0.06912150158214986,21.446637801889104,23.568821198496153,0.306703340027102,3.1199102631847553
3506704.5646336772,0.06969950787611055,14.960305508191968,294.5747082141206,0.30280563167278707,3.772266462725778
252.88627599774193,0.07244866625390864,27.590338960839354,326.14344185639834,0.0833414458869908,2.808263061801605
383.1189198091098,0.07128796848472999,10.136901511282005,156.3879886860865,0.05200102474387547,3.486988167927507
789.2213395039116,0.07668175931576374,20.80929862105699,981.4062580549537,0.09437130279381481,2.692701232574244
0.04063259193444363,0.0776938748682307,25.681586414891918,850.3443246620469,0.07640565076594524,3.72234608914415
290294.4897906601,0.07909897034303957,20.92309140733873,670.8835939721107,0.15694882999753473,3.9454887877420908
17433976.36456018,0.06227615481643188,20.2681674405237,508.3091818915447,0.3018199538036662,3.966203856314443
11368.691172461586,0.06335308320249697,25.95759356185777,756.885515140631,0.10123508670306847,2.3052112218067213
105.98993395031391,0.07990359894617581,18.390304805362568,873.6721517259155,0.07220929554919214,3.904085315831158
6713568.593897528,0.07398460795334537,2.485010967206126,692.1387369994566,0.18979969003054684,3.6112489357230313
1262.5295543061611,0.0799993547491834,15.325283296749566,767.6743232795212,0.11362790570835497,3.6333508538266566
216.44461270334665,0.07300851073638202,29.1429684213059,983.7839064318182,0.0792037643983432,3.139718506684442
15972724.613551985,0.07837870343445713,3.182061402452895,979.6915597355066,0.20920473946324625,3.942213989536788
48043729.425301656,0.060448444208062724,0.2218508083869981,837.4606509716402,0.37255924275624747,3.7143923359992135
19268390.81719336,0.0730143695490069,14.380392515865497,882.7699520845389,0.21802192477204974,3.298055875994201
8346048.094345713,0.07395535538287902,23.313793248593665,538.0618296988695,0.24502781367668683,3.9493904177926966
880186.3979435563,0.06512709496857318,11.041885853022862,325.6201493654701,0.1666175365926999,3.121322625609154
19708848.622497596,0.07581612228208763,21.96551441436133,870.7134433321926,0.3635693217475068,3.6873154844914398
645728.4206803744,0.07893483662666408,16.04886530336342,366.92064502538403,0.17313144534779837,3.5858487802199637
9211515.481042173,0.06276359785976893,16.1380553115658,673.135947477128,0.16973170144664343,2.033873831332831
0.8844094008272296,0.0755206108819888,17.623444465562958,512.5444752396969,0.08330633610804472,3.078466499238812
3899.99178505101,0.061133743393594814,25.310934102172503,907.2650925788139,0.0884489384252371,2.3275632837119464
12369.74751184832,0.07148509811783277,29.525657015398117,993.2213724127457,0.11747512977541177,3.688274939809184
16312807.252624622,0.07151218966606823,27.164718416644718,689.8037343612901,0.34532822306971545,3.196964397079898
402.8606096031299,0.07648984669338155,4.887293717247779,390.6668233517609,0.07298634215839647,3.380201211210694
214.66064351476751,0.0774591015147678,26.23574868080786,356.5218963247107,0.09094240156274677,3.225303653407641
8939518.463786788,0.06705167020633251,21.350498368873605,459.65074562611403,0.3448836258302411,2.0610590467824625
132.83703847304545,0.07095004683976495,12.533779491903152,76.44340318417295,0.06723678152159504,2.0091523845606756
286.58470224084704,0.06328899071388228,28.888025685783447,784.6964403248478,0.07116172603702714,3.1423929671533717
99.38564720552424,0.07306283375597128,22.159620255771944,19.622151535437126,0.11251944766718801,2.450072443054263
18.614023123127264,0.06823001048291287,17.227361727843714,789.1401568827318,0.067267869280906,2.830752811221466
21724716.536345877,0.06781222686316422,24.93876804135266,752.2688008484192,0.3750557167167551,2.406054424307943
13734334.721086351,0.07905266962336556,16.656539330408936,777.31491260721,0.31944789002161095,3.2571888068974975
163.44714456967432,0.06892607871591733,8.891888325741622,654.0193364507943,0.07405798016344753,3.5239528643442855
909008.8334353623,0.0728972319442518,6.796096364825642,171.9516465838542,0.3297455482988778,3.144421082977546
338837.9987085302,0.06314736030865353,29.903547768883428,836.2959119603821,0.13645879912174447,2.7524111298437024
12306002.642544465,0.07146378434613576,21.231762823088257,593.3723925304054,0.32840489672154727,3.0623305152941147
28.364754255063545,0.07374555081102868,26.575230962743557,626.7828989023304,0.058531812473711586,3.190231797829015
884.8293424678486,0.07570550344017876,17.12278072587447,249.7463175311222,0.11271621635879372,3.51598524071929
199.41335922932274,0.06666184853200052,9.3010519537232,687.9883773644827,0.08920433401829023,2.3023392319266973
460.4955241105105,0.06062315105908745,0.03568966450204947,674.3182743019781,0.07875986825944445,3.7334282894513184
67084.59563600141,0.07184470730264281,24.327317558510146,953.2464650992679,0.13682703941170044,3.719093125171177
14.03054545285214,0.0669304466844356,19.909297063629495,842.8570926363582,0.07618741847391314,3.5054535506545514
707.9176710447691,0.07226398670019715,21.903038455785648,612.0989699914005,0.10026845570063507,3.9373854498153404
1570942.8313091826,0.06930102628549274,25.804167712205615,532.9838799592013,0.16793282079466712,3.6986511392644923
2803.1810578245504,0.06460773907769517,22.932014696375923,423.13155722087345,0.09429895222624085,2.3151915573638755
18246974.223723207,0.06676885635187493,23.322003609645225,865.5153718076465,0.19224893257605538,3.584579969084987
5929.433246160611,0.07709982694682968,23.45148839371737,84.91845193935632,0.14196917088093852,3.718728768868128
33.17294275631464,0.0672230379350394,21.173733739134036,971.2395567006197,0.0723489182308753,2.849682615184357
18691.577805519344,0.06912150158214986,14.29387378247431,23.568821198496153,0.306703340027102,3.751743888116821
960166.6134201603,0.06520414918288955,21.779563757808837,135.20345864518436,0.30280563167278707,3.0328705207238613
14696624.68168635,0.06068042343190806,27.590338960839354,568.0809035400516,0.2014391737217005,3.364670522503511
85217.20323577255,0.0746826736237334,23.95910838369206,487.4414681779323,0.13139378499326676,2.325782346904373
625.1337639746973,0.07908239518234178,1.8709295209735721,981.4062580549537,0.05698212956016793,2.9825486015184075
4472491.711566037,0.0707101312749542,22.831904578505448,350.67632755917475,0.25590283109281636,3.9299660096425857
23775.10017440717,0.07582961583214293,12.981051647486957,670.8835939721107,0.1272560008843014,2.6439700249854106
16831502.59651406,0.07541544850130867,20.2681674405237,760.6794460648217,0.3018199538036662,3.966203856314443
43245889.523157045,0.06335308320249697,14.970480796344882,858.4584936496494,0.345778968487006,3.354171092931164
37.239958668177586,0.07209624743921622,27.13141885599254,532.9137775871699,0.07220929554919214,2.789085843982697
1123.255125010749,0.0730102001638435,12.691381862865509,950.9795032671004,0.11144262218015448,3.819211933026414
3242710.9421427157,0.0799993547491834,12.594191039650308,395.79102550257176,0.31244327495532903,2.6167989978851294
43.50086131228373,0.07529909934968738,17.36575516211296,592.9903797434916,0.07640565076594524,3.585779607722854
7987379.7714072,0.07663985957381489,3.182061402452895,665.1926228852769,0.20920473946324625,3.6270924158217195
618.8683397160872,0.0600766776469699,18.14248539491717,902.8019402041625,0.08603108281630567,3.146666223436629
30958140.422041215,0.0730143695490069,20.483515887769094,972.3420111888063,0.2995266947779442,3.298055875994201
4701.5788147985,0.06143156727420072,2.137007254395563,249.65148412542382,0.13468595054544358,3.9757970507707423
306395.480912076,0.07752140373764171,10.267447157200568,325.6201493654701,0.1666175365926999,3.5817551029049524
362.80245177774566,0.07902144727337337,19.71808078965207,802.7401735804099,0.09783946978426966,3.2585048311801286
71.04853850329523,0.06842880902723292,20.999807256544024,806.5990270077772,0.0580183758046654,3.9492486185382116
8.445450262747908,0.06705540669601738,22.150799429617187,504.6728759247283,0.06823404466689623,2.662019609368517
677.3585395357662,0.07936299795106894,1.309771382282248,664.9391207835996,0.11098075305907204,2.4880222077474086
174.51351713152144,0.061133743393594814,14.736823341830643,915.0191421865907,0.07584903231293336,2.3275632837119464
1601.294895132556,0.07762191871520033,24.39085440211999,50.4905165994586,0.12418173816936767,2.2660472567722536
85.3589862007213,0.06863460032584984,17.65767623189481,839.9541397145467,0.06104371387683602,3.655484995336686
221.2675417114295,0.06483234662915284,27.66694933942677,443.4219379794319,0.07628394456720189,3.4257016169326584
174.97080735322862,0.0774591015147678,23.10095584691402,694.2889204264601,0.09094240156274677,3.407692084602886
692.3850824493481,0.06118803038674826,21.350498368873605,374.08206501761464,0.08871982616135657,3.3185617546808777
7824.828481415544,0.07209653143596127,29.186158768975062,695.0096307947158,0.11676774603043717,3.9757970507707423
53.91131411727055,0.07514214660743782,28.888025685783447,784.6964403248478,0.052614784550613886,3.6523023632704414
204.44176343488095,0.07107079567586529,11.023573395053663,914.9680926438969,0.0687901051038643,3.9226382762279743
11.349638852396229,0.0751192812085933,23.027433761615974,824.4322433729394,0.067267869280906,2.830752811221466
167.79036136434235,0.07600284256698818,23.13383985511914,964.8965827223115,0.08463239150622823,2.9061684974741593
72.13159762267195,0.07795692805152081,15.448737809202544,746.8001854810349,0.07670130476806669,3.2852788240868414
14719850.133383278,0.06892607871591733,22.335547754670426,740.3946977562323,0.20278046729478386,3.8516825743236187
1410185.983164817,0.07280024047269426,17.471247240454453,208.5953076261814,0.3297455482988778,3.711799355003082
56.70400887525862,0.06314736030865353,19.981303010091555,818.5250936691837,0.07155199141682694,2.832265739749025
4360515.357347312,0.07632881586747417,22.28712278517627,442.1565327945277,0.2275282929868469,3.6110964575608655
56.89234745028824,0.07974617794134943,26.70849407331284,44.57490822713481,0.07405196921755983,3.484876262208032
242.4244625753154,0.07871601381081972,2.1970048259965633,784.5620204595751,0.09067164987494822,3.657987893053725
12.290002952141649,0.07828443903184248,19.295930636346057,687.9883773644827,0.07784868288047264,2.3023392319266973
24.742356672090608,0.07555680581068855,24.932606217459252,843.0006032696845,0.06681403896054425,3.7334282894513184
2.1982947153850265,0.07395977878384895,22.589500477529917,859.2823515903442,0.07282157396352773,3.3832150923512927
120.30373194477856,0.06926276038944718,19.909297063629495,679.436079962329,0.05421523280367835,3.9222836625508286
36.722977202915885,0.07043106635425538,21.903038455785648,612.0989699914005,0.06401532885841504,3.9832461101081353
2989464.234842467,0.06631924167509755,25.82457914746454,579.4090139080996,0.16793282079466712,3.113475626007192
3651.914129146752,0.07874789016264652,23.462868857980876,290.5259924033562,0.10628212332574166,2.0889939521423884
8314246.825709915,0.07505430837592854,28.527864383008527,846.3164404699894,0.18477292474769644,3.323419794368619
1510.5330156098937,0.07998369840479774,23.151734794043545,840.9068539742061,0.10704064021458182,3.5369683036933974
640428.8936277374,0.0659357905820905,16.008021371067038,416.79650839744727,0.15567070586717055,2.849682615184357
17.898223587191495,0.07699738436772356,26.10788222934051,176.59951362263172,0.07110336107416451,3.2729981247713273
2264.1211683496967,0.06520414918288955,28.615413881194492,135.20345864518436,0.10308577326697886,3.0328705207238613
18.03907797885129,0.06959985133862115,25.712677854035853,698.5767179116528,0.07230638040407006,3.5296905907704876
52.98827640731034,0.07022986787858158,25.538593682319295,224.35475949657126,0.05301015106756335,3.498943197482963
704.6310977566613,0.0788315749768224,27.387564011017734,948.5441311114816,0.09437130279381481,3.2471578969446524
267.2427677325794,0.07448645792266886,24.877687027145512,382.684990380374,0.09399313072710325,3.9299660096425857
21.029088224959466,0.0781754205231858,25.797804089843098,670.8835939721107,0.08280556095442779,3.6937734706696173
110721.7954059953,0.0792969664318915,28.226355675680693,908.0124002484206,0.14211509045520643,3.5538640368084478
94.82603244055443,0.07486522052139513,7.821469853983943,527.6808483659636,0.07663331602650811,2.3052112218067213
5.5934015695248345,0.07209624743921622,19.891166032296532,399.55948192229056,0.0731897405358827,2.9311148366533994
8550754.13176436,0.0735448657544498,16.38998509337021,579.0339245654498,0.2239499126287788,3.545625766452437
5082.624648325913,0.07888258091018778,26.675745295036272,880.7024783859736,0.11362790570835497,3.407944976579306
19.884390064133136,0.07784373194952411,25.681586414891918,289.0221141945254,0.0708814646756745,3.358145941805314
18311037.42740706,0.07136181189218427,22.51424793552446,859.4998776424957,0.20920473946324625,3.22002429503482
1.4793275270317174,0.0697217335610708,18.14248539491717,761.9360724102415,0.07684640937618298,3.146666223436629
49.11413607472091,0.0730143695490069,24.935761502895016,774.6182390322808,0.07866978084175269,3.298055875994201
399.6770629239596,0.06826324217255063,2.137007254395563,249.65148412542382,0.07386033465584801,3.2368346692449554
2012.1848696430498,0.0718819762362741,23.91389867113822,556.6328173704069,0.10729755690229985,3.8687460419713715
40.9056179027874,0.07902144727337337,22.5705306401582,978.3219319061811,0.06904759209859754,3.2585048311801286
173.40181997352272,0.07245305508139234,16.093424532882416,955.9217275952071,0.0580183758046654,3.3800782814159156
475.3347656159678,0.06671081149250747,29.112435495732274,763.2583434880812,0.0830435415141578,3.9350624548905095
552.4454643711172,0.06486342440489247,3.1593417887423936,512.5444752396969,0.05023481282226802,3.3417883475305206
290.1690998394925,0.07484327673153642,29.704347285634697,765.000792161351,0.07584903231293336,2.3275632837119464
51217.11146316219,0.07683057669653467,17.14905605303789,900.790635157754,0.12291556621425662,2.2660472567722536
150.41609898433114,0.07574771926436645,22.3611594322093,839.9541397145467,0.09007670583619773,3.655484995336686
95.91428189810873,0.06483234662915284,26.146337177595417,654.0483096603609,0.07298634215839647,3.720172719876102
15.63822731958735,0.0741906864522192,23.10095584691402,924.8647760085662,0.07488659514169807,2.8117872472179712
520.9197412337253,0.06118803038674826,21.350498368873605,779.0345647169432,0.07879850463089363,2.6964843055455345
304.863803044905,0.07847812336151269,12.533779491903152,76.44340318417295,0.06950371173002698,3.9156989297209055
60.257418114220464,0.07514214660743782,27.27113644615688,930.9306160305687,0.052614784550613886,3.0591874136515216
886.3704975204688,0.0743049397903513,26.94034037692463,943.7157546808794,0.09210386349817398,3.107087804906315
256.2482074442344,0.07335807102617872,16.027247783569443,124.65271744011898,0.05342658987178878,3.7039110176630454
136.24546853235768,0.07000399443326204,26.920850294801294,696.0351933251243,0.07999927387856612,3.6673894993290106
62.438247025287865,0.07943740386473998,17.914263783748886,792.901122143556,0.09601193463633098,3.925721510264582
62.78029461779458,0.07474642546220818,24.147247610104934,73.35379714221403,0.09431104850357086,3.132087086271077
339.4138586930157,0.0720019408686024,6.796096364825642,939.9809616933585,0.06649328048196343,3.3907439696298463
16.72226287690068,0.07361082872082735,21.390486574639183,848.5473755091716,0.07155199141682694,3.6763714258019955
5.586937433357779,0.07757519843443189,27.82600986401988,621.6343407838733,0.06991427328822611,3.6110964575608655
49.95327335349748,0.07374555081102868,12.235657551938253,500.358783161816,0.08056189122358393,3.190231797829015
359.19839537863174,0.07871601381081972,2.1970048259965633,966.927312012692,0.08155859272472374,3.5103082791491738
17283.298076485473,0.07828443903184248,22.200447236224,687.9883773644827,0.11619480864960523,2.3023392319266973
64.3815940268417,0.0747620593006984,24.932606217459252,757.2786917758248,0.05744804548151519,3.4464412887572276
2.119235063984367,0.07395977878384895,25.10526658271921,458.1865501520147,0.07282157396352773,3.833038658815007
184.68682469470866,0.0669304466844356,29.004769567157812,842.8570926363582,0.07618741847391314,3.9084472911884482
9.87366444463904,0.07043106635425538,17.701521697538706,702.0839435696046,0.07512851950931021,3.491554607925991
47.445032550098404,0.07688807267184858,24.601191878031546,898.6317087687385,0.08116722848670907,3.17871835156517
148.5898672245516,0.06014006746275616,22.932014696375923,865.0679934685445,0.07351822242415462,3.8844133606127693
200.8291481676501,0.06465982498738054,28.30598211399097,733.9018843202207,0.07233896147084357,3.323419794368619
28.498761692072094,0.07837785414918497,15.492157436567995,307.3402983748512,0.08489096519160694,3.3421634806405662
146.04252631671218,0.07179750584607654,29.491238798203625,930.9739148443753,0.07895427545810454,3.741251959326415
18.814788998942397,0.07811227309908106,25.42148504551342,815.0406913602184,0.07110336107416451,3.9257776678018113
36.00985110111565,0.07776576680208039,28.615413881194492,887.7166865276458,0.07908357586428075,3.496420093328301
829.211899215348,0.06959985133862115,25.712677854035853,911.1105674851144,0.09201820324454432,3.6303993095910476
114.76672843380021,0.07562752766184506,24.15940772176706,894.3000324837216,0.05301015106756335,3.498943197482963
0.8304026186352458,0.07740227832864974,22.395927816537,981.4062580549537,0.07569737993212389,3.1496600110359254
16.096568605312395,0.07731425302198988,21.506425116646305,454.5674324896041,0.0778719421685371,3.7716919410008387
94.74280727538986,0.07922385331410013,14.383944616935203,853.6046810505313,0.08280556095442779,2.0149704941515356
1.2737616030124164,0.07358402425821309,24.544819120191335,877.6983767854758,0.0749088081835077,3.7446985801989845
144.60855049565453,0.06460858953229157,11.45013149095097,912.3338934400947,0.08339345372931103,2.390977161154556
14.924558697772467,0.07209624743921622,18.366307349418488,438.52758793453194,0.0731897405358827,2.9620894850027604
18.342961711819378,0.07466000153644807,15.193651745178155,988.5192014607791,0.07653134336237755,2.9144152898241122
113.12794275670767,0.0694486588697014,24.74873283777591,942.3886680728249,0.07952021244266072,3.5693963817386143
621.5307664709651,0.0776938748682307,24.517131021759266,850.3443246620469,0.08995798650913861,2.596822976433235
91404.60615491605,0.07136181189218427,3.182061402452895,65.62019450355257,0.20920473946324625,3.304794008837817
338.35522761443735,0.07412534980472482,20.02813070726932,393.57260361811115,0.100100182729905,3.8233092295517643
1.0097655902434564,0.07892768523240862,27.59292770485756,368.071273966093,0.07866978084175269,3.568867543167458
3.4318374477035305,0.07776837978769008,21.238106459453007,862.0339957529615,0.07386033465584801,2.771418607490361
2214.8347552708133,0.07612304792642442,22.640881830271315,556.6328173704069,0.10729755690229985,3.0715003893825004
45.03484398298134,0.07902144727337337,26.092650636883363,265.62948369352193,0.06629736674120956,3.146748501344264
14.885221137128333,0.06842880902723292,22.43136523226771,806.5990270077772,0.07542539348859004,3.692411613545291
20.18958382225874,0.07591888621668634,22.150799429617187,731.1545767768322,0.07743405176590423,2.662019609368517
460.7573837540897,0.06458931996277177,11.395505946659414,754.4592714641146,0.0871933990671642,2.1978290228784703
9.712176605719407,0.07925411008564168,14.736823341830643,915.0191421865907,0.0821665075221929,2.3275632837119464
72.72056809166847,0.07157662174801849,12.257190507967717,771.9938391099854,0.07694347816070526,3.481133535450085
51.09109344968087,0.07890493670556883,12.872676530563524,604.3185924955061,0.08562022802863434,3.6484010787409256
329.29284077188595,0.07976686074536009,23.56968162042995,772.5628813508376,0.09703849001588966,3.720172719876102
3520.052996096961,0.06095004307642057,27.433453464034883,924.8647760085662,0.09588233981914246,3.494813108450307
687.5475066406168,0.07540571090656754,3.582231656541099,0.13509900250920737,0.0635532129632213,3.7804549879347444
20.461558146020735,0.07159152597965848,21.513124292641628,220.52679421971766,0.07273519603374412,3.8776405359627573
515.6927431722062,0.07545658185099847,0.38340130037472875,640.430537106467,0.07374161582653466,3.4840436933188728
0.22635857797149,0.07306283375597128,24.015667362835146,19.622151535437126,0.09135634788962041,2.450072443054263
15.423268019484873,0.06715145676313244,19.42586241369114,824.4322433729394,0.078384929108401,3.716172485975064
6.704046748426077,0.07000399443326204,17.582515347175594,696.0351933251243,0.07788537383840174,3.9897481105970707
591823.203610319,0.07229678953501664,23.65546612637322,995.8675025013636,0.14625518207122723,2.926856580705925
88.84621987444328,0.07884238806652138,28.609802248452738,997.9853677616604,0.08328789247505536,3.596688519070095
288.4090352694997,0.0773469574344231,6.796096364825642,939.9809616933585,0.07607075091693913,3.479191331845744
137.27655961369746,0.07518749125618276,27.417597475184543,215.231397144264,0.07793353025386879,2.1011097559329626
175.9532793771731,0.061788305855882165,22.727734659557886,952.8365702747552,0.0758900897715036,3.6110964575608655
20.45507520749281,0.07173994731912534,22.654038799798695,789.8437343777243,0.06766731378054228,3.9490761058400343
90.1712046355936,0.07328303832815286,15.673322297604484,901.8360417909292,0.07160874286965266,3.782085290868013
0.05601689532450292,0.07627284060131358,22.35174207101406,327.4808313978166,0.07784868288047264,2.9007237382144706
13.878430405205325,0.07407363593433991,24.730719187594843,747.1479529897114,0.06681403896054425,3.4716310008916214
1.3579192686544415,0.07734894048821467,26.79005754555129,727.990642317328,0.07609500808756131,3.6298656792550053
1764514.513877851,0.0752995917233877,22.510943582957957,534.5649930095171,0.1670069931203268,2.5910467910968205
8.833269283389269,0.07715289383087717,24.799296051489478,339.72934611004234,0.07512851950931021,3.737754686313062
25.108530303651094,0.07688807267184858,24.601191878031546,912.7176023273605,0.07323524154450703,2.438743569631096
29.929142068155233,0.07516658398330675,22.932014696375923,550.2889939592637,0.07351822242415462,2.2379971761960764
39.92710602298808,0.07655085810108783,28.565275763761818,679.2640851798453,0.08122196285023497,3.9761397836012424
0.5982921792734559,0.0740051261325886,26.096927632868923,39.89400279435631,0.08489096519160694,3.873537734957637
0.5985794686527612,0.0672230379350394,23.533089039354174,931.6435076081923,0.06605994066273482,3.896823822379688
534.6392690244929,0.07513902732981889,2.3353026131590067,176.59951362263172,0.06813495467985148,3.249003756312559
22.316706710589145,0.07582387577756325,18.5942140605736,436.30794076303005,0.07908357586428075,3.606911859712735
87.47213949682384,0.06959985133862115,25.57044536644391,361.5311898387269,0.08054940877781236,3.5296905907704876
2.8974045110936437,0.07022986787858158,20.6740866278433,975.2520823871987,0.07137460124535538,3.498943197482963
88.28699922764048,0.07740227832864974,23.3978989328738,543.9274847998101,0.06274981890094711,3.853331692815337
6.793835311927147,0.07037246488748111,26.305334777175602,382.684990380374,0.07256055796796909,3.6475811373535154
14.735514962368013,0.0781754205231858,29.3274733403343,670.8835939721107,0.0769509059416209,3.4755658635371818
14.068409981291605,0.07432972254414184,24.659197040389195,626.062948423029,0.08065730348656219,3.9305623671018903
293.3162127831264,0.0734402811872085,10.450877605456242,47.74359905812872,0.0717740115319733,3.6695718905792916
15.664710969919668,0.0716108345177235,28.90036243762544,913.0248551710195,0.07111953288032949,3.9556278816535926
3.1124776949660182,0.07654083500347,25.24578945429302,656.1545380562137,0.0794818065874997,3.8740144245912917
49.78178698644758,0.07740586837396274,15.811695401063018,903.6144756763128,0.07952021244266072,3.681607904313277
35.65549714028177,0.07420804648650181,13.934278979383546,850.3443246620469,0.0815797384129171,3.791321512290855
477.8288164752039,0.06977068887542932,3.182061402452895,65.62019450355257,0.06929248772927893,3.304794008837817
182.6313991838951,0.06457499878827763,24.116010265666013,807.7855443780724,0.07708794518842782,3.399226019632357
41.82968737721082,0.07627095303007368,27.59292770485756,722.3369546418494,0.07866978084175269,3.290756623603511
75.4545757525848,0.07896638006437105,21.238106459453007,961.0963940410638,0.08940167320468453,3.4393470944326143
2048.390197661802,0.0785374867024508,27.101567745843454,829.9302149527125,0.10729755690229985,3.8276077003396383
6.224802749185051,0.07684366604339007,24.56682863184926,954.7334113845419,0.07849293732463797,3.4689110970760795
4.604058096267034,0.07680500592687148,25.229552385213584,406.2385205942062,0.07495599556318025,3.7566894171890564
0.5748497462453737,0.07268667346209218,26.422007842120568,806.9497483416662,0.06823404466689623,3.6652227700665687
3.8436422830486103,0.0768051985893182,23.541135721997083,512.5444752396969,0.08330633610804472,3.979789205368375
235.83385281011516,0.07590920379831251,14.736823341830643,109.4722364833566,0.0666273164776327,3.9188671220140647
93.12141752338187,0.07157662174801849,20.174458579767933,745.8894803518197,0.08651354689082649,3.5530592592030654
750.9888681599291,0.06581945362609307,28.26966280435302,807.4057683737562,0.08562022802863434,3.7245615056685857
168.29630755497743,0.07557495568619316,29.926270533125788,900.120167068163,0.07298634215839647,2.352299154679013
47.02594154292544,0.07919120128168047,20.988482292174112,924.8647760085662,0.06807807606482308,2.8117872472179712
849.9843220974676,0.06118803038674826,27.555732165392904,779.0345647169432,0.07879850463089363,3.0696948455189204
6.140932957404454,0.07322641801916031,22.211493574349223,362.2644502553203,0.07615460037481184,2.7210159609648525
5094292.950875474,0.07514214660743782,7.159733284063198,498.87535337098643,0.211870035042284,3.70771562339654
2.254271686205427,0.07352889672567138,25.45907742729941,381.88304893548207,0.07708297781462772,3.8668697439950535
6.302061855249022,0.07870981119066255,28.16903603097364,793.8268491216065,0.0690361999723142,3.435544962140299
60.6058979903395,0.07539765702285987,24.826934545737195,696.0351933251243,0.058614037553268744,3.317484415707422
93.58722327908089,0.07923269529579888,24.951373167729077,871.0345368236265,0.07972401314730257,2.5131823746310236
617858.9930321618,0.07540456238052455,24.147247610104934,157.7560307571385,0.3704633738554408,3.1907334601051014
281.3588222334465,0.07565559859813112,6.796096364825642,792.2424370846882,0.07607075091693913,3.5811878329425806
0.07946510683381446,0.07811739718666384,28.34372473867429,746.1493141698343,0.07333286875698622,3.6222729009945125
25.563823054029626,0.07757519843443189,27.82600986401988,730.2425940558106,0.07948640230507567,3.5240061978239288
3.7447957886802126,0.07173994731912534,24.18103608785627,814.5928258035849,0.06933530143671365,3.861081532068966
107.12669494716931,0.07785602902811375,15.673322297604484,820.3520267226659,0.07465208221057149,3.7452826071320553
647.2762837807633,0.07442164469722101,22.35174207101406,684.9781136190845,0.09379849150538333,2.9007237382144706
0.8894995239566041,0.07593427548208785,21.800445968262036,747.1479529897114,0.07229670375198902,2.6783638502826213
1.010006624106637,0.07703061391091665,26.79005754555129,572.051225763858,0.07311335095940477,3.6082958779415355
16.037560665277244,0.0669304466844356,19.909297063629495,495.4429082799327,0.07802114069662142,3.50151475683363
16.303670064037902,0.07941287877641809,22.866043172354722,809.0094359641844,0.07653747778768685,3.8817614814847934
12.719607338355821,0.07921586677893976,17.895855434552754,983.0797454527349,0.07323524154450703,2.438743569631096
0.3189373121854996,0.07516658398330675,23.78930367417805,641.4089606639031,0.07351822242415462,2.9557880864201156
0.5981262137704764,0.07735236816068655,28.565275763761818,679.2640851798453,0.07236027561936426,3.9761397836012424
77.1313816995978,0.07721518810087984,25.05395261016879,909.1177377459053,0.08489096519160694,3.579656465675002
17.527577076605212,0.07739300085511414,26.33381277928002,781.1244957733783,0.08086180895236517,3.7448787603614035
1.3253891987796118,0.07677356630928583,23.383506216625975,842.0515335776536,0.07783060498103353,3.9466816265720843
11.650750472066404,0.07582387577756325,22.064536101381176,436.30794076303005,0.07547861834994263,3.540914948521997
114.19088461021269,0.06959985133862115,26.133620444570255,735.4990056326192,0.0795340462620652,3.700147046316562
7.882675974889482,0.0780975391024099,27.47270388996037,974.1229233975841,0.0786595361415674,3.9098886160471915
34.961210865284826,0.07740227832864974,24.434366746790445,725.7808105081183,0.0656746407216649,3.1496600110359254
2.8708795210218856,0.0787405948108671,27.083586127769184,784.3920838521756,0.0778719421685371,3.649275370217352
409.3618973053748,0.07515594663508982,29.3274733403343,670.8835939721107,0.08324330158005627,2.718529603654868
0.646322627381771,0.07751271995992612,24.544819120191335,789.9810637868123,0.07682964918793672,3.7446985801989845
7883071.8898289,0.07422010349676075,20.736806516641025,856.2019264353021,0.18009773131164192,2.90600413308719
56.14452412396263,0.07209624743921622,19.422613438067614,120.53049461929498,0.0731897405358827,3.820193453042277
218.91623654235877,0.07196273266441032,26.321833862110715,822.3267724444338,0.07097955482972762,2.069388118801056
16.660178152354227,0.07492209798317413,24.940843664471814,935.0197098714401,0.07952021244266072,3.7854364992999727
386.8023825007699,0.06570985371927009,29.890666729379024,850.3443246620469,0.07677179750156343,3.4084648625562615
103.91958978793326,0.06977068887542932,23.850440408673798,871.498334686821,0.08218899573611738,3.891966620751041
0.5059460066074486,0.07817697662210205,28.358851005859723,717.5104110976788,0.07163489170445464,3.5201064599713665
13.848667111469801,0.07562665206310623,27.59292770485756,368.071273966093,0.07866978084175269,3.568867543167458
19.279851048829066,0.07837357269791363,25.1303376266185,374.31874071139947,0.07386033465584801,3.940332682758867
6.052980476572857,0.07904848762210942,27.859954140090288,685.57053160052,0.07071303974714907,3.53730438438569
7852.35623998936,0.07175723840594708,24.56682863184926,369.5933063690394,0.12342490952157643,3.863834046016175
8.105428681517747,0.07468467464719145,24.266071554538875,149.8542080738199,0.07539047644123567,3.46651463348737
2.1982411436132483,0.07319570824728794,22.663828201680623,806.9497483416662,0.07337370036005592,3.6652227700665687
23.12212956926172,0.07690901191973934,22.382531537967367,673.0733897354788,0.08330633610804472,3.2942416059860338
261.8079274443736,0.07757745457063189,29.651771228158154,705.4680262920549,0.07402756597145835,2.036418240251675
20.838886812669912,0.07757425989170107,12.257190507967717,984.1772268641802,0.07443169797331894,2.1804375622641747
2.087539842578088,0.07569318419076142,29.938462321521193,749.1771391395064,0.07045763625631882,3.6484010787409256
7.473091030489865,0.07587591155474406,26.74792709348415,823.4362797801516,0.07726227606859748,3.8506233375556564
149.64311273168082,0.0784679125837644,6.9715335523960995,786.2792859426388,0.07137333726938727,2.0254599687819095
1.6119525897285323,0.07793308324392458,23.032235636551725,551.4579159968534,0.07675904748048859,3.1498912834440955
155.74676473470493,0.0792909985498015,28.246504174998034,653.7572200579956,0.08913435836531661,3.843461552489732
2.611771116596759,0.07518065655890929,23.734705484996937,470.0799008566868,0.08119070918511942,3.9621829208325643
498.57961887461164,0.07306283375597128,27.4006979749822,838.7056110277732,0.09135634788962041,3.9913976669257716
42.418718095068634,0.07870981119066255,26.48839769326844,542.1946732017619,0.07971619298782956,2.7953374750621984
7.34670002623481,0.07804320346896447,21.109466929930655,596.2100160676156,0.07788537383840174,3.2717600619532154
81.56119359492035,0.07575841642095373,26.106469933552717,9.218302798224329,0.0759170331794238,3.5187278462299583
11.970648868755843,0.07269336164302,29.243020105981334,73.35379714221403,0.06601215027334731,3.9633911179303136
24607103.287031885,0.07636679559354445,29.57233771248119,972.8090463722049,0.34706124440588937,3.5465512718490384
15.069171025516289,0.07811739718666384,29.65461328630112,651.6002648555781,0.07731239936576692,3.6222729009945125
364.5338650104104,0.07830871058522447,4.601436719113639,936.8905982505605,0.07410080685918269,3.1091340418788214
2.1657319024395463,0.07695409783134576,24.18103608785627,726.2715436700712,0.07979341787797886,3.6915087298245113
123.5632115714431,0.07752496742592815,15.673322297604484,906.9605871162764,0.07160874286965266,3.5746675540566333
67.7053299630152,0.07627284060131358,28.26686672329204,589.2339290328949,0.07784868288047264,2.9007237382144706
11.155317982438381,0.07782999697981269,27.54471472656818,747.1479529897114,0.0724819486585914,2.6783638502826213
0.6390228885738054,0.07703061391091665,29.424501370491573,562.2159786208952,0.06992905791670162,3.6082958779415355
121.6183457551102,0.07621027761895448,12.695957804664445,842.8570926363582,0.07618741847391314,3.5054535506545514
1.3100132829415707,0.07467629647358763,24.799296051489478,339.72934611004234,0.07512851950931021,3.687920852470528
9.837325880874047,0.07258933282583449,25.405768086153525,478.57142507376483,0.07304574617530213,2.9680709305409625
56.74273449429109,0.07674798031161523,26.93033776845516,53.58541993093155,0.06685081302380377,3.458390753406484
34.13544046246289,0.07655027961212788,20.82341240427746,846.7362704379698,0.07236027561936426,3.6138106672533503
10.115181942261751,0.07929381087042653,28.840174865440506,874.8060613864519,0.07690048356112833,3.443499072713673
145.03117497798314,0.07837821224310726,15.319558466631541,735.6301079373188,0.07315406632274474,3.9697794706026923
7.174476444578429,0.07677356630928583,23.383506216625975,894.9664636768886,0.07599827175560395,2.846184453293959
31.680319690368407,0.07648816323951654,22.064536101381176,436.30794076303005,0.07282109352139976,3.6777832989374533
6.243424766686951,0.07813473117880035,27.645724477796144,649.60293697031,0.0712357386430891,3.808033769153872
4.599548994447696,0.07022986787858158,15.335746063959544,941.6940476284858,0.07911915642542322,2.8618505638958
162.72868132920297,0.06769694073804566,22.395927816537,510.70881609746743,0.0840049419063931,3.524703992837594
0.914838824095403,0.07943307719794479,29.36044923735709,579.557017481882,0.07252314216907713,3.6588451095431616
7.519368934574034,0.0748317920352412,23.622862460024884,899.9670501952636,0.07810689815723804,3.4755658635371818
1.9276124613174042,0.07911580098428816,28.53312334756371,551.0208705048541,0.0774127624089366,3.7446985801989845
5.3381281454050455,0.07486522052139513,24.605795026706915,228.5395412293937,0.07393718293201762,3.39580220677166
9.975876519059696,0.07817174680227745,25.649768561283906,680.6799163864041,0.08088575917461657,3.5782131139096887
11.122358609478507,0.07654083500347,25.24578945429302,656.1545380562137,0.0794818065874997,3.465271547495489
3.3428569091802656,0.0768775206120985,24.36879812259599,935.0197098714401,0.0798362896849964,3.8338610463221285
0.33545954995684524,0.0776938748682307,28.998923732508608,578.9947931652321,0.07130641518837566,3.560837518376994
44.81718700777873,0.07708727181945617,27.122454862088752,782.7662128337878,0.08218899573611738,3.732497811407487
11.765114646001342,0.07646819834905998,22.5420676973012,883.7049179731735,0.07981309265709827,3.18103276330605
125.31566506094168,0.0756523519164242,27.094714999840864,441.63259411792677,0.07681447960500823,2.3133671538103444
5.420452524012684,0.07951489695015643,21.238106459453007,876.7549229083609,0.07962436098920816,3.4813782201552605
153.81521372997707,0.0786426894721779,16.0070340124728,468.36533367515074,0.07071303974714907,3.53730438438569
234.50246690946472,0.07830171368693206,9.986499189496385,948.8537441564861,0.07443088825420666,3.597707159121968
101.50083034961258,0.07680500592687148,3.6076431612120814,406.2385205942062,0.0950685617087049,3.157943230938547
879812.2600523389,0.07620455612695583,20.76515938333958,193.14385698355932,0.2366447525498253,3.750617815315612
3.128792815882483,0.07541604454341212,22.85880439204791,896.5691239608946,0.07328571987164098,3.3510476620050573
12.411274089039813,0.07533721421867182,14.736823341830643,422.3772725112284,0.08340849139156295,2.3275632837119464
39.394840094546595,0.06918593937147587,20.135811059572468,717.5171193602538,0.07443169797331894,2.560510395993769
8.023343641342214,0.07569318419076142,26.508111284408013,623.0818171987617,0.07654794682250277,3.4471483840443344
291.9116211487736,0.07808214671780316,25.997667964238982,835.2655508879823,0.0783559582365706,2.1176675458666985
223.71978975351442,0.07782723704567772,20.629224005286286,10.200391206135805,0.06444593721987585,3.8601821906443856
22.584840104012585,0.07731310891474115,26.27969209694333,551.4579159968534,0.077697592775544,2.899979389884631
14.902020276993806,0.07807058262558433,22.211493574349223,765.3273221869833,0.07615460037481184,3.7607036882819047
180.85694451646208,0.07205258918997436,25.584698786817064,957.8937292476587,0.08030351275058839,3.061525098387378
218.46561838500332,0.07975729639301711,16.58641850950927,19.622151535437126,0.07359762048737212,2.450072443054263
2.4444876660137793,0.07668838451117123,25.269460078278204,714.6974059607829,0.07706556508164528,3.435544962140299
157.95288701232946,0.0792641273000166,15.252922467331624,408.2134849971165,0.06714825671795388,2.6022867253719646
5.561719007979912,0.07923269529579888,22.72961838523471,188.06736576213234,0.08477794437912395,3.9
2.6961334333951563,0.07695326454995563,23.151382391806873,855.6503167455933,0.08134668720529059,3.826152198620055
0.6754348673462431,0.0753003304322732,22.962433158726725,792.2424370846882,0.076774881966724,3.770398277203406
42.08491472631688,0.07870104090374114,26.185543956140325,55.452644237710786,0.07477180308510595,3.4236065859735305
0.28860001113670075,0.07808860127159663,28.525919702463224,478.29607203996414,0.0750428438602449,3.655938103899615
1.7257561782646023,0.07513225888209316,20.308754589679673,726.2715436700712,0.07979341787797886,3.7449885488033967
0.1271837569065568,0.060710768717465155,15.673322297604484,373.7820019756848,0.07432214063589485,3.782085290868013
0.6042756624175232,0.07627284060131358,22.35174207101406,931.3319484426083,0.07774858209362073,3.3136762683473098
34.80655290555008,0.07879583769177478,22.41504206217753,875.056346694275,0.08026472376730129,2.6783638502826213
96.29539511808196,0.07844478121589649,27.00977650508759,513.4940894087925,0.07578849486049746,2.179673920282561
21.063142265195644,0.07471423067711676,19.909297063629495,503.89546452060875,0.0760295583652236,3.7173498755368604
6.531385332347325,0.07467629647358763,22.97052171543107,945.1136881953012,0.08071625153280523,3.970276637880493
0.03781640294823558,0.07934480732740033,25.405768086153525,894.2581251626797,0.07675016888334069,3.3963599520852545
0.5812630074157996,0.07516658398330675,22.932014696375923,622.9868895733089,0.07351822242415462,3.0204231312434233
1.4970608703024388,0.07778759033812699,24.181028546840633,679.2640851798453,0.07740451183886232,3.729650474070107
23.76967496297668,0.0740051261325886,26.079243422501563,39.89400279435631,0.07278376433601272,3.2066050463800737
15.572098735884051,0.0672230379350394,24.767899374209854,626.5356814667103,0.06791921670745507,3.027682836912022
761.5486291606841,0.06730140748597992,26.173609574952856,900.4082431114864,0.07974784525060313,2.4636083498878674
8.28414504271392,0.07582387577756325,22.064536101381176,858.1663896972825,0.07547861834994263,3.81059157308046
5.148778823615595,0.07985971807172364,26.080897234471045,649.60293697031,0.07548604853531446,3.808033769153872
0.8775326821306018,0.07479730871659876,21.18919809390428,837.361823134062,0.07738954588071931,3.544768945742791
280.92775182411174,0.06792842536262883,26.679957191639154,695.2160732046544,0.0808737721184074,3.390736893105932
209.75525708098218,0.06633439059359734,22.258123530491872,382.684990380374,0.07964323327240544,2.659185442577748
2.4619170917315816,0.07928184963292226,24.809047170237548,899.9670501952636,0.07553546894889931,3.4755658635371818
0.10283081452706413,0.07662884128034678,23.21348411099933,856.3426117937665,0.07682964918793672,3.4382713149491213
1.2686019921395468,0.07987261927734553,25.103621896901657,874.9144220100318,0.07619186901203426,3.4067755062435583
17.08826478374611,0.07600037502586057,19.891166032296532,619.6979716271586,0.0731897405358827,2.9311148366533994
2686.914996311197,0.07780390005659188,7.94612539208487,15.136252401823356,0.32537948513406256,3.8740144245912917
11.572603305964094,0.07936224695590985,24.36879812259599,642.0376838499632,0.07571455912786876,3.8338610463221285
40.73938352950687,0.07766887253600017,26.03538630289806,974.754894675847,0.08080207878404885,3.350698709965461
254.2718891287974,0.07957219500827592,23.951143050270275,418.3211396799634,0.09072752638723247,2.66180551008097
1.1736220862619513,0.07733782458681236,21.080879872301615,717.5104110976788,0.07920241708241069,3.349509061839412
28.483161584354328,0.07892768523240862,23.90683805900863,368.071273966093,0.07207450153101236,3.307422929381025
1.7533199860153705,0.07776837978769008,21.90547769528034,621.7601458905748,0.0748061615518465,2.771418607490361
2.674996541403692,0.07975884776160853,27.859954140090288,898.7841327030872,0.07688208959795309,3.5274707900149442
23.52856870027116,0.07390202194411123,24.262574690645923,952.1139904865267,0.07849293732463797,3.4689110970760795
685.7315141557176,0.06376286549297341,29.294587670155238,485.36862940960594,0.07495599556318025,2.4656309914798498
0.4442837426252111,0.07738395402093773,24.26318590864765,883.031525961608,0.07713570493663152,3.415399066567552
30.715557170049614,0.07479453299231528,17.623444465562958,512.5444752396969,0.07655951290168483,3.3726727402596315
377.60985116898917,0.06968367031842704,23.927759913222552,997.8125708828256,0.07701808467577587,2.3275632837119464
32.328282708935006,0.07823832619165046,29.605321973352225,984.1772268641802,0.07443169797331894,2.9427818558984566
222.99320763242997,0.0678448184138161,29.768288677625076,678.872393071865,0.0750836593590648,3.2139063508753196
0.16886253529682707,0.07952415075851121,23.677349252741294,954.8681826179372,0.07726227606859748,3.2046747865561023
178.4567484810887,0.07675179765520534,22.655544524516078,495.50671003353864,0.0882332331236795,2.8117872472179712
1.2566872259452238,0.07928998113813768,18.956425499290795,551.4579159968534,0.0800243280701719,2.7502758233147055
4.143572807182408,0.07113435642685234,21.820171857747912,924.5519491080099,0.07399819428771767,3.174222376561003
0.03402238796835636,0.07834682399614142,25.572499373680003,867.7123748090256,0.07654190879579581,3.593417517462517
54.63488517555591,0.07335351608603315,21.457042425777253,19.622151535437126,0.07697757156364016,2.450072443054263
3.32818655070849,0.07668838451117123,26.03549753158613,587.0593092342698,0.07706556508164528,3.435544962140299
104.27679354787966,0.0792146090173764,17.582515347175594,118.76206390541586,0.07788354838649664,3.320630301840174
5.426551322176706,0.07923269529579888,25.73391599002165,456.39165695735215,0.07546125522160485,3.56839331408885
0.4140457751235646,0.0785681311438945,25.276023861850618,650.3074633611927,0.07600317016776267,3.3647718125253734
0.4935793003742504,0.07865296135361295,25.508657131974488,792.2424370846882,0.07490941405105273,3.3404586043094464
268.6149436825001,0.06055485067447577,27.16866381987393,154.10615419934027,0.07836971742666518,3.9788624459730926
17.264799701107883,0.07687373856011089,27.655054570568353,763.6772907766992,0.07952009489823836,3.912484828623925
0.5284354320050835,0.07892918037875872,23.563106976076057,997.9945001479323,0.07645133462061604,2.9978245000777592
817450.6572590508,0.0786648814597659,18.84136897380348,266.0744636056114,0.19245544956001553,3.782085290868013
11.125278185280099,0.07931823961405315,25.845424537221177,471.69473500555483,0.07914873010206627,2.9007237382144706
32.82953579937855,0.07593427548208785,24.97204926935666,94.18954857041285,0.0712833332944102,3.311261260051351
10.618929750646851,0.07651583156403989,25.248009581333324,915.9626956935999,0.06992905791670162,3.6309782811293543
45.629190240832344,0.07951258230350393,26.89966930468554,320.6852393735928,0.0870348564993281,3.5054535506545514
0.4572552171336796,0.07790780427731758,28.48965687242961,339.72934611004234,0.07512851950931021,3.365693090462986
0.7259849631254105,0.0767492921511347,25.482077041199798,813.5543163127797,0.07640565076594524,3.6235563988206367
14.459095810221786,0.07993686232551712,29.15280976760492,933.778587314607,0.06390870521500722,2.9557880864201156
7.550375986347637,0.07596814616033024,22.069187915852105,843.1590805491622,0.07569351496621415,3.7645631150083254
7.824242022355133,0.0740051261325886,25.650929337584493,537.2904345880912,0.07699346710302882,3.6125124456475852
0.3397861610203836,0.07766408254338483,25.545789233440033,472.41656966237366,0.07784236446920359,3.442936345781823
5.207008554798716,0.07677356630928583,22.34660698559833,980.5734651216842,0.07455046183756558,3.370623661360076
10.88123716795284,0.07926674749263239,22.064536101381176,923.1510853071413,0.07868626595757819,3.88342899695479
0.27042715309189835,0.078328814632142,25.4904104167586,639.256269403307,0.07741039758204468,3.4245152314131007
3.659696828207381,0.07725311083368075,25.003167091908573,965.937643160003,0.07870813702297308,3.67106663383172
61.155485780179404,0.07144485457974888,24.222795562636914,694.884387764514,0.07813462610652949,3.1496600110359254
12.21898906268774,0.07936281669139975,25.487857043074932,382.684990380374,0.07588168009709179,3.9299660096425857
0.37314943800446093,0.07928184963292226,26.150011754269965,899.9670501952636,0.07591184606055187,3.2961896650164326
0.35074886865168936,0.07312903945809225,28.29893232356841,856.3426117937665,0.06668044837970427,3.8249983307369977
0.5508716453173662,0.07880152873386961,22.673487620579074,912.212477322455,0.07945343295875693,3.277699762144275
0.4554210027989956,0.07956452508178818,23.576633593897363,399.55948192229056,0.07784301911096195,2.8802986157982366
1380.1462933198222,0.07977051947410069,20.180351768157507,308.06841894432836,0.1166919143965566,3.8740144245912917
245.50021588886048,0.0768775206120985,25.845424537221177,608.3684992975863,0.07914873010206627,2.184400860742258
0.49233957074138734,0.07308422892278021,23.09997235723732,808.320996231474,0.0753179863034113,3.593417517462517
23.712832429222125,0.07587944444462737,25.884792416707885,468.3158699620984,0.08218899573611738,3.732497811407487
17948.453541218092,0.07817697662210205,21.59987911248669,717.5104110976788,0.11515551670957531,2.234748085301415
0.5261188480591803,0.07892768523240862,28.672254738709825,233.20581392261408,0.07866978084175269,3.568867543167458
6.1525133834809225,0.07760349596533411,23.843754376288643,621.7601458905748,0.0748061615518465,3.4764182037151112
0.07971658489808126,0.07836586673264367,27.81254438038468,674.7099354871283,0.07540469770197714,3.8178214015904377
0.2988121322764531,0.07688999102917446,24.56682863184926,978.0576947380525,0.07626344186066347,3.8300882487910846
0.04043762188719255,0.07398817148430444,23.669026812102388,883.7943480686974,0.07508097794936405,3.7566894171890564
0.17145643852668183,0.0781588830109398,28.390640941185342,926.3425417120893,0.07134572812177387,3.52829167009344
130.06452184028777,0.07895152750997117,26.50552034077395,674.9745125826612,0.08330633610804472,2.8077917474051057
104.85111085850197,0.07925411008564168,23.72037838334816,467.2310222174708,0.0821665075221929,2.3275632837119464
136.09069402684014,0.07757425989170107,12.257190507967717,901.14357501299,0.07474494988665334,3.1495938059009116
17.986764320309305,0.0787446535964808,24.154391550175394,414.6209323392299,0.07369681178748494,3.437222556507126
125.48700535382645,0.06885829390732054,29.04366443370265,954.8681826179372,0.07528731086134097,3.7770357556350866
23.95119525254936,0.0741906864522192,23.10095584691402,820.0408858543311,0.08074281735730937,3.505633697921496
0.4635616828435713,0.07634575581629259,21.49526556901227,673.1540071740753,0.08047791468381119,3.7428908786926316
0.0750084376649544,0.07753330340989575,28.781895909807233,924.5519491080099,0.07217534252150029,3.953463276302867
5.496606856218209,0.07844570330657173,23.420542224579556,718.6125639452732,0.08276969336977988,3.6380616471838123
8.763995103551242,0.07306283375597128,22.224244173439367,710.2684984416783,0.07946786737467929,3.5689054123073105
1.3778002426998892,0.07617004359656562,22.99413812985581,576.8848348282218,0.07656215290240323,3.435544962140299
0.28040708346834714,0.07753624300166859,24.952883175116643,858.9062344470274,0.07614165958456329,3.674021888554937
74.2435498400793,0.07779724919371528,24.334356949660645,9.218302798224329,0.14625518207122723,3.590941009338536
0.056787277217331344,0.07778143344947713,24.262266788815015,870.8966639047248,0.07676699531167822,3.4426117647587224
7.0221885326136295,0.0767278216598807,26.805004165448487,586.5237872526752,0.07958784029652252,3.9834308934140354
2.9946369193956937,0.07841638080933037,28.962595265780813,837.530332494661,0.07467217747500149,3.6222729009945125
0.5207259720613571,0.07847620767563267,27.13529978922614,478.29607203996414,0.0750428438602449,3.552411668588195
3.827854949998162,0.078631362155904,26.884558788143345,837.3720853336613,0.07742065919619459,3.495164357892027
3.2561249896304245,0.0663747474478707,19.815908705898956,899.199362069101,0.07432214063589485,3.782085290868013
1.1000113933617974,0.07627284060131358,25.265917455248783,327.4808313978166,0.07687638793182017,3.751205797466185
3.3174086433093515,0.07794829801874935,25.40612386227965,244.10931824782932,0.07280732252517669,2.6783638502826213
3.298259662521508,0.07975698553093374,26.215572299899833,562.2159786208952,0.0758001035555588,3.6449650493487935
6.018530661208546,0.07856826010106434,23.838431363834623,732.189536167718,0.07552285130606323,3.501839033614424
0.06321108953464216,0.07790780427731758,29.47965764011576,339.72934611004234,0.07359583362709557,3.4860255300514194
2.0949348140288535,0.07972802996831346,25.02754537145581,850.3443246620469,0.07722563240391489,3.72234608914415
3.4984285066000216,0.07826621829837044,22.932014696375923,909.254869294323,0.0734758867824607,2.9557880864201156
6.3900709619623575,0.07735236816068655,21.54179121796888,821.4260665188967,0.07930995416190009,3.9761397836012424
0.6905613187469538,0.07086875321854041,22.644306246927577,621.6134240444533,0.07491352641617718,3.719400791257015
291.49996887353245,0.06639239384834589,21.682462880884813,897.8935908523285,0.08009228444417468,2.8061276284078316
0.40002053945710436,0.07677356630928583,25.646831896061926,842.0515335776536,0.07712171873454363,3.9466816265720843
7.7052987663605315,0.07503679916017439,22.31695193301276,579.1028477082708,0.07547861834994263,3.8066529280657875
0.3536618798803918,0.078328814632142,24.85472825010598,705.9618949063064,0.07741039758204468,3.619941466612316
0.5805803065085156,0.07875295220104689,25.454885378578545,903.2194955351906,0.0770582258134164,3.4055614794187594
12.933859862965555,0.07740227832864974,22.395927816537,981.4062580549537,0.07955369456805964,3.0345534687544444
24.542101970241966,0.07907378190509037,22.258123530491872,427.9109449864551,0.0778719421685371,3.9924282497986257
2.6011443864392074,0.07928184963292226,26.494476961542897,899.9670501952636,0.07742802617780548,3.4021307115139257
0.4343053149341414,0.07616216773574334,23.86417286038976,720.6729140720621,0.07527121443301985,3.4127097568834865
0.21585598266217076,0.078749100385016,29.327189640962217,992.3253773655609,0.07233764600203821,3.9690437920099226
0.04397355640577281,0.07812618161417881,24.59429250377869,922.7825307450603,0.07638326772655066,3.3818484367884434
3.522826143280402,0.07894895282295802,25.24578945429302,601.0464035149255,0.07467013486204005,3.348870673870918
0.17091429726995117,0.07778595169350205,25.094368048733116,704.0716120962653,0.07907973406943275,3.9083438525360945
14.883364874022927,0.07456475420467566,24.48361453858471,331.91997510484475,0.07037680419259962,3.593417517462517
10.234065944311828,0.07587944444462737,27.365105243027195,497.40632114484396,0.0788839394186113,3.9126780045927934
68.39549944846215,0.07728292273510365,28.358851005859723,714.8492065858559,0.07430507781998849,2.4791377230929355
2.6481679911112748,0.07261440008523616,27.024802171011657,77.66699282659505,0.07866978084175269,3.2402561702400186
2.9980575269581786,0.07829398597159287,21.90547769528034,617.22024154585,0.0748061615518465,2.771418607490361
1.7362371218739483,0.07836586673264367,27.81254438038468,958.5746733224165,0.07472342971882201,3.5259853697672012
4.44838977369197,0.07745738100175373,24.56682863184926,978.0576947380525,0.07406556160244257,3.7571253793091155
2.27819127544074,0.07885537204376776,27.215103926574113,554.730979451333,0.07477545310441597,3.865078045205538
1.9694699681376946,0.07794655746967716,28.390640941185342,567.1848182659737,0.07134572812177387,3.6065219354886224
10.927745018847865,0.07687765000950722,26.592341684418905,812.6135988139218,0.07941076650138304,3.8631144860644264
18.870332178858217,0.07925411008564168,23.86465170408529,687.1755491470959,0.07512099023486987,2.3275632837119464
18.116430368619902,0.075787999478297,26.40153140987066,274.2150037312606,0.08288209478551922,3.7379967139043284
0.04644904720595367,0.07264981590621856,29.938462321521193,66.39307461274859,0.07253148001507428,3.6484010787409256
282.88947987481686,0.07860685280627372,6.068562680072583,856.7425085347018,0.07726227606859748,3.2046747865561023
182.882144336082,0.06555993796110494,24.828619138540056,866.8234147635576,0.07747521413221412,3.4598141391210433
131.99538967957767,0.07634575581629259,22.355167452155875,7.457062988721191,0.08047791468381119,3.7428908786926316
0.44923596457407033,0.07544565805515617,21.18553610611655,547.1824152446543,0.08092173806502378,3.501960657801348
43.16416004931559,0.0740238707026229,27.93163245226186,636.0587163086394,0.07731242242174319,3.438896436185921
327.14227332505095,0.07865372952559317,27.50161842166053,792.2074404300072,0.09135634788962041,3.520899462436242
3.7237485668848866,0.07845685343929949,23.493883349485834,811.0054959900868,0.07656215290240323,3.524147315315543
8870642.117964096,0.07812579839508403,24.952883175116643,774.3571568194034,0.20119602254986638,3.674021888554937
0.9352293739560422,0.07923269529579888,28.108985478167142,397.1295120125673,0.07795063408219297,3.5668182963067685
0.02741066578961819,0.07778143344947713,26.117966315316004,871.0125402591411,0.07433576774850545,3.4426117647587224
1.7619454756258224,0.07876019953070348,25.508657131974488,814.3544877720326,0.07532190497793287,3.6280508130055136
27.854025475151012,0.07647718774771116,24.137856333367502,523.5940887895828,0.06868268693384427,3.4561574357866585
8.893889695319006,0.079406607261626,28.525919702463224,849.5356898308708,0.07385618552106221,2.899477248749011
119.13511544187845,0.07892918037875872,28.53852387347822,895.9364431524268,0.07772397482223056,2.5684873052606974
5415518.380613191,0.07556208230699916,15.673322297604484,442.9034999203921,0.304938464397137,3.106044332307414
13.855110087876081,0.07979126301063166,24.772690834840255,584.8503047096855,0.07145562717701731,3.027952866365268
6.05198052280974,0.07593427548208785,27.75706952228581,327.14175208772247,0.06472975154827976,2.6783638502826213
8.544896679448946,0.07819039709137787,23.931506413706348,841.9437976435657,0.0742390778116297,3.6082958779415355
0.07108627049846665,0.07747634821493722,29.008775082438067,653.9602977268801,0.07157154324540865,3.4871852144889974
9.506588017953337,0.07790780427731758,24.320120100139548,859.2929885548006,0.07373367901204392,3.776312998676702
114.88619946811443,0.0649876632795435,25.681586414891918,652.9450554030086,0.07355129256250606,3.41671558525539
8.081392691203957,0.07861665958636074,28.222699902903173,881.6431067410726,0.07351822242415462,2.9557880864201156
1.8277941245086546,0.07918885407601908,26.788460276621358,899.26533432893,0.07527947228583826,3.170983176268581
0.5051686249152212,0.07830573734237413,29.996143165081868,742.6925519146259,0.0710970353330449,3.873537734957637
0.08870948660331435,0.07709057428873374,25.081087977942822,825.0490896491019,0.07525117506477619,3.5169623590279873
14.367161268288315,0.07632293542229844,18.03199233163763,842.0515335776536,0.08240184439032436,2.808545182088608
5.895865654048727,0.07798159561913713,24.708123020917768,609.9929848076165,0.0754531207855901,3.8066529280657875
46.55340493353064,0.07957895997376332,18.212026519635206,639.256269403307,0.07799147491306238,3.4245152314131007
0.2257737035962351,0.07696298618328987,26.085947106330494,397.14535415036954,0.07589470984349764,3.262220046814166
24.986846933538494,0.07870093626793902,22.395927816537,981.4062580549537,0.0707721455424555,3.1496600110359254
5.4760847223232645,0.07664949473197633,20.332075066424768,736.3641817297687,0.07932286910896105,3.628749289020001
11318.810775820304,0.07914401286932714,26.150011754269965,385.46373527635865,0.12788372591113376,3.3874370559383404
19.444806088868894,0.07269128659708934,26.87094758274393,672.6023297485451,0.07460544112630091,3.4788178325183194
6.915202468376494,0.0776345953940649,25.468594297445073,371.94229328662084,0.07359145790131175,3.4116932638335893
304.4617853681036,0.07812618161417881,24.59429250377869,922.7825307450603,0.0866697344190473,2.7233679545237623
26.904484000873737,0.07770019144422968,18.902602411424734,656.1545380562137,0.0794818065874997,3.8075746222776115
4.532340499686843,0.07778595169350205,25.094368048733116,504.3745497119292,0.07907973406943275,3.225415696799889
0.20898231639777504,0.07778143344947713,28.362705877184972,748.612410823921,0.07150439522353694,3.5250525753379556
152.7307308454123,0.0690080088120891,27.365105243027195,960.698727984418,0.07528368093845131,3.1528808086093667
46.34765278577645,0.07817697662210205,21.5400385481921,877.5234177189385,0.07233241790919553,3.931195801502832
53.63302968262708,0.07892768523240862,28.672254738709825,746.6751817265781,0.07866978084175269,2.9676677749742923
5.37480231314364,0.07722967095044009,26.324661936475227,355.7219645507077,0.0748061615518465,2.66349920416801
0.039856668993844775,0.07408303083257631,24.724950131705413,548.9619424388299,0.07522343795281305,3.7694445659122016
0.12193654039241077,0.07792160533019145,22.017679920092753,690.46315065181,0.07590447854268526,2.7377794635704285
38.90105211312522,0.07398817148430444,25.14960728535136,956.013986061598,0.07508097794936405,2.8715776663915555
0.7150741578932581,0.0781588830109398,25.762891035583003,926.3425417120893,0.07230800477060664,3.1615862110808943
123.89946058557413,0.06163944663111691,21.328039852374854,368.96327186716996,0.07569212006270723,3.078466499238812
85.83338255537058,0.07774747207543906,26.25325034776948,915.0191421865907,0.0821665075221929,3.1645784146044935
81.46508117434072,0.075787999478297,27.5772535958896,756.6763324924636,0.08288209478551922,3.760745073246114
0.015216667145795821,0.07854405643325593,29.854374612482363,562.9651995084204,0.07240750080267508,3.6484010787409256
4993.1947369186855,0.0682660134800067,23.677349252741294,373.1908903529028,0.11319708474394197,3.305392349449762
95.20040740546821,0.07850005596302438,14.756509835363014,401.8117783081017,0.07488659514169807,2.8117872472179712
3.4051055959417464,0.07729866966649228,28.465619854535543,820.8240860238643,0.07269010401109949,3.2788345254792226
0.17066846945580777,0.07888348247584966,25.950159173331144,569.6430039061959,0.07452084623557839,2.909988752120095
132.63262757700534,0.07732635206526882,13.198939803797106,447.84883124273455,0.07675016888334069,3.4292853795399987
53.13111916895242,0.07780929668623933,21.83831151636565,321.75623919112917,0.07292314960912819,3.818869211865225
124.33721532920744,0.07617004359656562,13.302459336173804,925.2807819647282,0.07322753163858203,3.271297085064011
0.22952649001882475,0.06743290923179986,24.051089557083642,252.61450524236412,0.07095971056077444,3.8784022667958666
167.06807604194194,0.07940281972797575,15.448737809202544,581.4008197514607,0.07157379046506215,3.747057756757746
16.595013439211748,0.07962425282048224,26.91266679296489,582.7070029730114,0.07174620459314146,3.8696861862448095
5.171270299147297,0.07759160696531875,27.886299859756093,950.9361352621142,0.06763992597086596,3.3404586043094464
26.449636207874164,0.06836512138677812,28.34372473867429,266.47543582503715,0.0723993751967709,3.850823130050112
84.06527692956546,0.07972203241454572,21.263892619411312,652.5708311059532,0.06955484296150274,3.6617352419421683
21.234470957145287,0.06805248826122642,23.563106976076057,342.9903722395644,0.07645133462061604,3.593869606016008
120.80446514506124,0.07738362908621885,15.673322297604484,644.4450247923188,0.07406771419515756,3.9226204059323653
2.4876358936595064,0.07933860541935461,25.512928783845567,696.8639602194539,0.07614143777831253,2.9007237382144706
120.739726401014,0.07593427548208785,13.9389599604596,744.5822877729368,0.07034410563498039,2.907382862801801
0.07122909994642306,0.07869803007059982,28.093302377535586,795.1672440188818,0.07330136667427237,3.6082958779415355
298.1570996280089,0.0677947128147705,29.63151988820103,981.7066299315364,0.07616560899221722,3.246669314451308
0.47108830892311293,0.07914772390782214,29.47965764011576,339.72934611004234,0.07357503066907031,3.4860255300514194
0.0159530579858235,0.07837525758467881,28.829831326728385,453.7330789699622,0.07458289690457223,3.72234608914415
63.67653328134237,0.07750336260937739,28.435005419063717,622.9868895733089,0.07879174755375826,2.9557880864201156
478.2292735997067,0.07735236816068655,1.2826934392248095,679.2640851798453,0.07302480594126134,3.0793446582960295
4.17489262993073,0.0794462977792891,25.74083172657478,787.5196123569983,0.0710970353330449,2.964333811731829
0.35859878143484314,0.07941949328039323,23.67835414300155,688.7494756753432,0.0742480891436737,2.7058096222629
4.8238585156370855,0.0791156640527485,27.428538941140573,737.8654067021832,0.07712171873454363,3.3356864471563497
0.3057710632043026,0.07485089181490401,24.708123020917768,609.9929848076165,0.07511406988786881,3.831873029971054
188.40210945093196,0.07922038244545822,14.138751293567584,639.256269403307,0.07030507795895566,3.4245152314131007
0.6201629833924514,0.07808153418727225,25.114588161189864,397.14535415036954,0.07589470984349764,3.125471963097345
10.83377152644341,0.07740227832864974,29.816306614443402,517.9638122679357,0.07569737993212389,3.497566158904195
0.023305206056999282,0.07664883582077286,28.553236758078558,394.98402604317675,0.07432492915775402,3.9299660096425857
474.43108564631416,0.07797244881376336,1.7405038222085985,388.0649923146575,0.07591184606055187,3.2961896650164326
0.958076141556555,0.07921662020439973,23.21348411099933,856.3426117937665,0.07585594426765954,3.0197495140770614
3.934414940613382,0.078749100385016,27.522611219201934,431.1247298579156,0.07463028960255197,3.9690437920099226
391.33588734140767,0.07784093715319118,6.083596344637208,922.7825307450603,0.06825755956918167,3.179065623840983
363.483276964065,0.07130882952438788,2.4224417317914817,455.7997150614038,0.0794818065874997,3.8740144245912917
69.76819307724102,0.07676637824008545,15.648819963633533,704.0716120962653,0.07907973406943275,3.990166506694665
33.55849966756142,0.07854405643325593,28.120791175010883,562.9651995084204,0.0823690650863858,3.6484010787409256
22.01469214804325,0.07625254113300631,27.703647400787165,497.40632114484396,0.07975803876295026,3.6622627209203245
3.5067223873229443,0.07990985880631866,28.358851005859723,717.5104110976788,0.07163489170445464,3.5201064599713665
12.688403873658881,0.06364446232565672,18.244208265832565,233.20581392261408,0.07866978084175269,3.496612869137392
645.7532703838865,0.07810645491257084,0.10402218410208341,681.7366667852208,0.06925117062746616,3.8147634308677274
96.83276780582126,0.07645596149017553,19.603718188742768,548.9619424388299,0.06762747399709293,3.6606223418640935
20.70711527072693,0.07792160533019145,22.017679920092753,690.46315065181,0.06960172590765326,2.7377794635704285
9.729699884070023,0.07584425219385049,23.669026812102388,796.9656276605645,0.07259717946455294,3.7566894171890564
117.75568645705633,0.07286848271438737,28.390640941185342,562.0807125183026,0.07134572812177387,2.288298413226594
0.6304029264165176,0.07807749152819396,29.044528648390326,678.5835914967982,0.07371288206301474,3.685059746141152
293.4324797441632,0.07925411008564168,13.437141670671856,23.71506492013964,0.07377860792015056,3.3137739494893217
0.026498642969259613,0.0734892795425395,26.40153140987066,784.0593299048633,0.06878090238617432,3.328628467874541
10.238711362042228,0.06379924967135364,17.442763820160007,879.4926661278901,0.07608698602190761,3.6071904790601286
14.001584423615046,0.07778903325518363,27.728810108847433,954.8681826179372,0.06723607085707853,3.7039074175675664
504.2849790313993,0.0789572895064742,2.769004044395434,924.8647760085662,0.07125133430991232,3.615932769132706
382809.4577465285,0.07592253510061475,25.148296814161814,673.1540071740753,0.14692361365200268,2.7633495110563757
10.987209119182236,0.07955660559388587,28.4981480465997,924.5519491080099,0.07007954692081284,3.953463276302867
32561.65209429432,0.07184157508185862,25.405768086153525,894.2581251626797,0.13066593827943074,3.787551461300971
0.8900107787879078,0.07791068096886207,24.58645502756105,771.3305284537499,0.07450173079931677,3.229811350192417
4.948980983347228,0.06870299583220553,22.99413812985581,288.08989325290736,0.07656215290240323,3.8521114237596334
31.8714731590362,0.07053533081381184,26.522714073813393,597.4967435053021,0.07356092919175647,3.316407204751373
116.87219375322134,0.07923269529579888,15.448737809202544,479.2464181188519,0.07407555284161832,3.1485884840813663
0.42691314341322767,0.07722006648322935,25.572499373680003,507.02395082699115,0.07654190879579581,3.72721190963587
11.979372896016216,0.07865296135361295,27.17478005770962,792.2424370846882,0.0710363936851996,3.983028207992529
426.0628871652169,0.07811739718666384,7.0747473675420505,336.8461590009781,0.06766523766730381,3.902191263440155
479.1641303454687,0.07894585286770765,1.196021635089501,478.29607203996414,0.07123698575556983,2.6204850329733205
11.252361509523992,0.07798053262148268,23.563106976076057,365.24686117763594,0.07345999836456563,2.9978245000777592
0.08508494000977565,0.0776870010111999,27.011989334223234,373.7820019756848,0.0741772224019609,3.182144139778406
0.2573504390633793,0.07790182004906483,29.429903889941734,327.4808313978166,0.0712095073155947,2.9007237382144706
5.311557435682557,0.07926282532679406,28.314441421831887,583.4331538594064,0.0661000136855488,2.6783638502826213
571.3927158100703,0.07691690653876747,2.572145080436325,48.30148257161858,0.0696750916697203,3.6082958779415355
13.963058893285524,0.06852138992612185,25.181371931368403,700.9462976301155,0.07118707361041945,3.5681205526683097
344.44212239206615,0.07661158849891965,7.55971497756039,834.7926772726066,0.07109563514116118,3.932836338802278
0.1528226253261226,0.07487905157664511,29.034873657381524,528.4336555115386,0.07125407241359366,3.9803949527304776
161.17020767304092,0.06933940933386606,22.932014696375923,672.6711450369627,0.07351822242415462,2.2392849194526807
25.671255819256267,0.07735236816068655,22.977196448759496,950.2099430191581,0.07236027561936426,3.9761397836012424
17.109162588522242,0.078928078149888,29.996143165081868,584.9370419581977,0.07835887527503366,3.58835472582884
0.7545994466887591,0.07790290066661669,27.907299326906127,614.8877996374612,0.0718000150743256,3.4427535135287943
13.189816434831306,0.0695982122824276,25.664334541472773,831.3537019341613,0.07133082459839357,3.5819200997797607
68.00334851122645,0.07485089181490401,26.07764914406421,941.5619800635366,0.07511406988786881,2.67335030657204
6.407499427622167,0.07827027845915113,25.4904104167586,512.6370955212773,0.07337581033079194,3.4245152314131007
40.47019833320313,0.07696298618328987,22.09687509038577,242.7104993564791,0.07261312166905845,3.3782097547610523
5.945819339943029,0.07695298623139328,27.516008827598718,608.6276306039631,0.06916542182540858,3.5215402852876787
40.66883814690756,0.07883316850279402,17.511866463504116,394.98402604317675,0.07432492915775402,2.548987110033639
47.98243357510992,0.07396406992244973,22.149964691877322,238.75105484328213,0.0662580756217521,3.132929569149885
1.68938838322056,0.0790055496049404,29.61918016347703,631.745279999394,0.07388348531361386,3.4382713149491213
1.7683775906500836,0.078749100385016,28.56341783056275,992.3253773655609,0.06890927773900121,2.6931381513574992
332.9751843848716,0.07590356818020763,6.982087479456322,42.58687879339993,0.07638326772655066,2.5446210864706984
21.01583117013865,0.07959123252359697,25.24578945429302,656.1545380562137,0.0794818065874997,2.8445179636667195
8.328647414668492,0.06017426779226091,12.698143832853651,704.0716120962653,0.07907973406943275,3.4446907337222172
0.35005058535747946,0.07854405643325593,29.854374612482363,528.0041100870178,0.07411669367686122,3.8075263007126026
99.52505357886044,0.0748329719175859,28.646741596906594,320.10162278241114,0.07173933492906293,2.0436343864634736
386.0811215857657,0.07969504046222431,4.169967893504609,590.7442828943115,0.07740221430603747,3.3573375031323693
0.09512119094203518,0.07892768523240862,29.58074345354366,385.77799882025204,0.0748697695988435,3.883410952442731
47.12322498217756,0.07849635443500216,21.90547769528034,336.33508278137435,0.07190179746806771,3.2578766444622875
593.3911207726136,0.07348704395715236,0.17923888563382384,480.39360979145835,0.07113502552928305,3.832988161113258
0.06131765841228359,0.07950155105314904,28.57188908913169,809.1360554380319,0.07020612292996453,2.8858087885626142
65.45928719250338,0.06954195226936194,20.349080452924042,996.70288665981,0.077660354069789,2.865592850030175
7.758461146289237,0.06853876665578428,28.390640941185342,926.3425417120893,0.05801937317691511,2.516728485203623
346.0059240847074,0.07807749152819396,7.886968013918054,824.049921485482,0.06513952134462497,2.7883616462436414
0.016233696346152342,0.07832808919330918,29.44724308336761,807.87418017349,0.07136055784063783,3.5645862300719404
647.6696621947452,0.060730368866899136,26.010616596637703,784.0593299048633,0.07142447442078792,2.366252826005382
0.661822984729995,0.07806488246573068,29.043356619929874,332.79790659402903,0.07181891912368057,3.272400121417517
4.251141633178015,0.06344218637581983,18.219377428353518,954.8681826179372,0.06803855981392756,3.726079740082416
23.247393880693338,0.07916067780724227,23.10095584691402,394.64735214016264,0.07465424696227019,3.380220801645958
12.461825642736382,0.07634575581629259,26.61254837199712,729.7545927213877,0.06829692094449116,3.7428908786926316
0.05208549387481694,0.07511523145872784,28.781895909807233,421.7998718593516,0.07217534252150029,3.953463276302867
0.40992575641977835,0.07934480732740033,28.64588925908625,271.7469619795629,0.07675016888334069,3.6956617625546446
64.09002019511831,0.07734173276167797,22.26175389462711,163.81913384871416,0.07054864751625847,3.3450121242744357
3.651477834368356,0.07617004359656562,27.533374963232273,664.7785794916513,0.07509518578802157,3.6242336703797235
33.94668386031606,0.0790436174918264,24.910072340091904,97.549257673191,0.07441130992887332,3.079935437925218
82.54021852852136,0.07699649623776186,14.700548894384381,583.6142335703237,0.06929239859596373,2.366662117100274
117.59123220679776,0.07651133476730439,13.920126349948212,867.7123748090256,0.07619355016540696,3.882632465647098
3.136789388080661,0.07859395632609804,29.867043398383117,538.979101219544,0.07490941405105273,3.5628330564590778
0.1007929654874962,0.07823171321213028,27.09362901457608,376.80540312611373,0.07888500541798499,3.9667082771697157
0.2528012285645047,0.07912645970256456,29.865497143343852,461.64226615403635,0.07561405492100443,3.9761969774902743
0.0686307045124968,0.07652346138326485,26.695145940026208,997.9945001479323,0.06885199083147844,2.8820111389700296
0.12347082543059355,0.06274419407171286,16.830105965557348,373.7820019756848,0.07456805384921816,3.846024083429009
56.36450589745962,0.07724347562688105,28.914118248046726,327.4808313978166,0.07884808016637448,2.752577750618595
12.223375858602036,0.07182272433250989,22.64959955457251,747.1479529897114,0.07229670375198902,2.6783638502826213
0.056359124641491135,0.07869803007059982,29.458522198197297,672.3075239703516,0.06947046550391262,2.9790000204093117
6.729656657399104,0.07713925440312064,29.008775082438067,653.9602977268801,0.06843982704888046,3.9606681377513993
250.40451247673627,0.07627995414804095,10.962018074475264,225.76541912508782,0.07359583362709557,3.886323789609596
6.482838009739841,0.07860512551501632,28.829831326728385,852.4787590573808,0.07460957580185454,3.29860655571353
0.016602668757701652,0.07707353589785813,28.37036926404273,283.9753901003394,0.07351822242415462,3.2855336438691696
11.48164908694256,0.07852836537061207,28.565275763761818,679.2640851798453,0.06806793538822958,3.6242538517538145
0.8998425739931275,0.07819470186671665,29.996143165081868,137.09503759401701,0.07083259962902871,2.268165239901612
13.600851509056186,0.07635827221346796,23.108923378364057,717.2247958689186,0.07231470433832807,3.5169623590279873
110.78897218458792,0.0773693223112177,17.723870729184576,743.3348387353732,0.07102327332599909,3.9466816265720843
0.07006293380850308,0.07655787291477988,22.990187181368107,566.696756119863,0.0734122657037034,2.6474005097636333
1.490774487029027,0.0775730969564286,23.42606699165227,639.256269403307,0.07235422680459669,2.7170680030534626
27.320155291257006,0.07262435078935706,26.085947106330494,540.2350421189376,0.07571551772954693,3.1978541590573046
301.46768979575666,0.0767166610610729,7.33294020990971,820.0128151880385,0.07569737993212389,3.9173709636670164
55102.83531367976,0.07664883582077286,28.553236758078558,950.7261254427535,0.13535511755775192,3.670564165387548
106.85730055702103,0.07873522040762872,19.183869130044116,616.6587303641734,0.07021663627774513,3.8062580872182306
59.533541524955076,0.07824990887458773,26.59969250448243,856.3426117937665,0.07682964918793672,2.6089692043503967
218.2888657701338,0.079598487221516,11.443654682211099,992.3253773655609,0.07179685740560454,3.276585162780175
12.050658519565118,0.07750493934136199,24.59429250377869,552.9181261738764,0.07182746793297126,3.3818484367884434
47.64910461868913,0.07769893074443206,28.579836185513322,801.2499550520058,0.0794818065874997,3.3519770968503293
5.31450683852127,0.07778595169350205,25.094368048733116,304.7929933744217,0.07641136841375151,2.5477187832802
1.407591895874715,0.07894684230784214,29.86206687411059,562.9651995084204,0.07462513036112947,3.6484010787409256
20729071.10864009,0.0767700660292398,27.365105243027195,891.7766607511206,0.32330722296228087,3.3793731705180186
0.022208084072753476,0.07817697662210205,29.61728135150546,670.5826214743747,0.0711568068283231,3.5201064599713665
1.2811547910376797,0.07892768523240862,29.58074345354366,323.8053983716187,0.07412456391886987,3.883410952442731
1.515821378896022,0.06581947178556632,16.083304216086624,502.26428514220464,0.07448079361937401,2.771418607490361
0.31061417895077204,0.0776062173571979,26.01573978917611,502.79102812028873,0.07371393809770913,3.142900573546724
6.3500951026979315,0.0781443010055961,28.57188908913169,522.6131755109376,0.07353930740613826,2.8858087885626142
6.58992845799866,0.07398817148430444,23.669026812102388,883.7943480686974,0.07114705287744749,3.7566894171890564
0.08324106349774367,0.07710586733847054,28.39788101851884,438.2228659513471,0.07336482248028356,3.7034782807574023
172.63268053741987,0.07815012880509976,15.813078034506393,408.9767049307076,0.06909723267081755,3.529736080517438
0.6518921995755687,0.07223278322249105,29.44724308336761,339.00934465718353,0.06867104690623307,3.911307646104735
164.82743618285815,0.0734892795425395,13.080122447960473,784.0593299048633,0.0679532428536613,3.328628467874541
0.2035289795296522,0.07778143344947713,27.642552736013766,447.07046157447235,0.07433576774850545,3.28430349253271
0.1252517249555218,0.07609812344347679,26.80112312415037,450.7499442574569,0.07479765135502431,3.5881068301143313
8.672571150355294,0.07731593137200503,23.10095584691402,484.1994288867299,0.07500941944350153,3.340959889376344
75.01873610554586,0.07634575581629259,26.291963592793174,733.2151770213384,0.08047791468381119,3.053914808673113
1.7433164507861725,0.07966167670242659,28.781895909807233,421.7998718593516,0.07217534252150029,3.2545512048290277
0.015517643583058459,0.07765890611785371,29.238044358977817,403.3292657920051,0.07424258332693559,3.8858054523081647
140.35741665925372,0.07306283375597128,13.300057159202241,787.9001730899652,0.07006290447260696,3.4708465410629326
21.368891549859935,0.07716541080533951,22.99413812985581,293.7597169359011,0.07411002371754655,3.393691921653589
12.032065355914817,0.0771304773508963,28.713171236705456,252.61450524236412,0.07095971056077444,2.240523666043795
102.96784443725602,0.07778740106226048,26.370495515099876,9.218302798224329,0.07529822900526992,3.9
1.7443779885693875,0.07841938117559771,25.572499373680003,607.1555414723906,0.07530534611793138,3.5187189001066352
172.17323482760963,0.07971961180670968,16.182910892805562,435.8692515193437,0.06899290913543052,3.3404586043094464
5.096184038327893,0.07811739718666384,28.34372473867429,721.3492196223028,0.06966314874782573,3.6222729009945125
1.5041806721181308,0.07871653250259744,29.730014735552317,432.724254493166,0.07561405492100443,3.669998576982313
16027.65001624689,0.061782141913908656,24.8921221879474,556.9389419913572,0.10420674361380657,2.178542003272407
6.728753281041398,0.0795506256010468,27.011989334223234,425.59680030353195,0.0741772224019609,3.677641113801403
25.057580659016132,0.07910685369463266,22.03241504299352,327.4808313978166,0.07784868288047264,3.637732446825175
64.86380820666636,0.07593427548208785,29.59050902810046,747.1479529897114,0.07342038973084913,2.6783638502826213
42.80585398709379,0.07563939875717247,26.94148978593271,181.2726709715447,0.0826271869255929,2.9330550845142955
1.0963683901072474,0.07859407148150384,29.445998772433583,850.9640418111653,0.07280599055110579,3.53759378434623
0.2749932368876683,0.07924166097030529,29.47965764011576,339.72934611004234,0.07368121437297248,3.4231545080985866
33.59703790296206,0.07434845866693773,25.259684296562355,842.5276825053036,0.06263261476344142,3.8345355360870683
17.856191585288958,0.07925200825246062,23.691808765677518,777.0796169024063,0.07351822242415462,3.5679501527764037
195.37337992417145,0.06255546027034416,28.565275763761818,623.7837623130347,0.07029220112003909,3.484907012146955
542.6578427569735,0.07938467588395418,29.996143165081868,63.785123669303346,0.11406563349301958,3.873537734957637
10.540963611224933,0.07812468280438414,25.081087977942822,576.4980353101265,0.07340232703154961,3.694783725096007
1.4091999602576404,0.07752176590834074,27.102810697874794,512.8394845255932,0.07712171873454363,3.6486771933366557
29.812658230329706,0.07788801796651294,24.93836320901966,287.23354629150754,0.0724012227280279,3.9306929743544363
22.175164687532313,0.07703631265642887,25.4904104167586,873.6383709029958,0.07741039758204468,3.0146120069273716
81.34683152439769,0.07696298618328987,19.599805153527083,543.1685321339249,0.06907044352504194,3.4270786322545397
0.973740215073837,0.07973101835127884,29.434805748001224,723.6002545015033,0.06959563292337437,3.1496600110359254
58.05043108089366,0.07014302111735407,12.395612797996769,937.9334673820945,0.07527594348526681,3.311164046886291
141.0569328288446,0.07928184963292226,13.536926581294743,899.9670501952636,0.07591184606055187,3.5496208345574383
92.79163030651854,0.07662884128034678,18.592249666127245,664.2738320052223,0.06695490154128592,3.107583530079652
213.34582642088452,0.07980859361705868,11.330840363346546,992.3253773655609,0.07233764600203821,3.2091386344037565
4.8134472108728055,0.07736916250719014,28.629555067326926,922.7825307450603,0.07547054872677286,3.895532476632372
6.03003544277216,0.07811263263695048,25.24578945429302,474.9824821803629,0.07543500338508766,3.779266441582866
0.18663435438926584,0.07917553345329822,29.906010544457008,904.1314673526824,0.0713040973253988,3.696615511976713
6.82337750927605,0.07092366756350808,15.74109669538629,794.4373528992398,0.07240750080267508,2.5845923061005838
1.6601782741637718,0.07854110271484034,29.312508946966183,672.0997418464201,0.06930622061333672,3.343937345305139
0.02231270201648713,0.07197834406429794,26.613379448388145,300.59281507226024,0.07200752650781647,3.904151986730821
0.4800373985774896,0.07892768523240862,27.54583020140979,384.21064629038756,0.07550481721808655,3.4798126086466388
0.2659397742222079,0.07628173516510983,16.083304216086624,490.46134239375806,0.0871193077584568,3.366029149846125
0.2916371076823072,0.07911380167188226,29.45605000989336,511.47070229636626,0.07278251145693057,3.581620340567869
261.5699307128567,0.07950155105314904,10.715170486544753,772.7428505783773,0.0717025774336314,3.596151235207539
0.8359526222463258,0.07903118908183013,27.258406518563888,858.7872584183201,0.07326622969540564,3.5532393949332235
0.25006022442526854,0.07710586733847054,29.248991643554973,438.2228659513471,0.07336482248028356,3.7007492210617925
4.071321467200059,0.07857351927293371,29.044528648390326,678.5835914967982,0.06885188884445631,3.4121042187546458
6.338933397469127,0.07584465154677038,29.44724308336761,652.9480931281014,0.07355029483626804,3.7362733886591233
9.73360574633541,0.07854979909017713,27.40325267680314,678.4358960282018,0.06878090238617432,3.328628467874541
20.425081259109263,0.07706445596846467,24.895348848521728,871.0125402591411,0.0802773361311778,3.393014158617209
0.3518002059646326,0.0790791011871463,29.875306577801553,872.7471029282967,0.07138837125822672,3.7663288259751875
8.284340325287964,0.07731593137200503,23.10095584691402,484.1994288867299,0.07745376940934046,3.8731262627666307
13.588725496869623,0.07345484146561679,23.60272187968343,564.9153686201211,0.08047791468381119,3.7361575100680477
1.89579576092611,0.07511523145872784,26.832369548384623,421.7998718593516,0.07642281569360068,3.8447029924385916
0.25174201913932237,0.07765890611785371,27.16843756413997,642.4980524982097,0.07486069832789372,3.530959617707845
74.4659995537596,0.07988229675108922,24.132771218407115,660.2371294066413,0.06606048045024412,3.6866352722080142
47.45761378252738,0.0773335573776038,22.99413812985581,591.1255601865115,0.0679732202610169,3.435544962140299
435.8663028207178,0.06743290923179986,2.048631421735948,252.61450524236412,0.07325678291651982,3.8784022667958666
173643.0714742274,0.06036963048878777,23.134756863042522,494.28777085661255,0.14625518207122723,3.924794787969552
32.260930984897186,0.07986411927370482,24.19253199300036,756.077070857713,0.07144992628682248,3.6707365152934184
13.91156645791298,0.07834028568562987,25.508657131974488,792.2424370846882,0.07211580262821979,3.8885181913562157
308.47564101376713,0.07787704485769005,10.482862489030593,246.19328602581453,0.07043424808299284,3.858660637077323
3.004073610543742,0.07758273084704204,28.88423357929552,380.58077465958604,0.07561405492100443,3.4111832085044793
3.395573001334992,0.07986799530985202,26.695145940026208,997.9945001479323,0.07151488254024624,3.2552623695065726
307.4905857145845,0.07819394127039067,9.833481929417703,373.7820019756848,0.07137686349260092,3.8326319598764558
50.77892227056816,0.07836353648967995,25.33912769434677,327.4808313978166,0.07784868288047264,2.2251468641324164
48.243621029701174,0.07863746234426269,22.386237075011962,589.8188626581164,0.07229670375198902,3.9368654831515997
0.8662345531936375,0.07901729480944436,29.458522198197297,524.6410226842037,0.0728558872550791,3.800189965142461
254.22895637857835,0.07956521670701107,13.45957185859179,344.99499777380544,0.06790846767327441,3.480480110677904
0.024652039178207907,0.07855630396389679,27.32133261920179,602.0833118715549,0.07579471310229777,3.66724899931386
4.725751253540781,0.07810795506206666,28.829831326728385,504.64228094088935,0.07036207939126154,3.685559011371221
3.0851429825642214,0.0774653265855748,29.294308419867217,283.9753901003394,0.0697647836064359,3.2855336438691696
0.8963030244265492,0.0774906401376785,27.812229746544357,370.6846552801558,0.07386295889502312,3.6437812873090594
493.33301901086855,0.07985221772358891,3.844218484121148,690.1541318063921,0.0710970353330449,3.873537734957637
0.2567118088173469,0.07709057428873374,29.812669346705434,834.4021777895337,0.06799373616613782,3.13043749153478
552.3586212729579,0.07677356630928583,1.2016189091215832,327.37912121581417,0.07341222128578712,3.819115247192374
143.5879121816598,0.07975160177049245,15.935862894419268,643.939381168329,0.07374050115499489,3.9773571593727155
10.215992984711146,0.078328814632142,26.838065687487255,796.4285597125673,0.07016056452531413,3.633024921741025
10.4953907031739,0.07763096858985895,26.085947106330494,397.14535415036954,0.0724222944962129,3.6530399519236445
0.4984103874085295,0.07877478781869095,27.902991817596295,981.4062580549537,0.07342670714151805,3.3980723057016826
98.26870509659827,0.07841001274438487,18.64287843813752,282.2789290757787,0.0724531670858419,3.438786838831552
28.63351041443041,0.07142105991999637,28.91344523688366,310.20530147255454,0.07591184606055187,3.9451213283810924
438.4043385113031,0.0786602281590026,5.953470990361986,775.323660214737,0.06480726823632157,3.0856168805422755
93.77809790646072,0.0681693607934376,11.215373514487696,992.3253773655609,0.07181668733867513,3.2728027363051235
8.11159722946197,0.07695863369884257,25.20844862409787,922.7825307450603,0.07788460536331984,3.3818484367884434
2.6572343019989804,0.07330211087040031,25.24578945429302,699.6132298870193,0.07545019229377287,3.8740144245912917
0.01909183930184684,0.0781866903572668,27.67792153775551,604.240733960922,0.0743524892200021,3.5686625293308447
0.0479384593479397,0.07805924442088681,29.43330811585031,551.4630934792281,0.07269448487998884,3.625620650330105
79.17390905216698,0.06999253608156175,29.312508946966183,672.0997418464201,0.0734714280308546,3.4626745877023373
0.2851835248716101,0.07731205983545875,27.709949023588457,390.23040083401895,0.07524086298295499,3.8982306760285126
2.59888578841489,0.0764445015350346,29.651202931503065,414.9290374838431,0.0748697695988435,3.9574457074925844
45.605062005753496,0.07822194417427045,27.766701744001907,295.30313925298515,0.0871193077584568,3.946303073577106
93.1405188057507,0.07408303083257631,24.724950131705413,548.9619424388299,0.08349439088285834,3.2972216861750794
22.256928711627616,0.07207249266339309,28.57188908913169,599.7234550274895,0.07280280457855096,3.577685078945489
3.3834808161107484,0.0772123902614123,27.216809211182,883.7943480686974,0.07508097794936405,3.488541644452956
0.2851835248716101,0.07731205983545875,27.709949023588457,390.23040083401895,0.07524086298295499,3.8982306760285126
11.54571933855417,0.07807749152819396,29.044528648390326,801.5740270054068,0.06661004756661112,3.7025657136651935
0.11218060092328422,0.07802866633662095,27.373102428405836,457.85875527832286,0.07602423419076001,3.5645862300719404
0.82158146094142,0.07755547326789405,29.51441664394021,784.0593299048633,0.07283101743521639,3.8178682274259215
8.32116839838077,0.07879981699705381,26.117966315316004,561.4723337696357,0.07340547270263273,3.716619701360362
218.10156640101934,0.07805252283288854,12.701539512590124,597.3695164287569,0.0704831768665557,3.5920214336009932
300.75519809580976,0.07842246930665282,9.86043002613603,496.350071293781,0.06969792133117661,3.435727726114338
583.6751763002408,0.07634575581629259,0.8222079780284854,425.46780741060786,0.06904087029231643,3.7428908786926316
5.0549928094947525,0.07481025629144337,26.93930091826794,581.8598576456616,0.07654527676032005,3.953463276302867
1.8899075788567254,0.07765890611785371,29.644200682078363,550.4132956505133,0.07424258332693559,3.7475239333331993
891.235333915772,0.0691656287654383,16.999033945353343,884.5650761630792,0.09135634788962041,2.450072443054263
20.218390530787488,0.07617004359656562,28.183090672422257,715.684454837994,0.07656215290240323,3.435544962140299
7.792043808220855,0.07801634619532696,27.268901903900385,776.1239148089555,0.07095971056077444,3.8784022667958666
56.87061573131069,0.07767544448000242,22.749816509140217,317.1224156736183,0.06971424250556199,3.5522303519328453
2507.730855958875,0.07834682399614142,25.572499373680003,151.2290790389403,0.12216181972477491,3.593417517462517
1.5389624024249184,0.0760756180562283,25.16875676927154,520.071453860103,0.07385411456395177,3.5048559456078174
0.037126341295629986,0.07538305771046375,27.327098084697013,746.1493141698343,0.07191361934960552,3.7102909315270516
68.12358564811726,0.07642359835901276,17.985769982070234,461.64226615403635,0.07288385676630868,3.3209241187425675
77.43826581269232,0.0779787357298127,19.75877150669454,392.824152487358,0.07180736067324711,3.5434515360605845
8.362707236521961,0.0776870010111999,27.857635223800077,986.5990558850601,0.0741772224019609,3.182144139778406
0.1483345375052147,0.07780911829844714,28.252331491950308,327.4808313978166,0.07368042768835792,3.1038921778319484
536.7450541351764,0.07927707563097869,2.3238908464180312,541.883478782222,0.07042095063990894,3.544066115082959
0.290382404231295,0.07973432172712597,29.458522198197297,672.3075239703516,0.06947046550391262,2.9790000204093117
0.4307079765341397,0.07862884135149091,27.69538234264631,886.5867756921747,0.07157154324540865,3.3417254981723086
3.2966517618127833,0.07752650417202052,28.827491300321277,369.91334841813125,0.07579471310229777,3.397308645827323
1.6367063438103444,0.07787272658321513,28.829831326728385,693.7156064417441,0.07458289690457223,3.72234608914415
161.91883242900258,0.07707353589785813,12.496404797538872,902.0832278318336,0.0725025250673377,3.2855336438691696
120.36469690185905,0.07793360515392368,29.802847545661074,376.98479387708795,0.0758233028405173,2.210465320942796
0.031132835936801433,0.07830573734237413,29.479421240557734,742.6925519146259,0.0710970353330449,3.437722102851649
0.16673113537213113,0.07709057428873374,27.225932855862894,896.8814066497879,0.07424289365089595,3.8256327324208224
198.54629470080226,0.0793239451855148,12.933872460346207,243.28008622442468,0.07712171873454363,3.9466816265720843
193.81743246356712,0.07999270568411672,18.335640225968596,566.696756119863,0.06373271326650815,3.8949607823095014
0.11309100377967993,0.07535062744181367,25.4904104167586,477.6140790177136,0.07638837015015418,3.7888220008114315
2.156152425679641,0.07859316422816288,26.085947106330494,397.14535415036954,0.07477221874314874,3.262220046814166
22.86180863865316,0.07747991123882161,24.657192308222314,418.1663808623564,0.0723884301382503,3.898411306094861
0.6941127484217382,0.07889492667494054,28.553236758078558,394.98402604317675,0.0741271359017272,3.5779016134737733
18.111010012738873,0.07881349606503715,26.150011754269965,899.9670501952636,0.06996178756686375,3.7235802171675836
22.643136440961413,0.07826363186727658,23.21348411099933,747.5625908390858,0.07239593008963638,3.561178059794021
2.2437574645872616,0.078749100385016,27.493835640052364,412.55738599016644,0.0756122532035517,3.9690437920099226
26.642534128253384,0.07812618161417881,24.59429250377869,424.4166933730313,0.06968423061529841,3.241806146095117
0.17265845616601866,0.07687205914677954,20.59915989456516,437.13357131546115,0.08461992416705905,3.916212616453226
4.698209185390675,0.0781866903572668,27.808067374341807,775.3365752730051,0.07138257603184042,3.8706225700781243
5.757918113816739,0.07669728385817656,29.113357021436276,292.51196393505177,0.07730554839374382,3.6484010787409256
568.9229377053811,0.07854110271484034,1.9750148260418428,156.02747629652043,0.07070517920333091,3.6432180721681218
0.6764801989622695,0.07865062987878561,29.61728135150546,670.5826214743747,0.07303173037623681,3.5348023107791913
641.9136046345543,0.07892768523240862,0.17213591339466383,316.92441341881056,0.06998989728849395,3.775657397342922
200.31772841638232,0.07628173516510983,14.56105975802908,490.46134239375806,0.06798235993254997,3.9434977041813153
161.98094043768626,0.07630563514174098,14.622657662634072,946.8416019500478,0.06065859930738729,2.388219302856269
339.7289908631668,0.07950155105314904,7.222907050927672,579.7578978770209,0.07254152398096098,3.218315849376531
0.07705977987988699,0.06320139158532352,17.423646063518994,619.8607729278458,0.06950020724419237,3.1379619101376335
1.9374624428969196,0.07710586733847054,21.96328966015489,843.4320473021942,0.0778808135644504,3.5112594211537163
21.130216578900068,0.0799625936233778,29.044528648390326,307.18239096309213,0.06963219481588645,3.776679718308321
104.23513672373777,0.0730315666318412,16.449723570065135,442.7742866911329,0.07047583053601486,3.928306866615307
1.0408242867566724,0.07995962132535742,26.40153140987066,722.8860746315067,0.07477897143149978,3.328628467874541
97.06737503545136,0.07874110970359938,19.985294511353743,871.0125402591411,0.06750554807128986,3.4426117647587224
189.1788477773233,0.07609812344347679,27.187565523205567,660.3023652631383,0.07855610848983763,2.4295286929110462
31.903723099674426,0.07857764063475924,23.10095584691402,142.0368157472255,0.07685813649008905,3.419431012626649
1.725177413167146,0.07659094875493891,21.49526556901227,426.96087359685475,0.08047791468381119,3.5589398547602014
472.33000431921323,0.07511523145872784,2.64859809563535,939.4562538771129,0.07217534252150029,3.6776466386384175
0.9748497643078681,0.0797915391586001,29.238044358977817,932.5882531715474,0.07283817050761424,3.3062784136689802
102.68039531310976,0.06994402104239339,2.2556108633405394,905.531361158049,0.09135634788962041,3.1865242817963164
7152.594087577166,0.07436395665723705,20.054126223790234,105.83070303906584,0.1405945586477324,3.7569061107199517
117.57381490262277,0.06743290923179986,29.20801345036069,857.8432002756534,0.07344829293114716,3.8784022667958666
128.98969841884335,0.077511337223762,15.448737809202544,408.1479821487808,0.0749961573294596,3.8983703850373974
88.31367607366838,0.07792573477128345,25.572499373680003,867.7123748090256,0.05484853181475069,3.079504778398155
0.1737535647856337,0.07781091489069536,28.84360851332954,792.2424370846882,0.07140113412612936,3.400653332253934
187.98385800249986,0.07538305771046375,27.327098084697013,591.0914008415932,0.08363614168635558,3.0529030473470584
64472.47227777795,0.07600280487919489,29.865497143343852,87.30422457661302,0.1747286353726047,3.197773381689954
6.807368454080171,0.07697105273250762,23.53037556045642,659.0203587550957,0.07492937549117548,3.6383636559563426
76.93544197319736,0.0776870010111999,15.730401097218335,251.23364191078446,0.07715152536125564,2.9568117123584914
624.765600943052,0.0776669851901423,2.5493837465645637,812.505861840003,0.057567391076764785,3.9843860389225654
49.219267262101354,0.07713609929726088,18.92551812278656,421.5519597029261,0.0712003160141369,2.7621583658662106
143.66078187303737,0.07922087316280021,16.988076553810593,298.97751481478707,0.0689359567140432,2.9790000204093117
465.0344991898745,0.06121995660746728,29.008775082438067,927.7983066395349,0.07353944568033183,3.4871852144889974
9.911764009014803,0.07529264585064743,27.32133261920179,336.297816542722,0.07861071763021829,3.6614304287664474
2.0101883979700848,0.07728755618127424,27.757565874031986,453.7330789699622,0.06991964460159261,3.1422282012051985
0.17961339678140859,0.07743868897909363,28.37036926404273,283.9753901003394,0.07239692279583312,3.0977302679083927
3629864.528150899,0.0768299358557491,24.057975751728097,405.70194889490375,0.23302852397303167,3.2455112819267744
22.74740182998916,0.07662540323454907,26.87862481352831,742.6925519146259,0.07391235287314399,2.716674909188396
301.51302677596937,0.07760958212080643,8.31072840566666,322.7128403195959,0.07455595263864714,3.5169623590279873
525.6660107774503,0.07554923889367383,2.4360667003898193,775.1018919450474,0.06788748579482581,3.7024738564609994
31.00128155835982,0.07805638073419421,22.990187181368107,338.04720974057454,0.07223644779007166,3.271175453842457
18.150091708638406,0.07923215306891435,20.840243917802454,908.4733501081846,0.07638837015015418,3.352856717795146
1.3543149357287807,0.07975517772351035,27.096921447614527,982.1288221080472,0.07550820287305582,3.262220046814166
0.32900815886230833,0.07895257811620049,29.665511451434412,831.6017969552545,0.07189053473924037,3.452481747341916
4.664978987780183,0.06749993176900543,24.705123748965725,286.05233732124435,0.07106269400447238,3.5599387780720884
33.62476917004421,0.07921902158518393,16.323919471789203,943.7784321721751,0.07591184606055187,2.7773290812105227
7.456202511935063,0.0710790096469675,23.21348411099933,856.3426117937665,0.06477990469766468,3.0601481151026864
4.3584749604118915,0.07860653788511333,29.804103325875936,741.2655249235238,0.06592578163872914,2.326912395415257
75.21232059191084,0.07851663700384341,19.833307695022327,591.8020811637992,0.07247129030515145,3.8279951339376757
449.10560208547724,0.06889864420062916,3.795940227318548,336.94809424218346,0.06606957362121715,3.653550235859168
70.08981153232709,0.07945929368585476,28.681970136832824,604.240733960922,0.0844344434979997,3.5686625293308447
0.07112427341551815,0.07634672024540982,29.854374612482363,562.9651995084204,0.0695637289007556,3.6484010787409256
99.49728638671372,0.07707404325271996,13.676138109956886,190.51379031191175,0.0821649434990781,3.531528995084659
23.800406099710695,0.07800856200459921,23.207024581747863,867.582496306805,0.0711568068283231,3.478775331277878
2.040160400002831,0.0788088199611249,29.58074345354366,385.77799882025204,0.07238672807587823,3.7323253033992607
147.600123518864,0.07990318434607029,16.083304216086624,592.8099996725498,0.07088246836066522,3.366029149846125
2.5750633596775083,0.07446166567623297,25.510103741412202,624.9959959653004,0.07405468199811982,3.2919569223222696
329.6925019257913,0.07850846606359164,8.436660955957732,710.8958470315579,0.07020612292996453,3.5026899512814373
8.019332664620036,0.07822515781337262,23.669026812102388,527.3632577332048,0.07508097794936405,3.3477907951073904
6.679983750310468,0.07926749475254015,28.39788101851884,441.21973390108525,0.07098981440170091,3.4548770206398176
0.049358314003571546,0.07682178103020071,27.347776470977003,678.5835914967982,0.07371288206301474,3.685059746141152
3.1037792511159026,0.07720172850337219,27.027997858494565,807.87418017349,0.07061672099898872,3.5645862300719404
0.37754162755392295,0.0734892795425395,25.667452516895267,492.9168530971222,0.07203088646889994,3.696109634996497
258.8488892504487,0.07838176656197454,10.503259089143093,571.6694738974735,0.07336511168654458,3.8683926535218642
12.095492500889938,0.07943886259386307,26.80112312415037,653.0649348379313,0.07122223587812859,3.5881068301143313
64.17624410429357,0.0793314620969232,23.10095584691402,800.8964380053783,0.06910672629458459,3.9043363066418966
0.021239306330569908,0.07967458618344285,28.71767914163879,878.3175366998197,0.07363289857507047,3.6538563493097387
209.6625750071207,0.07953073320573295,13.6311585404944,723.5829673416266,0.07170345895582278,3.953463276302867
223.29584942117788,0.07765890611785371,29.238044358977817,624.6872562599542,0.07458080187011953,2.0644440033040485
70.28349533177433,0.07854860993886835,26.645294593792194,646.4018568347526,0.0771535280817563,2.450072443054263
0.4387673218653889,0.07879703301606861,27.68024646077245,463.4516769022348,0.07432262018538188,3.435544962140299
53.13135820496562,0.0796033622053438,24.051089557083642,468.74980857050576,0.06864002159001792,3.4132805640967336
0.017684452248649212,0.07826420010138616,28.149976196113688,595.2884121577183,0.07393063733010222,3.585957160736797
189.67739644086822,0.07277696181916381,27.086079792845567,348.1064880473119,0.07654190879579581,2.2362506931158634
1.1585708047080194,0.07733951020511656,27.69466039597255,757.7128874118888,0.07140113412612936,3.6332909149220822
0.7712947954983431,0.07538305771046375,27.327098084697013,752.7630897544107,0.07191361934960552,3.4683885721650785
211.7027455585599,0.06529129800794922,29.865497143343852,781.385270608539,0.07312450964098768,3.698437071681332
5.3747771296965325,0.07819529505430481,26.695145940026208,997.9945001479323,0.07815385000806954,3.701545374976732
468.5368984713623,0.07893296344912014,3.6017556425329147,373.7820019756848,0.0741772224019609,3.597885445475863
0.1780121233668946,0.07627284060131358,26.548732991040158,327.4808313978166,0.07345785734443736,3.1788546883024082
0.0417840615462312,0.07862603565562769,28.77651943484332,697.8475414419116,0.0735283578289094,3.6610742103272607
497.8789294116266,0.0797022349372924,4.17962530558982,600.0830085270954,0.06947046550391262,3.792959282208318
0.05239587826554354,0.07747634821493722,26.838336871527247,714.6780602412844,0.07459028424818337,3.5926209962258953
0.02041741318651607,0.07643562447636404,27.32133261920179,602.0833118715549,0.07328164086261801,3.66724899931386
0.19945652664206664,0.07997363326704798,24.57203513936316,412.6598990404714,0.08179571069113595,3.667548078994912
2.7004760699179915,0.07373007921660084,28.663879993744196,606.6600692157496,0.07036952442392397,3.576513634747476
0.1460013857852867,0.07903575079838836,29.47521979875895,679.2640851798453,0.07236027561936426,3.413865580191132
0.11551965775254425,0.07791862551682412,28.51299027212834,584.6564796128175,0.07502855383244061,3.962539761793237
392.86225084142615,0.07797418530809255,5.526194860319505,825.0490896491019,0.07198040413732229,3.503455357003433
7.466615980148905,0.07751214405376738,25.646831896061926,842.0515335776536,0.07271962436522622,3.9466816265720843
77.85857503865422,0.07969817998766061,22.990187181368107,575.5122430798617,0.0677970131951873,3.6791096250953528
327.04757058704126,0.07824654938277478,8.403081412628959,595.9552193119785,0.07199159872050148,3.7888220008114315
1.847384661325088,0.07696298618328987,29.074341166069182,589.4684601103501,0.07345570314907762,3.6172937460734635
1.0396401962679336,0.07895257811620049,28.356605696494437,831.6017969552545,0.07058665242969481,3.3205452288611417
3.102776964107451,0.07837299344177409,28.383838600787172,394.98402604317675,0.07288613602860591,3.738529212721364
2.1643334456480483,0.0775482378235123,26.150011754269965,637.5987454881729,0.07388747521751615,3.7011807059165545
4.289713471813007,0.07662884128034678,28.600658294537816,856.3426117937665,0.07278900560828142,3.4382713149491213
0.5824459579969101,0.07856167316022253,29.327189640962217,342.16553546155615,0.07474209951943328,3.9690437920099226
19.337869040694343,0.07653149654601046,24.59429250377869,346.74474522492005,0.07265145375710455,3.90060052969627
71.10066051339231,0.07956158584158785,20.59915989456516,821.2584043983211,0.07212883827829542,3.8898906270482865
0.22619669829989558,0.07990899866165815,28.490595720400144,792.9362755032298,0.07351351438824594,3.5686625293308447
594.0098229673828,0.060303194251614865,28.81162020243532,682.0371283091779,0.07240750080267508,2.9194347288023472
2.5107206439180834,0.07854110271484034,28.057434072796156,153.4197100810605,0.07821865499376601,2.772112245960881
309.22656811440424,0.07750601424776739,8.551526509576052,508.1298387735237,0.0711568068283231,3.3903079076473235
0.6515123954787444,0.0756137312913939,29.247536802713963,385.77799882025204,0.07315063486984422,3.883410952442731
10.55526601262821,0.07707348544998631,29.31120828564181,636.3576579028107,0.07285774956176724,3.0574663773124278
220.86745300328613,0.07921659172124414,25.47006513438464,1.3300811640672805,0.07047658521918326,3.7694445659122016
2.5940936620597816,0.07950155105314904,29.47290101829163,878.7501381460544,0.06852804815798488,3.272986596848924
15.815586278861712,0.07883844492124133,25.578977903954396,762.3186239253407,0.06774464688662704,2.970423448149748
0.11065254254988025,0.07851716753385331,27.368420200436198,634.808409767851,0.0750840683310916,3.7034782807574023
0.0956557802973503,0.07939328431595649,21.27451142237217,574.6826990010806,0.08219478018666546,3.262787826200005
0.53230347644601,0.07338948147027034,24.287802528122086,509.38588727829017,0.07256273110776965,3.4297551616955078
11.155159417627852,0.0734892795425395,16.9645670868742,639.8008322425922,0.08565674927565334,3.328628467874541
0.03012558111809848,0.07462927993043086,26.117966315316004,649.8198180152469,0.07299171389055997,3.6913578051254534
0.2041859622943425,0.07922874915752944,29.82104978770851,450.7499442574569,0.07579395269568781,3.979757265783234
11.873273204482004,0.07731593137200503,20.28421777954224,767.9309344276073,0.07745376940934046,3.4436013017605047
162.2641210374976,0.07967458618344285,21.054139696497664,441.4995224557615,0.055922249102005855,2.7035039541492556
7.146642315072024,0.07511523145872784,26.611370974938556,861.6601087722704,0.07464445155124114,3.4622412874057598
1.0356891437701277,0.07765890611785371,29.379911350079873,424.9398001422622,0.07424258332693559,3.5762185212343454
0.3704757599153616,0.07899536514054953,24.015667362835146,517.7726369098992,0.07213014387852812,2.450072443054263
57.69671317507091,0.07879703301606861,27.68024646077245,916.7140584662466,0.06010706076820038,3.9109173022331145
3.012523612655814,0.0786614941809148,29.728637657240974,252.61450524236412,0.07235298549890201,3.573261445147561
2.1197788995378906,0.0797551752670761,29.7263178331551,700.4263909377003,0.0754016839875305,3.6551532422130446
19.75784971010527,0.07870264720394124,24.441327227584942,225.53920553749379,0.07580358170828533,3.593417517462517
0.021562731610345352,0.07781091489069536,28.84360851332954,676.6199718514339,0.07140113412612936,3.400653332253934
5.099368768294289,0.0763285516013974,27.14521738933083,714.7256451515032,0.06963616066155093,3.7102909315270516
227.7786734236034,0.07559545101264842,11.17562397513268,622.0326209100182,0.0703733004484538,3.55383695292443
147.52556823867235,0.06668273786310822,29.481047209690765,879.8474367323238,0.07137030848817652,3.4004482563046596
43.89250931153228,0.06585074553731485,22.86428656739548,944.177995303429,0.07258726479967642,3.3216131230649526
0.2262324930682129,0.07660063758650605,27.7404568338315,423.4031237304363,0.07406959437208013,3.8605266110948087
333.78281868190294,0.07862603565562769,10.247181801887354,155.21195748428255,0.06985665557689599,3.6610742103272607
102.55890247229536,0.07217834054756252,14.011497611752077,650.3081050409712,0.07263252194863681,3.642769288942588
0.04381597205537785,0.07670114866526466,26.972962495118256,959.738851634268,0.06916465560956345,2.949406011262962
99.0428399220799,0.07822214857251897,17.33828652862275,483.5664943756724,0.07098554196700163,3.0912167924100613
7.791011377246816,0.07829748110463634,28.829831326728385,591.5682678550927,0.07474102200354213,3.107668193844109
152.7356461801533,0.07753634385161148,17.71490369930348,353.75240075993565,0.0680706106681494,3.8526270570278562
0.0925109184483699,0.07835990422225386,25.428183268085235,667.7687284868503,0.07698852314317634,3.413865580191132
4.156804448143832,0.07767416787098637,29.479421240557734,478.9708011550803,0.06825644420433102,3.437722102851649
207.2027713283009,0.06491351821995948,11.936024888803534,123.137470642533,0.05506126735234054,2.4583770203183173
3.9594407132595175,0.07840218967311154,28.0436900456622,227.18950014915112,0.07462571328475184,3.63295368218663
194.07630636252915,0.07655787291477988,12.968050913579756,500.51846352100426,0.07240960672841251,3.9214765883551275
4.994535672543283,0.07873376318429072,29.867764314196673,855.0308022677533,0.07517234841375312,3.7888220008114315
1.286506764267969,0.07742931444153385,28.897291449899292,225.8203181373707,0.07423551422551783,3.7750792269040647
0.15708037502174046,0.07910357459241116,29.665511451434412,644.8743889042781,0.07300854957700054,3.5541034508127183
161.7822920124977,0.07979847850211493,17.46966788321673,459.31257888605654,0.0667735623597962,3.1959822128473965
24.226364621112157,0.07975505774152584,26.150011754269965,899.9670501952636,0.06975430340274852,3.7035250347755873
0.18304723745989965,0.07993499002406373,28.235212003447913,856.3426117937665,0.07498774831031904,3.564817693188914
356.1639166612691,0.0727994629163117,5.438834685343403,623.7616408841792,0.07358326330047113,3.9690437920099226
0.10769032619022513,0.07812618161417881,27.05446594743155,155.58292113493235,0.08110761024970092,3.7938961115531935
2.315490174919995,0.07838470356966251,20.59915989456516,675.3942612560613,0.06962477118119062,2.142448267642216
5.68564361840987,0.0781866903572668,29.395443433079322,510.14266316582535,0.07351097957700425,3.043468576592083
335.3668622789932,0.07937219811386834,8.057722199382692,562.9651995084204,0.07240750080267508,3.5870187456972213
2.417686037236379,0.07968691112551574,29.312508946966183,940.0248421378645,0.0736505170742662,3.343937345305139
0.0214768451074233,0.07873432876447306,29.60473560252916,819.2580578168781,0.06945730487164276,3.1340010184306357
101.96489164563278,0.07978737383710297,20.356549848443613,760.1440242745863,0.06780394301811918,3.445448063821444
308.7112347208629,0.07477102004563344,25.96215455220409,490.46134239375806,0.08673631055406211,2.8497501637055986
308.96632452236304,0.06077385957170966,24.724950131705413,724.1979429445419,0.07629763118865715,3.584208636950663
210.0995981036442,0.07699146190266663,8.972471383309657,290.13733714625675,0.07632129400270551,2.8858087885626142
0.04205941052057242,0.0775585352484672,28.763524907487138,509.5528753272184,0.07375505562283177,3.7566894171890564
1.0285522291816473,0.07764383878676208,29.50223346767474,532.3930593265011,0.07336482248028356,3.593613975203785
0.015222571460853478,0.07868040393581945,29.675485462747265,746.6224392746454,0.07029341598174399,3.2797864562512675
14.256089577251055,0.07775506558777504,29.44724308336761,680.0329264016895,0.07181250239414144,2.7609708360033602
92.00592971607799,0.0734892795425395,15.19922577156664,784.0593299048633,0.06973854608144914,3.1466808267252935
33.27670540715366,0.07709963757764988,23.089486017751724,222.59272353692603,0.07433576774850545,3.8146137945539937
0.2987669670213461,0.07609812344347679,26.80112312415037,520.0856681321302,0.07479765135502431,3.6277408282134322
0.29767228082919,0.07581208511953386,29.281927390015923,484.1994288867299,0.07047669772434403,3.8731262627666307
9.955424556795759,0.07961223168232946,28.71767914163879,386.13688655738576,0.07012079954038827,3.389909054621701
1.1992611949969807,0.07720856574609206,28.781895909807233,418.4304736010724,0.07080823775178036,3.4669579924221408
80.08894513175665,0.07739556101410976,20.571256630980592,616.861444566051,0.0670106530887235,3.290222005568877
95.7336573817644,0.07992341375848626,24.015667362835146,19.622151535437126,0.07553449197229359,2.5096613290168244
119.27341644802871,0.07772596221426789,27.601622282429034,461.6625989118172,0.07726770998044766,2.272549132748131
0.01613778345616207,0.0780084072805335,28.91512925248732,582.2158055196056,0.07354739609701136,3.7922318295185002
0.12343927441693775,0.07550208442387432,26.470420433681284,377.43093515988033,0.07517560719327962,3.585957160736797
108.37996511998742,0.0764886440427377,29.57235431038498,374.91514592096354,0.07253883891005594,2.0807792675105734
417.09303292148786,0.07781091489069536,6.084775614933605,382.83416051250526,0.07140113412612936,3.93344342171204
19.19078076524575,0.07847547569016061,25.508280185421427,511.0264333553257,0.07191361934960552,3.7717204130314848
183.84433000201471,0.07446932707654375,26.048183807963028,193.96373870462003,0.08603613765062881,2.559919382159957
69.805114745543,0.07730673816854503,20.659200065276806,497.2147469006314,0.06885199083147844,3.3429879343941953
255.74638428975845,0.07670500277485158,8.790642119367972,803.065307468144,0.0716770127243096,3.1187503381303125
269.2392488337899,0.07852125805940491,12.018364100479628,663.3635512330706,0.06837454967096498,3.756406189439585
0.03869967403357542,0.07813965335256416,29.86424722492897,697.8475414419116,0.0701274771869704,3.4178788387800365
646.3593006739507,0.07869803007059982,2.28737005013744,206.22966980449087,0.05731398644915059,3.6795498660566834
0.16760657752021718,0.0792112801534728,23.113323884787775,572.1714370359379,0.08009719763719433,3.3454313880766313
80.63626137700516,0.07999199539937253,19.44932174082734,579.7473386073956,0.07401928126500179,3.8438289318819607
7.504614046848685,0.0780238673928462,29.360208682109395,393.10277707411745,0.07533842470668489,3.121551904919631
234.06155253595077,0.07733256121994993,5.720880012766118,468.00532315145284,0.07351822242415462,2.2982108795993588
4.796244312427136,0.07664293365392223,27.75008436803389,531.7043052484328,0.07698852314317634,3.750215556991674
155.8265878830927,0.07907696417161607,16.6591664456806,742.6925519146259,0.06955548625833433,3.748894320726059
429.5303659235343,0.07866070594650236,5.736580998732599,759.7429557425323,0.06913479809674927,3.6069677697778175
173.27739849292956,0.07836075751599435,13.992701486832363,842.0515335776536,0.07213287345839942,3.7962157176355658
354.56061689336593,0.07909336344309893,3.340187361819728,415.25676406985065,0.07142256879365799,2.2191664105012316
340.2436495213655,0.0780417272704958,7.074244161236263,373.47017368390965,0.07638837015015418,3.986589098573779
560.71939794113,0.07696298618328987,1.0545843097412284,715.3023173861651,0.07056580412751165,3.633086855149025
0.016584497604429198,0.07910357459241116,29.665511451434412,541.1332773534484,0.07300854957700054,3.540353313845156
2.0607532395544195,0.07811852720744172,27.911075661814085,861.9840429413234,0.07223041019247026,3.9299660096425857
1.3391435300821182,0.07611276881534222,20.80069110248055,285.03081404554916,0.08207174467324599,3.4421466035596104
43.788183038822034,0.07909336344309893,20.667381431267792,415.25676406985065,0.07682964918793672,3.817346737635943
169.94947886688504,0.07824181581663668,14.619932403194179,556.0009365070271,0.07233764600203821,3.8539202792953775
1.4829123735521026,0.07716463685134059,24.59429250377869,922.7825307450603,0.07978645954069999,3.992843351610551
74.15839294649658,0.07788086133564869,12.366985503270117,644.6622294864369,0.08461992416705905,3.916212616453226
221.192859569668,0.07577622166535197,11.664081119807413,604.240733960922,0.07014579464270637,3.5686625293308447
307.23719503540065,0.07981663495011077,11.247859210513742,540.5509096805638,0.06795157928022263,3.6484010787409256
0.2978698400045461,0.07757284869160612,29.06554881845973,283.3365148906072,0.07435660733052973,3.343937345305139
56.43461179903966,0.06729172906056388,24.768377604083724,553.2450877370675,0.07329050258910033,3.1340010184306357
6.432334222816499,0.07872536117004722,29.58074345354366,225.65817853929127,0.07022951018304921,3.248796366961421
105.13227129962391,0.07742387786408386,16.083304216086624,490.46134239375806,0.07329321295115099,3.3576043107954883
2.142834370819529,0.07786331295581658,26.291704451507236,348.1559469769525,0.07505286847890538,3.4515425861606674
259.1251348857029,0.07880464227987914,9.48959337710699,757.6159277678915,0.07020612292996453,2.8858087885626142
1.4859851486726523,0.07864735650448453,26.00198208044924,247.0971368661063,0.08174882573895342,3.432935998962793
207.63632970468518,0.07989187090755397,13.832082251822772,778.8147991385654,0.07033008576230768,3.634184983635567
0.27260888588311605,0.07868040393581945,29.675485462747265,873.9770796235382,0.0719681161178419,3.934981128958535
24.539284443429338,0.07954932931038429,24.078653243645327,324.9763311071421,0.07573205919307299,3.8104284746065646
0.45803222077924144,0.07897702670454555,29.607646413403867,593.4297880188811,0.07261318986573506,3.328628467874541
87.3187141619158,0.0730457644683514,12.50862902059381,763.3405274258037,0.07433576774850545,3.102610508619925
207.70278925317797,0.0799423453154306,12.09114833571679,798.8315595152135,0.07479765135502431,3.8308089878732083
5.944856760118958,0.07987878420480772,29.281927390015923,935.2769606129218,0.07047669772434403,3.8731262627666307
2.3010882142953086,0.07967458618344285,28.957426357239886,394.3408592780262,0.07363289857507047,3.6538563493097387
0.43596081826717714,0.07806183530774542,29.74189975507094,684.7897197742526,0.07217534252150029,3.586369708213292
0.09165696137450613,0.0787565048377921,29.238044358977817,614.6742752654918,0.07448735375156823,3.8858054523081647
0.2702702031943749,0.07956146649481786,24.015667362835146,816.9762801448446,0.07212833355073234,2.450072443054263
0.13781142988815254,0.07830091640313024,27.58500079401483,463.4516769022348,0.07432262018538188,3.421368654678046
13.978419475861294,0.06277350824672337,19.696375183486744,391.00618292517373,0.0746440825191044,3.809117456371178
1.0626800650927866,0.07826420010138616,28.149976196113688,728.1449424464969,0.07069009937571724,3.3551700953975168
17.68206541382408,0.07717701262482346,25.572499373680003,431.7967909349144,0.07108331512510382,3.753714301010784
0.4164128101238279,0.07749778400095571,28.515787425499596,676.9412143484487,0.07231147573301783,3.400653332253934
0.026642793745440103,0.07878116223512943,29.841743014084727,520.4237571368076,0.07191361934960552,3.371144684806448
0.37164664321128293,0.07912645970256456,29.865497143343852,744.902167773304,0.07429908961260456,3.9761969774902743
58.58955064108291,0.07687576641430728,9.269337570040642,688.8433630154021,0.07455723360784877,2.0941529094310676
0.11515166583111505,0.07915751834098753,29.653033601837738,391.69932486524203,0.07297827069607557,3.182144139778406
3.9962597330285314,0.07627284060131358,22.35174207101406,648.2485915157655,0.07784868288047264,3.8411882384200564
3.615841051333095,0.07702802392491284,29.550247476844067,527.9604593730481,0.07313876042053527,3.4085118752196193
16.528250579660376,0.0786525817814246,27.744922887063698,454.116944703641,0.06947046550391262,3.6821717031811185
17.755823509746907,0.07846916159670386,28.74732494538011,959.738851634268,0.07408539740730949,2.949406011262962
2.4937466756886426,0.07815657607342831,27.32133261920179,300.5953756676095,0.07410992213595291,3.41724910480717
164.26488375183092,0.07837525758467881,14.676710039064606,805.1545336745653,0.07074206514623335,3.5668264363318576
0.0872593818222075,0.07820147380560961,28.37036926404273,312.43042722145617,0.07496363101301928,3.2855336438691696
405.9060862796574,0.07947011652886583,6.481008355606752,667.7687284868503,0.0687661195427999,3.3407806532012954
21.792923406083617,0.07820232851098508,24.726639377748413,564.9598538037066,0.0710740862261936,3.557252514545775
4.154894858710042,0.07832980853840443,29.6498893941962,835.6703938061185,0.07525117506477619,3.9075060589441635
43.79548924831345,0.07924069511868562,23.46236930494058,571.8318567313105,0.07090017294281833,3.651024491714324
119.03297602096808,0.07955678502273353,14.527883837866707,991.0992933960317,0.071693948143912,2.8624396746546
8.733528234114448,0.07827527838490729,25.4904104167586,477.6140790177136,0.07440896155297533,3.7888220008114315
2.362725230703859,0.07806151300033191,29.60157751189359,397.14535415036954,0.0698366429624892,3.399619265303314
1.0833587627041532,0.07910357459241116,28.606853980028212,443.205476031029,0.07300854957700054,3.4527310026219573
0.3236612765273671,0.07664883582077286,28.553236758078558,394.98402604317675,0.07203368828310783,3.5897799908342316
22.83061425788697,0.07841798563786473,26.150011754269965,207.76770230507236,0.07242009646262759,3.5887612341412973
28.01422440559694,0.07800906238363062,23.21348411099933,466.47958214087157,0.07351664375158162,3.7918907493691107
6.576311221132313,0.078749100385016,28.006697609993825,630.5091524049174,0.0719907216879736,3.9690437920099226
166.3823335014324,0.07812618161417881,26.318676698313965,922.7825307450603,0.08192230627595898,2.7259955497551918
126.58584338432466,0.0793603254961107,17.287783818304725,854.3664225985441,0.06804141266130465,3.141049330959294
7.084536947817883,0.07978261073426825,29.532406324951012,730.5824037624781,0.0743524892200021,3.0736273518574073
51.72985851309838,0.07893787561753327,28.702540297055123,562.9651995084204,0.0768577047227737,2.6250274055874616
1.0699026047097178,0.07757284869160612,29.73031636400585,595.0211006867802,0.07251655931111442,3.5576438252248423
309.64788511078837,0.07857135559228029,9.182777278182632,659.8423381040324,0.07054519724833505,3.550977843062803
93.85336999770226,0.07874120283263461,20.602400980439135,196.18567765972784,0.07003920631606128,3.2138805499542293
0.03053288794067035,0.07850861588791008,29.900872926744587,490.46134239375806,0.07295701082341258,3.744214371965002
9.233521176728182,0.07807325499952934,26.505541306799053,529.838740488741,0.07218383947483825,3.75583005194416
0.04959790151464531,0.07870390439271076,28.57188908913169,287.45209396114444,0.0775274353587532,3.962514276529935
123.71495107816897,0.07951051383364077,17.35910969890755,746.3232414017009,0.07167751090793623,3.7566894171890564
1.4314513142609357,0.07657863284231765,28.39788101851884,737.1200027534652,0.07336482248028356,3.7034782807574023
1.9849421346238838,0.07860061520578103,29.96774235380533,641.8269898130494,0.07233256180016379,3.2797864562512675
2.0157504848184873,0.07447894123570889,28.332153016885023,501.01669942892426,0.07136055784063783,3.4346543915928227
1.3107147947253583,0.0734892795425395,26.40153140987066,784.0593299048633,0.06699419484758112,3.2972055642914087
1.6245135699460973,0.07877682081674459,27.599624706116032,871.0125402591411,0.07433576774850545,3.2624667478455454
1.4629947779000076,0.07609812344347679,27.837435944840585,713.9688079136001,0.07327538631358216,3.603056226292791
0.6623834612684576,0.07879105018267712,29.279073332886913,220.9327256758914,0.07646050398840568,3.909927861987091
0.5670620740588196,0.07937832672591286,28.71767914163879,573.1588416865155,0.07363289857507047,3.6608014040716306
48.97300433218166,0.07632021589158575,28.781895909807233,338.4295037059421,0.07217534252150029,2.213634754491763
1.6319249888342202,0.07706241639619194,23.76434051029191,403.3292657920051,0.07832634978861819,3.6089780797170254
2.5161989693179336,0.07718414151129772,24.015667362835146,683.9169769749626,0.07724411298251962,3.950243950504873
144.68714225462702,0.07830091640313024,14.180677817624073,435.2818485726974,0.07432262018538188,3.356013412413362
106.60310816878965,0.06673626376210273,28.91512925248732,502.6085725911611,0.07354739609701136,3.7922318295185002
1.1553828300332252,0.07806222020432795,29.190077614875243,595.2884121577183,0.07393063733010222,3.585957160736797
17.185015271064643,0.07733028635793392,25.572499373680003,616.1147922627192,0.06993248061627366,3.6400680454589502
8.793828445300669,0.07914727581434555,28.84360851332954,403.3699957303093,0.07140113412612936,3.829314034698802
0.06621958434730033,0.07883269527483432,29.841743014084727,520.4237571368076,0.07385736075240876,3.779650994051897
29.857580325146387,0.07912645970256456,26.01705191329561,205.86858166411542,0.08486108649230653,2.8608339892822507
0.4599450666829371,0.07652346138326485,29.500009579754245,210.74615277021917,0.07562742667527375,3.7863757018988338
17.074684696158165,0.07888296112319669,28.837314675780632,377.154699172519,0.0741772224019609,2.5039793556510634
1.862485342369192,0.07627284060131358,27.57778259135219,774.8645574375141,0.06791660749226064,3.222805268747689
3.240003752653358,0.07813965335256416,29.86424722492897,494.0860892005514,0.0701274771869704,3.8025428011923434
66.66222816977867,0.07866142619668634,20.01127817409774,164.32935011474422,0.07407166633448084,2.9790000204093117
35.818602458055615,0.07670114866526466,29.02169977331225,345.9337925085067,0.07775500304886687,2.949406011262962
0.017133555810290448,0.07723166346394932,28.220811862888198,751.8711869029373,0.07220651603001108,3.6289512659310628
86.4539977930173,0.07785726132103957,19.872647185618042,453.7330789699622,0.0702486261192552,3.597986406480741
8.937299629440073,0.07780255258884734,28.243315158442677,618.2391255571979,0.06926466392827446,3.789759970165025
0.015484418126569664,0.07814998915212656,29.7666353272395,840.3757955003146,0.0701011721308909,3.4388626840407506
0.1295035753390927,0.07886609585840706,29.027190826038918,422.86645812950934,0.07432756363357051,3.662015629626967
0.1720703155036939,0.07659271574701083,29.486451866958785,539.1577998369926,0.07146312532128726,3.9783140579875864
18.336288126397278,0.07875529147557617,25.646831896061926,699.952332347671,0.07199356554728548,3.9466816265720843
0.2475544625304342,0.07998752611289092,29.61330706807979,627.3836488095217,0.0744256291423866,3.595235535125144
13.199103540912812,0.07535062744181367,26.74507651454622,477.6140790177136,0.06777360593285378,3.7888220008114315
73.97263198053521,0.07696298618328987,18.23189078881917,397.14535415036954,0.07249368221179331,3.262220046814166
145.36532439629354,0.0637248202317823,29.665511451434412,541.1332773534484,0.0691031155205181,3.501028556667606
2.0235172949821547,0.0764503564707597,28.553236758078558,535.5907465483385,0.07099626421060798,3.998104991332104
0.04794090904376376,0.07848942020500502,26.150011754269965,662.7864443813435,0.07591184606055187,3.3906752573021084
5.683111874569267,0.07957887540385465,23.21348411099933,765.6519643234412,0.07682964918793672,3.369941792100809
8.302330143992613,0.078749100385016,29.327189640962217,483.3823161060691,0.06830085830702418,3.4422760687177436
309.6647591534453,0.07812618161417881,6.9604098151740725,922.7825307450603,0.07638326772655066,3.769342092610021
1.550315935953356,0.078860188367048,28.037080528681702,615.9179385605121,0.07396146765325379,3.916212616453226
504.95226772172805,0.07951818149593502,2.716701470101949,821.5150429242009,0.07105848680839957,3.420864341464684
43.96791721993238,0.07866548942809527,22.706713271378998,450.75850765024137,0.07264124952148812,3.795843263006669
5.229891133588738,0.07757284869160612,27.51755387921428,396.6161664703495,0.0695666111402593,3.1368800160828965
0.8926165699528292,0.07806058795583459,29.60473560252916,409.6410318388155,0.07265666246664298,3.8878999023330305
6.709731904000385,0.07883128438599651,29.46373383653828,814.3566224121703,0.0748697695988435,3.4189558644527445
7.010877403086765,0.07850861588791008,29.900872926744587,490.46134239375806,0.060574714574165245,2.3626505131964377
0.4324530518540992,0.07825861623834073,28.115969006538016,548.9619424388299,0.07522343795281305,3.584711241861832
89.01892388024024,0.07777414041416182,14.892738576296438,688.1381050887614,0.0775274353587532,3.5505766337709757
35.101188501938054,0.07884423255789891,23.669026812102388,147.2867350221897,0.07733319140136136,3.96623947128788
1.7006500058824368,0.07710586733847054,29.32293965077902,254.5947826692635,0.07305829648179929,3.959010135761722
19.63862864973635,0.07941483092759744,29.675485462747265,160.33268855960534,0.07029341598174399,3.71488631476431
11.627624178152125,0.07886208572616608,29.129498437602386,199.34947383589497,0.07136055784063783,3.6066365943641445
0.16033747275782712,0.0734892795425395,26.40153140987066,474.2989023701361,0.06878090238617432,3.1336714710497136
0.18365163845274696,0.07778143344947713,26.117966315316004,798.2067617493685,0.07433576774850545,3.2746524978164597
51.73671356513961,0.07891263805955885,24.424983561236175,568.225137920297,0.06768565101649271,3.5881068301143313
0.014511432997210107,0.07676564747277378,29.281927390015923,484.1994288867299,0.06785063612377054,2.9023802044197993
1.5063641753477899,0.07967458618344285,28.71767914163879,496.59501084928866,0.07363289857507047,3.6538563493097387
0.5140544850547472,0.07504508089805109,26.13978112266588,848.6403074321382,0.06964934294968911,2.9529166004834497
1.1740969947617987,0.07749990540992747,29.238044358977817,327.29800594728727,0.06890685991073445,2.97520800864731
199.1959267398006,0.07806635388583633,14.916046192645352,788.5449354785732,0.09135634788962041,2.4475197358976675
499.6888263570948,0.07830091640313024,4.429360760449532,381.58305112978894,0.0678127416400737,3.7459047162630807
0.4946865925871792,0.07229948586296539,26.09280166316978,221.1321392396547,0.06912105293305093,2.994704365255681
0.05742888559093419,0.07804579353543627,28.149976196113688,424.12512231778334,0.07386611797648904,3.301616912381746
209.05586850685975,0.07834682399614142,15.533999715552469,867.7123748090256,0.05983372794287026,2.7475325480230004
1.0025880953018897,0.07815781443425865,28.84360851332954,489.2010278970474,0.07192926777771702,3.5747812100420946
19.296957160880034,0.07878116223512943,29.841743014084727,257.4264074775965,0.06605937640618065,3.371144684806448
0.19088993818486882,0.07912645970256456,29.865497143343852,742.7292399235071,0.07065412757501338,3.431306226603063
0.055838910377218914,0.07671731712308039,26.818930111753534,738.6293780950894,0.06885199083147844,2.7531655627092846
263.33053275866337,0.0776870010111999,9.31895782505487,373.7820019756848,0.0741772224019609,3.3474160310544434
153.49116425315196,0.07627284060131358,14.722047818713902,614.9966627636767,0.06681231315403652,2.932899287103922
1.4610190477936762,0.07754474190788688,29.86424722492897,697.8475414419116,0.0668287135968581,2.660704916638534
11.967474242389773,0.07471314129921323,29.82413922693034,672.3075239703516,0.06918349220794251,2.9790000204093117
15.474163590499803,0.07533487745027195,26.820276951054478,959.738851634268,0.0645718198472526,2.110796491552097
0.028464371776288088,0.07840709923093091,29.296825628458656,398.3100909909923,0.0704085845571808,2.928377589926418
23.228024644361724,0.07386315525454891,28.829831326728385,28.501693602132036,0.0677209989247389,2.8899355272690874
13.240504870280919,0.07707353589785813,25.384280104718762,268.30491331250823,0.07245623878496535,3.409930143368863
1.8807833468032875,0.0774165686996442,29.705306062294564,840.3757955003146,0.05950970219762569,2.31605524762803
339.3061666914722,0.07705176964784778,9.09493392684996,345.8867732210442,0.06448933420158995,2.882625192160621
180.69111472470294,0.078209331781383,16.607519887270684,109.37184253516773,0.07087971662177989,3.537220130876411
4.309843867122856,0.07406297245696136,25.995678745064467,842.0515335776536,0.07338670895494917,3.4254075464191773
1.0050127291108168,0.07690519988957756,25.728058457314287,385.740280227217,0.07028759668558646,2.6474005097636333
14.417743622696806,0.07815781443425865,25.4904104167586,489.2010278970474,0.07192926777771702,3.5747812100420946
0.5687245113187753,0.07257625185623486,26.72342144740523,456.0850318271765,0.06731037091600328,3.262220046814166
1.1953746621554422,0.0783434196238114,26.32596875714542,806.2880183162779,0.07030740608507463,2.5537323744243228
0.244547261590799,0.07664883582077286,29.57481590704511,394.98402604317675,0.0640284747414353,2.3018889475198385
0.027466765438888353,0.07301780503462178,24.48436868709539,593.763204000785,0.0716746214235047,3.283298493177188
363.9691044542669,0.07662884128034678,3.1677280419514062,563.6841959027031,0.07682964918793672,3.0837185678814487
129.2625134491172,0.07743101369021771,19.541219735954236,572.652782610288,0.06426922738747659,3.5435670111369895
22.332498913335556,0.07566845163862447,24.59429250377869,152.8322403349827,0.0684015397604395,2.7166845345457618
8.625514136939689,0.07645243942388073,29.073648456906454,545.3255462319554,0.0668946939437986,3.916212616453226
3.154323862191225,0.07721640679043916,29.270923091922068,306.1722393387563,0.0743524892200021,3.1593269304776666
0.03301327949468486,0.07633490181743029,29.427323897251135,484.1994288867299,0.06738791807976441,2.9023802044197993
0.0263947987731155,0.07315332728391089,24.65784875122447,589.801370095253,0.07153634584292187,3.269524460746622
3.177582713808442,0.07688979600533195,27.527247078914442,819.2580578168781,0.07108027146364715,2.9050668429344206
16.67947712463043,0.07702617794449933,26.70860019024914,385.77799882025204,0.07015596493887066,3.883410952442731
0.16978924713163573,0.07528409698064398,26.34749351991838,490.46134239375806,0.07374096163528412,3.744214371965002
290.0394869287611,0.07678834379193737,6.3500308751165075,334.5461014610298,0.07522343795281305,2.870078460122977
446.75193498932026,0.07383311121730694,0.877559001513065,287.45209396114444,0.07303667915663145,2.7356981790141397
12.952966088386436,0.07983057182221397,23.669026812102388,644.5332690514572,0.07508097794936405,3.395404629048309
46.27884245395019,0.07714503537168559,17.661402180210057,604.8494093659989,0.07336482248028356,2.903655436705818
336.4489094365265,0.07824007791379681,9.399841535393847,746.6224392746454,0.06444624044318778,3.0641488286023124
60.60532027209132,0.07763490794966968,22.43225513260605,335.6837983579114,0.06843953885893428,3.314053161914584
0.05624678850706355,0.07586213038127801,26.91934050149067,661.0809330502677,0.06886725351611175,2.849264482273755
3.4338555976957528,0.07667399902351854,27.895040910305863,377.6121482379518,0.07035685079264756,3.4426117647587224
20.83397190390007,0.07912800737384298,26.65570037438674,316.86261816814783,0.07141609614450495,3.5881068301143313
41.54982294736337,0.07643591405004795,29.854374612482363,562.9651995084204,0.0745360438386447,2.864902104263866
346.4979466606943,0.07835861468376233,9.276147643388812,342.5198190052905,0.062185160666183764,2.5488097053931185
5.339324721290394,0.07511523145872784,25.253097545378797,379.5221275408046,0.07217534252150029,2.501561156684225
52.71054692002683,0.0782336284661252,27.42072049230175,410.7332382157296,0.06259385992086908,3.8858054523081647
99.6233890520505,0.07806714841777526,20.557233203466826,249.68328970484933,0.06528121527432543,2.7901223114176257
14.872872341304276,0.07830091640313024,26.373198988551167,252.70352726366596,0.07229054637423485,3.421368654678046
24.968554687712675,0.0780084072805335,29.188063664102895,684.9103586068238,0.056693610261742716,2.51873741082803
78.61776739239254,0.07826420010138616,28.149976196113688,142.69180359908052,0.08024922070828464,2.0810338575392717
51.17359309673551,0.07856430717274122,25.572499373680003,404.26419293536844,0.06614838165665043,3.593417517462517
497.769747537503,0.07033554456177613,0.7461568872412627,636.3685745202008,0.064055253418065,2.5254163831586585
1.3173848873961114,0.07605475631096736,28.695972883495575,374.38934531608936,0.06934709516160384,3.371144684806448
1.3769129333119707,0.07912645970256456,29.865497143343852,742.7292399235071,0.06956876238008877,3.431306226603063
0.9364177774948963,0.07671731712308039,29.130987138132138,481.1740008847621,0.06846930334387549,2.7531655627092846
0.13808693164872368,0.07647632573816075,29.95581960197555,884.8469305142364,0.06310305884768308,2.5960348707671863
73.6978446480431,0.07617854135020616,26.405449452242202,721.3500047837251,0.07784868288047264,2.7439530801817114
320.64526264089983,0.0637676358424763,29.36655235826824,697.8475414419116,0.07147559253385116,2.978248984280289
51.53333397755056,0.06384045383041276,25.15264060128105,672.3075239703516,0.06947046550391262,3.5411364279922837
0.09218578892698426,0.07649658362757326,29.530523931324915,346.4834342826704,0.06838582675885599,2.974417958354817
0.2900002341361164,0.06948532146926767,24.123313577476107,383.878959889577,0.06988920081263725,3.6289512659310628
2.5330165785164285,0.0782243583907125,28.829831326728385,477.1614911927762,0.0666555282055481,2.7502229587653106
176.12553474368912,0.07707353589785813,13.240972724714075,438.9743286424835,0.06798166255573915,2.7178260714010194
10.303583951592831,0.07814998915212656,24.730785988694258,840.3757955003146,0.06801323509910384,2.8048234944974784
627.0186999396147,0.0737631109406596,29.479421240557734,742.6925519146259,0.07975379476819497,2.2771475000060866
367.8927743419808,0.07782770783867367,8.893188904776597,273.1626128626358,0.0653237900589557,3.174877086458631
203.54402806756318,0.07670203937871814,14.100709752209568,274.4735488533121,0.06584034598328936,2.896636840787476
107.51531131192327,0.07822468509539011,17.283547394392727,613.5199155692379,0.06637450184668173,2.6474005097636333
47.89330013907504,0.07707136585588811,25.4904104167586,644.9873269122471,0.06411519963453655,3.7888220008114315
0.03258462300531191,0.07696298618328987,29.528124318331706,823.0067835058253,0.06805701479306209,3.262220046814166
8.80976785060415,0.07739572997906849,29.665511451434412,521.1567122467334,0.07300854957700054,3.0412549620896554
22.42116260278278,0.07675387410202023,26.728490707891577,781.9980123720437,0.07432492915775402,2.758790721893204
36.73223221998529,0.0766414989402156,23.535508995523713,664.649336774235,0.06462100078389396,2.899693565905178
38.579947206787466,0.07249252972825877,26.2686992350295,716.9633436230258,0.07682964918793672,3.4382713149491213
1.3158510703929807,0.07751215965478178,29.327189640962217,203.3212847989954,0.07195027136375376,3.232629822389201
3.4595329761933558,0.07593398907220325,29.940147116684216,922.7825307450603,0.06386964989357152,2.522685225744813
6.138226211397322,0.07674802934616012,29.127968190459445,329.00056073390806,0.06966319042894678,3.916212616453226
8.794210235143943,0.07623433815577212,23.757181814674126,102.7182428198895,0.07538876231003341,2.624081883258736
0.3008166835159799,0.07676564747277378,29.392566440669754,595.7293373588644,0.06785063612377054,2.9023802044197993
0.20103357244403824,0.07656809815958884,27.62256052486685,805.219627842793,0.06730540850134087,2.6981830209477105
3.121614278941328,0.07873432876447306,29.60473560252916,441.22326171630885,0.06857762575595508,3.1340010184306357
233.73741702724243,0.0782322602555018,12.53682689788868,783.817822604871,0.06648967547574092,3.113127800513663
0.27157736093181034,0.07765069470837413,29.620528295446526,490.46134239375806,0.07070420178902354,3.1634863781312808
6.733368265867651,0.07408303083257631,27.531513916591095,698.1979155488534,0.07143843682828652,3.2012551209123346
7.779027381391614,0.07886421211857872,28.57188908913169,287.45209396114444,0.06743835988353891,2.7286215071615407
6.808496744989371,0.07612799333779012,27.675066665839424,476.08351347762334,0.0692303382027914,3.7566894171890564
0.015297616138587955,0.07547308423376643,28.440136933329644,541.6429505790093,0.06907392007663574,3.2380155289098402
2.969319417848544,0.07598194962564239,27.81390652745277,746.6224392746454,0.06849718663767979,2.7042064122057816
1.4932800193305171,0.07757855592704535,29.757151367217624,807.87418017349,0.07089370342532911,3.353541531695876
3.3707986577798907,0.0734892795425395,27.058653881580593,650.6778897964651,0.07012618457138275,3.1271751802235546
7.342111901436428,0.07697031165184923,29.28816738921315,409.1992326255823,0.06680497120751216,3.4426117647587224
60.77613055928492,0.07648964307321547,21.258868102550764,429.02254287437495,0.06436521487836291,2.6655619770659067
5.193532043865443,0.07854405643325593,29.268785778307386,562.9651995084204,0.07240750080267508,2.8690967439547257
0.07499586491762286,0.07967458618344285,25.58338751885148,384.6582738049884,0.07363289857507047,2.5525222715937907
0.06618961606225228,0.07741070285326934,28.62734337516102,698.7749853603505,0.06822456077046898,2.8523909989417264
0.049848064556057455,0.07659026761654043,29.594916631477354,493.6057730961035,0.0688854860365499,3.140115871180736
998.6434827153182,0.07603108318222641,27.541904389669632,478.3322839303849,0.09135634788962041,2.450072443054263
6.521709610106528,0.07830091640313024,28.508833291058828,463.4516769022348,0.06544209131876266,2.716422690084671
0.1541114738764674,0.07670448752001365,29.92243781290263,782.4103712275456,0.06482930583779617,2.889482310471168
1.342535484937746,0.07698675894853628,28.149976196113688,624.5446957469928,0.06535063110774866,2.6688260551774547
0.043671906983638,0.07834682399614142,27.15427229336772,695.0591204653988,0.07189442184245887,2.9819535790373926
0.4190229791759684,0.07619271342812584,29.551239602354045,676.6199718514339,0.06722432303029374,2.977129932482684
0.8442004971815833,0.07624472764349426,27.943589126010266,520.4237571368076,0.0648683725904918,2.2757643654495525
0.16965383318056299,0.0771931624302101,29.794562398686125,450.0139153844732,0.06694677391949277,2.6694201286831296
591.0401694588252,0.07671731712308039,2.8534340916974905,729.7413817628324,0.05842698464001239,3.439735100820987
0.09133281728101653,0.07501853826553066,26.84190590452822,477.0918752920011,0.06974898362422458,2.927058698467875
485.1398163171061,0.07794965695719802,4.248107840136603,542.6269842894999,0.06566989495270006,3.085832603963092
0.03474509475751687,0.07779669534720747,29.21225887523234,595.7855472782395,0.06908532595360908,3.04246093300725
0.0468343767192416,0.07550490860151197,28.713474896033542,489.2925238102354,0.06754921141391054,2.928136083665696
0.9383288189176553,0.07670114866526466,26.972962495118256,959.738851634268,0.06965624298760728,3.3068105026990215
1.0038253565466853,0.07699749123114845,28.220811862888198,426.284956897973,0.06890884090343694,2.9793886012269533
2.2231649595153162,0.07655126633739005,28.829831326728385,511.0060448046254,0.07177008578510752,3.15654541405195
0.309699875554299,0.0775969742577704,23.190157603828844,521.480193091735,0.07351822242415462,2.6285564874254708
1.188208403533321,0.0773632986438144,28.808913722174083,435.1129429244971,0.07071147547889861,3.4388626840407506
1.3587899480527292,0.07965460120511908,29.479421240557734,408.92171071373036,0.0710970353330449,3.152896901904891
293.488842366581,0.0793220756802286,7.69324603620703,339.5230718136451,0.07525117506477619,3.009193093326015
25.370639042933984,0.07727765845292889,25.646831896061926,842.0515335776536,0.06856721496333129,3.9466816265720843
14.239499757370488,0.07621256268605833,22.990187181368107,678.1573553972992,0.06919065298616855,2.9419182823864047
39.39451469309523,0.07714746004783225,25.4904104167586,758.3416457228807,0.06243354427502426,3.1023725539547127
3.22636680112751,0.07696298618328987,29.528124318331706,291.9862791701644,0.0684797720557121,3.262220046814166
2.894381611672374,0.07760514643277894,29.894014114130336,617.2270625364757,0.0679231817918072,3.540353313845156
11.286712951305761,0.07701755606420271,28.61316466152524,275.02732220534676,0.07432492915775402,2.655190939073349
9.816920925527793,0.07852807934760254,24.48436868709539,507.2426582496076,0.0690385849212756,2.6080069258492626
0.12662762053915425,0.07649250792411695,28.176805447684636,405.42891007622814,0.07009625682456852,3.0621965101613307
344.6408788394716,0.07705020178422312,7.760245043346606,491.5252587571151,0.06970647630821769,3.3868953607567445
14.211874148710182,0.07812618161417881,24.59429250377869,550.2352291867865,0.06733252256348535,2.6315957243138968
0.210651466230506,0.07687205914677954,29.048765637237707,437.13357131546115,0.06682163289594534,2.7328180054261075
1.1081178814944068,0.07572714350973922,25.179750165558477,200.44806961885212,0.07213682893126513,2.60466299516548
0.05792653406557309,0.07547327496390656,23.714347383208654,497.7648914000138,0.0735671735731479,2.9018777751880362
524.4666225701317,0.07994518983508063,2.289165057868555,456.85227092863886,0.07076104935934582,3.1575354954962727
0.5386110023296817,0.07873432876447306,27.510534671257737,819.2580578168781,0.06799523618345424,2.6987072641707464
8.537672639214202,0.07892768523240862,27.601577329494553,519.6642688880174,0.0748697695988435,2.7409621642273754
565.0710347909691,0.07850861588791008,2.559963228185678,444.8857284253989,0.06657738098238569,3.744214371965002
252.90387659805884,0.07930453861048184,8.63044574312416,669.4748448440128,0.07522343795281305,3.1530657072352457
14.64347989281654,0.07303836390268695,28.57188908913169,849.5809750354624,0.06827380750731504,2.931558415066943
20.624189599631435,0.07470020724201687,23.997268905156023,883.7943480686974,0.06812356913266085,3.7566894171890564
0.3669692145843555,0.07510186522774888,29.631561855881564,601.2955867151024,0.06670972069990042,3.469855537245339
25.5318916123121,0.07526166558149076,23.795990295551082,746.6224392746454,0.06959377424179602,2.123136034643494
0.015491432203405306,0.07794178896596164,29.69373693497788,786.8081055704961,0.06976269932273821,3.3581775802132605
2.1034937637025264,0.0750382506071959,27.04596382809451,784.0593299048633,0.06760200029548052,3.328628467874541
0.46488550509288673,0.07692992379870336,26.117966315316004,871.0125402591411,0.07244908493234264,3.4426117647587224
280.9615396974049,0.07535705550505045,27.573458741770388,726.2483129551345,0.07479765135502431,2.0789610669835628
5.858775813651566,0.07854405643325593,28.408954137032705,492.0209015518894,0.06738773779491888,2.941933542520609
0.6165408590062613,0.0794410221556407,28.74504620907377,631.5958945720662,0.06934194068243932,2.590145733722051
6.379824118575817,0.07511523145872784,25.585020120151114,447.8281778460021,0.07217534252150029,3.953463276302867
22.395086114177715,0.07580633632500519,25.86499032894536,648.1004732468061,0.06720072625922524,3.8858054523081647
0.7368633960743703,0.07606760062326258,26.827521868004546,385.0682564960765,0.06888733211393236,2.450072443054263
15.132294826211655,0.07684253108804172,29.827526925378315,968.6256709797644,0.07432262018538188,3.598589481406312
573.0138792078167,0.07636864859007392,3.452247329760201,42.870132951039125,0.06603190323162475,3.7922318295185002
10.300668353310135,0.07555671367466248,29.149031158559197,174.57210322525964,0.06722758062241899,3.585957160736797
1.0450261904831484,0.07640175545580052,25.572499373680003,403.514282443424,0.07522861581883139,3.593417517462517
6.273899380598235,0.07781091489069536,28.507835833504654,223.8424806459978,0.07140113412612936,3.400653332253934
395.29696605481854,0.07709056495843584,6.551904814296336,116.897847501147,0.07191361934960552,3.2102475600268554
180.7673472788976,0.06993090878028217,15.830836606503036,810.1983242746928,0.05331072238207629,2.903328541301325
5.608627930857016,0.07693330712581455,26.818930111753534,772.0513327252637,0.06802597615714737,3.208101382835855
1.1239063308425452,0.0776870010111999,28.326918824503977,373.7820019756848,0.0741772224019609,3.1425730153347913
68.88763475903107,0.07748884241548931,22.35174207101406,451.70975615202434,0.06318760809330348,2.767476105499676
16.077046432736992,0.07779669534720747,29.21225887523234,362.069534598691,0.06383384048302035,3.04246093300725
41.78796046828928,0.07550490860151197,20.540410090368795,489.2925238102354,0.06711067505897239,2.731795089608763
0.0266293849604972,0.07632019706650964,26.426023624331513,593.2205361381762,0.07060227441940908,2.90653447813874
508.44990247301666,0.07821645273283367,3.009236456645578,685.0867817822382,0.06648735978511666,2.9751156417927556
4.2256826091086985,0.07467435859022264,23.11975892433314,453.7330789699622,0.07497997999054137,2.704187017887615
33.83806269974761,0.06599546886292487,28.48201391679597,211.62187128383312,0.0655792406654033,2.810378056411973
57.87855551535446,0.0768967252812691,29.7666353272395,494.121476096065,0.0701011721308909,2.1711384634134747
111.45592391952127,0.07727071284248396,17.9229480749009,412.9882346080925,0.06577856382121575,2.7345683585041423
11.5947405890694,0.07492877269187842,29.02805222582211,567.8186173042827,0.061887155973323255,3.5169623590279873
1.2584639499733778,0.07677356630928583,25.646831896061926,842.0515335776536,0.06428622932511999,2.323313969743606
73.25778968262854,0.07845345890870732,22.990187181368107,100.8776431106678,0.0734122657037034,3.9298470670247254
0.08315992648793996,0.0754149226893432,25.378511348534893,550.8309831141952,0.07206276543964096,3.103885674204114
144.074994873346,0.07716992729646271,16.613157454478863,823.0067835058253,0.06623195722597328,3.262220046814166
0.10204602568234246,0.07847817624907949,28.83982329616946,887.7511116283941,0.06733264584353296,2.7053154418593763
14.588355680357877,0.0767307401091997,27.818585106244917,377.98215365028193,0.0632246527410461,2.7701008400445657
10.75331628453371,0.07301780503462178,28.45083943985737,530.9872244134657,0.06771585412099929,2.7226303795263345
487.0919570976422,0.0776744936381429,5.479166752270007,781.2841262432124,0.05522788635494402,2.428271701755005
0.13236483087668838,0.07661309630320355,25.13150506828358,637.2044996499137,0.07234183750372372,2.854909743901568
3.728118860107987,0.07812618161417881,24.59429250377869,715.2294048962821,0.07418577477407012,3.370474829892508
79.3678081736894,0.06641097695486443,20.59915989456516,884.2260388248006,0.05221849552331287,3.916212616453226
2.755372946903078,0.07671983275127943,27.67792153775551,422.48795539354853,0.0685609990234596,3.026240018135419
2.6781731917796843,0.07640420235314889,27.812178553044163,338.31326783991096,0.06785063612377054,2.867629018826669
33.22926671924228,0.07988348780482384,25.454855424848965,707.6051766234507,0.06392376849537634,2.6489471855985505
3.6247622532735457,0.07380741903899297,25.472720931683185,819.2580578168781,0.0720369861686645,3.1340010184306357
89.28030851481438,0.06267791154819218,27.44682789177577,379.8857938184282,0.07018620463156724,3.883410952442731
396.7007732157854,0.07850861588791008,6.769869484955551,138.31471041900392,0.07450146672500257,3.829499663042586
29.160044079507898,0.07248710067142569,25.489510027648794,548.9619424388299,0.07522343795281305,3.00627614364294
0.015385019629080045,0.07831079564547735,29.711097200496425,511.9699794420652,0.07096542904138076,3.2617477435844493
66.67437572927474,0.07398817148430444,19.943948081099006,781.585965324721,0.06066829946899377,2.5963041501858752
577.5383797073578,0.07777347934312406,2.9605195259199153,612.3083030214618,0.05997934257479354,3.2380155289098402
393.3512927224135,0.07831088326835758,5.1828598396784695,258.2232165971884,0.07029341598174399,2.5953519021717195
0.19424813876179314,0.07794178896596164,26.83788403675052,539.6137493440606,0.07402102328519308,3.3581775802132605
106.07495251275814,0.0734892795425395,14.390496019950977,689.982890128296,0.06878090238617432,2.9254674424649147
14.105660886375468,0.07778143344947713,28.059094290067442,871.0125402591411,0.059956444164359746,2.5230194289042287
0.014655533206573966,0.07924140838352961,29.965191972228496,737.1599387515344,0.06931343221667371,3.0602018357553176
9.069336557309178,0.07631688681734493,28.616744176040147,392.6995171150463,0.06729532144872358,3.6484010787409256
65.5807971924759,0.07546392377645285,23.16611529178249,121.79308092873708,0.06615103952412191,3.1603873882076297
2.0857002230691366,0.07695522000814037,29.209295601287117,207.5663135099407,0.07135899267921558,3.3651350820865202
14.601460243519638,0.07920787978115917,28.36435519673514,403.3292657920051,0.07424258332693559,2.4944620647639613
187.97111586470558,0.07636103378879472,24.015667362835146,330.1752591239798,0.09135634788962041,3.1455105535875467
14.882329665815648,0.07720134603656284,27.58500079401483,463.4516769022348,0.06707742239701675,3.421368654678046
1.3666106342938966,0.07441098394301383,28.91512925248732,344.3353256969142,0.06618157653376983,3.197378872821454
37.71178192552081,0.07826420010138616,21.497841386616678,495.94929645499724,0.07393063733010222,3.585957160736797
27.855825360528243,0.07739254425193638,25.572499373680003,865.6487238220427,0.06585931632300865,3.3748054114604624
0.1032216721152917,0.07359333689970139,28.84360851332954,454.3100327162913,0.06685226553024604,3.1897434461772045
13.357951356994612,0.07878116223512943,26.634884329457066,653.6961738166832,0.0650703876130444,2.657233865335997
214.33117249007898,0.07890100654057236,11.534809444710735,452.19825740488113,0.069415123248388,2.6694201286831296
0.028439297459383336,0.0763367057069478,29.426715001416596,500.9363713564221,0.06738985586420584,2.9852125456219443
77.96905515024022,0.0776870010111999,27.011989334223234,803.0616991987135,0.0741772224019609,2.326026575593669
0.0527024968115859,0.07819438833158213,29.185386525026047,638.8262416419979,0.06956156715964934,3.096492490985019
0.02175450705166626,0.07791447848063716,28.414142965155904,569.3632504149089,0.07251172962180033,3.4264288021690956
1.7044203763367924,0.07805957604723188,28.713474896033542,350.9958118331469,0.06936915774328473,2.928136083665696
0.8651399962487563,0.07780082040275861,27.43073333183721,593.2205361381762,0.07305401503180906,3.053353295037513
505.0646469058979,0.0795070102581322,3.6971935432431344,372.5534769891739,0.06709868641783481,2.9915856095832694
69.39386047730802,0.07689960389169899,24.658075698294127,132.06396317964186,0.06627088794117636,3.72234608914415
205.63605534955792,0.07688858035220822,14.026018941440784,419.646030011778,0.06434479808492424,2.8376506730857507
4.920145990220659,0.07814998915212656,29.7666353272395,296.40024771204963,0.0701011721308909,2.3962553706049197
0.18170129427576437,0.07830573734237413,29.479421240557734,515.8423708427127,0.06934171689137059,2.8412504740818183
610.1502696169088,0.07996658947065693,1.8169137944610618,373.9973332328453,0.06422614025398729,3.5169623590279873
45.07986431752123,0.07766132635361533,17.331345768637068,663.4430015254725,0.07712171873454363,3.352928481506245
0.0914866447739808,0.07714872285104209,29.792449042672914,660.8753308753548,0.06798500041059691,3.198695664116689
1.386086292376374,0.07601649315264367,27.890333841850392,550.8309831141952,0.07139031054206824,3.103885674204114
2.7149507719558716,0.07591073522366978,29.528124318331706,395.39243865277774,0.06452700667926314,2.929621337822023
1.343325109636534,0.07910357459241116,29.157810678757002,468.0099995644367,0.0673570300546549,2.6686649995783878
0.06333113704592998,0.0747533090552343,28.160751972518117,673.2418813697964,0.06995053533235437,3.5937089113020386
0.25169708307237,0.07301780503462178,26.65620970055712,448.6843032369991,0.06884173207462185,3.043046615857807
27.073411518322516,0.07823022114728542,23.21348411099933,554.0539981877879,0.07249775742274342,3.5700611585534183
0.6069880332430287,0.07661309630320355,25.13150506828358,461.547696660855,0.06780052866949776,2.3629343955551616
5.569350250966766,0.07726540362997257,29.64458250290154,922.7825307450603,0.06533828094256885,2.4239606729403853
122.89426740039224,0.07771230998596362,20.59915989456516,437.13357131546115,0.06511046364020057,3.916212616453226
52.78808902220008,0.07587499116436566,29.303565809706733,604.240733960922,0.0743524892200021,2.762719355891324
88.32880407039868,0.07676564747277378,20.827764872766572,423.09539338960826,0.06785063612377054,3.7940003423976902
214.9174523835065,0.07903522021699409,13.995605852788858,310.9332687647067,0.06924648974913894,3.269524460746622
9.739211481138588,0.07262681093974074,26.943146554054795,587.0942602118448,0.06945730487164276,2.8334018858054377
75.93601464950304,0.07892768523240862,19.082787769954145,764.8917616571746,0.06966862242211327,3.0721203982516414
0.08294452756423606,0.07093508324390557,24.199076976500535,343.0739108185915,0.06997952377506642,3.102848790431823
2.241931044992133,0.07680251996944738,27.774744185810544,773.2885820600569,0.07522343795281305,3.8213245866937804
41.43569613865761,0.07729470824400643,22.811025074694683,419.1187486185932,0.06812537452526155,3.0566322610382737
1.0351087396670928,0.07543239203174819,22.050499505567906,332.73430505732506,0.07808778185883233,3.218666340392819
11.627171948071542,0.07547308423376643,27.254817322465122,631.9026800113419,0.07494310056597972,3.2380155289098402
4.0978799157614745,0.07374987556939669,29.675485462747265,318.04919852176863,0.07029341598174399,3.2797864562512675
0.2763402563745567,0.07757692867937878,27.353008109839564,533.5953584829209,0.0693143433271072,2.584920314259226
2.1686952744437087,0.0758297736628181,26.40153140987066,348.32885907703525,0.07227254025599203,3.4058968529030085
33.561638109972805,0.07778143344947713,20.502222676468897,98.0137573376594,0.08175526631589969,3.359538937201979
495.5411465020088,0.06160215146222128,3.3041223011392127,834.8674226990122,0.052061415831573865,3.0602018357553176
2.772442229512796,0.07488405230200633,29.231533966784426,902.9340794449946,0.061326050820015854,2.30746475989936
2.84220311384512,0.07786948668940741,28.71767914163879,878.3175366998197,0.06546224219900879,2.9065370595902476
0.1336305913733117,0.07532654270300586,27.956541587856115,419.6629234399169,0.07048355969612433,3.376394784863904
0.04735714968670518,0.07951458491821434,29.393362114932877,450.14409623074846,0.0745868070695764,3.662996295496822
21.928608096706967,0.07412306994252471,24.015667362835146,382.6870106233388,0.061739135132358014,2.450072443054263
0.09902845728736404,0.07318719613256902,28.083156104005482,246.81644081364408,0.0661610392645795,2.7759006392838246
24.622403061830703,0.0780084072805335,24.608549663080325,225.33644139729245,0.07337287026156328,3.5109454250183165
330.9272426545259,0.07826420010138616,28.149976196113688,231.02794326731026,0.08493423513422416,2.1022577828601157
0.01798265877237396,0.07214807440521691,26.112351361681313,744.7798002559169,0.065758511731135,2.966431972500061
0.4782489291536757,0.07781091489069536,29.026759248346444,841.4152476161337,0.07140113412612936,3.400653332253934
1.0200967911787413,0.07527698924468904,26.45364087740178,520.4237571368076,0.07191361934960552,3.0191645284438855
0.8002678690560108,0.07766174100590537,29.794562398686125,478.90083711815004,0.06694677391949277,2.540828489029133
36.446919682787076,0.0763367057069478,20.983015601043995,500.9363713564221,0.07112235277320941,3.2218805820966745
9.129233313736213,0.07979856332421674,26.917515736067074,487.4739692379872,0.06695607454680952,2.554744163867784
0.5482550320713206,0.07212591482422868,24.631526979472724,640.4809318462934,0.0681893448268571,2.793234428316408
176.99623485272286,0.07681027209392409,13.638153277516583,569.3632504149089,0.06501085178179691,2.59188436847749
13.229312652433553,0.07550490860151197,25.249028761708505,604.3332439634008,0.06554132117180805,2.928136083665696
438.7580562994912,0.07819965251410435,3.603402061572611,547.8290370452967,0.07060227441940908,2.848343930968376
14.341401010278936,0.07700756225697629,28.220811862888198,342.47698001909254,0.06765801155517628,3.6289512659310628
17.19002755118988,0.07749601262668276,28.829831326728385,453.7330789699622,0.0660039320319391,3.72234608914415
8.55354876011558,0.07707353589785813,29.00411738603515,82.27365253732358,0.07377456421189574,3.499588864985324
0.36386808439519647,0.07639839439408279,28.95460608522316,520.3945399289322,0.06961239211483936,3.4388626840407506
32.86648017323725,0.07830573734237413,29.479421240557734,435.0161215286255,0.05851289874459312,2.8709660025230925
0.029899027866819194,0.07709057428873374,25.404956793953417,825.0490896491019,0.07232588850123542,3.0160336343129077
70.16608947987054,0.07677356630928583,25.646831896061926,583.1317737760162,0.07712171873454363,2.4609603889797773
358.74962445655945,0.07859985184331639,6.91449631328277,203.23144938067742,0.0734122657037034,3.103621788448919
0.17123344105730798,0.07834625331832505,29.76080827450273,550.8309831141952,0.06370885844204097,2.248564170400938
90.5764890080032,0.07696298618328987,24.099759103165965,23.244092219221443,0.06805701479306209,2.3898757406308078
0.020222067398306308,0.07849524153192455,27.527675800123532,799.8214361345792,0.07300854957700054,3.357589082133052
2.0705493726410262,0.07664883582077286,28.47574343079353,394.98402604317675,0.06902217696572335,3.223818648634802
3.9043030786946695,0.07301780503462178,24.54428657224134,264.4484213667945,0.06984173672166677,3.032171204574209
51.90189877202134,0.07662884128034678,23.21348411099933,678.7768779276659,0.06570474759864545,3.4382713149491213
0.8689907205669354,0.07661309630320355,25.13150506828358,343.7439610224041,0.07287953524861102,2.854909743901568
79.86891289872523,0.0782576018264098,22.784850775979535,242.76108947059748,0.06547825637686994,3.0272560623285205
16.354849566762418,0.07271671088950252,20.59915989456516,519.6266862894048,0.07192853752471509,3.3886021983350307
0.049856511297472324,0.07724469799220995,24.962005685631134,396.32604451705095,0.0743524892200021,2.856393814654039
0.6835586501872093,0.07633245596741435,25.919069032101937,365.14761000343435,0.06862583327795632,2.2713243812489488
515.1001755765678,0.07603271415232853,3.216937359775148,422.7612692872332,0.06574963593702765,3.269524460746622
5.88399495643265,0.0768235009597388,29.60473560252916,444.6352974867822,0.06494879479438792,3.1340010184306357
1.9191117966566478,0.07705203518226363,29.58074345354366,414.10788838587007,0.06608156064926046,2.8997093505643967
6.381190063373751,0.0766055122575459,29.900872926744587,490.46134239375806,0.06900812541705226,2.683468421259377
83.62323627896501,0.07672076428809496,29.947610456659024,548.9619424388299,0.07522343795281305,2.587694969710888
0.9340744112425674,0.07858288979392677,29.86816563100798,718.8694853676745,0.06629950641372157,2.519660816138282
0.39253533790838524,0.07534650381579559,29.00697768802415,444.32003094033826,0.06462470609709686,2.476004917094892
0.04995574114106065,0.07547308423376643,28.440136933329644,541.6429505790093,0.06570362546369535,2.6618842516591257
1.6226013479887542,0.07622599921000779,28.307563769916253,519.0166942783604,0.0684434621619689,3.2797864562512675
0.9804826601171759,0.07386893353103448,26.337241044074915,604.0855443423981,0.06611074961006816,2.5061625804296255
17.520663917807937,0.07688688057882544,26.40153140987066,387.4354749933122,0.06799876917765257,3.328628467874541
8.540392097765995,0.07537176068417578,26.253634593600314,559.279772041741,0.06812594492267454,3.4426117647587224
3.395165297180867,0.0776792603263121,28.25068450511268,561.3760436589321,0.06931343221667371,3.3307445435729415
6.078593981449995,0.07854405643325593,29.086778773901095,285.567417013031,0.06712981736603044,2.7561631320261584
50.600651663238054,0.07628131301186476,28.031874216008365,878.3175366998197,0.07363289857507047,2.6587151376789353
16.334452259691474,0.0767052590356343,28.95983470967031,475.93630067814684,0.07217534252150029,2.667199161471276
0.016906564392029,0.074127334351323,27.383411404229186,448.65974531084237,0.06841058400835032,3.0314664208753803
53.952350872361386,0.07818479112975198,29.556877092007696,19.622151535437126,0.07107656615044422,3.328755491744706
4.99257306422092,0.07745705514502582,29.517679482401213,751.6071860327514,0.0661610392645795,2.419032233972968
41.18513066666023,0.0780084072805335,20.13634303193902,667.4931824114632,0.07354739609701136,3.382846258388129
2.3501373310656826,0.07826420010138616,26.576825982112464,663.6288217889073,0.07088148772151984,3.0941498866952375
0.48929748758947716,0.07546050076343609,28.449258254922984,318.8682107039524,0.0681783135424753,2.966431972500061
1.0626584615509138,0.0758439111609241,23.572654997879205,676.6199718514339,0.07654473338891599,3.2100099658386574
194.03461520374228,0.07005578870733964,8.712356105261062,464.3988633481369,0.07191361934960552,3.137110921325721
26.46576717842802,0.07587061616587591,24.4273780283599,382.5189679945566,0.06694677391949277,3.114707103619137
11.079969265415478,0.0763367057069478,29.426715001416596,739.732116462426,0.06610316308097292,2.3755338580136485
0.8475282708773403,0.07662053279151584,29.472319157054102,272.8103788518928,0.07010065713019656,3.2946968398101646
0.022799079966156106,0.07716281112938335,28.670542820088645,629.8883508306354,0.06956156715964934,3.096492490985019
56.11645319566159,0.07754034053753223,27.76729667422778,569.3632504149089,0.07251172962180033,2.2292917162539996
0.9662300338265628,0.07326920313936228,27.237957416330197,740.2613305886416,0.06393599891634577,2.545701025803558
0.2575055053266947,0.07648696306008852,29.837347128965018,698.3390785873304,0.06475164839059666,2.6682500214085767
7.460759876153314,0.0767071889208212,28.220811862888198,236.11491972780277,0.07849921475654881,3.3228432490336623
294.9615823999268,0.076685456101509,10.662127440381283,196.77205724301035,0.06605253211587597,2.891633447479342
0.5437930053112432,0.07577037088992267,28.37036926404273,309.21293666092464,0.07042600194750467,3.2855336438691696
0.972772460761914,0.07775935933070653,29.52157386620656,270.400258783607,0.07100092764872484,3.2122626264041556
0.7533402466654457,0.0764926005059595,29.479421240557734,555.5687856864828,0.06836928172475484,3.437722102851649
42.147545135204226,0.07536274282094792,18.176600071777592,558.463125372297,0.07232588850123542,3.0160336343129077
325.0152737874121,0.07677356630928583,7.820409675276317,842.0515335776536,0.06860695417422669,3.1792356986095904
440.02186963751706,0.07834784420638136,5.0004191172354595,566.696756119863,0.06869372228022894,3.201086078344323
242.75340884155992,0.07602259143636148,12.929674274190042,281.87361688807755,0.06286434480070896,2.773632323467438
0.5560135691216714,0.07668150628416998,28.73536524072986,413.3575870453065,0.06805701479306209,2.9296885942309276
0.023286479223793333,0.07637465923489963,26.06062754967089,550.7570888666471,0.07230345648297481,3.0617255623952326
0.03840918464135289,0.07664883582077286,26.63093136901889,512.7867365151902,0.0696188956437245,2.727501650186552
0.1314743037942636,0.07897009788271316,29.971442350192284,574.957040230845,0.06799989466624748,2.706250483168867
4.155039689273297,0.07803562927228999,27.110835288906618,743.4552701933259,0.06794742471729959,2.2996906026099246
0.21547803793950698,0.07466893740561201,28.53318692271194,305.7159129586204,0.06760415146071655,2.969252917949624
2.0240709903147267,0.0773894361385906,24.59429250377869,383.77820233928077,0.07638326772655066,3.3818484367884434
0.19185894630456796,0.07468939783769701,28.708920589029375,272.0589253292627,0.06662389009959377,2.770026105506607
53.98782836823749,0.07347159743216171,28.23529612590174,313.7276692406294,0.0743524892200021,2.5900207646117708
2.7660327189173044,0.0769001812877041,29.43765558470323,266.1919056884251,0.06720172059833582,2.9023802044197993
17.903892858832386,0.07658228201731526,24.65784875122447,278.82309875241873,0.07109821390412338,3.269524460746622
2.0416279070998637,0.07497072027646144,29.60473560252916,471.73696358134424,0.06590221903706903,2.6625173412887495
73.84648498858681,0.07643434748315604,29.58074345354366,657.4087027621113,0.0748697695988435,2.6767487459495634
0.8631942923822925,0.0753808060914967,23.807652598298077,490.46134239375806,0.07679700128020198,3.744214371965002
0.043131018228919606,0.07770643520305606,29.01768549310932,466.39240346101457,0.07178551966655763,3.381635297248287
0.09252330021218517,0.07480506826140924,27.942496569613894,317.56543591856337,0.06607929162260509,2.465584211546
0.8656763958090787,0.07867178537365198,29.962614054806593,883.7943480686974,0.06807471753855024,2.841585621615932
28.367954361026502,0.07628912624639886,22.25217042922418,423.45540267343017,0.06907392007663574,2.9150059485573694
3.6925867186218313,0.07748738948098265,29.675485462747265,332.3301886042758,0.06576150978405049,2.8121071172057617
1.0000973389033503,0.07438193441719079,27.199440485821228,786.8081055704961,0.06745893388199703,3.3581775802132605
518.5299416030012,0.0734892795425395,2.125221708574621,167.9517276894187,0.06854753353811027,3.0598980408363525
5.743916262946698,0.07624345748260354,29.93892220598358,871.0125402591411,0.06684574879839689,2.7371403968383303
32.29412514552597,0.07968610513094732,25.192826381508556,630.6556068145692,0.06701180328523648,3.0013553050137967
4.741267393541978,0.07801678232586086,29.362227661594552,319.4495095625109,0.07074471782488628,3.6484010787409256
55.76324970212262,0.07623098732931075,28.738958573487086,908.0408383005531,0.052889168125053204,3.2041829242983364
0.1367829544307097,0.07859146135052372,28.539620175080323,421.7998718593516,0.06993193770242229,2.625500257019815
2.3203073083417434,0.07765890611785371,28.475097427838683,553.9569367350696,0.07424258332693559,3.3448379564340187
20.76965074152333,0.07695409161062966,24.015667362835146,496.3037654436053,0.06849060285598077,3.0012795595369806
15.717077966120538,0.07674419628827442,27.47661092984276,246.81644081364408,0.06536581888424567,2.826514564077287
8.897139424793618,0.07685807014886017,28.91512925248732,582.2158055196056,0.06708396767889943,3.7922318295185002
1.0878462954163415,0.07826420010138616,28.149976196113688,759.2358559793481,0.06899614997001952,2.6422042114144846
426.1414628390011,0.07911540191452336,6.182432764940229,307.9322754635933,0.06695428552345689,2.9231540956726314
14.49722348148926,0.07781091489069536,27.292711235746356,559.6157582172989,0.06778483687428713,3.400653332253934
0.016330528059496415,0.07589638195928379,29.351525685567324,310.8371606522504,0.06589458492446104,2.54563222693975
21.05939560242419,0.07564623917421687,29.794562398686125,655.6731713654938,0.07043530113772095,2.7795631929706905
0.40102002577052276,0.07589774307474526,26.493300610973296,500.9363713564221,0.07136165180387818,3.205535624792603
0.7494578999298174,0.0776870010111999,26.716283037283077,703.4006427476764,0.07099463041211193,3.104969471742854
0.11661326076700176,0.0757942622908967,28.605179095786642,415.82327446335256,0.06981420262101701,3.2929415839789513
0.3000115218153874,0.07756571463485466,28.414142965155904,569.3632504149089,0.06933280190176003,3.0287067263878553
0.07019279609839296,0.07686985067693305,28.55880206344061,497.07259754085305,0.06832119835883743,2.7717080292584453
4.375338385597043,0.07632019706650964,28.941112291140193,593.2205361381762,0.07019515505021992,2.90653447813874
1.0156357101524183,0.07723166346394932,27.005144202316075,598.0666104947362,0.06622076007611141,2.5163641740939395
0.32832012575254854,0.07678709865727314,28.061112305242233,346.1827955774472,0.07033545336329541,2.978245844762311
6.595212245272295,0.07698132514149178,28.37036926404273,323.56156077009666,0.0685536096909567,3.2855336438691696
0.7832635297073742,0.07580060744024428,27.51768611178928,508.6986169338427,0.06692201162552952,2.4750963330485236
1.165250412033931,0.07830573734237413,29.038965130213963,551.7831535050428,0.06664007665189461,2.729421951545096
13.679458157007236,0.07709057428873374,24.564351396562948,371.53777860266393,0.07232588850123542,3.3814916554489014
10.031735231573894,0.0781660611805482,20.538761950908814,557.7207967840455,0.07712171873454363,3.0758354836659256
0.1057125783989957,0.07720219744551067,28.777482053173678,566.696756119863,0.06712770758691503,2.7682097289363066
0.03378072285296458,0.0745313237280667,26.25747883700826,550.8309831141952,0.07000143767046119,3.103885674204114
0.03763064412336298,0.07586716498473368,26.90643850438849,677.1260723182465,0.07144887507900183,3.3027115569649927
126.99368437707253,0.07719067233481616,18.224858450538164,261.7741999148224,0.06704477786742924,3.0786614231958107
53.30387481183324,0.07794030669450326,21.04732584427432,475.60097286585085,0.06615968144217707,2.5699565438346292
0.014897183505699916,0.07654666168767404,29.16733143089577,481.9024814568197,0.06832033696618542,2.9946907070669164
37.776235163394276,0.07662884128034678,28.9179141157065,528.18239052798,0.07682964918793672,3.035816179544259
0.0834311599237362,0.07375066994982771,26.219101684080755,374.2011352097905,0.07130492660152929,3.3169196344273475
0.43913329199236373,0.07617344662037134,28.600070698448825,591.50165747215,0.06647240479836483,2.635282478855304
0.41127208187723435,0.075958334804456,28.5899993157794,523.3147892899071,0.0661872398560947,2.57979970883404
1.639364030504868,0.07487811033395439,27.67792153775551,291.34059710287283,0.06673539032605266,2.7820559076911993
0.2616877888118908,0.07590556707714977,29.281927390015923,223.55563789640155,0.07088545950931183,3.282737389385697
0.49603273940310755,0.07581102342457151,28.263826927041748,346.84370165084863,0.06822395753714977,2.5972629590240475
40.233045463829804,0.07643378148037995,21.7720010689104,417.85508052490724,0.06945730487164276,3.1340010184306357
0.799441388026068,0.0766202898544864,29.58074345354366,226.15563687570636,0.07602870436903048,3.883410952442731
2.1218497746135254,0.07724726659558863,27.608178901427443,185.37233738671893,0.07192183592025986,2.849113217863057
1.0477731435848914,0.07990807121841677,25.614518469721393,279.5512625676714,0.08039736384571647,3.5341801385836917
551.4976317739117,0.07957461785121758,2.9192040886059036,613.0702235187316,0.06510572768612102,3.2617477435844493
0.014485794614037782,0.075756135390907,28.613433354564183,406.54719427534064,0.0673638057797736,2.7804519297964587
127.18004556319306,0.07547308423376643,19.495439114460936,492.73342280151587,0.05990840234071529,3.0563782238987045
0.017408921797744926,0.0766324783221494,28.45174562449013,325.01167520454555,0.071457761637363,3.1164353968529435
5.821600080381157,0.07362269109788906,29.69373693497788,253.35279902591301,0.06263155267719267,3.3581775802132605
20.531186873574356,0.0734892795425395,28.544088414940582,92.7226568077599,0.06319356664029166,3.328628467874541
1.6550083060867362,0.07431136736149081,28.298020582243794,413.5152480581911,0.06366050001217322,2.275559240135092
14.654048889375268,0.07587894178158547,29.965191972228496,133.27215490769078,0.06375982611731829,3.0602018357553176
0.20593302447918926,0.07514525948705988,27.58514206517641,347.67338352648585,0.06876429350851923,2.906900025246937
281.6584564555701,0.07768401317839062,9.286264376821059,878.3175366998197,0.06937273008071113,3.188254154411493
26.504135279441435,0.07687914322315305,24.44073431184319,399.2267796884888,0.06932291885905167,3.369623263044286
12.390942783239739,0.07765890611785371,27.906949750901923,180.32704673996358,0.06541501102962285,2.44829152734098
1.8757338214873158,0.07647061595017751,29.45066806450725,400.44150974886645,0.06662577238673484,2.450072443054263
0.6340105803138367,0.07588740631657372,28.777205067634526,631.9239333207223,0.0661610392645795,3.0198196092514182
34.33291466895707,0.07455478334653469,29.831912177794756,187.32052565329826,0.07354739609701136,2.4642701569903256
10.767397993201538,0.07826420010138616,29.923116421454132,73.88827744391028,0.07051510024672722,2.751784987442198
460.6987276232858,0.07214807440521691,4.389679252310424,147.731905787811,0.065758511731135,3.180465366286392
122.49376846992939,0.07347928329476675,28.036520968503464,475.40569385632716,0.07140113412612936,2.1449972034401767
0.5565751123217283,0.07589638195928379,29.351525685567324,821.7662841207539,0.06589458492446104,3.223952276811476
0.2839844390290186,0.07548655599982226,27.57574153265704,584.0054429025982,0.06735268255394464,2.696602184842189
16.493346656637357,0.0763367057069478,26.902288634992868,471.13731814904156,0.06431619087951812,2.9852125456219443
0.01562882473878264,0.07725524877580722,28.889566844911677,758.7995556645271,0.0701620534983364,3.374634331367304
2.6198665524412936,0.07716281112938335,28.670542820088645,213.94020173689546,0.06729746180242,2.5576231596918944
0.8316575771734,0.07651978176157902,29.30561653730338,569.3632504149089,0.06829766335004522,2.890380741651363
494.03690340871515,0.07702457552450545,3.186073815656865,343.06717298641075,0.06282157673232353,2.336829155016383
0.02554075588342687,0.07632019706650964,27.398981592005164,593.2205361381762,0.0699184624528136,2.9986295951223054
1.4313191378497676,0.07727049374114707,28.220811862888198,660.4697002738427,0.07187826485271304,3.1226843215733604
18.671994712142308,0.07714341814184295,29.312896862192858,453.7330789699622,0.0641258321244047,3.72234608914415
0.030609081127029283,0.07396357329157466,28.37036926404273,283.9753901003394,0.066703192702563,2.736873523502494
3.4037433075950156,0.07814998915212656,28.872660465224804,348.0690062341755,0.07102841109612743,3.4388626840407506
76.46797303897682,0.0749136989068765,29.066427350930976,742.6925519146259,0.0710970353330449,2.4140162893429693
0.05626489628462912,0.07523271993946912,22.866794200971853,429.0340265140789,0.07426687682183791,2.800678962666911
1.5600194707404023,0.07433258269097746,28.54180998537526,182.37292898902712,0.06870305803805668,3.165492509040435
25.861795981790337,0.07711675272964186,22.990187181368107,723.16599839376,0.06993689930166103,3.320962103352591
4.367925523636547,0.07816358120911776,29.160791386125403,670.9388275641406,0.06555575039438755,2.23534058869926
6.879647405593852,0.07696298618328987,29.255178405518095,823.0067835058253,0.06228420973835491,2.0800390958078876
5.672436802066706,0.0761567674195845,28.72029052702576,257.6455144891103,0.0691231440138586,3.540353313845156
5.795552144238565,0.07568789312734499,25.69344067021934,656.0229020801636,0.07432492915775402,3.011021368573112
3.046471664523474,0.07654666168767404,27.86734912974541,366.2756354209007,0.06832033696618542,3.006922362146553
1.7459030039286532,0.0743253873038187,25.579936826972137,856.3426117937665,0.06936771025432253,3.4382713149491213
3.1897757945180345,0.07592062843243155,28.55041038651521,166.51125000341824,0.07040802439214694,3.181986662454461
7.575469254939337,0.07785084872685681,28.19307646895036,521.9528398173264,0.06853143869751457,3.3818484367884434
136.22711032294495,0.07259112044816825,20.59915989456516,329.21018839681983,0.08461992416705905,2.4962128386298668
400.26614652948757,0.0781866903572668,10.596427947997693,650.1163190844139,0.05639683235805126,3.7339175343354176
1.8143871465938237,0.07529551999712328,28.613433354564183,406.54719427534064,0.06943503000698384,2.8638805236552773
0.053549670876550104,0.07315332728391089,27.456467891216526,642.6546172283397,0.0633878774808862,2.6169502973760617
5.995975433859438,0.07873432876447306,28.107929500728858,427.40447190910334,0.06822668827942233,2.9099833743388035
6.639438097205407,0.07608821144208425,28.70210892695917,430.491588830748,0.06830636493553002,3.883410952442731
272.12605712768186,0.07569335471460847,11.111726974065828,166.91517197031482,0.06731605985297401,3.0075359531481585
0.9153743460934276,0.0731334921442467,27.898013632259083,152.46969823644832,0.06483469519457322,2.441347188665131
150.18298774379468,0.07529780128953835,13.262793720005655,318.97546957250336,0.07096542904138076,2.9070627236765807
0.034220342399535225,0.07706056028551027,27.838986888417185,484.1994288867299,0.06818679789331517,2.610765049392123
0.28411661896373386,0.07509038410844916,28.670898002940948,541.6429505790093,0.06907392007663574,3.2380155289098402
30.618313952470388,0.07367230323365384,29.675485462747265,746.6224392746454,0.07029341598174399,2.949835803916215
9.456166491594209,0.07475661176205559,25.07252930456175,786.8081055704961,0.06759706972908339,3.3581775802132605
11.021982530210078,0.07327024483131443,26.40153140987066,124.87030211200545,0.06878090238617432,3.328628467874541
0.02393619041448145,0.07544453234790725,26.117966315316004,459.5911668957158,0.07091253753038429,2.9074442370407807
0.016771343821431618,0.07707241104852103,28.88513734072557,488.39019693551285,0.0679800804856098,2.782783924565531
10.634582593581452,0.07854405643325593,26.04760214916135,562.9651995084204,0.06660947656318097,2.6416843721143994
1.9704839614967398,0.07558774713844785,28.022014942141084,508.1198148974482,0.06510601597763085,2.303252849474228
10.526915912079494,0.07620342625403255,29.84088343593416,333.1708432014684,0.06584116904722917,3.953463276302867
0.33134030101454637,0.07415919073992377,25.678775315447403,403.3292657920051,0.07424258332693559,3.8858054523081647
2.404025853624783,0.07306283375597128,27.572270106564474,337.0185045003982,0.06581738879629515,2.4327948016884973
36.364510085861916,0.07318719613256902,20.636725438377663,376.57259851749484,0.06620253158829434,2.7675244578752016
0.02173089592666555,0.07599491312893733,28.069737923175076,582.2158055196056,0.06959567586757937,3.152733134457088
1.1054275878112672,0.07642247769293442,28.149976196113688,560.4708434453323,0.07148734487724387,3.1435589712344942
1.9541818198589171,0.07214807440521691,28.338208846765934,538.6713896598538,0.065758511731135,2.9799842525080598
0.11609799953293093,0.07503207748276101,27.57274161959382,528.3969288057491,0.06878270635848777,2.9741417316074146
0.033352135827125026,0.07589638195928379,29.351525685567324,247.03631775212853,0.06715249221921588,2.6265206287957934
6.264569083439758,0.07470495367273135,25.302426661366773,450.0139153844732,0.06694677391949277,2.8616565596557666
0.5896175661393126,0.0763367057069478,29.12016952402204,535.7953844547579,0.06738985586420584,3.12741439333544
0.02511121482529546,0.07741082891272413,29.070098403665824,575.6152634618213,0.06834147660741724,2.885933210254097
0.49406466794547443,0.07691762924983792,29.746769877558815,213.11714996027808,0.06663771240818511,2.4995766888559157
0.05847086327491285,0.07623419669031642,25.94891388277328,648.784848615843,0.07251172962180033,3.145486656371058
7.501072928305039,0.0734500307709568,28.713474896033542,585.775901703152,0.06297453628069091,2.28675539950411
10.006536429865406,0.07584625775649163,28.656866865810557,486.14828673067154,0.0699184624528136,2.604675715010954
0.6933328057448582,0.07790424917729355,28.220811862888198,785.2876493310625,0.07220651603001108,3.254179871628546
0.6099464807068895,0.07524707056140593,29.697959908514953,327.52430325736873,0.06356925799292301,2.31969721228992
0.14332103052056033,0.07664919928464745,28.930569285567806,409.7556797592357,0.06998021513783037,3.211791759607927
0.3511809611267893,0.07641649594296762,29.107782520122825,306.2053916826371,0.06851433030757745,2.9207248086753457
0.08948085521409202,0.0753922805784135,27.858734538082498,388.6461810673055,0.06861597101996494,2.919191220760993
0.01447233404401822,0.07533839707462459,29.286954743819827,353.29645573511493,0.06614984657106021,2.7443323941363977
38.22669375116502,0.07535967996756161,25.646831896061926,428.8235357794592,0.07712171873454363,2.668379567433341
4.126809250748895,0.07517000882216543,28.695536331396728,566.696756119863,0.06389205676891746,2.267133313814167
4.925168488360498,0.0745313237280667,26.25747883700826,409.26491852677805,0.06503521494818246,2.706444376006008
0.13328480755935693,0.07540849396785321,29.528124318331706,823.0067835058253,0.06154917090798262,2.469751972808007
0.014080705759356521,0.0744980775503044,29.665511451434412,290.61265998419174,0.06305908638708557,2.4502401397749023
13.763776274047544,0.07403962958451034,29.216118228297063,248.81454491120292,0.06309028084281695,3.9299660096425857
8.997079731028354,0.07681072462793398,24.333880392662113,403.893579301451,0.06832033696618542,2.588089855651379
61.00448032407553,0.07662884128034678,23.21348411099933,856.3426117937665,0.06369444358460791,3.4382713149491213
180.4752176082901,0.07375066994982771,15.362457056718076,256.9182884966193,0.05997331803106987,2.6233286074006426
243.01516909989408,0.07465904222616024,13.516597137078348,922.7825307450603,0.05984752617775976,3.3818484367884434
62.37476706091193,0.07511644496215727,20.59915989456516,503.99863939371215,0.06341427351222631,2.6970889677441607
25.577108527073438,0.07389126015911643,26.567642688467444,87.32475921056306,0.06002727081848419,2.178254432528103
14.939292172622569,0.07329490751357451,24.045060345775223,185.06446443184888,0.06499017353385936,2.4502401397749023
43.337443824468785,0.07315332728391089,29.944326209555655,561.0392999337486,0.07153634584292187,2.9427221725316106
282.8735289715139,0.07212173589840558,10.372000947271191,273.5837041805231,0.06479817272526933,3.52762606474561
0.18896164277079225,0.07683189474426755,28.76723365338333,480.43785975930757,0.06976961538219753,3.20707941110083
26.745140470614253,0.07391721629595414,24.211237904464905,490.46134239375806,0.0667565244599804,3.744214371965002
3.94826468166359,0.07425891497607692,24.724950131705413,740.9936184577198,0.06478780120242494,2.123294529998388
31.75567095304242,0.07831079564547735,28.06422396799544,268.42762565995065,0.06486034333711699,3.2617477435844493
2.0267331591439515,0.07524766076706048,29.702361167074333,460.2125175112881,0.06785063612377054,2.9023802044197993
36.34511752161687,0.07417894486106463,28.36978894403851,122.80745401805842,0.05929653450369313,3.2380155289098402
0.805536340060981,0.07803628046239208,22.47938347865052,473.35503677400413,0.08078329487569813,3.545166909847432
0.4713501294180096,0.07794178896596164,25.644577563596798,771.6558617908738,0.06709953325225795,2.396816651944686
0.2353761348961842,0.07439997001852475,26.40153140987066,374.07170062497516,0.06878090238617432,2.8379641924100927
26.908272659323703,0.07544453234790725,29.968109773029674,459.5911668957158,0.05907400825454026,3.918042197347777
2.0222281876752333,0.07924140838352961,29.0562428705176,540.0320596945014,0.06931343221667371,3.0602018357553176
20.788340230705337,0.07016418902732459,27.811487083363147,78.32480990510447,0.06053788076551728,3.6484010787409256
1.0482884609093623,0.07798178055762174,24.796130533003165,897.6217317011838,0.07585295607360373,3.6538563493097387
9.680921023819884,0.07331238410564055,26.527294595210137,540.1067459607858,0.06649114850610771,3.953463276302867
344.95425662514043,0.07489932066193294,10.998030266808508,465.66854561931837,0.05924155774257708,3.8858054523081647
137.20243666161457,0.07608903324286714,18.711327593378133,624.4821455123162,0.09135634788962041,3.0408632171909797
2.326017282838306,0.07318719613256902,28.083156104005482,121.92138856370457,0.0661610392645795,2.0513341844130215
3.541291182400618,0.0780084072805335,29.94368744102866,281.5267735408185,0.062118106655139366,2.23939513937944
41.27319299069627,0.07318470081380135,27.054308103874376,206.63289025393476,0.059034514064421645,3.585957160736797
248.4218277131942,0.07472421473382465,12.67441683709782,550.8387179232608,0.0607444707551886,2.966431972500061
340.2609740866089,0.07781091489069536,7.5393219501476505,511.25325543061706,0.07140113412612936,3.400653332253934
0.03084442325624593,0.0730220310072215,25.763006723255778,607.5567394696515,0.06897035148323763,3.1079131794587402
236.55079523631045,0.0771931624302101,14.78850528098913,56.474368574602295,0.06462550189289648,2.4682732330688086
0.0229452754728883,0.0763367057069478,28.204491871632513,787.6904100297131,0.05989401443598502,2.1063924039348727
1.2143369245250515,0.07725524877580722,29.304161155515324,758.7995556645271,0.0701620534983364,3.1699322432788444
0.11215118490688183,0.07347092371940735,20.932904881122496,360.4621104200702,0.07732498338433938,2.986064994771372
79.0837346541881,0.07363916184248795,22.84751164383503,126.50370609392593,0.059048572303177393,2.6875081050386913
0.01952702589600131,0.06946178492300176,26.58979700593988,256.8148658410202,0.06240960518938618,2.6371212818252165
16.510990244622036,0.07061584697231353,27.398981592005164,305.44894855277204,0.0699184624528136,2.8224096742978615
69.75974869515034,0.07723166346394932,27.101332655033467,12.31536376235374,0.07220651603001108,2.394822527778011
22.650770424098354,0.07769074968295209,28.829831326728385,95.5607977284264,0.06624253918236506,2.711014482391839
552.4106374305204,0.0790085281586023,2.145460490867711,117.95096879980821,0.06840892020298997,2.680720679205997
327.1979649808577,0.07834798115955935,9.46688301639063,329.10415110007557,0.06116290526422216,2.28409496234666
26.555157476711265,0.07447887880644645,24.53828466095044,733.608854231899,0.0710970353330449,2.3432498157907853
57.55645922334706,0.0751799395651142,19.91688661375845,324.1590650723091,0.0673638057797736,2.7804519297964587
0.991620863768207,0.07677356630928583,29.5315516248084,203.00425169394896,0.07712171873454363,3.9466816265720843
56.221701562380176,0.07617711094327129,22.990187181368107,281.4165897215541,0.05925116291677063,2.2216895559159378
49.91214594926098,0.0738967234710261,28.39456049358768,256.7019026519199,0.05522097910239157,3.825678905777537
1.007577302854105,0.07507893880465463,29.528124318331706,351.28918542431666,0.06805701479306209,2.881457948856246
7.329377164625372,0.07208627288442955,29.620251188154434,353.29645573511493,0.05914979678403545,2.0328407818675123
2244462.7530780733,0.07322850163223375,28.553236758078558,659.6759642618906,0.15930328886396303,2.3763701774773076
21.258602074763125,0.07460422730960548,28.553835850802304,632.5544789263768,0.0683029341690328,2.472625839507333
15.20812529403015,0.07421889769814251,21.915375161013678,105.52965430140648,0.07751811034792286,3.2373348360617045
412.6765101164773,0.07428571295064575,9.984452397922457,502.8106132870114,0.05007887088997784,3.21766540085124
637.1903085134194,0.0746129428637498,1.509648884037862,450.04273687266334,0.05674918608789889,3.3818484367884434
133.94294790322044,0.0746294387614458,22.988733084473505,127.08295063343701,0.05443744426666261,3.6497136194747433
407.1471856897719,0.07797271758221419,2.2255798214572913,568.6333881397929,0.0743524892200021,2.771884832431231
0.39139950997027173,0.07259948880593274,29.665511451434412,254.12163833885336,0.05975542249444657,2.4502401397749023
3.4160052324749888,0.07334586881514688,29.734306328430463,232.52816592171735,0.0633259995176127,3.269524460746622
1.6158509831761512,0.07518439217184557,29.162422884764524,179.38817796148402,0.06562257396143459,2.593987359273836
357.61843148653605,0.07892768523240862,8.13779845643065,256.24053479601025,0.06946641643899093,3.099045828043999
14.490252442852128,0.07257123410711248,28.958563556222856,490.46134239375806,0.07295701082341258,3.744214371965002
0.20218412681591014,0.07408303083257631,27.51330381514659,273.87348774963596,0.06514187041422456,2.453684824908496
7.897317158867246,0.07316163876465281,29.629718563360157,588.0269160348557,0.058424875481520006,3.2617477435844493
0.39108319175908385,0.0733950290656532,28.104559892311144,158.92942008777362,0.06316504047124957,2.2056663599922146
35.94720244914579,0.072340707839808,29.007522262398822,304.74040049763516,0.06907392007663574,2.3980816485600185
1.6266956147633502,0.07494650253762422,29.342115910109367,161.75321667165105,0.06465739647255392,2.485472069923624
12.67389061190497,0.07358978475431681,26.63150405524027,73.12399124964566,0.06976269932273821,3.0414071459130065
1.01823898526618,0.07421575210627367,26.40153140987066,784.0593299048633,0.07133359094391911,3.347596893769315
1.361020448849129,0.07352501911303208,28.90258155818173,249.4318186315951,0.06447919487949147,2.9074442370407807
17.569370006168356,0.07447188815768477,23.094351089832905,85.28158621532066,0.06931343221667371,2.205905826413373
8.109462414038763,0.07341507916853689,29.854374612482363,104.44914389150773,0.0653113773298705,3.6484010787409256
181.1506191935665,0.07675983468788708,15.557705565906272,152.4337542504802,0.06531431234914195,2.6349782544973688
1.2116635175979837,0.07330150908202365,29.453219942245795,113.21655179706318,0.06117030479725841,2.1488787985284437
148.10218704727635,0.07632286233177121,18.337147411918142,246.55953388015368,0.058043917103181825,2.319055917566133
2.429452091975168,0.07554029966355348,24.015667362835146,19.622151535437126,0.09135634788962041,2.450072443054263
9.683487631657202,0.07320376400094189,29.240634993832625,292.80157763878697,0.05837996511605942,2.8409109216764943
0.5294287951197596,0.07366492917978301,28.91512925248732,388.75820122191834,0.0648532713858351,2.6702480849147903
3.8408892163585575,0.07554374045132185,28.149976196113688,66.08270381975211,0.07393063733010222,2.9262165795378072
0.13944036824989528,0.07550176966641549,29.39844022248893,525.5109145390467,0.065758511731135,2.966431972500061
553.625656784449,0.0748738530335895,1.5283439732395507,244.38786803202507,0.06325422456630972,2.559800599130976
5.8146697814788215,0.07587658838908601,29.351525685567324,310.8371606522504,0.06537921927301393,2.1397271993291715
122.62675908426712,0.07478601554188291,21.55007614989813,133.61263000533796,0.06089642090818817,3.6066491754726666
0.024402559438685398,0.07480968700792769,28.204491871632513,787.6904100297131,0.059715639187565006,2.2341117828490993
14.868836796885148,0.07725524877580722,27.538722602177966,264.1196011016939,0.06355149333171209,2.49541285446562
3.385974368527997,0.07716281112938335,28.670542820088645,750.4221665723838,0.07001250889650112,2.862421404395839
290.54593362931536,0.078117844027496,10.322717763380794,456.34618367270616,0.0676818808967502,3.1089120262476055
232.65450077798522,0.07434623530715205,11.888371684648245,256.8148658410202,0.06240960518938618,2.459595551282238
12.111710684800773,0.07601792198320528,27.398981592005164,245.28816437873357,0.06159605589978215,2.313170940570326
0.7429858440339081,0.07529120051056976,28.860672630920632,554.4424111912954,0.06351884260596682,2.3887762905785372
0.8508703070096357,0.0724472123547722,27.582098692142644,453.7330789699622,0.06540878354475171,2.7322205136609066
0.7050590157762429,0.07285592312656383,28.37036926404273,283.9753901003394,0.06337277762547164,2.3581570186173604
7932040.228500112,0.07814998915212656,8.925960604736336,589.8908913632658,0.3340223978044035,2.7613561884240805
10.43872792469779,0.07436373815121469,29.61686120658811,742.6925519146259,0.061599143835913556,2.1838783824328525
1.6099366373967938,0.075756135390907,28.613433354564183,495.94373375306276,0.06663689814516346,3.1029378791226607
421.9404333354969,0.07677356630928583,8.045283193100396,261.9414560536334,0.056056166202085284,2.459595551282238
0.04095990576655018,0.0742470697234871,29.65370255267274,477.5646166711891,0.062240958722509815,2.6474005097636333
31.82528041879014,0.07433148933001332,26.25747883700826,414.79967810431464,0.059936993342124545,3.103885674204114
24.45305397627021,0.07361857759226474,29.528124318331706,24.083851275593872,0.06616243236941641,2.8391853243409075
0.022375504807608332,0.07542920371118841,29.286954743819827,382.86826017478455,0.06478404573557775,2.597260208830124
9.703109591958732,0.07489526659503232,28.553236758078558,202.84238203040354,0.06453783233575791,3.0281446587264993
0.05778574998323569,0.07498535822815319,29.16733143089577,324.89862907751024,0.06329057642859676,2.3390508800721097
1.0933125591265311,0.07662884128034678,28.82393096783995,305.5945823469975,0.06360673142010415,2.2981625560931773
7.0037834823052325,0.07342483596114124,29.52290138962133,439.12440492611637,0.07130492660152929,3.5862070702774105
40.2788356000335,0.07812618161417881,24.59429250377869,313.28854711092936,0.06902645775773403,3.3818484367884434
83.40254072877394,0.07687205914677954,20.59915989456516,405.5695690338629,0.062124257415212325,2.5217385750774013
13.369058088156429,0.07734729220887424,24.895492852930087,319.8015595479103,0.0743524892200021,3.782633728055715
2.778854095688259,0.0744980775503044,29.665511451434412,128.9832343544768,0.06305908638708557,2.394053208618528
2.0175942199897654,0.07315332728391089,29.194603692335473,148.7652563994024,0.06199098081817317,2.4461984087482467
9.794825119467136,0.07873432876447306,29.60473560252916,819.2580578168781,0.061764717348578524,2.716303272696791
82.46500565698672,0.07982802187809189,21.470008583553998,375.5057906096187,0.06691554539079003,2.8697778202368625
12.24703767380376,0.07025775395001256,29.900872926744587,490.46134239375806,0.058485912373221066,2.2217217977567403
0.35380051533255397,0.07408303083257631,22.60196779092211,328.0431699491171,0.07220146054071691,2.438026567421979
73.59129248696108,0.07831079564547735,25.05078520050363,314.4442706001996,0.06228546536243651,3.2617477435844493
0.19028321546516827,0.07148461420518858,29.281927390015923,229.63848243512888,0.06236493315304739,2.6360616747018364
569.3452337274875,0.07547308423376643,1.4665492420186474,191.75770133374937,0.061639885976594505,2.446742247030021
2.143854603048516,0.07861583512224679,29.675485462747265,413.8045026926272,0.0698102959147735,3.2797864562512675
606.7227474216929,0.07083017775207877,24.53361769485072,373.7499092066031,0.08473578054419259,2.255450476454066
122.04143321068923,0.07467824194760207,19.107193889793393,66.62109043233488,0.06878090238617432,3.328628467874541
126.90501715447834,0.07348311260280219,28.947194525778514,459.5911668957158,0.07091253753038429,2.147214370343884
0.17188241150612876,0.07924140838352961,28.947194525778514,190.43794290281534,0.06931343221667371,2.147214370343884
594.1248512550593,0.0711450224649888,29.854374612482363,865.0430643412893,0.07240750080267508,2.0183687325720676
0.17769214274398323,0.0738251290585461,26.777451246231195,562.7924271389661,0.06886682226873006,3.0551982647021214
142.4335838863388,0.07293503034579442,29.39595898520582,421.7998718593516,0.07217534252150029,2.248275230911604
43.679868483337785,0.0763170032367164,29.817037450387197,545.6100038368403,0.07424258332693559,2.7972701844927093
36.920895646454156,0.07131064372891828,29.404615132011216,19.622151535437126,0.055315440194075666,2.450072443054263
47.82958877067236,0.07318719613256902,28.083156104005482,778.8051077747887,0.050480711331579886,3.317284284452702
93.98863985126242,0.062416543490456354,8.7116278742536,730.242801638223,0.07175914154726837,3.3310254925885934
576.8365788793388,0.0748154331559705,1.0248896023820429,253.95830716373845,0.06133185759099474,2.521051213749769
0.03368602875568995,0.07499359081505241,29.722853073103423,252.90707959331854,0.0628324036661933,2.2737863123316684
36.065147177298655,0.07469918734174907,19.794109741260705,676.6199718514339,0.07140113412612936,3.400653332253934
431.9941920769663,0.07481694735747747,5.86444394180652,615.2137031217827,0.05850735225981696,2.54563222693975
8.807997962013037,0.0771931624302101,29.794562398686125,508.26022142810535,0.06694677391949277,2.3196142637378196
1.1672077466706148,0.0763367057069478,28.204491871632513,382.13294131294015,0.05989401443598502,2.011882116009053
370.90794478200905,0.07479481181015332,3.3290524857086456,261.00908905928054,0.0701620534983364,2.2938994555826038
0.24691674393988122,0.07834878978453928,29.159971570456435,756.8527267724664,0.06970434082090593,3.2579343924063733
1.3019652860945201,0.07295928316718268,28.414142965155904,569.3632504149089,0.059622192092144644,2.187665370780656
6.353801305418568,0.07378136360367435,26.9752136703816,466.0313518755448,0.06240960518938618,2.769538071592587
38.285369567141345,0.07501699488479859,29.521737913192382,271.85925029281105,0.0699184624528136,2.1795105853081167
315.3021382523203,0.0734941211658012,13.230466476746308,10.566962611821282,0.061970883341611605,2.445395637703332
11.638684304593724,0.07435765384228879,28.829831326728385,265.8964905656497,0.06422393499790394,3.72234608914415
75.11480342750195,0.07707353589785813,28.37036926404273,261.7677290538494,0.055315440194075666,3.6999484706100536
14.607893870024924,0.07814998915212656,27.984896849284244,251.13265539389863,0.059569797331550184,2.0221410591346896
16.09948770280128,0.07505435287544661,29.479421240557734,203.99046012725614,0.05713799031619193,2.393727910930923
0.9093848284140353,0.07566180043816151,28.613433354564183,327.63291739739503,0.0703188921156788,3.503130997155905
157.40028361509758,0.07677356630928583,19.331137599478716,762.0517281526513,0.06082513951637589,3.9466816265720843
84.1763586663851,0.07639292742272534,18.985264585196113,477.5646166711891,0.06481126077654484,2.6474005097636333
470.90321996104564,0.07677661670317866,5.3326099837007686,153.87400961930297,0.062261174044502265,2.592789708467052
0.8723279593447182,0.07368256700089479,28.292757363279076,212.01696903081194,0.06492871737092043,2.619046529326688
0.8653109864071111,0.07533839707462459,29.317079334349977,534.468737560543,0.06614984657106021,2.7443323941363977
6.446331202076283,0.07664883582077286,28.96758376404228,301.42643444916155,0.06294243116073753,2.5344689093084436
2.39919023711857,0.07477804721922313,25.89194606153217,509.2150210331047,0.06832033696618542,2.4335406280111718
82.90204948681897,0.07729419134757454,20.62183156799426,470.8043191782798,0.06037993705426714,2.325476377058649
4.717249006909281,0.07533306436838248,28.87776924723461,343.0598785382872,0.07130492660152929,2.9118928104523447
4.971342090908414,0.07565295850981368,24.59429250377869,557.387696033601,0.07020585881166524,3.0795644482341333
240.9829549900934,0.07643902679168925,13.660875197968942,628.2998102857664,0.0651894013901225,3.916212616453226
213.67696527682955,0.07344636306534702,15.291142605177338,932.4737680900589,0.057804450650665695,3.5686625293308447
240.98235624728886,0.07717459283392149,15.764928667220255,39.706496558713866,0.06305908638708557,2.4502401397749023
429.991849356633,0.07226450828935344,5.954406234694909,283.13019789166583,0.0599375825742888,2.8742728433158216
5.323410646055468,0.07671209521614136,29.60473560252916,819.2580578168781,0.07045169048914388,3.1340010184306357
17.318453923733106,0.07892768523240862,29.58074345354366,253.22233402838478,0.06280663652679233,2.57149681628175
25.313480206139083,0.07659809582871392,29.900872926744587,149.0454996037546,0.06390294598825863,3.744214371965002
5.185645945569917,0.07408303083257631,29.691928787709998,548.9619424388299,0.06355759603868005,2.436858744521052
0.40086031923175186,0.07512840536217191,23.46874631830309,355.2485781803698,0.07096542904138076,2.34520569272277
275.4367956688669,0.07558524659538872,8.46809411781296,484.1994288867299,0.0697291412220028,2.9023802044197993
22.893441260461472,0.07185337762380312,29.002632939898632,541.6429505790093,0.06907392007663574,2.9499839945040636
402.7473451373555,0.0718313565295758,9.030973550924369,14.693265620454383,0.05832494642927566,2.2440430756775807
0.1222737723611857,0.07626600865307025,29.773169250824694,146.7384363005841,0.06976269932273821,2.5522054155448397
102.8668464819192,0.0734892795425395,14.63990906626224,653.9594718939561,0.06878090238617432,2.9269790775095634
564.8143427284936,0.07544453234790725,2.0306502676640807,399.9255188146638,0.061410094776796625,2.9074442370407807
8.993218733858278,0.07924140838352961,29.965191972228496,173.55265880691184,0.07023062609295133,3.184711653923512
267.1107317775942,0.07540666173115564,10.32432181572876,183.5807202423215,0.07240750080267508,3.6484010787409256
436.7364029160227,0.07379598278497651,5.607514868552139,165.2617975278061,0.057233275211069995,2.111079089305456
34.32574959720411,0.07494526034297745,26.258089909267273,213.11414581534717,0.0596295749114035,2.5916894681279015
63.237545035362906,0.0767164803280585,27.86468467018387,94.04154876964077,0.061794131209660125,3.8858054523081647
930.6487339918474,0.07554157130721637,29.70787613371713,456.2905743409055,0.09135634788962041,2.684683902122316
0.04017786793712661,0.07479269967593608,29.21197694853436,398.68694913370814,0.0643282814159131,2.5942356275979277
0.6433496391908253,0.07311661722750468,22.985036504992706,582.2158055196056,0.07354739609701136,3.030496766653835
0.09835756591761446,0.07356682751137619,28.149976196113688,435.76033562379956,0.06979001640929883,3.585957160736797
0.7738975540536898,0.07214807440521691,26.112351361681313,744.7798002559169,0.061136152030987906,2.514960916777492
0.2904456937127973,0.07512647891402238,28.84360851332954,328.8737083945956,0.06368558094648116,2.272659962220687
0.21870848081284738,0.07623447118332125,25.468083195899418,206.27016644155185,0.07390330512027049,2.54563222693975
0.9550321796982315,0.07094827948542776,27.39265906453907,126.85709035969307,0.06318419093712305,2.442614849961323
125.03482347537896,0.06676513257331125,29.54374175805927,310.7607557562526,0.07129962997175096,2.931242429919109
26.71774140168135,0.07563577172795463,23.22077124688034,352.8043252789653,0.0701620534983364,3.374634331367304
23.042591645488315,0.07716281112938335,28.818727103232526,259.16743580855825,0.06312063868320142,3.096492490985019
88.44923363483193,0.07273124267714048,28.414142965155904,9.629301591896535,0.05223697080934522,3.4397043352689938
128.6039953231968,0.07756201905983176,17.815292061735676,609.883908018414,0.06240960518938618,2.61295563581007
3.985698430756211,0.07568531727729934,29.613756718382678,99.47088980660561,0.06635593840963377,2.4854898102881613
11.175780469770196,0.07604001305008445,17.494121601971077,751.8711869029373,0.07220651603001108,2.4233191720418152
156.68934170917743,0.07279909145896324,18.951568190475633,72.96136435945147,0.05678488254070671,2.5616259381078033
0.9316868503215541,0.07706075384883047,27.470538745735922,174.98963498070407,0.07351822242415462,2.9290044184036113
40.92773688100237,0.07346079377471801,29.89843093492278,275.6098134812439,0.0701011721308909,2.3794768183550414
49.68325013805422,0.07830573734237413,29.479421240557734,426.69845889948135,0.05233356681003429,2.4299682715196904
17.547654851813288,0.07285542093712385,27.35098944001067,332.34860590824127,0.0673638057797736,2.232479695854442
3.962216246027433,0.07380398234181901,29.305159231001532,842.0515335776536,0.0643821906859896,2.7302904961203276
8.288603663662437,0.0742470697234871,29.65370255267274,70.7780607246986,0.06542867592176843,2.736608185453715
648.1411957847166,0.07243005598494241,1.5339968726451616,391.02922349633417,0.055467776751524644,3.670608060112964
0.7319444364356,0.07421349579067223,29.528124318331706,422.0528580806507,0.06123253742035359,2.2759061910809897
5.862434516379844,0.07780101770832921,29.286954743819827,292.65174416527407,0.06378739849615017,2.472160127021674
14.106886180396677,0.0734631506192637,28.553236758078558,394.98402604317675,0.06198911974651641,3.9299660096425857
17.047729819017,0.07280759191175902,28.90329113826938,297.4418329558454,0.06832033696618542,2.4847753991896617
2.0285322928694693,0.07604057847418554,23.276390931749688,856.3426117937665,0.07811173992274975,3.430903057972377
8.240073220857909,0.0713813386074051,29.459626360984316,40.8622597188658,0.059677165827223294,2.141763005999593
12.30721899455369,0.07812618161417881,26.822437568521913,364.3186849212563,0.06752828944851369,2.8277941637736603
0.09800564749323434,0.07094226953207451,26.968809929044433,150.58456592016375,0.062241179840496486,2.2043420921921326
0.5590976623806625,0.07627974468191724,28.84916895334169,229.35310427750608,0.07202316201800846,3.401667007635739
0.7474820181372623,0.07271423670372726,28.014883983166627,294.1782949996089,0.06082505335964755,2.369111131927713
300.331098539839,0.07501526932814294,7.998161956390874,343.6472315431798,0.07153634584292187,3.269524460746622
11.110495979367057,0.07873432876447306,29.60473560252916,191.6650376158707,0.06779993684511817,2.9528787008942583
26.963644828277587,0.07237047076227186,29.58074345354366,409.19188794504566,0.0748697695988435,3.883410952442731
0.017826609504038145,0.07459287660552054,29.900872926744587,231.15592287762945,0.0636652371907557,2.449545903655996
195.09508261295656,0.07408303083257631,29.612107290954967,459.4638188013761,0.07522343795281305,2.3227006684172515
5773328.787407633,0.07831079564547735,23.87547759059123,511.9699794420652,0.36263939303058634,3.2617477435844493
235.0168719169566,0.0776212126760291,10.227413076956719,274.99486341841396,0.06785063612377054,2.3360688700863794
11.57726372481605,0.07547308423376643,28.440136933329644,106.42421706083059,0.06189527328282038,2.172810523889551
0.417001250803978,0.07667866857011733,29.432911356084276,324.1175186505286,0.06930075030873092,3.1368857166130493
63.29079183663949,0.07595743576343397,18.116752459984955,786.8081055704961,0.06976269932273821,3.075713383677961
9.992883281909663,0.07277393014272128,29.032931578309793,784.0593299048633,0.0618276793665859,2.328684990401771
5.396497567872274,0.07436096369657658,26.117966315316004,525.9499963283367,0.06033120060164898,2.2776926518680276
5.768346404695043,0.07434756515428864,29.723177951106123,510.2473920520436,0.06027360298245368,3.0602018357553176
38.25253875614045,0.07854405643325593,26.278223581401516,67.74504059615833,0.07309395127526475,3.212074861422596
11.755320879421536,0.0751526537010482,29.888704949795112,878.3175366998197,0.06014643696376393,3.6538563493097387
12.186590177949565,0.07922735975676382,27.291992873388594,421.7998718593516,0.0690221597958478,3.0539360496845407
24.36410341171025,0.07503383242115794,28.77640711015218,403.3292657920051,0.07424258332693559,2.9301569556421407
401.02867223451153,0.07306283375597128,24.015667362835146,303.262556028144,0.09135634788962041,2.823382306510278
1.641898656259175,0.07479269967593608,29.16402842552293,391.67235673575715,0.06200556983769018,2.5942356275979277
25.072819051698357,0.0780084072805335,28.91512925248732,199.47527181727042,0.06004361934009453,2.3629992544099134
6.5087654209614385,0.07503383242115794,28.149976196113688,479.59640892005814,0.06635118260168799,3.585957160736797
8.271186302797034,0.0736655302219818,26.112351361681313,237.37802366176777,0.06050791668706773,2.187454656030594
0.014193301540281205,0.07672088199532137,29.727062393829822,625.2362967452709,0.06734538386638678,3.0519837813081887
189.75051097966409,0.0645193880349739,6.755752523822554,582.9836918226263,0.06726123010716525,2.7077560488146606
37.42826394444221,0.07309884309115323,29.794562398686125,577.0306315646983,0.0642520038334336,2.1792975560660466
5.5306296504942045,0.07545948195885466,28.204491871632513,787.6904100297131,0.06796674031963462,2.6858909485508593
0.017710505187796946,0.07497323710439194,28.889566844911677,398.12172752259676,0.0622656934176164,2.320573026943502
7.861171117550182,0.07437028390738507,28.670542820088645,476.73621415927494,0.05793024724269594,2.5012325972709295
37.664891889839154,0.07254284106567066,27.651412803371628,17.438690087607654,0.06503598878562167,2.4835340690218506
386.0640310383192,0.07375324706866168,6.191128656741618,423.7687164190145,0.05922722787969159,2.2637181790734884
5.567459037791649,0.07168323560670736,28.07644192096735,242.20405173016337,0.0699184624528136,2.9986295951223054
176.28513606192192,0.07597815448085057,14.238732473691062,751.8711869029373,0.06187557695801865,2.546613323359354
0.03660058201029319,0.07487310845662283,28.829831326728385,453.7330789699622,0.063814584408983,2.5122037036494795
265.1265632565418,0.07540493429743586,8.241038071587784,461.8700305581899,0.07351822242415462,3.2855336438691696
33.41169526664994,0.07569153236964829,29.7666353272395,276.73898373935646,0.05839399723366648,3.5556749330166135
8.007111804983015,0.07426424145168666,28.738770365230863,389.49340094730076,0.05852367072064488,2.536218427565643
0.21178821302980355,0.07713654006931418,29.470658647314806,384.7262846216348,0.0673638057797736,2.7804519297964587
70.66874229998044,0.07491220636402256,29.19571655941595,377.62550971908604,0.07712171873454363,2.8420888432141367
0.3518717734851564,0.0742470697234871,29.949182096505822,194.56347893459423,0.06894342355337263,3.052883115417755
3231629.501533399,0.07622276977405654,20.394533136396003,467.8661335889548,0.19618918739994445,3.103885674204114
1.9333934219909925,0.07696298618328987,28.837763599290433,513.442140674414,0.061438047184478844,2.2953584821867112
360.49279450329186,0.0732923859461049,9.614235757311313,20.75049558421682,0.06614984657106021,2.7443323941363977
40.10563262475681,0.07557185074926519,28.553236758078558,394.98402604317675,0.07432492915775402,2.6127894105590155
0.027964948361435427,0.07707655125277964,29.628519091863367,612.3825898899288,0.06695348199090229,2.866424014446547
7.133405782916629,0.07299776471052288,29.749134705074077,856.3426117937665,0.060017003585536355,3.9498040444367017
33.82178550328914,0.07462693463053208,27.34048787183493,505.7279291710437,0.07130492660152929,2.4231054648065515
0.07021081782625571,0.07401568334719578,29.719683780600523,270.86138833296746,0.06324497044381899,2.5866894058936136
11.22014687658146,0.07094226953207451,29.11466894510246,150.58456592016375,0.06501612656742836,2.2043420921921326
1.756579162762655,0.07547222245326503,29.623046051852434,133.77846978011019,0.06576419431142175,2.4791629310871905
2.5757865972757115,0.07497561407577912,28.253920169002782,472.3963459542401,0.06315852868639057,2.16329081804847
7.965195104761111,0.07788416770110132,28.81464832567162,261.48899007749606,0.06615856438384371,2.7219706970652067
204.08656716818706,0.07316138250633662,13.486425027028206,580.2184045731457,0.06119671200188831,2.9461741630861598
585.3128730987332,0.07892768523240862,0.7350816387670847,439.25079473077665,0.07036912345600727,3.4040437383327484
6.48038521036224,0.07668262691094015,29.900872926744587,472.59662288280623,0.0636652371907557,3.0981778577282215
0.05560411648068265,0.06880298090265499,27.83453546052376,155.13560225454393,0.058576550608697625,2.32055529033275
251.39683273383537,0.07831079564547735,12.855259668894863,316.96764604302666,0.0657170634180935,2.9649651667380965
246.84502346199326,0.07439805272454252,11.700696664393067,778.3255538267549,0.05811781318812065,2.4291461144088844
2.9715021905545282,0.07072240258583726,28.440136933329644,45.21841517349378,0.06907392007663574,3.2380155289098402
6.996426168086933,0.0721765501009974,26.201696965210783,746.6224392746454,0.06387205262605114,2.3050011447862753
0.20584381006534735,0.078505964303574,29.58881379326028,376.71777995505886,0.07374533315848858,3.746965883336782
26.06321315375093,0.07433366465221118,29.195744091426185,784.0593299048633,0.06609573115223372,2.3696222858340885
605.726531149592,0.07544453234790725,2.7287695539010883,459.5911668957158,0.058163836447505474,3.811388094108704
416.103586452323,0.06159519791158549,29.965191972228496,737.1599387515344,0.07448537088840548,3.969453200112808
32.16312093343649,0.07854405643325593,29.559373516486385,78.07240830344642,0.06736895236694648,3.204362787729545
0.17575611298310878,0.07664046749698594,28.57835551624074,547.9827217766978,0.07033006618858567,3.3915209078452224
17.777627352552003,0.07511523145872784,24.1778433900638,744.8058827420266,0.07007346262820885,3.953463276302867
185.26947318202133,0.07765890611785371,29.238044358977817,970.8572387360535,0.07424258332693559,2.251775456966996
87.94195592285594,0.07306283375597128,24.015667362835146,19.622151535437126,0.062209364233436926,2.450072443054263
321.14037404407514,0.07479269967593608,7.041001297172916,398.68694913370814,0.06643472010670648,2.5387293903846277
0.019650318280991886,0.07817491632712495,29.717441840134626,321.74245918693407,0.07095294325426665,3.0060984272448703
414.6215902165742,0.07826420010138616,3.7223862030486874,504.92187823775447,0.07393063733010222,3.0670110534131485
1.1332562464036193,0.07526316869517086,29.886812025388274,744.7798002559169,0.06666544436397603,3.0797415942495974
17.61207678296021,0.07082123877348383,29.613581062734195,259.4828607814494,0.05516522951990446,3.7175745122865504
109.50937937142922,0.07455282555673827,29.351525685567324,2.397644272602804,0.06122164820760456,2.6192685911769678
479.3594384965306,0.0722913153810102,6.430340493486774,450.0139153844732,0.05593089932967238,3.6063956763161684
0.3163637707213463,0.06799527004330462,28.204491871632513,165.59789871721898,0.05989401443598502,2.9728185713193955
11.934519584964463,0.07725524877580722,29.938919561075622,441.46682368006395,0.0701620534983364,2.542319570258254
37.334110291684745,0.07574345801616508,28.670542820088645,629.8883508306354,0.056706931128016363,3.3318598573089364
412.3722819035711,0.07124546821430304,5.808084575132245,167.34823861536773,0.05728483864800171,2.198740830126165
19.143938446816705,0.06946178492300176,28.724023081224637,397.304609378426,0.06178887921683371,2.3007180183289577
296.9559074096437,0.07446487048447216,9.497110002695695,504.26647608843365,0.05921251606569236,2.3327978925491877
571.2317952686074,0.07723166346394932,4.24288623396129,440.8434826160009,0.057113272829367456,3.6289512659310628
1.695693599810948,0.07190474837645738,29.64192578956407,453.7330789699622,0.05408867587925778,2.278502185352867
0.9880955941727472,0.06750276606462736,26.765855841567173,283.9753901003394,0.05895387893853224,2.4210163055760643
3.5582386790755773,0.07814998915212656,29.373339487094867,452.4683014688807,0.06243008447770387,2.3655751964777147
0.23932235106950397,0.07325269708444371,25.937934026327643,292.12885936890245,0.06941124164615478,2.9097121650410034
47.76205345205625,0.0732357734053202,29.189222398753188,14.735584725442038,0.061754044180842904,2.7804519297964587
42.393267927352014,0.07183246768582757,29.538062171177504,315.5403959497079,0.07712171873454363,3.9466816265720843
0.18645057074907873,0.0742470697234871,28.297944597403816,568.7291437296715,0.0645123782346261,2.6474005097636333
49.691849049417314,0.07712290574255695,26.25747883700826,550.8309831141952,0.05990241945285946,3.103885674204114
4.072269086272037,0.07727711811464137,28.66664099173867,455.684234477358,0.06502895777052714,2.1020743591645537
548.3348553565179,0.07566418423705894,2.0718650324074463,113.4227194293901,0.06614984657106021,2.6979429159637
178.7548421643628,0.07664883582077286,20.917938540698596,195.70727250905924,0.05599418801535477,3.5961078592969393
15.680129416316777,0.07594615816694138,29.60238601514099,57.4763471314962,0.06832033696618542,2.9946907070669164
250.90346317323454,0.07594727976101248,11.105000327579823,401.5346117860814,0.060761973163636324,2.247262473744234
16.66740104070962,0.07609061414782349,29.94014945736408,374.2011352097905,0.07130492660152929,2.656015440643214
40.214522120422075,0.07812618161417881,28.506455271601446,169.70547874591716,0.06395852051784326,3.3818484367884434
52.75523672455303,0.07094226953207451,26.00389212502346,340.59663581338117,0.06971749014071507,2.2043420921921326
0.17738086104122464,0.07717057424487067,28.7522265612685,519.5992930923051,0.06874799807416987,2.994811412349513
486913.31662286306,0.07260144736286475,7.291815240199301,407.7452918295095,0.1503824924262105,2.2304591983805335
51.45824540489751,0.07567188030304367,23.963900810522325,121.65536350479255,0.0632388469351296,2.4676360298401647
255.66620339851056,0.07403088397418718,11.710398224461066,120.10093267277244,0.06945730487164276,3.6748070531285326
0.018647898697073298,0.07312770555169743,26.237647977687473,385.77799882025204,0.06844755624821122,2.9054529487032834
488.72931198850245,0.07433862137282506,3.722509856049223,270.91358947868457,0.062339012029725,2.65020026309598
437.63399224807904,0.07402014052033225,7.543307271875536,171.15383579749732,0.06053986032837966,3.7694445659122016
31.167675645854782,0.07422270249926954,13.533243620497377,469.69280852858253,0.07096542904138076,2.107548147006293
11.868488152422723,0.07066210374641362,29.997060918249755,185.6225165276503,0.06785063612377054,2.9023802044197993
16.74124016258919,0.07738841904370519,28.440136933329644,148.56152295346806,0.06177516028450586,2.2028094523079877
82.11953701000829,0.07868040393581945,26.65400804892929,292.4794924847897,0.05828431705652734,3.2797864562512675
267.84320449374127,0.07138214588049115,25.05786907167334,723.88518659927,0.08366246789433818,3.092952010660018
15.985793966512805,0.07131660020574379,29.78557340506057,148.56280055588064,0.06878090238617432,2.5566074416621314
5.803627203669527,0.07300890873270655,27.005275062499127,279.06690976509765,0.07091253753038429,2.728592551557951
373.89073015820077,0.07208919168533738,25.55327487004372,982.6979775576658,0.08451798828034293,3.0602018357553176
0.014799599339304779,0.07566393122998852,29.17417591475877,361.87946682402037,0.06505301241978823,2.5361796361062923
43.504937406129784,0.07967458618344285,29.9760934484554,878.3175366998197,0.05750560190480433,3.275862297548762
8.30631800746601,0.07649645412148762,28.781895909807233,231.01747500478865,0.061135411973136794,2.27001388082914
173.2492854951613,0.07765890611785371,22.485931953711635,177.31368729952948,0.05222654752842851,3.243159665262538
145.08532317045382,0.07989900866851699,23.046971805588313,19.622151535437126,0.07074552990616453,2.988874452762092
8.500356025912964,0.07479269967593608,27.370295857582406,161.87342488719622,0.06360022473000637,2.3951699990185555
0.03015100553760832,0.07661585135600697,28.91512925248732,545.0255300970659,0.07024652235748888,3.3807055564552884
0.2749688947955098,0.07317519012037949,29.025865342382133,236.538645635869,0.06368941274310022,2.6654622963482244
14.501139797331774,0.07459695308706023,26.112351361681313,78.94814480601809,0.06794358417134608,2.471091793996943
56.29236843079352,0.07584070735238088,24.546095989324414,688.9705430749744,0.059281362990980135,3.0519837813081887
70.10735881056269,0.07448019445648967,29.351525685567324,703.251245087298,0.06529930508303225,2.01046897394534
7.539015543724624,0.07266866789095582,29.35943810604862,562.4181521356359,0.0595994493463545,3.559713354941594
49.144755756363836,0.07382508368750443,28.204491871632513,215.35180097300986,0.05551899626239734,3.5259479641636107
4.712465576316831,0.07725524877580722,29.502346515838326,947.5452146396042,0.06531657072390701,2.4397677726919373
368.99041956641986,0.07485644968686715,7.617011839640652,319.2475192150399,0.06075772787755465,2.4979600621455944
7.734419361689117,0.07791447848063716,28.414142965155904,396.0787148713691,0.06180347394494279,2.3024360331220586
0.5701172132162913,0.07369964731907441,29.719351217657554,256.8148658410202,0.06240960518938618,2.6371212818252165
54.234433590004784,0.07437761351105945,21.85164414924531,122.15577299449359,0.060443798428121615,2.008690515439296
2.9565939473159366,0.07723166346394932,28.88936606624301,366.78308338747246,0.06722796301681422,2.918948599050086
7.605886073969518,0.0733936372148677,26.742350078686783,523.0094344165431,0.06625595641705107,3.72234608914415
0.219551690914995,0.07263957849447909,28.75978371587599,265.3780521112228,0.0677355120929968,3.5986868448104987
333.1888738741941,0.07144245251247415,8.61603384391925,41.298454538434385,0.0701011721308909,3.4388626840407506
2.175299516375257,0.07535225249830672,29.479421240557734,742.6925519146259,0.0649784423243907,3.437722102851649
0.2007350870948959,0.07496527112642161,28.66469970262795,406.54719427534064,0.07067051474501629,3.795342097184812
72.23376384216394,0.07251000382743115,29.610460359797123,842.0515335776536,0.07712171873454363,3.9466816265720843
1.5367757550803804,0.0742470697234871,29.65370255267274,461.124387295611,0.07067051474501629,3.795342097184812
13.649957060565207,0.07417801444250093,29.971180284432428,550.8309831141952,0.07000143767046119,3.09013577695951
13.668809005053912,0.067958428741318,26.494438276520917,823.0067835058253,0.06805701479306209,3.5201296995608153
2.1062888358505645,0.07058462498207575,29.286954743819827,451.47834061457104,0.0585170239627123,2.392167894093957
447.98743017347624,0.07664883582077286,7.902066792565311,394.98402604317675,0.05963401714526506,3.9299660096425857
254.35801305502724,0.07549553508201011,10.009427009457426,481.9024814568197,0.06832033696618542,2.9946907070669164
52.858956040987934,0.06932969325154029,23.21348411099933,436.21634004480205,0.05849389221410978,3.9092082169029876
0.3496289052714028,0.07399334936703125,23.779402648092642,654.0325757539202,0.07189831858840365,3.137899750876522
14.750007643388962,0.07353787111812472,24.59429250377869,344.044466421414,0.06373309024884946,2.6678695787987348
10.461226710108953,0.0715606152674724,26.968809929044433,238.74450014140984,0.055599069899050446,2.2043420921921326
55.89234999330738,0.07517186292912234,19.166737283727215,604.240733960922,0.06627870753896756,2.70684678890153
117.60821684103243,0.079245070158872,19.25587019491293,181.8554327939475,0.06665909113352245,2.5733565372797367
3.9866614377452345,0.07315332728391089,28.91020546824689,421.54157519195786,0.05816638561435922,2.5548362752837432
12.481421794433391,0.07580850720615279,26.576805222357745,627.7722503397943,0.06518946299083267,3.1340010184306357
20.062865578939505,0.07312770555169743,28.091125064914035,642.7051714096024,0.06910018121852501,2.7133620646181598
23.872206214230523,0.07484738242442304,29.681944827029618,30.4485426942465,0.06419760060997326,2.3589588329185713
187.8904178588194,0.07284490496236076,24.349029213845615,671.7262820101093,0.07522343795281305,2.181332532544841
26.583190546682182,0.07434839264584504,29.807083764576163,511.9699794420652,0.0643007588616551,2.125158085970643
0.02870109830085609,0.07693041386252239,29.281927390015923,484.1994288867299,0.061746647583612535,2.148944070395931
122.07403405612064,0.07547308423376643,15.262411294651514,541.6429505790093,0.07017902096218206,3.2380155289098402
0.31994441924884554,0.07820731653379168,29.675485462747265,737.1944950061818,0.06899346316469102,3.277012222093738
232.5816489248695,0.07656648327452442,16.694009304581343,66.73508831683637,0.05796018017604568,2.465775904727754
24.29800443900838,0.0734892795425395,29.35093623475176,568.930827470343,0.07024557984734534,2.8920832997333106
0.8037689504622374,0.07561705891852752,28.752288779988955,294.13325199559085,0.07028750561667352,3.446948845855226
337.1241448662349,0.07767337093462226,8.612735436040351,560.4879154226264,0.06657520334141695,3.0704833808755607
13.282831481861141,0.07033364442355564,26.307385809151832,555.7904483264521,0.06419857064896387,2.3348078076264507
33.89460431024622,0.07895668390893165,29.3650672329931,466.99324062565995,0.07363289857507047,2.4088886452426013
180.43851207181547,0.07620706754933855,20.941738009998883,514.8258162639798,0.05349131323670184,3.953463276302867
430.122441536517,0.07443290134241053,3.858669474086412,175.14266563397342,0.07424258332693559,3.389396375549712
38.88281925776264,0.07306283375597128,24.015667362835146,455.6815229598368,0.061342696221765164,3.253143706996095
0.014063409243047333,0.07479269967593608,29.619158918254456,614.0625894087982,0.0643282814159131,2.910860336810561
3.9052765869299204,0.07274057306753269,28.109486123020723,582.2158055196056,0.06830857173490429,3.124161350687701
0.4609940304623668,0.07774780215222057,28.478480526306434,595.2884121577183,0.07393063733010222,3.585957160736797
311.5509020715466,0.07214807440521691,5.209314177588251,639.7729736214889,0.0748437933570944,3.5246530161138088
3.4947053015829246,0.07540499563695675,29.727062393829822,935.306774189221,0.06135067882215467,3.0519837813081887
2.207399433925485,0.07384111871618093,25.78394105612336,310.8371606522504,0.06589458492446104,2.54563222693975
4.4466785851602655,0.07434767186859484,28.242071240606467,402.05101014403374,0.0685627761230111,2.6694201286831296
0.9856876775777359,0.07746825669440266,28.404344667668248,430.80937429950524,0.07500343554286759,3.5149226111634757
3.482181414410895,0.07725524877580722,28.889566844911677,159.52761038674174,0.0701620534983364,2.1412226510062378
0.11129320289001066,0.07895713280268482,28.670542820088645,838.5274197211236,0.06956156715964934,3.0262926689590124
52.234060069527025,0.07458144919811076,29.14106591281396,678.9085081259839,0.07003206733987852,2.4560909742698165
0.5811407112939342,0.07207947036078483,26.217870537277165,564.4803581413335,0.06240960518938618,2.5754736117912245
353.26282834763765,0.07487982620275177,9.891766315945203,395.2953779534728,0.05535039486762672,2.545197258599786
39.67015184279558,0.07255130280163445,19.480527319217273,344.79860554158745,0.07220651603001108,3.713012793744518
42.14547240714765,0.07837525758467881,27.46420091303942,468.85103785918693,0.06397334720335285,3.72234608914415
27.066058057504158,0.07707353589785813,28.37036926404273,490.804499074847,0.07351822242415462,2.5681121049129363
155.4705348932148,0.07747890153210207,15.176100676976956,840.3757955003146,0.066118799955284,2.933325453892861
0.1974877494877904,0.07830573734237413,29.479421240557734,867.7620877850222,0.0710970353330449,3.441257270268089
7.143782603175625,0.07133700384430426,26.843643045035655,537.7930548395777,0.0673638057797736,2.7804519297964587
124.2176415519371,0.06752059751327556,10.683022441750984,956.1531080526793,0.0725867302138973,3.9466816265720843
0.10378856908097192,0.07441754246317978,28.391450963190223,668.3915498458774,0.06579202275062804,3.0667488332305495
31.063141998466143,0.06444767757854632,14.832951131266505,942.9388831616864,0.07000143767046119,3.792665236991059
0.1303087191776917,0.07218273784784172,29.528124318331706,170.87287567717834,0.05760455208960211,2.0358209007928387
1.1832554322103905,0.07504703188429193,28.38164578358232,353.29645573511493,0.06825623472323517,3.258011240683439
296.52955739274387,0.07934954620795659,10.891600176272764,394.98402604317675,0.06917740287687021,3.456210829021177
495.0913005772587,0.07654666168767404,1.6024037242554972,925.8334076080707,0.06832033696618542,2.8014435438600582
12.782038927838983,0.07662884128034678,29.945118445960713,527.1131757285617,0.05530721137812514,2.2746213391185357
0.9485047315019013,0.07375066994982771,25.874768752340287,787.5325572167036,0.07130492660152929,3.3169196344273475
83.68996039370549,0.07099613477733357,25.49696090974708,363.82355622663454,0.08121400331776288,3.3818484367884434
30.642377717819652,0.07702689165441257,19.86986088005471,759.2741409584096,0.06468321562847335,2.2043420921921326
10.90098735549019,0.0781866903572668,27.67792153775551,677.8515768947063,0.061725854655346635,2.442336205689046
5.572429071275772,0.07513696214224347,29.104991381040527,633.4757793343911,0.0643282814159131,3.546211573189436
1.991268865551334,0.07315332728391089,29.035870340364106,761.2000830022656,0.06672268139500828,3.269524460746622
5.0687563607245085,0.07873432876447306,28.973914297603287,819.2580578168781,0.06816489387067826,3.393481684143396
419.98478252246593,0.07312770555169743,3.9394516230920154,385.77799882025204,0.06844755624821122,2.9054529487032834
5.111359585223556,0.07459287660552054,29.989389419339542,584.7909910194924,0.06366097562086548,2.449545903655996
552.7116136614875,0.07526997296465505,1.7695182475794482,890.4665925782181,0.06226389382280245,2.950792254909241
0.1880003207561227,0.07338229269908199,27.514773669931664,511.9699794420652,0.06482218608877241,2.8226227017550785
6.279024667867446,0.07676564747277378,29.047870825592454,503.54687924300146,0.06321618759516445,2.8010828804150414
2.672164085039864,0.07278189340570797,26.47964074117484,281.1602762498221,0.06907392007663574,2.579993433508757
36.09370373785117,0.07455784705749918,29.675485462747265,805.6539065675154,0.07029341598174399,2.7696691947841847
8.976720741108256,0.07263494475907899,29.69373693497788,786.8081055704961,0.06524959115605189,2.898334320327786
2.119800702269831,0.0734892795425395,28.936809966516172,583.8130029361232,0.06838400726890184,3.328628467874541
1.3918567252640903,0.07590203472936988,29.10388549142244,459.5911668957158,0.06796568452757365,3.395028713054082
0.2768528152455135,0.07297607165139036,28.143290211984976,434.3236977187099,0.06432840296308934,2.667313891865812
0.031026499127439454,0.07391993599184643,27.932779252097355,625.5537611524094,0.06716199671176074,3.2256079666105997
0.017100444027593826,0.07467209748074784,27.939179589501084,667.7741006636963,0.06754922577257877,3.1149421691500487
3.9029341507487403,0.07451017065891032,28.781895909807233,484.937149206774,0.06694667175590949,3.953463276302867
9.846578483789868,0.07821574337678831,29.238044358977817,454.076024498133,0.06917899083160084,3.8858054523081647
4.873587054665919,0.07306283375597128,29.65299308686267,798.003112589338,0.06668443236950825,3.241635058272407
1.2729355398432096,0.07496427565004568,29.665511451434412,398.19434284378684,0.07226086510781532,3.9132673584388513
0.033562591151821364,0.07457762712331091,29.03358210363696,518.7845549310982,0.06510593003073584,2.9046524799595304
2.6017095016114222,0.07279294572328572,27.945737538845876,595.2884121577183,0.06465640468015521,3.585957160736797
1.834292178742337,0.07214807440521691,26.112351361681313,569.3996658566773,0.06490379241064623,3.055494739672478
0.014437839685172794,0.07366715791947274,29.680369016198707,499.67765216914455,0.06576505740755811,3.381931825147626
4.788602542144044,0.07589638195928379,29.351525685567324,734.3169205042452,0.06589458492446104,2.54563222693975
1.1907312396445078,0.07355463988514335,29.453318567457522,517.4986509750644,0.06092920043915909,2.3546912451713267
17.155283662782242,0.0763367057069478,27.653750494564548,572.3887776479777,0.06672393072566835,2.1063924039348727
0.13405738713153798,0.07462925919796613,29.30897113679068,758.7995556645271,0.0656752294237338,3.1057321194104546
51.22531642293873,0.07357547224483252,27.904071504614762,644.98940505254,0.06956156715964934,2.3730612872941554
6.419299884383474,0.0752974975711728,27.249907543859603,662.7130199846696,0.06317098702383875,2.8063698305749964
11.176126991756611,0.07635838870391978,26.58979700593988,752.0050918357119,0.06240960518938618,2.6371212818252165
10.35118699624481,0.07391008360432542,29.099606805180155,502.23485724469964,0.0699184624528136,2.9986295951223054
16.5352969739846,0.07723166346394932,28.220811862888198,560.3510781539001,0.061107337059247424,2.7067785044710733
6.4948209919843265,0.07503628765596544,28.16146956383234,478.85209210760013,0.06687122889962133,3.72234608914415
7.155467209987574,0.07891606315872876,28.37036926404273,925.2947503042856,0.06743262720322712,3.2544732237677154
3.81565119482305,0.07686747126599912,29.7666353272395,719.5276954753734,0.0701011721308909,3.0943681366077236
3.9798340502587806,0.07830573734237413,29.215838724048982,742.6925519146259,0.0688220732549942,3.5625957301843303
0.019786876135337524,0.07620841304413715,28.613433354564183,610.4141236078066,0.07007760317123354,3.3700159590480534
0.32826070812933417,0.07427836714850047,29.352133781016136,842.0515335776536,0.06530871690919537,3.11838086976842
0.3844076902870377,0.0745365335961665,29.65370255267274,466.9250958153308,0.06193388143681791,2.6474005097636333
0.31702541341546275,0.07472640540248197,28.695684773826265,550.8309831141952,0.06609881441183385,3.103885674204114
0.018075741112223407,0.0729330006384982,29.528124318331706,823.0067835058253,0.06294838960870372,3.262220046814166
3.2475160451274223,0.07455442468352688,29.286954743819827,353.29645573511493,0.061678648910516665,2.7106791819256406
31.737416469781245,0.07664883582077286,27.699558272455853,611.0463966572858,0.06301215433935181,3.9299660096425857
200.72717802106894,0.07654666168767404,20.114045211119155,258.83263873154215,0.05229051424301004,3.286811603106414
27.474478058279807,0.07586748993119335,23.21348411099933,435.7044667220117,0.06550002794120699,2.679337995696713
0.3673790991839938,0.07516803882597575,29.72543181768978,374.2011352097905,0.06449605542105791,2.799535003368004
1.521976362619459,0.07812618161417881,28.901744695144703,922.7825307450603,0.06610093737624656,2.914019529949115
38.73232937554762,0.07345201651461515,22.423322394135123,538.3100640725584,0.05999766505335502,2.5161302380281665
21.61510628410258,0.07190792780228474,27.67792153775551,343.42206344795824,0.07553704215194901,3.5686625293308447
629.571923491469,0.07479269967593608,27.254942466247215,396.21228844992896,0.09091449687993736,2.739064816279684
0.23755416122967532,0.07315332728391089,24.65784875122447,449.7637548883519,0.07153634584292187,2.9968032880779316
3.4591497270809564,0.07873432876447306,29.60473560252916,819.2580578168781,0.06912908825398989,3.643364174720655
19.917197404004526,0.07264012359023612,28.26812080786772,651.7815801246564,0.054776922457994176,2.9054529487032834
18.575351016318987,0.07570520813368531,27.67512429676304,755.71263520035,0.0636652371907557,3.736771993454855
323.1187763588208,0.07712127410278204,9.410409109986713,651.3268396428173,0.06843695777312858,3.7694445659122016
0.07585388769453072,0.07713090628508391,28.230948793571997,896.3772107661855,0.06580351054341657,2.606693353423011
4.740417140266485,0.0752647617120489,29.72689899361054,829.8111127195048,0.059953358484991004,2.9023802044197993
1.3081144703788175,0.07312722234517628,25.36986787333959,832.7689503096581,0.07289639214299587,3.6326178362472645
0.33637511262542497,0.07548460579798431,29.675485462747265,330.03553431292215,0.06763449086434503,3.1743681496403386
17.53482211701378,0.07794178896596164,29.69373693497788,599.5273752950595,0.059521755728079745,2.7403659741445616
7.004823351886841,0.07429276140408404,26.40153140987066,563.5202361589011,0.06878090238617432,2.496069961178171
0.21674112368350035,0.07527660874368339,28.88718682370652,459.5911668957158,0.06910229361389936,3.1779858322104886
0.2084739700285552,0.07598990775397584,29.114609433369314,687.2460414418686,0.06637583197475524,3.0602018357553176
0.5126057817838099,0.07526508980066152,29.864408890123357,404.6655164511028,0.06342779773998061,2.7202625324371468
13.921174533341771,0.07467209748074784,27.939179589501084,667.7741006636963,0.06054492211427659,3.1149421691500487
21.387027153099773,0.07576216960213952,20.40217007469692,387.3612861118623,0.07217534252150029,2.8071793397162255
4.863713237337874,0.07288360630975174,28.430084842958657,403.3292657920051,0.06455618163689544,3.8858054523081647
44.26246964976967,0.07798982774501444,24.015667362835146,960.9346873371751,0.06515634870672815,3.1974466471480505
5.752801421871453,0.07341746332722211,29.665511451434412,553.0406630751969,0.06305908638708557,2.4502401397749023
1.778895164374175,0.0780084072805335,28.91512925248732,507.8112452877938,0.06691101986999295,2.8087092194370973
8.866622196543844,0.07489017990965519,28.149976196113688,711.6892592855125,0.07393063733010222,3.585957160736797
7.6583277832293035,0.07803787338107784,24.74531553065276,412.85617576894094,0.07600919154815913,3.7671361630821747
614.7873611009152,0.07110315522943648,0.07075458204065477,505.9388455921143,0.05359186394106777,2.048840398803387
7.210761796491285,0.06955148816961194,28.163937738451693,389.5932329285249,0.05322992861370765,2.54563222693975
9.010412350736011,0.07106173217841018,28.08942441623025,474.9317322369161,0.06694677391949277,2.893355684258896
0.014794392021611818,0.07314970403714499,28.570742572712426,575.1297878224518,0.06440449023282205,3.0075330721972855
0.20733139633626832,0.0780192587848613,28.889566844911677,732.203132326659,0.07054506207159525,3.394757975200505
0.09797893336983438,0.07502763329592103,28.91640198873156,626.0691609376386,0.06468027038072224,2.7214067998170455
69.4055174415578,0.07791447848063716,22.901071095948648,529.3162610888742,0.061217426677230735,2.6289736075350603
0.026952415656631788,0.07186237077018422,28.978514859370502,319.3378246528422,0.06531865561951733,3.3845442363441633
45.11217510867224,0.07719221911889151,18.642136135051885,504.5989354877822,0.0699184624528136,2.563621383595401
13.141177530004347,0.07723166346394932,29.63240605226015,425.6002469672615,0.07220651603001108,2.705916163928113
25.61032958323041,0.07837525758467881,24.47261668426373,68.09713396906682,0.07458289690457223,2.487648428186392
23.68204141678523,0.07707353589785813,28.37036926404273,529.7498817135786,0.05489506362909946,2.195359658584167
1.3296129970948487,0.07814998915212656,28.344896441913967,434.21313921188136,0.0730213689417365,3.648389462276112
511.02469490110707,0.07830573734237413,2.253789799427933,753.5997854976896,0.07066912034119693,3.299439835440415
336.9884503372015,0.07051104567415266,3.3242849192162502,736.6911001431387,0.07080126057693945,2.7804519297964587
1.2507593352322919,0.07427836714850047,29.684105401579025,541.8968033305911,0.06976758487773796,3.7293071259880253
2.289183346389284,0.0742470697234871,29.554212434929887,686.2283754870053,0.058888977954088234,2.6474005097636333
31.426198634942903,0.07047834979081524,28.446854894015303,550.8309831141952,0.07000143767046119,3.103885674204114
232.44086022916036,0.07782800250307359,13.760655788069196,914.378316526309,0.06432807832948997,3.317788559259929
0.5825453654635715,0.07462580498330099,29.142300471819645,177.95902832961428,0.0674107639984782,2.82902556526651
76.43221086876424,0.07664883582077286,29.967264380124814,516.4950782124191,0.07432492915775402,2.513373099538857
5.434874236467463,0.07673249514231044,29.218349413788076,863.3110523358564,0.07135702688983023,3.2271809213809615
16.999180365972165,0.07258188983946286,23.21348411099933,903.945990462286,0.06697922762873393,3.630005388279338
375.14419094078823,0.07100115417839294,8.042457809718709,374.2011352097905,0.052992794340563365,2.371910963501627
7.811479813440382,0.0732107435385798,24.59429250377869,460.27519345915323,0.06637735549608531,2.9833300295842347
0.2760827281251519,0.07730093039033938,29.294074033299115,190.5389368649627,0.06626127802646231,2.2440265242962436
4.24334870294885,0.0781866903572668,29.118822608260935,340.14285942299387,0.06430148677582256,2.445481994300395
0.02882269568167476,0.07651584295695699,29.40923131889791,576.5701274921291,0.07038968542479165,3.5363150507154035
89.58651986462463,0.07436257211394054,21.193240817185092,498.6916834274718,0.060668042341615436,3.269524460746622
7.440971719810559,0.07532580217149475,24.78397796683942,489.40165123273624,0.06945730487164276,3.1340010184306357
0.20618741787824663,0.07439843155833313,29.599776589922147,524.8559275223266,0.06498660670875647,2.9054529487032834
41.61577302793595,0.07459287660552054,29.900872926744587,231.15592287762945,0.054640941021199346,3.670145810562501
251.1711301215123,0.07396440545076263,11.080009838304402,552.275823149328,0.06128175121199661,2.620976656965172
6.8543700909356104,0.07831079564547735,29.491784554729605,511.9699794420652,0.0669682004447544,3.2617477435844493
0.10004073912737824,0.07676564747277378,29.281927390015923,484.1994288867299,0.06785063612377054,2.972148836246511
0.31893830897052694,0.07551353052760466,29.61661986012646,541.6429505790093,0.06518726284158238,2.9906821661396514
0.057636952911574856,0.0747773707931748,29.051474375175488,704.907925773183,0.06564887914752596,3.126552646331999
5.142196622928436,0.07794178896596164,28.663355728489336,786.8081055704961,0.06976269932273821,2.6673907951988607
0.047779783683945476,0.07236135346506256,27.873665941159018,411.5228852557013,0.06366407021393572,2.682212383987516
530.3308970740779,0.0727796602220581,2.044497027678439,738.6899646781937,0.05997379235913616,2.6747115737933322
0.0762760641803173,0.07543230798744512,29.27522945813221,775.1989544365449,0.06618028575311427,3.1890715559470597
9.603539268091764,0.07656695452030411,29.548584596218927,679.0269751559749,0.06774683127734482,2.5361796361062923
0.025491540863604036,0.07504204904011909,26.62710189205618,667.7741006636963,0.06754922577257877,2.7649638731944655
18.39621805774085,0.07617762280915764,22.60930297166625,421.7998718593516,0.07217534252150029,3.244807726412536
54.13511109329259,0.07582883857497828,23.44823420907651,558.6485671007686,0.06102716581991524,2.830817776780524
26.368279066958237,0.07306283375597128,29.081141589607906,19.622151535437126,0.06504277082179216,2.450072443054263
2.9944268952589916,0.07456449365082861,27.986054203201096,290.61265998419174,0.0668625914817928,3.09359299516067
1.6251042409146048,0.0730395669504021,28.135160748193268,582.2158055196056,0.06405616908555672,2.5951550648216495
19.945295048367896,0.07297045343480006,28.355990895768265,595.2884121577183,0.07393063733010222,3.585957160736797
0.7093100170137117,0.07214807440521691,26.112351361681313,471.640845808215,0.06478198198777468,2.8050580939904837
2.0133756465349943,0.07496932609976353,29.485741854676704,627.1560567099452,0.06734538386638678,2.9914299150154564
0.014125182385123048,0.07567853577894572,29.390964066851797,547.3153085566262,0.06634446358404752,2.9531987500742343
0.6491856686625286,0.07428439939689419,29.794562398686125,674.9001367782778,0.0649367449031493,2.9925486282802285
422.08286102816146,0.07526833452478368,5.683784220424993,609.4221862068896,0.06385983993012911,2.978602435553074
11.79739848301273,0.07712479860633067,28.889566844911677,482.45683104590154,0.06538490596455274,3.374634331367304
45.02831797492334,0.07207920638907611,29.64375634073633,629.8883508306354,0.06956156715964934,2.822223264656201
0.08601743866258305,0.07538971520877738,29.13192281649387,615.9409478652395,0.06818489483281517,3.4426391457759076
15.341534688096356,0.06946178492300176,29.42980173773457,723.5648267339955,0.06329966556881203,2.944394095067114
0.09594908643313427,0.0747128375660459,29.694692678124035,377.7524604091927,0.0649907569271869,2.7374177388544574
2.11793694011483,0.07373942433146556,28.220811862888198,399.78357287400075,0.07220651603001108,3.6289512659310628
60.36049274356944,0.07655077066522499,23.323950441667236,804.8043298663387,0.06478362791743147,3.72234608914415
2.810704316525725,0.0759219594638699,29.12581676359373,283.9753901003394,0.06744305065067738,3.1498645241129886
0.028749418296429654,0.07292205871492283,27.905513281457,840.3757955003146,0.06525460547679418,3.2437926023629693
9.153851693359204,0.076313375913056,27.504215574372942,742.6925519146259,0.066453488256456,3.437722102851649
0.020713185509803896,0.07468173523952173,29.46088795658266,892.5660345022477,0.06546445421873376,3.2483038940589943
0.6302538053183095,0.07426215186940648,29.32125376655481,622.1974095117924,0.06385607012553157,3.11838086976842
0.07575845056241184,0.07373942433146556,29.088100872268438,477.5646166711891,0.062240958722509815,2.6474005097636333
0.436302539525751,0.0730096450121517,27.963300078331066,713.7917595043092,0.06403234723805656,3.103885674204114
0.015012516371258219,0.07357344578037595,28.505145887296987,499.902649799038,0.06456118841837033,2.8424911855519785
0.048521950858510604,0.07660206562311667,29.220510103174014,533.0883905526598,0.0695073608723348,3.3207001005479464
44.159317133463375,0.07664883582077286,29.804384394979394,676.8240532689591,0.07432492915775402,2.8619050218519044
0.8238490141815895,0.07542289822017063,29.16733143089577,656.2812939815858,0.06345528657899485,2.8169052584059666
0.69141261630454,0.07354330418858016,29.58210863131945,856.3426117937665,0.06175029851360614,2.706526111662323
19.70976614692972,0.07409674446602672,28.811267942301328,633.7445297843891,0.07130492660152929,2.99451597826466
26.562788538594916,0.07734773299784367,24.59429250377869,724.3968934899237,0.06731055969631969,3.245813423850139
2.444649950837243,0.07010961415495834,26.968809929044433,330.00142844299637,0.06076885037924756,2.2043420921921326
597.887682987728,0.07525649880240776,0.9882366735868064,658.7617203213367,0.0632649803736951,3.5686625293308447
1.20794479932883,0.07479269967593608,29.148361841393328,707.7288261076593,0.06623366044837037,2.910860336810561
1.6904184624023335,0.07315332728391089,29.656710334113445,352.02722745287554,0.058794262767948996,2.5376997049032934
2.8266405701588573,0.07327679306478238,29.60473560252916,819.2580578168781,0.05913217966140691,2.2858408271293387
0.9104192863312648,0.07196922557785736,29.324356991608585,415.52162763245957,0.060033131050795496,2.9054529487032834
8.091186498170527,0.07443435886786515,29.900872926744587,231.15592287762945,0.06268664905210261,3.297331199491335
164.99296646919151,0.07861453142366231,16.255529303373564,955.3645805014903,0.0629113908044775,2.770585049141992
10.087998556619633,0.07332547188724278,29.711097200496425,623.5117401579033,0.06912270354481603,3.2617477435844493
0.03700363463110021,0.07682728755110764,26.669885927398667,906.348117365294,0.06993362037321108,3.021161863087365
83.69913563418714,0.07639583583686478,18.983853214481144,541.6429505790093,0.06470544780165943,2.675958380656075
7.316578596732713,0.07868040393581945,28.498960405010745,852.1666057269238,0.06847605250848754,3.515516144519056
1.7186279283669474,0.06850655144877776,29.69373693497788,786.8081055704961,0.055253893862868914,3.3581775802132605
2.1602529896705884,0.07259468428550293,26.40153140987066,784.0593299048633,0.05672527422594659,2.1632015717784054
0.7580543836843421,0.07653219276834683,29.477439046366584,337.87412376503556,0.06663781053377121,2.816005731333787
0.14793548454406397,0.07481364334076966,29.965191972228496,780.8151063289384,0.062220125207156946,2.858520339914027
28.199019461093428,0.07566393122998852,24.32885796528432,765.6430226155242,0.06054758229769702,2.535354914261497
1.6342350536310115,0.07239424221416296,27.33344467462157,727.1776253838688,0.061075862717222845,2.311227427882029
57.94334561532226,0.07511523145872784,14.682367638017228,875.7662524767223,0.07217534252150029,2.7317573298411375
0.13741867246935313,0.07654181064209799,28.661496260314646,403.3292657920051,0.07424258332693559,3.8858054523081647
32.61090450044284,0.0775450472544348,29.073658543569984,921.0006285158519,0.07027941106747426,2.450072443054263
0.013978360564156798,0.07531633185174494,29.767419257083894,474.1022406320759,0.06456234137834668,2.7555513940397063
220.68913948633494,0.0780084072805335,14.009820103389897,529.6388825115724,0.060923040781867666,2.504665017965128
279.54718347777293,0.07700915304723142,10.936952270846412,799.6743690136425,0.06622132499762648,3.371496606390581
1.5511126999654494,0.07876899416393843,29.114930542218122,711.0709581523937,0.07121216861325172,2.966431972500061
3.4596720232538902,0.07129212760675174,27.779544687866043,421.98934679347053,0.06734538386638678,3.0519837813081887
0.05394134566655692,0.07399725089049983,28.728747382473102,544.3700436146768,0.06619359163398869,3.191591667465243
1.651866994555731,0.07420533237615119,28.651869827780473,478.12736174643857,0.06602944552270693,2.6694201286831296
30.285619798608398,0.07461482790489193,21.15038171213342,326.8612040457417,0.07009242134527857,3.0075330721972855
0.042608387698705105,0.07620840322383542,28.780117033308308,758.7995556645271,0.06739867255196408,3.0093141822348173
6.701384322489517,0.07564397256701144,28.670542820088645,206.81496655128683,0.06612374574515964,2.9525258500653955
0.060392594928747705,0.07164419145050954,25.90553423355268,323.02315914628446,0.06592250242311201,2.6875657395007373
6.501580386580178,0.07711278803676933,26.58979700593988,419.8283803650061,0.07198585437969188,3.622312342881708
78.30059873890016,0.07132068554260095,27.398981592005164,593.2205361381762,0.0699184624528136,2.3891236138035676
1.6984052793653297,0.07723166346394932,26.96875353107272,462.97409475334086,0.06943213326434547,2.872033864293885
2.059397456612772,0.07998789343624947,28.829831326728385,598.358735296169,0.06832687483045571,2.795941629440261
90.01395283839545,0.07844389641233787,22.118466040301282,283.9753901003394,0.06507627657990389,3.0311859882460634
0.028257969101324006,0.07653171410526523,29.577510024365647,564.1762327874195,0.06743938036013702,3.0513635710806293
13.336624333546514,0.07616152472258175,29.479421240557734,491.21217802838254,0.06257445360729466,3.437722102851649
54.37964664277288,0.07220385057318159,29.901070832452405,270.7828727121075,0.0673638057797736,2.149475362811173
505.8857389103502,0.0783910954386083,3.1985854260664546,842.0515335776536,0.0630479375744015,2.622857905179041
392.49672727957665,0.07787485665998431,6.610291688192865,408.4899222883519,0.06916217427758523,3.2749463250883855
5.505859891975405,0.0745313237280667,25.394983416979436,684.3225968175025,0.06707941157386402,3.103885674204114
1.16734277031078,0.07731041998810712,28.505145887296987,641.9384539676006,0.06707886221527912,2.9241669283226646
3.823914536582369,0.07408223148039901,26.758584955185363,108.41952615276682,0.06614984657106021,2.2456809711633072
0.11529782301334662,0.0773087794973117,28.553236758078558,547.1553056690728,0.07065850997531248,3.2700289440851638
0.01474214138730802,0.0764277723935104,29.39510881212112,481.84549836091605,0.06708404475358798,2.868150396070596
31.74242685174299,0.0781675023573635,23.21348411099933,689.4508663108431,0.07016065900338589,3.378406788610114
4.505477452799725,0.07386199719781027,27.361256576712456,374.2011352097905,0.07130492660152929,2.9363303364870066
5.683186541686857,0.07465049230209776,28.75256475624375,88.49357293358463,0.06744234941102617,2.699842744526265
1.9225780341978296,0.07271208464540883,29.52372180109714,116.76902214926366,0.06202594199637046,2.4567251752295203
5425032.269305167,0.07851329342583868,8.71692945261842,532.4433583113803,0.22538466500363746,3.5686625293308447
1.4958822632377768,0.07531633185174494,29.767419257083894,422.70526887808217,0.06200982776172592,2.6399130614231305
0.0953493626119839,0.07549285285020517,29.23939200035426,483.1235633124595,0.0648268137153373,2.613202557316991
322.53742954748725,0.07774624145098163,9.00846268009371,480.45526145504385,0.06945730487164276,3.462561340017494
0.05234608036789533,0.07323571504275275,27.653782721394187,398.19311791295684,0.06694612526279292,3.0416224176209896
29.389800417298108,0.0749638448095495,23.57869257841721,386.712308514286,0.061207704996020934,2.357389803244403
347.80710456884765,0.07528976253328346,6.206407349059706,548.9619424388299,0.060932626807401885,2.093385060222847
1.481802696943053,0.07831079564547735,28.234696960555503,511.9699794420652,0.07096542904138076,3.2617477435844493
0.4005214481910145,0.07522338510002519,29.281927390015923,344.1255226948736,0.06254445685346163,2.414863803267259
1.5776473570693936,0.07399457369042621,28.440136933329644,282.4156578205136,0.059287145079176984,2.1528236985267073
62.33617827145979,0.07537984856363761,23.669581788126607,314.617242785628,0.05801731021351189,2.4889768244183346
32.3524254082326,0.07794178896596164,24.154557336193104,540.072428822228,0.06755918369465289,3.0815728227352057
5.060307156397643,0.07741204997093319,26.40153140987066,784.0593299048633,0.07038193576717561,3.43047242339097
3.742715506376229,0.07610505796067553,29.13996683720152,459.5911668957158,0.07091253753038429,2.9910317784778124
0.2510049871810438,0.07377247766530208,27.92208715701666,443.5596666684615,0.06931343221667371,3.2874859018900864
4.521496209930846,0.07552880369528249,29.13835879317039,335.92890517841766,0.06847350663024229,2.5361796361062923
4.401016619492344,0.07637759548441296,29.163369791802552,618.5089635925164,0.06458136040198245,3.1149421691500487
0.016873485036628944,0.07511523145872784,29.261650684065216,540.7469185897244,0.057881272339540296,2.0355668555303943
0.01950072352324992,0.07555067074782915,28.27046043290934,618.2831885307978,0.06758247556510005,2.9771372839680947
0.021194052011022445,0.07377443924903479,27.680266550495574,520.0842523319417,0.06604659584352698,2.8946090368732884
87.70113611753844,0.07668791083666358,15.883058642921181,581.0453063397974,0.0643282814159131,2.1552485348676353
128.69313333663115,0.07106056210135953,12.661183707467298,935.5495636649674,0.06954214335740797,3.3971031050691796
1.1248564789285287,0.07350331676560312,28.149976196113688,339.273647870961,0.06128262184755459,2.4211849105533316
3.2268788986367873,0.07419728159758962,26.112351361681313,340.50869046217275,0.0646698325235342,2.507429616770691
0.03125676397962859,0.07200934452692023,28.992447991543628,328.0243801326671,0.06086467537131102,2.5135738496612166
1.7025418201804077,0.07567853577894572,29.390964066851797,387.01795756743667,0.06634446358404752,2.5096746226394986
13.919816102118379,0.0771931624302101,29.794562398686125,200.30659241769087,0.0604789802648093,2.389231004398761
0.03737880776111576,0.07320538666261399,28.570742572712426,488.15886951793937,0.05764721975484219,2.0883725251527427
13.017438934518568,0.07725524877580722,29.016550339569626,606.5720264028263,0.06434706943035715,3.374634331367304
0.036909991024609484,0.07460378488666769,29.81630250010827,582.1590173921218,0.06337253623704472,2.78522135252993
0.013963837086312672,0.07459701535864503,29.53547993970506,420.3294623726356,0.06387161265879679,2.687380472400016
3.843860441702285,0.07177909487776067,26.58979700593988,256.8148658410202,0.05943996703753526,2.2785648714982667
569.9158309061467,0.0744280104664304,0.855042735944533,593.2205361381762,0.06070422784835933,2.542126148000947
0.014082201479951074,0.07606268221376923,29.667689772556635,561.7343652710472,0.06626884007097411,2.9389908964761635
111.05197676166223,0.07494885668320153,21.60686575804613,201.0135499767739,0.05589537183967977,2.4837781240122583
4.705641735780462,0.07707353589785813,23.55776484698156,119.02203540198423,0.07351822242415462,2.2281947424597286
4.818309153856571,0.07729045863415553,29.7666353272395,685.2312100784787,0.0660547829878804,3.4388626840407506
48.931190720350045,0.07533986890162493,24.513942089426568,742.6925519146259,0.06151352798876941,3.437722102851649
2.3794753724489737,0.07100141180762531,28.60427960280326,406.54719427534064,0.06032479318971379,2.3576393176851496
1.1916491095416866,0.0728662158568418,29.855308776497715,290.08034857758213,0.05933988398040746,2.131506436699759
368.1975074421074,0.0742470697234871,5.384001442258393,477.5646166711891,0.062240958722509815,2.192265349027161
0.027916537416097544,0.0745313237280667,29.596899193051453,550.8309831141952,0.06408236342674989,2.8420832916008836
3.982909586997768,0.07357344578037595,27.324969103336635,396.03904415508305,0.0634048316064676,2.8216916371507823
2.4230375367678865,0.07360073540220333,26.169457685283508,537.2809478069623,0.06916099627043576,2.7443323941363977
492.9927886967643,0.07534510302440581,5.00852524367736,394.98402604317675,0.06374365550129976,3.9299660096425857
555.1627520727872,0.07887707707052675,1.9480939826699526,492.83387514904786,0.06569581117262577,2.868150396070596
0.10012722893689044,0.07662884128034678,26.13417924794897,856.3426117937665,0.07283073898839096,3.461695937734329
0.013987323685801648,0.07474069298266485,29.58578665646619,457.2961844256595,0.0641051905905291,2.743060749278073
122.51810853140725,0.0767861427814006,17.987303370474358,565.1370643907005,0.06037878344444639,2.4149244411014528
18.69117612318718,0.07656260443375501,28.42509635996522,593.5045124097713,0.062241179840496486,3.256245454772571
30.592204676866977,0.07275445830065197,27.67792153775551,262.3536753426332,0.05876661078999135,3.5686625293308447
152.87952536758308,0.07440425020406172,15.505868781332502,606.8670590062081,0.06049745978469945,2.559719116505082
216.6313366553115,0.07467440582892629,7.230778715901732,561.4430301451481,0.07153634584292187,2.4942243568345663
23.82251145117623,0.07745138956068856,26.4487528973623,345.9527860223093,0.0655368966160155,2.934898593052674
3.6678574698650297,0.07312770555169743,29.49994521012835,443.14524712456273,0.06633832976993931,2.903579160803586
0.03500559410838239,0.07579338309673134,29.900872926744587,299.072512587164,0.06482564686038456,2.543511599752122
8.350969303198228,0.07405956371549059,27.744151741026226,408.1649588348056,0.06596431600514177,3.7694445659122016
10.242904859890231,0.07831079564547735,27.814032462896755,531.8564572294868,0.0681774129295094,3.2617477435844493
455.35794389259627,0.0732074095202625,5.416606217919549,566.1961584979672,0.05871385088393136,2.9023802044197993
0.024473099766445922,0.07598924375839,29.225398211830417,766.5949082552879,0.06744630903499318,3.2380155289098402
91.74444559610697,0.0751565116425725,17.54612866024111,746.6224392746454,0.06349468168785069,2.6025949634826673
1.089240834690085,0.07434430211699511,29.407762275641282,630.6416801661587,0.06452947560939498,3.3581775802132605
12.058717461908422,0.07620131131536924,26.40153140987066,784.0593299048633,0.06268069840071755,2.705712745601425
183.89333368498006,0.07544453234790725,16.124156126509373,195.77404305910898,0.06091015241649747,2.6217318902504974
12.783325991911353,0.07441109117222149,29.47862710725902,314.27626435841455,0.06931343221667371,2.57321143839814
0.8492477163619936,0.07424344909980857,29.403540234640424,234.82912950019676,0.06559100961124767,2.932308588898593
7.128800151118327,0.07467209748074784,29.13169679461158,182.27719445942228,0.06499495064249655,3.1149421691500487
0.7004845024307227,0.07511523145872784,29.261650684065216,540.7469185897244,0.06207176572194617,2.6012880770111533
0.016762476639273594,0.07646058045291798,29.634334146980343,629.7257002005443,0.06714909321464047,3.0677147507082676
9.026547121095735,0.07576677632249772,29.33209413210035,539.5198356838893,0.07058444544315146,2.8946090368732884
9.428400230947274,0.07293817780805258,29.25944884490227,256.5484681462108,0.057192058412188246,2.624733161458474
0.32605652319637385,0.07544119983186129,29.84891215718534,574.4721551734943,0.06338057367764116,2.801889972146024
21.781267951158696,0.07826420010138616,27.925331797302096,330.95028281354377,0.06307246058982588,2.6599081530220268
0.023155691166187427,0.076237875065956,29.69100299068374,529.2733010372709,0.06603016078178212,2.865897509113281
1.7526139253929158,0.07212041382360596,28.731233693219522,625.2362967452709,0.060136749047838084,3.0519837813081887
0.5347782018946043,0.07722174739217191,29.390964066851797,395.0925816975804,0.06934960729216227,3.1683204684749664
7.808357848682599,0.072995043285619,29.794562398686125,423.53156850685855,0.06186534706226632,2.2419446488886825
8.893646343189332,0.07662651274613348,28.570742572712426,699.9419568382914,0.06440449023282205,3.2275302805356594
15.211315020441758,0.07603584242514141,29.710468824133528,758.7995556645271,0.0701620534983364,2.8560373169796036
9.722014712055724,0.07716281112938335,28.670542820088645,348.77621519891926,0.06294193923484329,2.6009895084501395
0.029880606670129903,0.07352591548692261,29.56367255297701,353.9782371043718,0.06226018042354961,2.56286060310601
206.29116029019377,0.06946178492300176,10.885183033110645,256.8148658410202,0.06360988076567403,2.6871575123250793
30.16855525891443,0.07143835153345507,28.027783700050428,160.87872722527925,0.0699184624528136,2.224048633284189
0.19183691949099857,0.07364240176597021,28.06200187543035,640.4010063800431,0.06291386062730783,2.544905750392807
0.04133218770729137,0.07851462045727864,29.28643341868755,748.039031993886,0.06956793830059035,3.138103574763096
31.611649193881266,0.07483857950192983,28.37036926404273,422.872334912666,0.07351822242415462,2.7117095050278754
16.9252082859737,0.07523445624138109,29.7666353272395,840.3757955003146,0.06693473301711503,2.5720797985026334
5.525674714774617,0.07223966308821167,28.939415274568454,276.42303281400984,0.061883586833418325,3.437722102851649
3.660816018232882,0.07557116939740152,29.78114410436421,539.030053084906,0.0673638057797736,2.7620580653183513
0.14631883784494515,0.07211738466204676,28.425401811081002,424.76482819929134,0.0611829152278785,2.4866977377312187
148.81188520508852,0.07419668088986837,15.355203015027563,374.22443617216817,0.06115564127557285,2.416831829889163
5.304514093400538,0.07472014997848425,29.023410835481883,208.98558531821192,0.06408236342674989,2.842336144273998
3.3683718383218784,0.07357344578037595,29.521648415496493,522.7922940298547,0.059351903736090256,2.8424911855519785
3.27057835503786,0.07533839707462459,28.533795927505437,353.29645573511493,0.058861631603303516,2.134126258063641
489.69800034312095,0.07664883582077286,6.003818704314371,535.0293980883107,0.06110499487928378,3.9299660096425857
0.1560028483351322,0.0731945133825643,27.44288927783031,504.49577002701653,0.0643627491116423,2.5996373886228525
0.7997091147712144,0.07369133169643878,29.029215600494553,230.26751422060926,0.0656360209004829,2.9564473169824774
0.32314858612467745,0.07536517018783116,26.72984196383372,457.2961844256595,0.06881183610983055,2.8676887317098645
0.7082601185381658,0.07579160276891954,29.135817421964788,922.7825307450603,0.0672640977526226,3.070616675553431
19.05290582398127,0.07554069967860139,26.968809929044433,150.58456592016375,0.06401262114398643,2.5738927560254963
0.023969548502819092,0.07387934128285342,27.67792153775551,458.33791696391006,0.06554864256308288,2.7439649367890957
0.8979364138563226,0.07382334552335076,29.58765006232425,430.3508247046808,0.06387161265879679,2.637562381304534
0.4070355950570333,0.07012644384695499,24.99395973200346,257.22534822782325,0.06899359200538929,3.3020544300529737
405.1526302334171,0.07277917590779674,7.697126087609568,819.2580578168781,0.056289725103433524,3.1340010184306357
0.04125666060963251,0.07691243078547325,29.480919931972608,643.5155460023332,0.06663493499476295,2.9054529487032834
2.0111484274294114,0.07422995515854597,29.627659530111814,154.0144601273002,0.06517864706694632,2.798093746979694
422.4373063359254,0.07715058629684445,1.0139216724953197,548.9619424388299,0.07522343795281305,2.8237712352281745
11.78056594221632,0.07831079564547735,29.711097200496425,578.5537261881169,0.05989381464834315,2.5049610957898847
583.3845059602826,0.07676564747277378,3.433792384700002,554.6351875886484,0.054714212418133235,2.9023802044197993
0.018027461826819212,0.07628330198019138,28.883264085279517,438.0799551175231,0.07017966298951142,3.2380155289098402
62.063218389094814,0.07389047335645402,19.010737163136604,305.75506412594734,0.07029341598174399,3.343295024287652
372.9299415901767,0.07283252146804113,10.254825447188045,215.16579171093696,0.055928217507490025,3.3581775802132605
42.19099080972644,0.07137842187901106,26.40153140987066,340.9080782493612,0.06878090238617432,2.1895979943939734
2.084813150856685,0.07544453234790725,29.95687042356836,209.72247988157676,0.07091253753038429,2.9074442370407807
35.807179482793984,0.07742235719957878,29.16123836897134,737.1599387515344,0.07834628153323303,3.426633937995452
5.966907952326965,0.07566393122998852,27.61850784471538,747.5050097597622,0.0650997569067332,3.162464428605558
0.10739132034063423,0.07455663275579595,28.182515171314922,492.5384094723735,0.06754922577257877,2.9683605615513153
0.44310078434421685,0.07511523145872784,28.999063158177407,639.6327370957879,0.06749894025360148,3.0798349029867444
17.348929611475384,0.07765890611785371,26.922546228229074,999.6189663406019,0.05776363682507357,2.2567535217236894
212.1073308988328,0.07761757017406405,13.054566678388962,706.8590741075855,0.06556128045087856,2.8946090368732884
1.6056996485935011,0.07479269967593608,29.619158918254456,718.784250605945,0.06548820652522186,2.86066804039029
0.41774941964804024,0.07624059597936722,28.91512925248732,360.5423413618553,0.06647305679396956,2.7099718499181296
180.3501845337738,0.07372094654864883,17.47082941484463,661.0527032073253,0.05758884605139947,3.585957160736797
4.462171239730168,0.07214807440521691,26.112351361681313,246.73319622403955,0.065758511731135,2.9855199832241683
1.1899122768644046,0.07284206358039128,29.79882331981584,625.2362967452709,0.06062557610290309,2.5493043020578607
7.308848268640269,0.07407146009358008,29.243995322716817,105.0242474732234,0.06634446358404752,3.168665519086389
1.6314990996214571,0.0704497892796971,26.88010841708325,450.0139153844732,0.0640177721988687,2.6784718527556164
98.8742259454873,0.07498241543237186,17.941216766464546,268.09493757725136,0.06446742865565336,2.534707248191756
16.646532874858266,0.07725524877580722,25.107207655477758,520.6015395899824,0.0699157196233921,3.374634331367304
0.05414527395059647,0.07317995942613027,29.729655726912746,534.9170346777985,0.06148329638130903,2.7243955691919854
396.0255266831604,0.07531633185174494,5.184438919355529,474.1022406320759,0.06050550606149688,2.110706594011081
2.8758161835947345,0.07292006151122536,26.128581051625588,590.0374234495556,0.06240960518938618,2.6371212818252165
26.862114169682556,0.07493756184946573,20.24655197605982,907.7777900985889,0.06997958849252003,3.1180074230763433
3.8082198196371744,0.07408649348431737,29.667689772556635,317.3594403926942,0.07052256327432119,3.2546130451218387
0.01750368000295672,0.0749800186920397,28.619834223342686,424.3612224094767,0.06579229523731647,2.7259544944714618
3.2378154049169883,0.07429411586636378,29.815338298561326,265.2952368954358,0.06447410524385691,3.2855336438691696
0.6317327729834755,0.07814998915212656,26.17999509143843,841.6306805389804,0.0701011721308909,2.8529600273945834
3.042939063662062,0.07687829582996429,29.812927267490373,389.69699705771063,0.06787642935280552,3.437722102851649
3.0496362984561864,0.07378664126480416,28.243645850097245,276.8283633708237,0.06366050147551092,2.7804519297964587
5.191606693357193,0.07154538439243764,27.528646370011742,412.35094536178894,0.0587779149537645,2.732377006055022
0.8660795679000861,0.07250477835432016,27.623836027672624,224.43125697604222,0.0642712805629814,2.6474005097636333
2.3750289053497666,0.07506995073812874,29.247571095572955,194.33327715744446,0.06408236342674989,2.543056977451128
330.15202782809814,0.07327761430834835,8.4224256750423,340.03812626606737,0.06114618882601869,2.5942930540809295
11.840484573320525,0.07289346386687648,29.286954743819827,353.29645573511493,0.051703220507716446,2.165628930283294
1.992232973921877,0.07664883582077286,28.183380259059348,394.98402604317675,0.06396686395625548,2.4125246475613524
17.670291962565358,0.0764277723935104,26.619071135141024,371.522103034704,0.062727384604496,2.591844629678487
252.10309280052024,0.0787026980347642,11.213537312718334,430.787762408142,0.06942192676443015,3.050734338206679
0.5873990667267198,0.07598040248791012,29.163122444135784,283.04572964032326,0.07078215557457154,3.50794898223578
0.01569386909390398,0.07430419175491604,29.633570014795154,418.28939945648546,0.06320723679510837,2.657714786911703
5.44735995706093,0.07094226953207451,17.992366969343834,778.0104213347838,0.06568596946137892,2.2043420921921326
0.2454528598538535,0.07817420158991739,26.398150170793436,604.240733960922,0.0743524892200021,3.0940023030889083
0.8702458850578341,0.07525042153704722,29.53547993970506,379.26721856977395,0.06387161265879679,2.742105079439341
0.053100913336179875,0.07704996017150749,28.299910199993576,537.8126627893289,0.0709131320316905,3.2629130786971174
5.057248641847057,0.07232686295891196,27.330883913109883,819.2580578168781,0.06456796011536498,2.5948029643115422
179.0739137702933,0.07330068459977392,16.863146469629065,436.3425928181787,0.057267255230876196,3.111940768196116
1.5373320415332798,0.07485204421628512,29.75564643506714,195.74496332308865,0.06644967269228458,3.010336042516068
15.884863305009121,0.07480071323551479,24.724950131705413,299.32819833266046,0.06650489677879765,2.8312905668384003
0.8500142201547238,0.07438476226223091,28.43382923203587,511.9699794420652,0.06561248919904131,2.6500388317318055
13.435303337868046,0.07676564747277378,29.464129530613356,191.10702334366482,0.05890556587222329,2.1873383001261084
0.7736743480835093,0.07202847834590134,28.440136933329644,379.74550485613634,0.06481980005189375,2.8365049257052086
359.65352160363443,0.0742218860163848,6.984211490411997,746.6224392746454,0.05980124823154373,2.408874883124841
2.893543415523861,0.07794178896596164,29.050849979330735,358.9834517993926,0.06976269932273821,3.2435264712375105
0.01481441032310044,0.075514346689638,28.89096227584569,412.9107909858085,0.06649771388239187,2.764925236434813
5.968854156680207,0.07380866245496226,26.117966315316004,367.5155696015749,0.06496369390982618,2.804914477442777
169.70709682264973,0.07619471965656704,15.667092630535855,402.75640192226814,0.06509727892590081,3.0602018357553176
3.2881358471602824,0.07566393122998852,28.08687366503892,173.82667713646407,0.06662618222452829,2.5361796361062923
0.01796177006027933,0.07638730704662977,29.534984656424264,651.7394147055852,0.0673710205286541,3.119093411939403
1.4269627792477166,0.07354507970616991,27.399056834161847,540.7469185897244,0.06647415160794734,2.6839641093906774
475.4889918149049,0.07465516626029182,3.9295491296138145,403.3292657920051,0.060405990447089664,2.428526210800622
2.905915149260154,0.07481982047709106,28.67832744173831,204.72238648583976,0.06604659584352698,2.834936204568684
0.01911721581619631,0.07479269967593608,26.62681899034368,451.32183988320133,0.07249882547970926,3.4669892287752626
7.512837514364561,0.07578422638759798,28.91512925248732,562.5300193657024,0.06607901691215495,3.7922318295185002
0.7650130625411273,0.07576971366320777,28.149976196113688,281.9166306740789,0.07393063733010222,3.331246763148564
4.186291523949659,0.07455551168768994,29.574284342317,744.7798002559169,0.065758511731135,2.7851210041452688
0.18379137796981676,0.0732841880996996,29.198788762198514,477.65415772036744,0.05814407033255445,2.2869148811041216
8.848854779941092,0.07133639315572496,28.840764200046443,218.5621800656636,0.06634446358404752,2.5032058967736015
3.2617986462051336,0.07588332850380944,29.794562398686125,815.3195454904909,0.06966233466399677,3.326852222480685
0.030999714354154887,0.07073440594530356,27.180434737476315,198.3279640678818,0.06440449023282205,2.589610835197651
115.71366495511538,0.07295417740983533,29.676131069261025,272.8627610619567,0.0701620534983364,2.0241358463381185
3.31686122769966,0.07647165157846261,21.526694083014558,291.4224233762959,0.06956156715964934,2.0992641601976594
5.33075880770108,0.07658133394560868,28.117819609488652,474.1022406320759,0.06456234137834668,2.7555513940397063
0.12483210943511908,0.07152730893018899,29.31789801468872,256.8148658410202,0.05809516666072903,2.191611395943622
62.659646981771346,0.07557275509724974,17.291135359001895,598.4933063584351,0.0699184624528136,2.819734801216608
0.16470586293057943,0.07239503586443818,28.681445043869125,211.44984651441746,0.06263984761643002,2.5106357646736424
393.59441703405616,0.07837525758467881,6.67384237335224,582.0454771911117,0.06710806423623622,3.051364025912416
8.83372399249249,0.07353995557110284,27.07875407104953,510.30644718628827,0.07351822242415462,3.3122214846415696
70.5484612474777,0.07596359172564073,21.909134269952084,347.2312829431403,0.05946546861900204,2.3626546457979467
1.2781611021810355,0.07583882657021672,29.971992516137483,398.60652326206355,0.0710970353330449,3.437722102851649
68.8040079113429,0.07599372012518889,21.201761662229078,399.8077724031367,0.062419930221456366,2.5855852448805354
513.2160562521677,0.07241985001979612,2.2840868302596267,327.49056982475713,0.0611829152278785,2.4866977377312187
0.5927494942459537,0.0742470697234871,29.033898510563404,402.08467018848603,0.05807372589669943,2.1346633969155673
118.36817802536898,0.07638986841557655,17.82584366377138,401.5822152806435,0.06408236342674989,2.7023743768018296
0.14024667878943978,0.07694278374600036,29.2692086970372,743.5159588277033,0.06856698864485156,3.311705663539419
0.622063514228876,0.0753821853062227,29.303738558452885,353.29645573511493,0.06747079948606893,2.7443323941363977
0.8360235148792104,0.072027529742339,26.35016635298985,236.21552635457255,0.06710783671574275,2.8962405894060854
4.774960664028703,0.073394015902726,28.45466909367361,403.12500592423874,0.06708404475358798,2.650363760276452
9.787527929507675,0.07565768344493741,26.13417924794897,443.7710462226823,0.0641553267309676,2.627040783283447
15.95605672182825,0.07285967058319666,29.58578665646619,305.1041176513366,0.0641051905905291,2.1686562676593826
0.661506877308395,0.07580001481456408,29.633570014795154,437.53391882103244,0.06405980413131568,2.7243971845235806
11.508801769792623,0.07400636790614148,26.968809929044433,150.58456592016375,0.062241179840496486,2.3672508822894653
0.6441191040856673,0.0781866903572668,29.699171026380437,343.6315784125517,0.07030228331855107,3.1389960585652568
7.670943111906935,0.07459701535864503,26.927185227339194,314.04918161158344,0.06387161265879679,2.687380472400016
0.062114557881577964,0.075121928860544,29.520159196110573,634.4813216445548,0.06560211011837061,3.109495341259324
16.865692200322805,0.07873432876447306,27.199943143650653,424.49089011506794,0.06276835393160057,2.400624104579439
505.0144451543363,0.07312770555169743,1.5310935842943252,385.77799882025204,0.06844755624821122,2.9054529487032834
2.7714298813252993,0.07607070917062346,29.900872926744587,231.15592287762945,0.06570881705547246,2.8680397536423596
0.019649414287738157,0.07408303083257631,29.75072826316862,269.68430283933526,0.06260357304342806,2.4283026666864225
0.32430494770468454,0.07500804528297067,29.537753739865494,511.9699794420652,0.06427734562250881,2.640723090965921
1.5160820739874667,0.07673820068215383,29.281927390015923,484.1994288867299,0.06560715032905559,2.8606659074168808
538.6695456453904,0.0744281082956384,1.1654182435931641,530.1720273390562,0.06907392007663574,3.2380155289098402
558.5311433728447,0.07436384585850699,1.3122622868353488,315.9808650248108,0.06095950644097964,2.430887918324381
0.013970499917285235,0.07591390511690788,29.63170598884198,330.3326405954251,0.0653081131643399,2.5549267874804107
50.41511199122375,0.07540307620380472,22.611155731582638,439.284336137751,0.061361257838019406,2.5677462851619652
4.921953477785154,0.07306288824798991,26.117966315316004,365.98576113936053,0.06142063176970258,2.414824495359795
17.842187773332178,0.07425428669072506,29.965191972228496,450.52734892450127,0.06931343221667371,2.749330404893285
0.2977016753385989,0.07515083195883428,29.902214623331687,361.87946682402037,0.06413868695223443,2.7542701151608746
0.8721040515139539,0.07387429169544915,29.66882448372652,667.7741006636963,0.0604953102218449,2.410293508578598
17.24593432496808,0.07513630007278006,29.148204155236968,344.6666810409404,0.06519666978454769,2.0355668555303943
0.02148502467150586,0.07404175703394579,29.462050474487384,403.3292657920051,0.0631282046038856,2.6337074771908
0.07112285706136423,0.07415492722122027,28.991171945739346,520.0842523319417,0.061994995848158985,2.5591706612421596
5.811417592760513,0.07479269967593608,29.928392710876036,614.0625894087982,0.06482911215852974,2.542989030921042
0.6650390235163395,0.0751207556489966,28.91512925248732,387.5246824375962,0.06277997046252617,2.484473093600953
335.9689587733992,0.07826420010138616,9.766821421642508,595.2884121577183,0.05857949905306001,2.3592346663558876
0.08098712243955758,0.07200671983296197,28.325619934738327,304.4134413979212,0.06232904611864695,2.5053349637956517
1.145023864493171,0.07204698633684017,29.727062393829822,387.72374216624155,0.06021371238805884,3.0519837813081887
1.4118311742705236,0.07113372575109114,28.48175598330772,86.6637600449535,0.059526234927802624,2.0453601531093932
0.09033133744566998,0.0771931624302101,29.331661129431353,223.64035503733146,0.06694677391949277,2.374288688074481
6.79164002443992,0.07155694617308798,29.089665628881654,432.0889752192725,0.05670710109312521,2.9310235115536774
0.051604336971610314,0.07725524877580722,29.43986951018591,565.7781938431829,0.06873004112890724,3.120949545620789
0.5520902638509012,0.07443112561921734,29.09881328583911,458.8662023230964,0.0652880753661135,3.096492490985019
4.122536756256002,0.07531633185174494,29.767419257083894,290.1705197527407,0.061264539845185706,2.5679447823410695
0.06386197283931211,0.07230773558829824,28.277631426022264,206.28706351622662,0.06626345045122231,2.7799702783499307
7.097064915475629,0.07942600525892676,27.398981592005164,593.2205361381762,0.07019203117131578,3.2079102115039513
20.49179673564148,0.07606268221376923,27.533826364977482,211.43166688696203,0.06431672632819208,2.9389908964761635
0.08023541461068026,0.07200088830771992,29.000994148516433,287.13533764131955,0.060286058228433775,2.3608378099914145
21.23492801288353,0.07439518290717645,21.156613006515528,283.46258231875174,0.07351822242415462,3.2855336438691696
5.594449561668255,0.07346961267590449,28.750518224337824,840.3757955003146,0.061312711902402034,2.290350842522887
0.013976546280239078,0.07428122086035513,29.4358366058961,411.1096887037404,0.06362082051907839,2.6805281260632916
0.2538597145111407,0.07392059306399734,28.959417328986078,335.3273760904229,0.06619435799652132,3.0889708740055117
0.014180935200093815,0.07211738466204676,27.846953236188394,424.76482819929134,0.06175444300838459,2.521775318495096
1.121309351834273,0.07381505906195772,28.22279695855894,477.5646166711891,0.062240958722509815,2.6474005097636333
226.005483222948,0.07644136013568997,12.83851404265461,567.1918758359332,0.06440158985055358,2.93609995671161
2.4011646466306753,0.07357344578037595,29.741572550139196,499.902649799038,0.06593253653745643,2.9538148752914566
1.3886817060984082,0.07533839707462459,29.51373840655727,553.2469698506511,0.06614984657106021,2.7443323941363977
0.17434945525487644,0.07627903390116737,29.171853321953158,514.7834635964067,0.06967432664447945,3.4753100024290102
0.016983043963163552,0.07566070186445475,29.39510881212112,481.84549836091605,0.06708404475358798,3.02700831216983
11.031293327480709,0.0728420784058277,28.48191556779131,393.26304235997736,0.07283073898839096,3.461695937734329
0.04655932627088794,0.07528570713029566,29.58578665646619,466.19894633722146,0.06581709224610652,2.860753839949446
0.6677800316958619,0.07217646195286148,29.53676640968044,374.1613605967115,0.05931501376917514,2.3175958801757965
13.356392340480834,0.07094226953207451,29.33811391739301,572.6373569043637,0.06592385880631677,2.9753375653126
48.32647223543221,0.07185585521023621,26.732808368514824,282.8647614890282,0.0743524892200021,2.594481812947204
0.1859502064200974,0.07494907604430827,29.53547993970506,451.79044023194183,0.06387161265879679,2.75621637965337
107.04956289684739,0.07166555211289062,18.393976891148597,589.801370095253,0.05542080373868383,2.485326443156472
0.7710813073081546,0.07548534219947665,29.115616189229016,819.2580578168781,0.06739549241476747,3.082158897490492
0.13554296941933225,0.07672006829536714,29.79368377366839,391.8216369370896,0.06844755624821122,2.9054529487032834
0.03679707771668882,0.073120415670022,29.648696472174837,370.7136161102728,0.06128062098674228,2.541580233525599
517.303043004384,0.07684422857813922,2.636676069705752,375.60992988896356,0.06260357304342806,2.404663098844224
8.081068940078362,0.07831079564547735,29.59025760232293,511.9699794420652,0.06236801379591389,2.6102255702526564
4.504272107368457,0.07676564747277378,29.58177167448532,448.0791566176585,0.07090834659503603,2.9023802044197993
3.8080089924511524,0.07547308423376643,28.06204903598886,482.4385188310393,0.06242730970343316,2.5675993622065243
13.847962869164693,0.07868040393581945,29.675485462747265,661.6564136149237,0.06326630869604571,3.0641933070212133
0.06840784724721209,0.07747735401671746,29.63170598884198,460.74293836338256,0.06624359459899701,2.5549267874804107
0.09647502141082986,0.07052761947008161,28.871212590198617,254.8867936413479,0.057574765577913245,2.2238415200521713
0.8342695755787871,0.07133868057936477,25.765809922924074,459.5911668957158,0.0675733384170413,3.40943415729497
32.96854492978392,0.0743314172584245,29.965191972228496,485.7857492524263,0.053361227197090966,3.173476146547469
242.8247693637608,0.07191349966356222,8.413862820691817,392.2402293965062,0.06505301241978823,2.376318657975239
11.199556016736581,0.07602053933364046,26.322087786524712,302.08402817119406,0.06515294714989317,2.6082103596654664
0.02042901337825913,0.07173654318337627,28.465006601851908,471.0497399721705,0.06121114681159695,2.6757626495570825
0.9086807267612396,0.07077697308532384,27.58188807711997,100.3457180046828,0.06056210332322018,2.0833890705953935
0.014994325844046986,0.0759414038143704,29.517738579882472,520.0842523319417,0.06634543043336463,2.8946090368732884
0.38189355890665533,0.07479269967593608,29.920564402700702,614.0625894087982,0.06117054732757021,2.4217744667694134
51.573960904680305,0.07430028047255141,28.91512925248732,219.10722200807902,0.07354739609701136,2.3186030773740716
2.209761777164628,0.07734847836203702,29.03513521119215,595.2884121577183,0.07393063733010222,3.578499904867951
84.07613031297478,0.07097781020115777,29.574974302942692,744.7798002559169,0.065758511731135,2.294912140503451
0.4052466210905777,0.0743423108571938,29.45511246719307,625.2362967452709,0.06366933590204268,3.0519837813081887
2.931363820456004,0.07470041565104293,26.592008482360523,408.6255352252131,0.06634446358404752,2.809889860815913
0.19903372295484706,0.07244219503582146,29.58625571502083,212.62336211766876,0.06129995184188283,2.530094781359374
34.560189329415664,0.07265986749912126,28.570742572712426,486.9349551198464,0.05412526912866045,3.4212749246445213
2.8776082918553403,0.07719409647783512,29.08212382692375,748.0694279982265,0.0701620534983364,2.985059068955794
0.015023541263295085,0.07353487605235266,29.45786868300247,492.91652689431606,0.06271300113427639,2.7942111802353944
24.866067357033096,0.07952998523206523,29.767419257083894,299.75697082196933,0.06456234137834668,3.1870593935364697
11.532898983099827,0.07693776739983682,26.58979700593988,349.4256304753806,0.06831488574957087,3.0780179741617952
0.33753848172134565,0.07102388205679736,27.398981592005164,593.2205361381762,0.05883061136811368,2.3032311353974575
2.1371209697418676,0.07606268221376923,26.979053888964724,561.7343652710472,0.06626884007097411,2.7390415169853375
15.69611296037911,0.07837525758467881,29.74404908870001,416.8767111611414,0.05996541473669484,2.5093343378355764
0.015039791456428536,0.07554327127306758,29.572516242500345,317.92683563631965,0.06484183157048173,2.5356407581073013
1.5063734008394087,0.07499190398550305,29.21902098436831,641.8085849290392,0.06573588962759341,3.4388626840407506
108.67866342904954,0.07428122086035513,28.752826910825718,3.1895080162346403,0.05959040066766769,2.6805281260632916
118.1321500177913,0.075756135390907,22.987097998229597,358.1788759245002,0.05622300682095113,3.330178650819166
9.8571674599369,0.07660083317413904,29.411344242877547,479.2800962035625,0.06175444300838459,2.866315581528621
0.015644230933730505,0.07471055662895924,28.198443837256434,514.6501000496611,0.066667815411461,2.9074551879161366
10.72098613521628,0.07599018813158828,27.5175759275997,712.3531908196294,0.06408236342674989,3.130244704194035
0.10366027289680169,0.07428175326489356,28.972900115492784,213.31641609554754,0.06456118841837033,2.3370032084925985
0.20392970295045018,0.07123198389611946,28.49774649868135,542.5698022660458,0.060516398491467616,2.661411434109851
13.413068414493916,0.0779627237318401,28.553236758078558,735.0154624767815,0.060355123066932054,2.5512545653812673
0.09352372199029164,0.07470564747828892,29.39510881212112,572.2405954958733,0.06623002830085997,3.085561306449644
678.6587038458094,0.07662884128034678,1.6040086556563722,369.11843533785793,0.05058672927244334,3.7225236267926842
0.11553190573320865,0.07554526219876444,28.519689040281044,457.2961844256595,0.06706137373524801,2.743060749278073
218.68482172033862,0.07430419175491604,11.872200438507669,721.1905292407723,0.06525444285279142,3.065799383460146
12.6412159701748,0.07528398936639542,26.968809929044433,150.58456592016375,0.062241179840496486,2.2043420921921326
59.365150478145466,0.07326586997669218,29.519125733700154,465.9379205665417,0.0743524892200021,2.9789765793258436
2.8071625029475684,0.07795472910674511,29.53547993970506,570.5875365548159,0.06587119024670715,2.9233599971145012
0.0628812242865042,0.0751016819324913,29.441917074232933,665.2270813342582,0.06509810396297361,3.0305415514630907
47.66941597420188,0.07873432876447306,29.60473560252916,534.3445350036266,0.05657925128039423,3.1340010184306357
3.6719326403347425,0.07391658748297834,29.22615687983941,385.77799882025204,0.061628426484303805,2.925536690092251
0.02828224624084192,0.07246229783223442,29.33314833194737,278.5962473051676,0.06106339542413208,2.449545903655996
3.0088854745308504,0.07408303083257631,25.930611690174988,395.13063450484333,0.06685193008657725,2.842080105040822
1.903333059355917,0.07831079564547735,29.050653103533186,442.6481409257565,0.07060247826426652,3.363059293250868
418.51675754620044,0.07417811258465201,5.873260471413621,137.23599387535484,0.06035461224147878,2.199090746257781
0.014814987362448758,0.07665423979317516,29.490849533130106,412.45652545116394,0.06697999148665557,2.739960842917302
4.802953328547508,0.07275293382092358,29.675485462747265,356.4093782257693,0.06037756773926481,3.2797864562512675
14.128747807562211,0.07406142199605087,29.51730175311681,545.9034072011304,0.0653081131643399,2.3904144993117846
4.506361934922776,0.07259760879869424,29.194364842374718,73.95288984782786,0.061061707798115206,2.193479373150561
0.024307311366208485,0.07290949117648016,29.496358614647303,419.3716867943326,0.06148280650077925,2.645116103786777
4.743883989739241,0.07548974354619996,29.20567682767563,737.1599387515344,0.06931343221667371,3.0602018357553176
93.67903066431094,0.07566393122998852,18.191909819288405,670.2075870723753,0.06448736275473027,2.7974269981363595
4.852574668832643,0.0782672207560706,27.939179589501084,375.414648374021,0.06853729094059183,2.8681600690116342
10.997683818700228,0.07511523145872784,29.159039630152577,188.4654540637364,0.059823427553104935,2.417383230668724
84.16669477782406,0.07629935580555572,21.286124595895984,728.8378545125606,0.06581823510207635,3.8858054523081647
251.49240033615354,0.07750230744014402,9.508166910921762,520.0842523319417,0.0707563398724464,2.8946090368732884
93.33687598925655,0.07488656638439407,17.514460570179242,496.5188490083662,0.0643282814159131,2.6082731497570975
0.04854577476257484,0.0748285123567092,28.91512925248732,582.2158055196056,0.06309162134541263,2.539356869258053
63.49683756469305,0.07266891072955828,29.780353594635542,355.00963303133875,0.07393063733010222,2.858624005253447
6.2629962730139805,0.07214807440521691,26.112351361681313,438.57629813978843,0.06297869548190216,2.966431972500061
14.667870494838178,0.07672088199532137,28.18164902373639,530.6118259510671,0.06326777109305101,3.0519837813081887
9.186182407433606,0.07343426662860195,29.694808618835026,514.3529593422311,0.06634446358404752,2.7177527786722924
449.9106690930002,0.07519596376472552,4.546393464264323,239.0885998242244,0.0631238513502026,2.438473044838024
0.4047652215316849,0.07448482062468917,28.811356052358544,474.52789315166007,0.06440449023282205,2.847758093531019
424.43031062089767,0.07301741192740925,5.472565597194043,481.7492577970056,0.06056428746334433,2.6971650836911594
6.183894013285233,0.07067809939455526,27.312706894783336,663.1450699313275,0.05783833758327195,2.033586708616795
5.989545320625378,0.07222446645544632,29.767419257083894,481.1725049811806,0.0596061357461474,2.205739696427041
519.8285297796346,0.07431905139466953,2.5982502202966433,237.8077825439634,0.06107800710810382,2.3784557551792638
0.01706425394764845,0.07361967853967252,29.708004228588386,328.57530958399946,0.061640637592374176,2.477253057745923
0.019174554111369986,0.07740002477084813,29.525223091882733,561.7343652710472,0.06751901344128816,2.846062432771543
1.2339945698088144,0.07553037976187502,26.951775153271683,453.7330789699622,0.06975151556295212,3.1895408121712436
0.9274829973675146,0.07318935504793075,29.572516242500345,317.92683563631965,0.06118019111273995,2.7082065760932865
0.15249290380557684,0.0751101999648723,29.017637698144966,277.28444935988244,0.06541436046334378,2.5836016919171843
569.9428583150755,0.07321819399682997,0.3928510274793613,411.1096887037404,0.0598894911995235,2.247132224458533
81.07984630541051,0.07562624138814406,20.689663849844592,310.2463572652015,0.06349266760283284,2.7804519297964587
8.191050809174225,0.07211738466204676,29.046288678426496,373.1451740322583,0.0697295195122477,3.2760088532621134
1.6051086265726793,0.07437538770991312,28.198443837256434,514.6501000496611,0.06384002664550792,2.8516387851220664
0.021017413767481938,0.07323623543743168,29.60299254535647,452.21627448060553,0.06182725643220843,2.68958490780249
0.13927513372318398,0.07592081177698118,29.444235328378365,276.96140765792444,0.06575732237926257,2.5658487708716637
10.538320826646636,0.07533839707462459,28.42215652940183,520.2709628940155,0.06614984657106021,2.2591164523220764
0.019935892274906032,0.07561329586642325,29.56362142697447,573.3215441747496,0.0658313354713537,2.9625015407156257
1.5826886283593278,0.0764277723935104,29.33314833194737,278.5962473051676,0.06708404475358798,2.868150396070596
15.037254059234943,0.07662884128034678,29.084957357444416,55.15044776479817,0.07283073898839096,3.461695937734329
553.844746356034,0.07703326499049362,1.893379116607175,344.35379545719604,0.0641051905905291,2.6972405979634217
2.6570770672871693,0.07210725384624277,29.60905962384357,85.69700214182308,0.06320723679510837,2.657714786911703
0.014736794498133863,0.0735835452330613,28.976589888526632,428.9889711918684,0.06377819689868058,2.7548296109937223
105.02438896746376,0.07317929491725068,29.638154834474083,246.283152141611,0.0743524892200021,2.3423058764729303
1.5986497304742164,0.07369915171091677,29.917203999745418,307.77271598721524,0.059517177986122466,2.0566669158530333
1.8232080317937318,0.07663062262279295,29.609649975646846,535.2344318698025,0.06683013877976549,3.269524460746622
36.56548549833768,0.07873432876447306,29.329364457790682,568.067503889148,0.05925650178095904,3.1340010184306357
1.0014058109384834,0.07618861186713363,29.34485816226889,161.4649313752068,0.06560777103858442,2.3316134182510795
3.968841350368444,0.07459287660552054,27.202016307849572,695.1234166192395,0.06417024373943447,2.9602237875216897
0.507754185131865,0.07408303083257631,28.808162954611326,269.68430283933526,0.0626354790475917,2.4283026666864225
5.272718607086527,0.07564949813486518,29.711097200496425,332.47357271433543,0.058944479033129715,2.338315358380907
0.45882857966292184,0.07676564747277378,29.5266811593463,327.9223760604268,0.06785063612377054,2.9023802044197993
1.8199559129984864,0.07059318732662342,28.49744840949407,513.5121151020295,0.05817348443707934,2.288079108589896
0.43477982279826827,0.07195615128269951,29.675485462747265,298.2120861853547,0.05703581884763842,2.08704718761786
0.624922218776478,0.07486164367119444,29.28969967287571,335.56933268896194,0.06958463538776061,3.1709723341847837
215.08412536301773,0.07357373778238338,12.251769088041579,440.186028970597,0.0595053435293548,2.333336167896131
0.0147507009290934,0.07440286236690696,29.600517324997877,418.9768244245314,0.0634311066342447,2.6677110143502913
228.61270513094797,0.07118965163594577,29.965191972228496,419.3237643150333,0.06931343221667371,2.0026212161277566
0.02486210204087744,0.07566393122998852,29.375783999274535,357.81400236317097,0.06505301241978823,2.5803980204355366
0.6194617637703821,0.07467209748074784,28.585173573921722,542.5388257124849,0.06477314605907505,2.9211199754510684
102.30127522357449,0.07270849047496031,17.581453546367698,253.94402842318186,0.05843295405966187,2.1408187885407717
2.8870706528885868,0.07046816020831886,27.7336891739222,613.3043146510136,0.05802071553215138,2.1861811654639545
0.6098425030952686,0.07411570228798067,29.517738579882472,520.0842523319417,0.06658349598300412,3.123812097444704
68.11517128360327,0.06912248413694785,29.619158918254456,614.0625894087982,0.07171731934814773,3.5153047392552574
6.854569519360693,0.07820670251510253,28.91512925248732,615.5317512352358,0.06948499281033485,3.7922318295185002
46.08202439864938,0.07384122363456612,28.149976196113688,420.6306573974614,0.07393063733010222,2.7039327981914747
0.015313577488583634,0.07292098541255104,29.396360716568985,374.70066388904365,0.06151395856634348,2.591386110288588
0.12735543878057692,0.0770815004428651,29.645622382821127,625.2362967452709,0.06734538386638678,3.0519837813081887
0.2006582230634576,0.07661056736063433,29.232390032021343,486.9226967731053,0.06946304016285967,3.3358400993852024
0.050676726357540905,0.07303040053901881,29.74671697192064,377.0844383239445,0.060941299454741665,2.531786030078651
18.884844605011594,0.07467930180239393,25.71808709076526,359.1505040795564,0.06440449023282205,3.0075330721972855
4.16532645172876,0.07725524877580722,28.889566844911677,456.5802315624494,0.06842020711056815,3.374634331367304
0.018868827436481224,0.0739887904066286,29.96281923569344,425.24831872892554,0.06213040941331022,2.6359653960904152
302.43703419295576,0.07531633185174494,8.480103029005106,474.1022406320759,0.06327756351426891,2.426843066610583
11.530760714972473,0.06946178492300176,29.017111452574113,517.5348475340936,0.0628182729373197,2.752463419184478
104.22182618651391,0.07200754313949652,17.38201771098214,292.2763622923363,0.056756115280537256,2.0985141745195732
0.22855547478016708,0.07606268221376923,29.853526091598553,561.7343652710472,0.0664914891612465,3.1478800083678844
5.85758697106186,0.07857866942799559,29.775631694678,609.2577597861539,0.06883522695327904,3.72234608914415
11.916149512998654,0.07554327127306758,27.763941107150757,317.92683563631965,0.06484183157048173,3.08623353639861
424.3267743291918,0.0761488273589151,5.152852981761676,307.89820964342124,0.0643668516770537,2.4967145305430054
0.17020714506026788,0.07428122086035513,29.4358366058961,426.26518626565405,0.06415131622589795,2.6805281260632916
163.46079848712398,0.07489925410156972,12.638980044632273,406.54719427534064,0.0673638057797736,2.5875115708856757
2.469766774374448,0.07216718167953758,29.116846439994355,460.7197237442589,0.05862361785179199,2.147077353393333
9.732984694635794,0.07118965163594577,28.889145784927337,419.3237643150333,0.066667815411461,2.9074551879161366
0.01758274286383011,0.0776765067142437,28.502449132541365,597.1702161267478,0.07202034174741348,3.422492723621313
3.292996523354714,0.07684959985387148,29.302350590584098,489.7899599719139,0.06456118841837033,2.8424911855519785
0.16364638009563523,0.07326537427599814,29.459464323516613,536.3541668309038,0.06246011852776062,2.7443323941363977
0.015240186901113248,0.07551902500111655,29.56362142697447,573.3215441747496,0.06302266909215976,2.5707182035298732
0.33676558157132164,0.07220640434603538,29.39510881212112,312.0959178622853,0.0571641347114171,2.0597625071886405
614.3996410752302,0.07662884128034678,0.08008921971232574,529.3372042303181,0.061714102245052804,2.347610040456811
5.192935515794252,0.07357659532201673,29.58578665646619,505.39078708113493,0.05783882185607231,2.743060749278073
69.10236594046751,0.07430419175491604,20.935982380099052,382.4019418133291,0.059358371223616674,2.403467943380567
433.1587263819601,0.07269386040764028,2.155822965713245,428.9889711918684,0.06377819689868058,2.148257404717193
23.102441456429595,0.0742235235443359,29.44974033463203,415.97437437174966,0.05826020060441453,3.5686625293308447
12.212537728164804,0.07614963915699731,28.735946522821713,432.75354490284286,0.06387161265879679,3.2615821565909453
37.13164244067573,0.07315332728391089,29.567337264015592,495.3030323964584,0.07153634584292187,2.8960387371573857
24.84620664905991,0.07873432876447306,29.536269171429076,819.2580578168781,0.06945730487164276,2.3425395000441775
0.904178731441182,0.0762897592419352,29.668587175933766,385.77799882025204,0.06601752121045837,2.9054529487032834
0.014837700698992897,0.0732308129531537,27.649335834795437,458.70491270180054,0.06591094849001536,2.8965398837554948
7.319509705440936,0.07594872655328949,29.75072826316862,266.5619040389514,0.06008531058401159,2.4283026666864225
0.022548479732189722,0.07782305901103856,29.455177720360943,670.415252732917,0.06868811878107614,3.0279829070308333
6.722354940681019,0.0736698145436697,29.281927390015923,484.1994288867299,0.06794836986394959,2.8902347290860853
0.7595772564608261,0.07665423979317516,29.72257400418634,412.45652545116394,0.06753678801799426,3.116281449140304
7.7106397319749655,0.07868040393581945,29.150965576624685,746.6224392746454,0.07029341598174399,2.6102412414430463
8.88359008187386,0.07591390511690788,29.13178202858493,190.5064405860266,0.06219771892325748,2.4786375610768334
17.742606292334592,0.07288060862869154,29.249869315188683,250.86452553882265,0.05696024761411622,3.010768631954969
2.503799622190822,0.07284302804894671,29.524700969393155,252.54311291025317,0.0634311066342447,2.362322664991172
506.3531190543109,0.07924140838352961,3.009134679145845,416.6670713034366,0.06931343221667371,3.0602018357553176
5.994348347579013,0.07566393122998852,29.120055243292775,361.87946682402037,0.059806637835171594,2.400676299540749
0.6802659365747109,0.07467209748074784,29.334347697612706,540.3241837371575,0.0664056903591064,2.9361507793381807
0.8026318413864229,0.07511523145872784,29.25232636625102,540.7469185897244,0.05933581465185869,2.2974579238779707
0.01930675732180539,0.07601825180490447,29.4369550047522,403.3292657920051,0.06607768650397358,2.689560640241721
0.029364929187807073,0.07720618710765181,29.067616082296315,520.0842523319417,0.06940940390568157,3.0980904886469887
77.7873505959804,0.07479269967593608,20.065399660355684,320.2831947219254,0.061021849125574845,2.401987834160049
82.29126609817962,0.07345176109179778,29.651655459964324,384.7720222243211,0.07354739609701136,2.5740154072151413
0.9140852920063071,0.07725023046999246,28.149976196113688,595.2884121577183,0.06914555424342558,3.1310771673008837
0.5178368245743835,0.07292098541255104,29.593886897580695,142.80774353129812,0.06151395856634348,2.3159351270090207
2.5361018523922105,0.07171965709333382,29.80765617486606,302.9624691406158,0.057065707460157405,2.0082027974886065
0.41516576608397726,0.0754205384715974,29.90774237713989,462.8261213145939,0.06634446358404752,2.868771848000354
2.658738602585937,0.07606911883542125,29.74671697192064,316.6840539258362,0.061511695799217975,2.410769464745523
0.17095026870497726,0.07580994126814401,29.731783593413596,414.9103165997667,0.06825197754464649,3.321331034641484
1.3339554960790894,0.07725524877580722,29.524214460687325,758.7995556645271,0.058690946294210705,2.1743535256915947
0.2989086310288481,0.07658480861127463,29.387716881307988,384.3960834335357,0.06771942139562095,2.9439969005996165
0.4387760114897584,0.07531633185174494,29.55786170987937,542.008660796027,0.06543023908021114,2.7555513940397063
2.84243840630333,0.07368888704482368,29.27225108536299,256.8148658410202,0.06240960518938618,2.112512549455623
3.7397649208654116,0.07499839184462631,29.46106658223752,615.1038952716565,0.061640637592374176,2.96030678687758
3.3699864357764717,0.07364573091242237,29.667689772556635,615.100697343387,0.06492659986698865,2.800467730347305
0.0252728017316258,0.07837525758467881,28.829831326728385,472.7274915129924,0.07458289690457223,3.72234608914415
1.7998196389245562,0.07325961416463782,29.354369185882042,512.0777355551614,0.06484183157048173,2.8245952895657993
27.42805366755988,0.07558999487804162,24.26267498383035,315.1714443280599,0.0636085142791867,2.547799292284009
244.32214441796305,0.07428122086035513,12.016756820159635,329.37673677673763,0.05948373711642882,2.396277922133837
0.9751120877930886,0.07661341556299606,29.76953776935115,536.769114212032,0.07089170751743062,3.3910896683146454
0.3056233276084801,0.07324452622734476,27.654366589396872,424.76482819929134,0.0669398354840125,2.876700684229337
2.0132103348228596,0.0739335747890602,28.198443837256434,258.862769505101,0.06235152756057802,2.4421396567783056
452.9704439815487,0.07628143028264736,4.518750222160767,597.1702161267478,0.065055659720693,2.8873417531377252
1.2623778250312183,0.0726168332372829,29.594000072778357,154.1862146456147,0.06456118841837033,2.372779009509222
0.07701726880675595,0.07533839707462459,29.286954743819827,492.15047183021113,0.06527021458985197,2.8377227161109797
0.014731108490073072,0.07551902500111655,29.64626029222264,374.6433539559815,0.0648259163444016,2.6163425166173306
2.592643944184145,0.07552194616693544,29.39510881212112,272.6816992208695,0.06449369623406356,2.75766048187083
0.8252743489051237,0.0763763212520761,29.294498211643585,856.3426117937665,0.0673838809678863,3.461695937734329
0.3466108278758232,0.07474069298266485,29.08809486922789,208.07728519300719,0.0641051905905291,2.3910025335355427
13.537888275683612,0.07086366143775377,29.633570014795154,418.28939945648546,0.06320723679510837,2.5166482128583723
0.05555305695261154,0.0730859780426643,29.571085734971298,274.6784932789185,0.06206827183392902,2.5770861031132064
8.05633505156266,0.0781866903572668,29.180211532856433,199.5999826408388,0.0743524892200021,2.472927649050621
28.28191560352151,0.07244396997654033,29.285560738061676,295.9990570564046,0.056375787780033076,3.9000354100511747
0.06287484449440214,0.07570588070181403,27.43086384214081,566.6449314625695,0.0690063367515561,3.020035920204685
1.8365253941602677,0.07748124373507101,29.68840732083764,819.2580578168781,0.0688553411910662,2.9697307500238836
10.743547017359706,0.07447460682103768,26.237647977687473,385.77799882025204,0.06371243694790218,2.7714501864483907
0.01387126367995858,0.07603373618330259,29.6404621280789,322.143333132115,0.06543882827270467,2.5428740957404705
1.3414576418483422,0.07693872797194862,28.956864824874295,269.68430283933526,0.06911060533387015,2.9556934526070817
0.32701786914084224,0.07527412318795385,29.543057248393765,248.9819441297642,0.07096542904138076,3.2617477435844493
0.3542412870339219,0.07540230010566439,29.38984556756114,484.1994288867299,0.06501851232498723,2.6195727071439485
300.9263502471305,0.07665423979317516,8.225304369803652,299.0332230009875,0.06697999148665557,2.453143419084804
10.808575688272661,0.07475111064872184,29.524763456893687,198.39792772957009,0.06334098108437136,3.2797864562512675
231.94206215606607,0.0769923631247407,12.92184764837575,242.12204946519455,0.06095107498652441,2.2249370898574483
0.09572006626494325,0.075514346689638,28.89096227584569,596.6797526591281,0.06643746440121057,2.865005878934004
0.04028277625335409,0.07528911377078429,29.006318140884375,228.5709316051724,0.06799576385973008,2.6677110143502913
0.15639826735941142,0.07944583301747349,29.965191972228496,545.3112419981036,0.07108667039836633,3.0602018357553176
0.22464886539698747,0.07566393122998852,29.17417591475877,361.87946682402037,0.06435754507331637,2.5361796361062923
0.015286079903014744,0.07615342523813243,29.45029572437465,407.55162008156833,0.0660531547867737,2.6951957194627587
0.6142104392037528,0.0765731845306609,29.61396070130742,273.304985949767,0.06929899282206708,3.136775008590139
317.1627869922566,0.0743002963104748,12.215244987174856,243.55132001180948,0.059526454401302525,3.8858054523081647
17.41168098767789,0.07390912080222536,29.58493962663146,383.798140535769,0.06634543043336463,2.3309694780403145
1.594881084173691,0.07479269967593608,29.676982796585442,272.2284142595797,0.06587408218148749,2.4663476142275056
0.1323219178153142,0.07570259055832632,29.17138817423993,232.26720191488295,0.06557704758914004,2.437754001847911
191.42421071013882,0.07643934487578456,15.850682717489807,367.6167757028426,0.06526987762883196,3.585957160736797
0.8865273841982158,0.07809264621389805,29.396360716568985,374.70066388904365,0.0690598649685765,2.9630762464432645
2.0290117413906406,0.07459241834698406,29.727062393829822,305.7575528505073,0.06661635870875926,2.627740268107029
0.2376915453668767,0.07556651852361014,29.390964066851797,348.94814187352273,0.0639939581413933,2.529669900597769
0.1540074433863795,0.07636488180827887,29.74671697192064,377.0844383239445,0.06530060895626932,2.6479941896330295
0.014916128607489051,0.07691058030813351,29.02439080487106,315.05209117862216,0.06794902426331598,2.616996355013695
7.095446779812926,0.07725524877580722,29.71991824761146,114.16964199659327,0.06439725863737375,2.2514524127963815
17.272596328019596,0.07353487605235266,24.25509921908103,150.2116121938135,0.06271300113427639,2.1690033593545652
0.041399430454388056,0.07531633185174494,29.894738367066935,307.21397139632177,0.06271566925841063,2.3815820585203804
21.892686785509213,0.06946178492300176,26.58979700593988,420.7250810516269,0.07154816252000945,3.2219841146065558
2.7128417406832783,0.07579329972895833,29.673542938137807,328.57530958399946,0.061640637592374176,2.477253057745923
4.813726463420693,0.07499578387423644,29.667689772556635,307.21397139632177,0.06626884007097411,2.3815820585203804
469.7232332329501,0.07386059974441313,6.503477269929528,453.7330789699622,0.058258669935843665,3.72234608914415
0.11376841726967482,0.07693872797194862,28.956864824874295,389.2311455650849,0.06911060533387015,2.9556934526070817
6.988736866045334,0.07814998915212656,29.35438616151567,335.0895762968332,0.06406495713269258,2.578887633823883
1.0986649963269666,0.07561178801094252,29.452257313661725,349.9989226505872,0.06362082051907839,2.6118002538159875
0.01877477777373058,0.075756135390907,27.544677268223886,356.6886424251328,0.06954959847316017,2.8014685406845694
325.2751251384096,0.07938706949072984,9.14938342094432,424.76482819929134,0.06655356249687827,2.768938061781947
0.9934703263441502,0.07581040705907974,28.198443837256434,346.1404047177918,0.06520582999680016,2.538831240733127
55.739989481389784,0.07525618604022216,23.993423936931464,597.1702161267478,0.06169336746296669,3.422492723621313
2.279036162382146,0.07357344578037595,29.853948977904416,499.902649799038,0.06500943679902338,2.8424911855519785
0.030600405334086297,0.0771981858881301,29.705626178708542,353.29645573511493,0.06726088836659064,2.6281000371036765
502.7751794546547,0.07698963669705225,2.9322667532820166,399.97055866384045,0.06436402394990395,2.5440832691868613
0.017756749795554097,0.07881013844528373,29.39510881212112,610.1713202210781,0.07008280578959555,3.0570941658323267
31.385132502253988,0.07662884128034678,29.440747886017444,170.84221352574383,0.061917168831535335,3.461695937734329
0.1613372662831259,0.07479037051167983,29.831926036362393,190.04393325853619,0.06259813798501956,2.2554454561488027
16.441207946525314,0.07761545178912613,29.633570014795154,350.6393881743545,0.06320723679510837,3.111693944778824
0.7890563921352407,0.0735835452330613,29.597804860454296,207.50501286451475,0.06377819689868058,2.7548296109937223
1.1908104460452407,0.0778139850107368,27.67792153775551,395.3289443907,0.07109644132416973,3.044364924795344
0.0277951042991941,0.07836630447225984,29.774801434518075,515.0662128948458,0.06880098434684873,2.8708962184953037
10.95719794176079,0.07709061908734201,29.658604219895686,73.54108050908883,0.07153634584292187,3.269524460746622
2.8395269558158507,0.07873432876447306,29.428814824236476,265.05714888126477,0.06737900203792571,2.5913750963783153
1.6525840102233051,0.07312770555169743,26.237647977687473,275.1978084662519,0.0644754539848412,2.4680680807465403
6.153708343095854,0.07573609642686867,29.53547993970506,169.80121871514262,0.06387161265879679,2.6225626154644295
20.472079933450498,0.07310467050976623,28.3049697665043,44.751075221302585,0.06251493683301262,2.4283026666864225
19.726145371966666,0.07831079564547735,29.755845467206484,511.9699794420652,0.06271264965677084,3.2617477435844493
2.817072240081372,0.07793801456253657,29.7553697155344,756.5027476550495,0.06952065991080048,2.9023802044197993
383.04958225803665,0.07987074598448946,8.611816825734449,163.34125281575018,0.06774349547157221,3.0677070399767326
24.683919106903343,0.07450971395433822,29.675485462747265,202.96056483307547,0.07029341598174399,2.27370553973327
0.035184786896069215,0.07826372688173064,29.634012897569384,249.44546318245486,0.06828334676288209,2.4585512356916173
21.240592086895646,0.06730237544836867,16.573037379123672,749.6400535064424,0.06649771388239187,2.764925236434813
3.9893897289505302,0.07365224371639915,28.942024511035434,237.78323401657985,0.06163406367180435,2.6677110143502913
20.547589841379605,0.07924140838352961,29.771533227174164,737.1599387515344,0.06183666204044405,3.0602018357553176
0.8979575290379334,0.07566393122998852,28.6481279749625,352.32096669662064,0.07033688224476856,2.9546305687759697
84.52771036798745,0.07769061686702917,19.506264235498215,215.47088025684656,0.06566427403323105,2.350282934602523
0.9255453468009894,0.07832936087794408,29.5154806194244,343.21573860217643,0.07464025196307889,3.3668237693108916
35.19132207494013,0.07765890611785371,29.238044358977817,403.3292657920051,0.07424258332693559,2.5065017521932274
11.729558450706385,0.07569527731282485,24.281219483976585,520.0842523319417,0.06803331096054596,2.928502910680158
14.912635004833446,0.07455514533269884,27.14438219365185,614.0625894087982,0.060894504154818174,2.957528461379232
332.36150058618364,0.07446981035401594,10.385905485569776,225.5338655906021,0.059608180582576664,2.9144646850892917
2.368904578623888,0.07826420010138616,28.93828365575733,328.16467849729,0.06742491553028904,2.667354212017617
252.33558241419217,0.07292098541255104,10.361131422103629,374.70066388904365,0.06151395856634348,2.456451955880924
0.03548503496364954,0.07393752833461145,29.93992558161529,266.01349094288116,0.06148444873756517,2.3345138295927104
8.933594202371204,0.07381715079322672,29.390964066851797,478.20498350925436,0.06899221790547119,2.9531987500742343
0.1408698533226131,0.07864877978987453,29.74671697192064,377.0844383239445,0.0681655183758487,2.530211658583451
241.4284996115635,0.07559925712726268,12.992428118057482,316.1219877669399,0.0634527410151203,3.0075330721972855
111.46628926290327,0.07673147735901187,17.29963274664961,313.61685813454517,0.0651432416687141,2.4686827606187265
430.5802097033268,0.07524050836307913,4.769832451971393,453.7676450338234,0.06187019846333472,2.3776371473412725
80.83026847435156,0.07566810823340998,19.819483326975988,233.96696605575568,0.06284396761281308,2.349620045023542
10.458665761443688,0.06946178492300176,29.571650002656177,256.8148658410202,0.06329321681368391,2.6371212818252165
0.013977922671083595,0.07767803192999302,29.56754053437959,308.4509448043063,0.06775480446701376,2.5514716622672733
20.880164069067597,0.07606268221376923,29.974601494551063,88.29027746789484,0.06347039503743895,2.9389908964761635
0.7129133953113536,0.07200794796970872,29.014946104734747,251.47562234438854,0.05931808747749526,2.1111759910492576
0.01687430637661286,0.07936178322118718,29.734633394799513,401.3375189174113,0.07185515567190467,3.0487635355534275
5.902652361737257,0.07649672176857727,29.658711753511366,481.47248274587554,0.0701011721308909,2.8176456714876044
3.7506020037390098,0.07344032228209146,29.4358366058961,376.2494859759578,0.05772956515601005,2.4880309124906512
0.03306282245561868,0.07853391351405173,28.613433354564183,441.2618860082467,0.0721794744107867,3.1214872419926207
22.919293434021064,0.07508461802878189,27.846953236188394,424.76482819929134,0.06175444300838459,3.49211011196026
190.27427656540547,0.07471055662895924,14.710977986184771,176.42712851940684,0.066667815411461,3.2481078512129624
119.53613504183926,0.07371655764367996,21.795240307623857,85.93859078740417,0.057698682540923224,2.8690163041211822
2.1762612665290453,0.07357344578037595,28.505145887296987,521.9764337023053,0.06456118841837033,2.558236099126572
0.21673647519923084,0.07533839707462459,28.894059911787707,270.0318951360131,0.06708701678314086,2.550856982395087
0.30634241510645,0.0763313759397365,29.36546340444741,474.48544754908727,0.0648467977449545,2.4631855760165116
1.3504615880980593,0.07543098567798308,29.39510881212112,397.7605788969428,0.06708404475358798,2.680803953277658
27.305641761237666,0.07318763947638585,29.30958429161629,726.8578503049791,0.061910110426083687,2.0868744206394245
56.67657904663426,0.07835635470762,20.186191481893534,569.5373055894722,0.06878980509123381,2.8120497973105385
3.3320351464454,0.07784686738906768,29.39886566014532,418.28939945648546,0.06743161245611662,2.3231310615314036
0.013951597102026952,0.0756728721785047,29.69632512241123,386.20774672899825,0.06530538205060168,2.6834259227096684
0.022825953968896626,0.0780459148496729,29.369146777013235,377.6877552372294,0.06920255732793582,2.742721443999012
408.61481827031656,0.07390676010556287,3.339373345958661,654.8933540999456,0.069608355525417,2.8368357706842398
20.008540593623096,0.07142300340632134,28.27988300994479,25.16148954804055,0.060852360920698845,2.106550061241868
27.209853308681595,0.07873432876447306,27.980796626486026,189.01175867683452,0.06267335811466643,2.4061937274720444
25.88449043990807,0.07490802783031454,26.237647977687473,385.77799882025204,0.061369237946595045,2.9054529487032834
0.42870048836214514,0.07698800429274447,29.53547993970506,420.3294623726356,0.06387161265879679,2.4468003792573483
0.016370658807448812,0.07821194731894696,29.75072826316862,475.3107144504147,0.0687523859784164,2.8576981445584306
2.67857850882225,0.07692769225552343,29.6589138200829,511.9699794420652,0.06654929413157978,2.4761492168705628
0.017076150242017918,0.0761378306748357,29.281927390015923,357.41208842625497,0.0656446319108161,2.5550571371646416
0.11922640826579364,0.07417166463286065,29.490849533130106,247.9940248209499,0.06379165553255392,2.4189350622078605
125.50912478602449,0.07323579552204003,15.994791192777765,261.5785552951817,0.05880230260642769,2.0744650272841034
0.09986714331431351,0.07722193360721819,29.708289383117428,218.61674721914716,0.06669827701773401,2.3898998672098903
3.355666113214014,0.07578385039755266,29.7164975447861,236.09826640427707,0.0645398604263927,2.764925236434813
0.17960597241623494,0.07634753770657364,29.600517324997877,418.9768244245314,0.0634311066342447,2.4487621589482726
26.615794665694686,0.07902649340170412,27.539110135413658,737.1599387515344,0.06379179490737316,3.0602018357553176
0.49672879336168385,0.07805661554452156,29.718300570971447,361.87946682402037,0.06805619640328031,2.5114225272283717
0.017444133362902778,0.07546441554104533,28.754292580374653,398.1317998259078,0.06624486475045205,2.6754132459308773
0.08109349723626127,0.07596177120189089,29.261650684065216,317.48901494781313,0.0655510659174249,2.5504568956606994
586.1690483912779,0.07433558805648059,3.0763461563803673,245.15140398853285,0.059646826616244375,3.8858054523081647
0.8576476682436514,0.07453873681867927,29.50723642416027,520.0842523319417,0.06293022469875298,2.8946090368732884
27.051205068922503,0.07479269967593608,29.44475652965845,68.18291886245453,0.061604952842309074,2.910860336810561
538.0796096397647,0.0780084072805335,0.9724159271555628,582.2158055196056,0.06314740108564532,2.2552257099934785
0.021360947051360747,0.07649144158518112,29.229393365012864,295.8842534446329,0.06685428175652519,2.555809461771478
0.02636188016481015,0.07367734456033422,29.396360716568985,213.18037480054716,0.05933938248158213,2.0072083883930456
0.29323185838960986,0.07752119156203617,29.997462550669546,195.98117169791544,0.06734538386638678,2.2640141717869966
2.6977897846075343,0.07671617353629849,29.390964066851797,337.1299494875728,0.0625832573670761,2.4098051200333996
0.04574702005497752,0.07303040053901881,29.61329554658434,397.25691344454935,0.060941299454741665,2.531786030078651
470.4966117518321,0.07695955601843686,5.002097117323679,404.96340065757977,0.06383737906687922,3.0075330721972855
0.16760818553292647,0.07725524877580722,29.619393677697087,460.9673282366651,0.06504125503708733,2.5535460748909875
65.81929067364364,0.0653286957661913,12.138453706925201,492.91652689431606,0.06814273892171607,2.7942111802353944
8.597042970932634,0.07416341590595306,29.623172068845196,474.1022406320759,0.06220417160884484,2.150370482978013
4.978274962669877,0.06946178492300176,29.953648439083626,364.01371079507385,0.0597118486286789,2.6371212818252165
0.8643432732958334,0.07815744298267364,28.54150208017381,308.4509448043063,0.07163947563630901,3.0642540806099343
0.3721899453620445,0.07606268221376923,29.51399160804455,561.7343652710472,0.06359722361201336,2.4359087000437505
0.029904851736951007,0.07647699605872298,29.642914222965906,283.4103890300598,0.06587637583872191,2.492558184761847
1.9598520407420539,0.07435730105248478,29.640925913001333,105.45027896923398,0.06216197102678131,2.1386166537103737
46.63984267153228,0.07471926608134774,23.69277237948065,294.82167357134335,0.060392501978707186,2.5652649939637584
5.371473798059362,0.07428122086035513,29.176336573131312,466.42279111389587,0.06891190327990815,2.94408415050693
9.756058822201444,0.07688784419632912,28.613433354564183,221.88115260850446,0.06090425453420714,2.1984687814043973
0.19785716663335912,0.07683435326523279,29.056488108045038,314.78977324949636,0.06776547341981332,2.521775318495096
0.017180783724418447,0.0763149996073642,27.6785967471752,587.6549688544608,0.06944855106315526,2.996347383959522
0.014239493931441458,0.0776765067142437,29.61178792802351,369.85019566965326,0.06973562514071124,2.9442862719456007
0.5372020134953913,0.07538803582224347,29.522992970791588,383.2074174473953,0.06456118841837033,2.7668956627258217
0.14565188428633807,0.07580311858625768,29.65740324035562,218.29909280075333,0.06486883172717922,2.3916779365680174
0.7267522231662058,0.07417166463286065,28.917557577058588,374.6433539559815,0.06379165553255392,2.4189350622078605
1.1780609851448407,0.0764277723935104,29.39510881212112,371.9315987314326,0.07017592708935924,2.941654482717434
0.015851037407903126,0.07506094559396954,29.68360366162154,330.2439601255227,0.0640686612261269,2.5377876434855935
0.5993510040880246,0.07535905277909288,29.657027998056712,381.92605673475,0.0641051905905291,2.743060749278073
5.799779012832792,0.07554418846099417,29.939548511537666,158.29306400332092,0.06361783107873709,2.657714786911703
12.394937882822608,0.07171265904830348,28.047756492150626,386.20774672899825,0.06530538205060168,2.3859428477237996
13.490932891454825,0.07604675082477816,25.75812896714175,604.240733960922,0.06304688839221839,2.6032662628386296
2.9413646816365864,0.07357629457910517,29.99153129811205,256.3407890194284,0.06543882827270467,2.5428740957404705
556.1186327587275,0.07726257611728733,1.2701456896889027,327.5686234613853,0.06511696903632086,2.53004889405292
1.098984192732427,0.07748742277391513,28.7281368348375,397.15862083701927,0.06824099647457346,2.8630669430518845
6.037888951412264,0.0777675322257779,29.690182866121706,385.77799882025204,0.0668459039153976,2.200296305616428
0.16320337311883554,0.07482555475532274,29.733070521471817,327.51317022999046,0.06215371725759106,2.4358384837847553
35.33467918874956,0.07821194731894696,29.75072826316862,554.7869875270032,0.059416155117307135,3.4720580607608817
49.551518816396424,0.07831079564547735,29.711097200496425,511.9699794420652,0.07096542904138076,2.1874711039288774
0.6887808893163525,0.07828269416001384,29.281927390015923,484.1994288867299,0.06864296569519254,2.9538388645709595
1.0456594473547955,0.07569119565103533,29.490849533130106,314.5701390078893,0.06697999148665557,3.0647290393502304
132.0128303586867,0.0749155538719084,29.70010023026653,746.6224392746454,0.07029341598174399,2.1957293822970336
12.619798032748482,0.07591390511690788,29.63170598884198,599.0525915861654,0.07451281211247868,3.5914776544667117
0.4569247396653152,0.07608565806465686,28.89096227584569,478.65408526594257,0.06566155528413775,2.764925236434813
1.165471590282922,0.0744911078204588,29.21199220278681,294.4180704710652,0.0634311066342447,2.6677110143502913
0.5910543047687529,0.07098336568760932,24.55588802543827,436.44727873318936,0.06931343221667371,2.9540288103111716
0.4911456995310577,0.07397857111660971,29.17417591475877,361.87946682402037,0.06274399895622884,2.380636677729704
0.0812103486315077,0.07150427970331574,27.999246678301674,334.4315636417542,0.06022180155876086,2.325044385760797
152.97127135212935,0.07511523145872784,20.83170976872163,287.4437586866512,0.057881272339540296,3.8656000627310028
5.837148122461437,0.0772532567471275,28.890791396298795,403.3292657920051,0.07015435091698935,3.8858054523081647
1.1539729487306447,0.0759414038143704,26.105641003771062,397.17204735129394,0.07029941916076085,2.904352910167211
0.017465236303678293,0.07879572342777481,29.68417020692192,737.7542511979606,0.07041600111564081,3.2665516717045686
196.08144845865553,0.07355384082348268,12.388139121354442,582.2158055196056,0.05989147518176455,2.310115090119265
6.488276829702825,0.06995558345628464,28.149976196113688,595.2884121577183,0.06765811679699055,3.585957160736797
8.07048219785622,0.07656723152459187,28.80433235726474,455.4887786256587,0.06151395856634348,2.591386110288588
9.139562000638264,0.0713530861705271,28.179529141966356,625.2362967452709,0.06734538386638678,3.0519837813081887
12.81415113911777,0.07567853577894572,29.390964066851797,525.4049383601675,0.07165963068097303,2.9531987500742343
0.07291111756796424,0.07630182990086655,29.61329554658434,455.80151447025884,0.06647718055653304,2.753712814911629
0.01570015555881463,0.07309497557667557,27.80680689102493,416.51005766189525,0.0631283840554018,2.526887883465311
2.393464591535875,0.0753766097863802,29.581186330993276,758.7995556645271,0.06436404009252561,3.374634331367304
11.349128424858822,0.07353487605235266,29.634608318327835,492.91652689431606,0.06205736976274098,2.164417979025912
147.865536193426,0.07371472788574293,18.25873442999876,247.0618153847962,0.05786599124409014,2.7555513940397063
419.8786348967687,0.06355275856858171,29.63191614348199,743.4562828942342,0.07394094588596686,3.1441069988192316
1.1752686457224344,0.07702242976268002,29.95661931875741,372.63791127404744,0.0673626648442838,2.5514716622672733
13.73612603203822,0.07120308081184595,29.27638218806662,561.7343652710472,0.059566095519146656,2.1510233438505386
0.07640609683966285,0.0736774102668107,28.829831326728385,453.7330789699622,0.060273981041970015,2.3544470045016634
0.3746132384458324,0.07528572141518737,29.63632414201247,387.5063759147291,0.064700453203625,2.5356407581073013
3.1678848317158494,0.0753628354124293,28.881345897977113,158.0048118235502,0.06868750183464409,3.054483778989767
0.538098843989034,0.07431432799595855,29.26954149412617,782.7705018625322,0.062426621192010145,2.6022238543018386
20.665290332720183,0.07116099384668291,26.96734725893181,126.02587494748639,0.0603473051840453,3.1294416013433315
11.605042679249284,0.07340011461156488,29.625714140128668,196.5861920209909,0.059788011621427106,3.0572321961916495
1.2227104701497535,0.07659382575141499,28.198443837256434,312.69626394597054,0.06446044265388165,2.3236475713168305
25.517744940235964,0.0776765067142437,29.17744492524875,200.32805386589104,0.06284053305666618,2.9442862719456007
0.27018420709799207,0.07777589145669608,29.2474424770708,499.902649799038,0.07435872820416953,3.8715823789562505
550.4586796750502,0.07533612482774635,2.4907934307149375,353.29645573511493,0.06059946138385788,2.7443323941363977
1.447393499790222,0.07421699617135445,29.45134510182473,239.6825084199508,0.06285182199988637,2.6163425166173306
2.4360040842204578,0.07467522967669499,29.39510881212112,528.3175267469198,0.06708404475358798,2.868150396070596
549.5164562337529,0.07844536262789062,0.9397913743200981,254.40282084432903,0.0640686612261269,2.1736649906094256
5.595167299525848,0.06241729579519054,13.451923767875694,647.6618641840419,0.07112215652464934,2.921928637915695
353.03166771105873,0.07982406531629306,7.602858419105787,227.86514445314725,0.06898670314426228,2.575971501691643
0.33959590097653125,0.0756728721785047,29.56297743892066,386.20774672899825,0.06428210619852615,2.6495305852868283
1.4491849829367387,0.07262790752010494,27.67792153775551,160.52099237069774,0.0743524892200021,3.5686625293308447
2.635319750591174,0.07637516841424018,29.6404621280789,366.58267427519104,0.062049333375603144,2.4709694355703595
7.864315618469536,0.07315332728391089,29.657749216358948,589.801370095253,0.06456788599703603,2.6244105927327412
0.014211816758168988,0.07796180463133803,29.539830578694396,328.4989982199546,0.06859474534867596,2.643758685700387
0.03379991659017777,0.07673779287246389,29.62317503979886,259.7578851040595,0.06630977054837334,2.4613375987482
6.064368052751684,0.07459701535864503,29.690347094626873,476.8524349940089,0.06699427733347207,2.687380472400016
604.6139986911265,0.07884298092630612,0.8242050066114786,274.4037641591278,0.06501114262166696,2.8576981445584306
1.339873607183009,0.07660878226760354,28.892426069446046,511.9699794420652,0.06802588655013597,2.6626616999271597
1.0793305667536455,0.07676564747277378,29.46912350347819,484.1994288867299,0.06597352928256697,2.9023802044197993
0.024352107815488962,0.07614525083318739,29.862287364131678,335.32231341195666,0.06462147063280338,2.4638567109011915
0.014040986791521846,0.07718958301028758,29.64938878502555,319.9466806854334,0.06694048368963104,2.5519294592956006
2.0405249801118925,0.07790578241601465,29.674043607880282,423.6871298782458,0.06872790343458232,2.5549267874804107
0.04414843120042056,0.0778309085107985,29.58146791886239,397.9735104381581,0.06877518819066855,2.7668709126150324
204.0528212028216,0.07815714600742214,13.32304505364909,418.9768244245314,0.06755848706485643,2.8709502799019933
3.594686534181803,0.07924140838352961,29.965191972228496,737.1599387515344,0.06412454766633291,2.702508271109586
3.1942768426176835,0.07566393122998852,26.582038087121486,457.935060824407,0.06655054306978647,2.743667093023336
0.1923588881080025,0.07589392151967658,29.45029572437465,364.9821519691387,0.06550306786099366,2.6951957194627587
75.24462510439619,0.07825969916973399,29.217322625646375,422.92253254997263,0.07168434356750517,2.0355668555303943
13.087855719611106,0.07765890611785371,29.238044358977817,105.29264276540084,0.0629021086738536,2.1234076245460676
345.9528359578385,0.07781202039537874,8.593406358586812,156.8987175265451,0.061674390789448696,2.0942604034057792
0.05871213973957571,0.07653444950249835,29.41084949421201,397.74519402437954,0.06215072618851253,2.1587772946977903
3.1470236702232732,0.0754561631168762,29.83404693047433,362.6925630377705,0.07354739609701136,3.7922318295185002
0.5409489119459701,0.07720620145817232,29.561525423688764,178.15031498377652,0.066874777396107,2.360605953384093
3.320450739017803,0.0752461681897546,29.396360716568985,328.55533544855507,0.06151395856634348,2.5447245626622275
423.1555218732723,0.07854142617048611,7.216842597739449,281.5009112440166,0.06450840365905264,3.0519837813081887
0.3675462602007813,0.07705868688974804,29.390964066851797,389.4211929036369,0.06634446358404752,2.675041686210246
1.2621273945080058,0.0765040568355867,29.79744749962063,222.19151327525117,0.06535019767114061,2.531786030078651
0.03236342011633862,0.07526649089878461,29.86691307992946,261.6307527384206,0.06440449023282205,2.5016365464053596
0.397042183497048,0.07718958301028758,28.889566844911677,319.9466806854334,0.06694048368963104,2.5519294592956006
9.56080949088668,0.07470456225327739,29.45786868300247,147.9842565275652,0.06271300113427639,2.7942111802353944
0.019702932171963814,0.07735488798431661,29.817797920342667,294.6970027030181,0.06701603052596852,2.5097838954819647
0.10797444176496444,0.07618254320477902,29.600568075172557,256.8148658410202,0.06544051438624332,2.463542309377817
0.038487876327436416,0.07734815553877271,29.465318116076133,241.24470267409492,0.06688348605236386,2.3835726086358733
0.016474547141883476,0.07649450867609557,29.667689772556635,271.6380702075032,0.06599929067085622,2.472689345076236
0.7726605301031269,0.07401267936041517,29.63350397174725,453.7330789699622,0.06154659417803879,2.3721242365324597
13.164491360599627,0.0771110511890625,29.397426404423335,367.20941598907746,0.06484183157048173,3.364521507797833
0.029291828057124793,0.07707101774745678,28.766972097667555,394.61861620364925,0.06897421969514708,2.7748017684009136
3.3059241081160247,0.07428122086035513,29.85474093719476,316.2279663995136,0.07022029491125437,3.234874315548511
101.13888548197474,0.07903112732043734,19.800302302364443,317.46021688170805,0.06668039467575751,2.7804519297964587
0.013927440001634424,0.07501734917968228,29.593003161838524,320.89633706761947,0.06414317891857599,2.532817905397323
0.02281860922090577,0.07455825134343795,26.60628333173318,489.99109682843505,0.06957183488878368,2.9959534492236175
0.9166634959921004,0.07423656385580668,29.699456337295416,369.85019566965326,0.062102468354740814,2.318877278865908
0.03185486572141698,0.07689639948765249,29.612759072531787,406.2328884142087,0.0671203296257897,2.7112133429487444
5.587714045985713,0.07533839707462459,29.708731062678414,379.5547164373652,0.0700903090357766,2.9096158236991467
0.6767361052837595,0.0769666118825362,29.6597171402827,374.6433539559815,0.06659763981475242,2.4732442560131043
0.0678088384373648,0.07888182486934416,29.129756859481365,386.55875964414076,0.07148370462165202,2.9911920537140047
0.5521601851656415,0.0760181432387695,28.36076900004217,330.2439601255227,0.06889617600642797,2.9818037008587646
0.06250422724193513,0.07616463230384213,29.59882478791091,252.66882091391147,0.06525838543071208,2.419761868825825
12.626748506602649,0.07741423217383529,29.723763742745092,418.28939945648546,0.06320723679510837,3.0885914935976264
0.07640291775432231,0.07823335447489592,29.99497444002204,439.34811912424857,0.06727178679698348,2.6089348199488587
2.674470141516919,0.0761073908394898,28.996818965442866,604.240733960922,0.06757690578155026,3.5686625293308447
0.08359924211727006,0.07517370534782311,29.537286202676484,322.143333132115,0.06455003198672432,2.6090357088786114
363.69219398562745,0.07449254362788038,9.392223054735947,194.671935263141,0.061340228099197286,3.269524460746622
0.015215084459859102,0.07541573634165649,29.539830578694396,389.02249990150693,0.06480517819491441,2.643758685700387
0.021953275385368558,0.07624345601171031,29.611607511053116,428.63153578447645,0.06623086223829305,2.7319638033545943
0.5927965647500976,0.07705758843698787,29.53547993970506,268.311966173172,0.06560326977429248,2.45464497189776
5.253173797576487,0.07487034437277049,29.509353570672005,475.3107144504147,0.06346045820083998,2.256183685756068
0.21793695270956143,0.07582838594167457,29.63064250437715,219.38018540395421,0.06496623354169495,2.4147930451010144
1.131662784562608,0.0779385683702778,29.281927390015923,227.3499388520296,0.06669214304669241,2.3898181431350016
0.05061870744512711,0.07618321595714406,29.625865664467895,412.45652545116394,0.0658812745419757,2.739960842917302
0.04124929335736459,0.07343607557343121,29.64938878502555,358.3621715505676,0.06140730813031356,2.4838915115826827
0.028387073699039797,0.07477115674192206,29.62453827907305,477.07148270663106,0.0640628276804956,2.731944101915667
0.015071559253183917,0.07561302778805518,29.44553223170522,432.9809103145726,0.06152667434956238,2.269296669856161
3.8000110249805474,0.07440286236690696,28.955507345308,421.03534454918736,0.06958836169658805,3.0120905431197844
0.02449763660636333,0.07661413145192494,29.34509324414036,507.1662818666579,0.06760322691722095,2.9007743784853144
0.3792746666660757,0.07566393122998852,29.17878068121566,289.91019720747784,0.06505301241978823,2.547811849916981
196.7580552105577,0.07615342523813243,14.06080396010078,231.79788954056914,0.06105139660339018,2.220597952738001
0.7322526399428133,0.07511523145872784,29.544827917924998,442.975734879868,0.06623035294188584,2.7628264516544587
0.06688665583119717,0.07510527024245077,29.650954142329724,301.3271123777398,0.06310659728018328,2.337775552416801
0.3493484877919758,0.07716340178115554,29.823290677284334,317.0961802092386,0.06951850657690667,3.133307637719586
500.0362526546219,0.07696343984773196,3.288136818259609,244.91722706707557,0.0643282814159131,2.491168086417491
14.84647309150844,0.0780084072805335,28.91512925248732,331.3886178446111,0.06849140990944105,3.7922318295185002
4.497200828639266,0.07826420010138616,29.71183317184251,348.34672124081214,0.06441272094763154,2.5680874224551116
0.05647789427674945,0.07608571179862886,29.62305133214141,322.50544029841194,0.06555675368542202,2.591386110288588
0.2024016028834111,0.0772201402704298,29.727062393829822,414.6783238319803,0.06869608902318522,3.075838083717272
0.01439226167184469,0.07575173942095641,29.556950178529135,370.8737099729709,0.0654596393533203,2.6419212858530123
0.014469746910337635,0.07566155165325261,29.29792996976193,548.8079478248,0.06626442166713864,2.9278692897908485
1.7031901401930551,0.07314970403714499,28.570742572712426,273.75863261293637,0.06440449023282205,3.0075330721972855
5.7186692242497115,0.07603564476050037,27.57931078854061,329.8717185252128,0.06919559613168047,3.374634331367304
3.998706483327204,0.07797251615432656,29.695241870672483,492.91652689431606,0.06271300113427639,2.523505468653816
0.06269873910192658,0.07517244720490929,29.758482498027202,391.7898522445523,0.06398720562357815,2.565371933807107
63.742151507048945,0.07625503730754943,23.04302802912432,274.78838914059617,0.06176460256533861,2.6371212818252165
0.11951657640474231,0.07681916799651782,29.65292833353051,243.16871003319562,0.06617997904761638,2.44053242261847
0.016727449493998833,0.07655538995534188,29.807272750211837,348.78524494857254,0.0664538814957501,2.65021764416099
8.6896123926361,0.07524406498281193,29.49500637602257,453.7330789699622,0.06396482660115346,3.72234608914415
0.03586534963376957,0.07590080677009087,29.572516242500345,437.2271285775601,0.06594257221299027,2.739324848885521
0.014604034816166338,0.07629754466829596,29.661824204601565,324.7270353060232,0.06592704768080718,2.5664545194325816
0.15406065000773245,0.07640100594774757,29.251867294968456,398.671978965048,0.06903558620078287,3.1596425294084924
0.014355968684308062,0.07620008372117713,29.692950133204043,326.9999302479183,0.06557093524475885,2.546483629623899
0.4782906908639592,0.07632118710213731,29.593003161838524,184.7824717726449,0.06639835378780287,2.4551540328477635
3.250547017937342,0.07471055662895924,29.241867179251045,514.6501000496611,0.06824968559328753,2.9423109987174305
0.12339308486214262,0.07563641601825864,29.593418371178196,369.85019566965326,0.06486718111294729,2.526642675127155
3.8745748684407326,0.0758545651201395,29.58567429961432,219.94219079785398,0.06533631204422619,2.8424911855519785
0.73441421159439,0.07533839707462459,29.5463900913333,392.66396350058255,0.06614984657106021,2.654116664157696
0.15895547538509808,0.07551902500111655,28.893747607318566,473.2374995054911,0.0686920027157768,3.087798458163516
6.07265932888645,0.0749872736121422,29.39510881212112,481.84549836091605,0.060813067246452884,2.868150396070596
0.1308632027949475,0.07506094559396954,29.67231714920461,330.2439601255227,0.0640686612261269,2.476124148793713
0.024147876324682415,0.07736262180906812,28.852296935219783,449.80926867785934,0.0703374097160614,3.0867435681839894
3.602576312108598,0.07430419175491604,29.494694421358634,418.28939945648546,0.06547866362535745,2.5503582079631966
0.11960472082117701,0.0774115060775665,29.69632512241123,386.20774672899825,0.06842395150797276,2.7570008343628367
0.2712940420992019,0.0781866903572668,29.533058749074883,604.240733960922,0.06500154211497816,2.545176848910418
3.292115767387556,0.07128137598309708,27.033387130650464,130.87099848848612,0.06047309234549825,2.2077546784779694
0.0299922117501639,0.0730337371373991,29.609244589579067,431.07992538654787,0.061657747759199244,2.675209086898835
25.2465104385614,0.07817028296666763,29.509294391837834,328.4989982199546,0.06859474534867596,2.001670504212936
76.85856773944376,0.0799638556902077,29.00996153958934,59.38466500594819,0.06096381758850564,2.9054529487032834
544.6181963058821,0.07459701535864503,1.6534670871803705,420.3294623726356,0.06473315458682416,2.907702300523374
0.013835527577265395,0.07738879303872627,29.894100913498455,297.89620546000185,0.06707909305879267,2.545695692759843
7.1715034804069875,0.07584790379739034,29.186074164707346,773.795140640641,0.0718786286294274,3.349589474113115
4.997441441280141,0.07390307119121167,29.244385040697562,484.1994288867299,0.06411025841355963,2.4168429253559673
0.5359239820016326,0.07665423979317516,29.920612587669574,531.1870207409336,0.0678872791055842,2.931396320054265
197.065848359421,0.07387805849694176,16.364886762236015,138.9497096528646,0.057228818633587086,2.5519294592956006
0.26100256418012013,0.07595119363996296,29.973128900679487,256.17271829106585,0.06302391665028836,2.1583535542847923
5.680979316247354,0.07947240445719707,29.49661930900281,412.9107909858085,0.06649771388239187,2.764925236434813
25.991896763096324,0.07579252911152372,29.600517324997877,274.27295219030344,0.07409761629717188,2.6677110143502913
24.16285550314994,0.07924140838352961,27.38660205086318,303.5756998884216,0.06340554563930645,2.4656123553832536
18.416230343832524,0.07566393122998852,29.523008033037375,361.87946682402037,0.07673269133880897,3.495003931962672
1.707571089858722,0.07594588309447071,29.45029572437465,407.55162008156833,0.0660531547867737,2.4713778064189698
0.09056277121696776,0.0690669102041023,29.261650684065216,651.0988110119315,0.057881272339540296,3.1034633430111414
159.3417352742345,0.07555528522450394,29.586421664883524,403.3292657920051,0.07424258332693559,2.16244826787011
412.746573194555,0.0798125732269454,5.365048399718372,358.1020119290816,0.06874184079477952,2.6396578750456263
1.2975877759954613,0.07479269967593608,29.814294264237677,614.0625894087982,0.0643282814159131,2.6921919317792096
0.061876200896325256,0.07956060531925721,28.44280837083228,563.8587400631617,0.07534760394805462,3.5613501455426126
207.3130627096839,0.07826420010138616,9.580610484272409,209.35692508492764,0.07393063733010222,2.44330789454412
54.60588527056585,0.07919130072155552,24.15926916665336,374.70066388904365,0.06151395856634348,2.3583521301450894
5.113980681982113,0.07672088199532137,29.727062393829822,327.56142100360955,0.06734538386638678,3.4416419692002527
32.74575760088379,0.07932987336364199,27.39280058990237,222.6025214117946,0.06640455767914971,2.9531987500742343
2.109592033477928,0.07470926909553517,29.29792996976193,286.6917095601656,0.06626442166713864,2.4560761327691045
63.09814527630253,0.07314970403714499,20.033291181456764,573.8701540701303,0.06440449023282205,3.1430333971247633
359.25397914542276,0.07725524877580722,7.781713439055908,147.98910541698712,0.06339656788509715,2.1906903529256625
5.102923677765605,0.07353487605235266,29.45786868300247,143.6564809084838,0.07484316105590116,3.4676130854017213
0.06953398875421461,0.07777645640125375,29.840763668538898,494.73774888079686,0.06854315371851732,2.895224644931764
0.016811151351910084,0.0761422612024075,29.82708956907817,294.16623816049866,0.0653421323963678,2.5129435774510145
0.3818495523912745,0.07790214117833548,29.890814672036576,308.4509448043063,0.06733766334254795,2.412354394818883
263.00245374037775,0.07408404976000289,14.714040438543915,561.7343652710472,0.05731847893945727,3.920943722802856
0.06953398875421461,0.07777645640125375,29.840763668538898,494.73774888079686,0.06854315371851732,2.895224644931764
13.963812980085113,0.07556629683517538,29.677161349232172,64.82847227649688,0.06484183157048173,2.5356407581073013
6.530907512342233,0.07978658765586844,29.183693983434626,438.8272100875367,0.07275946194873711,2.5664545194325816
0.04661409918629337,0.07978910653888527,29.4358366058961,411.1096887037404,0.07555573856486142,3.7692438068406235
217.9121156907184,0.07768751826079048,10.862190684865208,326.9999302479183,0.06557093524475885,2.1809097644502793
0.04566730900252991,0.07528348855213927,29.192229885310475,320.89633706761947,0.0639263249834725,2.3710510834420786
0.09233135896497058,0.07471055662895924,28.198443837256434,244.2203513391288,0.066667815411461,2.460165138425709
59.798448993161315,0.07938984380489962,20.584534459709953,369.85019566965326,0.0682308106579132,2.5407541595696053
13.761353236194594,0.07335606950529791,29.744229084666557,499.902649799038,0.06456118841837033,2.3995669324891638
0.583758708786368,0.07730881000168266,28.51074454757341,201.09783832307306,0.0693571073414071,2.542380084681188
1.0624506306866235,0.0792520217727772,29.801660229447066,374.6433539559815,0.06987829901754819,2.5426773006449848
2.1973086429403867,0.0764277723935104,28.82352655204427,481.84549836091605,0.06747187927725856,2.525818394235506
0.2706443288354011,0.07120081170094791,29.68360366162154,499.95458862210376,0.0640686612261269,3.7149643184040366
104.1560970618643,0.07185762271359465,12.98883902348632,697.2707643706897,0.07072317840693773,3.0459053127240874
471.9853819937072,0.06474830163979318,29.024757243639037,326.2416585331573,0.07676550232634555,2.657714786911703
0.1055100397675326,0.0756728721785047,29.69632512241123,368.5745414141328,0.0659509480496234,2.6834259227096684
8.90689018836035,0.0781866903572668,28.831710050330145,541.7144392295897,0.0743524892200021,2.9751757707860635
2.2407882794737057,0.0760816419574233,29.80084277921106,187.036535999347,0.06494019514697871,2.545695692759843
0.6783839102505159,0.07419773511511887,27.71428296178923,335.7068927691832,0.07153634584292187,3.269524460746622
69.75933202766458,0.07584242626999614,25.204059623814867,344.61445811060025,0.06068902693404582,3.85075912328405
5.289707110581239,0.07675797149761321,29.970195236647534,466.4802224589126,0.06844755624821122,2.6167883586201004
1.9633434643139962,0.07628294558983179,29.393452730306436,420.3294623726356,0.06387161265879679,2.687380472400016
0.059511111324405355,0.07598364904355316,29.6404621280789,304.69358685569705,0.06518336198742208,2.5363604779346485
0.7054636723506389,0.0766290909455966,26.609556161271428,511.9699794420652,0.0725772570363484,2.9495600065164664
339.54622706416507,0.07676564747277378,7.342551351295697,243.38518763045676,0.06629382061511097,2.407072713908729
396.4836198270583,0.061869848551853235,29.490849533130106,412.45652545116394,0.07067131595967205,2.739960842917302
0.023749367346632383,0.07953406552622583,29.64938878502555,417.85614924932065,0.07163174810817624,3.023592106494047
0.014469677089754763,0.07591390511690788,29.370772804913713,265.6131189529931,0.06595476443732845,2.489336385359325
0.016648848955947978,0.07531085842820223,29.173862327283715,463.1906428197878,0.06607403111684718,2.8368579522718544
11.942895104457229,0.07710970783341588,29.44656078696576,418.9768244245314,0.0634311066342447,3.0890771407554767
0.017407378224224078,0.07500424883072156,26.841680485906345,367.60555681794585,0.06931343221667371,2.7880528660318804
0.018421236938688343,0.07515987799373804,29.71886466927613,330.8845122435518,0.06416594983307666,2.5361796361062923
0.015453956582090181,0.07628603381013237,29.892035750666,334.0022615749965,0.06568323691872827,2.58821567291829
430.32859857438314,0.07511523145872784,4.710396973507697,313.91138323178654,0.0623209466648654,2.308936376133473
27.132571616104137,0.07633855848677944,29.238044358977817,375.6798519247949,0.07424258332693559,2.7202776547185024
0.0259599262318576,0.07787193814625651,29.657427006336953,404.8717514525532,0.06867116190690042,2.7830108155544973
0.13637725821551974,0.07594404952364271,27.564048420971307,239.5921105217593,0.06964377894775467,2.6446478523845562
0.04405024884633376,0.07838625396388763,29.914688996458032,239.38091222140923,0.06831813190798572,2.47124521193978
3.456916562006014,0.07785004847950125,29.377920180052374,353.2684961393204,0.07393063733010222,3.0593041033049877
0.11938836980537867,0.07676415597942485,29.396360716568985,365.49364358893365,0.06643863768235958,2.645861247838969
0.6864313257775658,0.07630825813941813,29.961533984468833,625.2362967452709,0.0652064725199864,3.0519837813081887
414.5406055794491,0.07665508634455567,5.354293297972273,301.9004808690494,0.06505478176591792,2.481523194728792
4.774118326683144,0.07566155165325261,28.580626450687795,325.9552672162799,0.07241522544741258,2.9278692897908485
4.166939067456166,0.07713145585688522,29.881795331239992,169.11730252896416,0.06440449023282205,2.385189348294454
0.8157756737504598,0.07725524877580722,29.74492326827326,354.91863012398096,0.0655567195333786,2.620997311596432
1.5012650257360298,0.07590262660796745,29.96649419101278,302.2003480438564,0.0647364234234202,2.7942111802353944
2.509307976326462,0.07628294558983179,29.393452730306436,359.2631439314366,0.06456234137834668,2.7555513940397063
89.03951391137412,0.06709451924429244,29.314184175908952,129.44618766250164,0.06875313860093912,2.2449452333625217
631.8481066986637,0.07598807083062871,0.5268903533287563,99.12115276100889,0.06140969814792707,2.7355199079748456
2.9135169890938855,0.07663683167280835,29.88793117396483,561.7343652710472,0.06626884007097411,2.5399553479690025
37.506298877718,0.07647571875413466,29.73751566396438,269.12265785144643,0.07458289690457223,2.501911184909764
11.498665320362655,0.07804699785576569,28.592707194236652,485.5627750510121,0.07197186389113375,2.5356407581073013
0.11581050724240619,0.07554281709750534,29.352718122906488,232.50581874642256,0.06412989040000638,2.2177360518945157
510.5562709875457,0.07428122086035513,0.23976049048306436,411.1096887037404,0.06660973971343961,2.412710189405083
1.8280548977694937,0.0771739032880685,29.96854783114773,292.23043711466244,0.06557093524475885,2.6831003046409228
2.651287294321471,0.07632888016087061,29.586875989119285,242.12355885467753,0.06083169771581329,2.167022852145531
14.191229024954975,0.07474397652150204,29.842924109682215,236.05631510480742,0.066667815411461,2.1469649011986
3.245122525261927,0.07655634345061188,27.91629099845935,335.58698762777277,0.06600844985867682,2.6325214362610954
63.072159899182495,0.07743995832910489,20.725198723456792,499.902649799038,0.06680062259435324,2.8424911855519785
396.9193742466575,0.07936422281307194,6.199134745259887,112.42814892602331,0.06769804405797519,2.219210095311061
352.0948955534876,0.07551902500111655,6.5616576075675965,438.35517495673605,0.06732029379327442,2.7516664959014134
31.455117594691615,0.07511404089860849,23.214044995913085,200.89600720169864,0.06031470471084385,2.0007041527482885
0.07422288171287214,0.07831118059621812,29.864479908858154,387.80748268266944,0.06887700879042352,2.7256894704938692
0.09459302088029653,0.07854069315062573,29.634239242791523,346.0823215061513,0.07297686456406854,3.4242277291934826
9.810872690456726,0.07851409112387663,29.628948663179358,399.5244117460978,0.06320723679510837,2.657714786911703
509.90267027641323,0.07880141135304257,1.9236484527497915,268.54969963443284,0.0687654888133391,2.5103145784369607
532.7450541053886,0.07645775250811708,1.656895222853505,191.6513627330457,0.0651377854706621,2.324337920861318
0.4241536040670387,0.07883595200364776,29.676944101498044,317.1229444299322,0.06975582239149186,2.545695692759843
49.55995858929499,0.07820380047730721,24.65784875122447,225.67957150878107,0.06808728521742427,3.269524460746622
0.10112365502216437,0.07822724371310816,29.539830578694396,207.16012641743362,0.06859474534867596,2.4112434121028885
19.175399231144365,0.07312770555169743,29.53264709900796,385.77799882025204,0.062304383798907986,2.0311497685931377
35.85642367368651,0.07459701535864503,29.53547993970506,502.8881765800728,0.07149272898855347,2.687380472400016
0.9582974815631999,0.07804083996282718,29.6404621280789,322.143333132115,0.06701060577086776,2.2949145294675044
2.3631169772395513,0.07916786111179747,29.371589003303168,446.24044510504837,0.07096542904138076,3.386059646237517
0.2024236410523534,0.0772489448024101,29.834298688522665,159.44241157865076,0.06785063612377054,2.3859830222574243
360.50829555690143,0.07814415607676166,7.750001315117804,412.45652545116394,0.06697999148665557,2.9143215539921314
483.3731870674077,0.06552526621856593,29.64938878502555,430.7886443180897,0.07504418661609547,2.5519294592956006
32.28938302386594,0.07777196109903506,23.31531153367035,272.9691099154012,0.0674492330609284,2.5530595701537964
2.534853411311933,0.07826863809939466,28.89096227584569,241.78360124643825,0.0721950318726072,3.2729755625176398
0.32351021563003535,0.07880822675741977,29.600517324997877,282.4311835219436,0.06647261528283274,2.3209825907567216
3.3570776749111824,0.07924140838352961,29.952104495017707,267.272729200546,0.06410274551691714,2.261401076304368
40.56644636339625,0.07566393122998852,29.91374951372851,427.7689701557086,0.07200795413768524,2.5361796361062923
0.5409671793955759,0.07737835571578629,29.73917055860771,165.37216993628567,0.06615614138790568,2.247667785332717
4.937178469910185,0.07819007648156247,29.90306783387762,95.12506119596321,0.0677793420302025,2.291323345457486
10.327123712677851,0.0765091527566771,28.951250482295745,403.3292657920051,0.06730948950152113,3.8858054523081647
55.92224283197094,0.0759414038143704,16.13702313631263,520.0842523319417,0.06868728496887663,2.3245504939655683
0.025064289634637863,0.07719107723934882,29.888943547989264,395.3760564306243,0.06705194422667621,2.695948361557477
0.2595386892083368,0.0780084072805335,29.2601051818447,356.6509370693931,0.06828793682539783,2.6981488416452084
107.01289421046806,0.07948631069114724,18.205862949631822,595.2884121577183,0.06552204638771486,2.569664005144968
6.196916637423283,0.07657688212376523,29.996088562354558,235.96692740264672,0.06151395856634348,2.4296503640984017
1.1682407432892563,0.07827970732571073,29.633725863975265,376.1918198908798,0.06734538386638678,2.7501160914555647
1.9095761693547102,0.07567853577894572,29.87047939677374,298.3874822813219,0.06723908442959342,2.5528396212895004
17.716557911341702,0.07627150657064326,29.29792996976193,578.608293781852,0.0659652003111218,2.182125333581208
0.3902398284965545,0.07599699847385206,28.570742572712426,317.9870963644504,0.06171994490513022,2.112495502571959
3.9600699319795103,0.0771021200840544,29.629847461830423,288.6581801201593,0.0701620534983364,2.537747497925045
31.344415096231202,0.07596838287720306,27.732959688914185,187.14573544991867,0.06271300113427639,3.1673706313052348
1.7652747843773058,0.076882972756274,29.767419257083894,474.1022406320759,0.06775113869854998,2.661444611893605
0.9175232654259546,0.0761422612024075,29.69169875653983,334.3663773148636,0.06811156696546777,2.70917158706696
0.016474657969232708,0.07648685298137642,29.796421107655803,364.49049281419644,0.06620648229250747,2.649241256112288
0.014737532565059618,0.07652059731792803,29.88503164856622,329.08839587116915,0.06592228354404214,2.575262901380139
0.03637385207475742,0.07837525758467881,29.917950816329608,453.7330789699622,0.06723852769770583,2.665615759405245
12.379224503071832,0.07889723962285343,29.90706994131981,430.0873565405778,0.06484183157048173,3.0568681066884937
10.060522084257832,0.07828178885970614,29.661824204601565,175.81431477873116,0.06128658283648172,2.1156022124288834
389.1846640473253,0.07428122086035513,8.19304923693333,133.85253344870728,0.06362082051907839,3.3454445985416594
2.1978395439645677,0.07910176072925851,29.692950133204043,326.9999302479183,0.07112216436179858,2.546483629623899
2.0239788131513423,0.07501734917968228,29.54559698522663,320.89633706761947,0.06645445286573182,2.532817905397323
153.15386088596856,0.0716400978863608,11.09816922390266,514.6501000496611,0.06549046012991233,2.3961006698609473
1.2678816342409438,0.0769474245155316,29.527878151344844,142.76346077655415,0.06973562514071124,2.248816967848167
0.049569313188999015,0.07847728219896499,28.505145887296987,499.902649799038,0.06971081639469423,2.723711360698831
0.9081927083482557,0.07621223583647269,29.839162992861198,296.4526980207704,0.06557926516472723,2.7443323941363977
1.8303459451253359,0.07762782984053465,29.64626029222264,321.4166697675114,0.0648259163444016,2.502168123830536
8.504554867535843,0.0764277723935104,24.461424320008263,481.84549836091605,0.06549046012991233,2.3961006698609473
7.874214992955292,0.07867319967970739,29.96015917194417,232.16377165791607,0.0640686612261269,2.4590590313149985
0.014102573662966866,0.07433818656268912,29.713271250692557,337.0268219974645,0.06320095924447919,2.573893880170568
2.319419474029914,0.07820380047730721,29.874089590892567,418.28939945648546,0.06808728521742427,2.4513100380426147
347.8877010461481,0.0756728721785047,8.005414805737136,239.14197097160303,0.06499847460195776,2.6834259227096684
258.09306297347086,0.0761297572325972,9.56098803534367,604.240733960922,0.06491808947995742,2.4761768615209454
5.064926925515893,0.07534111558310157,29.894100913498455,88.67506016962113,0.06586922882327595,2.545695692759843
0.11713017145950572,0.07572766914038231,24.65784875122447,589.801370095253,0.07153634584292187,2.759556741208749
0.02316545610527842,0.07848219730621858,29.539830578694396,384.27599580828223,0.06886862622563983,2.7077475870084986
8.705350002591409,0.07548824458940669,29.591671543751104,325.5048621448133,0.06844755624821122,2.456718120816473
12.103579095854236,0.07855282651559631,29.95513290031874,60.469508495165314,0.06810687979676824,2.2443233084478598
0.02210032399309066,0.07710326514234847,29.6404621280789,322.143333132115,0.06567131922252248,2.4031732590315475
0.05124067848371912,0.0796392464633287,28.717532057412917,527.2992325584485,0.0745963547506113,3.4144020406117703
354.11013907755245,0.07575084824399578,9.278354816512731,416.9856427367693,0.06054663603958926,2.9023802044197993
526.018416820183,0.07665423979317516,0.33369172138879755,291.1849703026804,0.07090024838665668,2.739960842917302
1.2916131131441384,0.07832928621764129,29.64938878502555,310.0936762557293,0.06694048368963104,2.5994267790252064
0.0568845165579486,0.0756282180051448,29.922399700811972,330.3326405954251,0.06470383699528257,2.5339991362426355
306.9618920145013,0.07563897230394455,9.168910385127944,227.26069694800577,0.05930382390659569,2.0204787802911452
186.9184289060622,0.07763931741477142,17.03093481554207,418.9768244245314,0.0634311066342447,3.4160909627968525
8.765712948282237,0.07924140838352961,29.965191972228496,137.64437715253587,0.06499099109075981,2.2358368876880403
2.355128563278235,0.07566393122998852,29.974476576511034,242.51222328914565,0.0677569952378522,2.496302784173821
281.2796157832287,0.07615342523813243,12.72585744259036,407.55162008156833,0.06306996234305073,3.787780271795956
35.71444877000617,0.07491491835439464,29.261650684065216,81.76144788294567,0.05930095769021956,2.9661555595335223
335.1236799519772,0.06315806771278575,28.316124471999533,419.43259453661256,0.0755545327886411,3.2285427903907564
0.9842780457432208,0.07706638499935556,29.917784929219216,152.71986872687916,0.06628222642309026,2.3343204210381456
3.100567754512909,0.0775172264633553,29.757411558898774,614.0625894087982,0.06756287072738473,2.589954065629719
43.55959888913995,0.0770903259759494,29.940304645692883,582.2158055196056,0.07354739609701136,2.6619447239895293
0.17385193888463366,0.07533841474456572,28.149976196113688,458.93348520421375,0.06685357181251758,2.8397475199084368
0.7216771735725602,0.07902059872204471,29.61518003923314,374.70066388904365,0.069992397931916,2.591386110288588
0.12988052009140633,0.07889385524039667,29.727062393829822,625.2362967452709,0.06922227553459878,3.0519837813081887
250.27372267154846,0.07626877445253853,12.570148089882082,157.48997755283898,0.06634446358404752,2.9531987500742343
5.783205471305062,0.07566155165325261,29.333137584550094,548.8079478248,0.06446252254210127,2.284443189857063
0.016463292881546097,0.0759501534001729,29.70670524283498,401.12581160082186,0.06549850248026914,2.673702314896355
26.59224114965771,0.0760204752893242,28.889566844911677,439.7448270615039,0.06109301733609382,3.7107379586097444
4.886722574996119,0.07540909716170222,29.065543781688465,510.6262329935871,0.06271300113427639,2.935993176190759
7.765221127170694,0.07531633185174494,29.767419257083894,474.1022406320759,0.06847810702596507,2.722132127741853
6.980556222413535,0.07540634849909836,29.828437224580327,147.66575217185232,0.062399982838400786,2.5129435774510145
1.6100239017003235,0.07763890135250183,28.744566047895113,308.4509448043063,0.07149235674210994,3.324978767984997
0.2875553686127934,0.07416065084148431,29.333137584550094,723.3741070529434,0.06446252254210127,2.9389908964761635
1.137448483171155,0.07627258399740558,28.829831326728385,453.7330789699622,0.06624054690232786,2.8748087237540316
285.78870587868334,0.07681086307857866,11.77433055504433,228.51749917999916,0.06484183157048173,3.0982498198979056
97.87818058296895,0.0793245638954362,19.08071459060565,157.64652162025385,0.06769686715673784,2.3078540124856075
23.77300107249261,0.07895128682432984,29.4358366058961,529.0792315702163,0.06362082051907839,3.3746120629955514
154.50218146249227,0.07753818861700161,15.56275006596036,315.5520146475857,0.06557093524475885,2.546483629623899
0.14577852727004403,0.07531229725189519,26.158691215891054,486.40816594212066,0.07244139425281057,3.152237971576505
1.3376812510878997,0.07792160655729213,28.198443837256434,486.3996531051602,0.06883355203553329,2.9074551879161366
0.02493728390388695,0.07606291099110155,29.61178792802351,375.088141904883,0.06567360009136144,2.6622300831639927
0.19138753079142143,0.07357344578037595,29.705864560032758,177.46919828904794,0.06456118841837033,2.453233045185459
11.29226690669606,0.07766204323597142,29.354497970450865,524.3244243536487,0.06614984657106021,3.5719162018888233
8.181349326017276,0.07551902500111655,29.747368975826436,374.6433539559815,0.06893360549002314,2.6163425166173306
221.25124673720882,0.07804936815207891,12.88513433548849,481.84549836091605,0.06708404475358798,2.9752531752245597
3.697547583569855,0.0753259800979647,29.874112645235286,330.2439601255227,0.06124837035956898,2.6215991243300962
0.758524911627857,0.07478557955702018,28.883465810483152,194.23398098264863,0.0641051905905291,2.372426430939513
0.2751096388030593,0.07600709096934169,29.89151336792619,418.28939945648546,0.0653301552423762,2.5989710978090734
1.228588465525708,0.07612906735674978,29.69632512241123,329.07868211912665,0.06530538205060168,2.33967535108941
108.71152207420866,0.0781866903572668,22.420656504698016,68.59904106929582,0.06929123070330298,3.5686625293308447
196.61337504898555,0.07738879303872627,13.238880621028393,230.98387534801702,0.06570241153971695,2.372075711093573
2.1650945231065837,0.07920413932598931,28.68101332177644,520.2055201604787,0.07153634584292187,3.3946477668086317
0.036893956063440606,0.07677899886294774,29.890727557903993,351.1812534282807,0.06647715732723036,2.6149154691599885
24.159357871443355,0.07371032282653747,29.27883846067414,294.99623913116557,0.07560676530761046,3.34272360766306
0.03652261779671573,0.07494410245844964,29.178243761371817,434.28595028767757,0.06573726589328988,2.79990310183883
9.527169186096463,0.07541751729969577,23.94969076802973,322.143333132115,0.07207256898607359,3.210554656658317
253.48863103259026,0.0756237708723038,7.5206393796194,245.9132499685731,0.07096542904138076,2.3707101383555336
3.144982034913479,0.07550016016641972,29.93390845524423,257.1751360709253,0.060492517277643876,2.352350056906518
348.51270572237456,0.0761957902081837,7.201544414435609,314.98422766047486,0.06137609890362339,2.1251774143307802
0.01804663743971492,0.0786750242555864,29.73440157338495,336.8247544845475,0.06694048368963104,2.3838488388432104
268.0135586009991,0.07386119107183692,13.311406673565102,506.0366337966774,0.06004051830337556,3.9782647380741523
4.967563129562013,0.07818738970245138,29.80815843986192,176.32162081897638,0.06818981020570114,2.764925236434813
0.1946173961734716,0.0757507833836235,29.537934047448267,291.40893036920704,0.06326797396885822,2.213542879090996
0.28158557299294584,0.07979062091092037,29.28856617195448,575.0331018858988,0.07273953014474555,3.1291874151509442
6.280421841693556,0.07879644730798954,29.899710317066756,219.64414178759029,0.06505301241978823,2.4522283110845806
0.014895799177481779,0.07621946418577781,29.80865724218502,377.8086504596299,0.06580355615233024,2.663307599515159
26.62186153702825,0.07696606851880775,29.28409249192094,371.7706879311563,0.057881272339540296,2.7264202992302065
62.93209928090312,0.07689801350299064,29.706268877050803,403.3292657920051,0.07424258332693559,2.4233874396457713
5.7942824138582525,0.07624564749499248,29.926946852533774,520.0842523319417,0.06481401008345372,2.3044331333032786
0.07098650998229374,0.07479269967593608,29.619158918254456,185.82533920148126,0.06492749962111044,2.3443878573719776
0.8346411631543765,0.07909748955084006,28.91512925248732,582.2158055196056,0.06768478281522536,2.416234493234405
0.28566173913008763,0.0751166063276833,29.841330976375435,186.1278071024438,0.06208222156057913,2.020408566141989
10.761574071976359,0.07706740512193286,29.396360716568985,333.9601329384508,0.06151395856634348,2.5956811755844447
6.69856369804028,0.07672088199532137,29.319782459255016,325.08298525028715,0.07579687142307778,3.3880410786541204
4.760875178639716,0.07567853577894572,29.390964066851797,372.41588125282243,0.06938793882014849,2.714286701792057
0.4280101811044744,0.07759664867409961,29.962317363360622,414.98063497814474,0.06626442166713864,2.7229308467849047
4.999752165772705,0.07606830252070866,29.671765372537266,332.50335485697894,0.06440449023282205,3.0075330721972855
20.08949142628004,0.07655290655924468,29.43389737814409,498.5850931388464,0.06100679370701115,3.374634331367304
539.104541715034,0.07664917506442631,2.500435182156725,210.64574009522528,0.06524123099317275,2.7942111802353944
0.03402313679009277,0.07797827952519484,29.767419257083894,467.5411757879849,0.06717594035882105,2.7041257783764254
223.39183867781648,0.07435528329442988,14.048234672879127,158.63510763576028,0.0653421323963678,3.4980955746087137
0.08943057576730135,0.07767803192999302,29.56754053437959,401.30239903337076,0.06710882384506811,2.5514716622672733
0.01491155698455692,0.07595299260526896,29.946324362882443,315.70544007320154,0.0650877620462722,2.5485077753390972
55.62728421166818,0.0777101809555197,29.88225535061283,453.7330789699622,0.07458289690457223,2.4957102099352415
551.5108575672627,0.07813221863138958,1.8778661453679018,354.00128928690685,0.06484183157048173,2.6297093406730356
1.7832457518016218,0.07789603707658255,28.69810599046044,232.39690184674618,0.06749923475477113,2.4615406078913167
0.02285456047931356,0.07701596802044466,29.92449420811424,261.76010207209976,0.0664627727245673,2.4817608780650398
0.07262561569075532,0.07835940783466964,29.260796533955652,458.2850639522576,0.07024773007801746,2.9002603578451445
110.99262248118565,0.07741233439024235,17.60963669083259,220.58996916750664,0.06573139145165191,2.359083964551964
3.3418692005326553,0.07471055662895924,28.198443837256434,261.40177585657193,0.06941885703842593,2.5431727182982233
0.14028715740261838,0.07740852677187901,29.61178792802351,251.73535070537818,0.06709204625939874,2.480013555291035
9.608408183889189,0.07773256179653597,28.505145887296987,416.2687075849648,0.06456118841837033,2.772173283507102
387.6794409426557,0.0742288766796501,8.868394673891052,146.55277328546316,0.05800811349884347,2.7443323941363977
5.441743885812419,0.07562385036553958,29.98850563080795,120.62850348918806,0.0648259163444016,2.6163425166173306
0.02730253695624656,0.07949784196157356,28.635547139367304,481.84549836091605,0.07409907891079001,3.2802544178788726
0.22278923847857307,0.07506094559396954,29.69238657594818,330.2439601255227,0.06524526111474949,2.6031942464718476
0.7308784267574393,0.0761884004695864,29.680541013062555,457.2961844256595,0.06563771498934845,2.5532087636472456
4.941467376426708,0.07618271218466698,29.727940439828906,261.8604000875391,0.06320723679510837,2.657714786911703
0.08438973750159622,0.07576266984074645,29.714375174262294,442.332809516294,0.06431906968809942,2.552949445645041
1.0518087501807725,0.07881514302766389,28.07603199786656,604.240733960922,0.06855874650622282,2.433660823759122
0.014981222830000335,0.07460058845867358,29.814744104750638,323.45151507009655,0.06316253083349097,2.5167270969236544
21.316229441512363,0.07994049527201635,24.65784875122447,355.60823826805256,0.07153634584292187,2.9473594261231018
0.9223745830654189,0.07588777366498659,27.32820601976342,328.4989982199546,0.06247793405082322,2.106250484638389
1.6826595622895246,0.07857610497281758,29.871573340853992,337.0219705191448,0.06844755624821122,2.9054529487032834
0.5383765650439641,0.07639121995461755,29.988637735261044,375.1235974724939,0.06387161265879679,2.5732849106652127
273.5226456162099,0.07826430799604005,10.26041951697957,369.17862351412873,0.06609467339663944,2.5428740957404705
0.4657968769181949,0.07885207093073549,29.768215860313305,217.35937012757142,0.07096542904138076,2.4838603188098145
0.04183199708842094,0.07747108541321368,29.914004454214002,425.89035096873886,0.0676104954053148,2.7581312634989774
1.5810063380840353,0.07761748432244553,29.501382373070026,367.16634239022176,0.07039129111024697,2.739960842917302
1.532602501002287,0.07718958301028758,27.336406086603905,356.3073095604405,0.06911775230715098,2.7487724651255894
1.527449434280042,0.07740480382015257,29.90916121218045,430.42006401449964,0.0653081131643399,2.7647979120837984
532.594031552997,0.07536038042327235,0.25617529510696535,412.9107909858085,0.06151519214465795,2.0486702036068944
0.05709406082350556,0.07440286236690696,29.600517324997877,267.1789243362547,0.06465701549040023,2.6677110143502913
0.019200847957094792,0.07601459385424979,29.979231992794077,257.46842190181434,0.06473947508601818,2.422983698117696
0.4626308065018794,0.07703700921937874,29.17417591475877,361.87946682402037,0.06726570314200578,2.7456033415515213
0.021775323618889147,0.07629019793451625,29.299145455618298,309.8656247882178,0.0675484869492626,2.719616257321114
49.0421405329386,0.07887784803447392,29.42267775960064,357.69655213019485,0.057881272339540296,3.119109856767205
0.08024312935058708,0.07504604982504,26.997797430376053,459.35633359625615,0.07424258332693559,3.8858054523081647
5.569668972040523,0.07489933353828727,29.684242239106368,520.0842523319417,0.06419828291152221,2.370276938097278
0.015280818817339972,0.07773963428622652,29.94903138339484,376.50625173055454,0.06775932869502294,2.7212916605570583
20.054225912872532,0.07600143071310785,27.3275546550798,582.2158055196056,0.07354739609701136,2.7346738074494636
6.730299139126897,0.07689538407427582,29.90097925852767,595.2884121577183,0.07393063733010222,3.585957160736797
0.6950831167730926,0.07783055963559321,29.396360716568985,181.51074743253446,0.07118706652585374,2.832966804479527
1.7372415118939342,0.07711798217718419,29.727062393829822,146.00793136531132,0.06580058965875824,2.2844799929790693
1.84454948945397,0.07739951286378204,29.958101441429122,547.3153085566262,0.06720776156519123,2.610313984702701
29.867465009152152,0.07883100369969373,22.339820054295473,548.8079478248,0.06626442166713864,2.390119469081549
107.29924377597975,0.06894885656415316,29.58073918181784,341.6110327801271,0.07430785333554865,3.171258256310809
0.13455307058892302,0.07888355074368031,29.414821283571257,335.24617427501937,0.07221072113046395,3.1203487085961816
16.543479183868577,0.07913056722479102,29.45786868300247,492.91652689431606,0.06271300113427639,2.7942111802353944
17.925135365700886,0.07531633185174494,29.767419257083894,131.33791636974036,0.06232857379740048,3.0914911926385598
0.12125011504869866,0.07881898936067294,29.20767914060765,324.4313421856737,0.07127519759374462,2.8956903706290413
2.915086171823873,0.07767803192999302,29.125834765188927,409.63107807893977,0.06568637633044888,2.709860785064256
0.020863199922119935,0.07781432100794985,29.99128576317525,256.6180541343517,0.06735246730082481,2.470196085948438
101.64528175643898,0.07708529331995019,29.942485420427467,396.83231615740135,0.07458289690457223,2.268794104535357
0.0279985994938191,0.0764347283547248,29.495892191531347,317.92683563631965,0.0659584166226741,2.540432121186678
2.071354810136883,0.07586352219928566,29.897085936925265,202.41868048696074,0.06440721858169707,2.5664545194325816
356.1608441811644,0.07428122086035513,5.5432868928737165,201.00214331577342,0.06783458435612788,2.3930128324287034
9.606086598637159,0.07851978818008135,29.692950133204043,418.18976119305074,0.06557093524475885,3.0560364966502114
0.015496357034012948,0.07705372344441141,29.026260933193484,320.32425186128677,0.06824368398886058,2.6297175224329097
2.382354276290638,0.0775688542120305,29.831720091240626,514.6501000496611,0.06647240635343793,2.430561138612948
491.7087201035073,0.07548272474988436,2.2120125487102733,369.85019566965326,0.061411053057401854,2.0890344707379347
0.5016627618055371,0.07881898936067294,28.505145887296987,324.4313421856737,0.07127519759374462,2.8424911855519785
0.039357049016163326,0.07738963667412624,29.869626561164303,263.93472716763813,0.06598345105400052,2.3284199988141516
14.487243565701178,0.07510768772273917,29.64626029222264,347.4491850211192,0.06070178959274969,3.305308492262963
1.534138901604245,0.0764277723935104,29.72445625386704,306.0533931210148,0.06824432172017905,2.5816289252501536
1.6685061676471742,0.07818933752965519,29.248248689402796,212.27223092740854,0.06678434499741265,2.3686111939260748
0.05152411654071754,0.07670234436368639,29.882317569437838,459.3641280394758,0.06646482150925381,2.7492381881788512
3.281299261096482,0.0759171021272897,29.633570014795154,304.78006663474804,0.06320723679510837,2.657714786911703
1.2966286606350228,0.0781171980649824,29.947325974600428,386.20774672899825,0.06787365781403637,2.472432210197068
0.8798133447924976,0.0781866903572668,27.47874371807147,604.240733960922,0.06836977813364517,2.7228290840196943
2.0128967696577615,0.07695986335035308,28.175527201676793,316.57037538627975,0.0662957962737449,2.541651640445898
3.888140672880656,0.07529183513163483,29.75085754139652,589.801370095253,0.06325701858775984,3.269524460746622
0.2378315126613279,0.07796180463133803,29.93444542966703,346.6468164840172,0.06859474534867596,2.8600295250329966
25.106330089213056,0.07312770555169743,29.81662400475463,385.77799882025204,0.06844755624821122,2.5788989143345042
1.0752429344452004,0.07788609236121431,29.834113020123013,164.99535795891086,0.0683229551552493,2.4896507858218313
145.43267519250148,0.07603373618330259,14.270832202939284,249.518439426264,0.06730950686119672,2.434854424669168
5.159175631483894,0.0769581810671616,29.711097200496425,511.9699794420652,0.06547732237092066,2.2821255769112527
1.1111724294022913,0.07690834737234913,29.281927390015923,484.1994288867299,0.06785063612377054,2.6533549395109333
1.9878976833463922,0.07510512682519538,29.35565942508557,387.0932700758911,0.06697999148665557,2.6491144674897438
3.779838223965464,0.07699594911366354,27.28593453310155,248.12709824763513,0.06694048368963104,2.4495665809543774
181.33261786943763,0.07591390511690788,14.456008584947762,104.00246194404372,0.06455172078316837,2.1859964651057875
0.8332970979593634,0.07739174033027953,28.89096227584569,381.7352688058433,0.06761982262800598,2.764925236434813
0.5610910186305802,0.07440286236690696,29.292361494001582,271.8211862122163,0.0655486759583116,2.522563905681445
2.6714446600699686,0.0768375261543829,29.67078389425341,258.1235150048068,0.06931343221667371,2.4811075219848897
0.49982602713994173,0.07783720775325022,29.17417591475877,284.21170771770824,0.0667778323184102,2.4427368067045316
3.38049796026488,0.0776673812898431,29.976603449268225,249.75483551160505,0.06580355615233024,2.663307599515159
28.986585172545503,0.07819896597915818,29.93367023440721,228.908299711437,0.057881272339540296,2.4537912487764615
3.613142329764454,0.07765890611785371,29.467609885502835,367.5175577624429,0.0710561426669798,3.8858054523081647
2.4078235703841893,0.0759414038143704,29.517738579882472,520.0842523319417,0.06634543043336463,2.5811712852947815
83.62290213835777,0.07586622896714927,18.251380354422693,171.96556177360753,0.0643282814159131,2.1077210172077763
119.80266638899063,0.07898438571623001,13.039365344863835,187.5769203267306,0.07354739609701136,2.2302253743369245
10.027705297720466,0.07800427846362393,29.946112503572078,301.07246565210767,0.06782208582533544,3.585957160736797
24.904918490802643,0.07292098541255104,18.932618787403023,374.70066388904365,0.06888547908192996,2.5542389565967847
0.07892681851456688,0.07672088199532137,29.727062393829822,230.83221333004786,0.0680052556985769,2.5446537437768426
21.703466985489264,0.07691588829526183,24.486026715268245,242.10908241241026,0.06590398142161588,2.4146569226551113
0.021204862034825994,0.07890740739253005,29.713138653400765,269.8122604323457,0.07235450969441024,2.9278692897908485
0.6329188964093115,0.07771807812394282,28.570742572712426,575.1297878224518,0.06874987594456478,3.0075330721972855
0.40781371007902306,0.07791008861896162,28.889566844911677,418.3619273713982,0.0701620534983364,2.7544785987914198
462.28845632241234,0.07636119027862073,7.001415018149276,162.55660848730855,0.06271300113427639,3.8870806264420477
11.122291860479082,0.07891656659957735,29.90763176349977,252.3900249462744,0.06456234137834668,2.6504118162635493
238.64575081379746,0.07472725093202648,10.91655353999177,287.40582149889593,0.0621217636766673,2.2446885069412783
0.19973062294979171,0.0769837553939453,29.56754053437959,308.4509448043063,0.0667040332450358,2.611638829224684
60.79114649340781,0.07728039114358595,20.705374841707854,243.75627693926725,0.06641273721716348,2.4390971693787664
5.400447408286565,0.07837525758467881,28.876397370047474,453.7330789699622,0.07458289690457223,3.019745480460948
577.3686613403512,0.07763771206153884,0.2586911392708764,262.6587926230651,0.06722954874042564,2.5356407581073013
1.8535338279685614,0.07803833532889776,29.96261060828418,193.7462428089189,0.06592704768080718,2.3673680308801317
34.108628090824126,0.07747128841232796,25.816419299436866,284.0001586601079,0.06362082051907839,2.6805281260632916
2.852559669503411,0.0776730223739445,29.619994987363228,326.9999302479183,0.06557093524475885,2.670107129687307
0.3016865127370718,0.07924288293121974,29.970582298109505,396.68980519064644,0.06862412016018274,2.532817905397323
0.03823755972713226,0.07471055662895924,28.950667946594756,397.6991459525462,0.066667815411461,2.9769453026097272
0.9133999415359603,0.0776765067142437,29.61178792802351,181.28632317926838,0.06690352638339633,2.357618389109697
0.07419260039287229,0.07800161206981193,29.97452547224779,457.8175467329567,0.06838192128823717,2.8143963976754756
0.7126595219526431,0.07887012653933737,29.286954743819827,187.44411594266995,0.07265429717756577,2.8621937689370536
3.2723983803207486,0.0775684426124552,29.64978251122449,336.77244718680447,0.0648259163444016,2.6353685225985766
362.8351177477907,0.07620605410595155,9.375108192025628,155.356663987837,0.06237247340387192,2.868150396070596
0.043313104805521,0.07639299885972148,29.68360366162154,321.23039888036294,0.06558307008070985,2.5473088587887904
0.04662061608333774,0.07760909433665739,29.928050335966457,454.27877819593033,0.06781718366086964,2.798361167184942
555.3643423489792,0.07860552625696764,0.5677082938469713,306.5106369319847,0.06894510302899368,2.649750062633732
507.3753707856077,0.0756728721785047,2.2919856763521356,98.01426973133437,0.06530538205060168,2.1380996961622762
21.890052113652068,0.07586622896714927,29.654262627207366,171.96556177360753,0.06303003290340403,3.5686625293308447
23.419734079742213,0.07909141873935908,29.894100913498455,403.61293068572365,0.07417231139178646,2.545695692759843
425.20014161563313,0.06703853182362023,0.4836450968310331,95.78939963832869,0.07051288605117653,2.247593094081375
219.34157514766247,0.07001025703810572,6.939151873380826,234.52891901554995,0.06859474534867596,2.2556182566151692
161.27179667152478,0.07809857859144564,12.744336563535693,530.1563275917309,0.06276091900527017,2.003087609392467
9.116420242171118,0.07868086378142146,29.483220377708484,420.3294623726356,0.06387161265879679,2.687380472400016
0.04806465252364097,0.0742382035697157,29.987875718122254,208.1651314494586,0.06188636889520549,2.290845018618274
0.10035632888700215,0.07606631049113624,29.939910859841085,455.1397380634803,0.0642381628649425,2.541356285569527
74.75072592157375,0.063292859067788,19.69523548209113,484.1994288867299,0.0728815932315734,2.5886135050337824
0.2080333528086003,0.07914242857445618,29.490849533130106,261.4652212771794,0.06917259807179257,2.5017732979122593
130.82250623269374,0.07233593818258699,29.64938878502555,294.9763434929806,0.07566527063573616,2.5519294592956006
8.08121592790475,0.07591390511690788,29.63170598884198,351.3442452464011,0.07070076977564696,2.738000313387904
1.3753738826627822,0.07816422241906455,28.89096227584569,213.9802117157385,0.06787415942299019,2.4213493813304305
0.014772202146873178,0.07953341967186378,29.798990534302284,280.03745910115214,0.07009978093566935,2.5569093507594243
503.82373422497807,0.07798761825036905,2.710873092880501,231.0165049731213,0.06596956882519803,2.394276773083967
97.78643504951947,0.07817632168933113,18.748595830408345,147.15507503877922,0.06707503528798431,2.2814533805434785
414.81713491792146,0.07627319666658501,8.466835498486507,233.48394874386025,0.060264751869503225,3.3175711180662355
51.357553545226835,0.07741249589908729,21.806428170943356,220.05959855891746,0.06572214534996784,2.357803687816139
0.09929944545324684,0.07765890611785371,29.776026907314026,457.98580007613157,0.06742194563557982,2.81460883796279
0.23413906270490764,0.07681480336569159,29.761021305372566,520.0842523319417,0.06627794548454602,2.8946090368732884
0.013999172350988902,0.07722554617648218,29.693566395033855,315.9659327711972,0.06696550668580425,2.550804084314728
29.707005901015744,0.07831225568031008,29.87910378301345,99.75818426087659,0.06762948559751844,3.7922318295185002
30.129543844620255,0.076336475477545,29.750015099427458,465.16527045630477,0.07393063733010222,2.8274339173313745
0.7385415304394068,0.07547277974741783,29.627909504915202,284.33089389462725,0.06414065113001313,2.591386110288588
296.0235814019345,0.0743836411032849,12.514769945431455,625.2362967452709,0.05883601299050273,3.8002892970818136
10.730292709394156,0.07510558300070141,29.390964066851797,547.3153085566262,0.06965177595358785,2.832941753626245
24.25124550545129,0.0762092119672529,26.332075234747595,276.9827985989075,0.06016355413013444,2.312340822677581
0.030647330835296898,0.07813348526904962,29.68828953243564,385.7452652543418,0.06892956404277403,2.752044974125129
511.0156403558042,0.07955977194194339,3.3118937050965833,267.7085547826717,0.07093143276902722,3.374634331367304
0.5700022461037038,0.07865349763334006,28.60172434348634,273.35477936773793,0.0724755179951225,2.9832714483419336
47.85886893792292,0.07153590937047119,29.220564046374705,452.2452196999077,0.06957766910469637,2.6541383905034412
60.85702607173193,0.07944421043567323,23.25436757442651,264.30328039118297,0.06275890352601415,2.2657191520950684
67.93658033406831,0.07767803192999302,18.506160930888573,308.4509448043063,0.06856889788258066,2.4328921923458644
0.258322199744566,0.07889369248278753,29.667689772556635,390.8593954474655,0.07268967784681485,3.1339175957821506
0.021855109435882727,0.07827651377407209,29.784682530445952,315.7604253035878,0.06840940138250129,2.5767212841766627
3.917151959442264,0.0777689704615722,29.572516242500345,224.07373933827472,0.06484183157048173,2.4231086918648987
0.8200500122937812,0.07629754466829596,26.63966954976758,324.7270353060232,0.0695161202023,2.3839607316951534
40.9793511069463,0.07428122086035513,19.87187527671545,179.23686773215974,0.06959307448928126,2.5758777019085874
429.4262586401384,0.07620008372117713,7.932587982277149,14.078099586681844,0.06447148518410745,2.0255991075075785
9.50534440174799,0.0777878129447325,29.86328809764084,320.89633706761947,0.06414317891857599,2.8672207637976936
1.271052442933088,0.07471055662895924,28.198443837256434,250.9577195124768,0.066667815411461,2.3312448057371116
0.08535677027079122,0.07543030299569607,25.866672910943315,520.6895307877535,0.07256505407084296,3.147092181917067
7.686279526854493,0.0787349960219045,29.8706032350779,499.902649799038,0.06456118841837033,2.8746413725815003
1.1530231094076464,0.0779729415263632,29.872066116628734,353.29645573511493,0.0675990975066808,2.41896596628526
3.1818704243903455,0.07551902500111655,29.64626029222264,470.39729755714757,0.06200870664734731,2.134140268416988
250.57548041587341,0.07678545050874473,10.173423389980584,287.62572046060296,0.06708404475358798,2.469522082795079
221.46673501334905,0.0794671566992752,12.831995852606317,278.312049023694,0.06429736247482953,2.2430868830307173
2.3283685146279036,0.07474069298266485,29.58578665646619,244.7275583727445,0.06355178020971197,2.743060749278073
0.8136652204820782,0.07478391879010761,29.650306457025643,154.14001681575348,0.06458413776716482,2.446366830342307
0.2554349809079629,0.07978275857631127,29.69632512241123,214.04508109027063,0.07015888664112899,2.458085461106079
12.965353757528419,0.07788097235013539,27.67792153775551,477.00307809639844,0.06887845529494219,3.5686625293308447
6.606560441689182,0.07738879303872627,29.47593215455132,257.5622975207432,0.07208652845846267,2.545695692759843
355.7779027278713,0.07881152404154151,9.464134765572663,194.81707672831783,0.06753313768852567,3.269524460746622
0.06371079750780986,0.07814201135699016,29.856987218196508,236.8872706581023,0.06807273931774008,2.4714886759116297
0.030304310005294738,0.07693875441598932,29.979725492981608,247.97429687045903,0.06606278267690929,2.4332161964756702
2.9975827768726253,0.07691480977618478,29.74348694377268,347.05329924824656,0.06387161265879679,2.6324655446219243
0.2766137589378897,0.07594847439557985,29.776561035785093,302.8287532832154,0.064270663469784,2.322517442141116
10.29650856597543,0.07773863596115842,29.711097200496425,283.93683806908325,0.06656741563071103,3.2617477435844493
0.038333900250737844,0.07836731425035533,29.89296779938182,244.42857806502877,0.06835618507954816,2.4832123711205307
0.03330627668339216,0.07901042779566893,28.69757657047237,412.45652545116394,0.0728701573892584,3.124597101359659
500.0858735261942,0.0764184718712836,2.521671744271776,394.18834885045874,0.06694048368963104,2.702761053528751
0.4657293698426018,0.07714639814718821,29.59410105669753,176.4073354562148,0.06634000921041214,2.300832618462427
2.1713568785689024,0.075514346689638,28.89096227584569,412.9107909858085,0.07172480428628761,3.257174845379314
7.626795664528002,0.07543889601855674,29.69670239022585,418.9768244245314,0.0647237779850929,2.231219725223448
0.030073928056783866,0.07689733693867364,29.013994464001772,383.00425889276124,0.06819875656495081,2.722658828288143
275.2702480447235,0.07957303245068048,10.582775387731433,361.87946682402037,0.06640909858651442,2.5361796361062923
0.04201991014879266,0.07861970623076192,29.80865724218502,336.1131529279789,0.06929966071943675,2.663307599515159
0.2425789480775224,0.07448558136312425,29.740167001034315,286.31389030193543,0.06206256282104333,2.261487053351457
1.1448708948891007,0.07765890611785371,29.878622554642355,290.3308335097889,0.0692745474117557,2.5570350387606933
0.08527805823403636,0.07752782774573949,29.39221971803532,419.73413873924494,0.06883620498649318,2.7986653449957988
0.5880881371600039,0.07890196346294465,29.693566395033855,315.9659327711972,0.06811714952499393,2.6043564557782624
216.701372907161,0.07823475752293473,15.107352438242987,282.75867911003763,0.06810311337806874,3.7922318295185002
0.6633939775991587,0.07905618968715229,28.149976196113688,595.2884121577183,0.06923043213968846,2.512136484467142
13.139659959253644,0.07795001606744958,29.643888763183263,239.8937782442078,0.06151395856634348,2.4199356895791997
1.2564370967219203,0.07827558983923316,29.727062393829822,625.2362967452709,0.07235046111011614,3.3598498419635074
48.33281220385051,0.07628271919804842,22.966445471302876,277.02582271659355,0.06634446358404752,2.9531987500742343
263.985252081005,0.07566155165325261,13.638320968127033,272.68787555378515,0.057555885534614215,2.6761031966336795
1.2584032361650532,0.07741065452151549,28.570742572712426,295.4763670190707,0.06709430417221954,2.5450115937669278
3.2191394924549233,0.07594261606230561,29.788427757548554,758.7995556645271,0.0701620534983364,3.374634331367304
0.2347114003334422,0.07353487605235266,29.45786868300247,272.0695499847183,0.06392302376189454,2.7942111802353944
0.15686794017532013,0.07770380902735623,29.767419257083894,371.09621605880267,0.06343765278397501,2.149467727461503
1.6490458506898067,0.07495323712791585,29.84697327110085,240.9491509110029,0.06236300145135276,2.5129435774510145
313.9604427934148,0.07919175072026818,8.866423048240822,209.87446120214793,0.06894396972826305,2.5680847701080776
319.22954391886327,0.07844614815312631,8.960932343555646,222.02567535264683,0.06626884007097411,2.4516148312529165
5.377431888004663,0.07882824009757645,27.563215507118414,310.1643064955034,0.06816370768620142,2.577377372384671
20.00526974176537,0.0791805118930681,29.572516242500345,451.06620533273446,0.06484183157048173,3.308253967929433
539.0293822047147,0.07629754466829596,0.4743712952946808,254.15642709699537,0.06592704768080718,2.303398308829231
0.01400916533150149,0.0784004723314213,29.819942772395624,300.1891265526073,0.06870074745755647,2.592687764905375
11.8584264186354,0.07781262631768832,29.44565827473727,386.2110901522199,0.06557093524475885,3.2574531334978176
20.29424470443036,0.07950188389572158,29.577683019969058,352.3570416035153,0.06414317891857599,2.9476339658313586
304.3423496039891,0.07794341820717549,8.769781754439414,191.0612722061062,0.06702083839613268,2.332383521819552
0.11813744231514928,0.0776765067142437,26.123026750086208,369.85019566965326,0.06962628786366559,2.3245625631981315
6.034552926532491,0.07357344578037595,29.812735916578788,263.96839553984324,0.0662553448002619,2.4862222500904547
0.39092640480643737,0.0780766255677774,29.681151750580987,353.29645573511493,0.06660271170052365,2.346914168262968
574.3074795548638,0.07573917088939011,1.1746346927236324,355.69082782195534,0.06202241361484018,2.6163425166173306
343.2120729026082,0.07964634576320546,7.269638583709587,353.60313559701194,0.07139132029480866,2.868150396070596
4.097979812790448,0.07610572212788382,29.88306957668177,185.45561763473944,0.0637998591711742,2.5377876434855935
0.06600100687566181,0.07636616272723684,29.58578665646619,299.08820963464086,0.06578814201370692,2.536478128513213
48.283450429913856,0.07430419175491604,15.916764488103132,418.28939945648546,0.06561576157727472,2.0453071444913036
0.06262036161952526,0.0756728721785047,29.723536914821885,325.1571357152116,0.06610346262542235,2.6629329111865596
2.016006090037215,0.07463829125555829,26.909571079917747,468.9250144073191,0.0743524892200021,3.5686625293308447
439.7642017041744,0.07803857375506679,4.905214683767962,215.65054909088087,0.06694158365326974,2.545695692759843
45.98350684873908,0.07479929472284447,24.65784875122447,589.801370095253,0.059106710454356254,2.939102239348347
2.312788261607736,0.07796180463133803,29.539830578694396,464.5867896792131,0.06620037539142695,2.8334713715312545
0.040702097850165084,0.07776720550050487,29.586993826221846,385.77799882025204,0.06863411437288755,2.8172566922126743
154.52996894433045,0.0694446395109803,29.916326581939508,420.3294623726356,0.07265441297211134,2.687380472400016
0.7284031291850304,0.07660628250985786,28.930072261063145,322.143333132115,0.06543882827270467,2.5087167774421344
40.591978330141956,0.07831079564547735,20.256496459159308,311.482155044204,0.07096542904138076,2.555793080744356
96.42864870534476,0.07850638839856658,18.529900953687836,517.7313008876467,0.06804556069527115,2.9023802044197993
0.705875340957825,0.07768841197696895,29.941949671102407,412.45652545116394,0.06745603326108593,2.5612864428754154
0.11685363332051207,0.07656239648972912,29.796334791831626,332.33899449211833,0.06485144967615078,2.380519821427871
0.04116442246296704,0.07534449542784968,29.2310370911246,320.3813208478743,0.06551082624945151,2.5549267874804107
0.16851958255098437,0.07831821520870437,28.89096227584569,409.2666233395532,0.07323696128226465,3.492765630995013
5.369500553829731,0.07440286236690696,29.91926299147564,299.73360477079234,0.06679121316936251,2.5295513041680198
0.1639690492017481,0.07474239185374483,29.88498980244366,337.60997847777674,0.061982545151924306,2.322113344838563
5.9912128684397175,0.07833920858207095,29.17417591475877,361.87946682402037,0.06505301241978823,2.637241702136877
494.8007242596045,0.07980503543542271,7.690610405250151,58.90593026081211,0.062071715327511406,3.9765001378898104
99.77022935207366,0.07742646643661828,29.389094824098777,502.9998722751675,0.0710827963993394,2.0355668555303943
35.80750638393032,0.07569162501486648,28.931156315715192,389.8067168922181,0.07424258332693559,2.674283424172309
43.61533269669686,0.07355867661845548,26.24171906937297,274.7529565417143,0.05678932298128886,2.8946090368732884
25.82177324058842,0.07722554617648218,29.858969045704892,59.425563459426485,0.06443020339394745,2.550804084314728
0.7082379568523975,0.07814507560836746,28.91512925248732,244.8004543375264,0.0692769117058605,2.6076361141210787
3.87403444572219,0.07826420010138616,29.52456414519993,595.2884121577183,0.07389633770351728,3.3363181082651283
541.2469060008991,0.07292098541255104,0.37518179324866097,144.43006163133236,0.06523856180717241,2.2572426850114136
3.099037467942833,0.07575991131080452,29.640379377334938,442.5649468125211,0.06427298585498245,3.0519837813081887
24.6260309734943,0.07567853577894572,29.54672340042317,41.77169736874282,0.06267994758102052,2.2443083723649018
316.09078087973097,0.07812723816917738,7.65732803043644,548.8079478248,0.06799357876635559,2.6167055094152185
26.155735380059703,0.0792967490932566,28.570742572712426,213.61926329621872,0.06440449023282205,2.698268224025748
32.16796361367452,0.07725524877580722,29.46005586276658,176.5636267484486,0.062299518769907025,3.374634331367304
23.498470402311547,0.07353487605235266,29.861476584339243,492.91652689431606,0.06932889363477604,2.7853304660278675
6.60303086344093,0.07861031404097359,29.919313706397652,226.23659670686772,0.06456234137834668,2.454521368377755
579.5939813875605,0.07621092560268747,0.1961209364225116,304.3297889382895,0.06390042398964166,2.3185536416450443
4.017900348045773,0.07538004751266664,29.806972197731117,412.1470237434157,0.06775480446701376,2.701115222799354
198.0407820638202,0.0690305586811375,29.667689772556635,561.7343652710472,0.07471213476704103,2.9389908964761635
49.49257976422177,0.07455574014918033,28.829831326728385,429.40062946818836,0.07458289690457223,2.762000028082875
1.2540369058705547,0.07554327127306758,29.670396943918533,286.2398968550667,0.06714022680863713,2.5571812655981283
409.34764195065236,0.07924638483766923,6.54979481734707,270.9115662334155,0.06592704768080718,2.6326621723521066
269.6280924525893,0.07636934994121408,10.11855162617105,411.1096887037404,0.06576795081565848,2.6805281260632916
441.000855082267,0.07377240802948096,7.630114805931115,225.70702065615689,0.05832061088241791,3.5590206598979757
6.998718040125112,0.07828689561070593,29.828081867591173,374.31363405008426,0.06414317891857599,2.7108672438468115
0.6325316067000278,0.07471055662895924,29.812805992225105,301.88192485652235,0.0647975344179845,2.9074551879161366
0.03691898059471473,0.07489811138847428,29.61178792802351,388.33835801321516,0.06393993610940199,2.65556383908958
0.026672639830497055,0.07610264384718642,29.073543277712602,393.1524259207239,0.06732104570971911,2.759494076001321
0.25965360472371124,0.07690571716693007,29.286954743819827,414.1189833591442,0.06647621408698748,2.707879833797306
0.9039297197618676,0.07728351745904843,29.64626029222264,170.8822593209831,0.06614378118628633,2.301805935435288
0.1727695767768287,0.07729192207705246,29.39510881212112,304.51640932934174,0.06697342348049745,2.5554390412481243
41.88214460945089,0.07479572347739202,29.63159058764236,986.6032960185661,0.0639468785050048,2.1274899871483415
514.1313793073474,0.07805929013754051,2.3725609008136903,232.47608725414773,0.06616553939952938,2.404404091381183
376.72563888646715,0.07430419175491604,5.10309102726184,418.28939945648546,0.0695419129268755,2.91175491203678
0.3171578096988149,0.0756728721785047,29.69632512241123,386.20774672899825,0.06437526194707907,2.6834259227096684
61.575426477135736,0.07777870321627822,29.804298281811228,604.240733960922,0.0743524892200021,2.5439601590835124
9.934996089898103,0.07948582693206521,27.99314629186561,279.0118353730481,0.06707909305879267,2.545695692759843
162.62739569231218,0.07315332728391089,11.278825780048045,297.85859680468064,0.06925250823934015,2.562072904065539
39.619259681976224,0.07665942934884092,20.43564644032391,292.81482609996044,0.06859474534867596,2.4718045393309716
0.06634327066806306,0.07312770555169743,26.237647977687473,344.546766851494,0.0662914881091865,2.5848300193541522
357.441750760829,0.07932065283794851,6.943397329978737,568.5481863651864,0.06930134951573913,2.8697088549323477
329.1856736349786,0.07674478746427324,7.807485002125447,322.143333132115,0.06598015949329844,2.508595626260095
0.024090600083670588,0.07777345579333621,28.963848760949475,486.1283471937754,0.07113187687931308,3.224558962492769
109.813542044249,0.07636451044064464,18.512481664646586,337.5849576509276,0.06559382493902408,2.9023802044197993
0.22215736030778155,0.07711234978078692,29.490849533130106,412.45652545116394,0.06735892931516604,2.828104185845978
228.83735883876034,0.07968620650329797,11.941386428669627,181.51670929163583,0.06694048368963104,2.1981787003388993
320.0916321597307,0.07791231832701372,8.243243462687255,189.04060096412934,0.06700130449587655,2.3374426479805788
1.0503628180830709,0.07609894956180993,28.89096227584569,412.9107909858085,0.07135984231508014,3.1835317618904595
8.945601473219678,0.07440286236690696,29.811868029829974,418.9768244245314,0.0634311066342447,2.205316296969653
1.6032278436001874,0.07924140838352961,29.562347715068164,479.6425297778275,0.06931343221667371,3.0602018357553176
0.01826731332525843,0.07714557096990525,29.855258663128012,289.75510988092697,0.0667731038033694,2.5361796361062923
4.361651075034427,0.07621946418577781,29.877495560626958,420.9073393180368,0.06165298380241008,2.663307599515159
510.64335242522424,0.07626606895151027,5.187995830595277,128.9236401361659,0.057881272339540296,2.5789156132227955
0.08691295414479225,0.07886222361484652,28.686752705353932,353.1224453371108,0.0723335873140358,2.9880316738263923
0.21013287207552814,0.07458759947278387,29.728055606782448,520.0842523319417,0.06351802952147581,2.8946090368732884
0.03665635767015926,0.07711309751993214,27.369378510630227,356.8906904434878,0.07165641983924384,2.825928915857012
10.430989169338558,0.07819801060020738,29.536536530199896,299.07814777445395,0.07354739609701136,2.6010798410998497
13.176265581138047,0.07826420010138616,29.155456774771203,595.2884121577183,0.06648789833832697,3.585957160736797
0.026317949198332666,0.0779583940901219,29.987711624978928,249.37455072827385,0.06755033741015662,2.462682140262907
0.20888532083006853,0.0775566526665269,29.391982414530204,306.47487814261655,0.06733058850940793,2.4103314983662094
187.82708248559527,0.07765435391756098,17.245926621121853,315.02179261414227,0.061313075682736584,2.9531987500742343
9.380520038764711,0.07440372071519957,29.29792996976193,548.8079478248,0.06623382005951187,2.5202119940227634
41.56006126380693,0.07314970403714499,28.570742572712426,575.1297878224518,0.07333291541888265,3.0075330721972855
9.329249575257428,0.07578269096837884,29.468292278820044,353.2899888681063,0.0701620534983364,2.6252091522868506
123.92655648818592,0.07894366557016673,19.800842830556903,492.91652689431606,0.06271300113427639,2.7866241381099153
0.31111090105603223,0.07869209356431285,29.593362065075368,474.1022406320759,0.0729439772835492,3.334736525261392
0.022572370079555343,0.07714805385258683,29.82708956907817,382.2107792058241,0.06639956350997647,2.591557004772846
1.556895646894868,0.07767803192999302,29.333827541150008,378.93381025890943,0.07397887891559968,3.3230417462320574
2.541500996720857,0.07606268221376923,29.667689772556635,301.0416329323234,0.06626884007097411,2.330488258378197
36.184781844183235,0.07494604313268795,28.829831326728385,60.00094791331253,0.06413423815020658,3.72234608914415
371.45314245753445,0.07534440461741407,5.624138896558405,380.70751669224137,0.06873140366118533,2.779508007963579
0.08322291846331253,0.07853217391125744,29.717688051221863,265.5375964719169,0.06891076283770961,2.5664545194325816
2.8775809812807966,0.07428122086035513,29.895911280768445,343.991184622022,0.06598966489408165,2.6327264872794176
0.015879692410208944,0.07649062011223143,29.852918956272646,318.94923684733345,0.06570222141523063,2.546483629623899
129.2489096078511,0.07841189650612611,20.310446869964604,106.33847477224509,0.06415409777994457,2.532817905397323
7.534740925506776,0.07776646026743082,26.67145972927631,282.8265977619375,0.06652672002545873,2.4214015294965963
258.8571387644937,0.07935260707486151,11.31164320658645,113.51872092158322,0.06769440455994549,2.221129865519394
0.0694957620039331,0.07878438722948497,29.789143890912847,334.57398665560294,0.06940965154289166,2.6334065223590755
3.6334295552217606,0.07843628745054336,29.61215351963031,353.29645573511493,0.07231172457152174,2.7443323941363977
7.188501896549454,0.07551902500111655,29.810195522326563,374.6433539559815,0.06860542828944186,2.6163425166173306
7.137019069462889,0.0764277723935104,26.560142017186934,174.7540173616514,0.06635928436396388,2.3088143322135624
0.11143220955127481,0.076016392831157,29.958123008534088,209.8551467893143,0.06369170298653848,2.1529796676987236
1.2246644620554574,0.07639347770948601,29.92490207553898,341.3788874472051,0.0641051905905291,2.6319879793541534
0.061099347105085286,0.0782710247802008,29.882458452046375,363.35856620211416,0.0687024933149114,2.6816858647521187
3.665633885095533,0.07941770632814601,29.69632512241123,292.6664580215538,0.06530538205060168,2.38679198290246
4.048551085394989,0.0781866903572668,27.67792153775551,210.8999873687731,0.06827465535823721,2.4298008998164042
44.173620937150616,0.07563536836979919,28.345928145893698,119.1584797894406,0.06122207244724903,3.5696718567633248
27.219376794108292,0.07727390361510633,24.65784875122447,283.7028710153729,0.06656027384972579,2.6897685263025153
0.016379583973553873,0.07657550078938541,29.806021635544695,357.94522680481634,0.066292247450675,2.63906420815278
9.25407499292072,0.07786655525593698,26.237647977687473,254.69870383949274,0.0685472356657485,2.58239672789022
276.38516375362883,0.0770110537457453,12.45984546994259,113.05201328727202,0.06309925441670597,2.5266644766554585
6.415904005930482,0.0765942207851978,29.2174180625719,322.143333132115,0.06543882827270467,3.017431460377143
3.0538939893002914,0.07699445447399458,29.885902932374776,511.9699794420652,0.06628212373727241,2.451843274102722
475.91172454283173,0.07709612516300074,3.9060825229388616,484.1994288867299,0.06617106711238296,2.9023802044197993
0.0892071520759224,0.07665423979317516,29.639541480670133,412.45652545116394,0.06752599052553682,2.7914687603799244
392.56679655016785,0.07705886309654204,5.912968653998934,221.66741708772486,0.06602362166856457,2.3994009167267114
0.8084551030352588,0.076583099081937,29.63170598884198,409.6353603028129,0.0653081131643399,2.7497702345840316
0.045675888879608134,0.07769127735410743,29.97836831668007,238.58269089482974,0.06710277576676621,2.435833227162831
578.03166755375,0.0758026449223196,3.0376662645677523,218.374326552188,0.06110222426317008,3.527342691617121
0.06280106253032222,0.07648559253377236,29.73860016123539,737.1599387515344,0.06628198133216032,3.0602018357553176
0.568983243539381,0.07566393122998852,29.17417591475877,236.42758230329792,0.061041220004158236,2.066590334387581
0.09663641548361389,0.0765368749342359,29.84132079565034,230.59401042782446,0.06568479110776812,2.419434119907184
2.3807551344124533,0.07801755755116606,29.958469241996006,540.7469185897244,0.057881272339540296,2.0355668555303943
16.22882327661833,0.07765890611785371,29.238044358977817,403.3292657920051,0.06667847844495875,3.8858054523081647
3.5210625000753266,0.07846533631088687,29.896116981100114,520.0842523319417,0.06844176543325686,2.5041865424529863
0.08825795549737483,0.07677296805317148,29.96838624207395,462.4724652528079,0.06553877051471563,2.6150982687232363
20.74523532780659,0.0780084072805335,28.983311785667894,582.2158055196056,0.0651021309262822,3.7922318295185002
2.7047970861820287,0.07722770452536636,29.599258758744526,595.2884121577183,0.06691470068884045,2.5336146278861973
4.392597326824399,0.07973098411982069,29.40694714822034,295.6000641795006,0.0738311508611165,2.591386110288588
0.13383434133007932,0.07905505037017341,29.09438181620176,328.8110983538122,0.07196778549744026,2.9534587313147522
19.534413908178422,0.07897425673785653,29.390964066851797,183.34430401684125,0.06634446358404752,2.9531987500742343
0.13666025471477591,0.07566155165325261,29.29792996976193,548.8079478248,0.06626442166713864,2.8392963947700407
0.3108323396091353,0.07779710707536298,28.570742572712426,575.1297878224518,0.06764234005453629,2.565205474390555
3.8715133170863543,0.07569613143221644,29.128654480297627,409.3184119617655,0.06642839063088146,3.374634331367304
358.0724257842078,0.07353487605235266,5.058992109157936,563.6767799653155,0.06926135160295713,2.863877012185176
0.020774216430762917,0.07739112793635197,27.372548536941387,307.3508865312522,0.07167501318423847,2.7145285409210156
2.368934770470558,0.07626215226670575,29.82708956907817,192.66020416237177,0.0646899284268766,2.5129435774510145
288.08410922229024,0.07851194605943806,9.166662887725002,308.4509448043063,0.06775480446701376,2.4896698336626026
11.982090612377135,0.07606268221376923,29.62989887377855,561.7343652710472,0.06128818884261433,3.221693170175449
395.7961860654101,0.0752830081312874,7.998918176915377,453.7330789699622,0.06099433410007482,3.216096139571643
12.922588862709782,0.07554327127306758,29.91077636187029,317.92683563631965,0.06752803990949582,2.2955398174896167
0.017241493496530338,0.07788735201641621,29.661824204601565,269.2933096446186,0.06862088618372611,2.559785635412903
6.321780922219748,0.07428122086035513,29.4358366058961,169.8172731501072,0.06877336141481108,2.36444084031415
65.32212349318173,0.06546344577975777,29.665221976389006,359.3648286167058,0.06557093524475885,3.024801051132105
122.61141907833998,0.07501734917968228,17.7535728422545,155.92026869534465,0.06414317891857599,2.532817905397323
1.2545032143755592,0.07798903389383344,29.113290791070437,198.29519864393035,0.06977949936543698,2.670731608891092
0.019458027516285545,0.0765835659352415,26.70893968569062,369.85019566965326,0.07230228237125694,2.9335171352102307
397.76861144903296,0.07710861434844815,6.323473704929189,275.5683745723413,0.06456118841837033,2.4962987050342775
6.16179969070355,0.07533839707462459,29.946171514090658,459.3836516484793,0.06870269175774846,2.826432231092446
3.3938399958761174,0.07551902500111655,29.64626029222264,374.6433539559815,0.06226675754653041,2.0741488543441733
0.01572976643443276,0.0764150448075782,29.874002272179375,355.02041138012225,0.0658695099490279,2.618376258161373
0.26712106356388726,0.07571808705445342,29.820695619940164,362.5850146320636,0.06510144700086704,2.5377876434855935
5.102862657855463,0.07761459117375083,29.58578665646619,179.0609491021881,0.0641051905905291,2.3074740292748905
1.3834877693665957,0.07807005997750485,29.79815826075305,418.28939945648546,0.0687088514786939,2.5868125262682575
0.0627447930549886,0.07638092155360836,29.639144348380725,386.20774672899825,0.06662729889425983,2.788684567071729
0.15738203572734963,0.0781866903572668,28.899775543188177,470.7870351184694,0.07246626368551587,3.2155546442989813
0.5202895658109818,0.07738879303872627,29.868734088546766,297.89620546000185,0.06433445795975887,2.357080130144369
433.93784143708456,0.07936201724584321,3.142425962365367,589.801370095253,0.06965805395041869,2.5311259444234837
0.01483878950686554,0.0769880558361887,29.425428002972488,348.10157051433407,0.06762069233305532,2.6733505726993707
47.42086786203179,0.07881906062495221,23.820163926509345,248.5668792921493,0.06830457525500094,2.9054529487032834
141.79780839226618,0.0742662769597048,20.71355840356834,168.9871439837085,0.0598229221306629,3.9244276142520516
0.023174948491728624,0.07791985505097292,29.747330742251975,360.5439632432415,0.06839871854210203,2.6928494565904595
4.895450445963588,0.07831079564547735,29.919917824406397,511.9699794420652,0.06709371622339419,3.2617477435844493
490.4192298671887,0.07892377145182605,2.8155313583696397,196.8537519286025,0.06785063612377054,2.3727121226202
1.85057665623003,0.07708444423755606,29.87416608240916,123.61014286124265,0.06604212474007465,2.2502869466205206
377.6062028596654,0.07714717566605675,9.099914317089308,319.9466806854334,0.06357968294600527,3.4394861307250935
8.614474911083914,0.07879145863591491,29.63170598884198,306.3344113841629,0.0653081131643399,2.720508700171548
10.33075841806972,0.07853742571307387,28.89096227584569,412.9107909858085,0.0632669960451176,2.560801889496257
0.95746779653083,0.07767491067203534,29.664809712936805,458.3695087237981,0.06842986002918833,2.6677110143502913
477.328256660217,0.07924140838352961,3.1680994817031554,266.4535467976282,0.06861558060481832,2.5114690759865104
0.02802158944240753,0.07527567534158866,29.478492303979856,351.0349102253697,0.0650652031850383,2.607145875751087
0.15980734237484892,0.07738790171936544,29.80865724218502,333.7772544598721,0.06823666294199476,2.663307599515159
1.8901126170844036,0.07433715422628093,27.4560400396524,377.41302288668925,0.0652987220219633,2.2810716980409955
22.370454966950884,0.07765890611785371,29.80647108062427,273.55633612681385,0.07424258332693559,2.519759420628306
247.3156738119256,0.0791842571541924,13.635858949917074,263.54694665248195,0.06539802728479338,2.8946090368732884
2.723406156655148,0.07884066471078094,29.804158055260014,315.9659327711972,0.06696550668580425,2.675343614876847
18.973473601081935,0.0780084072805335,29.523316982456507,288.5873651972647,0.0666404835307555,3.7922318295185002
5.820526324208376,0.0776214573305799,29.86208944806868,416.0347832424984,0.06795777974820469,3.585957160736797
378.58265431596783,0.07614754596813746,6.261444519504643,273.0559496543933,0.06235509712844925,2.177722494490114
3.9573704896028956,0.07672088199532137,29.972130392408697,625.2362967452709,0.06613041092336819,2.523570427666364
0.1378750361324904,0.07567853577894572,29.390964066851797,297.8627141634893,0.06634446358404752,2.5602799429863823
155.27932670770122,0.0679897302862636,29.29792996976193,548.8079478248,0.07163701994351043,2.819666462440282
0.20470669860358737,0.07752141394829302,29.780201728770102,206.62901114981844,0.06724242406263459,2.417182328308736
3.4489856185227574,0.07633851658474144,29.84008419385289,758.7995556645271,0.06582860068074126,2.616539647208622
0.09569396342902896,0.07353487605235266,29.846269693237772,291.1782234548975,0.06271300113427639,2.5454281611959573
1.8688812769632066,0.07876213534542231,29.8106966288576,474.1022406320759,0.06928384953454791,2.593759386111003
0.01461202925036754,0.07894277554586175,29.82708956907817,326.504303677429,0.07034725731320096,2.78615329466762
2.2375997963581833,0.07591308888161952,29.56754053437959,322.72459398907677,0.06775480446701376,2.5514716622672733
2.989278905096596,0.07606268221376923,29.166459064833585,364.19100044956804,0.07108016669173994,2.9389908964761635
0.026485633147849488,0.07731305569058476,29.821748361568396,257.9935896765423,0.06680819924076264,2.4593316629416186
3.5857845814306177,0.07708526751342193,29.456101417668233,317.92683563631965,0.06484183157048173,2.675459944724479
0.3707599273982345,0.07578454280932177,29.661824204601565,324.7270353060232,0.06592704768080718,2.8026110792252332
0.01590965105188261,0.07428122086035513,29.4358366058961,245.29001632339165,0.06362082051907839,2.422893349131294
535.7513927797714,0.07740569624814188,1.511271802208757,242.38862339567396,0.0661114135914655,2.411704357591577
0.013840676062540665,0.07649721886617321,29.61639172253771,322.4012659116253,0.0659760755436832,2.536491668775345
1.0255449238042127,0.07591950623421674,28.198443837256434,422.5173548900397,0.066667815411461,2.8211494727046316
0.2333990617200848,0.07841643558209038,29.61178792802351,369.85019566965326,0.06973562514071124,2.710070367166032
0.015350299194292413,0.07595852545250033,29.514909391764157,347.22553162785437,0.06585361086258437,2.616504096490725
0.031134296752490728,0.07697221950853032,29.909814577598326,360.79266897586854,0.06670826253682954,2.6360704016833347
2.4125301462063664,0.07475862430609695,29.67238060691794,374.6433539559815,0.06403545375770911,2.3603619190837137
7.072302294880165,0.0764277723935104,29.39510881212112,100.09799406111762,0.0634030284030642,2.1440720729043656
1.8405161596449302,0.07809114508850085,29.941320775731274,444.33997362524025,0.0640686612261269,2.5377876434855935
182.3086618749387,0.07893509718284356,15.165451816838354,226.54581093328397,0.06780511914070422,2.743060749278073
13.99670426886753,0.07654511755702263,27.043666727241245,418.28939945648546,0.06320723679510837,2.657714786911703
6.816369893124845,0.07762320934013697,27.598447004221498,305.45026208519994,0.06708167512554897,2.6834259227096684
308.9276141905648,0.07756008307625421,10.66548214637642,381.6922158420005,0.06723181677088616,3.5686625293308447
0.01500698480134654,0.07605549864553213,29.89646985620594,358.2134496720611,0.06565352988777137,2.6595791955282317
361.3899460005031,0.07332030015483237,7.636287405684696,273.31258104693995,0.05614891450973725,2.0888520030712794
0.5141832516664661,0.07978611632278042,29.539830578694396,328.4989982199546,0.06983338381085344,2.4240297651142058
84.37601784042366,0.07868634217268738,20.31520889203543,102.65282718240474,0.06759090060244999,2.2011223333469543
0.11951652204141668,0.07833484616469472,29.986628023507315,420.3294623726356,0.0694814363733876,2.860155241353371
0.6532793826747528,0.0792730108168734,29.778424260654248,440.48153933671085,0.06395967443985567,2.0684089622782564
0.015477518280155277,0.07528591030375967,29.711097200496425,415.8393947472465,0.06464440271360827,2.7098217601954686
0.6181818847977781,0.0780048342516048,29.785081744955114,167.4077966700561,0.06783173982397189,2.363067884378034
0.6202408084248703,0.07632989738102393,29.490849533130106,296.3495835822743,0.06697999148665557,2.473223174892787
3.522286465420046,0.07734878104795065,28.55355300392285,369.4424536319988,0.06694048368963104,2.824097082023164
0.26938811274617624,0.07686163991505185,29.84128349858112,196.38323651942045,0.06604946498805245,2.371528076820152
0.022076814961421273,0.07880249495654312,29.960112020835183,299.6306636158107,0.06888122351719642,2.5596829392746066
0.6432504262930598,0.07440286236690696,26.934298269681857,104.87485746365275,0.07487980250334603,2.6677110143502913
329.835443304337,0.06555793822569843,2.9031594769463513,258.2224414418837,0.0731594250077946,3.0602018357553176
0.023171777839308252,0.07953046412129675,29.91485330227981,443.27986417497056,0.07313271525044149,3.4278526184467766
0.08062640156792464,0.07750494582258201,29.80865724218502,494.87404189340776,0.06836941597353907,2.9042562986874954
8.107190691416479,0.07511523145872784,29.261650684065216,253.84072568749366,0.07098080796483855,2.651184338018388
0.5029376669645049,0.07520323676761764,26.924105376163645,403.3292657920051,0.06977730481835667,2.7363521919866365
0.024419277107497285,0.0795264468153638,29.266272459335443,476.140438448926,0.07456830204255738,3.5554418661035525
2.276950539596274,0.07432932397210666,29.401006517861212,134.87500374824538,0.06452961439385321,2.550804084314728
0.014026598475953934,0.07771822759069244,29.919963682023962,293.08262442975695,0.0676105774023413,2.555594654420884
0.6248809875852432,0.07715052496603146,29.599080725283187,162.044408000293,0.06596928269717836,2.2379093119606055
8.649124117168853,0.0785196174960391,29.97673104188381,374.70066388904365,0.06151395856634348,2.431956584813646
0.4403809001550325,0.07672088199532137,29.658961398241097,401.299701252474,0.06193513677988721,2.0966674489544097
2.366360361607023,0.07608638052280402,29.390964066851797,354.7951475161133,0.06567501734781908,2.9531987500742343
0.044236238095680835,0.07680814042239563,29.691324624790745,246.4751807875919,0.06626442166713864,2.436067088128331
0.8844803651745827,0.06599098518741371,18.62921798176932,575.1297878224518,0.0693509067540855,2.6768605408918162
15.390175289626002,0.07964057225299356,28.889566844911677,249.14403534050072,0.06993676596595758,3.374634331367304
201.00745781582754,0.07715820263471271,13.109195924070626,182.9353092684387,0.0661859946497288,2.364350953027996
9.056816964682302,0.0789608797053841,29.767419257083894,350.7205497728078,0.06456234137834668,2.7009243666489335
0.01678373063226178,0.07701565271239746,29.82708956907817,503.41357735993466,0.06733049245317393,2.891325209488735
134.51235365838738,0.06369059500621496,24.305251323499014,569.9612354014263,0.07175202988567494,2.865840574474947
8.15729774283056,0.07606268221376923,29.832432131079155,331.9064174267779,0.07194536326335005,2.8947595290015937
1.0083582810345821,0.07752090292096012,29.93709200980948,453.7330789699622,0.06749081434647966,2.603300785223417
18.673328143852505,0.07736990275181208,27.890652703255775,135.29821068017657,0.06484183157048173,2.4580386208384954
4.924447909009241,0.07866786264583751,29.661824204601565,136.75940558797828,0.06613719271256746,2.2357263396306535
112.57298142583353,0.06230805610523516,23.143988589743543,459.6356651126333,0.06969730439985991,2.6593307776529764
0.01562581550632732,0.07635773241566836,29.95253437673343,243.9795564995719,0.06557093524475885,2.4155598867812054
1.0146665689584426,0.07908919821809984,28.347056681762385,442.1078110126181,0.06986147463611911,2.810970532855581
529.3232728038117,0.07910446770660094,2.853357350587549,145.50540075278093,0.066667815411461,2.5380424718429917
276.1213323381089,0.0776765067142437,7.746691724587935,369.85019566965326,0.06857784541951362,2.319683027641091
384.06317381297754,0.07746635187298351,5.727914771850681,499.902649799038,0.06456118841837033,2.3588916575504415
0.04062748669462388,0.07705892322163468,29.65647419188815,353.29645573511493,0.06614984657106021,2.5578960977169083
0.1215251289460606,0.0798868099287711,29.64626029222264,301.641008029328,0.0712940029031062,2.7546016139853204
45.54855576046225,0.07485469522741772,21.67097816999568,481.84549836091605,0.06110693269017328,2.381832828253427
0.2210573042251529,0.07506094559396954,29.94552519779475,422.8199894199697,0.06022817765552074,2.1903869463970196
7.629851280709562,0.07682900994627109,29.487886407360726,457.2961844256595,0.0641051905905291,3.081579365156461
17.5368376922364,0.07691966323221347,29.633570014795154,290.9741309636811,0.059880411294072206,2.657714786911703
26.91676307016569,0.07954256674840117,28.423096696050152,346.77855334539464,0.06530538205060168,3.0741996846897806
171.35384120817895,0.07195252991171602,9.050823897661397,604.240733960922,0.07202316169803716,2.860928672267106
7.857018204781894,0.07973710663685431,29.894100913498455,89.92997831943217,0.06784676153023603,2.161186222453863
0.018100062404787266,0.07525219588708035,28.62392680822032,466.6873745137321,0.06682619088293348,2.848686905123598
3.032377708668216,0.07796180463133803,29.6835491177657,363.09637260779857,0.06516491772758126,2.643758685700387
0.12696854153337409,0.07312770555169743,26.237647977687473,233.98735582458005,0.06721221524104598,2.405485159775345
476.7533897395256,0.07764611899929967,3.5052051726410003,234.32451518843914,0.062280999742980514,2.0940408414380762
15.464002165710172,0.07934296178105085,29.6404621280789,110.73380763952923,0.06543882827270467,2.3043309093356097
0.2918844575471202,0.07937891562568362,29.711097200496425,237.77136851754335,0.07530289557716466,3.505897536903139
21.814989480308494,0.07691024059015933,29.784243357389073,292.316061674512,0.0598892300533346,2.9023802044197993
379.47649024532427,0.07773655924112459,6.310385935847135,367.66133955400653,0.06697999148665557,2.612964702965953
0.01800855203857357,0.07862661644010516,29.64938878502555,319.9466806854334,0.07041956316489098,2.7843997588580187
37.24309338991864,0.07591390511690788,29.256181473722005,668.8553779265874,0.07109168610261124,2.5549267874804107
0.026272004810553196,0.07522655909598218,26.95579854832242,297.53111521195,0.06974851188289877,2.734317674029547
0.018529422767405962,0.07648488737446596,29.600517324997877,399.3097231242835,0.06654338185766692,2.702323092499631
0.035456579275951264,0.07701963453676489,29.937680922673195,501.22047728036756,0.06732780974062888,2.8876369562105255
0.13947280482295893,0.0791749547754043,29.939283322391784,205.76948007411522,0.06913643708086359,2.410748703237049
0.016906481104888377,0.07965906961864223,28.863568047711137,460.4396289854933,0.07375207928638394,3.228506805181616
18.05402372626424,0.07615917055495587,29.574364121437934,540.7469185897244,0.057881272339540296,2.8421133291425815
25.663635403839738,0.07661279666965343,29.238044358977817,239.33305971163685,0.07424258332693559,2.4580012598850685
0.04493616059409132,0.07833304914523184,29.517738579882472,292.7428362224519,0.06968431434810629,2.628283562840591
0.05162089482203466,0.07794539847362658,29.119695379200124,337.279344501066,0.06958914063502336,2.6827327890129147
46.32970975318956,0.0779878221819336,22.01099945099753,293.08262442975695,0.06648937473161176,2.4593669229988055
88.08464956567033,0.077750988022594,18.00463138492396,595.2884121577183,0.06666984397237655,2.6344832228928103
269.34145692664254,0.07999891698622137,10.402246475422828,374.70066388904365,0.0646352736606585,2.2407350516992484
2.8110763254208484,0.07672088199532137,29.780666949678295,288.9433836546707,0.06734538386638678,2.345755914490239
10.63661880000355,0.07673987548918888,29.390964066851797,195.97964619300598,0.0653536394068793,2.9531987500742343
0.07448902304974732,0.07428395449809888,29.731395941277604,548.8079478248,0.0634876557920653,2.9278692897908485
0.049374538478248534,0.0765289343366966,29.780389939985362,250.48067739210816,0.06592787054354166,2.4625790784891084
4.685849577385758,0.07817208185113306,28.889566844911677,758.7995556645271,0.06788981711865072,3.374634331367304
0.18932924932063241,0.07353487605235266,27.914850277054036,297.51028638198085,0.0674888096544689,2.7942111802353944
337.3560261671714,0.07531633185174494,8.80864464540613,188.77862820171106,0.06456234137834668,2.7555513940397063
5.197757446793446,0.07803277366575578,29.27663036980944,668.6362523868569,0.07063527029363387,2.78615329466762
95.3357703653256,0.07268690637052676,13.307331008087983,295.61932201851926,0.07073010983920236,2.5514716622672733
0.015079161364787458,0.07681020291185348,29.854435785923698,338.37144460744383,0.06644616587148347,2.6050439708130577
3.3962140692193277,0.07837525758467881,29.700754057455736,453.7330789699622,0.07050480226135253,3.72234608914415
176.71315076019985,0.060617002954173785,6.692329999558472,317.92683563631965,0.06484183157048173,2.5823047553411014
15.056185727345776,0.07603272877586877,23.973703418096267,432.46848815058195,0.06592704768080718,2.547703275122788
2.059752355082321,0.07806730236487548,29.4358366058961,119.13977783546369,0.07338852960003928,2.9869153997667195
0.34121719410813656,0.07460326677962706,29.692950133204043,327.9490034497429,0.06258139303036803,2.3333317855640123
1.7551911821479833,0.07649721886617321,29.197849856418493,411.55379015462955,0.07357166807677915,3.5400174544691243
10.948023280843358,0.07885272063584041,29.53664088244795,315.021866828357,0.066667815411461,3.037093067048787
37.54713002574236,0.0776765067142437,23.815002013107623,369.85019566965326,0.0626272051261999,2.3352309409841454
0.05238824881095457,0.07752430464508754,29.677215245527975,444.5888256071666,0.06836916748874919,2.8318702693607944
270.97296449203725,0.07638150896435768,14.86266757177673,184.2386207653741,0.06058651804080617,3.8874611855042582
0.41418210904863134,0.07447618796009162,29.64626029222264,371.30241696837385,0.06380873213919963,2.5276614990194113
0.3306111556223503,0.07593505182811557,29.212252483294957,481.84549836091605,0.06668168195530882,2.727601277289015
3.6676397967612426,0.07392618115071926,28.940211390206002,518.067599435562,0.06490339397322409,2.5377876434855935
29.964534874907827,0.07474069298266485,29.796170051105072,457.2961844256595,0.06910971092100132,2.4542017969024617
5.263505273887213,0.07522655909598218,29.633570014795154,297.53111521195,0.06974851188289877,2.734317674029547
0.016147619710542377,0.0759194669721526,29.888245752141863,379.5766290040829,0.06518325536063374,2.643258044019383
36.0917012555125,0.07800959473124895,27.67792153775551,228.56206512919664,0.0659288500350882,3.5686625293308447
0.1496191607169165,0.0790132191297326,29.95984098560175,437.60960536744597,0.06985631508241072,2.8111908423228744
0.062401930986425325,0.07525219588708035,28.62392680822032,466.6873745137321,0.06081141552694064,2.135379300302605
271.4848382999689,0.07916665790588148,9.422460433484968,328.4989982199546,0.06940095281005354,2.54138617569916
574.0498437438298,0.07657026883622069,1.2848464613221466,56.52453477348331,0.07117999578690096,2.9054529487032834
507.12428605724534,0.074957343976328,2.577370410171607,226.36502021567128,0.06293947342392889,2.328574355701753
432.916068099147,0.07603373618330259,7.607206977052532,423.00637416028366,0.05864638725623314,3.1540617261320474
37.71925320096942,0.07452537940814379,29.711097200496425,61.064450152547124,0.059464218744847,3.2617477435844493
0.8423162594199094,0.0786724648560235,29.95464221742869,484.1994288867299,0.06785063612377054,2.541660901513992
2.808950969152431,0.07726733415354534,29.490849533130106,388.19939189352795,0.07039392806113468,2.739960842917302
305.8273384959899,0.07815529021814033,8.920868192367392,211.59286729955818,0.06652059565989596,2.3514571363233565
51.90061514094647,0.0743297011999794,29.63170598884198,29.742098789222837,0.05701455591022689,2.8617127276006373
0.40107324588750815,0.07678799291321657,29.8339045339527,182.2011602419238,0.06590561869935571,2.3471956349646463
0.014437632953024176,0.07529638722953125,29.6607292843567,402.3295431910116,0.06454199169428831,2.654118581643745
2.7175417718937362,0.07648644419513251,29.78568282502902,342.6081099771398,0.06614513880552209,3.0602018357553176
7.857350357990847,0.07333450784141693,29.17417591475877,361.87946682402037,0.06649490157185436,2.542688471226423
8.756096821624602,0.07140545791265128,26.24604252237065,53.49922793689399,0.06623168090294645,2.3942466483610056
0.32355120522735903,0.07766886921225895,29.261650684065216,294.63456134091814,0.06733631075957638,2.5374325755676193
629.967134064347,0.060061709938124576,29.238044358977817,391.2479757613884,0.07624874921113953,3.2733081081365656
251.34547928663235,0.0759414038143704,14.406830443583132,220.54906604883007,0.0542888348518529,2.2102851516817466
1.1636252095803044,0.07619332780223789,26.4908888214201,783.3042004572783,0.06696550668580425,2.4371206785038657
0.24660540089540944,0.07451558217013311,29.919963682023962,383.4775087307351,0.061568721072152444,2.348761073731493
1.0518417954615056,0.07831487113031121,29.93034745958525,197.67719737155562,0.07393063733010222,3.585957160736797
4.343293985139649,0.07896820458138962,29.83939111172891,110.10374585010584,0.07047195291032296,2.550878150416612
55.310883472276835,0.07672088199532137,20.201354998534708,389.4829012586423,0.06734538386638678,2.654820294947148
3.878624610414327,0.07685215014118034,29.133936240419942,547.3153085566262,0.06634446358404752,2.375341783416048
131.22051679569927,0.07891710833630823,17.69399943643999,252.9617248977254,0.06626442166713864,2.5600082913718327
357.0066580564891,0.07314970403714499,8.701948555019161,575.2793123023075,0.06192199366584322,3.7007436899094484
14.611947974335497,0.07770221663014777,29.98983208313041,758.7995556645271,0.0670433426412187,2.3447998006776007
8.551969362820333,0.07742962426530253,29.45786868300247,492.91652689431606,0.06271300113427639,2.7942111802353944
87.44419024812422,0.06407955654032746,29.957555249015186,474.1022406320759,0.06456234137834668,3.1773383929837076
184.6285782433295,0.0725568568959988,29.56955041422369,585.0598019326709,0.07034725731320096,2.1517912189281376
0.07402809802137597,0.07627320684915012,29.56754053437959,308.4509448043063,0.06660709947168442,2.5701277491981696
0.024706525489657072,0.07650491896660465,29.853742281165292,392.13644518751914,0.06586434576726402,2.635972494090039
0.6104150788926594,0.07604929815647746,28.829831326728385,329.29375371299534,0.06502568834611408,2.520532817464324
13.63933702799632,0.07766092409140828,27.723860305300526,158.6544677305041,0.06484183157048173,2.3193264934505953
0.020256062133827947,0.07707536944730478,29.798369743866502,422.2391866959983,0.06711484347636659,2.746591584842085
352.1647193411238,0.07428122086035513,6.789027251164473,411.1096887037404,0.06357212451371289,2.5025946998333524
5.287155938272821,0.07620008372117713,29.692950133204043,264.08151226721515,0.07155745989581405,2.7591180234465416
402.1272906642074,0.07900768391381237,6.557248804194062,121.77759113382672,0.0659760755436832,2.2613298622927833
0.16248195317555167,0.07837203600551475,28.198443837256434,514.6501000496611,0.07418681845199276,3.667106479148589
0.1432477122063513,0.0784670164453502,29.61178792802351,369.85019566965326,0.06981706064374327,2.904087453669523
8.78528952844387,0.0776186473205944,29.888360422057293,65.94278516397583,0.06674458899960564,2.1811032269795616
52.73320986243908,0.07493675985912021,20.216836323340342,353.29645573511493,0.06614984657106021,2.6752063988526436
4.287733106159113,0.07749748234847464,29.64626029222264,159.35937751088716,0.06771744394541493,2.679176283589097
337.7897901377619,0.07536869157456823,12.676993231653386,35.32866793198451,0.05889765203906819,2.9059799197029115
17.538177914936327,0.07506094559396954,29.68360366162154,30.828064841970672,0.0640686612261269,2.050205764130526
19.25372467283432,0.07970093391952195,29.480429259699093,298.87461012234667,0.0641051905905291,2.743060749278073
22.54492008103268,0.07430419175491604,29.633570014795154,155.7120462924222,0.06039660186654619,3.452363986764171
8.145865816111344,0.07211391433156444,29.58607582436012,386.20774672899825,0.05782916435897004,3.193859228288466
1.565381021942522,0.0781866903572668,28.85393704847392,451.3921523043953,0.06825081643916173,2.8880545040508534
1.2201902525899908,0.07738879303872627,29.894100913498455,195.86302514105682,0.06707909305879267,2.545695692759843
0.8804421752351432,0.07525219588708035,29.67921265884886,427.6278073281991,0.06645909167987238,2.76118246924064
8.790190536271634,0.07796180463133803,29.463444394557484,302.7562311193092,0.06393558531450344,2.643758685700387
0.5403096905934976,0.07312770555169743,29.821215810377172,148.8615435758013,0.06844755624821122,2.962812701760269
0.5124504615780328,0.07459701535864503,29.654766396391317,334.9381029571563,0.06495048193722194,2.590354624827368
0.8228895781874269,0.07603373618330259,29.6404621280789,322.143333132115,0.06392562170793412,2.5428740957404705
10.691572667716745,0.07563952395535088,28.901595050658344,392.62826134681393,0.07096542904138076,2.678230916084194
4.263462616937082,0.07899619309134356,29.92146121655367,484.1994288867299,0.06909839692747519,2.4596127244770774
0.015051786784726282,0.07665423979317516,29.99846027875528,282.8984412346235,0.06763766149537778,2.739960842917302
61.14208520291557,0.07714779547355625,20.693342897874018,289.10186085495445,0.06651608162064998,2.5519294592956006
0.14014288136194758,0.07540021293921319,27.683325306226422,330.3326405954251,0.06870372680209672,2.6627851904663644
545.7026301409167,0.075514346689638,0.8785273331445982,248.9576718889316,0.06649771388239187,2.5118822266435346
0.015525625103267306,0.07715561661787368,29.71095355177799,321.8291580658804,0.06701159551262109,2.5734085633733557
0.01717306663615884,0.07720009748789435,29.814328513079772,355.7119903555281,0.06716579157941302,2.652504877565097
0.9086720986955983,0.0768730268687667,29.17417591475877,361.87946682402037,0.06742688935929567,2.8679359610722894
0.7777189749011071,0.07767220098294315,29.80865724218502,459.55520962186836,0.06580355615233024,2.7197258275266485
125.9303639663917,0.07793195577949424,14.289803357899714,388.41704570154354,0.06434852594851825,2.025722781546821
68.3483146463268,0.07485844179350216,13.357546033910442,214.21111889543562,0.07424258332693559,2.322518885904638
37.29368293159155,0.07833856663695656,24.520498648829005,297.51770557255406,0.06748093296301352,2.8946090368732884
1.103754391832152,0.07719310262018365,29.693566395033855,315.9659327711972,0.06736387887533041,2.8560977946748483
0.01414697556919061,0.07776580998963716,29.78909454511861,291.63462080805255,0.06773674612416192,2.546251927298082
22.684779028617008,0.07826420010138616,27.266717381595736,595.2884121577183,0.07393063733010222,2.505913276822981
0.029905496312345604,0.07924724426948412,28.652208860356424,525.484199228913,0.07415457760984553,3.4148059214474644
0.267189963069327,0.07672088199532137,29.989448233330904,625.2362967452709,0.061799291798598166,2.286571412689369
0.8265595120648104,0.07617280990079903,29.804810926056348,406.46072066086543,0.06585781575654853,2.9531987500742343
0.5324582927668934,0.07703779550507128,29.292337015904586,621.9738159178414,0.06626442166713864,2.90426723216125
0.01809816618312203,0.07455852635660731,29.784363505956758,383.4327915491791,0.06363460445098104,2.6532271986651454
5.877901904829969,0.07725524877580722,29.577369121512497,758.7995556645271,0.06789911445268704,2.6191550978242146
1.0291619163758798,0.07353487605235266,28.98499766138941,506.53500020865374,0.06581047860591296,2.9132080172590307
9.368479200274578,0.07468097616752016,29.767419257083894,146.47974831787792,0.06456234137834668,3.292309674767318
13.273204649970138,0.07797630600762284,26.154224334660242,268.6486503956892,0.06650071190798634,2.461026570399729
393.52600804951317,0.078792332949811,6.073394287110309,273.68244911240004,0.06775480446701376,2.556294625898315
5.458215357964848,0.07934688329682617,29.775184372121423,293.0361798006945,0.06626884007097411,2.614224164693124
12.971295432961924,0.07837525758467881,27.14267988880804,345.62180563633893,0.06695645320674437,2.7637427193075195
62.4386507765593,0.07900598155715761,19.403896387623572,617.7361977911997,0.06971503331724344,2.8088821750768744
388.3218532943845,0.07688637764957637,6.264896619665009,271.5370942980571,0.06592704768080718,2.5470355051947813
0.01648557941560695,0.0757823016038343,29.977948415038583,292.600583545199,0.06444954235122152,2.4616373545569994
6.728400443633304,0.07620008372117713,29.692950133204043,453.64742060545086,0.06808845482808062,2.546483629623899
139.3074704061936,0.07843488943737903,14.273200526007622,402.3258124732053,0.06939892052387103,2.536491668775345
0.04512421891963139,0.07857799643158772,29.88991205763373,406.9662467151443,0.06849621279422888,2.677383161522907
0.13468159269184776,0.0776765067142437,29.61178792802351,386.54237072907046,0.06878474642603105,2.744894062759599
5.981286809572295,0.07914713441008848,28.505145887296987,110.60579633994075,0.0746481939818924,2.974997980146424
0.2709830516813141,0.07718796129363648,29.286954743819827,344.4520627060074,0.06707681745969105,2.6527628253334656
2.2008807459374227,0.07551902500111655,29.64626029222264,365.90140592766153,0.061999311813572267,2.5755175942345376
0.13052990991061256,0.07857570040325582,29.94937051366587,483.6249801460715,0.06941491548133594,2.8772020955298165
1.8330857264136218,0.07506094559396954,29.68360366162154,248.9215625643303,0.06468225543189962,2.2465978380765037
176.24780456804245,0.07736404445085412,16.3417341210171,892.8285197389263,0.0644156891320303,3.4494373008435595
6.458632517277402,0.07430419175491604,29.962239784265506,252.9991444090624,0.06477099472546913,2.2178412720022997
0.014371542841787228,0.0756728721785047,29.705805138998308,369.8713435564083,0.06515751491875951,2.640743289325307
0.024771418113105306,0.07672007448224766,29.905157993134463,414.02053981373297,0.06646531431764366,2.718520697795707
21.241493060546663,0.07738879303872627,23.18277075779484,177.13796127537682,0.07110863276375035,2.545695692759843
0.8951500826644343,0.07525219588708035,29.05425113170196,466.6873745137321,0.0626190456000458,2.2537166344625783
391.0526187132049,0.07796180463133803,4.876746757183032,328.4989982199546,0.07058845870858332,2.643758685700387
5.055247189302024,0.0794417503008712,26.237647977687473,382.29279643227096,0.0736033708009951,3.1240076812536666
1.3553959011544876,0.07459701535864503,29.671093197631457,410.86891638566306,0.06562132821696129,2.687380472400016
0.48605149164170103,0.0777690197435312,29.6404621280789,508.35865290956394,0.07148051531620428,3.2632617475659065
0.06123924857969798,0.07718949225790725,29.85144920715193,300.2171748287558,0.07096542904138076,3.2617477435844493
1.0775209292299102,0.07676564747277378,29.912827009486342,372.85041127803186,0.06785063612377054,2.6533959378091865
207.0006936145536,0.07998439695415507,12.576098919336506,523.7101110614375,0.06904001834886359,2.751332508106074
0.3131760156552178,0.07803507274805326,29.916206840509368,291.79478994543246,0.06694048368963104,2.534796401573802
294.39745696785036,0.0787251293711469,8.8835378861475,330.3326405954251,0.06843719384521307,2.5549267874804107
0.10862333315468592,0.07637244272683547,28.89096227584569,412.9107909858085,0.06649771388239187,2.682596120862316
0.01753900889883355,0.07902558774865089,28.862193215829713,482.41696056573824,0.07308399969133172,3.263726864107583
9.481231837558163,0.07924140838352961,29.965191972228496,254.8276400976594,0.06788829977494729,3.0602018357553176
0.3743500203698542,0.07787096994669404,29.17417591475877,296.18678083891245,0.06775072711405827,2.556446893789227
547.6436311124203,0.07858868559183627,1.0954208152986435,229.94424803267475,0.06706572405761071,2.414509061461234
0.013982403644495298,0.07803507274805326,29.916206840509368,291.79478994543246,0.06780229768505369,2.534796401573802
0.015925996188085188,0.0763514551381934,28.853295391080557,403.3292657920051,0.0678429834070835,2.797083855074768
133.0439939303492,0.07955297146562952,17.736449272377758,219.05196178451047,0.06634543043336463,2.4517955589405394
0.022711145627679792,0.07764010629853248,29.855196752868594,253.28040448084167,0.06717202780606485,2.4478124532632095
0.04301275370480395,0.07966602230952047,29.985168016123517,256.3174758126735,0.07059036071345864,2.617237188655329
435.18445672834434,0.07982942522493892,4.46016542692027,184.60713449063638,0.06887272613698889,2.3593527816356747
0.8182155779782927,0.07991432446927882,29.396360716568985,374.70066388904365,0.07110782981824668,2.5670074980405437
1.0305431789688968,0.07534481374848508,29.727062393829822,175.35650227965812,0.06859639668956244,2.522339162682167
2.870250668544845,0.07567853577894572,29.81772313651845,426.36190483905943,0.06356787549759077,2.9531987500742343
2.837668677305331,0.0782394800217314,29.371161692969807,601.9927549641368,0.06626442166713864,2.9278692897908485
0.4114674581075826,0.07878748158395744,29.97394387794811,176.02971515388776,0.06856165521346658,2.3656218288928414
3.299743555775291,0.07566234708469957,28.883632427378814,433.491749391414,0.06688920115236371,3.374634331367304
10.317920278015634,0.07353487605235266,29.945457816045163,337.3947780919698,0.06706800936162813,2.6018980896007453
479.90860494979324,0.07831028302578437,4.676219757333564,163.83045635350157,0.066223200645046,2.7555513940397063
0.04920482425038947,0.0770159687968543,29.783690854109473,326.504303677429,0.06710660711706942,2.6766446910959503
28.55382595453109,0.07767803192999302,20.88495748230851,308.4509448043063,0.0673972974230212,2.1855155567430304
0.014163808795169649,0.07616830461978044,29.751595409110152,359.8542409928198,0.06581299433782806,2.6415608459087836
327.87948441161035,0.07786136720713388,12.338945327888059,110.70931624915602,0.06458355207604424,3.8978362017848385
0.08481566690624276,0.07806440413028819,29.572516242500345,257.59991641641767,0.06787087323571145,2.468129620451229
30.27320008404023,0.07629754466829596,29.661824204601565,298.592433242261,0.07383478848099118,2.5664545194325816
0.033501217920528674,0.07433264791654279,29.173524798370845,417.2653025389728,0.064270039433905,2.684097172827413
6.131587708198059,0.07620008372117713,29.692950133204043,326.9999302479183,0.06847105857328087,2.456197799795066
0.12567015549889637,0.07671467206136866,29.063604819956787,322.4012659116253,0.06730428205168512,2.513838916887898
8.532646702518157,0.07968702878562174,28.198443837256434,364.7996265549285,0.06612951506281353,2.5197174129187614
0.5133497082736028,0.07840457020013143,29.726182182268225,249.59404489765745,0.06973562514071124,2.467810801001273
206.09900632143325,0.07357344578037595,10.656917396841665,495.2547407085077,0.06378973997156193,2.3619537016184697
0.5368259465725025,0.07533839707462459,29.759329838033764,353.29645573511493,0.062106633052730315,2.4562484227644283
54.3544392726354,0.07796911202156044,21.540390129008205,270.4027585363199,0.06772193357374748,2.6163425166173306
1.724987818564295,0.07809144789830152,29.37903447738853,184.02361649854458,0.06970361386170412,2.6928653423070763
19.656476521664246,0.07506094559396954,29.848116598781786,330.2439601255227,0.07024611454229007,2.5377876434855935
298.2180891274239,0.07987583625191683,8.9606640531467,332.7914289444133,0.06912719305205298,2.5766520986602175
0.017941108070720045,0.0769879060598748,29.767608161820775,286.19211551596254,0.06676072366427865,2.536996945834709
1.061551559509581,0.07737490318560297,29.819799779336513,386.20774672899825,0.06706492111210707,2.4750557552886154
6.210901929506891,0.07502424477519827,29.771564723290695,604.240733960922,0.06282061490051455,3.5686625293308447
0.4163448967590529,0.0783159797006379,29.118806066195038,297.89620546000185,0.07013990983167795,2.545695692759843
60.34199708114042,0.07679191014212293,20.785108372884462,253.9878589397308,0.06537641652921272,2.4129091759870933
3.116404563307733,0.07645471308869581,29.92262249094381,347.7823157016901,0.06859474534867596,2.6219454819136647
0.014054054987469658,0.0749817449526614,28.915092123993745,413.55020027741136,0.06583334248037298,2.765446335496794
0.025149265145599658,0.07684325103827568,29.53547993970506,390.0353316685813,0.06709292463404448,2.687380472400016
5.790186543539984,0.07406942360161711,29.6404621280789,212.3458684190091,0.05974097739123349,2.5294171019060676
1.7231725726066396,0.07831079564547735,29.228824218293596,511.9699794420652,0.06335279286147708,2.374920956923734
0.4845793984925938,0.07676564747277378,29.851762856587868,221.57247872836246,0.06785063612377054,2.4333734376126084
15.056259511019906,0.07599575961246159,29.490849533130106,412.45652545116394,0.058798513005459074,2.739960842917302
0.042728543268102756,0.07754763874959827,29.944221850621332,319.9466806854334,0.06720524236136255,2.5491424463635077
420.6195054051492,0.07827024170444156,5.867096344067846,274.481139106151,0.0653081131643399,2.5544703106150286
20.86701197551044,0.07943869737789316,28.89096227584569,559.5364609914092,0.06649771388239187,3.5300808910888293
71.09065021877748,0.0777081842141153,21.66662158854523,329.32328565869443,0.06454199169428831,2.654118581643745
5.119217390869059,0.07679905451170287,29.717997202917783,90.61419159884656,0.06490592327241029,2.149018510919264
3.8743852361942204,0.07786759825230805,29.81618577356865,534.1655297061329,0.06505301241978823,2.916843623079604
0.06462575749579477,0.07574171786306884,29.20664259785108,358.9939936517394,0.06580355615233024,2.663307599515159
0.022020445994875272,0.07794580090519279,29.916206840509368,291.79478994543246,0.06780229768505369,2.5280919483754554
396.6771639639926,0.07765890611785371,9.306200346195345,58.299908506541556,0.06785702495960594,3.8858054523081647
5.9840966684519366,0.07635248540484954,29.877360700259104,110.73141465497116,0.0632595564541481,2.23019738140402
0.01412407906538271,0.07897799934909913,29.777608872337673,301.49806298132023,0.06962648472961952,2.619513648835857
0.013928407432010327,0.07831771338625032,29.85290494720254,290.160894978598,0.06838746925304187,2.5505527596847033
0.11285701392243208,0.0746109435351838,29.71588986864304,293.73190296888436,0.06239202097967131,2.3133877320427083
7.865076050540978,0.07560481569390745,29.396360716568985,374.70066388904365,0.06151395856634348,2.819343573801415
2.9796462342179737,0.07708724002380786,29.79895122631477,289.092218811164,0.06734538386638678,3.0519837813081887
11.159505633175709,0.0747629506273265,28.055278030005052,123.74332497647328,0.059981374487213385,2.0906617220624573
30.16625492307478,0.07927985399636359,29.748077473572952,160.40354635109213,0.06626442166713864,3.4362443385237293
6.455475948072786,0.07707873755613719,28.80839704337088,575.1297878224518,0.07450899106063966,3.3493654437298823
100.18556732820161,0.07207771908669376,28.703924986032177,508.5360389741923,0.07893581297241054,3.495414261124206
25.845430044535853,0.07625658920187679,29.45786868300247,170.14321427033553,0.0597813321456111,2.7942111802353944
12.726638477806887,0.07531633185174494,29.851252005398,474.1022406320759,0.06967990713962913,2.7555513940397063
23.743796592683868,0.07692382828551385,29.930006072878633,250.24320491689906,0.07034725731320096,2.171033118145354
2.683533696734588,0.07482527261695701,29.559131975808874,308.4509448043063,0.06775480446701376,2.670695873711586
0.024417061145595137,0.07574901909120661,28.75140231370702,329.2214077545567,0.06668163454163803,2.583227944100342
8.541899623745637,0.07709701386286233,29.725129686234705,453.7330789699622,0.06660599321836569,3.72234608914415
11.858205250823914,0.0784594419966309,29.9530264452346,481.2597693859432,0.06484183157048173,3.2235030796226063
0.5087268940474471,0.07725159488950546,29.846062894495226,262.5965832464862,0.06592704768080718,2.492526446762859
0.16600341194499962,0.07739024947134336,29.85184895842052,239.26589583636746,0.06518760207525484,2.170595966532959
12.729665203894495,0.07931807920741976,29.915196622522473,114.95093154220444,0.06557093524475885,2.3061580184204757
536.6153159578806,0.060976581572789776,29.61639172253771,322.4012659116253,0.07334415115552945,2.7884459655113285
9.61497834722471,0.07650675420396824,28.198443837256434,387.01579512853135,0.0661948885368708,2.059030420654973
45.2073069879082,0.07741641320116002,22.720866135771942,207.1957712864468,0.06973562514071124,2.9442862719456007
0.01416816566548587,0.07471185064782603,28.975539271996915,415.1104109713185,0.06527456057781628,2.7504005468012775
359.5322566308986,0.07776956142453384,6.937856184937459,353.29645573511493,0.06824009014969096,2.7443323941363977
116.89404406631539,0.07919350277073506,19.848079902716027,114.85606265702597,0.0648259163444016,2.242420856428758
1.5246553294075982,0.0764277723935104,28.872468177299545,175.24625716512952,0.06577810178181545,2.3317695454748164
0.057205665839360195,0.07491314322225906,29.68360366162154,330.2439601255227,0.06414861986576609,2.5377876434855935
0.08330982537386253,0.07976117868627677,29.747132589719143,367.6897947439751,0.07111815534471294,2.757542838472006
0.1280192563756511,0.07430419175491604,29.633570014795154,213.56727741987373,0.06320723679510837,2.414176726116389
2.3721086618445097,0.07512625441293476,29.70946224714311,305.6445464446085,0.06266744397462409,2.6834259227096684
112.20775175199446,0.0781866903572668,10.209618377456183,604.240733960922,0.0743524892200021,2.369301796815315
0.03384500236525149,0.07678454922092588,28.812012643442067,402.5363048020624,0.06845571601970474,2.7632713431792686
11.854624043602556,0.07525219588708035,29.991833380478884,253.27425411632092,0.07084735668228731,2.622473438880993
0.5956330590762446,0.07796180463133803,29.985753576236977,326.4755927101521,0.06859474534867596,2.5654707027454124
62.189732195234456,0.0749817449526614,18.88101931860354,152.37618079719442,0.06728288349397676,2.279978157001823
1.4703031403650313,0.0769219170258785,29.919886667169067,420.3294623726356,0.06387161265879679,2.633119331981519
0.06790874346738918,0.07535340846470102,29.880324716486395,336.2407288044479,0.06368316140464211,2.5428740957404705
0.15256796027737785,0.07992640682490676,29.711097200496425,267.05913817325035,0.07164925686101989,2.742826755065479
0.18219422674287183,0.07857813305786947,29.681386011014226,594.5516073314201,0.07089755596088909,3.1723510865451154
0.19286551097149965,0.07667581903072453,29.861308675139323,294.55204639931037,0.06697999148665557,2.5450597278558678
0.013943022160263049,0.0772667834330529,29.744222764629775,311.4013979859553,0.06699419936841677,2.549513670212327
11.900273192217973,0.07797414993457495,27.25362769768375,231.9882602206024,0.06665258098211724,2.5549267874804107
112.23170838389396,0.07726957575738895,15.582293187686068,412.9107909858085,0.06594414107650862,2.2939316119823525
0.5215383496647705,0.07750211101898628,28.221221548961807,402.3295431910116,0.07197466210850051,3.3184002754554642
0.01930671488369281,0.07733086277785728,29.54129044026289,304.58711049826707,0.06739438232090594,2.5327698016946205
0.05526117072295293,0.07566393122998852,29.596288418457984,468.51821253733317,0.06599024028420611,2.814617233705266
0.08276687681092015,0.0769216257892786,29.913395153289443,270.7333865046196,0.06580355615233024,2.369609439250606
1.3768977848797008,0.07669325934427403,29.70419219196763,291.79478994543246,0.06831378436241345,2.534796401573802
1.6012463903376113,0.07941699858004765,29.238044358977817,226.83788863256206,0.07329626544159412,3.13948230325407
537.8411914108336,0.075338733803477,1.9896993719233151,520.0842523319417,0.06443402803775736,2.8946090368732884
64.06760971073794,0.07925642427536365,20.686137019691717,170.26147028602014,0.06911635790861334,2.3578480481020976
0.02265376565488346,0.07696911204770339,29.4027465538709,369.3644643449759,0.06782014163684,2.717450833982154
10.508640818327079,0.07617732684403426,28.563780401816572,595.2884121577183,0.07577836808348412,3.585957160736797
360.2951475678132,0.0751660245993345,10.293675754861583,38.03513994633812,0.06219021957328835,2.591386110288588
0.015391242291694755,0.07356655859815966,29.50557142067452,359.85949742662706,0.062379230741886005,2.5879904600254955
100.0155861041194,0.07567853577894572,15.730677001602668,205.73094060953088,0.06896830675307389,2.384554606314855
0.26443222480439627,0.07642923767273622,29.453852489607346,355.31466486938166,0.06999043349358977,3.367568311242278
0.8445927996621211,0.07429222623232508,29.812132910217734,435.7645394770942,0.06331088319519249,3.0075330721972855
0.5482058073141753,0.07725524877580722,29.845342330128673,73.29760683839083,0.0701620534983364,2.1828143915820677
233.52342944299596,0.0791878045712021,11.625561909735158,211.45718845076198,0.06801015865326082,2.38145554199532
13.091835043511098,0.07531633185174494,25.472924561742737,225.779786177961,0.06456234137834668,2.40432120500372
0.05679460408751658,0.07718610871154669,29.82708956907817,326.504303677429,0.0677027725088449,2.6518321528891944
0.014653490774793741,0.07402537632892117,29.551542060643694,448.21323746999747,0.06327538708380903,2.7395805516493184
602.400442062774,0.07606268221376923,0.46768822671242205,279.17394048211276,0.0647749091843553,2.9389908964761635
2.8861991142469563,0.07948401043224715,28.829831326728385,206.15375967936978,0.068491483498784,2.3854751470418125
0.02571182318460888,0.07639821323572105,29.72482815877344,453.86436570235,0.0665942075250022,2.803617646218613
0.023897163876882184,0.07543394026843485,29.661824204601565,268.29477168959033,0.06284364238562865,2.241881354870686
15.40721319029265,0.07428122086035513,29.530454201104504,411.1096887037404,0.06746102650824504,2.4575489189673903
0.457258887978818,0.07708710225917174,29.633651165841606,326.9999302479183,0.06402933253977341,2.1636498387675345
0.06084204764635093,0.0779543857626873,29.93149572425176,232.09163692840565,0.0677229158784241,2.45606295325227
2.0788550247885382,0.07614493634808357,29.985278128098408,514.6501000496611,0.06508527378387291,2.4879190793928996
42.215742037596584,0.07664333053658381,29.61178792802351,85.72096252579519,0.06189484603040199,3.5288959550914223
2.9443965815090367,0.07471185064782603,29.96084908304777,415.1104109713185,0.06527456057781628,2.568725690500255
2.4653451377941717,0.0774815484955136,29.286954743819827,228.93366480671313,0.06454762708692208,2.316309648400514
0.41689642259955084,0.07551902500111655,29.64626029222264,266.76719148634743,0.06713633617994788,2.6163425166173306
0.7276736392367273,0.0764277723935104,29.740803349589587,462.4536596141681,0.06944319613662994,3.0890142310961357
0.7929414490367463,0.07596940173093768,29.68360366162154,330.2439601255227,0.06534072711493952,2.7663502592468223
0.02120325259631918,0.07575297859934277,29.35880875918665,463.6929442219147,0.06577462548336357,2.743060749278073
10.633103616713772,0.07430419175491604,29.633570014795154,399.8730946778901,0.06914005215739102,2.7780597075724316
44.43987621576223,0.07197619410772035,28.505774271126363,386.20774672899825,0.07491242963117878,3.2043599682934945
9.780729740669653,0.07776597564973926,29.869066229532397,66.74961779380038,0.0743524892200021,3.5686625293308447
96.15493940150613,0.07565506349688658,17.7841647097738,216.6282646695957,0.06263247852254317,2.1203266822626907
2.5414168687730765,0.0754391163677071,28.62392680822032,169.64565525982897,0.06532556705142248,2.447861762502189
0.4800028123092612,0.07887398269698336,29.539830578694396,426.7123388349353,0.07242421710899494,3.068702592929445
7.010937935761374,0.0723662385098355,23.569237862086872,413.55020027741136,0.06905849319782073,2.276249916895598
256.33225458926836,0.07839978731132213,13.044140618444134,240.62018523787043,0.06387161265879679,2.687380472400016
58.584847180441805,0.07603373618330259,19.388216865234412,308.5623157307013,0.06861074088806104,2.684348017088058
82.67981202179277,0.0778825138308105,19.55128810764831,164.1328070652409,0.06690873520070548,2.314465765266947
285.33822651991795,0.07871445390034207,9.406944452938756,240.24241564605785,0.06785063612377054,2.4188828411487515
0.06533304489915055,0.07680810203875206,29.465509728533483,351.3701646148888,0.06738728235925431,2.739960842917302
488.7420384721589,0.07883016995210665,2.777846443594596,424.4044097954295,0.06927960342651934,2.765155517790823
0.05773665353269122,0.07591390511690788,29.867905825547297,330.3326405954251,0.0653081131643399,2.5549267874804107
0.382834789132546,0.07749852305454659,29.993472318379766,330.78384797802016,0.06729457804472933,2.764925236434813
2.910179354406589,0.0786519431594396,26.40782322362668,402.3295431910116,0.06861069839115813,2.4802426221461285
3.7188210555005323,0.0783318585534233,29.640261980215275,737.1599387515344,0.07179006265930005,3.105083479231108
0.01781358160199326,0.07616436163471774,29.819256086777358,402.00054497469114,0.0655921702575421,2.6696806014140644
0.5371510123435133,0.07840351108027621,29.728854688504406,228.91615748992604,0.07174481228474805,2.663307599515159
1.0737500799852011,0.0780056062013037,29.874529989200738,291.79478994543246,0.06942533643099794,2.534796401573802
15.98051603108337,0.07796850367173971,29.831714269454416,209.64379642557878,0.07424258332693559,2.433975312603496
87.67602512616278,0.0773757566779008,20.078505850151164,369.2695067999375,0.06614117864852748,2.8946090368732884
3.0781634252586487,0.07792783916849998,29.693566395033855,194.06219183929096,0.06696550668580425,2.550804084314728
0.1209079368192372,0.07948755766518814,29.85290494720254,404.34722338495317,0.072193192313141,3.0393511418251498
32.114809822659964,0.07772888640843433,28.149976196113688,595.2884121577183,0.07393063733010222,2.553075294268682
14.078002953951628,0.07292098541255104,29.666188526701966,252.0877668686655,0.06801363445042266,2.524065719007914
2.261968603465124,0.07710383006226272,29.959732504293346,305.17328940560276,0.06734538386638678,3.0519837813081887
1.2647875794345151,0.07840334982799803,29.972987779264507,304.1223834775863,0.06907706614254497,2.9531987500742343
0.029595513840883936,0.07804516467715777,29.845851380892924,353.74531932884656,0.068342339948337,2.6664101022178315
26.79071303677562,0.07895162267225118,28.570742572712426,298.94623390973607,0.06440449023282205,3.0075330721972855
14.257211994212216,0.07744334395279755,29.966607249137937,180.9506727141731,0.06654346316935142,3.374634331367304
1.4516731619293943,0.07566282677288035,29.858654434426825,358.3499629361446,0.06271300113427639,2.6088596364354415
0.2484500557885729,0.07856216233511716,29.623343920737494,308.0117751781552,0.07235928357595625,3.256073896619867
0.060120255725989474,0.07894277554586175,29.873734285857378,326.504303677429,0.06997979955814804,2.78615329466762
31.90237895644664,0.07857651396026213,23.411337103708533,363.2316688860726,0.06775480446701376,2.6310846735707067
0.6815472978058477,0.07606268221376923,29.774333704637694,354.90384092787514,0.06708765082824791,2.657451452997171
59.51179080386176,0.07840334179012534,16.45659300867083,278.5149090786705,0.07458289690457223,2.5224740171183333
0.014460092016804236,0.07630466263154079,29.762198552529107,318.6957647664308,0.06576078115853376,2.5526006274048156
0.6093015648078266,0.07660719965540344,29.661824204601565,353.9371824291852,0.06712196303471038,2.5664545194325816
0.4514157666693337,0.07775069012693396,29.4358366058961,238.1917958518706,0.06708748722159877,2.4331775425867805
1.234853367795214,0.07620008372117713,29.751536668659117,326.9999302479183,0.06339121578071996,2.5202361733318925
0.30903619118863535,0.07706955150884597,29.61639172253771,267.4240044453618,0.06616237390142976,2.4876271004641413
0.6324628917040049,0.07635101946437328,29.876019125402674,514.6501000496611,0.0659737549688352,2.667738832025151
531.2297472061368,0.07657187351817622,1.8190326715126517,326.9819273420302,0.06623293934030006,2.6309782666072214
3.238267898055276,0.07667872355415602,29.84636220005995,415.1104109713185,0.06527456057781628,2.2883143489159896
0.28675804084038503,0.07533839707462459,29.286954743819827,248.6708176985002,0.06532721747678222,2.3541494315655123
0.5140767829744972,0.0758064633970048,29.64626029222264,425.95663773439685,0.0668361059908934,2.759426926594347
0.36033257516021855,0.07759973642955649,29.39510881212112,288.0555777042946,0.06710715254092472,2.5358437770803723
0.02894474518606583,0.07506094559396954,27.629341586782537,317.34053498111103,0.06658017472685199,2.5097115224454836
353.178013904905,0.07677684084015825,8.294498328693257,72.80285659299682,0.06450404795866654,2.1254365369012236
401.05224341592384,0.07857903209985255,6.575470641298253,206.15165195176985,0.06717835420156237,2.657714786911703
0.17729623759694957,0.07939371523589127,29.843727956765512,321.63666385010055,0.07224841988400377,3.111041917921458
3.2132173601421314,0.07832367742202684,27.67792153775551,518.0272817874255,0.0743524892200021,2.9540687361691234
158.58130308537375,0.07925976076221224,14.329697056010083,299.65912193101076,0.06951224457556696,2.545695692759843
1.6421090931874944,0.0761659809046642,28.62392680822032,254.83024538168826,0.06682619088293348,2.6777356697269274
1.4407091383232715,0.0760234638710929,29.33878618446641,328.4989982199546,0.06859474534867596,2.6703429583761444
2.434802603155603,0.07703340250193685,28.915092123993745,332.95840323634377,0.06658261211870864,2.765446335496794
0.019045397210366584,0.07794364552517796,29.87715882180431,268.26337552279904,0.06773148796161665,2.5004025836399704
1.5085246942346284,0.07770399470333991,29.93660997526186,266.7179506677621,0.06543882827270467,2.4952457925660285
5.240007773523758,0.07762891902693646,29.931105410048644,468.35148724779884,0.07096542904138076,2.8210982768694146
521.8265875775403,0.07527851804122745,2.3064069453089466,147.08166359011148,0.06285383120267976,2.2164672646291774
30.64896435167084,0.0781070478089081,22.111943350239883,412.45652545116394,0.06742602391148217,2.4559992851590717
213.40556884136072,0.07571489036544857,11.203541180606724,311.4013979859553,0.06313417224253062,2.139043590311867
132.66990372493353,0.07829123600414777,16.34301595593416,231.05846483638283,0.06690932389886164,2.3956813334274227
34.243409272332485,0.07852496748788823,24.675985898306365,412.9107909858085,0.06649771388239187,2.84402432435199
530.9440886439402,0.07615869851073245,1.7641413703399529,261.66779410324216,0.06482210582747075,2.4237432453370475
0.015004113103085137,0.07638950725054554,29.980953600454463,297.0459020371765,0.065363923280439,2.4905191999787926
0.8128541534483152,0.07566393122998852,29.794367615315828,413.6764829534202,0.06672737254331401,2.740709216761522
264.9687292949837,0.07568031981351979,8.462554317627827,224.95094578706374,0.06580355615233024,2.127500231586959
54.002047945248925,0.06024695324883276,10.392174058307955,245.83373560463627,0.06780229768505369,2.618548762003318
440.32487995686375,0.07889015115872369,2.9628879628081535,383.03075505575816,0.07424258332693559,2.957253445170182
2.6288259966400993,0.0759414038143704,29.517738579882472,350.2341513421257,0.06900030605041235,2.7197843249660067
0.041998212157402036,0.07781377607468896,29.89645190168244,260.7603285420805,0.06749859931978175,2.497454446956478
0.5808751989522769,0.07831771338625032,29.865703070794428,290.160894978598,0.06680712985317797,2.507644549730208
83.80632230761944,0.0787474847819248,18.690446771137058,354.2789062550995,0.06880820100284893,2.6388137536393996
0.0442984582812479,0.0779695098403903,29.937601690033464,238.90201515865698,0.0675185835565805,2.438780597205801
102.36977196746298,0.0787904392525473,17.93819096010968,137.1825333682819,0.06900640213391715,2.2775493400763285
370.5314734474939,0.077607270845615,8.110017994268116,251.26308509930993,0.06611964425660696,2.9531987500742343
0.024481032902740826,0.07698186595466312,29.966113713023738,384.0905486027609,0.06626442166713864,2.666330806093255
0.04301553586346174,0.07850464580744128,28.570742572712426,426.33332721178374,0.07192823077939373,3.0592323769225787
0.23456087988974916,0.07741418497519095,29.641610816703054,217.89707685359105,0.06736568294788225,2.4608373435268094
0.09563623389783749,0.07838513209665413,29.911460761698706,221.3809219145724,0.06814029902747093,2.4285252912317787
0.0983815343747872,0.07923610140150986,29.767419257083894,474.1022406320759,0.06952881336255115,2.7555513940397063
0.8228300508483051,0.07596163693165119,29.74098145642921,326.504303677429,0.06539082588959141,2.78615329466762
0.12733608330988366,0.07795158753765158,29.56754053437959,288.84343356207467,0.06775480446701376,2.543655848199377
0.0626555840702871,0.07684587711977511,29.984585124779244,477.583633969622,0.06626884007097411,2.8295968739770956
4.0741464121397355,0.07607255066749168,29.92184393010522,453.7330789699622,0.062488719645505786,2.8452482464571034
290.57545359979935,0.07696826546927843,9.281884989765157,335.9187608406845,0.06576078115853376,2.5133913443965428
2.961851400109678,0.07798550496966118,28.991115214722697,246.04827497703036,0.06592704768080718,2.419447956952622
24.587900669814026,0.07852173521981949,29.860132513947804,215.37758483163043,0.06362082051907839,3.0890575769646014
0.017465143058582433,0.07700184238843136,29.74714304487905,327.20495085040136,0.06752171296251017,2.675740669284025
0.12982303195325764,0.07973801455074392,29.98140720202005,228.09034967032557,0.07106247562801374,2.6308214952867788
1.6494864110119403,0.0775817269882968,28.198443837256434,407.9478493642337,0.06718948399193916,2.6641691580595865
0.7897363919386532,0.07701510346243648,29.61178792802351,362.0877263604816,0.07040023901810616,2.9442862719456007
0.9077802651712881,0.07648504248409865,28.975539271996915,251.26347965992562,0.06542772425385457,2.4310187290149523
0.020170035223892668,0.07829289360034468,29.921269480823902,255.46444414442115,0.06803702636979142,2.4697377984009448
0.08294031163519044,0.07644523523057031,29.688735337299764,374.6433539559815,0.06628074155997227,2.6163425166173306
0.44504868534935116,0.07793744831021185,29.39510881212112,481.84549836091605,0.06649903276269359,2.440544584857963
605.1081214126233,0.07759217936379266,0.002147215906948219,253.62150951865004,0.06598246836688174,2.3134242781978513
358.27124897230374,0.07474069298266485,5.99473621443291,217.3732641488129,0.06656907979946086,2.385607445887857
516.4617410262156,0.07912070588314704,3.481452563313601,228.8339320447713,0.06320723679510837,2.4148661160177345
0.22423424312760543,0.07624586742283666,29.71607396530859,399.40487086891517,0.06511015219022573,2.6834259227096684
0.7357881759207103,0.0781866903572668,29.81939562776219,604.240733960922,0.06473420892651441,2.618899279889001
187.32156953785716,0.06092379557580619,6.80736577347343,315.4186844976984,0.06707909305879267,2.9756649915055604
9.542274892699993,0.07432865965391701,29.587411029415158,320.7148897960492,0.06339560740400527,2.081020252994776
490.89709624990144,0.07924150545163114,3.025649696671188,155.08769021914327,0.06723360181029889,2.270561476310872
36.47600407353323,0.07805488077984155,22.70381844864863,489.58581611464035,0.06718852525238792,2.724713092268411
241.61653936795477,0.06061430653675287,29.371462981077816,542.4151337975158,0.06387161265879679,2.687380472400016
0.4393755045030695,0.07882769797395871,29.6404621280789,322.143333132115,0.07030694531329848,2.9106988814088384
1.2163114731728513,0.07889956449182765,29.867730728455392,511.9699794420652,0.07103063584927657,2.9148537981165266
10.166477237405882,0.07399467379849692,29.67734186639385,484.1994288867299,0.06785063612377054,2.7695446631870073
4.761118703688302,0.07651540193451757,29.59761479218376,174.9414663629375,0.06616876879370656,2.739960842917302
0.01759685850961521,0.07764872307742124,29.83588542233035,296.39359640610957,0.0676172452129932,2.549513670212327
0.05960669612015861,0.07591390511690788,29.914130358457502,302.96983708975324,0.0653081131643399,2.519332243322083
152.37451931573895,0.075514346689638,13.22797651468507,412.9107909858085,0.06430600012363355,2.241878083195413
1.5087282361264847,0.07738057050884307,29.4139071783887,275.52273936036056,0.06684700170660349,2.654118581643745
7.32954222522609,0.07924140838352961,29.77759831831672,459.943821233608,0.06476456615333101,2.738689173463786
51.6528503374178,0.0710106337959058,29.17417591475877,334.8503295380396,0.07512560765256523,3.4257071149649794
1.6588264491557787,0.07621946418577781,29.869372442011134,377.8086504596299,0.06766266617902186,2.663307599515159
572.9136237651786,0.07803857607077642,1.6797529731253356,938.4260824004917,0.06780229768505369,3.9261210501596056
21.529527378738734,0.07765890611785371,29.648445978347823,403.3292657920051,0.07424258332693559,2.722735376448951
0.03157859440259037,0.07722267883723727,29.5636661052012,278.2645625513172,0.06829664350461667,2.663401391516793
5.769472094080777,0.07590464175909765,29.94551096091876,474.3621940297971,0.06696550668580425,2.540825808657347
0.014261518180710848,0.07493773880637393,29.67790861066067,450.48115453716565,0.06445079824363784,2.7735179628587407
21.655045922189167,0.07826420010138616,22.027212921351232,595.2884121577183,0.06659936914354028,2.3356171051239176
43.02757245168848,0.07321535935271925,29.396360716568985,374.70066388904365,0.0722571137419965,2.730752442656219
0.06337387285041877,0.07289597103632117,28.656746719062614,625.2362967452709,0.0639543045352087,2.980447262355508
0.5115626272161706,0.07574688183643061,29.390964066851797,383.15603156449185,0.06643394587335585,2.9531987500742343
218.7834529711455,0.07690341705511562,14.240235350481157,113.1282753119001,0.06697801826919475,2.8373557058675667
36.44763925486966,0.07314970403714499,28.570742572712426,575.1297878224518,0.0698638191800505,2.6033875158847546
0.3952866552843587,0.07725524877580722,29.757181932500814,244.72835253384645,0.06940490807161434,2.6043731921277278
0.16774736574549276,0.07597802259367846,29.45786868300247,438.9210841527381,0.06568977952397129,2.7942111802353944
18.62313068010178,0.0788254188245711,25.98127300597293,150.7346257162567,0.06787925194565453,2.3092241517165486
0.9007226372454735,0.07470506270897466,29.82708956907817,347.52680118103797,0.07034725731320096,3.5164649538269934
334.02745012653924,0.07485989447594124,9.325235279982206,130.1728998847467,0.06775480446701376,3.4633317481483985
138.86316034274438,0.07798830226436679,16.311129176221833,397.8074747065017,0.06626884007097411,2.660070588451538
18.331304172585227,0.07784966197242849,22.184828643509487,453.7330789699622,0.06629147228218057,2.221182514202842
0.48815173987376625,0.0743539487897649,29.762198552529107,318.6957647664308,0.0643495746735264,2.5526006274048156
0.03999294877651288,0.07629754466829596,29.90748575675753,338.6464864948925,0.06592704768080718,2.6021765758800868
7.463233896156201,0.07753458076662736,27.290754811896512,273.33879088854576,0.0659825668792898,2.4707449712170324
0.3172067705823775,0.07674799040116605,29.692950133204043,174.87932440268162,0.06660904130295384,2.373029466496364
18.06901057780383,0.07481704295375427,29.13986506100604,322.4012659116253,0.0659760755436832,2.088793619753984
1.5097288492260883,0.07826299815954052,28.198443837256434,514.6501000496611,0.07112671656010378,3.301677754796383
6.797000780167734,0.0776765067142437,29.976057478411647,369.85019566965326,0.06473862475656558,2.9442862719456007
0.3001504943626042,0.07668413928498959,29.804730536981175,415.1104109713185,0.06632532791753393,2.6006160837359746
0.3416155593918843,0.07533839707462459,29.286954743819827,445.057785203747,0.06627893417193076,2.7443323941363977
0.028379890467343506,0.07515787656286439,29.02630796653138,443.4181005409491,0.06622509496997442,2.819029244754286
2.190757341255818,0.07679954536697978,29.353326777252008,337.61003224168076,0.06642819460051452,2.868150396070596
46.080056965414,0.07506094559396954,20.923836019020566,221.27253386793484,0.0640686612261269,2.247536988890347
0.22374082756956504,0.0752889882656435,29.757196049320175,499.1302968338186,0.06500962481146072,2.743060749278073
0.6072062139779149,0.07655402552311731,29.633570014795154,418.28939945648546,0.06473862475656558,2.657714786911703
15.681169772183537,0.07412069015306821,29.938674106928993,223.73730276204503,0.06039984978227961,3.484163935386451
0.4859840617433036,0.0781866903572668,28.953232793988196,448.3251189577563,0.07277670879963805,3.623333669421003
0.523670316770692,0.07750445767708948,29.894100913498455,404.6758623030938,0.06707909305879267,2.545695692759843
81.01327876494597,0.07525219588708035,18.182561911457142,303.22293412022736,0.06553768599745916,2.4843563221171596
0.24989090054292568,0.07796180463133803,29.857596522573516,251.448922851999,0.06704548309030403,2.458708939195265
0.014111753918360946,0.07665962632987894,29.869159845703905,304.7801428726457,0.06626313561878097,2.5579928454759178
3.6358894209564636,0.07896508940718924,29.853948603021998,449.7592377685703,0.07116858637746429,2.687380472400016
0.022812315502685077,0.07757333356100815,29.889492109694164,322.143333132115,0.06681053354671362,2.5428740957404705
1.2587239602963356,0.07531508902746545,29.711097200496425,499.952382912494,0.06547382441787347,3.2617477435844493
0.30539799653263644,0.07676564747277378,29.281927390015923,422.4742312444848,0.06748704308437095,2.9023802044197993
0.06940046566194594,0.07832583875196247,29.28269960733197,452.73795414253846,0.07013814155885215,2.8879976037463653
0.07314325786278789,0.07397416103091203,29.664971939199948,371.6182647124459,0.06199092837515385,2.468086062709567
427.88396355106556,0.0788616180968956,6.1030288778413215,207.52479328287535,0.0653081131643399,2.5549267874804107
27.21840260547146,0.07462023709706656,28.89096227584569,189.47037031393955,0.059358859202651604,3.1753681435709087
0.42488208527562443,0.07529638722953125,29.6607292843567,436.93313719680066,0.06373773482821923,2.7369500705565466
8.71301265518299,0.07739768801364567,23.09234795630112,737.1599387515344,0.06632553850669795,2.353627076597232
283.41551433559846,0.07788851737057076,10.104367629277206,121.82715809802852,0.06681400525764797,2.2617181169625544
479.911807768984,0.07900355746933087,3.6601677600428637,273.9699343513872,0.0680084810806256,2.663307599515159
0.0344993258960616,0.07803507274805326,28.668252018951186,455.7601234839542,0.06780229768505369,2.534796401573802
1.0556245152646886,0.07765890611785371,29.238044358977817,328.4217901047049,0.07047300020771183,2.682461549751127
0.11379823403000866,0.07595897835819,29.74526161965386,232.99770761927357,0.06504306174820981,2.4265190574290125
0.021060558431181733,0.07632578417446004,29.693566395033855,312.7712156255751,0.06575426985816815,2.5499489885445534
138.00317686089687,0.07957540711633596,16.643356143752122,160.47633149803028,0.06784605795928791,2.299059773105813
7.04150762350074,0.0760298230289504,29.888685513290824,373.4418916813328,0.06532564524770987,3.585957160736797
0.02580016657683005,0.07759970778607185,29.631299339987663,425.02728547805947,0.06855200787267993,2.833188479126412
4.482084140595969,0.07742119474754929,29.727062393829822,294.309673781536,0.06710163801024371,3.0519837813081887
0.5255914352704425,0.07653945878851266,29.302755807215803,181.4621706674459,0.06673690574331057,2.4093350131150335
165.5742049582372,0.07759477507241526,14.800622986112023,255.64186203684346,0.06626442166713864,2.4798809071731958
0.5858059028154491,0.07508201054154248,28.570742572712426,366.6059039471753,0.06265504267296856,2.3875850099589693
103.0194948269673,0.0746574602037859,16.88431431249488,227.5013762529884,0.06104094736602214,2.026159488613604
1.3492778264570076,0.07839779340307114,29.326199674471532,492.91652689431606,0.06271300113427639,2.275554832501423
6.113599720250147,0.07531633185174494,29.262851564117504,637.1778865446797,0.07068651239740245,3.196405757660586
346.1048603567517,0.07721209161831293,8.482088706930753,81.23524945027953,0.07034725731320096,2.78615329466762
6.222458151153979,0.07767803192999302,29.268648910738612,308.4509448043063,0.06775480446701376,2.155732464102082
0.015433995927032332,0.07598596011618367,29.39055833507001,370.7413695970204,0.0665278855937659,2.713772178851172
201.26973519740523,0.07876575042660432,12.984706419292584,218.13634585001074,0.06746920092461156,2.376438486381921
0.0881429844875033,0.07630466263154079,29.013841012771948,419.91040849315124,0.06694708228797211,2.7807676847244127
545.5524828541145,0.0780097748681989,1.1347626079594129,223.86781220165517,0.06650005649025545,2.3788640281472557
1.4541001238201516,0.07428122086035513,29.843917004464274,265.3274938477317,0.06362082051907839,2.8802592377505887
0.16342976134389936,0.07620008372117713,29.80870511545518,326.9999302479183,0.06598434697557365,2.5448792399372056
4.854897603968462,0.07774981807184986,27.201537464281994,334.18672307410134,0.06745968137438083,2.594829995520009
0.1773463066286067,0.07540624215570066,29.0096871317752,514.6501000496611,0.066371227483141,2.800359226623789
352.3268572015578,0.0776765067142437,8.139961691676842,339.60448532853934,0.06698206098438791,2.9442862719456007
407.466912660724,0.07969630786042563,6.965115587172923,626.6997061262998,0.06527456057781628,2.9445376119106785
0.03714577365485896,0.07719050915347767,29.631840174504134,469.56071174751156,0.06783050166909907,2.838731053801972
17.268020921824384,0.07580690381099836,29.85538521321697,150.77217589089878,0.0631202417830144,3.209056790651473
42.582183425731465,0.07798287844021827,29.39510881212112,79.66794073159883,0.06393202730309083,3.197515413431031
0.28525870633906214,0.07506094559396954,29.68360366162154,262.0438921550732,0.06522659297120698,2.4702692064112424
448.1847038315824,0.0776793631060643,3.611828538519738,457.2961844256595,0.0673822435097462,2.5509557888436367
274.12367977709346,0.07430419175491604,10.156228947928822,188.9924903730452,0.06320723679510837,2.3960438021024455
1.7467793119906254,0.07808108157494738,29.69632512241123,317.15638574659766,0.06680699927154846,2.6834259227096684
1.3248494737960332,0.07795248539346944,27.67792153775551,604.240733960922,0.06776778274137296,2.3785869065354612
43.42088516935188,0.07505070030524401,29.894100913498455,95.10455274093817,0.0586644130670094,3.8890601452359377
93.322515282978,0.06744617168405496,28.62392680822032,142.44430799736836,0.0710620241666016,2.366644743328335
137.6509536115674,0.07796180463133803,16.367770207274496,265.4548810616031,0.06756081110976353,2.643758685700387
2.6874988387378456,0.07580325630052491,28.915092123993745,154.70280912308215,0.06356149258112112,2.206589537587659
193.1225158054806,0.07599499493459103,17.758949184328014,194.57276434950143,0.0614241070458075,3.70378703595785
9.146244129641767,0.07252852554558249,29.6404621280789,410.80682295598973,0.05761219569974593,3.1509195187822168
4.1975430824167175,0.07831079564547735,29.69650865488966,327.6429496269199,0.07096542904138076,2.5385537966105742
5.1810144995193905,0.061634805210686344,22.002503304266835,194.35712062802713,0.06785063612377054,3.4556555551321866
0.7712474971820675,0.07795222227099331,29.490849533130106,412.45652545116394,0.06697999148665557,2.4044105514351957
0.041802642408422006,0.07752717005104123,29.927569293963373,513.1220700632106,0.06797266150309775,2.9029122607761146
0.07700771666075722,0.07591390511690788,29.63170598884198,370.26337815250855,0.06469659635639677,2.58644379640034
1.12257799217968,0.075514346689638,28.89096227584569,267.80968179377334,0.06987908426422887,2.764925236434813
0.17660663729078427,0.07550962591805573,29.6607292843567,402.3295431910116,0.06498701380531521,2.7790106509473347
0.016133682911253784,0.07604258182242682,29.544047737489805,504.5524633575877,0.06639671623940571,2.8702186679610056
0.027616182669741737,0.07763845746547517,29.583016909060525,448.38406187655494,0.06882261472945414,2.8860072290842553
22.449781873638642,0.07703892188572141,29.80865724218502,401.6339975218136,0.07306917825590478,2.663307599515159
446.10472985178285,0.0760254502525627,4.1968613014932,291.79478994543246,0.06056181100218011,2.0651347530297572
34.709975585402404,0.07648569285687584,29.238044358977817,246.20361112921674,0.07424258332693559,2.389291851498036
0.33145343312818704,0.076416518110506,28.928756489991205,520.0842523319417,0.06791538273360387,2.8081989619749947
6.634103062854893,0.07884173966387396,29.693566395033855,149.06279125649866,0.06788834217968617,2.550804084314728
0.9027928823817194,0.07741436947271842,29.78810025959546,290.160894978598,0.0680438979080506,2.8616328618471862
96.17964644699644,0.07792419256295474,16.735441543646644,595.2884121577183,0.06750428726899138,2.557313193977876
15.203828818320575,0.07292098541255104,29.396360716568985,375.3790227927875,0.06872041638612134,2.7574401769084878
25.60635290232248,0.07691304613146273,20.78423307202723,625.2362967452709,0.06734538386638678,2.4474532066745125
313.349383914957,0.07567853577894572,8.35487116268828,212.07552738705448,0.06392880126028183,2.26023541706668
2.591317618667075,0.07645708161607673,29.90890236123181,82.58785948879586,0.06626442166713864,2.1725380720568883
22.257848602161054,0.07314970403714499,28.570742572712426,575.1297878224518,0.06595749065519943,2.34794523949048
0.0181299188072072,0.07627190409763715,29.935339111226963,372.2371923641207,0.06574525712117299,2.6551000373393663
99.39426818194218,0.06938465206776062,29.940947920860353,399.87235849293546,0.07305350772095856,3.110849266788448
0.25703794311588535,0.07531633185174494,29.177125163474333,474.1022406320759,0.06456234137834668,2.7555513940397063
8.559891881535735,0.07894277554586175,29.82708956907817,328.0652104942276,0.06543191139014778,2.78615329466762
0.23408703853102808,0.07828089257004733,29.063789122925353,308.4509448043063,0.06687186865778802,2.3802521575805944
448.58034720402554,0.07550539056397472,5.495090986513485,272.87360004129914,0.06359546840410987,2.9389908964761635
0.014788056188404028,0.07291307656602221,28.829831326728385,527.2865654686781,0.06318175270196566,2.8840408669976254
0.21512038356658747,0.0755423706637524,29.762198552529107,601.1543037693342,0.06576078115853376,2.89882876707086
2.818977125903352,0.07629754466829596,29.661824204601565,295.40343546954784,0.07107628716150133,2.875221852182743
67.09338815883196,0.06794331376408931,29.4358366058961,103.88669454408642,0.06947783762380941,2.237424385661101
17.771100626967915,0.07460365364561025,29.946485844260145,262.67556552149995,0.06557093524475885,2.074884392012296
1.2842653181535155,0.07887070991757411,29.61639172253771,374.361799993762,0.06978691026865194,2.536491668775345
0.5702227552900013,0.07461705085827611,29.31303405130326,514.6501000496611,0.06451072274659464,2.6588769133219525
0.01393824973432517,0.07631097729488637,29.58769283172544,326.6317040876027,0.06724071683088265,2.739007561451819
0.5546134355625356,0.0764070329071956,29.129998652262643,415.1104109713185,0.06527456057781628,2.6506910789944493
9.808847857061995,0.07766655030598983,27.826837094121853,353.29645573511493,0.06614984657106021,2.8005871992148137
0.14867037187070015,0.07699556403394309,29.64626029222264,716.7637367245867,0.06931806623329226,3.3113161625920777
0.017218927837250216,0.07835982482939396,29.86329095220252,484.44428074614086,0.07077271868366525,3.2081418973257905
129.89967838757502,0.07888373698941833,20.352893388597117,121.13076391234875,0.0640686612261269,2.5377876434855935
0.276292822329975,0.07750991735097536,29.646029940691072,457.2961844256595,0.06815521163864205,2.743060749278073
432.5701354272642,0.06945473701373144,0.309904857395205,176.24717429319475,0.07288481559254303,2.585775905439413
2.4881541857474523,0.07652966783256035,29.789663178305204,182.87752607295306,0.06621785842574235,2.071673024193794
10.358064786310008,0.0781866903572668,27.67792153775551,137.17741369436214,0.0662825244878048,2.217495870477612
0.19738413684715478,0.07480271859265886,29.894100913498455,251.71173473791492,0.06707909305879267,2.81084054357392
610.4842366417193,0.07804340493719675,1.6765219855062536,185.44850547443002,0.061261265108896096,2.8948231137353413
0.06678591069361127,0.07749949125980653,29.686509213623395,328.4989982199546,0.06794419331820853,2.7070807467533675
294.61983633145996,0.0749817449526614,7.499846007157522,438.40062364082564,0.0694610546166396,2.795703829100401
0.7268987327426593,0.07140535044412476,29.46611499805269,420.3294623726356,0.05830204590126761,2.352168811011243
0.16252634874886152,0.07603373618330259,29.545546221248195,412.2710600441099,0.06400821909497084,2.5428740957404705
13.49932632988062,0.07489057676995463,29.711097200496425,509.78852082253445,0.07096542904138076,3.014047489182887
303.8029325894594,0.07959067928252236,9.22254081832678,209.7526893819276,0.06785063612377054,2.402576478268325
1.0822288061625225,0.07485013039605035,29.130312496804194,400.94478603209495,0.06697999148665557,2.7453032957265613
0.09854889329500797,0.07777612071324995,29.744222764629775,311.4013979859553,0.06803641565383259,2.549513670212327
5.426232969003678,0.07677513574795605,29.63170598884198,82.20719546187905,0.0653081131643399,2.1329299778466804
1.2498101517220435,0.075514346689638,28.187276847306126,519.3323441149469,0.06595183531510526,2.915981339733615
0.02160479431416048,0.07892595187388847,26.43031686046156,402.3295431910116,0.06769618127772262,2.1458635282964593
35.053583667955195,0.07466109956868466,29.965191972228496,78.65624353745602,0.058032352114359836,3.0602018357553176
16.96642777696587,0.07566393122998852,29.17417591475877,109.53469002501663,0.06212151240972502,2.5361796361062923
707.00137775335,0.07551875030906725,0.2068267140778417,14.169623575096637,0.05854209810591354,2.663307599515159
0.020395456092642636,0.07582850850017908,29.89220687700989,427.7285974810042,0.06396353425523346,2.549723069361591
162.03926611671844,0.06487413553724608,5.247808472054981,235.00003747227504,0.07424258332693559,2.5040899017997296
0.4173119650607484,0.0756521645586214,29.517738579882472,520.0842523319417,0.06492461794162163,2.6120989644241677
0.038559386812902344,0.07577667617564818,29.622663239426227,315.9659327711972,0.06515945243139407,2.5696152664754575
20.64118760049842,0.07831771338625032,28.228073264165022,98.6864951446953,0.06749783547436666,2.5505527596847033
9.71445303123577,0.07826420010138616,29.181258617479006,385.44558724182053,0.07393063733010222,2.748314040624474
9.414193573054437,0.07292098541255104,29.396360716568985,451.7107424082319,0.06760857719947921,2.8638095193780764
0.01586418533372268,0.07444021500436167,28.533722801285645,502.7822578053013,0.06599902609018773,2.8994122692577986
5.702734269217128,0.0771133174344124,29.94653416814509,293.43641703149467,0.06528867916009379,2.9531987500742343
4.488934133479775,0.07566155165325261,29.29792996976193,734.3626504629965,0.06929920365582229,3.056925394066409
3.3217016793730205,0.0660257868435669,14.493174616789284,575.1297878224518,0.07137039835739539,2.5583795190473593
1.7659793840776543,0.07696516813445506,29.131948247374456,217.78172053328495,0.0701620534983364,2.4418493927603073
25.093208699212106,0.07925256131763292,27.99649129022776,573.7373851121383,0.06271300113427639,2.7942111802353944
1.252327327435181,0.07638009138033822,29.767419257083894,474.1022406320759,0.06616378802081388,2.5719370577834786
282.8494930349601,0.06775136522592097,29.82708956907817,326.504303677429,0.07654457641879944,2.78615329466762
4.308895856284352,0.07543094457317194,29.811139130510718,388.24530847148884,0.06775480446701376,2.6496344665807694
563.8924374348449,0.07643376954844427,4.739806534748881,11.457175503212966,0.05973915178515077,2.244864446566429
0.17733700961495297,0.0766867366223025,28.829831326728385,725.4565532795467,0.06863642038736709,3.2719170277494776
447.1413873755906,0.07973595080941032,4.643391027895831,318.6957647664308,0.06576078115853376,2.3980126636452703
0.019625932843602006,0.07784395533693914,29.856995351507624,342.012858205852,0.06783152587849534,2.623750318295512
15.166536883550627,0.07789024345308455,29.860818221556762,378.4600607614774,0.0667016349852472,2.047707572922884
10.382234859485555,0.07355379621515613,20.391210002935296,395.22218017442117,0.07121620968123973,2.7125691248624766
6.235625104262651,0.07950192569423589,29.735180710677792,353.43170259038715,0.0659760755436832,2.67850265018005
3.819819877979141,0.07471055662895924,28.198443837256434,514.6501000496611,0.06673344101150899,2.5252339883456263
0.20239182580941728,0.07840606553475166,29.97030353652918,194.55294580765468,0.06784897192984132,2.358406835600209
205.51436466088117,0.06424493261447657,28.975539271996915,188.0653518248307,0.07031863699916824,2.427133371771302
0.41407272607201656,0.07939181797441322,29.286954743819827,716.4079935133034,0.06941206669609093,3.0518495334099036
1.0206282987712076,0.07551902500111655,29.64626029222264,105.54899896521499,0.0710554357872745,2.437930610753284
8.07804445842098,0.0786736019729596,29.948428204633654,163.6040250104922,0.06840423796365297,2.868150396070596
0.015177530348728825,0.07712831164639818,29.62876596228179,330.2439601255227,0.0674054782752942,2.628923956304762
0.017086228548092948,0.07466754782393602,29.6402502714788,407.727059095173,0.06383954911841708,2.6642580137483836
171.46808364628117,0.06697889158000835,29.888738630344925,418.28939945648546,0.07187883679554027,2.905204262841547
1.1491218155566978,0.07897146178963986,29.69632512241123,202.09554019693132,0.0675622173239416,2.3491553888428003
0.01391869176515317,0.0774927059770576,29.96290834992942,289.64492197874995,0.06726773000922509,2.551773736707432
101.57337747863124,0.0780253726985058,17.858153169324314,297.89620546000185,0.06838394467465692,2.6638173039982616
0.9311556338815139,0.07679081869894441,28.62392680822032,312.5182801524982,0.06632060495524186,2.5461118892064674
200.25449208402185,0.0784682077865547,13.097926202242478,328.4989982199546,0.07097729526688051,3.1098650133411962
4.426288206948374,0.07752326179019749,26.40671836221246,413.55020027741136,0.06723121022940873,2.546183745027913
186.53726599366885,0.07459701535864503,12.269547842111264,255.40946771643314,0.06813458569825315,2.687380472400016
24.775561875405437,0.07603373618330259,24.844045771538582,128.98399234945936,0.06543882827270467,2.2939264519311124
0.015675406227163517,0.07689484418266783,29.99752233352099,284.6844853778198,0.06623621684918668,2.5172401387488286
0.7910188731822242,0.07641779517741892,29.877573107798767,484.1994288867299,0.06585927243316322,2.5976966728279054
149.87860215054582,0.07849042142544367,16.860455823233842,186.24149117949617,0.067957578097222,2.739960842917302
0.03742826063985577,0.07730988043292336,29.823148174358217,390.4709909661825,0.06731328303604567,2.6844545504321875
25.740623099078732,0.07823636496575362,23.923649306433354,330.3326405954251,0.06742631822846742,2.5549267874804107
0.3833248528086327,0.07762440183744052,28.89096227584569,378.1629731875492,0.06804728713481997,2.714776173244011
0.45400825839646614,0.07760750708549302,29.868281217855262,177.4333851281895,0.06693173675602901,2.343106948119044
4.185942976573239,0.07819221569059401,29.67784875948859,218.16663571281805,0.06931343221667371,3.0222530600107884
0.2280923262472018,0.07857176005498834,29.148306243728744,361.87946682402037,0.07141904261932988,3.0646411580659394
118.77157092030926,0.07621946418577781,16.130090524674017,206.53473301963407,0.06923393589108151,2.663307599515159
0.01592105371591227,0.07803507274805326,29.916206840509368,308.78800977464175,0.06750622709606663,2.534796401573802
0.021845792736036696,0.0764375346342034,29.663679740177614,403.3292657920051,0.06642304426439671,2.705551170803465
103.38681586338981,0.07755714340251639,19.184617259870024,314.4613481188961,0.06665405123182905,2.8946090368732884
0.039125766125408884,0.07574581290094165,29.674587155654546,409.03635481353297,0.06506437874175544,2.629774187275443
0.09634823266580705,0.07972351768524748,29.85290494720254,251.6982849401739,0.07067285844744356,2.610342266614017
0.03607967672075381,0.0786000635324247,29.924235051444455,311.5704562718457,0.06890739294374484,2.596228648703839
0.050013702701351706,0.07732847882284927,29.88969371185973,302.01810534027373,0.06701330061029412,2.591386110288588
1.929995893018334,0.07539671022026245,29.639900793162845,400.2083005569269,0.06478657485887965,3.0519837813081887
0.5119662100583522,0.07567853577894572,29.795514556870543,338.5534779361044,0.06622983304704608,2.608914242653866
3.3207593680099006,0.07800361335550558,29.51615501371993,517.6770891843034,0.06626442166713864,2.9643431096513533
2.9761249010190403,0.07659842648483425,29.893141483948636,363.66317150373686,0.06550089791926392,3.0075330721972855
0.8362870022934197,0.07725524877580722,29.67784875948859,218.16663571281805,0.0701620534983364,3.0222530600107884
495.5803581829598,0.07353487605235266,0.7068503307022169,492.91652689431606,0.06742675550023461,2.580007960922148
0.023689773331372753,0.07619624973253411,29.35276376391151,398.80644865855345,0.06686697790172405,2.7425924769424643
0.026376363312485808,0.07684728521076438,29.813143183884662,326.504303677429,0.06635743815562833,2.547686124547659
85.60950504683844,0.07676133424081331,18.89060929118294,242.75367061645358,0.06555666980721803,2.401725190200439
0.23825165389262704,0.07713478191052968,29.910960355404292,453.56034213427756,0.06626884007097411,2.7979529858566434
1.8740898271171866,0.07753617907625862,29.844729526408504,298.9230242877843,0.06741349139531402,2.8840408669976254
0.014072911056897635,0.07630466263154079,29.794555010104865,318.6957647664308,0.06618633634828269,2.615019041636835
0.03037543620831152,0.07685587972735992,29.40901141421006,368.39001140724076,0.06687045094065552,2.600900272093865
13.568096595605583,0.07428122086035513,29.91945244760998,353.08120163713943,0.07031218276149778,2.851531879894613
0.5151160602982687,0.07569520361588547,29.89191111925644,344.1169611090088,0.06557093524475885,2.546483629623899
0.03315883031996947,0.07659067036200351,29.54867515018341,322.4012659116253,0.06675067865699535,2.638280702125342
1.7328932995296904,0.07788266398070554,29.840952068356884,514.6501000496611,0.066667815411461,2.450518122703407
0.0212672074548775,0.07886142881406362,29.32182886721637,419.69730044562203,0.07099537543575843,2.969308194821381
0.21588064243308963,0.07746770564452918,29.965053652638694,205.3214199538212,0.06684490308153965,2.4069368350874982
0.013889054733938942,0.07727508011351791,29.78403054528939,308.8468281165591,0.06694141769116849,2.544558140182007
0.2140318708892791,0.07578885420662675,29.744360012121625,209.59977092442847,0.06554666750790689,2.4846869495491637
0.3767772199890117,0.07650670468971807,29.791107355231816,342.6753778163762,0.06708404475358798,2.6149806883041715
0.10862427800085511,0.07728677209594571,29.62876596228179,330.2439601255227,0.06694642865146741,2.615763284891515
0.044767746571550804,0.07611647984731486,29.78849228568877,263.2583266117016,0.06528934317418933,2.4728241468187155
7.252684788673882,0.07792356020557145,29.633570014795154,418.28939945648546,0.06618589682443668,2.1309131550579568
0.29930841346673304,0.07815157203690722,29.69632512241123,252.0184821808979,0.06715093446897355,2.4304566182013487
0.01980406546431794,0.07753162351235776,29.96290834992942,307.9869328315009,0.06726773000922509,2.5921462470397825
2.955534991897067,0.07892893321501292,28.417855575012453,201.8491231107447,0.06887098984196977,2.4312706360568885
0.5054894356334823,0.07525219588708035,28.62392680822032,206.15702269046153,0.06682619088293348,2.308725525018324
0.013947304629531736,0.07622333245062747,29.763678104101274,316.2927141453385,0.06568063065746821,2.5545735003953647
0.8868621886211301,0.07653925883171109,29.87084669684419,311.5612988649318,0.06593625379592036,2.765446335496794
0.2555229028441552,0.07526158580379404,29.53547993970506,235.31555874683028,0.06345745484587278,2.355742266965033
550.2634441606526,0.07960396965770222,0.8304987671888551,575.9126485809832,0.06907702367922983,2.8198913375342833
0.10216870236963604,0.07817823297321214,29.711097200496425,258.7790023701531,0.06789618368815312,2.484871817850286
3.240614031845772,0.07862126707393062,29.281927390015923,319.74737920914345,0.07430472796862561,2.9023802044197993
0.014155903391978055,0.07684628271325293,29.476568366925846,329.7067329778462,0.06633072958468891,2.519773835971441
0.04236488376776025,0.07781480320377589,29.862749935605898,562.4188203794561,0.06850448234285797,2.971586617852356
562.8143389861227,0.07591390511690788,3.913230216990163,330.3326405954251,0.05965428427314107,3.777002431749098
0.7201987815093387,0.07774712850961525,29.963847934186774,412.9107909858085,0.06643409212801199,2.764925236434813
0.23799304068932475,0.07529638722953125,29.952364804292632,244.13602125893453,0.06516096258239115,2.654118581643745
0.09260416136507374,0.07830026665457708,29.690706692797757,407.9016137183348,0.06912785578292102,2.7516062033448394
206.14367891307126,0.06643494491300084,29.17417591475877,361.87946682402037,0.07232913866721366,2.696527633369763
586.1540067115632,0.07721924945322267,0.5939204063110175,350.289338649318,0.06542199504981347,2.663307599515159
0.02294566986979399,0.07758374385300204,29.639084238865195,430.477546820894,0.06837464249395694,2.8211121085245
1.9407825171171234,0.07769931211388362,29.238044358977817,166.07698191392973,0.06669794153222619,2.3115579216862043
0.14541626742170832,0.07759516943473865,29.517738579882472,250.05501368326733,0.06708143148363258,2.4356726038201755
11.807892045488924,0.07820270064758954,29.11923504992083,674.7203641773048,0.07048316796419113,2.550804084314728
0.015477939662838523,0.07531867112822922,28.669435408214902,455.7877982531856,0.06644749389098337,2.784178748800487
5.7351355667398245,0.07589971508359866,28.149976196113688,116.6470618185171,0.0657844581680827,2.3003575834503405
0.7992447289834121,0.07830995947589009,29.02535021707775,268.6806270957113,0.06830671017101742,2.5423097417842104
0.12692591073830128,0.07672088199532137,29.727062393829822,128.05932467279052,0.06734538386638678,2.243552544309784
3.513788352347785,0.07828993250573685,29.390964066851797,171.18333682861407,0.06653123900320909,2.3456253959373896
0.013908194607169118,0.07567059234372031,29.667021905402763,329.1231165761167,0.06609722463213047,2.7070538169132714
0.01629773095672316,0.07715097487870497,28.570742572712426,575.1297878224518,0.06693137909710117,2.6542775941233034
0.44624251787262564,0.076792189186756,29.486651470359767,183.36430313263634,0.06664146270004981,2.384938964157458
625.8393288865268,0.07841911995476952,0.3694838050144167,140.08054235467068,0.06591489346321117,2.7942111802353944
2.1214333809051564,0.07240553690728327,21.406332967099157,474.1022406320759,0.07207205603311162,2.9400670512408196
103.15885339868144,0.07845165228205991,17.585071071868647,286.5115175295873,0.06836563501825796,2.5471375995169505
0.061441990207289285,0.07767803192999302,29.66348586845719,320.4326910653929,0.06775480446701376,2.5448654603131216
0.016597123193605828,0.07606268221376923,29.965589414876906,220.04202076711482,0.06917871390486152,2.9389908964761635
0.7554954516229853,0.07592127042689045,29.84939537013191,527.2865654686781,0.06419441023730071,2.501491723602319
14.368723501103817,0.07630466263154079,29.794555010104865,318.6957647664308,0.07204965768063604,2.6587460019952442
0.014061263041159523,0.07614262164826009,29.951946185922658,345.813326924589,0.06528095587056201,2.592361179546625
31.60592651251027,0.07754781643214025,23.151983605344256,345.55777258458363,0.06739137911322585,2.6488128543927045
0.09001850781880019,0.07620008372117713,29.692950133204043,292.6070129054169,0.06557093524475885,2.5524854803847905
89.60210126421458,0.06678702331466592,9.97694160970695,243.69832506301816,0.07177136604647902,2.509843815699254
1.4602364936486356,0.07418636834271639,28.198443837256434,455.4997317684949,0.06345865273378276,2.759452762648653
3.3303074867779188,0.07631097729488637,29.58769283172544,414.51771423840864,0.06941112138444924,2.779160799456996
0.5005926705370086,0.07820048988604122,28.975539271996915,415.1104109713185,0.07017770151839806,2.7092091849676874
0.03463902055888176,0.07738684100640478,29.78403054528939,249.0193991749392,0.06775708179870382,2.544558140182007
146.4913934041162,0.07857988891559672,15.717263976660165,204.57102573069375,0.06710091296163778,2.3519115525457224
7.920019131464191,0.0735356500552058,29.501664187929403,470.09996941956746,0.06708404475358798,2.767810925006557
355.00353465393084,0.07847896375928207,7.279185115052844,222.40896017544407,0.0674054782752942,2.4501985511986506
5.0650653147039915,0.07474069298266485,29.74155455434349,301.06891694429623,0.06689906427366735,2.4784592548404465
1.5292145335237133,0.07430419175491604,29.633570014795154,138.38029833537138,0.06641848510133525,2.2402965032652986
4.158546876933837,0.0756728721785047,29.865738256564477,469.6263485203269,0.07047932571194501,3.155522308796403
0.014025078188702833,0.0777409108165963,29.74282266016085,295.36997855397846,0.06773033574818194,2.5473721580031317
1.1904261094836242,0.07738879303872627,29.74830606902284,168.68640365576186,0.06802697804867486,2.545695692759843
1.5955926367532287,0.07762195763006212,29.070652259160266,353.18617959357937,0.06682619088293348,2.688992080464006
4.346843139429389,0.07622333245062747,29.763678104101274,316.2927141453385,0.06809681537878029,2.4666686536820794
22.11157242363867,0.0749817449526614,29.723437920560656,288.14180949336065,0.07302976274520728,2.765446335496794
0.8933622923381165,0.07557491335983496,29.310593807698663,420.3294623726356,0.06387161265879679,2.687380472400016
134.66543737144409,0.0768232224880215,16.126762095961443,322.143333132115,0.06543882827270467,2.5247166528736145
5.851466833001006,0.07718850670874734,29.974328949071676,293.7044646088185,0.066875599179723,3.2617477435844493
2.051592857016927,0.07351605369210716,27.479449879371614,505.8685822511444,0.06785063612377054,2.8146934187509056
0.021998931266150407,0.07624917167171533,29.276927261784834,310.3126143488412,0.06756601613452273,2.726111198688348
141.86667034085147,0.07727148920963116,15.379360639184931,202.90510327130227,0.06699419936841677,2.3657711141292994
8.302385290857,0.07591390511690788,29.63170598884198,330.3326405954251,0.06884753725493642,2.4694555481627907
0.8181510218607626,0.07667376311967482,29.927291452757675,412.9107909858085,0.06649771388239187,2.5724714793770973
83.8025506702993,0.07660077933064982,18.943806335363387,303.77449222236623,0.06617913528368158,2.582157994714594
0.016268121608901235,0.07771908389366816,29.998318314660423,307.53920729809795,0.06734139766095915,2.5528625919369055
0.8652014663035963,0.07553574025931548,29.250252320059026,402.02216763414805,0.06587460940333617,2.5361796361062923
54.198810096506,0.07603322373068527,23.771728284499723,297.32258326330316,0.061513074369141774,2.663307599515159
0.36393649826925745,0.07754786882163228,29.863822874708056,300.47154906484474,0.06811298313182004,2.534796401573802
15.230418107275131,0.07765890611785371,29.238044358977817,265.78522769961023,0.06828408913319331,3.8858054523081647
2.7318318476753305,0.07904359693471158,29.517738579882472,152.73729264731486,0.06767257694920073,2.2790830318816653
0.1233525321171304,0.07717790314115247,29.693566395033855,321.1057054144944,0.06678587889035381,2.6133668616903956
0.03769726242802794,0.07831771338625032,29.493529233183743,545.8660644166331,0.06875530159385629,2.910406487211306
13.269309604932833,0.07852393872732144,26.173724115608955,227.16854712004266,0.06752091396163964,2.4233933347039818
0.10864955371015134,0.07292098541255104,29.74743031124523,374.70066388904365,0.06151395856634348,2.597946945220352
7.0235382407728,0.07874548782809747,29.727062393829822,276.47790732439825,0.06805743219924781,3.0519837813081887
1.8432174790164169,0.07692565143805301,29.509253692267755,547.3153085566262,0.06733651675857877,2.6226156920504433
129.33113072087485,0.07684484593556873,16.581030761795727,270.12634936140256,0.06500260464936089,2.436119450462182
1.0157451985622414,0.07730182652228887,28.570742572712426,324.01486931148986,0.06634964005656624,2.4936472392293902
307.0220870398563,0.0778532842984108,10.698188917422339,284.02725418226294,0.06755922813895404,3.374634331367304
0.25104073931471027,0.07747415856415828,29.914747737966984,492.91652689431606,0.06763034025282769,2.7660645207290595
71.77678037683968,0.07852179603438014,19.61222510179711,542.1885213229039,0.06840982564376258,2.8387190444932964
18.177726160526277,0.07894277554586175,29.804284202724943,91.70713343976081,0.0650651915863561,2.317965176891857
226.62248450863268,0.07817380873681706,11.617922537152284,231.23607875158166,0.06775480446701376,2.4289238748626443
0.603021781134709,0.07791717885437956,29.836155528287573,296.32987873680065,0.06626884007097411,2.5088503470175194
312.22727222028277,0.07769642734593855,8.532741705987855,277.88297741981023,0.06737626752327391,2.5516079322055303
6.290091685534213,0.07630466263154079,29.467205760547788,493.27458703121687,0.07106963726673385,2.9570507661953886
579.6344319475243,0.07839906906269845,0.5584711319781519,238.18624299750542,0.06733368203499576,2.592361179546625
0.04061624964334189,0.07662972752969785,29.38948149992843,411.1096887037404,0.06687655175610496,2.6805281260632916
0.5305564423013109,0.07698504543370922,29.692950133204043,307.1378688893202,0.06557093524475885,2.546483629623899
191.58642897616346,0.07778021881080466,13.441760634952892,268.24850158783534,0.0659760755436832,2.41414673347499
16.337158046575972,0.07767633551310302,28.198443837256434,198.74791575242796,0.066667815411461,2.9074551879161366
0.013852654263533094,0.07732354668150054,29.830944587592874,304.17946865444253,0.0670000974986949,2.5450429862911585
1.38070712247184,0.07712515649809071,29.80806236908862,271.39525498884734,0.06680117053896109,2.7504005468012775
0.7743617680419861,0.07727508011351791,29.958660942479206,308.8468281165591,0.06804653789923618,2.5425897469552567
18.127929965886572,0.0776300685149087,24.855609383817352,287.39294539674114,0.06745977965566158,2.5627598553883155
428.9671374205785,0.07793267341222011,4.585648116833097,217.7461532841735,0.06708404475358798,2.372297085416757
1.2311713586531774,0.0770180161002329,28.100576353491974,296.3430925000385,0.0674054782752942,2.5610212745693035
9.979216445516457,0.07474069298266485,29.818241375392464,457.2961844256595,0.06570360864662375,2.4013263206686037
0.014729174212345682,0.07507272885516086,29.654794872126647,367.29436918634707,0.06434407885090138,2.6202731356472118
71.9254343509968,0.07691585738889854,19.646726315053243,318.4862483702364,0.06621543408603764,2.5412367416522925
2.216574703304567,0.0774927059770576,29.96290834992942,327.904625319684,0.06451881349731775,2.5771931002367596
0.3847714524063238,0.07692226609000904,29.896025221693858,379.0674824812909,0.06650388717048947,2.545695692759843
7.905292148559245,0.07525219588708035,29.48723204468806,466.6873745137321,0.06488769357069496,2.2761584089217157
4.7869502984407974,0.07581387174875244,29.763678104101274,316.2927141453385,0.06174465633735743,2.6210902471033464
1.4581450573293093,0.07794173069656098,29.940949247215585,288.5589334035893,0.06583334248037298,2.5447052935084864
0.057964831365813735,0.0775765816772025,29.753895533361916,256.8043810863692,0.06749840364538812,2.509258007337662
6.913428767498715,0.07603373618330259,29.67307322773151,134.93054084215692,0.06428002602737728,2.5428740957404705
0.03682967757267277,0.07831079564547735,29.884715795480375,221.33581999036807,0.06895631698553556,2.4471494820067394
0.19361540692617468,0.07748783671379134,29.281927390015923,299.8021756929495,0.0669709428197239,2.5053041696484053
0.015935471188504306,0.0782508602605409,29.93672447678704,305.66457134387036,0.06880377978312285,2.667414203286447
0.8726892904546597,0.0772667834330529,29.73680406464303,388.744842753191,0.06555265619857051,2.668956290063953
0.02219549052839755,0.07770925405853212,29.54946847905169,369.0768044285269,0.06840083980205316,2.705157803255214
4.433988967754983,0.07875608819444588,29.561867543838368,471.99247402922936,0.06649771388239187,2.8991931945400786
1.976346339611565,0.07529638722953125,29.6607292843567,144.49465067608463,0.06616638351689874,2.654118581643745
5.537959105187312,0.07676983589689215,29.965191972228496,737.1599387515344,0.06777847268576853,2.727023025061579
0.39004513312738653,0.07739306053868888,29.17417591475877,296.58223092908895,0.06705194415187335,2.543146754746825
196.8657953899401,0.0790914639953065,13.124470290453317,377.8086504596299,0.06836442176666085,2.663307599515159
0.15687364263182035,0.07829766163828412,29.916206840509368,291.79478994543246,0.07117062005797317,3.08550121698113
95.22049669026163,0.07732972609088448,18.26350600852724,300.5806889415504,0.06635746948690555,2.5132805399423295
0.3717852004538033,0.07780397312635508,29.517738579882472,277.08147539676787,0.06684832736190952,2.4767412909106996
0.013909165194969259,0.07590079611275032,29.92638222742508,303.590725581832,0.06483079284274013,2.5076641448241075
118.18246647070977,0.07956568705625888,17.527862426724067,201.12109373057802,0.0689716593983474,2.483302567330184
280.6310187710269,0.07767083618099253,8.75302872390833,595.2884121577183,0.07393063733010222,3.585957160736797
1.691975222927492,0.0753596227340238,29.737496773494495,125.67206032593026,0.06462484375549915,2.336821760703738
1.0079312071449849,0.07672088199532137,29.989712149495404,277.85550606076225,0.06734538386638678,2.465197443045544
0.42450378139183886,0.07926435785880658,29.390964066851797,258.89455797530536,0.07006510305594277,2.6136093764637733
0.898399802412128,0.07860356261291154,29.791290826347883,329.1231165761167,0.06872117583744045,2.4407247647625225
0.019672662748771712,0.07721800629100958,29.85860568634187,344.18974958151637,0.06695621793463821,2.6088530167991575
34.16002505456443,0.07725524877580722,21.902222480401957,175.6622940799022,0.06918076590005887,2.374789994743439
7.923164285253586,0.07353487605235266,29.978073041869806,165.4196666420944,0.06745522433908255,2.3430637245796944
0.014001610203810154,0.07655863024992376,29.51460248426981,340.4169098662485,0.06661217324319757,2.6156496291948153
0.01508167033049049,0.07647654372949673,29.985773915428453,317.22986990460095,0.06605723474233438,2.59738874752047
4.192082154908627,0.0761308907869573,29.78572587651511,295.7857573613894,0.06775480446701376,2.4172791551271136
263.45815188842676,0.07879121806490696,11.629898974647908,238.1530231185177,0.06868826783581483,2.9389908964761635
3.4514794624724257,0.07291307656602221,29.874475284199118,318.6221472855956,0.06644804433551096,2.8840408669976254
200.6156194606811,0.07870722173983699,14.377416913865327,243.23822052584592,0.06618633634828269,2.615019041636835
0.24902687356118344,0.07771493491450188,29.9596991394207,345.813326924589,0.06712492876946657,2.4983564705603296
8.29038288109924,0.07847802198452505,29.97637564562023,278.94759314479825,0.06362082051907839,2.5477887000120316
0.11980123943465529,0.07683115718765962,29.842898249878687,326.9999302479183,0.06661989262980267,2.546483629623899
0.6713745582877142,0.07761835096785387,29.889711047024157,301.6762464489175,0.0659760755436832,2.543673930365375
1.0024177481758487,0.07828424750620583,28.198443837256434,514.6501000496611,0.06896389135131473,2.859307088402196
0.014174405222710395,0.07907188084133591,29.976433691243905,296.5491867343347,0.06926514980571341,2.5863814850816214
22.55041330828459,0.07471185064782603,29.961361220028998,415.1104109713185,0.06967244380737136,2.5985347839890323
3.5864183909818226,0.07579489384823858,29.88728777988395,96.60224718545163,0.06500493909699404,2.3050560789648613
0.030056140344765926,0.07551902500111655,29.507194315766974,327.877738691391,0.0648259163444016,2.560362987528381
47.2086948808195,0.07902381006364666,22.375803112223142,388.12851360142344,0.06708404475358798,2.6080420348931597
0.3265591869182446,0.07615264903086327,29.41184099344794,325.25221913427686,0.0674054782752942,2.628923956304762
29.280201391302626,0.07474069298266485,21.17202451622359,234.4928848671683,0.0674751603541805,2.4360585889863358
61.25154669885869,0.07812472775582348,22.452141251304816,262.2523952848452,0.06434407885090138,2.464406194303774
0.018657047444984108,0.07583113555467415,29.69632512241123,301.60080408488415,0.06545181638381287,2.5402598241929506
0.04005395278600897,0.0774927059770576,29.92910228127461,265.60038804570485,0.06726773000922509,2.467744961214324
34.51927620689834,0.07677149134423669,23.040515035627507,297.89620546000185,0.06504126458471962,2.438788000594652
0.04420029330481816,0.07698700900447937,29.820358248957575,466.6873745137321,0.0674720984861083,2.848686905123598
0.0303877641364756,0.07622333245062747,29.13331583006359,318.7518769779564,0.06681447340213903,2.5706838890985724
169.21758705919117,0.07585662511027909,13.98017787167665,165.4181674426544,0.06317897079378437,2.066283688857398
10.470418318098677,0.07459701535864503,29.936272483056353,439.6101660613367,0.06886136210848365,2.7986402641147192
0.19573639828298037,0.07603373618330259,29.654826884930724,439.15324508950374,0.0666126637795682,2.7675189040917365
0.017094386389846422,0.07685538803638357,29.672150164486517,406.2568008216295,0.06713621266226516,2.7482704092922674
0.1148343774403277,0.07890673223010637,29.92142519844679,217.1221884251218,0.0691772656420564,2.4731327186701173
0.26699433511202714,0.07684628271325293,28.891461344600643,278.85670455272816,0.07126569725550944,2.8851716451386826
48.099600483857714,0.0794280849155169,21.402264534640754,561.7448594817558,0.06954238975979524,2.874589105801257
4.7238794147940535,0.07785102371854218,29.63170598884198,174.20731184351337,0.06670850790229194,2.5549267874804107
0.015323915255735971,0.07748091781862555,29.593971169550905,289.78150741116804,0.06722347039939319,2.4947317847162696
336.5460279930654,0.07721807285614544,8.46046138233459,212.7836212159279,0.06454199169428831,2.4114350880762547
0.026315830190625052,0.07677384791307683,29.140903267554506,354.4012498252639,0.06772923763993019,2.663551411316627
266.39851078000737,0.060618582477580264,24.641120429145126,361.87946682402037,0.07069819628006566,2.5361796361062923
0.015797128499435813,0.07597996244440022,29.779312194547018,354.292980040043,0.06580355615233024,2.663307599515159
264.1790827895353,0.07973509548143502,10.585856257357618,208.7741943019402,0.0693176267120682,2.505939671611473
0.06234477477175657,0.07765890611785371,29.998297101547983,403.3292657920051,0.06651206283036107,2.5603817857139175
0.1128317327890237,0.07586594087970525,29.658198794998853,234.701210666613,0.0651410701194704,2.4413268830102095
494.50698663731634,0.07830811141967897,2.720258813678143,341.315245159516,0.06787423259514253,2.610990256346092
0.03292180939738222,0.07825356877829007,29.919197885822555,321.0434050214858,0.06841853992166955,2.602368126008237
2.6514958633707044,0.07896827831431934,29.796252444541608,595.2884121577183,0.06976821715394194,2.6867391389104567
4.134589461253439,0.07645506930913845,29.19277755552787,374.70066388904365,0.06151395856634348,2.416448798968513
19.232516748085505,0.07637710582693674,24.28673093468724,625.2362967452709,0.06734538386638678,3.0519837813081887
0.015144312382459155,0.07671353324778231,29.84475921164691,344.0437547727599,0.06634446358404752,2.613613790707962
1.401642163500473,0.07567059234372031,29.81707356237934,234.66477562161532,0.067246662016482,2.457193029400258
375.36501501915404,0.07631622479506518,6.455508162723076,282.28886987084525,0.06518527326746862,2.4661693931097277
311.18737200537964,0.07725524877580722,8.073360291104288,155.17619426428126,0.06817237064176371,2.3187933856451393
143.07276134351372,0.07652769373030134,25.056042795742272,8.495165863343345,0.06271300113427639,2.7942111802353944
0.08293054552454682,0.07687352274952729,29.230523963735543,237.46965808677976,0.06743343131794238,2.4882845283665413
4.901205544644508,0.07647917400766498,29.273345872546944,341.9521350440069,0.07034725731320096,2.6461699238339325
0.017462308103678843,0.07761966335088419,29.877215416862583,293.4587770724929,0.06666051464314579,2.4413177043551224
0.4102285615168077,0.07840357862749409,29.943181703328463,561.7343652710472,0.06764934873930317,2.9389908964761635
6.039417183982502,0.07705721661334398,29.70211192784945,437.96268771626285,0.06318175270196566,2.8042666406402357
0.016273004479125365,0.07564766153201846,29.731679920191354,368.1691667622233,0.06500633901542466,2.6215552997734153
0.48228605510075684,0.07614262164826009,29.39742855793768,315.27929198887387,0.06528095587056201,2.5978405352147425
1.3325639337838433,0.07623681882019998,29.982250362734625,389.35474752216055,0.06362082051907839,2.6805281260632916
0.21330519217221347,0.07739125230531986,29.86550522628555,258.78717517628866,0.06700094262836373,2.546483629623899
32.78522570091303,0.0770039746948816,24.76441085791771,175.85732385871017,0.06727741411457092,2.7363255785779006
6.550171544162358,0.07471055662895924,29.878444381347855,254.053419996154,0.06780249359607357,2.4702001955035353
88.1605944329988,0.07790278040435106,19.3895096402603,208.88629354178272,0.06590809752968071,2.3606195164072665
2.7222481208905065,0.07471185064782603,29.7934505845852,316.0969665291815,0.06527456057781628,3.368628550161655
0.025532510868188057,0.07730427579723319,29.78403054528939,286.10130264296873,0.06694141769116849,2.5233108097656105
0.09027677067012346,0.07763808678069997,29.64626029222264,356.3397565355423,0.07168728541879149,3.395249140290184
0.4415755001759193,0.0764277723935104,28.771211920851435,481.84549836091605,0.07097521226183243,3.213975823507131
20.53682881024735,0.07874803359091333,25.580976977741436,230.05562357075286,0.0674054782752942,2.4752634722466684
18.46272145728763,0.07912992454543409,28.456308180587765,227.6232441577804,0.0641051905905291,2.4698360857462704
447.0920924318093,0.07648734574888924,6.946167703645944,367.29436918634707,0.06224741788684629,3.6139343296351543
0.07887012627186629,0.07878367300109082,29.69632512241123,262.3620002720204,0.06876391897195885,2.500710047700103
0.9250363556036256,0.07729420733727574,29.87122406285883,150.78152916205067,0.06646830665225939,2.30152522621827
0.6938670555480035,0.07749171023478203,29.30293913015616,354.89413597929104,0.06850248546630525,2.545695692759843
254.32543970965767,0.06508732066092117,4.449204286310355,162.8510499691679,0.06972879160689302,2.3454178994794663
2.122086827408074,0.07622333245062747,29.99536048598386,160.9170049232638,0.06568063065746821,2.5545735003953647
102.74753178489642,0.0749817449526614,15.307659228353899,413.55020027741136,0.06583334248037298,2.3660744264482036
0.2723584813749469,0.07660069589113011,29.53547993970506,420.3294623726356,0.06586873375768537,2.524538455617632
0.030962822692995558,0.07511729972999333,29.371106696375524,347.8135608116469,0.06449054265563234,2.533821076269508
0.6094446072372866,0.07831079564547735,29.711097200496425,345.2737771064785,0.06735125107037301,2.646488073178063
1.1334561424822849,0.07705358458657942,29.50117172709993,305.2255241713,0.06785063612377054,2.9023802044197993
0.10815517674241446,0.07779051570933919,29.476568366925846,299.295741661261,0.06834788629637398,2.519773835971441
0.01397302282180215,0.07517872511802212,29.64393910098272,409.73259368821704,0.0645753132069338,2.6882094284240567
0.035001639307740404,0.07601958881501081,29.63170598884198,370.75559661260127,0.065186509495892,2.611148598365816
0.014329858914170154,0.07613059011011675,29.84281757835238,329.94859866919285,0.06555935447530234,2.5862734283978295
0.018307130229283194,0.0772135670807263,29.792626416272757,270.67060439622696,0.06679497623474928,2.4835436130070168
0.013850149918304529,0.078080281030125,29.967456777320436,277.4693575302674,0.06787745827207711,2.5163629575222477
0.3373061114217582,0.07806943741525847,29.957770695963433,189.030357714459,0.0676869882828319,2.3933358791856754
13.695590725095737,0.07995543820349359,26.425267131862757,377.8086504596299,0.06580355615233024,2.351668208942242
0.3679403230938437,0.07479197731960245,29.916206840509368,450.8259022253406,0.06515782126195696,2.807228750041871
276.1329707687986,0.0782310260356704,9.959850702238828,388.8176986123127,0.06737682955945987,2.6622783555477367
0.6901159641140955,0.07734255193937428,29.782482064248693,520.0842523319417,0.06795069893311989,2.765105208884501
182.88765947627536,0.07799206811702263,13.69844854860238,245.47800716352646,0.06685285487107026,2.4180593765485834
430.4824391907633,0.07778837482994201,4.709715611386775,374.60516825361606,0.06737220065784577,2.653364225828791
560.4272593197209,0.07981580205181994,0.5265888551158202,190.00208359702071,0.06918910646641976,2.4761338874752186
2.2269363310681385,0.07292098541255104,29.396360716568985,173.74578909082538,0.06151395856634348,2.591386110288588
4.354068409484649,0.07516947537490876,29.727062393829822,321.28768368421436,0.06363650926970213,3.0519837813081887
0.1208525141146167,0.076859445163161,29.390964066851797,311.95796096855724,0.06635563608022327,2.5404261569363698
0.019555137824452947,0.07678347894303976,29.422985969616132,439.4431381570576,0.06609722463213047,2.6104316554748572
51.855805862169284,0.07314970403714499,22.11319307473731,47.63916457325013,0.06467860139613776,2.0650542523454627
0.9763205118014078,0.0775275591721553,29.96685307519504,158.52324637260142,0.0701620534983364,2.359910735241816
11.674622002083396,0.07740016552117829,29.45786868300247,492.91652689431606,0.06523218667579073,2.0696800524735335
0.8343414323661168,0.07757153648858282,29.826590322516772,474.1022406320759,0.06763693407938665,2.634951015979438
56.95308159089125,0.07847259893668584,21.255020081248258,187.9727186993835,0.06782655510415797,2.3635660956902393
375.61010861772445,0.07688678194881877,7.512163347671238,127.35361769437947,0.06315000526192394,2.2254070712070457
0.13381954604178775,0.07606268221376923,29.84730951724313,439.78610752189843,0.06626884007097411,2.7685860051250923
15.242504593443105,0.07291307656602221,29.7022989378618,390.68100878723084,0.06815407890257594,2.7555181975102965
182.0233211283408,0.07742557246043406,13.730868239580401,302.14833590349843,0.06618633634828269,2.4922861860027763
60.94984210269898,0.07885468731661197,21.50199036939192,181.34116861204217,0.06726626126081955,2.3404304863315843
3.2959046634999796,0.07428122086035513,29.709190845745635,316.53275010220744,0.06603029074356498,2.5405921030674836
97.96481360095265,0.07741413501383079,18.921349053463114,260.9895520589715,0.06576919578566187,2.546483629623899
24.985964654686022,0.07649721886617321,23.398719297307267,322.4012659116253,0.06560952977303255,2.451422028728998
355.0126567812258,0.07758066530140524,8.174543601573667,332.6203892953551,0.06635022454068501,2.9074551879161366
7.967421802007877,0.07732354668150054,29.908738644582378,99.90944869209545,0.0670000974986949,2.5450429862911585
1.762604573883694,0.07752057074534154,29.8461799149732,313.0113960503371,0.06527456057781628,2.590774986504386
0.013876809933809488,0.07792149186649319,29.87047666733671,293.4603129350506,0.06782939470393631,2.5484810272227545
0.01381857895754216,0.07679041545269123,29.905257775933322,300.7011804950367,0.06632581371209872,2.548597303876865
0.32558559320298674,0.0764277723935104,29.807646077854386,356.98633970187933,0.0649161879201515,2.611147814194757
1.1449874269253317,0.07584526525969135,29.62876596228179,330.2439601255227,0.06460468480391893,2.301028440205106
428.7992200690773,0.07719214681729392,4.740019838560915,213.76373540525094,0.06651014303664662,2.4114104671649956
3.6837789710995814,0.07762013714969274,29.593997033832043,367.29436918634707,0.06434407885090138,2.6202731356472118
2.2454346045521865,0.0756728721785047,29.378196033186136,519.1842927806721,0.06882523837561394,2.956514858085791
0.30107447632599926,0.07824001162377063,29.96290834992942,340.16547033479526,0.06726773000922509,2.6316227057118584
0.3786263221451155,0.07688942291745174,29.905257775933322,898.8649724325718,0.06632581371209872,2.9211810249846826
0.08945890307340951,0.07907462918787192,29.92902696023264,217.75633401878946,0.06920474664194973,2.4478368036821347
278.48537090836317,0.07818645714094664,9.903188873296491,323.034962822162,0.06920340657678489,2.8404037406492844
2.0603940552399163,0.0773458868454141,29.908330620189034,252.16296714057717,0.06687412672068674,2.765446335496794
0.8726948788067234,0.07595525904428668,29.363246011256006,346.05773041659126,0.06387161265879679,2.5393910543732985
0.014375404257924773,0.07707941404002208,29.6404621280789,430.833655825461,0.06704010524297546,2.7380688661973225
0.020824698212861786,0.07654424965547311,29.854096248430416,367.4270087403833,0.06614870598389297,2.6396299702292447
1.7007034142311022,0.07812399622676207,28.811333495359435,217.53567101823626,0.06787738618320063,2.4495186238706466
117.85676311790223,0.07923585199758788,16.496519232539065,329.7067329778462,0.0695060490329435,2.6019186832792833
1.5233978582920662,0.07295953719025247,29.061841449030357,485.9114461469829,0.0628444967794474,2.549513670212327
0.3936540679705175,0.07433624755599931,29.212919521324032,330.3326405954251,0.06447318773092722,2.792858854134427
499.1646778937354,0.07739129634921589,2.927402971380971,371.16741679978463,0.06591260321792902,2.6155471603974103
4.452980442256379,0.07799613952240635,27.17684242882305,402.3295431910116,0.06766698915340655,2.654118581643745
314.31150899357556,0.07919619226846487,8.214046411449472,243.51572330989046,0.06932351517828272,2.4969077927341687
2.4198350362149244,0.07721912792361761,29.738532724372426,507.860658806487,0.06505301241978823,2.889353750858231
152.44155207536812,0.07442820171744827,13.463456311195248,150.3815737736436,0.07053276869483618,2.663307599515159
367.2560210668307,0.0758776736683266,7.946924498012059,358.91179141365336,0.06101859391811129,2.534796401573802
0.046367556550815016,0.07769602429213818,29.348556674276296,624.4307411654196,0.06982753325332783,3.165250317776334
0.19778659877659233,0.0759414038143704,29.980585918448526,294.5446122284375,0.06634543043336463,2.599408302727716
0.15637493808786868,0.07278108995394987,29.631523636645426,303.590725581832,0.06066590490668841,2.5545712843681065
0.06417589872360017,0.07590912640818115,29.756127979143628,290.160894978598,0.06520769093870224,2.549181466982014
3.299694444262676,0.07826420010138616,29.605148328596954,419.3368483124594,0.06568075822908337,2.7392310225440415
343.7912547027239,0.07699656472351465,7.614763906483811,195.22044825877742,0.065924077256998,2.3771143183279366
89.06044513380718,0.07615894803177668,19.830588241380145,625.2362967452709,0.06444083006093881,3.0519837813081887
0.04786056065044367,0.07755832868277118,29.223859652713898,583.1614135041696,0.06955713015326287,3.0759629487773026
0.26879048797408867,0.07574910565918251,29.93517767386929,188.65293965214818,0.06426251293796775,2.3288273302753204
0.9267958369158413,0.0752391410670283,28.570742572712426,378.1262961774131,0.06440449023282205,2.628980205513848
527.4950943277868,0.07564134907475134,1.4484145863246471,758.7995556645271,0.06499967360110814,2.6481982330532294
0.021470392516010763,0.07353487605235266,29.45786868300247,209.22243008551152,0.06271300113427639,2.38927883021565
6.826112760566592,0.07530095348710704,29.767419257083894,474.1022406320759,0.06479054024331135,2.3250085789841877
7.015932598265119,0.07894277554586175,29.82708956907817,306.8185429383354,0.0661859614577657,2.78615329466762
0.34186105213229145,0.07705305820804907,29.830824872255214,193.21610249748494,0.0674637502758926,2.512642017941249
0.014325759063078718,0.07840624882086694,29.93570975464381,281.3352386692227,0.0685845600898071,2.555046456935514
189.7690996751317,0.07886013459504859,15.003691993617288,259.89134863723905,0.06776479404945668,2.8840408669976254
544.6699485384897,0.07992811119577212,0.2100968696812,318.6957647664308,0.06905368989683364,2.4586661255643585
0.013958627189982836,0.0778689051181568,29.759844688931583,294.8874249302402,0.0678635712006419,2.546297653390599
8.29851843378727,0.07428122086035513,29.961998045788945,411.1096887037404,0.06362082051907839,2.259845455527442
0.014618272989560314,0.07620008372117713,29.692950133204043,208.83989640354577,0.06738924443994529,2.546483629623899
1.8223966407512147,0.07796525301162448,29.328865703208276,322.4012659116253,0.06933940929405444,3.0435302408288183
0.05164568326181568,0.07845798434318929,29.86158172921719,233.515016964415,0.06814896153635094,2.424336569741934
0.020588193775452946,0.07732354668150054,29.96046792871053,409.76035303603214,0.0670000974986949,2.703596619201278
0.04238230239607913,0.07707373394359762,29.705258392343797,408.19118224758387,0.0676621359786368,2.77033029778614
281.2691992014934,0.07792149186649319,9.875753065775063,293.4603129350506,0.06702049002753938,2.572321490713546
0.5312254372180216,0.07631959463208975,29.894100913498455,186.34221588493432,0.06462709613256015,2.314241070194824
3.7745860236038684,0.0764277723935104,29.530829882641953,451.4033208983955,0.0629490145241508,2.7283363366294155
0.8758014028933675,0.07586349411369799,29.62876596228179,429.25297879524715,0.0674054782752942,2.783377577413888
1.6188773751585415,0.07670050169232273,29.794086490099183,457.2961844256595,0.06638259651534031,2.5156933415157035
61.886754120197885,0.07507272885516086,25.892541373114746,246.11867605906846,0.06046009875397579,3.8394044360565935
0.052046633116585014,0.07543545145789832,29.69632512241123,352.59086885171007,0.06564119243214239,2.6834259227096684
384.9713122343343,0.07814009939345691,6.314552338461791,276.79871310898136,0.06726773000922509,2.559021959584812
52.04759533204913,0.0785881023900054,21.120137025452674,274.24153785336273,0.06788114222640476,2.4423158374325653
0.9948031806604662,0.07818638272166178,29.887581277401956,275.53986927402343,0.06682619088293348,2.5544721645437054
0.16237017806859483,0.07452962312473176,29.36468259819344,233.86330321816575,0.06284056131008858,2.211553948489881
0.013953204193924448,0.07788842070021994,29.956816948812886,283.5635274048951,0.06744163142339626,2.5034106586780904
0.38424104092043754,0.0764747423952192,29.53547993970506,671.5706902487865,0.06372058409043657,2.687380472400016
219.66450186282378,0.07850392470878267,12.55065289165444,172.40229276460082,0.06693761854713859,2.328492828273758
132.78323014972,0.07953163875520887,16.051309927154847,218.5636193218666,0.06956289355323111,2.4603297050185624
2.1766453286980587,0.07673006016016215,29.928456409133577,484.1994288867299,0.06615997385898656,2.496282611454606
0.18835205168519142,0.07898941968316618,29.943493262193517,329.7067329778462,0.07082244025601789,2.9842292620608952
0.017880611407943975,0.07695565164212627,29.881274376284956,301.52258061046183,0.06578992005444562,2.4452862843843515
334.50749312364866,0.07636473658844423,7.615348949313119,333.36768396331786,0.06596780484970666,2.5549267874804107
0.5677452739970421,0.07613059011011675,29.87759642098939,355.9827591671403,0.06448548678700228,2.657767184200559
0.013965234892330697,0.07614392332091734,29.675249384098947,336.5409521500426,0.06600528727554436,2.6250386278327067
0.024546753132041563,0.078080281030125,29.967456777320436,343.3411987189253,0.06787745827207711,2.651515293876244
0.20592248970300278,0.07566393122998852,29.348236981633192,319.59027745774335,0.0650083579946592,2.585496296993959
10.319163248785607,0.07839076377775824,27.762878021792105,127.17458645456895,0.06731584374021002,2.264455995505897
1.355048769051649,0.07803507274805326,29.945780494273034,200.4659139640085,0.06780229768505369,2.5693793671569063
4.755224007814609,0.07450200119395571,29.238044358977817,461.77304527160004,0.0655043328903277,3.8858054523081647
440.63275779476214,0.07897914550490949,5.142642175001463,274.7865304950079,0.06634543043336463,2.571451072263285
1.089432868674146,0.07590079611275032,29.46661159599119,303.590725581832,0.0705977163359319,3.0153184190184072
0.13220736610742645,0.07584687908748776,29.85290494720254,290.160894978598,0.06464406238527237,2.5305834362908683
2.2316844280904267,0.07788842070021994,28.149976196113688,283.5635274048951,0.06744163142339626,2.5034106586780904
464.0842404275689,0.07826892536401345,3.4162720276394474,374.70066388904365,0.06802129466198806,2.591386110288588
4.420298034740066,0.07672088199532137,29.86226881363178,625.2362967452709,0.0667232097007818,2.5592976076032636
0.07585735874323948,0.07792859881485378,29.961533469224428,547.3153085566262,0.06860290961007659,2.9531987500742343
0.015484799442685925,0.07614384780492392,29.770361602986267,329.1231165761167,0.06647626932907813,2.7070538169132714
12.14254584327671,0.07314970403714499,27.389953409680338,139.62931571847338,0.06440449023282205,3.0075330721972855
18.96226271732587,0.0760771530227742,29.864483666997174,99.6076953826684,0.06547817602758768,3.374634331367304
2.1399467054394474,0.07553448990597371,29.45786868300247,355.81850570576364,0.06271300113427639,2.612606631766063
0.025542399203281364,0.07531633185174494,29.837655136190502,314.8263736638846,0.06456234137834668,2.5956754981584282
0.29119362844549435,0.07894277554586175,29.82708956907817,326.504303677429,0.06727593366790455,2.314830269506566
1.736733143550338,0.07767803192999302,29.74825747774334,356.3790990265328,0.06464406238527237,2.5305834362908683
449.92083982674,0.07921960654396296,3.8889099566990826,187.1978983345653,0.06923395289041931,2.4178631618937487
1.2033355012785507,0.0767877884745219,29.935803568016755,527.2865654686781,0.06640929367120371,2.622439741184324
17.445413475593156,0.07630466263154079,24.809459507379945,318.6957647664308,0.06618633634828269,2.6227222654396143
0.027921369475343932,0.0760817972328606,29.759844688931583,304.02292325810765,0.06543375578388252,2.5520334862345795
0.3801916871899316,0.07356747413078894,29.62803613630069,384.8818487883591,0.06362082051907839,2.6805281260632916
1.7788858005921953,0.07744393377134687,29.692950133204043,213.4746664623566,0.06540057130103127,2.396456741670899
0.1748769638503993,0.0758721731576211,29.61639172253771,268.72577507095247,0.06659676194090289,2.536491668775345
0.45659899164027107,0.0767717408063765,29.98265420740524,171.8389228677758,0.0656213609596874,2.3179156188461563
0.015575980475141051,0.07521755260966938,29.74274259899857,347.83018230494406,0.06446843762845897,2.5992436070654725
12.278793597749559,0.07802341377170985,28.975539271996915,242.28828928604588,0.06527456057781628,2.7504005468012775
0.4028675320840678,0.07565701003724017,29.87047666733671,364.7040061682954,0.06521338006444116,2.5484810272227545
40.83301050800837,0.07841711968528851,22.61389078975297,297.89620546000185,0.06839600161549492,2.66008362483399
31.4732899589675,0.0764277723935104,22.649399112813384,301.2617738158058,0.06596054059486459,2.466574108401671
546.8063061403458,0.07766633893596536,1.0176715011869657,288.50173664779606,0.06738608759005887,2.550070219602589
0.22115228479862398,0.07838652478224173,29.58578665646619,457.2961844256595,0.07218145794234965,3.2487805611584006
93.01720251505608,0.07507272885516086,17.06092663765527,273.8911310304881,0.0669526753075762,2.548809208449478
4.737303106561227,0.07845121797244894,29.69632512241123,386.20774672899825,0.06530538205060168,2.7181450640299873
59.87320814456236,0.07892397383925966,21.73508779416293,427.7176774401834,0.06726773000922509,2.78465926456456
0.7992041311144833,0.07679041545269123,29.905257775933322,225.86416768204464,0.06806483396767246,2.4367851597705923
285.5935373745068,0.07698501525744121,9.705941856984804,466.6873745137321,0.06682619088293348,2.848686905123598
0.015622450572054192,0.07622333245062747,29.763678104101274,573.7556184566754,0.0666313644526095,2.9857752414491445
40.54949652998841,0.074970836627719,29.990140631396834,283.5635274048951,0.06744163142339626,2.027919910003467
3.9961015718003017,0.07459701535864503,29.53547993970506,142.0831979817616,0.06914476231165081,2.356527745541253
481.5711813058739,0.07727581989776844,3.3215680134485766,144.0734464303124,0.06558579611955939,2.237693342448021
246.69091822006132,0.07843287162668676,8.57893225138548,511.9699794420652,0.07096542904138076,2.5534756572105355
1.9950087034423518,0.07575596441816522,29.281927390015923,484.1994288867299,0.06785063612377054,2.7597919545569916
0.02281933446684503,0.07684628271325293,29.95541709582701,291.08159877529135,0.06633072958468891,2.5513609833933946
0.05697093718857422,0.0772667834330529,29.78918525546677,264.79590605793,0.06699419936841677,2.5153010943239065
0.06653008703461792,0.07568594234773687,29.63170598884198,468.10429836058455,0.06636787093794566,2.868416384185365
7.062535237796336,0.07712913216325179,29.84281757835238,490.8171759217146,0.06905434421276815,2.5862734283978295
178.7496431296506,0.07828449207483254,14.791652863054717,272.1592875695298,0.06668795721343312,2.6250386278327067
0.024484861203356155,0.07617938224645845,29.967456777320436,310.32076221478206,0.06550629228176857,2.545833624360336
0.026784869098985597,0.0780394472283371,29.44792614259439,376.4279934975191,0.07377520567984325,3.706845777399553
3.665600065451674,0.07644927468243302,29.904676693042113,98.31599635189224,0.06617649839571982,2.3467986857089116
0.015301397749008988,0.07796749750986798,29.916206840509368,284.2299090364454,0.06779280582364897,2.534796401573802
13.649245171828502,0.07765890611785371,29.260085274059747,403.3292657920051,0.07424258332693559,2.817052699817946
2.1713729316023533,0.0764464860493602,29.069441678841248,520.0842523319417,0.06634543043336463,3.1001723896822053
1.491338573671002,0.07590079611275032,29.90921516974062,303.590725581832,0.06685631241947818,2.517787886420684
0.013890475981777325,0.07730163959159314,29.90921516974062,290.1077381452877,0.06685631241947818,2.517787886420684
11.696519056024613,0.07826420010138616,29.995535506064503,291.35507821147746,0.06767907615053503,3.585957160736797
0.09413517052412126,0.07707104064386475,29.396360716568985,311.7526421454612,0.06706522155927089,2.5894111450758186
0.26174319318620815,0.0783335094611349,29.750190451044148,267.99777204749523,0.06734538386638678,2.461157124671201
0.014533912313493285,0.07569001566107514,29.390964066851797,284.9937184507953,0.06407023041764626,2.3444107666615084
111.08364105861264,0.07548658835322165,17.113402764519396,329.1231165761167,0.06609722463213047,2.734087465899762
6.121855383908969,0.07314970403714499,23.40972615110916,207.15348977761164,0.06737855932481648,2.398195683701169
7.8627672579921395,0.07725524877580722,23.651533371154358,758.7995556645271,0.0652235930711102,2.320282464819192
141.4141570320225,0.07646310053188225,16.562283152632755,296.1399009732547,0.06580739755672563,2.7942111802353944
141.65155760968554,0.07531633185174494,12.928246233662145,474.1022406320759,0.07000069823605959,2.7555513940397063
0.014218706272381643,0.07524044630018593,29.63593094720696,326.504303677429,0.06471678118276322,2.582233544566198
0.030145805552893007,0.0787310475301107,28.60844916716667,538.3531316648224,0.06775480446701376,2.5514716622672733
203.8821031318131,0.07837575926250989,12.534458046718912,266.3528773581339,0.06734422080811378,2.413494690385302
72.19490041930968,0.07627149330487644,19.876354661059697,284.33492697188865,0.06532935179709343,2.523515697651907
0.014072175547173296,0.07756443551810678,29.886878286424242,298.18710983954594,0.06762656797759775,2.584211509891974
9.374104076397138,0.07336670538455796,22.609306970179965,385.92308834517416,0.0678635712006419,2.6947173123845207
0.3670310241534733,0.07787352380831254,29.4358366058961,411.1096887037404,0.06726008659183247,2.4795643804250895
0.0350126090356883,0.0757175933252231,29.814980045802145,326.9999302479183,0.06497255127366239,2.542820491664825
0.40628462138211546,0.07556952423614076,29.82742005008177,405.76518774947834,0.06467262015570743,2.536491668775345
2.5472126941274533,0.07471055662895924,29.60633846899576,163.0539049355503,0.066667815411461,2.236743080645887
0.859715531320367,0.07756760192319186,29.867077011386314,230.33948070004004,0.07188717593771668,3.404233912173195
0.9692656072119263,0.07471185064782603,28.975539271996915,237.10889676455815,0.0626456305100822,2.3555732176272492
0.17135752134580834,0.07594561125390589,29.87047666733671,293.4603129350506,0.0635369568748845,2.4022894806037076
0.670809827981719,0.0763159222016299,29.894100913498455,297.89620546000185,0.06707909305879267,2.547505671234922
1.7181038348318172,0.07627679284476348,29.720537898413063,323.5826075168737,0.06566902596655577,2.868150396070596
422.0233970773447,0.07843582437938965,4.682459533321319,330.2439601255227,0.0674054782752942,2.4700813693235513
16.486723223534817,0.07714490271597357,29.819734218878036,44.04085687541908,0.06637809930912356,2.1805108890226252
461.45018296407625,0.07910929963331906,4.130989003571097,367.29436918634707,0.06434407885090138,2.333060066408219
7.222092982727256,0.0754323837969267,26.060619121182164,386.20774672899825,0.06530538205060168,2.6356708274168215
0.536499901677808,0.0778077989049345,29.979598691300296,231.1727506047452,0.06743560428819564,2.551773736707432
446.24084521310704,0.0789891711964715,4.913790299948586,357.260670795932,0.06632581371209872,2.645573227233199
0.7019178681933959,0.07599231937760194,28.62392680822032,425.37191066622404,0.06594778678900995,2.75044857380625
0.03838841240150492,0.07659531494532436,29.763678104101274,299.3419413321666,0.06588315790690663,2.528831853904764
397.11432438823084,0.07788842070021994,5.7157860814184716,252.99531601372527,0.06744163142339626,2.5034106586780904
3.686156481926743,0.07802290877481718,27.940988984038718,251.38620602622046,0.0669356814465148,2.415425634651217
1.5509014176016374,0.07603373618330259,29.977228668280524,270.39789031230276,0.06766436530893688,2.5428740957404705
122.59504248942059,0.07671711765752565,19.436839921262628,53.238673621624514,0.06473407387208752,2.1179988920596196
386.37564739839286,0.07590791405845862,5.881032994034715,258.32869946508873,0.06785063612377054,2.7110495672258974
0.07919383910680984,0.07901045346271232,29.83918009977309,363.92947378517505,0.06998482582145449,2.728175820544561
5.817106074799957,0.07860910436345869,28.041626359391955,320.59250611090266,0.06699419936841677,2.5803273108796305
550.0010357275074,0.07746923311912907,1.1959669083340998,309.4539942857515,0.06647470726500854,2.559836182361684
2.711168263181336,0.07817813640150707,29.5791059908238,269.9907511191645,0.06555935447530234,2.474403133001511
0.8675097605353288,0.0773862788677784,29.675249384098947,336.5409521500426,0.06891353895032884,2.6250386278327067
0.013934044613821368,0.07596887111617244,29.960366699603437,300.3612203167795,0.06507318377581342,2.52701349559214
1.140084654094831,0.07718719670347823,29.17417591475877,475.7173169593594,0.06742672344613848,2.5361796361062923
0.02202311849434744,0.07707771740115563,29.80865724218502,479.0956623976168,0.06728709856450255,2.835818836720187
560.1965004265307,0.07770206850954879,0.582209293383606,277.20671454324156,0.06745736280863251,2.546776625634176
521.8620181163532,0.07765890611785371,1.6644874254350377,287.8100650882358,0.06764427783999036,2.5271222166803304
0.4777688822768926,0.07569299994731227,29.493719302552424,337.4793033153227,0.06634543043336463,2.8946090368732884
0.3539832658329264,0.07679173190646496,29.92217844530704,333.6637781804237,0.06483079284274013,2.534953757992441
0.03814589206436413,0.0768872611824503,29.90921516974062,277.1476159833609,0.06685631241947818,2.5266319563995845
17.590984124608166,0.0758098407256426,28.149976196113688,313.88538179879293,0.065085044619002,3.585957160736797
13.668927838979567,0.07740534415034789,29.396360716568985,189.71806197053075,0.06151395856634348,2.365910711851914
519.760072684891,0.0778826681517583,0.1921272381582888,625.2362967452709,0.06766614503525248,2.4913075436464314
0.7084253458119374,0.07567853577894572,29.868789175601897,304.32934934320247,0.06628019900180873,2.548220409068643
0.026528534038864748,0.07506977189195999,29.599205415076103,329.1231165761167,0.06441056133069312,2.5969412006078176
8.009409000668878,0.07746786785059759,28.570742572712426,227.38813274858018,0.06440449023282205,2.4399623862626836
0.015051752812527415,0.07646072886527136,29.849477357953717,345.22564363290724,0.06602424451939842,2.6148349113619336
0.019921977473019964,0.07563138166856788,29.8685760998536,398.8203406837578,0.06491817081356499,2.6701519839268775
1.4054834535504088,0.07780544633553059,29.97108487115691,273.91687027706337,0.06741270413437758,2.7555513940397063
370.480744595784,0.07524044630018593,5.297356073553592,205.13507333077968,0.0684606484903959,2.428338420054721
0.3873830061350789,0.07767803192999302,29.45922829144234,353.8174208315901,0.06939327646335261,2.697171492087641
0.01385541342672976,0.07634080153015624,29.87162710031955,307.99900925370616,0.06573616953244521,2.5494201060546784
0.017060155391211543,0.0776321519198227,29.883167499464957,301.3483934994546,0.06708124364822263,2.5034824777747002
0.021695683705828316,0.07677028832691773,29.80998557645953,312.9968604477249,0.06640543430369678,2.584211509891974
357.5680070213509,0.07818569761736062,7.019349186062342,251.95992622435315,0.0679567443507631,2.537154482895507
138.9147637138268,0.07428122086035513,14.274302708909746,180.6899748355026,0.06629093013533671,2.3249803083041223
68.76141069147269,0.07620008372117713,19.74036710868766,212.4862457976904,0.06539337180587781,2.3342102331022603
0.1770385466669629,0.07756924821275833,29.61639172253771,273.6218253089181,0.06705479087845176,2.506291675826751
1.5735111210012147,0.07471055662895924,29.879490624516674,328.0308001315428,0.06571670846030064,2.588520628963832
0.16358390073683893,0.07505763547354874,29.830944587592874,414.42904333251295,0.06509798120678789,2.7386389134426725
21.516520498003043,0.07881991979103463,26.805035401437742,274.46197023027116,0.06527456057781628,2.5394216080933205
0.014521411367387677,0.07651841457863799,29.917427620619183,329.38046883665055,0.06592166474440112,2.58231210426732
74.18481569068092,0.07743703922026143,19.1443289227987,284.2893925589256,0.06707909305879267,2.4570991497176817
13.590418841340036,0.07851562584911165,29.39510881212112,171.53163075218617,0.06708404475358798,2.868150396070596
2.3478175432378308,0.0756469872901471,29.823680383192894,203.72687510312159,0.06445481643859532,2.628923956304762
2.7681848453966404,0.0772139245829207,29.909295003293504,301.67534130879073,0.0641051905905291,2.558418596240791
0.2332271570799863,0.07652479717209111,29.80374740393387,367.29436918634707,0.06663639814680591,2.6183399884533767
0.04160691320846593,0.07874080525030593,29.791045837571016,386.20774672899825,0.07245917908921207,3.2445652290071156
0.015039490782329551,0.07660806502017532,29.96290834992942,295.377371102137,0.06618099784166115,2.551773736707432
0.29581390153741005,0.07679041545269123,29.599699570943432,449.88053293125495,0.06640444991217687,2.8274806464000917
1.9169923906921604,0.07207304243401108,29.62978807790882,180.55769909255002,0.06682619088293348,2.848686905123598
0.029653398909333075,0.07543382174274067,29.66953238670183,323.28508453579366,0.06491752542140969,2.5545735003953647
0.034895679871494556,0.07788842070021994,29.88590980279001,306.0413783276715,0.06744163142339626,2.5581367904156807
2.3527305290814065,0.07715078235125224,29.53547993970506,208.9691946712373,0.06387161265879679,2.275078702053429
599.3728794293488,0.07834621306584788,0.2832396205028722,262.99531771367526,0.06543882827270467,2.4815910932897074
7.518564443976108,0.07831079564547735,29.815057894028065,458.8060708220663,0.06346636068078892,2.7298333992449457
2.9825865401747933,0.07612809191174323,29.281927390015923,324.07891590645977,0.06555791319962476,2.9023802044197993
0.14041185174396587,0.07686669556316324,29.476568366925846,307.51795213995536,0.06652080005328123,2.5730233090505985
0.14176058894147903,0.0772667834330529,29.95418851177704,309.567714421608,0.06699419936841677,2.512872769725785
1.2057650776733908,0.07726845645784364,29.44424317887453,393.8185567845333,0.06811749828113223,2.5549267874804107
174.97562513601275,0.07859304112254525,14.096815488726056,210.45467530198107,0.0681772500205215,2.4338464296544506
600.8707268856405,0.07452734076491657,0.30986929906907434,336.5409521500426,0.05968609732170768,2.3745980236626014
1.8477338663595275,0.078080281030125,29.941291558827654,467.3270419544795,0.0663386804706482,2.8766677528852136
0.4574647019037873,0.07831287604129802,29.17417591475877,273.98043355110235,0.06819995348493055,2.519664392731175
8.498490758603694,0.07632601838946731,29.80865724218502,236.7340584418605,0.06034171158184928,2.400813503726203
409.4578319881156,0.07679824092102293,5.139251130017389,321.9942439341794,0.06780229768505369,2.67747302111088
8.424014235304856,0.07568918696950873,29.860372592397898,403.3292657920051,0.06499567898019148,3.8858054523081647
1.2982448159840165,0.07773757775345015,29.517738579882472,223.94190705384744,0.06634543043336463,2.421232751402586
0.033929827923061276,0.07590079611275032,29.92638222742508,293.49685712550666,0.06483079284274013,2.521127272408415
9.799382362401559,0.07703173893176195,29.72573778545994,493.4071299492693,0.06909431016559572,2.517787886420684
17.402187435823322,0.07826420010138616,29.924644097991376,268.1189720299034,0.07393063733010222,2.4913437041687505
283.68396702884417,0.07292098541255104,7.823284945319821,268.41168900946633,0.06745082615981085,2.591386110288588
5.665571483037613,0.07909922939059562,29.918186877251813,410.7732122978133,0.06734538386638678,3.054767212650713
0.04402867324535241,0.07567853577894572,29.72219868377945,547.3153085566262,0.06336380875681621,2.6248808419508682
0.02701403965428545,0.07711931230275247,28.323839980597104,573.5350089665353,0.0720052458366934,3.4960844026027265
578.1776619809782,0.07907740668971767,1.2774441412706938,116.48904038981527,0.06440449023282205,2.231399950407535
0.017160576069344458,0.07629601558707416,29.849477357953717,318.74505974169205,0.06593936592763056,2.5850355476181686
0.8016696533220812,0.07647342813511154,29.45786868300247,429.6726876319549,0.06835963896374453,2.7942111802353944
4.569282272757169,0.07231400817768079,29.352718827870486,474.1022406320759,0.05798815666173368,2.042337886437325
0.05181462844975099,0.07734277257196975,29.63593094720696,307.5654136460268,0.06757688296825479,2.629497662220171
332.02534822412093,0.0757736612701888,5.469258547710691,229.86982529087044,0.06775480446701376,2.159649217554893
507.10515851364755,0.07483822607095222,3.131185965069072,307.99900925370616,0.05889344982618108,2.24301076212879
0.9702526370013016,0.07576140519298416,28.829831326728385,300.1903765617258,0.06612144103192563,2.7125120783965344
3.1443599958486264,0.07756443551810678,29.549052088606352,371.736545331578,0.06462913286700686,2.6310927069496186
426.09460193686544,0.07746594603155464,10.27059070345678,6.978465184179129,0.06625784801484039,2.546297653390599
0.013845762814325412,0.07702042474051014,29.8857076607856,307.772563046791,0.06699997154518236,2.606733860754547
3.4928284063910935,0.07726901701471746,27.786035606361224,313.7361200680382,0.06695259992277941,2.601031240320859
5.328178634448369,0.07649721886617321,27.608980691020818,178.4412581322107,0.06522716481294144,2.284097160756793
0.018329926079915723,0.07264290502774202,28.692111193562802,555.8913913950007,0.06366758878632839,2.9898249851631866
59.08514086391234,0.07973973023066568,19.76485199733114,304.17946865444253,0.06738454052182005,2.206298065917629
0.015686533440039153,0.0764167789915545,28.975539271996915,415.1104109713185,0.06595116201303922,2.553416967140986
0.4485293497753854,0.07722781913003551,29.94914602319225,186.22700373554324,0.06782939470393631,2.5484810272227545
0.05815340362274305,0.07738879303872627,29.894100913498455,331.51409816832324,0.06707909305879267,2.558826423620244
0.01976350519657974,0.07368012749998647,29.39510881212112,481.84549836091605,0.06708404475358798,3.579136611443732
0.7328745641833514,0.07292646954866264,28.753324250174565,330.2439601255227,0.0635057250706769,2.919104915451973
0.015264718550249013,0.07287309309528922,28.97376734932044,501.47260811220787,0.06291470878458313,2.844730252343099
0.19281710461217044,0.07707936582175487,29.911086675884153,367.29436918634707,0.06673270368705081,2.5735954324353183
230.4840602013868,0.0784735220925766,12.58317913267075,118.79548181003116,0.06627293930450773,2.2096522395892784
0.014110646186465792,0.07594929254368027,29.468520344772614,461.7008063881599,0.06633014762932674,2.830822289805318
0.09691945840378534,0.07374156544148942,29.905257775933322,354.62557916577646,0.062478986560007665,2.5825840789768852
0.4030714047660766,0.07610667192463898,29.784241004344317,333.34365310112116,0.06682619088293348,2.624880989891932
0.01887231300235146,0.07593189766377287,29.830258362856945,419.0353394562561,0.06448669355300474,2.581840247419139
0.021135703170010713,0.07704043870760814,29.767433839370348,283.5635274048951,0.06655496656949011,2.5034106586780904
11.04086382438899,0.07984727712347511,29.53547993970506,88.44509580566853,0.06782123130989579,2.1860437084318547
158.22679670563565,0.0783091509007993,12.95697793938553,322.143333132115,0.06693111940679677,2.171772672596756
0.014277632517196173,0.07587946775882098,29.67883794890765,313.9688116768703,0.06488450798956216,2.4896395859163927
0.08004337149828737,0.07694385762436048,29.281927390015923,484.1994288867299,0.07276525855864013,3.780225162535228
435.22993645021535,0.060148200046402825,29.476568366925846,329.7067329778462,0.06633072958468891,2.319714285107855
1.0785209889451253,0.0748714068640941,29.046906961055875,406.32805120163044,0.06699419936841677,2.734909587945302
0.014913502714168109,0.07591390511690788,29.63170598884198,312.274414466408,0.06617096206540876,2.634083501605835
0.022521378180428122,0.07780939861892469,29.939787708696763,257.273450874487,0.06780513851871431,2.520324636940834
0.7860071538949115,0.0749356751339827,29.648617190554805,328.77247349493973,0.06600528727554436,2.6250386278327067
136.1452820859471,0.078080281030125,17.04807686257829,233.10814427316717,0.06468049199267736,2.3661218896602896
0.6669073114729733,0.0772966307511865,29.17417591475877,361.87946682402037,0.0683565081274092,2.898052607778193
0.4910154688971943,0.0780427808785727,29.80865724218502,250.74766795221498,0.06812331902659921,2.6137355967724734
5.079658398312517,0.07526759003574485,29.950323346516182,377.25715007339096,0.06780229768505369,2.6566252523145275
0.2985349012212235,0.07695257514367837,29.238044358977817,300.96975427320274,0.06683126298592909,2.5841565434542857
1.7699600019297956,0.07638595489878101,29.403090587468363,520.0842523319417,0.06482307658296912,2.8946090368732884
0.11404777227564639,0.07779407753353539,29.80459104722207,242.4302452420709,0.06771636840294709,2.5016797262566666
247.77967778204317,0.0673427612221588,29.22094002107529,290.1077381452877,0.06953218739823741,2.095130726208742
262.85053668491094,0.07641073549475655,6.512354976413663,303.42514896721786,0.07393063733010222,2.5467896125501133
9.681324454933648,0.07292098541255104,24.765804102973235,374.70066388904365,0.06370092363841467,2.6655044794417693
0.3969461147519374,0.07432979628176248,29.688221809144714,625.2362967452709,0.06368726229872759,2.7773086224476704
20.652547552228643,0.07633105914718402,29.9390627659553,547.3153085566262,0.06478885143008004,2.089369571888917
0.1313539614779369,0.0751579205945109,28.740334610038957,329.1231165761167,0.06616537292016039,2.7070538169132714
416.7735485978658,0.07314970403714499,3.446673549643277,422.8637294763492,0.07060260230573862,3.0075330721972855
0.48107522633017297,0.0748714068640941,29.849477357953717,406.32805120163044,0.0653552575914737,2.734909587945302
0.6560636844210078,0.07563011612384772,29.45786868300247,492.91652689431606,0.06271300113427639,2.5908279104452676
143.0377804995245,0.07680389891725094,15.53345367638944,474.1022406320759,0.0675181296168838,2.9336049107797173
0.1385407408633902,0.0742580255221976,29.63593094720696,312.53818804288244,0.06305842713633658,2.599565980847638
0.015262200794027543,0.07767803192999302,29.56754053437959,120.91971642620291,0.07086220196947193,2.354717772169061
0.02958285913099193,0.07795071478153473,29.887218434620962,307.99900925370616,0.0674884412561238,2.506366697308463
8.043224309381156,0.07647294673805341,29.826930178884922,298.5556670207326,0.06318175270196566,2.8840408669976254
0.09029654705602486,0.07525819654002344,29.886878286424242,353.9719718556358,0.06452819211261557,2.584211509891974
43.13304262338963,0.0778689051181568,28.53336890196597,548.852699006651,0.07483238951837418,2.546297653390599
129.55425143402178,0.07900779628866392,21.39347754553169,51.56932932269632,0.06699997154518236,2.606733860754547
263.4859372602682,0.07768289523717797,10.718209162401408,326.9999302479183,0.06731358809041874,2.735828172465592
519.7398601208997,0.07568694011961204,0.08076037151790061,150.51579679770282,0.07065808370643883,2.3959979711229216
0.3674370877266284,0.07405192621122463,29.3587001202309,514.6501000496611,0.06403596000436498,2.7322558730238384
148.33193324817674,0.07732354668150054,29.830944587592874,1.0782512854972879,0.06538450850084121,2.0838521242638532
203.48888675561318,0.06655900223263903,7.143494838220532,88.91944053308043,0.06992398375708908,2.2362244138168874
397.61411007470616,0.07878055041421715,5.562801544058104,280.2292962185548,0.06901962603503545,2.5902877610988067
291.88967602806883,0.07852251552814056,9.73101980448914,174.7315290049205,0.06686063344858434,2.3457039491680485
0.013857180633584442,0.07531060248908635,29.378969253081067,347.3044172136176,0.06453363748657451,2.5362868260364655
2.785274633413136,0.0754241969061113,29.419368573407798,330.2439601255227,0.0674054782752942,2.5372318113744585
6.883904011757606,0.07656296791496783,26.86261299550648,297.3509046707959,0.066331142801075,2.601425118932074
10.303282294333659,0.07751779414444529,26.18493848782174,262.8649736872958,0.06698949436733359,2.4852715227567512
1.9446035815626317,0.0756728721785047,29.69632512241123,288.8051401824881,0.06712312113886612,2.4928003420875626
0.027018008336846873,0.07779930638079732,29.522670326314042,391.1707579802391,0.06867568724750175,2.750744066935862
90.34000399712421,0.07764730809828155,18.05877172484297,300.7011804950367,0.06742907287088085,2.4937788263399567
1.3934702246464736,0.07439039202808116,29.453446482130182,350.1966178214763,0.06329623513556318,2.848686905123598
22.271835916585953,0.07622333245062747,29.763678104101274,316.2927141453385,0.06983565780710563,2.2936867295143086
429.66673348329743,0.07516010095485672,4.9626458846935115,335.25308765615955,0.0644996129014215,2.6409798749141413
8.650462003546066,0.07459701535864503,24.15420604202407,278.17524752586775,0.06733974708550236,2.5570579737752612
385.8453826859483,0.07952956462663478,5.849236861275621,235.33436750911443,0.06937476707940221,2.4716370618965184
0.02287830913799077,0.07746321463547855,29.575679748869522,449.6689725729313,0.06854283423709914,2.879068249749632
0.1369667894688762,0.07775587947743351,29.96044915244162,572.8990663539926,0.06785063612377054,2.8656693336462506
0.7391755560060046,0.07684628271325293,29.64250295878731,437.94051385839896,0.06633072958468891,2.519773835971441
0.2597056903832681,0.07821520284721899,29.744222764629775,276.98202157481165,0.06780489428701006,2.549513670212327
2.4248662878648313,0.07591390511690788,28.51179947774503,301.1950190122551,0.0653081131643399,2.6489320204166984
5.1141461844130545,0.07346651018781422,29.84281757835238,384.2876370268281,0.06555935447530234,2.645257602093539
11.572398573993185,0.07917455299084722,28.510734794605725,545.3698936706857,0.07352656841754807,2.6250386278327067
496.8852267162719,0.07780300522971999,2.484840837328427,266.7885505698775,0.06787745827207711,2.522219144591268
0.8603998910749455,0.07566393122998852,29.946604217476924,357.24884177042816,0.06643881124838028,2.648549598753705
33.37269698496927,0.07621946418577781,28.503171800260883,538.5511524052056,0.07361108054253995,2.663307599515159
214.41475745949745,0.07803507274805326,12.243394678066807,280.75368146787423,0.06780229768505369,2.559725239079653
132.3410588893558,0.0768543331076964,29.238044358977817,2.3768287054897996,0.06538858815421048,3.8858054523081647
1.186451546431812,0.07426066612339031,29.517738579882472,454.8122510443625,0.06634543043336463,2.8946090368732884
1.9120907358951926,0.07590079611275032,29.64609130695404,266.89655461338293,0.06791660666101099,2.5076641448241075
137.03939502858526,0.07730163959159314,16.53578531929227,334.5058063766905,0.06473502076318646,2.517787886420684
24.560105734919002,0.07915477203552333,25.40169618624794,125.55114196889912,0.06897256068428526,2.316820470893111
313.1569928862093,0.07776200261276381,7.349367264947314,542.7882510203372,0.06843304399820457,2.591386110288588
1.933478927157766,0.07573844455599812,29.727062393829822,419.1691839112676,0.06498197976287184,3.0519837813081887
28.477654485519963,0.07971043290024477,27.57573190944894,179.77855362087962,0.06831786317891572,2.9531987500742343
0.023030304943964932,0.07371325941788565,28.944059467333666,533.0183280164283,0.06488115596731672,2.9815955043968296
0.8474386624497059,0.07456911758713787,29.304788306858647,575.1297878224518,0.06436699751937949,2.660262955151209
0.7085730693863083,0.07777116289663534,29.57313412076022,345.22564363290724,0.06741179886518259,2.4096080567391756
1.9099005656305719,0.07353487605235266,29.696518584076724,329.4060803676342,0.06542324493830609,2.696923495354192
68.55579685155399,0.07750693983302052,19.903287001991487,397.36072184576244,0.06724500687422189,2.6932618294420654
0.24995889485391745,0.07524044630018593,29.625939408952263,325.4316104639654,0.06471678118276322,2.6950494774714535
136.84717164645474,0.07767803192999302,17.298716255488735,183.97122323495313,0.06405268019770027,2.3042475820432804
0.02000839170233,0.07634080153015624,29.66684443921577,307.99900925370616,0.06748996336413282,2.7318834621416785
12.868839981923642,0.07291307656602221,25.519462648869272,527.2865654686781,0.06692838020739181,2.2301143159081995
3.8370265285603686,0.07537676485068623,29.6296569356944,328.83575406191255,0.06762656797759775,2.550155654464173
0.6445775767718386,0.07737733049974842,29.30990237365166,294.8874249302402,0.07298348296533566,3.724365916689907
42.18648199337758,0.07702042474051014,26.556483547403257,233.5185387821353,0.06004090083051322,2.5558552135532935
0.1394182198746381,0.07620008372117713,29.96869260986724,217.96827472699698,0.06654540839340506,2.4357265129823356
19.028123548550333,0.074072091915495,29.703187350612495,218.3493478004799,0.07692422036149585,3.552030021408112
0.11462162598738135,0.07440978830562667,28.198443837256434,514.6501000496611,0.06487181052653324,2.762423227949057
0.0164169510793011,0.07728009137537346,29.830944587592874,296.62354853519105,0.06701551797128749,2.5511576834985408
0.7278132360079945,0.07975305590122125,28.975539271996915,265.62340092977144,0.07045440460644442,2.579531908422694
10.558843345009926,0.07842663565759395,26.13766752252245,283.48229076103246,0.06842460441540013,2.57111887574859
0.4970541835196996,0.0779067416145721,29.90255519777184,300.61966221742864,0.06707909305879267,2.6166181630025234
0.423620212716938,0.0768100212427648,29.378969253081067,291.1612704757733,0.06627643681710468,2.5651661267351304
2.9669353550874966,0.07924456229334327,29.62876596228179,200.57058576830048,0.06919620772929275,2.628923956304762
2.2642088154427613,0.07583225331931892,29.596304104935328,229.07340547714102,0.06540573178730746,2.743060749278073
1.1932230208053167,0.07507272885516086,25.372143590196195,367.29436918634707,0.06715565114472519,2.4563795918511158
1.7003584266181915,0.0756728721785047,29.35024123417395,462.8791013255784,0.06710777518958017,2.6834259227096684
539.5204844592424,0.07810682816282173,1.2553365623720065,228.47730794732837,0.06726773000922509,2.433360118922876
18.472770256154487,0.07815330537651524,29.480266702726112,372.0110826066381,0.06632581371209872,3.79984503701589
0.9969490873642151,0.07723262008358066,28.62392680822032,307.6312176149208,0.06623992217574742,2.4719754511735683
225.90638283176514,0.07622333245062747,10.083583037061619,316.2927141453385,0.06700370020499552,2.328680430483932
0.08797937923730631,0.0777871707081182,29.56771318095167,283.5635274048951,0.06742952437210192,2.407339466920193
3.9413624995922865,0.07675785144259245,29.75111530667501,320.5945647097952,0.06387161265879679,2.687380472400016
0.036958922660377425,0.07601192498970513,29.6404621280789,337.58328647091037,0.06546345141667745,2.5428740957404705
0.014198089178345915,0.07359548717449013,29.4612450112393,363.0165200538421,0.062381256242273225,2.587803614695681
22.674892528060802,0.07864210040894075,29.281927390015923,484.1994288867299,0.06875073328895848,2.116520664948138
0.09167969810005841,0.07684628271325293,29.945327397371397,279.9834457186939,0.06633072958468891,2.5677122538252486
5.223022401653571,0.0772667834330529,29.595533155322613,346.511578094818,0.06337298342425776,2.610136227026861
2.9477082936710133,0.07591390511690788,29.63170598884198,330.3326405954251,0.06793236868799271,2.5549267874804107
432.95927754548774,0.07651080906141319,4.940491213419273,278.83137013510117,0.06563434323275574,2.5862734283978295
170.8447595831941,0.07614392332091734,14.694704460231293,64.3511691798052,0.06729213346123022,2.1144944011039963
0.7547593675802685,0.07712137969893676,29.81146257557408,165.2559146485284,0.06775976271479689,2.5032889377960625
85.52816601260392,0.07985387955513172,18.597936942601486,256.137257301502,0.07011600273634028,2.506647619945481
0.029284280043027817,0.07826123014498385,29.967599113442454,250.78395117509277,0.06798694172124886,2.473822143612912
0.6736071583931926,0.07768824000194667,29.916206840509368,273.6991616356702,0.06635460835824092,2.534796401573802
26.980584790154936,0.07629574354147597,29.881034593938388,302.68474563613586,0.07424258332693559,2.698608361303575
108.36787236305844,0.0790356321567603,16.141998365894253,520.0842523319417,0.06761561458180829,2.428557326144997
4.175258596732338,0.07804332729558656,29.92638222742508,283.7862046012438,0.06483079284274013,2.5762863115293055
15.672411527851459,0.07897894153397603,29.90921516974062,234.58225161903061,0.07536948087951151,2.517787886420684
0.9751785362978436,0.07704128839074256,29.738415122641527,595.2884121577183,0.06729746829074129,2.745892971280294
5.860746445198727,0.07292098541255104,29.396360716568985,315.1995642658728,0.0660394831702599,2.591386110288588
8.664985334911067,0.07672088199532137,29.49925223322694,366.58488684628537,0.06120044444944264,2.591892894127271
67.17422779843163,0.07698696901238515,18.801857003532913,547.3153085566262,0.06603323499481831,2.5036968021641206
6.300940492507744,0.07567059234372031,26.729311271094375,181.72799921799998,0.06609722463213047,2.402120350755051
2.4153278803668936,0.07314970403714499,28.570742572712426,129.61959674289477,0.06690078275097583,3.0075330721972855
0.11371209796888004,0.07624222119528223,29.86078630003503,345.22564363290724,0.06577898541108004,2.5620290820477676
0.02560006969681665,0.074908307614669,28.858632721252498,445.7755179901448,0.0661688535005584,2.8280968428661915
0.39576456678393546,0.07455794010625616,29.92150557306218,326.29584412893576,0.06350470952358175,2.7555513940397063
0.05306586290589204,0.07687867364559121,29.299091306343577,398.929165781795,0.07250675847687577,3.7645981502243666
0.017678783144852498,0.07701581451525394,29.943393552157506,270.26083916685604,0.0665319895649425,2.50331219006507
3.688988686697737,0.07523326127203388,29.270110064131188,307.99900925370616,0.06573616953244521,3.20435543199745
1.236486053813194,0.07291307656602221,29.556099454568148,422.35949628232146,0.06353738844611723,2.7070374451257617
0.016191861016748355,0.07762173436745129,29.945327397371397,298.18710983954594,0.06767169549531049,2.584211509891974
0.014553475507043438,0.07442202142837862,29.548777502453273,331.5945482960898,0.0633567078986797,2.546297653390599
0.013877095963478372,0.07726802138286636,29.90895493067735,290.8043651801808,0.06682142671100541,2.5198139203028425
88.13980986444206,0.0767647250754559,18.91090140564987,326.9999302479183,0.06535671064857076,2.546483629623899
61.02091239512518,0.07933572396465496,20.722980872714846,248.8418781897067,0.06937952611674833,2.536491668775345
450.3377358009171,0.07987559944316042,3.6794871693892244,246.134150020138,0.07021848455524565,2.514205499084564
92.82079128703842,0.07784282183195018,18.692348518741362,243.54599136129184,0.06751491531917031,2.5450429862911585
1.2259844857864568,0.07887275254232408,28.975539271996915,228.59035882172208,0.06867284226383055,2.4528515065614194
0.20663785564637055,0.07594132069558282,29.87047666733671,293.4603129350506,0.06513940516944303,2.429929443632309
0.5001319031971727,0.0764532819420389,29.957447207809075,360.5527045501915,0.06620114294210583,2.545695692759843
234.31076859294106,0.0781584978996818,12.529158574727555,347.3044172136176,0.06453363748657451,2.5362868260364655
0.25287602714666774,0.07452410290685513,29.023696290248495,330.2439601255227,0.0654582659559412,2.8262676087876
5.954090431056095,0.07803970929539658,29.621168007614735,301.12339666715883,0.0641051905905291,2.550513949314085
19.35893674107392,0.07728611791820787,29.540230108839307,367.29436918634707,0.06434407885090138,3.722826003851829
225.7465876514217,0.07892023156249818,10.397656363062183,386.20774672899825,0.06903023325197041,2.421235300703434
0.18417054251700316,0.07701559801350724,29.96290834992942,289.64492197874995,0.06632836522721333,2.428548299266688
0.014628062740491886,0.07539978870351834,29.905257775933322,300.7011804950367,0.06461559986099091,2.548597303876865
0.29775903365632306,0.07525219588708035,28.62392680822032,308.96403425885654,0.06672626583869207,2.527161182327069
26.139753173039107,0.074992835719965,18.864306473477008,316.2927141453385,0.06568063065746821,2.023165030912991
24.02112467145361,0.07788842070021994,25.026877602289765,197.27292031477515,0.06744163142339626,2.5034106586780904
8.557412372736568,0.07810469028464241,28.862490432198644,464.14690872539217,0.06387161265879679,2.687380472400016
0.6254353747554098,0.07603373618330259,29.723741207521776,317.1738376368569,0.06661983655977213,2.5428740957404705
0.20203460111179236,0.07652739374880194,29.776507227687382,286.48279012444,0.06596520523988814,2.587803614695681
7.114016796177934,0.07899021266495382,27.074479023696938,331.56611076048716,0.06813736432437345,2.57597833812675
0.019280138306448105,0.07468070033959964,29.643794537719803,334.7307091384432,0.06348074769562881,2.519773835971441
0.11510644549813671,0.0772667834330529,29.75138638924591,311.21019079411496,0.06699419936841677,2.491534087396815
0.013855220841615393,0.07580308022345765,29.55411664382193,331.79498663150764,0.0651300688659768,2.5403837196203
0.02652662782504242,0.07550725385577686,29.84281757835238,329.94859866919285,0.06491932181353618,2.5862734283978295
0.6091111009718662,0.07573718812372685,29.593113786003443,325.0522667781082,0.06600528727554436,2.5052028854524933
0.3246739317453775,0.0751785580377885,29.205547759627144,277.4693575302674,0.06787745827207711,2.734864983833117
3.938701153731944,0.07678692675159388,28.18303892826275,201.46110634207736,0.06568575357301931,2.38242089919167
0.014472184616608309,0.0753019082344974,29.50287898969161,352.9777637881678,0.06501319729662705,2.6234252369171602
324.48435170898495,0.07917472693546534,7.291314488171397,291.79478994543246,0.06792459501683254,2.3017104227596312
12.039954419295334,0.07623296053576276,29.988361826459673,292.1074020907618,0.06526333096111059,3.8858054523081647
1.433052188214904,0.07595893699425106,29.770550315065602,520.0842523319417,0.06576973385106477,2.6103930369589987
0.013820138842427884,0.07672640649129632,29.86287332782784,305.7838592672016,0.06620961590774654,2.544853311197558
0.11642589752401865,0.07712326079529017,29.688669264615477,332.47189087305105,0.06685631241947818,2.517787886420684
58.89664009452051,0.07745172432236286,29.986285843653896,595.2884121577183,0.07393063733010222,2.560715817410209
0.21649562113376286,0.07613599931381229,29.924766074411608,374.70066388904365,0.06569450258741044,2.591386110288588
0.013832022151516778,0.07631637411151357,29.82651558684949,307.4769500258561,0.06569866323748874,2.5405759275146016
2.0707094406810738,0.07645677301201173,29.643166033557783,330.24556925474155,0.06622825656856901,2.9531987500742343
124.00189551598245,0.07890013056578281,18.08153148250892,266.67165185163014,0.06609722463213047,2.560258078835558
0.019176219028258383,0.07411346278258737,28.570742572712426,339.6926702226972,0.06440449023282205,2.574390159351765
0.018779530391117,0.07552530444926733,29.716526848552498,258.1432820121812,0.06473898609641143,2.454979894981183
135.3447108599608,0.07545456746780962,16.01264455818884,261.35814692726785,0.06387478919629822,2.4161603834339997
0.1301645040397875,0.07531633185174494,29.722562715776323,474.1022406320759,0.06382677107353199,2.576256623279782
0.6768419106689132,0.0790330443321159,29.63593094720696,326.504303677429,0.06750932293036399,2.2658990918072597
1.02226666428471,0.07767803192999302,29.87084692868906,261.23837016014477,0.06640801477595137,2.5514716622672733
0.013848000794323821,0.07607659765281025,29.691757879482605,305.4763814249212,0.06570302232836886,2.553888827970631
17.5375363190675,0.07821326289742586,28.829831326728385,173.26742208019306,0.06653041738784757,2.8840408669976254
2.806804356790515,0.07756443551810678,29.909923607236237,411.09507757721053,0.06429230089219112,2.6774947715265824
101.21344581962722,0.0778689051181568,18.390862194725756,158.35498429627415,0.0668024738857991,2.299711350990419
453.2760233958518,0.07702042474051014,4.132561105848396,307.772563046791,0.06658974034232132,2.606733860754547
0.02717594175679422,0.07701216432321545,29.63014913724495,289.5017457633926,0.06728896219817418,2.546483629623899
0.744934216338867,0.07736811390204341,29.785249701696003,356.1517406835132,0.06770517552109467,2.536491668775345
0.11261342904631069,0.07600846669112309,29.514550232559195,419.2198298948521,0.066667815411461,2.9074551879161366
0.15229334642973502,0.07690457372746828,29.830944587592874,312.28543562594894,0.0670000974986949,2.5484112301165713
0.01806469356103744,0.07477497571373186,29.767052131840877,377.9717750994098,0.06386682136429006,2.6355024079040934
0.014721290037740918,0.07605412030690381,29.835335471249667,319.53588869981024,0.0657326937644431,2.6021472034030313
0.05667133528012327,0.07738879303872627,29.661716561059507,297.89620546000185,0.06707909305879267,2.5484112301165713
0.48354611139908255,0.07745172432236286,29.378969253081067,244.51930785425296,0.06769676051784618,2.560715817410209
0.2576235178416997,0.07551449144202942,29.62876596228179,400.80384758879444,0.06621868959422325,2.7356378417584266
0.02130872016108065,0.07534742146010522,29.371521172232697,344.2963736161935,0.06036291589464937,2.109139686715594
0.04897047948232129,0.07570194758192592,29.877532037161007,386.90156159438015,0.06490892405696097,2.6202731356472118
0.02222118141476318,0.07579279327337587,29.69632512241123,342.4381342473962,0.0651842591621398,2.6092546925815174
0.01433006859533867,0.07717916005037766,29.91288013987365,305.53217381724266,0.06720630641815364,2.605534340006562
466.29042723061707,0.07583661398728296,4.1084060185161455,300.7011804950367,0.06385382499065947,2.548597303876865
0.014521744136533192,0.07526963294293822,29.691852911723398,316.70525272588657,0.06437509571971042,2.5276646613804354
465.6735283063245,0.07528073752811806,5.74758788936726,316.2927141453385,0.0595295749692675,2.8443283252864298
6.295697346172591,0.07788842070021994,29.73142957865541,283.5635274048951,0.06484587783790907,2.6840791274882543
0.19230515607487778,0.07485735163416238,29.577175479542092,347.5133588536785,0.06409299541886274,2.687380472400016
0.048089147918196046,0.07593272747458635,29.873677227640517,322.143333132115,0.065164756125413,2.605314897612562
2.733785304816047,0.07359548717449013,29.938068756612196,339.05706432040324,0.06493146422441318,2.620178726760268
247.4166437177186,0.07815986439708147,12.094992144745516,257.57359957835126,0.06798432995744011,2.9023802044197993
0.02076882600985039,0.07551866086747391,29.56147236452093,329.7067329778462,0.0652043371585398,2.612528983739191
318.8996641849043,0.07406367812729137,13.043828447032498,105.90704983377788,0.058135225481581954,3.797253991003257
8.892183609757453,0.0778736899933836,28.192489124871607,273.33052732205545,0.0651300688659768,2.5271640845157446
20.855456588999814,0.07812508624946839,26.455364383190695,163.98341806390624,0.06555935447530234,2.3289077624464394
5.6542788702581,0.07792279666429082,28.810492606142347,122.40619231703033,0.06688011056589582,2.2537538462677937
0.7886448545161241,0.078080281030125,29.813699171955193,412.0240257334034,0.06507350706421003,2.5163629575222477
0.037444580764731145,0.07566393122998852,29.73696811525662,310.37612088119295,0.06505301241978823,2.5852392035634555
0.22553938344610738,0.07796236024349744,29.50287898969161,277.1938350167427,0.067938457055023,2.5569753659679257
4.158273725698111,0.07946310529807316,27.631071606054846,291.79478994543246,0.06780229768505369,2.3804863492655146
1.9833412580054577,0.0758356059860297,29.238044358977817,403.3292657920051,0.07424258332693559,3.8858054523081647
0.02322362581603235,0.07294552594716261,29.517738579882472,472.5360819488417,0.061977607573175636,2.7702367626605016
2.5157522527472405,0.07462446775490773,29.579248834970286,328.9538353229808,0.06620961590774654,2.549904668340231
0.6630730221636922,0.07730163959159314,29.90921516974062,339.68562946524565,0.06834015221565809,2.6306132112759273
4.468015018909689,0.07607101246029184,29.757987519690126,595.2884121577183,0.06547818935111832,3.585957160736797
7.429004490555085,0.07725210407940715,29.80388480579156,374.70066388904365,0.06151395856634348,2.5525790332721603
0.5627123541303735,0.07631637411151357,29.27725306664332,362.0216926971252,0.06478510566910323,2.5643108937788495
30.905354011358103,0.07222526608877211,29.390964066851797,112.2348587503206,0.05571722011042199,3.5472802391991562
0.6037034284219739,0.07722023313184279,29.990008443625072,291.7225983200232,0.06677776947645847,2.7070538169132714
0.2808991871919088,0.07647004737594736,29.641444090907008,482.3491485086121,0.06687840031488415,3.0075330721972855
13.546473952368878,0.07897128949615168,29.89878619711866,147.58317016772133,0.06602424451939842,2.6148349113619336
0.01383535013175937,0.07653991340693911,29.658455662091196,319.2413546983172,0.06602700352571103,2.538254460550914
0.01993746508629273,0.07644784273944005,29.926472954306554,290.09157437616454,0.06485445682921911,2.3953303406410584
424.29899977358,0.07695205292151562,4.091544043871959,326.504303677429,0.06565420413454634,2.285160742017093
158.77106011554707,0.07767803192999302,14.611452491181764,250.43183078462783,0.06775480446701376,2.5120633693580845
1.6420108581789221,0.0748087085566634,29.691757879482605,341.8793093886817,0.06570302232836886,2.553888827970631
104.30262477596642,0.07829746673482249,17.52454313547532,275.0632172516308,0.06818733815861683,2.5279101649546436
1.550732736565576,0.07756443551810678,29.886878286424242,262.1051204889578,0.06574661351664018,2.541322258100629
0.22415189438562572,0.0778689051181568,29.95982585984549,336.1151652238675,0.07417722269050145,3.7016940434177634
0.016420116106125558,0.07768898153106445,29.851438581405688,321.86216741684757,0.0677803623566528,2.612706007781635
5.07048099414375,0.07620008372117713,28.961586435535658,326.9999302479183,0.06495812066083176,2.875393880672142
0.5249001986325694,0.07558567229361936,29.823703484047808,444.50946752294806,0.0659760755436832,2.7286140681060242
6.2169695371301685,0.07584912832539689,29.81319679628386,514.6501000496611,0.06393557285215226,2.23572193036877
0.014482264247498395,0.07457663939696837,28.44360461110346,492.5462551020098,0.06616476515867856,2.88152224460199
401.1544836224627,0.07862882749121049,5.390405743659407,294.37337157849396,0.06874381908325869,2.5732778741180335
0.1385137611195505,0.07792149186649319,29.9550183888378,289.9031687014649,0.06719826290438019,2.5473798694982843
67.65772217262528,0.07708162584571841,20.03398184830434,304.75605059288137,0.06707358504422889,2.6209249797956393
0.014537796242694119,0.07582404350776425,29.93497414801135,306.88765134839105,0.06504118035779405,2.5486966486205196
0.20899422675061047,0.07450328260014051,29.120454742998206,400.8469517009717,0.06478405265860518,2.628923956304762
0.04799845244118579,0.076430400082778,29.282060537651013,408.2336892195278,0.07176406545522448,3.718625067698329
186.8295119668212,0.0760654886283199,13.328415928073154,367.29436918634707,0.0655879692406722,2.6202731356472118
0.03523049297934768,0.07705093258856366,29.42035298995543,386.20774672899825,0.06788625081906896,2.7942709831403936
0.01499568610502107,0.07636059777353967,29.82050710824157,309.67976267005014,0.06587385794773898,2.551773736707432
0.05574529033105097,0.07767910563046745,29.905257775933322,294.75614218973834,0.06710117765737536,2.5420094526235344
2.3158630188883373,0.07741825689683661,29.691852911723398,128.21641863067492,0.0660432999007392,2.2290280104713887
138.3161277163884,0.07680538179487786,15.778511658689357,292.0169749867197,0.06600223150645501,2.5157076141844303
0.038453914714742465,0.07875076513290802,29.956816948812886,283.5635274048951,0.06657611493131038,2.2740948463315265
0.18113491737596954,0.07832034557360383,29.954237969709652,420.3294623726356,0.07337322138355656,3.5836144365376525
0.06617790035996882,0.07693755158934912,29.913417374439582,322.143333132115,0.06666004580061025,2.558530317198122
44.61885240958656,0.07788267890765826,25.28469048133566,278.50659751752454,0.062381256242273225,2.5577918459889912
203.0346438653105,0.07678374789910174,12.026861450603025,484.1994288867299,0.0666935842552977,2.6154230470507525
0.029946775895837503,0.07659065437776037,29.70177454591049,325.50841215880473,0.06633072958468891,2.6124243866552765
0.3140349412538586,0.0790283695251587,29.744222764629775,259.31438667989227,0.07410009828544767,3.424958982569439
0.024825090578398053,0.07633769481802681,29.55411664382193,320.8694791708822,0.06574690351536563,2.5403837196203
0.0672758864858337,0.07592884078667239,29.79943094394032,318.2020080880842,0.06555935447530234,2.5497021216074836
0.11143338367803736,0.07637321798328507,29.904360032590404,336.5409521500426,0.06600528727554436,2.5658695127592965
0.2371920391055563,0.07599120825158495,29.536959019180152,277.4693575302674,0.06547387206874586,2.5611460923188685
0.4509260959014496,0.07566393122998852,29.671078849924896,361.87946682402037,0.06712267694369758,2.75548390525683
422.6895790462366,0.07721916656021045,6.380122862317364,148.89887659528256,0.06501319729662705,2.6234252369171602
214.66256127166486,0.07803507274805326,11.839496360139002,200.4802624762749,0.06893026866548121,2.4446015940578154
0.09104041285123196,0.07719679807738647,29.238044358977817,403.3292657920051,0.06681054028629213,2.532644347965766
3.1927891334367553,0.07832973228613353,29.95397483857797,170.3887797430964,0.06634543043336463,2.387160107008441
2.219422071393557,0.07672640649129632,28.482952841836415,268.0023568473024,0.06620961590774654,2.5501884699776225
555.142270087671,0.07408826631539042,2.4648715388363946,194.87605610711762,0.05879075800301092,2.517787886420684
12.239510952073664,0.07826420010138616,28.837617090918386,519.6372172219754,0.06413001826426645,2.8981154554558035
14.509980511623393,0.07803674514315265,29.596646840586146,362.9620162209758,0.07307734232357796,2.591386110288588
0.5274501701951508,0.07631637411151357,29.82651558684949,229.6032862941421,0.06569866323748874,2.5405759275146016
0.17035065056218207,0.07567853577894572,29.834072733308723,326.95625577337876,0.06497121680184484,2.671879906676379
0.22198360545116796,0.07922772557586812,29.667021905402763,230.80884696795715,0.07087169812702773,2.4811296409310826
0.1622980669778638,0.07314970403714499,28.570742572712426,398.1365046527907,0.06379484975495231,2.6361278881144927
0.19204099257142582,0.07646072886527136,29.731568884778394,460.7383752106011,0.06582827805824856,2.813248151992033
17.084850683333766,0.07540734793484187,29.658455662091196,319.2413546983172,0.060262464953956346,3.213890219947511
0.09422204485883637,0.07704158013829417,29.767419257083894,299.2852004866574,0.06665502937700579,2.5837897507220378
34.222005576624085,0.07720158646575073,23.162521557407995,273.9523457423571,0.06672300454144225,2.556499353243083
0.059381960518879055,0.07803674514315265,29.56754053437959,362.9620162209758,0.07307734232357796,3.578480509539442
0.21616220190078295,0.07607659765281025,29.57123683476408,484.6312796147894,0.06570302232836886,2.865034412258461
0.1690434926282001,0.07291307656602221,28.829831326728385,322.41740762943346,0.06409432173195911,2.8840408669976254
0.12572336962634115,0.07796811620738918,29.886878286424242,287.20565865444553,0.06770398912056286,2.584211509891974
0.2060462143346946,0.07705323562874297,29.759844688931583,294.8874249302402,0.07100480738041298,3.3442293672406325
199.81714473559413,0.0767023491973562,13.050345774209287,304.7036288416475,0.0652499042896616,2.5002677180584607
0.646636103811091,0.07620008372117713,29.829601478007465,326.9999302479183,0.06660906899238683,2.546483629623899
0.5484699524998817,0.07709790797715906,29.88621507783542,310.2243399380054,0.06764650045920123,2.536491668775345
0.014048327690834722,0.07712029097764024,29.92910118054013,302.7095269454645,0.06738446463860912,2.6443209621173223
2.0622076127052864,0.07732354668150054,29.830944587592874,304.17946865444253,0.06435217475068394,2.511762047996916
0.01618701309398756,0.0746800157287736,29.67521749698485,291.87649164919264,0.06341820167899226,2.4780127154679144
0.6001468889952781,0.07331767738326593,29.87047666733671,505.21503028097726,0.06375648479844151,2.898347113903019
0.04846465657601695,0.07847453536884981,29.95397041822166,230.66836363043006,0.06828766829956501,2.4434347422145666
6.888583514687324,0.07711787269013663,26.841324148159188,318.40281789920925,0.06677476470117447,2.603783471890502
0.10514386264910688,0.07712831164639818,29.99624993408235,330.2439601255227,0.06572412299601468,2.5450233122069292
0.6221190347388301,0.0749645049798221,29.823569773006987,457.2961844256595,0.06364227580578771,2.5240267565607337
2.220841337651545,0.07507272885516086,29.965949199242175,367.29436918634707,0.06623280798797987,2.6202731356472118
7.417030736987272,0.07887539587701631,27.640964217313183,160.8910697167736,0.06881051002292607,2.3793020839872376
0.017364761430339264,0.07759062957940478,29.96290834992942,296.950069657168,0.06733317894210375,2.5447169609959497
2.577079927492,0.07824570235960844,29.905257775933322,242.54825372972607,0.06632581371209872,2.548597303876865
6.157699560037029,0.07861077616688834,28.622301264296347,316.70525272588657,0.07317222546778315,2.5276646613804354
153.49370131452721,0.078114318602933,15.693681685331725,316.2927141453385,0.06607675871997346,2.5545735003953647
0.18829817585413083,0.07688210502666035,29.934205153577203,312.6818125588169,0.06744163142339626,2.6169685412643813
23.567704451782127,0.07777201063446328,22.973384367332265,420.3294623726356,0.06715362109066686,2.4820308565481812
72.4533006591328,0.07927088803776604,23.027999620085165,96.67955632595226,0.06543882827270467,2.1980562325097166
17.604576960335738,0.07852568132885365,29.4612450112393,260.56653280268273,0.062381256242273225,2.587803614695681
0.017315294742811575,0.07746115435666523,29.817672699951885,272.5551487500337,0.0671329382894402,2.4942418055692333
0.26251424409291313,0.07691053678589752,29.92436486098606,332.1128471345911,0.06659673833793836,2.519773835971441
0.8664897173576163,0.07690291375075156,29.744222764629775,122.12040709585716,0.06699419936841677,2.2650751843879284
0.013892856096062816,0.07547310838290545,29.613127441982584,338.0901863834571,0.06474362384772259,2.565346926376332
0.014306637485314307,0.07575452708546608,29.7231457442796,332.85847613641056,0.0654322720798998,2.614620617230604
0.9979821866461936,0.07724846771659816,29.961303938220443,242.52306923448486,0.06663806780673173,2.6250386278327067
0.2512351170042239,0.07560239606186808,29.815937719446268,277.4693575302674,0.06514636932148982,2.6413163133689603
465.5011893074826,0.07685356178758544,3.7879103120469075,423.52125052361424,0.06619730034676985,2.692819579938079
0.7232733137839435,0.07704414613144707,29.43298473306379,416.34487029983245,0.06784560151792368,2.6234252369171602
0.3297925926555845,0.0782982108180022,29.916206840509368,180.99297555288524,0.06869166163645846,2.4432273299393295
2.4551087929853823,0.07829153661158135,29.238044358977817,158.08085983401133,0.06867417564456404,2.4560395776654627
0.02743690429007495,0.07691053678589752,29.92436486098606,332.1128471345911,0.06634543043336463,2.6103901296070977
0.04139712572529804,0.0757147909604836,29.680618544741435,305.7838592672016,0.06491386679674377,2.54419526861903
12.105707471336881,0.07469826182057317,29.90921516974062,478.15230141884706,0.06685631241947818,2.517787886420684
6.696780731968667,0.07826420010138616,28.149976196113688,225.8083366080109,0.0665245988270759,2.4464225471292944
4.272866207958512,0.07952561932687961,29.396360716568985,134.03747860900978,0.06831391444894766,2.267707175001734
0.9653385035057657,0.07675155607993683,29.82651558684949,169.7270661152034,0.06569866323748874,2.358966845340065
335.613259066158,0.07567853577894572,6.341541590355298,210.05931400227962,0.06892419907072117,2.4338747633815254
0.01415780476206624,0.07592842588542868,29.75371763287814,327.4600999223239,0.06558227455359517,2.6035370146677863
467.0483308517322,0.07647771967035984,8.239973293449241,41.3068219766223,0.06092614366032578,3.9209369472343587
0.1767881402556681,0.07748253554023432,29.849477357953717,345.22564363290724,0.06751082334286895,2.574973886949324
0.2132950003013025,0.07613038962721315,29.70412403155975,331.30980699114053,0.06602700352571103,2.538254460550914
0.1534534103793517,0.07532876472456625,29.879790506974892,474.1022406320759,0.06476900183719833,2.72048879136344
0.02951910100027607,0.07434617955988626,29.63593094720696,424.55916341069457,0.06328887538399158,2.708023550400949
0.4235785391099074,0.07767803192999302,29.930636934116535,308.4509448043063,0.06775480446701376,2.4887362790105625
0.22531262774585123,0.07586047872032531,29.691757879482605,305.4763814249212,0.06547668607040982,2.660791693233335
0.013976061063474522,0.0753551132221195,29.306189519391896,353.94331113403223,0.06463985948333109,2.5406787464180023
4.377860905130676,0.07756443551810678,29.886878286424242,76.15536850195082,0.06760145833709838,2.1850949152986963
0.014180830570730834,0.07648269116331376,29.5172489286895,333.76664755643856,0.06600476633805655,2.546297653390599
0.015113669543538051,0.07725452615937965,29.60439378828382,305.4787631498874,0.06663398308490645,2.471334994220115
0.7120194324860787,0.07496468575440944,29.692950133204043,347.21117093648,0.06557093524475885,2.6074780896060568
0.019216705307678255,0.0773333300899275,29.61639172253771,322.4012659116253,0.06686307649693257,2.536491668775345
0.8795615823835168,0.07589706420938401,29.79579829586178,302.7095269454645,0.06447382428689913,2.6443209621173223
0.041098105287084075,0.0763465201401837,29.830944587592874,288.1446216891337,0.06569758098332673,2.5380134457556114
2.888595172141368,0.07583746000860278,29.801623444018905,222.24862743546748,0.06489128324543969,2.7504005468012775
0.013845497187587364,0.0766455073569282,29.564802361988487,318.95317196954295,0.06576892012571262,2.4762356126912373
175.39020926776487,0.07957596933105798,14.650435995694465,297.89620546000185,0.06763357059487388,2.545695692759843
360.44378503890186,0.07799485016186423,6.86521050156834,231.22014700182228,0.0680558722367835,2.5160570523156762
0.9446655193154561,0.07712831164639818,29.343664676576736,467.6555158921339,0.06666615712731477,2.880590206747339
3.6786914389831296,0.0777247764637612,29.962652314107032,457.2961844256595,0.0641051905905291,2.743060749278073
0.015212673857327032,0.07651591747588414,29.88541706078547,299.0299833443679,0.06544488282910285,2.4689431660815844
0.4856691672223503,0.0756728721785047,29.425543245150422,525.2469924881226,0.06505016908709907,2.912099692455034
0.12239829565535812,0.07921873626135091,29.96290834992942,255.7939083300561,0.0747614010345368,3.4995047985667704
0.7864945731645588,0.07679041545269123,29.660959445896424,334.5055456644653,0.06479030154135365,2.548597303876865
2.4596176606118876,0.07526963294293822,29.691852911723398,216.8041626825664,0.0669606487496687,2.35502074852807
0.013841412566146391,0.07648196994388602,29.79563886334222,296.4063252961291,0.06553378597362683,2.4719889570127416
0.023765247491121702,0.0757916175816392,29.956816948812886,343.26863923918893,0.06487579322461248,2.5763099104050493
219.13537236334219,0.07858701705770048,12.482402067874816,134.19559959909145,0.06840173976206049,2.333433533128848
20.805229125969795,0.07835080640899532,28.540161284693177,550.5095988753326,0.06543882827270467,3.496714472286433
0.014924191046027456,0.07619527718687004,29.637971489573296,288.54712526182226,0.06551663064095414,2.481222796694368
1.2121390020453302,0.07689012915667606,29.93673845711188,484.1994288867299,0.06683843003512355,2.622951988175347
0.04181866305821934,0.0749053165265412,29.476568366925846,320.90401032782165,0.06425952964156953,2.582252850242304
0.01413488271173424,0.07534402595588678,29.749771382651943,317.8381643486114,0.06420491057527147,2.5084411109925546
0.18737097101770692,0.07764453052340692,29.55411664382193,302.77910700710447,0.06749948618502263,2.5964193461782816
0.47425118327331817,0.07575452708546608,29.747175969957976,333.74286225935816,0.06421228351604749,2.614620617230604
0.013827233709027794,0.07664004227649267,29.763758054329042,303.49985642113677,0.06638126309873071,2.559005346448267
9.334508355719176,0.0788034642472572,26.980988076575024,229.8292750296576,0.06848739131012183,2.5163629575222477
19.78636548471898,0.07515066674170941,24.662855000731952,430.88554056392223,0.06375292074956612,2.663188635641987
1.3624422118189767,0.07508377298600626,29.456480860925232,526.1494133732256,0.06516557504229034,2.6234252369171602
270.56995302831336,0.07936032012357093,9.81978772859559,256.3270710402132,0.06918606425039134,2.488987803530531
11.574410653824943,0.07591517615578756,29.238044358977817,403.3292657920051,0.06535219658510585,3.8858054523081647
3.9222412212690543,0.07932081145183811,29.886024648471384,235.1766123621975,0.06951077364422745,2.8946090368732884
0.24619718907784044,0.07595767511691379,29.691553198978887,305.7838592672016,0.06468466269337961,2.544853311197558
102.20088905231303,0.07717173812045815,22.975045144909313,186.80442350831208,0.06056570223914509,2.942343705040434
0.018369409714177838,0.07444975442869863,29.49446722212514,363.5175016091699,0.0641282054711988,2.657204337215337
73.38020634370938,0.07477196008946853,22.143488491649386,374.70066388904365,0.05864116237279604,2.591386110288588
0.27653196460827045,0.07973221856224075,29.919124626330373,307.4769500258561,0.06989988437303707,2.4870338458843326
0.3539485790777903,0.07639387125734598,29.945323032602133,547.3153085566262,0.06553857107797861,2.9531987500742343
3.53382153875562,0.0769434959327599,27.76049681388359,287.54816176574514,0.06656800739740013,2.5546882875355084
2.9850492251637184,0.07465319810045576,28.570742572712426,575.1297878224518,0.06343679847586609,3.0075330721972855
439.3590328979724,0.07768331795336797,4.424093987705017,287.6963711738954,0.06773856824515528,2.606387113495285
0.014768820614607483,0.07668517861825389,29.784387895875565,319.2413546983172,0.06621022643455118,2.5539434710621562
0.050160076370322174,0.07699469319605753,29.56451901570791,474.1022406320759,0.06797610761206177,2.8781124126579574
0.019091920756183874,0.0742891833110076,29.724234087411098,326.504303677429,0.06471678118276322,2.7650505621408836
169.93429463558417,0.07780646759513912,15.085235440211362,119.1359876588358,0.06595568545117483,2.1875503428227723
0.018371512872242188,0.07855547402327769,29.884266140864774,305.4763814249212,0.06852652037354989,2.553888827970631
207.537250169133,0.0750277329075905,19.1685091602472,40.246579715765336,0.058876299679420485,3.8252990287402877
0.2610825046305249,0.0777054275056002,29.505977811664273,437.6569748826824,0.06762656797759775,2.8090049604955993
0.20567731764464403,0.0778689051181568,29.393189961193364,539.3830048944511,0.06533293313163557,2.546297653390599
0.12852883268059279,0.07720969242964879,29.87512097849136,313.1577747950133,0.06661900006676547,2.606733860754547
0.37904947785004295,0.07620008372117713,29.692950133204043,315.9097987602493,0.06673951171097273,2.5599006962809394
260.016580601403,0.07754782315207868,11.038393999569786,275.09553995399654,0.0659760755436832,2.565448920367096
0.6139670662243291,0.07990168092551761,29.92910118054013,184.3838992257322,0.06988288191125808,2.410516551435845
0.41746710061295833,0.0764638391977877,29.290566321852808,343.9722440645754,0.06716785191627905,2.5450429862911585
0.18832714470017164,0.07450698052923997,28.975539271996915,415.1104109713185,0.06314686297392585,2.587563950574528
314.4897264555787,0.07680346808598171,8.587093281772251,410.3126151033101,0.06591781224706017,2.66816469445593
2.8068877529567358,0.07738879303872627,29.6258304331732,297.89620546000185,0.06691110482785634,2.8689790964491655
23.28244229758795,0.07616686073236738,25.201341472478703,138.96599582962057,0.06438233345746894,2.233230495148094
0.32825054905830275,0.07712831164639818,29.931798612038648,294.91645908838217,0.0664848400776975,2.628923956304762
0.013954767811173543,0.07531646454331473,29.712603210071556,387.66675575446607,0.06492230133260526,2.698491225043023
0.8525962853617381,0.07507272885516086,29.46700946114187,367.29436918634707,0.06544440175311478,2.5467196942486447
0.0668698730819214,0.0773214222383841,29.69632512241123,294.7790056685753,0.06685549736807542,2.535586650707346
0.04034306727060755,0.07672164722068318,29.604650407693732,494.77360644589584,0.06726773000922509,2.8549931359579963
0.025884492009166767,0.07657961369900054,29.964998950237778,386.97061863960994,0.06541248555686491,2.5774556568108764
0.016670626110634214,0.0756090634175205,29.820882499177124,410.18661472278643,0.06496079240901823,2.690077840106749
0.4250342204271109,0.07736165495349187,29.928081170718492,285.68208551635246,0.06553378597362683,2.4724562371239927
207.81620316611878,0.07909290939915611,12.184740007437824,283.5635274048951,0.06918909518493443,2.523135939614577
2.5349934216074184,0.07459701535864503,29.97828409347355,420.3294623726356,0.06578634253285084,2.687380472400016
0.013938878762722134,0.07598720131259576,29.775129404900973,313.4057699940023,0.06578863658757922,2.608292424183709
0.014219863748916959,0.07616459586724114,29.9427409469757,285.9632993510061,0.06531277187615517,2.503947852415199
0.013854904874398413,0.07695775159407581,29.919245855961627,290.1897739108257,0.06624032973542596,2.4956702408878364
4.083925839608474,0.07538789019652667,29.476568366925846,270.7396545450677,0.06633072958468891,2.2838142005035778
0.01605239041681527,0.07556823960236123,29.82249164800986,311.4013979859553,0.06476381345808915,2.538256378342212
0.014699399759439577,0.07580308022345765,29.385223266554334,342.2859234875651,0.06587971629740241,2.629265270918452
0.2332349814841408,0.07575452708546608,29.854222292063003,305.36632566719385,0.06575028642519232,2.541897541426465
70.25921040719575,0.07664004227649267,23.389579859538117,228.58967481113046,0.06075123438288385,2.559005346448267
0.13318219934055897,0.0757685375527434,29.736672000875032,277.4693575302674,0.06541923024030549,2.6001065650956594
2.685410739617958,0.07806314859178895,29.17417591475877,156.333839360002,0.06723744276026813,2.323522990878485
0.01550122141088151,0.07640754360011925,29.845484673876918,356.5315890256929,0.0658228984532652,2.611164700706703
185.30273159065482,0.07737449968908465,12.924702355466163,291.79478994543246,0.06780229768505369,2.5129277738406244
0.02158716187784307,0.0768277089400457,29.238044358977817,311.16377191743175,0.07424258332693559,3.8858054523081647
0.014269188142579907,0.07551204749950878,29.751634431311828,317.7243524563296,0.06492012637887515,2.5703390544003906
0.07695546364292688,0.07679558894551897,29.83152562016511,297.3252708627163,0.06604045293592253,2.544853311197558
0.038684140736917394,0.07865346057795083,29.90921516974062,266.6450395041677,0.0686038688424929,2.5230398412073307
6.455091539122421,0.07826420010138616,28.149976196113688,306.44437097146226,0.06614208725690243,2.5471154122593327
9.667160976704857,0.07292098541255104,29.883206489063106,330.80409828884103,0.06630735720767034,2.6037037276081696
0.02094895201834822,0.07640584844850408,29.89210370347417,304.33181139969935,0.06589547274282223,2.5405759275146016
5.237352735770115,0.07878234515540777,29.390964066851797,150.31575272862239,0.06634446358404752,2.268305382673388
0.014429958077609679,0.07567059234372031,29.695642754419644,321.3504864121498,0.06609722463213047,2.7070538169132714
0.9659861257584794,0.07507282163805581,28.570742572712426,340.33739787368825,0.0644499093677397,2.617512504684375
0.05149880132805639,0.07742528087464538,29.690264786877474,345.22564363290724,0.06702880246491755,2.6148349113619336
0.027662946318238027,0.07531403733044052,29.768091713178187,334.9402853496216,0.06434920572966563,2.538254460550914
0.05076628080776761,0.07634495462024393,29.767419257083894,305.3557012776459,0.06604072263993863,2.6069258103014348
559.8743761106675,0.07741731821419144,1.634386232282683,252.84516239650273,0.06471678118276322,2.582233544566198
322.48392749599094,0.07767803192999302,7.938972057624111,308.4509448043063,0.06781134879923884,2.5746769126927944
0.020058861961119254,0.07607659765281025,29.791850898301746,305.4763814249212,0.06570302232836886,2.553888827970631
0.40169248084733894,0.0753551132221195,26.591749966824384,353.94331113403223,0.06735301029940721,2.535151714056727
48.4500738172018,0.07756443551810678,21.845953185898864,284.6685941078882,0.06687984784171178,2.5520514840281696
269.1441692256391,0.0765470989190331,10.442264544608264,294.8874249302402,0.06515394665701318,2.546297653390599
0.15654308154419241,0.07819285724471807,29.8857076607856,287.1121281438607,0.06807730264291445,2.606733860754547
0.014082947956250234,0.07689190675345313,29.692950133204043,324.53531635825425,0.06701913221946265,2.627889569122294
0.014336451716343523,0.07605918392127303,29.907586413496084,305.82598470816947,0.06544377025969333,2.5561589824794724
0.02462561823998076,0.07585497335488656,29.92910118054013,314.9307983593835,0.06528866517722365,2.57071239721803
0.4762713661059671,0.07732354668150054,29.81095077061206,267.45483443130615,0.06644944522446547,2.5450429862911585
0.6600459299782142,0.07709631784240302,29.957154706545523,415.1104109713185,0.06675156464759002,2.5678691444270076
0.013853798692020075,0.0754667389716462,29.43954933193227,347.3028697757953,0.06490447239330874,2.568096395830352
0.01385512476544119,0.07600184005597077,29.86083789960049,301.62411464910855,0.06497183745814564,2.495911673985711
0.4228990073729487,0.07637097084128343,29.92465688362523,340.7786277330403,0.06453363748657451,2.586653694874098
0.8430974146553744,0.07712831164639818,29.802919113780696,312.3680399176658,0.0658449569805121,2.628923956304762
2.5150307741366698,0.07880775042715085,29.712603210071556,148.4354560532638,0.06729128588660024,2.2693543271820165
3.7012392055322647,0.07727322351312875,29.981790951102862,281.2331417687965,0.06434407885090138,2.6202731356472118
0.981717322862933,0.0756728721785047,29.69632512241123,300.8770842286972,0.06710015372338379,2.5879644042548016
0.027521324501652913,0.07568918636270267,29.76408383116806,289.64492197874995,0.06453509682445271,2.479181285631982
0.6534838540475403,0.07679041545269123,29.753267038148955,300.7011804950367,0.06632581371209872,2.697777115658296
29.166490438993748,0.07897211458617293,23.831200865477122,222.25052533339772,0.06815009396645061,2.402280226892531
1.1971059766694543,0.07648196994388602,29.90795037680082,265.3570089502929,0.06756364611527024,2.4719889570127416
0.30294696072128413,0.07788842070021994,29.85495494875921,287.42249195137794,0.06856035440136651,2.52597118444198
0.014405158075732574,0.07620185102865319,29.33442073817153,372.3310167268019,0.06658650876447303,2.681036950875595
0.01697368118511606,0.07602389738557119,29.552023156977967,334.6406407093593,0.06543882827270467,2.5606328223856423
1.7035397649254194,0.07359548717449013,29.4612450112393,423.04074067019803,0.0645328768964335,2.6580562521101028
476.593813214653,0.07542540995891413,6.6614954851086985,290.1897739108257,0.05962333567313377,3.830362488363204
80.87784619184643,0.07805623654625676,18.477962601161,318.83203385571915,0.06819481474215891,2.519773835971441
2.3852762737386026,0.07649763117463527,29.684016544212696,478.5796469722853,0.06679760949885899,2.549513670212327
0.10991132085666999,0.07634899530875872,29.874711257551624,286.7899271120781,0.0651300688659768,2.502146879002477
0.0154239718646665,0.07609263702421892,29.833291901981084,280.47330585693174,0.06551370772082862,2.5158695089979215
0.01436791960461218,0.07676477789259302,29.763758054329042,316.363189928627,0.06642723294727035,2.571932396517153
492.04160506449784,0.07805251736007485,2.726756373818528,277.4693575302674,0.0676304216916859,2.5163629575222477
0.5945657013831747,0.07747302943020334,29.938079496254375,361.87946682402037,0.06710168070249034,2.4977437116771384
0.015236597559642906,0.07967727139682311,29.50287898969161,241.99658434520978,0.07099610964629491,2.5154336372001933
0.04956047443069039,0.07668383199170677,29.65484446301202,291.79478994543246,0.0659162048111982,2.4953735040012153
1.110547569980368,0.07765890611785371,29.721526165432543,403.3292657920051,0.06421350432699269,2.480460420925827
36.46003180080384,0.07812148575209835,25.166634736709163,267.90054418845796,0.06492012637887515,2.6280590624993376
0.014288209306586065,0.07623122129642976,29.86287332782784,424.7296386093995,0.06548681487706315,2.696925070724336
470.551421336732,0.07805251736007485,3.335248970334341,290.1077381452877,0.0676304216916859,2.517787886420684
2.071113222165282,0.07852394207672399,28.149976196113688,283.90405980163985,0.06849078962092392,2.5309142633742194
7.052681371679754,0.07912686069035,27.63684106424387,203.9452190119901,0.0679197475065097,2.3669301791678095
0.01841105795845891,0.07639138579320752,29.598152340222267,324.09860422585285,0.06577537400944217,2.5405759275146016
0.034451343033559456,0.07567853577894572,29.56562561648653,547.3153085566262,0.06634446358404752,2.9531987500742343
0.015734997744675204,0.07490872107932868,29.62511454485189,339.2551648155146,0.06387656573719921,2.5412340946572347
0.014035492997966921,0.07780240485294414,29.811808978339087,302.35458027053494,0.0673510057720321,2.5107699763174924
0.5290203406815357,0.07732504619682692,29.849477357953717,294.93469991317625,0.06602424451939842,2.5568787289231616
0.03962918224561077,0.07686386952116665,29.9371747747413,319.2413546983172,0.06660861781911745,2.576243539447925
0.37419365691944606,0.07531633185174494,29.808505431663423,367.7856863506348,0.06468882148142116,2.534127076134784
0.214664490295488,0.07822299357962487,29.63593094720696,256.92143120639423,0.06827928797362465,2.538638834892219
0.10106131491422306,0.0766465593881217,29.87654935474862,308.4509448043063,0.06632741344394819,2.6428563706863524
1.1388451234129464,0.07607659765281025,29.788792331958604,290.4734879955779,0.0665734266123128,2.4468117365868483
0.14239101547224192,0.07639645275234096,29.855546456948396,353.94331113403223,0.06606337384496438,2.577094241642074
1.1630554252872995,0.07906359392354936,29.886878286424242,298.18710983954594,0.06762656797759775,2.584211509891974
0.33034693364812345,0.07723231802736352,29.759844688931583,275.0384390967806,0.0678635712006419,2.492612240987377
0.17027871145729964,0.07666819508256842,29.790249575774578,302.97588943042615,0.06699997154518236,2.557056756869007
0.536249280754864,0.0773655810179094,29.85090348126216,296.7161211868811,0.06658400800155259,2.627889569122294
0.013831027094257764,0.07629430285215613,29.85753378471611,309.2951550555233,0.06568789498493846,2.551232317312402
1.0736221398786951,0.07712029097764024,29.721745828347004,302.7095269454645,0.06738446463860912,2.8504011579394
0.014516598235065487,0.0754930186216164,29.801592071152896,304.17946865444253,0.06472325648891952,2.5450429862911585
102.98495331758853,0.07665513846176232,19.51726039611357,66.93746542698221,0.06527456057781628,2.0797109759928394
0.15862714384810617,0.0767887385782522,29.883704540620307,258.7140339614038,0.06576892012571262,2.4762356126912373
0.014279921963347852,0.07838355016213489,29.769852196432495,293.88036156516296,0.06841078901882489,2.534719873891261
13.916256336125723,0.07913782088414033,28.798426706219992,468.3963948705502,0.0733769627611765,2.5362868260364655
1.704522952620492,0.07667380182852947,29.967492365426335,292.3171097194522,0.0674054782752942,2.4480402405909016
0.16460513788787973,0.07668856605502543,29.820336464093227,314.5603474109699,0.0666283194423278,2.698491225043023
161.0240146234296,0.0776647997003461,16.22758639147755,272.8160159032092,0.06434407885090138,2.559646769583627
406.3571805396068,0.0756728721785047,4.92184386075621,386.20774672899825,0.06608431137149387,2.5503047998055646
0.045646049712283095,0.07378760358511252,29.827074809800273,340.83550032085384,0.06237343710716184,2.551773736707432
571.8465085584587,0.07791331921492896,0.35178645606992553,259.04738275777135,0.06764481420281049,2.554792360062705
1.5967105630584908,0.07526963294293822,29.47089459836196,367.5131781330116,0.07147971667420042,3.4191343249656905
0.3650012708761336,0.07584290855913735,29.949239522586108,337.13421310539945,0.06495862827160584,2.4719889570127416
0.039693030175228704,0.07788842070021994,29.725692303627756,287.68750475393153,0.06744163142339626,2.5034106586780904
71.1311212163101,0.07895386911616327,20.18792738764856,220.42137251785056,0.06797139800951088,2.408236664778971
14.15375507984115,0.07782051544065383,29.6404621280789,364.40447048904537,0.06543882827270467,3.415689485336938
0.013959426348072852,0.0764073618112716,29.924586092814597,293.53836491987624,0.06542841168567817,2.489570477851481
0.023817234744529653,0.07684641270303834,29.999659538888842,288.46800108765206,0.06624032973542596,2.543806308202357
206.3542089116067,0.07536626251050046,13.099524321489968,112.030402347446,0.06633072958468891,2.426840075207313
120.9437223483599,0.07789536803637523,16.115106980847425,311.4013979859553,0.06750823322360897,2.4599633769181106
0.6528643330024899,0.07608633391830948,29.999339177995758,331.79498663150764,0.06471596091499315,2.3755467194417195
1.3168254825446741,0.0771232279168618,29.907834082262532,293.8047345250917,0.0654322720798998,2.614620617230604
0.015646341359998837,0.077602192806994,29.995869833895743,303.49985642113677,0.06717022372876558,2.5428385649148684
3.1866456581632256,0.07576896666271475,29.967456777320436,319.37152569927787,0.06787745827207711,2.593893096939073
0.20393181174633582,0.07591696981975425,29.929780299982724,328.61070814349705,0.06546207773358353,2.5361796361062923
0.013832112459852351,0.07656533533417118,29.966306794425588,304.47398281860717,0.06587442354295656,2.5435369775269914
232.34578133864278,0.07803507274805326,11.940552949004395,292.036172289272,0.06623406456264336,2.5073654626039836
444.23193513316767,0.07447779739483947,7.4821669572445515,183.40334574690684,0.060690613777749564,3.8858054523081647
509.4558806256532,0.07778025562275219,2.249179448121101,282.7231785035133,0.0675432226526492,2.551630537059647
29.92408826595063,0.0775803331292044,24.292723706502198,155.6689871195518,0.06676503031781963,2.3368174955867596
553.0505762330757,0.07510194864677175,1.834555380580337,127.42468363502803,0.06122617700778196,2.2182000234033703
1.9755557853276213,0.07512874892969261,28.149976196113688,361.1015320551781,0.06441101509817859,2.647676971205094
7.686908693297932,0.07726398865049453,29.952451583413666,374.70066388904365,0.06151395856634348,2.591386110288588
0.013985976547961165,0.07668029091492463,29.82651558684949,307.4769500258561,0.06615158204237939,2.544215512288212
7.291520311754649,0.07965653063208826,29.390964066851797,254.79111683353995,0.06634446358404752,2.5184274270629974
43.26439383908598,0.07678672838732123,22.52895424656018,195.81840879428347,0.0656493603537674,2.372972264663515
35.138798791708965,0.07653307412736687,29.811808978339087,105.13687671784771,0.06237608779898246,3.59856999861376
0.014671262497218602,0.07666222875399739,29.881132589861288,333.63524449596923,0.0663056213937912,2.6088864259633233
0.037678789291065745,0.07778691733660983,29.658455662091196,319.2413546983172,0.06775005600964198,2.538254460550914
0.013934173240247195,0.07790930692292186,29.963647755735938,290.49192404033636,0.06769530257409179,2.5448347697480447
1.4641398084661992,0.0757194954972238,29.63593094720696,458.9852517046511,0.06589898891623466,2.582233544566198
30.24103705167325,0.07725878468210541,23.373377938620006,279.43740390689965,0.06700982344481088,2.5514716622672733
283.8498110309115,0.07846860309241009,10.561149564830465,259.20516927140545,0.06570302232836886,2.527194562029568
1.0341877872683134,0.0753551132221195,29.88515669373865,293.49408361553094,0.06621847682345053,2.5406787464180023
0.014693431026945815,0.0772536266461995,29.886878286424242,298.18710983954594,0.06684805474194058,2.5419266659910233
0.6111811816234514,0.0778689051181568,29.927091505076753,294.8874249302402,0.0658312786474301,2.4762936816595382
0.11928726655900058,0.07478464021785361,29.8857076607856,307.772563046791,0.06379781368980797,2.6370754146717186
531.4737056423497,0.07689190675345313,1.7216839870610432,324.53531635825425,0.06701913221946265,2.6598382505576077
133.70407358559086,0.07832823366703692,15.402321585712745,309.2951550555233,0.06795133289613597,2.4518378721255236
1.1457142171089019,0.0763159417936597,29.557864044139215,465.9127257535145,0.0669221734424105,2.6443209621173223
36.07673468083952,0.0762618353032524,22.782188586817412,285.8796097661166,0.06521465859365,2.4910817780462153
0.014508381725889877,0.07700008688836493,29.884823935210193,282.8751395833987,0.06650207506306177,2.5090602497766543
2.7405254076456904,0.0759756465225955,29.564802361988487,229.22611215956135,0.06576892012571262,2.806514527467587
0.014483608116859698,0.0764073618112716,29.924586092814597,297.89620546000185,0.06542841168567817,2.489570477851481
0.06810159032500135,0.07531060248908635,29.404836477557467,347.3044172136176,0.06520631019136838,2.6793768413234007
208.68770086396165,0.07819122379271999,12.327840436468147,295.8796022423503,0.06816825274055688,2.5674030709770093
3.796790441742714,0.07730171047396454,29.86314383016628,291.8362866141334,0.06492230133260526,2.698491225043023
0.164975130244096,0.07507272885516086,29.69212112614927,375.27161160047535,0.06480374821614404,2.6202731356472118
1.2167002517719832,0.0756728721785047,29.69632512241123,292.3410197419661,0.06674171281742625,2.506836189887226
324.23643991810974,0.07573662890384945,10.849735847545023,120.80393929329546,0.06101244721009691,2.6270672613756574
537.5924483874177,0.07802802966923741,1.410296764271008,300.7011804950367,0.06790300453531908,2.613178277650193
0.013811072607791412,0.07694720630349729,29.87602281464565,290.21919767300267,0.06616970322242566,2.4836572066224276
0.0334922092570573,0.07440974429025128,29.29844103970509,349.06318772936027,0.06317541665635776,2.4719889570127416
246.51084305791372,0.07745053952123791,10.594366849617149,273.48935351476257,0.06744163142339626,2.484284841978967
2.164349205902376,0.07696794856020783,29.801913998063675,303.542712928396,0.06387161265879679,2.509463111494987
0.06693123874136517,0.07603373618330259,29.603865603874937,326.623967158772,0.06579398330253897,2.5428740957404705
0.11739315467314257,0.07610877529823822,29.924586092814597,318.01677504980523,0.0652711714954004,2.489570477851481
0.049996721159110566,0.07771662128916974,29.919245855961627,359.9271087541583,0.07366087170129074,3.777054850058766
4.105561438980269,0.07428122906439903,29.59005970985362,369.49794360239093,0.06633072958468891,2.5943059284458156
0.02400422674493665,0.07740598725619384,29.656703290329787,319.56799419033473,0.06699419936841677,2.549513670212327
28.036513030257154,0.07661118333359833,29.55411664382193,331.79498663150764,0.06026591067252274,3.4361999461193893
0.47593302629358497,0.07575452708546608,29.88614035697027,278.06020177379116,0.0654322720798998,2.422919951832198
26.494393837236004,0.07996898218305724,28.45121762999436,506.09045158108637,0.06638126309873071,3.397994347445315
26.934123797451996,0.07932733607175482,24.89841755166281,234.30340250871194,0.06787745827207711,2.488977347789097
0.014714233786296313,0.07681000319096805,29.553669931428892,307.5007030780191,0.06564242051266803,2.4151430963080958
0.6159442520514438,0.07656533533417118,29.67752835589827,304.47398281860717,0.06498503688471322,2.5435369775269914
0.01589802561452084,0.07525019854447541,29.811556284122318,300.24512329059417,0.06412403401059522,2.490844746936507
14.046147013899626,0.07544998238523061,29.578736774133525,311.77763090199755,0.06381636601423432,3.8858054523081647
0.2732254162109695,0.07551204749950878,29.920241133977676,317.7243524563296,0.06492012637887515,2.499731831097483
0.022717187600621372,0.0766602018158543,29.927874052177582,305.7838592672016,0.06616958396605244,2.5420678837240662
0.03152080833613251,0.07820558189495207,29.736080761824667,225.15921935579672,0.06685631241947818,2.2732192622744103
31.24319527074289,0.07573600833344392,29.375830569507634,533.672977659461,0.07393063733010222,2.916858231042026
78.00603920465218,0.07879387984762559,23.15432145270931,213.07618937250936,0.06151395856634348,2.349667606223854
0.018215280607946617,0.07631637411151357,29.693514497160898,306.0906499668323,0.06569866323748874,2.5036880338894045
138.63343376857966,0.07657593337657971,20.972993206251154,203.17927402517125,0.059306726832603185,3.0966983511177872
0.25476838406621943,0.07774067605591385,29.898751393185172,329.1231165761167,0.06609722463213047,2.5209226701976926
43.790137096547454,0.07746087053213994,21.533140073652966,302.35458027053494,0.0673510057720321,2.5107699763174924
0.03728489534936266,0.07533384825438269,29.881132589861288,365.8652949789115,0.06420250588625309,2.5705356926833174
0.9952984687484322,0.07653991340693911,29.658455662091196,263.63279310198016,0.06839248120714014,2.538254460550914
0.017561121863871227,0.07578881007155636,29.963647755735938,355.00631637420986,0.06512373972042881,2.635373939315436
447.4463745463892,0.07524044630018593,5.553292664129369,61.53034187297686,0.06604202560159703,2.582233544566198
0.869848731724677,0.07767803192999302,29.981283917900683,286.03518090201544,0.06567858149500605,2.509661811774305
401.32781217055305,0.07672689781151841,5.430280122572253,280.78737378345545,0.06570302232836886,2.417914295300778
0.01451295978506934,0.07603826037811977,29.839706643120074,314.11730899863596,0.06570292280817247,2.6048114900393133
131.5204911681738,0.07900398297102465,15.070239103654519,222.8042451284087,0.07077820579058647,2.452998177107392
0.015654335382984663,0.07592229706563307,29.78963473007171,288.5331001446747,0.06418819761172775,2.377401697087698
0.013967258590145689,0.07822909327967531,29.97504540350704,263.4102209380179,0.06774886387862875,2.456681728263345
0.023376547946827135,0.0767970915291174,29.95613636422034,279.4265231299669,0.0650551930686005,2.3542117753875984
0.49895225428342493,0.07629430285215613,29.680367671652398,382.51318054870615,0.06492175638883627,2.6756938914315542
87.00436116830831,0.07712029097764024,18.57717831752416,281.12538576047416,0.067529985710272,2.6072681235117496
0.16212136157127793,0.07713794017718396,29.830944587592874,262.21194982293537,0.06653564191413508,2.5158988263572377
0.01790802608435426,0.07591091182016003,28.975539271996915,415.1104109713185,0.064852477260188,2.4888994404501297
0.04787057349008552,0.07727456223825896,29.564802361988487,284.7320438567342,0.06682620390197638,2.491016932009788
534.0865487716933,0.07861852688051238,1.4837737587907593,241.7095914960069,0.0687683735588557,2.581788608518896
0.2744525275289539,0.0795581335345349,29.870913112979025,453.65565987902755,0.07074336296191278,2.826231719589544
19.03781521406342,0.07712831164639818,28.284434062065692,565.849437125358,0.07273173573944927,2.628923956304762
0.08840211250139171,0.07531646454331473,29.916000653441948,294.5011510022508,0.06492230133260526,2.5405705481049656
0.013983735458753288,0.07624955165793622,29.777231660228725,302.1053339562154,0.06532045993893007,2.4856732497576477
0.03593769182644562,0.0756728721785047,29.780606715913976,304.6980375105817,0.06476301276947052,2.4836747621949486
0.016516634213776266,0.07841749193891463,29.96290834992942,289.64492197874995,0.06809228185385338,2.5074195021668872
0.08854213399289249,0.07694720630349729,29.831017035533247,301.7478087995901,0.06619158862903751,2.552453527310355
2.200101176862156,0.07578025871856739,29.905257775933322,328.6696990871571,0.06632581371209872,2.4637154817102718
2.6873822379592758,0.07833008840145551,29.858771856156043,234.8040661007139,0.06553378597362683,2.4216849137444765
195.71865985301804,0.07752024760544553,12.94098587740105,255.7050291804017,0.06616631466902406,2.373891454516941
0.02399649608141164,0.07658043883648628,29.53547993970506,315.71991787071784,0.06598245103726672,2.5210365244092845
214.2012972701175,0.0783556151676298,11.553352539888285,322.143333132115,0.06654196948010452,2.2994786262497735
226.34972669228557,0.07591521594910292,11.871432023135387,289.7069144113046,0.06596473866288821,2.648046691227938
86.45348514955478,0.07695775159407581,18.50635316190924,289.3393183103898,0.06632015473990838,2.474570622191005
1.2811784575781417,0.07563479441487576,29.649775550183428,314.3110766406745,0.06633072958468891,2.4866926006358407
0.014061013231221931,0.07583231696355708,29.850264976100682,299.9695501604711,0.06446798661353262,2.454708931192254
0.34558883885708336,0.07643315459114146,29.70979463115316,265.50208181231426,0.06564075747344403,2.5403837196203
70.13265168878229,0.07627000887515098,28.25147541671073,21.933310570333617,0.060321176887977335,2.349135937686164
0.0881469637862524,0.07664004227649267,29.763758054329042,284.863534207212,0.06638126309873071,2.474090092979912
0.013967917373974466,0.07774396316301325,29.967456777320436,290.90102468752684,0.06693630648065524,2.4786238830268292
273.69415908995364,0.07753504425254651,7.896664161786717,307.5007030780191,0.07044209624314968,2.4552342163376495
0.20418374620611324,0.0736069068935129,29.966306794425588,350.7125720073483,0.06204797763085221,2.5245024844858532
2.03931080491224,0.07414056254761758,29.916206840509368,399.60605651332713,0.064044839010408,2.534796401573802
148.778466001617,0.07882075512273808,15.234914169225473,215.254075730137,0.06709678084077525,2.281219092634384
1.3049658105915491,0.0772020782766131,29.771764340145925,305.2607499190934,0.06492012637887515,2.529811622587066
0.16698842702618816,0.07672640649129632,29.86287332782784,256.8556583081327,0.06718288036129472,2.4967759692134512
233.0640577017238,0.07730163959159314,11.0876551809136,243.89502742658806,0.06685631241947818,2.384854096522335
4.4722823488398,0.07672612623209966,29.938176161742273,595.2884121577183,0.06560979833843564,2.423192431872415
5.145402967964317,0.07292098541255104,29.726468704308115,311.4934340951758,0.06468550153093028,2.502006991990582
0.01835429669380495,0.07587187218565748,29.557797367726554,304.00543874447504,0.06427381935168794,2.378628654798276
6.699735139025414,0.07800585859794054,29.892381627633085,547.3153085566262,0.06727434327127949,2.35462728945447
0.7120536874325143,0.07737434486073849,29.73690743877019,329.1231165761167,0.06635207614641328,2.3448745604581416
0.3032390263078953,0.07780240485294414,29.811808978339087,395.3464403598256,0.07213940149250903,3.697087315400436
2.646367082185411,0.07506144354697357,29.881132589861288,315.33064043295997,0.0663056213937912,2.5157291803423782
64.3722921496813,0.07653991340693911,29.658455662091196,39.18177285457659,0.05893443889228692,3.3498465124495986
12.664630998788656,0.07667536070455039,25.6030461443857,290.49192404033636,0.06609660592895561,2.5196492384642273
0.015038502615159717,0.07568609022104308,29.78387218673153,376.4044220631768,0.06479404221615906,2.6105011365598774
0.7729908681458095,0.07767803192999302,29.86022855960762,292.76647868333384,0.06565341831993274,2.48771220195112
0.09860795831686192,0.07575881053081884,29.691757879482605,315.0729290968763,0.06470571467812578,2.553888827970631
0.08649262665040305,0.07787397243560798,29.306189519391896,353.94331113403223,0.06626835735395517,2.341281831511507
0.8757578900006886,0.07756443551810678,29.8011818319482,298.18710983954594,0.06546555281338154,2.4926513915437525
1.296616044418423,0.07647113089221867,29.917016182037365,288.3320996220764,0.0678635712006419,2.546297653390599
0.06243629483835028,0.07702042474051014,29.8857076607856,241.27785782307723,0.06699997154518236,2.5218691314365516
28.252813860097472,0.07804107387509322,21.82750375017294,227.0272545790126,0.07132268039991166,2.530122039468057
0.014178843977838631,0.07529264231211796,29.647662094203667,398.9956965398643,0.06471069082197686,2.672722263254998
21.14774362038787,0.07945113093153632,25.88388622592615,187.58697230238477,0.06738446463860912,2.337780802816662
0.08308962272002826,0.07763609512304319,29.830891103689368,304.17946865444253,0.0670000974986949,2.551706378685448
0.9605705066995405,0.07471185064782603,28.975539271996915,415.1104109713185,0.06527456057781628,2.5448971289217024
0.12453601687458116,0.07555917864716977,29.564802361988487,310.20532077981056,0.06398800074640873,2.4762356126912373
73.56678781342072,0.07738879303872627,19.377065054709664,244.36659141051464,0.06752738133871761,2.480663226446356
0.013920903719009392,0.07742603169496774,29.952288672283736,289.7151134408017,0.06713352250870094,2.543448120832674
455.1959883519038,0.07712831164639818,5.597314921737052,71.28561169854675,0.06681454182248339,2.628923956304762
31.017060160507523,0.07531646454331473,19.91091897735661,228.57604794249107,0.06999720569514561,2.441656485381738
23.837144152719226,0.07907006727863283,29.777231660228725,357.65414647714465,0.06532045993893007,3.6278986411967065
155.21061162916448,0.07569332356327267,14.43802885162633,386.20774672899825,0.06403289906262483,2.425901075583106
250.57211849540306,0.07967949777606097,10.40463965860884,244.08574298167395,0.06961485152352945,2.4410746250318356
0.03632941073116554,0.07694720630349729,29.76230077810863,292.6621520789609,0.06602671983865821,2.481248352420967
0.015342282385896893,0.07679041545269123,29.774831183787395,312.5950128008839,0.06632581371209872,2.5541740612302988
0.2251016416399087,0.07645844801574181,29.65640815705568,296.4063252961291,0.06553378597362683,2.545578464940602
263.54316314852275,0.075362623537321,12.482690650960583,283.5635274048951,0.05947288104909673,2.567684462570054
181.54016905606704,0.07459701535864503,14.12642158091187,92.42490611310785,0.06387161265879679,2.1516169768642803
498.5251940131605,0.07603373618330259,4.072512050906621,202.00029462138792,0.06543882827270467,3.113388570891245
0.6856556406507951,0.0764073618112716,29.787925957689083,302.50561555751835,0.06431699275078892,2.510275266593991
0.5311425584705336,0.07766208942989666,29.919245855961627,313.110350334272,0.06786589381652505,2.4956702408878364
0.014421112234353583,0.07684292469176225,29.85639664974216,317.0115038170636,0.06615327649859837,2.5327032222022634
2.368482984922429,0.0757368300930599,29.717289726691916,296.1491186167722,0.06699419936841677,2.4589892950909933
0.17344030460379276,0.07783014844998079,29.907198488705276,331.79498663150764,0.06766601353564589,2.534260398332376
12.51037089628295,0.07802872353693914,25.917602038323164,254.5835954823637,0.06767277162719634,2.5021390300012807
0.01429195552472784,0.07842088536910743,29.94054269859787,279.200251651169,0.06786178783765681,2.463078513358081
9.502079358200955,0.0778575219961779,29.534012538017834,358.6258497330968,0.06787745827207711,3.579908149563174
0.027687785488771516,0.07620301897067319,29.88651253451806,299.0984837270556,0.06564242051266803,2.5727569167672995
8.352523478701633,0.06966352767246105,18.689959349308534,221.02520216408834,0.07085047404913791,2.5435369775269914
0.026084123512375417,0.07595195569142987,29.717353245825922,291.79478994543246,0.06446567626532426,2.426660789677291
0.690178899645622,0.07725882561747631,29.860298967654956,403.3292657920051,0.06689975189863759,2.5316763272975904
3.933123930144025,0.0729220067555439,29.580323690913993,317.7243524563296,0.06492012637887515,2.5703390544003906
0.01409714884087139,0.07574335845903662,29.447879988908632,328.13156055154093,0.06471174364303717,2.4736424665323398
39.52418369718715,0.07730163959159314,21.40289157464389,201.75904854163667,0.06826212198828699,2.3477492267111346
29.78527148862635,0.07826420010138616,29.736765719489206,595.2884121577183,0.061092690741854444,3.585957160736797
0.5676936157333896,0.07644508199602014,29.867191741650167,374.70066388904365,0.064984524055653,2.4018549219962684
0.01496879045267825,0.07678185504155774,29.95587452952136,289.02338022758363,0.06648239108518098,2.564421181624782
0.013847095460726506,0.07567853577894572,29.390964066851797,311.06406608832185,0.0659386340912784,2.6040966381103257
0.4385626708630804,0.07567059234372031,29.928261638283132,280.3468999292687,0.06520869763389825,2.7070538169132714
14.480048079327354,0.07780240485294414,24.20363110916088,302.35458027053494,0.06801070911261947,2.4268854765917056
0.014182748640566092,0.07772130942307384,29.912144360170604,290.4650008866931,0.06735334328955267,2.5236532152721325
0.039487691258287654,0.07742961800874545,29.658455662091196,319.2413546983172,0.06612729070695947,2.398018036136863
0.013844844519008876,0.07612628545766144,29.761072775028737,310.0680892750812,0.06567860239601594,2.5622103113895225
0.3613789498178629,0.07710631568151886,29.63593094720696,326.504303677429,0.06616793386817332,2.3794036839236767
0.01660474501982328,0.07664220594522467,29.614962017278522,299.3147741292489,0.0651682262559456,2.3774951182364696
0.06900740524137965,0.07607659765281025,29.690329430445814,365.60699213227633,0.06606961695163718,2.641361230826262
0.06171802798012338,0.07700904817161239,29.938396736654425,339.97567900257775,0.06633689664177364,2.5406787464180023
0.4098905390912321,0.07756443551810678,29.886878286424242,268.2566057185637,0.06702693092923279,2.584977976903586
0.6138582779481014,0.0778689051181568,29.76091087885741,292.495958360902,0.06621481204780785,2.492124289911193
0.014141437154952079,0.07599024443362974,29.765065458633703,304.7257934758777,0.06489324619885142,2.474547637514024
2.053515256027964,0.07564963275207547,29.753124038512986,306.1665749980697,0.06701913221946265,2.5150239253843103
3.0391284352203085,0.07629430285215613,29.85753378471611,309.2951550555233,0.06568789498493846,2.260095913119579
0.017138234564240493,0.07712029097764024,29.799834589357626,289.9847571285702,0.06595974888872236,2.433204035750125
0.014023869948756748,0.07826457222774051,29.861878278523484,284.3473311357167,0.0682385586020795,2.5329759782714154
3.3196847777932748,0.06072983070228508,17.102473265430216,216.07790549274716,0.06527456057781628,2.7504005468012775
0.08826223763597069,0.07826930400821372,29.548650521106023,356.26505105912895,0.07333167693522341,3.5761500139055467
202.3175134010499,0.07738879303872627,12.64935032891561,184.28206516461285,0.06707909305879267,2.3456913460109776
2.1454374443286657,0.07802840059339385,29.755784827311892,234.31976865115115,0.06453363748657451,2.302849262355478
0.014194851411866348,0.07646985194172051,29.837298124067836,295.5430015504374,0.06569353830258867,2.4953532756885335
0.1282810272558296,0.07809137300090752,29.712603210071556,387.66675575446607,0.06772176127892085,2.698491225043023
0.025574514196239705,0.07624955165793622,29.94159129909894,302.1053339562154,0.06525405471167348,2.4856732497576477
1.438356012692319,0.07741540988560935,29.76736551306763,304.0964092155019,0.06530538205060168,2.5546880340490055
0.38218257990303145,0.0774927059770576,29.59905773440063,289.64492197874995,0.06571666276389923,2.424789992928653
0.20796637803963303,0.07694720630349729,29.74207917781863,290.21919767300267,0.06572672640242222,2.4945894635808576
0.08146056654182975,0.07729215178287564,29.96121664814836,300.7011804950367,0.06595681094489017,2.3947327460252277
0.0139344065339802,0.07762593700648987,29.685306294829466,296.4063252961291,0.067412350062584,2.516721834329956
0.2363055000507968,0.07536281529816347,29.559804287846735,347.191541152044,0.06484487653947668,2.5034106586780904
78.93546422397478,0.07713792029123387,20.58998984521979,281.32228294277166,0.06387161265879679,2.474750086476679
0.6832963793448134,0.07726998438795805,29.6404621280789,269.7843551706977,0.06632906356998183,2.5428740957404705
0.09005834948780278,0.07672303891689634,29.874458182369775,290.0283651445168,0.06542841168567817,2.480524230788675
0.013831503622005706,0.0766728961350193,29.727916064099276,290.1897739108257,0.06544449764657556,2.4142709494437504
0.013865870634823847,0.0771994761656505,29.917259700004085,280.536285968044,0.06633072958468891,2.4543001586510833
0.04549256700311349,0.07767481536311294,29.976598667620333,311.4013979859553,0.0674291263048245,2.548036091155452
0.05143873679301185,0.07653544307593359,29.55411664382193,287.19203717871414,0.06527258911200423,2.4189924660292377
0.018493947008015967,0.07670501479432897,29.7231457442796,330.8893310679017,0.06597034691138792,2.5484047409138495
42.248495603534295,0.07664004227649267,29.580633978895,146.64768826690113,0.06124810558034946,3.982316138076976
0.01862964162703667,0.07738060509114411,29.94472379139236,272.7434654448206,0.06586874146126914,2.3580968937934137
0.6541906446411688,0.07608699274280353,29.806498338606506,307.5007030780191,0.06564242051266803,2.4151430963080958
0.14332668375075092,0.07656533533417118,29.966306794425588,287.23748532348384,0.06550190020984309,2.402650976174802
2.4329247061377286,0.07803507274805326,29.916206840509368,312.2956830376529,0.06498213723639501,2.534796401573802
20.378386338867266,0.07765890611785371,29.751685069352135,334.81992021878307,0.0650591575617172,3.8858054523081647
0.7290940450185546,0.07551204749950878,29.85489323986706,288.6021912774877,0.06557631303024875,2.457424745721255
337.1364052436852,0.07672640649129632,6.815269545847688,231.35706149565618,0.06774820555550909,2.386373068727075
0.14513593502436864,0.0779390397773663,29.90921516974062,290.1077381452877,0.07071118216618821,3.0692941025110727
25.67228127974895,0.07775276166841713,29.85159882802692,286.5118773122091,0.07393063733010222,2.462044175243493
620.5502161259208,0.07770346052838346,0.4310302957954715,268.0409178280556,0.06151395856634348,2.591386110288588
0.04316972080955008,0.07621953473055056,29.82651558684949,320.7270859352071,0.0656831656485764,2.5405759275146016
420.21574856520505,0.07567853577894572,3.965248973421952,296.3657264299826,0.06819489881717417,2.5328204360613364
1.7231261856288587,0.07567059234372031,29.963171053697202,301.2926557378845,0.06609722463213047,2.4496248379381322
0.03178761164268075,0.07718618305409004,29.983486202272132,302.35458027053494,0.0673510057720321,2.6065388298894505
0.014053789450301652,0.07619594813152458,29.789929253738926,297.07920099934205,0.06515062418354325,2.466873248814397
0.04224107478872978,0.0765175738137123,29.836024912286767,295.6928658997189,0.06602700352571103,2.4995552337632376
0.06719646039369276,0.07612628545766144,29.756133003073675,297.52724408576853,0.06567860239601594,2.4938554601260146
1.3298250796638569,0.0771482291854894,29.851944199522492,297.67610123718976,0.06471678118276322,2.516446529967994
0.7424634781005985,0.07803849276388782,29.997957975419297,308.4509448043063,0.06775480446701376,2.415085404861898
1.0098508937392994,0.07752490235879617,29.79882940423164,305.4763814249212,0.06570302232836886,2.553888827970631
202.31321046567655,0.07880779885468789,12.664765478737277,213.91021868573932,0.06830943277860455,2.3923078970047342
0.15442935685355835,0.07756443551810678,29.998290629169873,298.18710983954594,0.06762656797759775,2.5312713407881526
89.7900382801055,0.07765110238926036,18.53574730351467,256.165132420164,0.06659950212785923,2.4161362571328704
0.03318530810031999,0.07893374713934577,29.8857076607856,252.18715977873012,0.06876958259180155,2.466360964048554
0.29276370515287636,0.07738760194999347,29.692950133204043,295.93107602198154,0.06715753540353167,2.627889569122294
0.01412906803800264,0.07682434643348378,29.85753378471611,286.4420061110328,0.06580960061732369,2.4526034614073735
0.12964506623270272,0.07742342365000845,29.92910118054013,294.4909888774972,0.06733525996916354,2.6443209621173223
0.02153737096005694,0.07597941780155001,29.830944587592874,301.9239876058547,0.06524102208330779,2.5106202104933137
0.013819205670078466,0.07713652747446756,29.89375257013109,290.1596613681139,0.06653645674572842,2.5018881699163433
2.628161118904809,0.0766455073569282,29.57340038904203,335.6518734318531,0.06309631597679238,2.504816226396181
0.049583727596037006,0.07739427107212991,29.988003146781757,297.89620546000185,0.06683803084630324,2.49360398169929
0.9606890910603911,0.07531060248908635,29.87927654738173,293.4675853965143,0.06607681347287322,2.5362868260364655
0.6532726743177764,0.077394840998069,29.837298124067836,286.1613804602397,0.06569353830258867,2.50468045842854
0.014123661404371178,0.07624817989582108,29.847534624027126,297.6914839218761,0.06531896941950685,2.489029122777766
392.1438749746088,0.07765079676966434,6.282652287793393,302.1053339562154,0.06532045993893007,2.4856732497576477
0.0752543880393453,0.07764811780178812,29.98410470600344,386.20774672899825,0.06690473384954695,2.6834259227096684
0.12503995886419506,0.07594569751604392,29.86885241963844,302.6884591175134,0.06476769603471114,2.551773736707432
0.01392318412821921,0.07662762165294358,29.680132821858713,300.8415869981676,0.06590783380070286,2.4832586980022437
391.1622665829797,0.07706831020886742,5.932104699779895,272.43637269412955,0.0664020510683298,2.5041285890248988
10.246192550442968,0.07799215773496863,25.7806256294288,296.4063252961291,0.06727313647658156,2.445875170444283
0.01388422675895105,0.07707887023081048,29.855002136211198,310.866913462624,0.06711633573473058,2.6120795936976973
0.013816743311696394,0.07750292933392867,29.950039743163963,287.0253019397535,0.06691835062695081,2.498810547109888
0.09313755711047572,0.07704821432847023,29.934012858502243,322.143333132115,0.06617528970385378,2.477057500066868
0.07410645771914522,0.07644171653690057,29.585210096627506,293.53836491987624,0.06586264374355749,2.5280273003707916
0.05743046020153218,0.07670128882076103,29.86880754595333,302.3418482835831,0.06544449764657556,2.4142709494437504
0.01774916106027831,0.07695061112414994,29.917259700004085,245.04462040057646,0.06655039915055388,2.4359663447090254
0.300467463009489,0.0773940518157425,29.44215741911777,277.5602547971963,0.06695734774424095,2.525414939643421
0.01452763025888961,0.07547595331266356,29.572056531334688,321.23310448339015,0.0645398271440708,2.5016376413643657
0.09157612638282245,0.07575452708546608,29.939417257580484,332.85847613641056,0.06555633766631527,2.614620617230604
0.6053806376970252,0.07664004227649267,29.763758054329042,295.2228815668887,0.06521572099286196,2.559005346448267
0.014015665462654026,0.07724327209740868,29.981317222234253,280.8953002499691,0.06652826345273097,2.486120160715199
0.06097500848497935,0.07626602897285467,29.553669931428892,297.88409555700775,0.06514304187452391,2.4639952941544765
0.6862460997385015,0.07815266022011225,29.79860061128896,243.47367460233352,0.0676422371904134,2.5435369775269914
3.3803641565151934,0.07803507274805326,29.12997069179481,461.0880528414628,0.06780229768505369,3.0739281871222066
0.10373485871985112,0.07723607818445398,29.669647313866108,283.3244353953778,0.06675462824345818,2.5248253784459656
0.01922780076531603,0.07634942072313847,29.751634431311828,302.768321124763,0.06646676619317754,2.5977758546291074
0.014192801581085634,0.07662319839652633,29.757863791730415,295.25371074835004,0.06551482284350185,2.4392753084567795
143.82362687796515,0.07626927658554362,19.476320728301296,106.78311611483701,0.06172449932334684,2.653858118093601
128.82651353407203,0.07384556160682773,29.53269356983848,595.2884121577183,0.07393063733010222,2.528759325429601
0.12930672595077683,0.07292098541255104,29.834017557930366,293.75929505693415,0.06151395856634348,2.4939777904373903
0.30470359178842377,0.07716028308952232,29.895977261876702,290.15219088008837,0.06569866323748874,2.5041757521443
0.343718848951693,0.07673026352493507,29.390964066851797,328.73318551296563,0.06608947855654945,2.6040966381103257
0.724023369385943,0.07601351817376126,29.803540240533238,292.9915420440582,0.06609722463213047,2.4458988783981996
0.014074443806640453,0.07747955678303027,29.900437960708476,272.5695001384705,0.06674021384614678,2.4502226406541006
1.0879497505919862,0.07619594813152458,29.927521770710264,276.8843018845388,0.06663465990824843,2.4385775561997924
0.1106385329633745,0.07677379421411534,29.906235299057464,319.2413546983172,0.0656944603557939,2.4454931776250333
0.39501783946131663,0.0759109249618851,29.546089841503992,310.0680892750812,0.06468090513816446,2.5622103113895225
0.25764611695485157,0.07524044630018593,29.917780741208933,272.7540845725905,0.06581951466865388,2.582233544566198
0.013928514380316486,0.07639983669901201,29.804567729689943,303.5537238475373,0.06597018880794131,2.5540666948211146
0.4373397550320217,0.07776112318180334,29.691757879482605,273.19719880709954,0.06717237002185966,2.553888827970631
0.04666227849692973,0.07776112318180334,29.306189519391896,353.94331113403223,0.06717237002185966,2.4665294897918075
0.1492742040452053,0.0767006514117572,29.8574589553078,299.6120904524647,0.06597321435516082,2.584211509891974
0.9833110294376899,0.07663815327387584,29.823591371894043,294.8874249302402,0.0678635712006419,2.546297653390599
0.10182045601918323,0.07725150790155251,29.8857076607856,288.4745978891913,0.06699997154518236,2.4808799928226546
0.060795148028437496,0.07686472308526623,29.682231998069895,324.53531635825425,0.06585271351266866,2.4424681679134173
0.06918135957651061,0.07627399552733694,29.732801127198517,307.30578348806694,0.06568789498493846,2.578917459134034
6.1162070232586,0.07826234039078135,28.94914067101456,464.44723475068787,0.06738446463860912,3.1041119175370193
0.2913648297843078,0.07732354668150054,29.968304319821726,276.414050266868,0.0670000974986949,2.4207109607553154
0.013812803656317324,0.07666222402668074,29.828684900465255,294.2926276892116,0.06579267540937267,2.4788349476750513
0.04258570104744164,0.0766455073569282,29.813879346279478,305.4779619868799,0.06576892012571262,2.528171096927898
0.01446041825951958,0.07709486147411665,29.756341825411535,297.89620546000185,0.06637356713817025,2.475855230619872
1.162818624881734,0.07733823464065931,29.931212608825202,347.3044172136176,0.06453363748657451,2.5362868260364655
0.07643358969804569,0.07646985194172051,29.837298124067836,295.5430015504374,0.06578953839210941,2.462797698192307
0.06065743215454597,0.07711618266115444,29.712603210071556,280.2819241217268,0.06601929457221536,2.439987882133096
0.07380545830563853,0.07624955165793622,29.920448928885037,302.1053339562154,0.06595866987044069,2.5413483907100654
106.27382171046534,0.0756728721785047,18.25209259983999,244.22108538562082,0.06530538205060168,2.6834259227096684
0.1872054791889402,0.07625381748210755,29.80105922516247,289.64492197874995,0.06570605406658422,2.6057788662461796
0.054866755994917624,0.07694720630349729,29.72513796354793,290.21919767300267,0.06618470162753068,2.5002172649868606
0.0166725716045433,0.07516206308736303,29.72490033905223,322.36262809663623,0.06431451777250785,2.5461412249872786
0.9514679705925012,0.07818041553932972,29.860638971462087,296.4063252961291,0.06553378597362683,2.428392333314978
0.32334167071901043,0.07657354752761855,29.845710280318464,294.3865127729556,0.06579697550626856,2.6120795936976973
0.014205854060573456,0.07708269183090066,29.917570978470852,299.9962553894105,0.06712058227602088,2.609420008878706
0.01577269400315284,0.074919000079436,29.597925132959894,334.81855716097516,0.06350345651519784,2.5001322150622016
0.02842898317281758,0.0764073618112716,29.924586092814597,227.02508958470634,0.06542841168567817,2.382259427264307
0.013823081427177416,0.07638115878699031,29.67133398094773,309.91454484168094,0.06544449764657556,2.478500888107143
0.01423445347666109,0.07612253102411215,29.745653840265415,353.17262126492454,0.06546189589264395,2.592127719377791
0.3212234598545375,0.07564365005002031,29.42239327514234,326.3602840296244,0.06432227779891941,2.549513670212327
0.8170789586593448,0.075530636058202,29.445395928109953,331.79498663150764,0.0651300688659768,2.3990913028128635
0.014716433048142082,0.07602097252356683,29.70730115254078,299.3990844782362,0.06446164356264536,2.400910080595386
1.4926104354517529,0.0775034165502928,29.87939817894238,275.18329986753815,0.0656587679803182,2.559005346448267
0.013886604233527042,0.07831127706790653,29.875061505428683,277.4693575302674,0.06788003172100879,2.4712012519167383
0.021103423737484323,0.07681000319096805,29.864564251694162,285.15113403815747,0.06564242051266803,2.4154047742402236
0.03238004184177791,0.07687960296860129,29.798438330807276,304.47398281860717,0.06630406353082932,2.494734998282883
0.013852355640447761,0.07760596750642125,29.903659083969576,296.3037827623406,0.06731748820856148,2.5408417247476613
0.041507298216326836,0.07717501805107747,29.721411773881208,301.2332709961522,0.07424258332693559,3.8858054523081647
0.014450159573369308,0.0760645557453283,29.843917232991217,284.66131964180335,0.06472199059990408,2.4224682644964766
5.40390706612034,0.07672640649129632,26.918261868765406,256.3929146412113,0.06620961590774654,2.4344625405117455
383.1914851086077,0.07730163959159314,5.474099153266394,213.49062588056216,0.06800563492933334,2.36881112689368
43.075634297558864,0.07634132645132154,29.890409731580228,292.1871372977853,0.07393063733010222,2.455779466961756
1.1275116855498029,0.07724672421149925,29.89241289778967,277.94205351027404,0.06580484305781353,2.591386110288588
0.013834127509000182,0.0775888192889683,29.964926964300204,285.28885126160947,0.06720493753134599,2.519507244391919
0.01384951611077724,0.07685279957008379,29.827289448117995,313.9611094449511,0.06678465231654251,2.607162248744421
0.16719081233698957,0.07775286771595848,29.85520958312581,329.1231165761167,0.06719685626481167,2.4788123826549713
0.07890626304247417,0.07780240485294414,29.752803032755832,302.35458027053494,0.06736956598203489,2.5556701052588373
0.03789964590357525,0.07726740684528247,29.789929253738926,297.07920099934205,0.06617355122106466,2.4098442100829662
424.74595082777495,0.0771941539629968,5.367872855552758,270.7906886696222,0.06602700352571103,2.6138906561432544
0.025886145783593342,0.0772314644844871,29.855232612068463,284.75563109349787,0.06565433016332053,2.355142211160356
0.014074841523360096,0.07550349392766237,29.397695278654,347.6800304646596,0.0648461404714922,2.5512717922459585
0.013913251179535735,0.07576345707881041,29.859524350917567,303.5537238475373,0.06494707306468181,2.5346209854669333
0.11517862645927607,0.07607659765281025,29.906455693201465,279.07709136036425,0.06493953297502963,2.391945200325008
7.545414539825929,0.0753551132221195,29.306189519391896,353.94331113403223,0.06635248394408882,2.2858091714780704
3.1507643378890853,0.07670025864399777,29.593573970662373,298.18710983954594,0.06762656797759775,2.3534237571016012
1.1904814998222093,0.0777872680235558,29.998281287318505,294.8874249302402,0.0678635712006419,2.399188353280329
0.013945554773787096,0.07648727005351968,29.872462441163833,299.749866860813,0.06569242609968617,2.511375709819924
1.2993258259555343,0.07629610770687902,29.81972829342061,294.47375997130735,0.06701913221946265,2.466096061580641
129.10923046924353,0.07511361281112439,16.824063373232278,277.95905134055505,0.06568789498493846,2.866731847306095
0.022514121195195233,0.07785292913650597,29.92910118054013,293.85809672818425,0.06789035449325853,2.557739387517401
233.04288522643827,0.07872973126604768,11.374622587839603,247.69471336064464,0.06832027781553207,2.4648544695366605
45.320291084756974,0.07666222402668074,21.35068635997762,217.68036585139453,0.06626600715619171,2.33191293858322
0.10231133335738526,0.0766455073569282,29.768296495271663,282.2495361404748,0.06610571321841346,2.4330103848748315
2.72442564699355,0.07738879303872627,29.55186694536021,325.698610017012,0.064208969275307,2.5153608217404857
0.49387845735605496,0.07531060248908635,29.766648224182507,311.4124013112371,0.0655612216280207,2.53826897568982
0.1448871600114767,0.07817538810831372,29.960404538285207,267.770124851624,0.06739695026086898,2.4953532756885335
4.271981703178887,0.07531646454331473,29.955387124873603,271.1556668589027,0.06760731369419098,2.489953178402065
1.7237424085862623,0.07624955165793622,29.980153279051606,280.6914095753888,0.06726596559810594,2.470730055065036
0.014049175374170445,0.0762830411367886,29.974544600047135,300.30529999275143,0.06549370313538924,2.5309648695885976
0.01384135847078383,0.07756134227831314,29.87404111560392,291.4495233375432,0.06728784409369779,2.5312866421743694
224.99262904173008,0.07772101576336203,11.697188027754168,290.21919767300267,0.06773398815960999,2.5745813661172816
211.01781075656208,0.07679041545269123,12.042796758886857,239.35350351124583,0.06683372591707326,2.4406200429301546
2.0027737997146673,0.07648196994388602,29.89444725584803,294.66148005902494,0.06802259680041886,2.520621688106415
199.6365443614582,0.07868268048558046,13.531537755184267,248.54228342224283,0.06711633573473058,2.5113950279196544
0.39824307474958986,0.07750292933392867,29.893221336316095,286.4819165868406,0.06638740124587464,2.5471397545413668
0.015605459724787017,0.07754555888304993,29.879653919871622,274.04407632343674,0.06543882827270467,2.291197745848968
0.9856635511166862,0.07742032548965304,29.924586092814597,268.8459654227677,0.06542841168567817,2.489570477851481
0.12103431316357777,0.07780516943061282,29.433330722021694,374.28337657988493,0.07278955036239032,3.600926778541028
0.1936154329051844,0.07570108792510381,29.917259700004085,329.4627718245472,0.06466055052078606,2.473290820422946
516.4334097499802,0.0776131293348841,2.311170806269466,257.8961272066192,0.06687852642853259,2.549513670212327
0.10481495230002849,0.07765587980843483,29.905752998752202,331.79498663150764,0.06740445233246611,2.5451744190935006
0.013936879048953991,0.07587072039616391,29.746659930422247,304.55404130610884,0.06498600442853367,2.501965462849493
0.014181820927427171,0.07776395694245,29.91307799177443,272.2677496935877,0.06668645264813333,2.4008387242292297
0.8901974297957325,0.078080281030125,29.84521425761285,277.4693575302674,0.06570821142988503,2.4215937805517287
13.799728292138258,0.07802921717173945,25.282573686128725,247.74185929756902,0.06763610141106169,2.4151430963080958
0.014780413688421448,0.07501134330949796,29.527306656175853,328.38677552572466,0.0640604105191106,2.517762906753493
0.024964125204276395,0.07654279929570777,29.736790956714934,296.3037827623406,0.06532492897944983,2.4118147783805637
0.3866680391721057,0.07658608573866181,29.238044358977817,292.251841431512,0.06600303667266025,2.537009427961867
0.01493331659889384,0.07499625913906485,29.751634431311828,317.7243524563296,0.06370208944114603,2.499031895677503
0.01550150249775794,0.07709512191617134,29.64656004771988,305.7838592672016,0.06623318061957098,2.4675586375472993
0.022615737347479768,0.07575040583846408,29.90921516974062,290.1077381452877,0.06456427410934337,2.4564841078174537
1.3590410729187616,0.07778223782107777,18.799844136931185,595.2884121577183,0.07393063733010222,2.2914790501605853
0.01382319289888213,0.07657193098238932,29.808778099576895,287.7578796796997,0.06556958870714288,2.4511441723398395
0.014551916595236383,0.07768535967282483,29.795380094825887,290.1738370823839,0.06737740352205235,2.5041907477600858
0.014010620185360888,0.07716589629932728,29.84640350708426,291.3490858609346,0.06653308667920657,2.495024215861984
542.5947440520737,0.07768626883246339,1.0669740895143924,258.4177019021402,0.06667356681265843,2.422378407686389
0.2993096999357167,0.07664248670406341,29.811808978339087,281.02939734798366,0.06536373786785979,2.5107699763174924
0.014076128377687909,0.0759206837461872,29.789929253738926,342.1522127332055,0.06472659140092199,2.5304231646024147
0.10168473821250631,0.07582509241904233,29.89748667104056,284.4833150731434,0.06477398584052668,2.538254460550914
27.673826556998577,0.07762024546362817,23.430061607921548,261.9421116417179,0.06582976772603508,2.3053887756625087
0.18128833856129967,0.07764555747396154,29.941511644519185,347.6800304646596,0.06768197125189843,2.590101245297088
66.78840743993402,0.0777216615492903,20.109334850775245,286.9747872075251,0.06729792754053507,2.5346209854669333
5.758653732088259,0.0768078421247972,26.757499517002582,305.4763814249212,0.06548802710628909,2.4137341760652626
0.3136525074179663,0.07837084229674353,29.306189519391896,279.1841675156528,0.06810803244471375,2.5083479353371514
0.17718645436779037,0.07756443551810678,29.886878286424242,285.9391841947884,0.06762656797759775,2.4868099415970493
0.017488657881839127,0.07754555888304993,29.759844688931583,274.04407632343674,0.06562005599485177,2.291197745848968
136.83496062594628,0.07832041854568965,15.83405116459897,208.1607240405878,0.06699997154518236,2.302750142525708
237.29162733465344,0.07822458081712243,10.954780891983685,324.53531635825425,0.06798339762225175,2.530360610749872
26.568317298867548,0.0784581879437371,28.45516564120399,309.2951550555233,0.06568789498493846,3.402031067461795
0.6617849773914106,0.07712029097764024,29.767089137567922,302.2902583691433,0.06517293615940589,2.4990741918239268
0.07016021254872634,0.07612325288734173,29.830944587592874,333.3956719371475,0.06559065186992083,2.55041956139636
1.218374113104745,0.07569440740846811,29.801489868512636,302.87320919777846,0.06579267540937267,2.4265670220564406
0.019287381211651244,0.07634686412610445,29.872220757268657,282.4963611846197,0.0645225534854614,2.3533451825682556
0.23778243686525466,0.07738879303872627,29.823268537393385,297.89620546000185,0.06738487665666829,2.481387592755444
0.3368795422758282,0.07758729789687019,29.378969253081067,221.0084673320626,0.06682713142797989,2.3618906665370485
0.10871030080833619,0.07591582146444205,29.680386887837418,301.6805250083777,0.06459249852206778,2.4953532756885335
0.9724000200389818,0.07531646454331473,29.502324756924565,259.5359666136634,0.0683445373616211,2.698491225043023
0.013828617907226962,0.07649171138513297,29.885846959129317,303.9644751325202,0.06592729199738395,2.54718967186209
0.5345307432016724,0.07725703494116487,29.88612338698332,259.70198456071,0.06735282036882298,2.6834259227096684
0.02633428341800452,0.07756134227831314,29.971097884896736,291.4495233375432,0.06698412410169502,2.5312866421743694
315.1401089239692,0.07816679751783008,8.293231217793217,278.83289359231287,0.06803850314705379,2.53976045584933
0.020838483336799652,0.07743692678493336,29.99697284197611,273.80409951923644,0.06586745920161233,2.3574107930338704
0.023733606362326375,0.07601838801586355,29.79563886334222,300.5407479096769,0.06474934438684671,2.4363818172334604
0.8429511546501166,0.07752525287962056,29.855002136211198,269.5006580550589,0.06673417522976546,2.6120795936976973
33.70958041071757,0.07628335236775784,29.950039743163963,64.69555810508211,0.06097392079798214,2.749812378219998
0.014036959473436778,0.07823161386391475,29.982355641356015,285.39091527393396,0.06817214137878466,2.546027461966571
0.04656115191025151,0.07722086298285269,29.833659815497544,293.53836491987624,0.06627090048656867,2.489570477851481
0.08195820861911417,0.07638115878699031,29.734758438832294,302.7124688590834,0.06544449764657556,2.5293051756146028
0.059385542885452385,0.07650882769549094,29.78713252131009,280.536285968044,0.06593126011131342,2.530585273583514
312.46796916166903,0.0772667834330529,8.852832871629895,271.5181840802719,0.06618771774301269,2.549513670212327
0.880956042753575,0.07730001244540641,29.936980973106163,285.5272672571629,0.0651300688659768,2.4925056769592384
1.3957458039703643,0.07725509532320832,29.894781029478143,272.28699348240355,0.06498600442853367,2.501965462849493
1.7565889368804042,0.07594831609497474,29.591658007506176,312.2757902103108,0.06638126309873071,2.404837706021298
553.7758277512341,0.07718044769885443,0.6700230995906828,256.8530863641552,0.065647661742569,2.3520178604720106
0.5861417809880932,0.07681000319096805,29.553669931428892,251.5435079854914,0.06828080140420967,2.487111356771884
14.514809974478903,0.07876227153451841,28.665197786650964,510.6939511644093,0.07295275308429078,2.5435369775269914
1.334366854823275,0.07760596750642125,29.903659083969576,321.89646634781684,0.06476643413918298,2.5002583526089306
12.464388554583032,0.0762147090540808,29.76993062839041,295.67624962520847,0.06545972868553901,3.8858054523081647
106.17790581306963,0.07551204749950878,17.670747536140524,247.93718368197932,0.06492012637887515,2.5166697302797094
0.013817896781113153,0.07639384095744783,29.799857625710878,288.43721206042215,0.0651939324786443,2.433118784245029
0.12995840023267535,0.07730163959159314,28.581117993737323,507.0985871827961,0.06685631241947818,2.517787886420684
11.899943552215728,0.07826420010138616,29.686258130417386,595.2884121577183,0.06599262767850717,3.585957160736797
20.714736696827377,0.07657193098238932,28.4977592748267,531.2332804545097,0.07076005542862765,2.4511441723398395
2.0480708374112084,0.07708667901798885,28.4977592748267,307.4769500258561,0.07076005542862765,3.2947705180579265
1.3644076422464937,0.07567853577894572,29.916274125840932,311.06406608832185,0.0670909022640093,2.6054945448909743
0.01405160871627483,0.07626537128582249,29.84162749935249,292.3752300996068,0.06503586085580398,2.443881123797855
2.2681574587506033,0.07780240485294414,29.66785415362344,302.35458027053494,0.06551880245582173,2.5682320098293117
92.46989064961829,0.07794609651201984,18.21027845910357,297.07920099934205,0.06787929590246303,2.5624767072235577
0.0537248639716708,0.07653991340693911,29.632111815726446,232.12851141719017,0.06602700352571103,2.4120742588479733
0.021475704556352865,0.07612628545766144,29.382700630236045,295.269942071979,0.06539733070876844,2.458057567594154
0.13808834030786604,0.07605222899633592,29.72230240858096,347.6800304646596,0.06477182462851161,2.4436277939260878
13.905384949188399,0.07881356560876167,28.81121056637592,490.03612289354555,0.0728435036300927,2.5346209854669333
1.0056625025605026,0.07607659765281025,29.852607839718722,305.4763814249212,0.06604467062308139,2.4316451401790076
0.4190012254160108,0.07695135067850979,29.72514726767813,301.9380251586553,0.06463985948333109,2.4208898200448545
0.02987767180641095,0.07701542712558222,29.88598678918853,298.18710983954594,0.066196853775087,2.4678498263361623
0.01391763200012372,0.07675392631981073,29.944075100468183,290.33563616290235,0.06634723361476577,2.5471371949328234
0.013979030266436926,0.07683468366167266,29.806630573001634,294.9688777936659,0.0660132726295048,2.4756241035503663
0.5849197208231258,0.07689190675345313,29.710185222520288,306.4101214103469,0.06548511645500202,2.5597335836244866
1.006842661223143,0.07733163730662701,29.91107623145521,307.743642793787,0.06568789498493846,2.605700559281338
7.616371086005831,0.07768922128384603,25.780157496866646,302.7095269454645,0.06738446463860912,2.4235340656847333
0.03354901210517,0.0752380403730002,29.830944587592874,304.17946865444253,0.06382421828517187,2.4473141253821646
0.49172572101682427,0.07585660329315635,29.780619787368423,299.228988997686,0.06579267540937267,2.4669728744530492
0.08897715904818781,0.07667354962414187,29.918385813793762,318.95317196954295,0.06576892012571262,2.4762356126912373
0.03924296168021624,0.07547953889059388,29.69657198652857,297.89620546000185,0.06524433168682045,2.545695692759843
2.1745911453826916,0.07531060248908635,29.378969253081067,277.46148233873384,0.06775067208548616,2.5362868260364655
0.014277965424691771,0.07736650398106237,29.85099103357468,293.1943269018662,0.06673966217702323,2.488173062027379
314.21654276365257,0.07733821051900458,8.486653077139918,252.765466081048,0.06643219788806251,2.454299474935566
0.014138844070658983,0.07649171138513297,29.867175636840383,303.9644751325202,0.06592729199738395,2.54718967186209
1.9010576719219152,0.07770171570055646,29.947491026616337,297.392306349285,0.06530538205060168,2.5690284892847606
0.014115637798506738,0.0769545936029462,29.87404111560392,295.9508255405586,0.06646811356631141,2.5312866421743694
0.25293330007743636,0.07694720630349729,28.50153132386211,535.0153032222152,0.07208047447322682,3.363794952732966
0.01403971836504489,0.07700523221908809,29.775735074008836,292.44973234635097,0.06625165728458601,2.469983310648927
26.834845399738732,0.07648196994388602,22.709975805545845,250.37250626621517,0.06830429929780682,2.564264162581149
0.045069404369892575,0.07683327289497202,29.855002136211198,283.45916015901963,0.06647322910938544,2.5573928668607464
0.2678494281625619,0.07482772747918008,29.950039743163963,349.69624154488906,0.06365168504599475,2.5025686290712486
0.13805944035308199,0.07635751311458583,29.981299755813087,322.143333132115,0.06543882827270467,2.4824859196009417
206.68848914538626,0.07563105668796782,13.809666593087563,293.53836491987624,0.05966696036255806,2.2661615274249107
0.014272473214846954,0.07693420503896982,29.670790149425706,309.3987510365632,0.0661512277287202,2.478500888107143
0.028576539890028473,0.07703152833875285,29.917259700004085,280.536285968044,0.06661948220127034,2.538800380459348
0.017895079394193325,0.07757941777000534,29.744222764629775,311.4013979859553,0.06683274640988368,2.4753385780450325
0.33417848865840005,0.07580308022345765,29.84953545581331,354.85948800203766,0.0661201586173312,2.636503644254038
0.8239494715480535,0.07749766505341268,29.900453838270053,271.9980992583156,0.06498600442853367,2.4114130843802997
0.1299098136558344,0.07664004227649267,29.943177367448037,282.7126965498364,0.06638126309873071,2.485594077972434
509.0233344895513,0.07798063613774199,2.0968928392282056,271.539568588467,0.06721555312738386,2.4465858737649087
0.013916871134485972,0.07674898048312435,29.945816488714357,290.33861570451893,0.06635177643555162,2.5487615827718946
0.03207198126937663,0.07765323988284713,29.961074824349232,304.47398281860717,0.06746260675380333,2.5495079658336888
1.0705624129608355,0.07625863537005348,29.556401756273768,329.2814829018964,0.06731748820856148,2.5408417247476613
708.661605405524,0.07683989305606494,0.015863714311489474,263.6206528936558,0.0656471391217637,3.8858054523081647
0.014049479838530258,0.07719606505967078,29.785938482491936,317.7243524563296,0.06729707481776848,2.6211196134054147
0.026660520454892835,0.07614113882648396,29.799857625710878,312.33716446437603,0.06525129583830677,2.493781338720169
1.6192674397812246,0.07730163959159314,29.90921516974062,290.1077381452877,0.0653880792701767,2.601330854869429
9.099134048014335,0.07771911926251301,29.936764649226223,298.33045321212563,0.06776950342297894,3.585957160736797
0.30256113237322146,0.07500922570315934,29.808778099576895,325.17859623829736,0.06397851616826014,2.4511441723398395
0.16627912693499697,0.07700879198959495,29.82651558684949,307.4769500258561,0.06535016868709767,2.335869951854731
0.5397306753675518,0.07501378487187092,29.390964066851797,356.57010232681995,0.0659386340912784,2.629655999936862
32.58345405666181,0.07567059234372031,21.971655015505448,348.6616317246992,0.06609722463213047,2.5453549627615613
1.479103777056779,0.07780240485294414,29.632753806330705,302.35458027053494,0.06526022293193498,2.469967381630565
0.013836630537843883,0.07655021667324516,29.934607006915883,286.0501062512021,0.0658131135607255,2.5019066036474196
11.365269224668557,0.07749384870406169,28.53514425374629,526.5276147057676,0.06602700352571103,3.303919292560071
326.9131881299492,0.07789089647881597,8.167145111737216,300.69636153804026,0.06701005253804337,2.5622103113895225
3.9100873426432567,0.07825079559252865,29.397695278654,284.22007389490363,0.0648461404714922,2.443649871815129
0.1206758839760153,0.07576345707881041,29.698368831706826,306.59397870816184,0.06494707306468181,2.4479144561685517
238.94917918505516,0.07607659765281025,10.136079840250996,305.4763814249212,0.06752406682403087,2.497910582349152
0.23512087681231655,0.07780948120403328,29.334276439329575,353.94331113403223,0.07272566011330797,3.559974157129824
0.3798199770452424,0.07756443551810678,29.886878286424242,298.18710983954594,0.06655387885704953,2.5755191211313933
0.014771235622057923,0.07785762744376218,29.943702480873274,297.80210754791204,0.06806166723732704,2.601168440821046
0.08370669608836254,0.07702042474051014,29.783237432959528,307.772563046791,0.0656617493308855,2.4772908746372826
0.014223350065434548,0.07507308899995795,29.692950133204043,324.53531635825425,0.06478513986044848,2.627889569122294
0.01406159486762674,0.0770583661383194,29.679357903108105,316.8154251362033,0.06668873417829191,2.5451984045581524
0.7099378755731145,0.07784424470237097,29.973003348812682,302.7095269454645,0.06676952699166605,2.325668190016816
0.031673545247845866,0.07613436113640017,29.830944587592874,298.98934849945476,0.06486503437489508,2.4298331496172842
0.01384754675703146,0.07716685698196457,29.932575968854568,284.09394203691,0.06641655146664058,2.480389706965818
56.563521937987375,0.07748984614619488,20.078554523676257,318.95317196954295,0.06746996275694764,2.4762356126912373
184.09688814437567,0.07738879303872627,13.565092163000527,276.9030646306321,0.06707909305879267,2.545695692759843
3.8308733533747166,0.077886835776447,29.96028515264735,295.1289866471165,0.06453363748657451,2.5692976460497787
0.014285752835915195,0.07739057731826685,29.871740699474802,303.1759371747521,0.06739180973834691,2.5944189058355827
15.059434329703766,0.07531646454331473,23.976405695007507,266.92139376521783,0.0680758990285937,2.698491225043023
0.013920515198769589,0.07677788771746309,29.747091847645283,287.2491751220443,0.0661814684003258,2.485723287863425
324.7404815856114,0.0756728721785047,7.3159315749634235,244.79879488812273,0.06698919402166659,2.4484056616969694
0.014227887416189817,0.07675560267802624,29.986061631514865,291.4495233375432,0.06617419248961462,2.5281597806735983
0.014410976433874852,0.07694720630349729,29.76723122797621,321.02723338174076,0.0669702610695797,2.621856908954427
0.013835661214182046,0.07659589930571088,29.79728997733624,309.97051277248033,0.06633372175972171,2.577493675186105
0.04082423098285444,0.07648196994388602,29.93232322440438,296.4063252961291,0.06553378597362683,2.527766623341361
0.020253131453850246,0.07707887023081048,29.855002136211198,323.6569233866087,0.06711633573473058,2.6180336178908803
0.01645242574879239,0.07569783615118426,29.950039743163963,295.9690388453703,0.0647919177833115,2.5171777782451277
0.013842207255017676,0.07619515072819862,29.785426786413062,288.8352691137932,0.0647925232446811,2.413514040559302
0.1256333197854323,0.0776239264929879,29.94670754085731,293.53836491987624,0.06742023513654846,2.489570477851481
0.07037475658158444,0.07699423117868594,29.67133398094773,284.2362714888377,0.06617458946216281,2.4799535187759725
0.421536431923294,0.07666009883159314,29.917259700004085,292.8724623148021,0.06633072958468891,2.4359667068747335
1.9879416588824563,0.0772667834330529,29.71217768341092,311.4013979859553,0.06470029227322927,2.549513670212327
0.5118109125851477,0.07613228083077787,29.513397909780807,304.1133073129715,0.0651300688659768,2.5874288461907944
420.59527814057867,0.07783234097283902,5.250181370346992,240.57736534733016,0.06676903578208887,2.501965462849493
0.04794924108459908,0.07776682372234628,29.98567478512316,214.07315038004458,0.06657339592858924,2.3141661128454087
1.1841319151848682,0.078080281030125,29.867562734291838,277.4693575302674,0.06555561244601732,2.4352143193125824
2.103057613182604,0.07777350493196136,28.55528716341602,290.33861570451893,0.07191611729002359,3.342287167290735
0.019051021526372766,0.07627623038400441,29.966306794425588,304.47398281860717,0.06540006669542198,2.5435369775269914
0.02140661208315798,0.07760596750642125,29.903659083969576,290.78221478921586,0.06668236962571655,2.4720902462795458
294.99750004156465,0.07765890611785371,9.472777369813784,254.18164616379752,0.07424258332693559,3.8858054523081647
0.1473298138539945,0.07723881123520455,29.904599371540147,317.7243524563296,0.06729707481776848,2.5579144048689018
0.09291483313433163,0.07592879749038302,29.64448544037524,313.46772640036386,0.06493254091191866,2.433118784245029
0.020423891659111678,0.07730163959159314,29.876992606298796,282.2782366987001,0.06668879999425978,2.4649988181892066
74.07159814851019,0.07593365384332225,29.92088074218122,595.2884121577183,0.07393063733010222,2.616403553192519
0.4674687129121746,0.07707675400767225,29.98765442499576,288.2416266951151,0.06556958870714288,2.540643702468955
0.04875968174008196,0.07702614879937945,29.82651558684949,317.47737265493976,0.06613309166789921,2.5405759275146016
0.5773320537354402,0.07755568598450217,29.390964066851797,213.4482898662888,0.06627162574081913,2.3230598421585973
0.0142267680812855,0.07647121339426165,29.667021905402763,278.7528986102385,0.06609722463213047,2.4867378360819075
0.2509912982038773,0.07857793287880846,29.811808978339087,248.99290168909715,0.06812501587847233,2.48727271209368
503.7630129516995,0.07554526497204161,6.464406315322236,35.448984516195196,0.05924308646433826,2.9800446616283987
553.2165816494023,0.07653991340693911,1.109609006584133,266.8230409359352,0.0660181024076153,2.538254460550914
0.01928111474630439,0.0767909702211035,29.894440411632615,310.0680892750812,0.06577800903256134,2.4806746469770364
0.014755930840844547,0.0760429734019002,29.845583496278667,293.6103936900236,0.0648461404714922,2.4538886130285786
0.7018968942805267,0.07843685986860915,29.859524350917567,242.5240791820255,0.06783500757950386,2.5346209854669333
0.01721418763935528,0.07607659765281025,29.691757879482605,359.07299181639337,0.06570302232836886,2.6464667654698193
17.814845368860894,0.0772519240535453,24.98464897448591,274.0017392020334,0.06692132813783663,2.541863889425748
0.8696386526866937,0.07756443551810678,29.923319729437353,302.12075160389907,0.06535626841856404,2.5049887517437788
0.2612050809428672,0.07675392631981073,29.944075100468183,309.61309023922774,0.06623215244654232,2.46781939358437
0.7223627615370197,0.07702042474051014,29.8857076607856,244.0285993797243,0.06864400830553463,2.5197214352380413
0.014197125940279082,0.07665299495502416,29.692950133204043,288.64400119478535,0.06521050040985718,2.3878542299445096
0.08090770441391007,0.07629430285215613,29.862354847803807,301.26603600953115,0.06515682900993552,2.525877576401221
66.53139237386901,0.07786601810344745,19.934739540439566,302.7095269454645,0.06759827805587545,2.5380788092284154
477.02818117736,0.07453720597491069,4.874120838129629,304.17946865444253,0.058472862738518205,2.5450429862911585
0.6217416735133585,0.07725071698653821,29.863617838979913,300.47020841606684,0.06579267540937267,2.564168006254156
18.270635852070868,0.07733064177606915,29.564802361988487,361.1376259736429,0.07192363168313679,2.4762356126912373
0.020364328159314035,0.07770102396852346,29.28967694873618,383.82503178501133,0.06707909305879267,2.545695692759843
0.21629917030417728,0.077825232334425,29.378969253081067,265.1148476542575,0.0668966472388518,2.4087904475590434
1.5591337674914447,0.07646985194172051,29.837298124067836,295.5430015504374,0.07395408069515083,3.58923661787417
0.2804960979490616,0.07531646454331473,29.923319729437353,302.12075160389907,0.06492230133260526,2.5049887517437788
0.014303416244915362,0.07728678537842891,29.973547123824773,272.4735674654787,0.06618661446659277,2.4171518920433748
0.4957312167451232,0.07815979477626475,29.200338695517146,273.3243583723521,0.06771402118536704,2.4912208115747525
0.29562679480258036,0.07756134227831314,29.94182446936648,295.42748693149986,0.06728784409369779,2.449960847444105
0.18296463470735416,0.07627831374827576,29.87602281464565,316.71090999159213,0.06616970322242566,2.5464314703142286
34.4816902604066,0.07824117945086707,24.210335505846444,264.70715420987653,0.06632581371209872,2.548597303876865
0.5306830766909371,0.07648196994388602,29.836167617321905,302.05929117200014,0.06652873649539265,2.4719889570127416
0.013826578997248979,0.07614179405608083,29.784526396785765,298.3504950465947,0.06511697504101657,2.4747513412397044
0.8284620373680371,0.07800708489587427,29.991216491571258,229.9193619358917,0.06696245613779572,2.498810547109888
0.01421404603536498,0.07646236824034705,29.72546154775165,285.6165000376735,0.06611996328950936,2.520717367931544
1.3006924637346857,0.07716788849671813,28.653412915231854,266.0387388848047,0.06597971109825695,2.412246889626247
0.015140504284545657,0.077371576624549,29.67133398094773,309.91454484168094,0.06648860717890384,2.4555415897365647
0.017605333397336657,0.07689117993293587,29.917259700004085,301.95937335715735,0.06633072958468891,2.5501390082657087
329.10416078500816,0.07668860993305485,11.803019281518594,221.10350605121823,0.061716409197069055,3.644639569353839
0.014584859606157742,0.07576380057687697,29.591234234792722,319.1370144567353,0.0651300688659768,2.5403837196203
0.013813802983875464,0.07670881035930278,29.77370525606721,286.7725096529959,0.06574336307533812,2.4449402797064423
0.4086168331872272,0.07633166183271274,29.763758054329042,281.44861820522965,0.06638126309873071,2.4466040703841205
2.0041788500292403,0.078080281030125,28.898964447596818,277.4693575302674,0.07067449452850699,3.068341555277593
0.030802825716627423,0.07674898048312435,29.955659504510706,288.17665878388044,0.06617295217028807,2.5487615827718946
0.1022317086562492,0.07656533533417118,29.90887571851392,280.4045872362643,0.06580230083856631,2.5435369775269914
0.01585758859406119,0.07653849876510826,29.903659083969576,291.07620920486875,0.06543118316165347,2.452417411264584
0.08318040059797552,0.07703522449285696,29.238044358977817,403.3292657920051,0.06651821767975472,2.522375362334314
0.8981112136168017,0.07719606505967078,29.898771516867093,317.7243524563296,0.06562358228460377,2.6211196134054147
0.1697547966774672,0.07627933762759878,29.806495570434205,301.7306847653657,0.06548318565761135,2.433118784245029
0.06433271603560006,0.0776140871327175,29.90921516974062,290.1077381452877,0.06685631241947818,2.517787886420684
27.734539599896916,0.07726017125696545,29.8885073690163,298.2256479021047,0.07393063733010222,2.518619062963711
0.014249514897276926,0.07640282151591268,29.838067275703075,336.7724538070398,0.06556412900433262,2.5536890129408025
0.04829784016845753,0.07669679307058191,29.82651558684949,307.4769500258561,0.0652754594800134,2.401765454782147
0.8024107943686158,0.07726808034597561,29.87292378570723,299.59617822150733,0.0659386340912784,2.6040966381103257
120.5911086890452,0.07594405392343925,18.830299596841652,329.1231165761167,0.06144342172180467,2.639792858398865
0.0271713556347953,0.07780240485294414,29.811808978339087,288.3631656268553,0.0673510057720321,2.5107699763174924
0.38159679104839606,0.07730202640658225,29.934607006915883,281.7106642977792,0.0658131135607255,2.5019066036474196
0.036550671920642194,0.07740611407214378,29.8766938907989,319.2413546983172,0.06691049349808822,2.5253095259370517
0.27517073834324823,0.0764666926580237,29.879598988693555,285.3580452038806,0.06543428868477746,2.5622103113895225
0.023148249042645196,0.0778964419370724,29.97035826684598,284.04579221818324,0.06768016205699343,2.5512717922459585
0.01389665203728831,0.07743724017278206,29.979738828815968,281.631485177335,0.0664323808836865,2.4441263874326067
0.014336955546226255,0.07697982056637792,29.798807392013615,305.4763814249212,0.06644731740103077,2.520955642691595
0.04964594142427524,0.0753551132221195,29.707566261783946,304.0932964201014,0.06463985948333109,2.5756948741030374
0.014565389275779526,0.07679660906706356,29.886878286424242,302.3944298501219,0.06644250624907619,2.5563181209018526
0.013809299582110326,0.07675392631981073,29.865097173535908,290.33563616290235,0.06594538987830537,2.48286490188001
0.013829178856458804,0.07647468262397875,29.838235078775618,295.1728711284483,0.06558632868368836,2.484348054876955
0.013849959557003461,0.07692522140804228,29.86196985541621,293.8231637857435,0.06620496891667879,2.4958410669896938
251.4128671640333,0.07629430285215613,10.242994824200693,261.9428545456457,0.06692556248624737,2.493180276895613
0.04660287017702796,0.07653324412658989,29.92910118054013,314.5160949511003,0.06613538200247404,2.5542752188761906
0.3393853047554794,0.07732354668150054,29.91788011334511,293.5975984822844,0.06555511824549745,2.4784897471643914
5.974368805216923,0.07728912292200682,26.96979887156901,294.2926276892116,0.06640430435160544,2.4788349476750513
0.013829744998078633,0.0762546531305522,29.8396941163803,292.8227168736461,0.06559682687912916,2.5153872790669487
0.024704483796546522,0.07731341578808244,29.959674237108068,286.19376970211124,0.06690555754324307,2.545695692759843
0.17559608661868287,0.07709960107019198,29.378969253081067,291.02814162491376,0.0665747506101595,2.509673774703579
0.015946967861357297,0.07709993898384611,29.837298124067836,300.13337877116714,0.06665275986785796,2.539209065925332
0.751782144673478,0.07562091342074911,29.712603210071556,387.66675575446607,0.06492230133260526,2.4779363785000745
0.29377850187814963,0.07704537872254108,29.751627415845427,303.9644751325202,0.06592729199738395,2.54718967186209
0.32621791603824624,0.0756728721785047,29.894205985406018,286.08174442012705,0.06553600986720542,2.484590579593207
0.015316324239717072,0.076201514462374,29.882256169560517,291.4495233375432,0.06501628151304242,2.451274064591315
74.34891073636146,0.0780701489665469,19.627969609648037,258.93540869421116,0.06753338165536976,2.48286490188001
0.018773817603507097,0.07623423574117251,29.905257775933322,291.9789512029039,0.06508118199763119,2.452547809088915
208.65806394040388,0.07525613811982851,13.78748080496915,296.4063252961291,0.06095999012808573,2.4719889570127416
0.01900880001206342,0.07721869070677119,29.96405843138946,270.7123856398753,0.06565009188987306,2.354140914652978
0.016191094292135833,0.07713632973658692,29.950039743163963,287.0253019397535,0.06621996850679246,2.4590411994773027
0.4652742302945333,0.07610490225315553,29.73475706379171,304.75101769446997,0.06558257492414316,2.413514040559302
117.92432519896607,0.07786798234961421,16.830805030465296,281.80418863793363,0.06674236790957938,2.446303545832047
0.021539480954283905,0.07621107447424025,29.54642004763506,316.1422817575651,0.06544449764657556,2.476764935212831
0.029224818414928785,0.07656698799952137,29.917259700004085,315.1198507296935,0.06519469782384046,2.4462093443159594
0.05351674980443262,0.07709978871707174,29.858648504204556,311.4013979859553,0.06638078553271326,2.48118776991472
0.09399669088969648,0.07707959745592714,29.55411664382193,289.1932042068779,0.06633741321646522,2.485822250864338
0.013840719886347845,0.07737010586105983,29.77370525606721,277.07771373687945,0.06669129035395102,2.4449402797064423
0.03130034506368523,0.07619257900577366,29.763758054329042,320.68478764385964,0.06551756090297423,2.5215468391388582
0.0195756536898575,0.07638062578782318,29.95102761855012,277.4693575302674,0.06508765989345716,2.4139597518512383
0.10699389248044991,0.07653717348750534,29.907081465618695,285.84280692650333,0.0657188973826763,2.5487615827718946
0.014843948846680373,0.07694073902756894,29.984717870128737,304.47398281860717,0.06626244239849494,2.5435369775269914
0.024737254599328934,0.0770610643557088,29.903659083969576,293.4487176330738,0.0665297691972131,2.5408417247476613
14.23955113383641,0.07734882951553688,29.84972861082081,287.3787681190354,0.0667038432657508,3.8858054523081647
0.6385034591771006,0.07672819910477131,29.785938482491936,286.49835378457874,0.06729707481776848,2.4803263707799346
0.01577478128762833,0.0777227237575446,29.894422711982486,288.43721206042215,0.06691203945595589,2.453132375095694
0.07343691710102454,0.0775496268312142,29.97432012928774,290.1077381452877,0.06666196467181054,2.517787886420684
441.0672452399421,0.0772612168322283,6.47695825636497,268.50717584600113,0.06629124047803106,3.585957160736797
0.013891760869646382,0.07602419661612879,29.788206875590138,297.3709881107594,0.0651359059182206,2.4924103556577144
0.05097392596236558,0.07729619956238813,29.82651558684949,235.51575751304523,0.06633526581613983,2.377030774430717
0.0507869360520782,0.07562325323554697,29.390964066851797,311.0875904285484,0.0645231844833774,2.4752197825747
0.014858535097078554,0.07567059234372031,29.85765350195402,295.72653463753994,0.06628207842493253,2.7070538169132714
0.06219626625919632,0.07784353211486372,29.97031055468173,283.766136370334,0.0673510057720321,2.5423116021018632
0.014132972207758571,0.07740613946845924,29.89140647422081,299.2045874087955,0.0672213683598592,2.5588886660411347
0.04324791176767642,0.07664243501914374,29.854273525981295,290.1185316080523,0.06602700352571103,2.4742035875910973
0.3730466750100641,0.07612628545766144,29.761072775028737,292.26339908163186,0.0665886748829208,2.5249708371304624
0.01602560057796968,0.07618204633855542,29.82737513363606,288.20186518763,0.0648461404714922,2.436542533886493
1.8932292976469882,0.07582493302600184,29.979738828815968,282.521470868091,0.0664323808836865,2.4266509462202146
0.013814411317908663,0.07647032135866588,29.782122668346858,293.94017504248353,0.06560589188617466,2.4774548894640755
0.01390301701593689,0.07668340473663,29.778467565284295,298.141640885519,0.0658963213036278,2.485071693820788
0.015968561992136594,0.07713779362623167,29.886878286424242,284.92156050031303,0.06631947818398215,2.474996580067595
0.013981748811076545,0.07542720475467847,29.561826317533395,319.81401587633866,0.06433632345136406,2.4836572066224276
0.01392283767040613,0.07602487812915572,29.616667550698523,324.75355003654556,0.06534660980874196,2.5320773774204173
0.6354563118485843,0.07613389149750321,29.864501066096544,293.6749547749526,0.06620496891667879,2.4614662700614804
0.33807591036520424,0.07629430285215613,29.890100374485023,293.48999081063226,0.06652347808444636,2.520620402843899
0.013883705157780141,0.07624936534638878,29.8972541374227,277.0623308441316,0.0649048351571099,2.4155886281206307
0.020047268908100515,0.07742431733499368,29.830944587592874,285.5713205727815,0.06695072732643154,2.5077400359650843
0.01453288560531091,0.07728348140834823,29.828684900465255,296.4861968340109,0.06685382467886825,2.5149280258986693
0.16489733935952416,0.07738219822519055,29.535212925983608,357.1359267961768,0.07095838297938309,3.3120994874119525
386.7961828404265,0.07601538803686045,6.548296377924931,297.89620546000185,0.060860094112332674,2.217463044332923
551.8405233503355,0.07572379683446645,2.8365800980648146,117.58171376871593,0.06109200765381684,2.5362868260364655
0.016437638436583343,0.07646985194172051,29.905437934938764,295.5430015504374,0.06569353830258867,2.520495247890192
1.0961051038961833,0.07686379761019287,29.902923135450365,288.83795701634153,0.06595698504979033,2.698491225043023
0.013823098866720803,0.0763800614667158,29.822047105983735,301.3579249175998,0.06588379402596253,2.5432491182155266
0.8849236232463435,0.0756728721785047,29.853400956522925,282.3868879313941,0.06594865171734574,2.450566801577258
0.014383808369406805,0.07613559343715126,29.85072478828365,285.9103140924787,0.06500991240596674,2.4488153102982233
0.013926597092621548,0.07582911637247063,29.56309432642764,325.3686271717852,0.06506149470136088,2.518921661570391
0.028993572996078038,0.0769793607362619,29.82640062650796,300.7011804950367,0.06628167554605635,2.478503036862528
0.03669210827217132,0.0756065343709135,29.77341728640124,309.85507319891775,0.06452812014904322,2.4719889570127416
0.12025721488853283,0.07526464293465752,29.740818523008993,298.3504950465947,0.06438736087542579,2.5854132651059825
0.689335109914009,0.07750292933392867,29.950039743163963,287.0253019397535,0.06554980365416394,2.4955793859223623
0.31385609120802255,0.07656855011512126,29.834304652096662,292.98533425959886,0.0647925232446811,2.4797281030878873
0.30596363904352897,0.0770624593340013,29.906596506032784,278.0841575585779,0.06542841168567817,2.466941873211649
0.01409961496745606,0.07767913690360409,29.858437442737586,290.9839438007471,0.06689978657974407,2.4617377632948103
0.5718922661545276,0.07594923328805844,29.965595418896502,280.536285968044,0.06633072958468891,2.504179288132818
0.013857148626390571,0.07688643603782128,29.819882189486663,293.12330169420704,0.0660314334105459,2.470478593356186
0.01624561797046853,0.07580308022345765,29.55411664382193,340.9121489420001,0.06560570990989464,2.625964936678969
0.014422245198466218,0.07605633574405772,29.77370525606721,296.5677502633198,0.06504744336748342,2.479534580216972
190.78098995260513,0.07736457585750886,13.296877729840741,244.644333791041,0.06618684775464104,2.404352742834761
0.06083893995560949,0.07739380695342268,29.967456777320436,265.6112468407868,0.06669621507582746,2.4925866939889847
0.02186315560015413,0.07658285092191341,29.945816488714357,290.33861570451893,0.06567719984748555,2.4718027056962297
0.2248916057532433,0.07656533533417118,29.91188200356531,232.23690240290716,0.06607202186967423,2.3373258495556253
0.22975198111388326,0.07760596750642125,29.872325647172886,289.07098625681215,0.06621651841873075,2.4810680171417423
44.73741533804096,0.07614403710439624,29.87567861831225,301.68571124228026,0.07424258332693559,2.511958696808767
0.07932702784652654,0.07688286890060093,29.81969755586593,317.7243524563296,0.06582695429837404,2.440515594077146
402.7832798638342,0.07731278499447321,5.475967475194484,265.94097890461643,0.06637640435257108,2.4428284551438724
0.022769671873022902,0.077290789364081,29.91188200356531,232.23690240290716,0.06607202186967423,2.3373258495556253
0.01388558679118814,0.07681867419251033,29.827579796747106,276.76789309742554,0.0656240755295725,2.4060340240897027
0.47801262780384274,0.07657193098238932,29.808778099576895,287.7578796796997,0.06516976046773224,2.2932716713779406
131.83185938446084,0.07631637411151357,15.73452129136028,307.4769500258561,0.06624217925869944,2.5405759275146016
0.3046632151550106,0.07675078404179578,29.86448770016923,290.5763998119085,0.06601512794229991,2.6040966381103257
0.013992567132988971,0.07749510497654381,29.863046054111425,303.8877231502373,0.06735970827849672,2.5674973713638325
0.015348441035793014,0.07687707377938788,29.811808978339087,301.6279734446547,0.06643218780169652,2.5423161682110624
0.028918494244888477,0.07674014862223992,29.897762710177187,287.8319174541401,0.06587796995758854,2.5019066036474196
0.03440252923358248,0.07767873626715084,29.658455662091196,319.2413546983172,0.06682928505524982,2.4468081421896284
1.9408385297123227,0.07612628545766144,29.761072775028737,310.0680892750812,0.06739858950426639,2.506294421579981
0.01381893481964866,0.0762584361767003,29.70198230780769,309.2865664656873,0.06540593831324976,2.4961780660446022
0.05285681700310635,0.07646404135947656,29.83406565779744,281.631485177335,0.0660163014596438,2.5551115677307377
0.0138820911723534,0.07683894196016741,29.81617625743595,306.13951375952615,0.06658218624923137,2.565905915542152
0.014093944306725417,0.07706555609157896,29.796989035612647,290.0656444766114,0.06633764542468534,2.470445950331012
1.0933456761413312,0.07674634910994972,29.85630511475221,288.731446669711,0.06762656797759775,2.486420399520902
332.3449040624282,0.07592205926315163,9.851877699033214,224.00498441306178,0.06050813724027221,2.5336590412136886
0.09887527880565386,0.07730048313421699,29.481614231352893,372.6616923390749,0.07155158505440176,3.445431466493652
0.05623769732334688,0.07692522140804228,29.947015328909785,288.5242445009826,0.06615376765827702,2.533786677197894
17.47968157062867,0.07798260705466478,26.172076547078664,309.2951550555233,0.06568789498493846,2.551232317312402
0.013859456155408942,0.07624936534638878,29.8972541374227,324.81891861684335,0.06512640676716014,2.5202363878611425
0.0627924619998848,0.0772139411239244,29.830944587592874,235.14224620307147,0.06632163719423356,2.39168223503876
0.026086809208341645,0.0771725135645478,29.949783893194137,239.12256969420008,0.06620121271267701,2.389943369197402
0.013832150560812669,0.07646096544661678,29.81844259527226,304.98065356792097,0.06572590071405651,2.516194224931819
0.013923738926750934,0.07646362531154274,29.641891972984716,294.87345173045304,0.06594777201233634,2.4959704042216053
3.513796645229994,0.07837098891342724,29.92962886655968,234.841492872037,0.06453363748657451,2.3607553692555965
0.014269770037047361,0.07635290774165379,29.780431861777252,295.5430015504374,0.06536846506288344,2.464435439820233
0.04967023757848912,0.07707547799494532,29.712603210071556,288.71976989942254,0.06643647193809143,2.5045743282488635
0.41518879284156496,0.07608749182181217,29.716512076816613,304.03107030751255,0.06588379402596253,2.4529706099235407
0.02965716940576161,0.07577913851451273,29.634111521512317,386.20774672899825,0.06530538205060168,2.6834259227096684
0.015285169276660748,0.07617948320363487,29.80606964564041,307.86008754507213,0.0655342412908746,2.5312866421743694
45.937972835223064,0.07675392631981073,29.98836354205787,241.33095409309897,0.05745301879274786,3.6143970621859536
0.015155407379309151,0.0754732204143126,29.760892350003086,292.125886155955,0.0640206109471303,2.425055941858506
0.014961646309676963,0.07608764786568895,29.645758964506268,296.4063252961291,0.06553378597362683,2.500766921854355
0.04176976279455985,0.07605440696163575,29.764419055929302,298.3504950465947,0.06637515641256664,2.6836940469596824
0.015066149765535101,0.07592998798558666,29.874387228787143,358.89443380594196,0.06552235479521143,2.6598273085054114
0.7004035985390387,0.07692219331386412,29.785426786413062,288.8352691137932,0.0647925232446811,2.4684163949555717
39.667596995152806,0.0764073618112716,21.61513474056604,244.73640820360475,0.0668661741149654,2.4374342932777058
0.028915104750308368,0.07633928449922908,29.796221736306755,309.91454484168094,0.06539682419007886,2.475848640196679
279.2935149814196,0.07601897924880277,11.80588961550675,179.63297495823957,0.06633072958468891,3.323257208539624
0.014204037645484738,0.07566225264311853,29.81229819278727,293.12330169420704,0.06425906030763776,2.444697055012169
17.511904000531494,0.07697303932808139,25.986580179619132,274.11862950594866,0.0651300688659768,2.5403837196203
144.12820924564966,0.0778962780464638,14.838778240471294,280.62699157191173,0.06788776461839752,2.4449402797064423
0.625313937376627,0.07769456556995043,29.763758054329042,303.49985642113677,0.06638126309873071,2.559005346448267
1.785298696736846,0.078080281030125,29.99186729273959,221.78435092061017,0.06661505118894245,2.5163629575222477
0.6552385555201984,0.07674898048312435,29.945816488714357,284.6386893841002,0.0672486327423771,2.4909471487365566
0.01572189926693951,0.07752436235746851,29.966306794425588,287.65300770717715,0.06729830647686874,2.537150951806378
2.6962940386609873,0.07614926218100122,29.903659083969576,286.58491342754087,0.06731748820856148,2.4330382647735473
0.20390227629734514,0.07765890611785371,29.77383412412066,281.01941284891655,0.06623451642411365,2.4411455043052035
2.811727637900627,0.07737346141796583,29.843237534945953,223.60231697607327,0.06606707366192349,2.6211196134054147
0.2527677276493335,0.07639384095744783,29.921541118072803,288.43721206042215,0.06580803260502233,2.433118784245029
0.20284991552207338,0.07833090368523293,29.90921516974062,259.29164040002854,0.06785871569991322,2.517787886420684
0.6868681541874738,0.0779310560630978,29.96663330395328,208.66170797761362,0.06670670215305621,2.4060340240897027
0.2029976067172579,0.07609899740908924,29.808778099576895,295.23712435517024,0.06556958870714288,2.4511441723398395
0.018908114438406665,0.07583176023355971,29.86386202854503,273.389410569782,0.0640384664478797,2.3548372351465368
0.21702098264278402,0.07591835576414381,29.704065765044373,303.2591220986232,0.06515939296810566,2.6040966381103257
1.248042712476046,0.07567059234372031,29.695133307467348,296.636753443242,0.06451101380628865,2.7070538169132714
0.1612610790089969,0.07780240485294414,29.849043984147826,302.35458027053494,0.06633472097300525,2.4707333465157193
28.911855251048394,0.07655021667324516,29.934607006915883,182.92917118589008,0.05902492713615082,2.9284866490224952
0.014612601356733899,0.07653991340693911,29.794998762048255,303.75905544373495,0.06577049139096366,2.4992419798899883
0.013825969729556822,0.07681927214491814,29.68792870518775,289.483572201729,0.06638872014909336,2.496395014327613
80.55185424966254,0.07808923993394576,19.18137423419558,197.9052865976219,0.06684225673638708,2.282449630681522
0.01382810766284926,0.07776843797240961,29.974161880204008,281.631485177335,0.06746678042922097,2.5205087736171343
0.25446531825785185,0.07704510244698375,29.782122668346858,287.556182870346,0.06560589188617466,2.4774548894640755
0.01740239790650408,0.0770570281003111,29.778467565284295,298.141640885519,0.0658963213036278,2.423581656888534
0.222739745691463,0.07688169523178667,29.741413514462145,298.18710983954594,0.06762656797759775,2.5748266032017906
2.0559707810336216,0.07515705783972634,29.753343750927307,303.7651502520481,0.06616970322242566,2.4820114803408617
0.18774109426233293,0.07580833314393944,29.717473022511896,295.1728711284483,0.06558632868368836,2.484348054876955
0.05405673682666395,0.07799559873978912,29.943395293880023,284.2993873705185,0.06784423923606794,2.4958410669896938
249.78245329038896,0.07629430285215613,10.047993371768012,201.45201169511415,0.06672457931175552,2.3109132212284265
0.013887367519153676,0.07706394751645514,29.894130376656502,290.23814301730863,0.06654596384256489,2.512718853381541
0.7692790458248951,0.07732354668150054,29.61739961147842,322.04508381649975,0.06545252570646234,2.522252827850944
0.7398300672206537,0.07825682870915095,29.828684900465255,263.0215980155946,0.06680422575745343,2.4788349476750513
0.01614533363567442,0.07746016941280429,29.872920399276182,291.3099482447732,0.06711962851862097,2.5153872790669487
0.01380720789358672,0.07691083151588242,29.969269168336556,275.33096399766555,0.06587388625872098,2.4424255960919763
193.82190464199084,0.07766427463751437,14.395029243679748,282.4836014200615,0.06453363748657451,2.5362868260364655
0.11320858828735256,0.07646985194172051,29.837298124067836,295.5430015504374,0.06569353830258867,2.5634685257053715
0.10615138815654736,0.07697859141621749,29.945951570103354,258.6769911737499,0.06492230133260526,2.348433318099705
37.609692227404665,0.078229935025129,22.895723450771804,213.63298486280627,0.06682768749102899,2.328494058389177
434.78265475312065,0.0756728721785047,3.3300139959539017,386.20774672899825,0.06680385321952823,2.424144856730207
159.57843587973042,0.07756134227831314,14.189609987118816,259.845780594029,0.06787792696402728,2.470428886871659
14.972268061501502,0.07674820925773818,25.413929113112093,273.25571169870943,0.0655259786595146,2.445756905786507
98.77373912157377,0.07683436908458502,17.795023394365746,265.0003372213655,0.06632581371209872,2.46472043423586
0.015024254486688876,0.07634342534210266,29.79563886334222,288.92162816282803,0.0655156052010343,2.4719889570127416
0.03603786482544272,0.07660906127882591,29.95391507613867,298.3504950465947,0.06511697504101657,2.4620827410869213
0.021775532657066818,0.07660906127882591,29.95391507613867,287.0253019397535,0.06566320813469287,2.4620827410869213
0.014281245898197648,0.07628641983856532,29.901125983697906,280.47922408050607,0.06513358633189856,2.4403359553124657
0.014722244475682697,0.07618031462099582,29.9133568029011,293.53836491987624,0.06513017540308899,2.489570477851481
0.018558287043246822,0.07638115878699031,29.639487945129016,307.8281913580423,0.06533306766884925,2.4706618478465185
0.09907005182841067,0.0771994761656505,29.971159379048117,273.2230357929709,0.0657169917375848,2.4345825544356656
144.51021904513811,0.07688643603782128,14.851944563060997,270.9768596055645,0.06749025830090324,2.5070952532121797
0.18708063483269025,0.07580308022345765,29.55411664382193,333.48649419646586,0.06444410710145773,2.5434872346793433
0.013853913043676048,0.07670881035930278,29.95094890336825,281.60710729563,0.06574336307533812,2.462932037095248
0.6365022650662224,0.07651879237413374,29.89629682035283,273.91016488350704,0.06514324111256906,2.559005346448267
53.82734343689538,0.07758951426865587,20.218286594934142,266.66805333729235,0.06787745827207711,2.4155660762429
0.013834513677942369,0.07647031516275206,29.64673783932104,285.9238320105417,0.06618227441094318,2.51164739144175
0.8252363953125359,0.07701301332638012,29.060953939455185,260.9068422030138,0.06609668474698155,2.456572456926935
0.013834994925934036,0.07652954450866196,29.939346055721106,285.7618786364373,0.06558918070878228,2.476828356476713
0.5356954982801967,0.07647368626091795,29.88898072571763,403.3292657920051,0.06641985326266447,2.607997153958209
0.013902684747538013,0.07686517729602173,29.91102013709242,280.84493706660965,0.06573681315410274,2.4318128743620147
0.16117351619127515,0.07639384095744783,29.799857625710878,278.9969373803222,0.0662579221744837,2.4694412516175763
0.10283153286632925,0.07730163959159314,29.882705905434264,288.95939521612934,0.06685631241947818,2.4572545421157557
0.01384443731491291,0.07649761607305144,29.810844258353555,276.81678942483694,0.0655537674975018,2.4409656020125676
0.014284784539518548,0.07592518009670836,29.808778099576895,334.2301264912352,0.06511993276773767,2.5722753738516526
0.5941958564925021,0.07631637411151357,29.874895512132404,307.4769500258561,0.0659241786053576,2.4322502555399383
0.1396131893735048,0.07638677526236921,29.992158192349542,315.80672843422406,0.0659386340912784,2.530169996336153
0.8498215666159656,0.0771837707927232,29.12553308176662,251.77538092915398,0.06609722463213047,2.427317270722941
482.2051203073653,0.07703600410284565,3.090507294659645,269.39675449717964,0.06598203879234499,2.4359112467949293
135.8821967693476,0.07643108667903561,16.590475643050983,201.29909985919244,0.06073283655561981,2.0328943171863787
0.07403806523360223,0.0768943340699796,29.658455662091196,285.6806648192161,0.06590539123328129,2.4644804173024193
0.041934311621872916,0.07646075570130532,29.94789945296987,289.483572201729,0.06532117018085387,2.496395014327613
1.129025327885167,0.0762584361767003,28.85835566281164,265.3020186962652,0.0648090055913281,2.4219106337711573
0.9774988214563777,0.07776843797240961,29.94175734124902,281.631485177335,0.06453958627969963,2.362926992947993
0.13188111868034147,0.07682409814377834,29.782122668346858,336.3619895806193,0.07003928715982893,3.2735232606131683
0.04734447005830244,0.0760518032895211,29.884363400962467,298.141640885519,0.06472155638932905,2.4229215437848692
0.15638568811496745,0.07706032923147377,29.89622548969019,298.18710983954594,0.0663689849236121,2.584211509891974
501.7601355021435,0.07624071847212288,3.831137603900604,290.21919767300267,0.06077895397648167,2.4836572066224276
0.013813849575381084,0.07633794275927568,29.774033917988028,295.1728711284483,0.065346651003727,2.466668095531536
0.029868400299064284,0.07761836119235418,29.86196985541621,281.22398815234203,0.06734421754625006,2.533748920910811
0.8749789620456879,0.07760824083496183,29.929458882158933,309.2951550555233,0.06663543801578511,2.3294936198283636
0.13253824346869322,0.07616158506271765,29.8972541374227,324.81891861684335,0.06510054651905245,2.463205658157407
355.1876540784071,0.07732354668150054,7.568492558442159,281.14497351147895,0.06557848483431195,2.5450429862911585
0.022032524767770914,0.07584469253540664,29.88408162497456,293.4681251665579,0.06455698098875903,2.4788349476750513
497.2745511304181,0.07702215133336664,2.72523801975192,272.0425845558176,0.06613374166946373,2.481734648818405
0.2614747356468773,0.07734805814149766,29.865097173535908,264.75027091203884,0.06624852823499142,2.48286490188001
0.4924982620301721,0.07531060248908635,29.378969253081067,277.03635884091125,0.0665486013662831,2.5362868260364655
0.07543156162208806,0.07641622488636866,29.82062697377341,295.5430015504374,0.06569353830258867,2.4570529784990733
1.392563598074235,0.07531646454331473,29.97705306985147,269.69366225190595,0.06552180859660062,2.4063093973669676
0.060309547341040715,0.07734148849381146,29.996336243352374,267.0650021908384,0.06588379402596253,2.412333530835763
223.44310148272962,0.07688521232282362,11.305033752770163,386.20774672899825,0.06588572803814421,2.457949606798615
528.55784448137,0.07827309118070311,1.7842441884591427,245.64352672136548,0.06774331243171758,2.5312866421743694
0.022267746101731673,0.07691083151588242,29.974654509823758,271.30669738209446,0.06608062897170669,2.4424255960919763
193.26114394770542,0.07789554811081238,12.637047909107306,300.7011804950367,0.06631516774675994,2.330513538073353
551.801632934651,0.07750836699770337,0.8637279099552391,269.7618435413307,0.06608196053756699,2.412599687583172
239.77647042187402,0.07753092594191925,11.569431242761889,224.96134317664172,0.06511697504101657,2.32363841399053
0.026361206637692605,0.07701760967243204,29.977024448621385,287.0253019397535,0.06608960767686292,2.4529613853872023
0.02998044633365589,0.07619515072819862,29.856986628473322,321.2830651646483,0.06532549587177919,2.5148838715869495
398.0721571722982,0.07591349174417115,5.796740236690125,236.8877124712725,0.06542841168567817,2.489570477851481
58.85481836346662,0.07656124039461536,20.68578640193708,266.6686857414503,0.06511401089077648,2.394670763226752
402.809350998679,0.0771994761656505,5.2415364290265405,280.536285968044,0.06704053343826191,2.4728082436765746
0.20464424120442154,0.07792571461666997,29.819882189486663,293.12330169420704,0.0669392815888854,2.360664394367409
0.09583874538516673,0.07752814376168919,29.55411664382193,254.02826838571735,0.06603053892383384,2.329215406109083
0.013885178444561214,0.07654067942182255,29.875738024126083,285.5779625422242,0.06546343120339562,2.4491544337030087
88.39009973531269,0.07664004227649267,18.05893841853785,230.62231895805166,0.06638556644961627,2.35915160238923
0.04942839225746253,0.0764264429345833,29.893087943167103,277.4693575302674,0.06615744318858321,2.5799540502795595
0.15185378118966758,0.07681396113255208,29.951509890798846,276.4668866588998,0.06573475643435284,2.51164739144175
0.021196737816541755,0.07656533533417118,29.99863916395534,274.8579121917878,0.06611358432535944,2.5435369775269914
0.014559349580707433,0.07653382445320324,29.73760074451797,285.7618786364373,0.06590335786938659,2.476828356476713
158.84132519807264,0.07767290981878751,14.647276560579922,266.2899669567127,0.0669942698413813,2.4625935315038063
0.01487189990661519,0.07685506170987963,29.96336483985143,281.5758976919088,0.06568050724798258,2.4318128743620147
289.3390379969718,0.07694873053425617,9.287631675315726,271.13593741055934,0.06590025621142767,2.44123964358583
123.68709543779984,0.07729088225522758,16.51961955094038,229.73180398451063,0.06618473075615117,2.367093151051974
294.8670554025734,0.07740609700358507,9.072080919582287,269.2849988340755,0.06639652756656284,2.4409656020125676
0.6157345239624319,0.0774104648583125,29.98597561885016,283.79101331862296,0.06556958870714288,2.5025748042988054
0.0339040653104876,0.07679024644107393,29.82651558684949,272.87298003425514,0.06569866323748874,2.4391814949978876
0.33418035360580683,0.07567853577894572,29.390964066851797,311.06406608832185,0.06550587720606635,2.4403777956803006
0.013811217230778071,0.07687443849397797,29.885722015177457,260.4677060655448,0.06570156242805489,2.387302692295574
0.013908191925364756,0.07645902790556586,29.904051837616763,279.2364990081438,0.06526893691088048,2.4316905051331235
0.013982498278709413,0.0765148498447452,29.913196315287422,282.077413890515,0.06539186442063774,2.443569881641924
8.02869166326771,0.07775125294163263,25.803013030172398,319.2413546983172,0.06650154103928488,2.362360002448507
0.015356043330780021,0.07681927214491814,29.97448161766889,259.34220883617553,0.06562230261911536,2.390643696931997
0.01391681435223808,0.07702673382225814,29.938329684728668,309.2865664656873,0.06540593831324976,2.4220403428733257
1.8433666284180914,0.07681866868797518,29.974161880204008,266.71263975978803,0.06746678042922097,2.383085732361687
0.01405824075166064,0.07686764268915333,29.916974381795313,280.4325427929649,0.06580962529490289,2.4389037707794827
0.031254708141487175,0.07620409938718112,29.778467565284295,289.6431697743027,0.06453027411364384,2.4080447127375093
296.3692657547352,0.07756443551810678,9.235845793653926,266.9355863204904,0.06606100054110683,2.442605123112373
0.5584644949819613,0.07632772358375405,29.864101046716648,284.2036901378924,0.06616970322242566,2.4233813478244395
0.06126377146645757,0.07686230711256815,29.958571050418573,295.1728711284483,0.06575399718866032,2.427544290881869
0.013918138776974703,0.07695750878150355,29.86196985541621,275.66383038873823,0.06574308204556123,2.4033389839163157
0.01382431182800308,0.07710462961187708,29.987896967562065,269.5703875770192,0.06590654612672267,2.410459895712627
0.6397642884316865,0.07668903417470818,29.8972541374227,259.8274832371685,0.06526864884697564,2.5202363878611425
0.1616600485613804,0.07732354668150054,29.906275375329002,304.17946865444253,0.06570490902372886,2.4756820611733974
318.73982799806174,0.07757105315271155,8.235706437217083,255.1190363618816,0.06664763705754204,2.432888882864276
0.05536166259752471,0.07690456811758058,29.88924823870448,292.8227168736461,0.06622239056183662,2.4637384434120237
0.29831617957526446,0.0771282604572957,29.995292661515776,256.4811423105981,0.0658781985056213,2.48286490188001
1.5205595974267097,0.07690529443543938,29.820862617896196,293.1682795826119,0.06453363748657451,2.5362868260364655
461.14656692979224,0.07721112322032467,3.712251448101318,276.13727655896787,0.06649344855099437,2.479695456592594
5.284164754911817,0.07531646454331473,26.348451842620953,387.66675575446607,0.06586490550147653,2.698491225043023
0.9352825347475738,0.07753157234252973,29.69562529837893,301.3579249175998,0.06588379402596253,2.5432491182155266
500.0917754163778,0.07726520355542178,3.177062731782275,386.20774672899825,0.06530538205060168,2.6834259227096684
1.0466707645163316,0.07647601412107496,29.915896950604818,323.591164171428,0.06728784409369779,2.5560539788709127
0.015064404109787464,0.07691083151588242,29.524774595431925,289.92946008048193,0.06629888949927212,2.4424255960919763
0.13183177285263678,0.07795660547475469,29.905257775933322,192.1092245649478,0.06641306138848169,2.236391329886133
0.10049559183858695,0.07707226076302313,29.984785686130135,270.5325395863797,0.06590109115914153,2.4719889570127416
0.03051340036078142,0.07688101860163864,29.784526396785765,259.7442221618246,0.06563628569955807,2.3868588867356655
0.013993006191482634,0.0759003644907942,29.780397721071367,360.21532526395805,0.06531839145327725,2.627065542155721
0.030854937126774083,0.07676068411257463,29.94174259813794,277.0916242952633,0.06565823745943514,2.413514040559302
0.07469164786787608,0.07698601587891613,29.936013052598373,293.53836491987624,0.06564240032499963,2.387620553973073
0.014893631736659058,0.07795333843081291,29.67133398094773,366.78419721816573,0.07321588353126601,3.605456427748274
0.01413774404033078,0.07617214838367709,29.490022234131995,280.536285968044,0.06592737213236122,2.492870366278646
103.5685668188557,0.07673434131339758,17.207804433966626,294.79157125949587,0.0660314334105459,2.4295400125684665
18.81663122930557,0.07690083784458125,24.748948973854645,248.1296223631647,0.06559911150366579,2.3731420305360222
5.4820981753164055,0.07670881035930278,26.77504809301019,286.7725096529959,0.06574336307533812,2.417952716335194
0.018199839751320206,0.0763978746733537,29.95780241500538,303.49985642113677,0.06536543212253207,2.51608029915002
11.50967620726181,0.0765492869318841,24.405321781123035,297.5525077018415,0.06787745827207711,2.5163629575222477
0.1959546777412014,0.07604186765420747,29.796649077757493,291.3064760423681,0.06466575880607928,2.51164739144175
0.03403789089761352,0.07701271337989594,29.966306794425588,254.5492623120614,0.06567869645971777,2.392930542078222
0.19912826745916193,0.07652954450866196,29.865401243394455,352.0678803672789,0.06523146403680741,2.6116347209891955
46.40854596216288,0.07799927278403504,29.997879409307984,403.3292657920051,0.07424258332693559,2.4556693908943696
0.015938454197067277,0.07686517729602173,29.91102013709242,267.8916670585037,0.06573681315410274,2.402289707902191
0.1361453223296554,0.07677289408975693,29.99498875141279,284.55253351992974,0.06601122513421015,2.433118784245029
226.92025174215405,0.07647946667505556,11.324605019119469,275.0937332536404,0.06685631241947818,2.517787886420684
46.653293163403134,0.07679988899763943,21.958917637713267,265.2590005824655,0.0655537674975018,2.4564486792654554
0.013836766260802498,0.07678722970641703,29.808778099576895,287.7578796796997,0.0657533686773373,2.4438187755271694
277.8965782900082,0.07631637411151357,9.136435477993851,270.80351766233645,0.06684244969749364,2.461113098163647
0.2543581929029241,0.07606601111802645,29.390964066851797,265.2211260152301,0.0659386340912784,2.373867548692937
0.3302402966754141,0.07594481818717273,29.885722015177457,326.45954504761573,0.06450061055060177,2.387302692295574
13.175299908147384,0.07677767861656323,25.714644658923376,260.43448841064753,0.0657545961201407,2.4465860282282454
67.63943248638083,0.0779420224715934,20.28023534911395,182.9732167770905,0.06634743686736866,2.241678003155706
0.014269793838237874,0.07683603816610247,29.956565429660436,280.1746581347217,0.06603236479294403,2.4823217042586725
0.013805596957493015,0.07711889441375952,29.860693537503273,281.6082832798756,0.06626907207393334,2.453462346082616
1.2540395148381145,0.0776304552087597,29.859042828899945,282.63311556599956,0.06540593831324976,2.4961780660446022
0.013817661644611266,0.07638520471768574,29.818880554985288,281.631485177335,0.06498068352576672,2.4017654971234097
0.12147800048771412,0.07742537417392002,29.870684934718316,293.94017504248353,0.06743940113711908,2.5099463216121696
0.013855800261261878,0.07734809990353422,29.745168912759695,279.1831247804423,0.06742670204615347,2.5352051148701156
0.5932978768543544,0.07756443551810678,29.886878286424242,308.00998527400986,0.06551520620680906,2.4949094163703385
41.89482632295693,0.07843152662557634,22.30912464378227,236.4766908220039,0.06751670078326696,2.398645639020998
0.06526984728739317,0.07633794275927568,29.820251772034652,295.09541378233155,0.06600471415945708,2.5087457099363535
0.331622951348382,0.07692522140804228,29.86196985541621,364.83002271259335,0.06572989694417264,2.659496612288459
0.0762465002068832,0.07710462961187708,29.849575319479094,273.41076221917285,0.06542045898867818,2.3886365413559583
0.14933267977086567,0.07722263700116695,29.99659578945358,324.81891861684335,0.06559555629497443,2.5202363878611425
0.09318195591872418,0.07741577357518072,29.8471342740729,280.39296314298804,0.0670000974986949,2.440913304250504
0.013974388777297748,0.07731697254228712,29.8965919297733,271.0045388101356,0.06650875820686575,2.4420036355995003
0.013810073037834707,0.07650211846166034,29.849691699375914,280.52559137156203,0.06538462379763477,2.434629037495223
0.19955327818878765,0.07709222452789881,29.735478489403203,307.83327606705404,0.06594538987830537,2.5260231634216663
0.06419126275044812,0.07531060248908635,29.704061196859897,297.3239034806832,0.06453363748657451,2.4723366662768234
0.013898502265263006,0.07703974485010337,29.59450012849531,266.15644478825675,0.06652550459250703,2.4268990723468855
0.6258979978399556,0.07732864442578469,29.873525934450882,387.66675575446607,0.066736177004764,2.49364168444429
0.2495892977382677,0.07790275854908994,29.822047105983735,301.3579249175998,0.06588379402596253,2.418579036070372
1.2967661177034613,0.07618448598251323,29.628538205236303,300.67448323563207,0.06504138727240347,2.6834259227096684
0.04379428987820431,0.0771848241351376,29.87404111560392,294.4793006231557,0.06605546982875499,2.4755889271449485
56.81262364187545,0.0782061211438774,21.03669161382503,232.70811906279204,0.0671796631616371,2.3896912005724587
0.13597346165349258,0.07652251038529408,29.905257775933322,300.7011804950367,0.06542358373067605,2.548597303876865
0.521599502255777,0.07648196994388602,29.775038627893263,296.4063252961291,0.06688736312925148,2.4966076006711084
0.7020598241366263,0.0776518769776975,29.420648738584575,298.3504950465947,0.07207200782141862,3.4715742716630826
0.0916484140734831,0.07757222681126133,29.923622179488802,287.0253019397535,0.06691835062695081,2.4339383257092866
0.05771714712264047,0.07726134323503771,29.785426786413062,250.63870068128236,0.06636590982622093,2.413514040559302
1.2714911016346537,0.07836227084532202,29.924586092814597,214.22180089040847,0.06736495430184047,2.489570477851481
0.013942541396698292,0.07638115878699031,29.763383155025288,291.55266396387015,0.06544449764657556,2.461865362993115
13.287367509576898,0.07807040093517112,29.545485070066707,345.50272261817736,0.06633072958468891,3.397602224781444
0.02649581334928724,0.07691517595204182,29.819882189486663,293.12330169420704,0.06636256724906048,2.5293698751458855
0.013810386979487896,0.07708439151406238,29.876831216896676,258.94593643985775,0.06592704791277779,2.3797192629145365
0.5182706290134749,0.07670881035930278,29.897490165462866,286.7725096529959,0.0671227019330688,2.4947765173508434
0.17545325099219392,0.07738000725114684,29.84044037659905,290.1674127367912,0.06670852710735578,2.559005346448267
0.01381710464090982,0.07665450822476147,29.815045699821784,281.14654150804654,0.0658486239443899,2.4629486451836478
0.02079272214934065,0.07721123242822317,29.9219853769122,285.9238320105417,0.06659328408490436,2.5116537109252155
0.0144976114558132,0.07753728903175207,29.87004642546937,251.73150478720723,0.06668379404747946,2.39338569090553
38.53814350661712,0.07652954450866196,21.79119380223805,279.171126846739,0.06610603120770703,2.4103051396332207
0.013859862633584127,0.07781991789005953,29.816324090808315,285.4725797317632,0.06742317702180467,2.490462364764588
0.02049245365950065,0.07694531472034707,29.91102013709242,280.84493706660965,0.0664072598458707,2.5171573389876434
0.021539927306964184,0.07639384095744783,29.811342443761284,286.88944977840987,0.0651939324786443,2.449341302484255
0.013864252577796776,0.0761598807188454,29.738054185518337,368.0724328188756,0.06584670019388258,2.6598065587639694
0.013937573054110256,0.07775312014322612,29.85827609604538,276.41023394882257,0.06721464975706093,2.4670397091225054
0.01380772604304074,0.0769562058522929,29.808461923394454,289.26843152731874,0.06615375219051375,2.467969975157269
0.01496768473224571,0.077011033436707,29.82651558684949,275.27146722851046,0.06587330624814094,2.4128646065759307
0.013869376956141911,0.07671520132249775,29.94217513084339,289.18551646332264,0.0652626397710786,2.4179013872010984
0.06034665628839504,0.07687443849397797,29.97813205128793,273.7432191077982,0.06570156242805489,2.387302692295574
0.01393024752340306,0.07645902790556586,29.852351519442085,272.5736539035278,0.06526893691088048,2.411873702484268
0.013829087951928392,0.07675199656936725,29.8314178285728,273.3250196681618,0.06543726876328007,2.3895455738600293
0.014015691910703114,0.07654411816524308,29.931708352015846,282.52038119693304,0.06488164438726834,2.385129002604075
0.09008994056562314,0.07643555360817103,29.55662185220613,308.6678392523878,0.06587388625872098,2.450548247102325
0.013811427586438812,0.07690620886133152,29.79453336256953,290.16014661989897,0.06606572443100137,2.464454289340933
0.19238006992441775,0.07706598861980854,29.70258049861352,302.45154440030615,0.06498068352576672,2.4017654971234097
0.013884492135258216,0.07748111414163347,29.810203711727652,283.9714999186402,0.06672719359541346,2.4510474735726193
0.01382650786970583,0.07716166614538915,29.67191802908772,276.43482149549203,0.066781261074397,2.4684618306388364
1.3178871155109422,0.07681343406529975,29.816409958437628,272.50242639854366,0.06762656797759775,2.4244568394293617
9.886897290963104,0.07812656203610938,26.620047968185233,258.08050085957046,0.06616970322242566,2.3613094193777133
1.511492493685385,0.07761862534183295,29.774033917988028,299.63100075613914,0.065346651003727,2.528703363769071
0.014162940842674769,0.07686287393064198,29.809820132917427,292.7161685534834,0.06620496891667879,2.489921970850848
0.013814109839591904,0.07734225280654711,29.827849144274246,269.5703875770192,0.06617366055427082,2.3866694087941838
0.013982681334738768,0.07723749900587147,29.64564368638732,271.62863589019577,0.06680492437962807,2.4501238134051704
0.6128669159567961,0.07732354668150054,29.830944587592874,285.73282757032325,0.06598942037414923,2.5450429862911585
0.013997343213434614,0.07637763357728211,29.798242356343977,283.30048049894896,0.06512632102506552,2.4168880061002267
0.6998072542625036,0.07650211846166034,29.738714788444675,261.89395876676764,0.06707000813443162,2.4264424981027304
0.1093361706124561,0.07777262592758354,29.864635555185103,260.0112120465816,0.06594538987830537,2.347079045551055
0.17954342194674638,0.0769416536196542,29.378969253081067,271.45823098236855,0.0657685892817319,2.404701127095046
0.014091132879995315,0.07712238883852034,29.858542121155896,268.2057563812001,0.06565548123185938,2.357335621626678
0.013930324191487316,0.07716618081475733,29.868654854240543,304.2448563209135,0.06616357801401651,2.471539706423651
0.3234925388466524,0.0763800614667158,29.756117791738323,301.3579249175998,0.06572780749541682,2.4104453681926694
3.481698558009783,0.0756728721785047,29.866734118808253,386.20774672899825,0.06611587284923537,2.458614675524816
0.013855428748934948,0.07684217169675457,29.712874181716156,301.32650133193533,0.06617211912404311,2.490556782483967
0.013805596957493015,0.07711889441375952,29.860693537503273,281.6082832798756,0.06626907207393334,2.453462346082616
0.013805620525855437,0.07711890441375951,29.860693537503273,281.6082832798756,0.06626907207393334,2.453462346082616
0.013805596931618393,0.07711889441375952,29.860693547503274,281.6082832798756,0.06626907207393334,2.453462346082616
0.013805596957203714,0.07711889441375952,29.860693537503273,281.6082832898756,0.06626907207393334,2.453462346082616
0.01380557769095771,0.07711889441375952,29.860693537503273,281.6082832798756,0.06626908207393334,2.453462346082616
0.013805597125193957,0.07711889441375952,29.860693537503273,281.6082832798756,0.06626907207393334,2.453462356082616
4807415.254903973,0.06,29.86328099947814,281.6083122100095,0.4,2.436692251813193
4807411.729404006,0.06000001,29.86328099947814,281.6083122100095,0.4,2.436692251813193
4807415.254944256,0.06,29.86328100947814,281.6083122100095,0.4,2.436692251813193
4807415.255245708,0.06,29.86328099947814,281.6083122200095,0.4,2.436692251813193
4807415.43107491,0.06,29.86328099947814,281.6083122100095,0.39999999,2.436692251813193
4807415.258974254,0.06,29.86328099947814,281.6083122100095,0.4,2.4366922618131928
0.013805580585706084,0.07711889400380177,29.860693537565236,281.6082832798763,0.06626908006601365,2.453462345681011
0.013805604074083374,0.07711890400380177,29.860693537565236,281.6082832798763,0.06626908006601365,2.453462345681011
0.013805580559918883,0.07711889400380177,29.860693547565237,281.6082832798763,0.06626908006601365,2.453462345681011
0.013805580585417854,0.07711889400380177,29.860693537565236,281.6082832898763,0.06626908006601365,2.453462345681011
0.013805561385384156,0.07711889400380177,29.860693537565236,281.6082832798763,0.06626909006601364,2.453462345681011
0.013805580752835975,0.07711889400380177,29.860693537565236,281.6082832798763,0.06626908006601365,2.453462355681011
2826954.143030312,0.06855944700190089,29.861987268521688,281.6082977449429,0.23313454003300682,2.445077298747102
2826952.302878892,0.06855945700190089,29.861987268521688,281.6082977449429,0.23313454003300682,2.445077298747102
2826954.14306541,0.06855944700190089,29.86198727852169,281.6082977449429,0.23313454003300682,2.445077298747102
2826954.1432308587,0.06855944700190089,29.861987268521688,281.6082977549429,0.23313454003300682,2.445077298747102
2826954.3043800523,0.06855944700190089,29.861987268521688,281.6082977449429,0.23313455003300682,2.445077298747102
2826954.143821884,0.06855944700190089,29.861987268521688,281.6082977449429,0.23313454003300682,2.445077308747102
0.013805566814180202,0.07711889365786069,29.860693537617525,281.60828327987684,0.06626908681009623,2.4534623453421185
0.013805590235065163,0.07711890365786069,29.860693537617525,281.60828327987684,0.06626908681009623,2.4534623453421185
0.013805566788466495,0.07711889365786069,29.860693547617526,281.60828327987684,0.06626908681009623,2.4534623453421185
0.013805566813892726,0.07711889365786069,29.860693537617525,281.60828328987685,0.06626908681009623,2.4534623453421185
0.013805547669731787,0.07711889365786069,29.860693537617525,281.60828327987684,0.06626909681009623,2.4534623453421185
0.013805566980828092,0.07711889365786069,29.860693537617525,281.60828327987684,0.06626908681009623,2.4534623553421184
0.013805443584515239,0.07711889051629511,29.860693538092363,281.6082832798822,0.06626914805456512,2.453462342264563
0.013805466392474913,0.07711890051629511,29.860693538092363,281.6082832798822,0.06626914805456512,2.453462342264563
0.013805443559470134,0.07711889051629511,29.860693548092364,281.6082832798822,0.06626914805456512,2.453462342264563
0.01380544358423548,0.07711889051629511,29.860693538092363,281.6082832898822,0.06626914805456512,2.453462342264563
0.013805424947470451,0.07711889051629511,29.860693538092363,281.6082832798822,0.06626915805456511,2.453462342264563
0.013805443746786964,0.07711889051629511,29.860693538092363,281.6082832798822,0.06626914805456512,2.453462352264563
222681.56245911043,0.072839168759098,29.861340403307025,281.6082905124125,0.14970184404378598,2.4492698205058323
222681.42453622379,0.072839178759098,29.861340403307025,281.6082905124125,0.14970184404378598,2.4492698205058323
222681.5624863378,0.072839168759098,29.861340413307026,281.6082905124125,0.14970184404378598,2.4492698205058323
222681.56247270602,0.072839168759098,29.861340403307025,281.6082905224125,0.14970184404378598,2.4492698205058323
222681.73575601977,0.072839168759098,29.861340403307025,281.6082905124125,0.14970185404378597,2.4492698205058323
222681.56014814836,0.072839168759098,29.861340403307025,281.6082905124125,0.14970184404378598,2.4492698305058322
565.1827459902595,0.07599186553116737,29.860863884040135,281.6082851845019,0.08824037382369126,2.4523582805893303
565.1820919748047,0.07599187553116736,29.860863884040135,281.6082851845019,0.08824037382369126,2.4523582805893303
565.1827465962201,0.07599186553116737,29.860863894040136,281.6082851845019,0.08824037382369126,2.4523582805893303
565.1827460073279,0.07599186553116737,29.860863884040135,281.6082851945019,0.08824037382369126,2.4523582805893303
565.183448681315,0.07599186553116737,29.860863884040135,281.6082851845019,0.08824038382369126,2.4523582805893303
565.1827385537042,0.07599186553116737,29.860863884040135,281.6082851845019,0.08824037382369126,2.45235829058933
0.013803903223901844,0.07711871024836135,29.86069356533924,281.6082832801868,0.06627266235772944,2.4534621656696163
0.013803890856386405,0.07711872024836135,29.86069356533924,281.6082832801868,0.06627266235772944,2.4534621656696163
0.013803903237214313,0.07711871024836135,29.86069357533924,281.6082832801868,0.06627266235772944,2.4534621656696163
0.013803903224065037,0.07711871024836135,29.86069356533924,281.6082832901868,0.06627266235772944,2.4534621656696163
0.013803913708150864,0.07711871024836135,29.86069356533924,281.6082832801868,0.06627267235772943,2.4534621656696163
0.013803903134995327,0.07711871024836135,29.86069356533924,281.6082832801868,0.06627266235772944,2.453462175669616
0.013803204920824277,0.07711876132563253,29.860693555445415,281.6082832800757,0.06627138228605543,2.453462229883058
0.013803205200969122,0.07711877132563252,29.860693555445415,281.6082832800757,0.06627138228605543,2.453462229883058
0.013803204920345055,0.07711876132563253,29.860693565445416,281.6082832800757,0.06627138228605543,2.453462229883058
0.013803204920828196,0.07711876132563253,29.860693555445415,281.6082832900757,0.06627138228605543,2.453462229883058
0.013803204933870876,0.07711876132563253,29.860693555445415,281.6082832800757,0.06627139228605543,2.453462229883058
0.013803204922236956,0.07711876132563253,29.860693555445415,281.6082832800757,0.06627138228605543,2.453462239883058
0.013803204658495823,0.0771187476190197,29.86069355534612,281.6082832800741,0.06627136551766573,2.453462230614945
0.013803204940690698,0.07711875761901969,29.86069355534612,281.6082832800741,0.06627136551766573,2.453462230614945
0.01380320465801448,0.0771187476190197,29.86069356534612,281.6082832800741,0.06627136551766573,2.453462230614945
0.013803204658499714,0.0771187476190197,29.86069355534612,281.6082832900741,0.06627136551766573,2.453462230614945
0.013803204669834639,0.0771187476190197,29.86069355534612,281.6082832800741,0.06627137551766572,2.453462230614945
0.013803204659922894,0.0771187476190197,29.86069355534612,281.6082832800741,0.06627136551766573,2.453462240614945
0.01380320360973886,0.07711869279256837,29.86069355494894,281.6082832800677,0.06627129844410691,2.453462233542493
0.013803203900132625,0.07711870279256837,29.86069355494894,281.6082832800677,0.06627129844410691,2.453462233542493
0.013803203609248173,0.07711869279256837,29.860693564948942,281.6082832800677,0.06627129844410691,2.453462233542493
0.013803203609742194,0.07711869279256837,29.86069355494894,281.60828329006773,0.06627129844410691,2.453462233542493
0.013803203614245209,0.07711869279256837,29.86069355494894,281.6082832800677,0.0662713084441069,2.453462233542493
0.013803203611224862,0.07711869279256837,29.86069355494894,281.6082832800677,0.06627129844410691,2.453462243542493
0.013803199423596493,0.07711847348676308,29.860693553360225,281.60828328004226,0.06627103014987164,2.453462245252685
0.013803199746774502,0.07711848348676308,29.860693553360225,281.60828328004226,0.06627103014987164,2.453462245252685
0.013803199423070747,0.07711847348676308,29.860693563360226,281.60828328004226,0.06627103014987164,2.453462245252685
0.013803199423599866,0.07711847348676308,29.860693553360225,281.60828329004227,0.06627103014987164,2.453462245252685
0.013803199400785948,0.07711847348676308,29.860693553360225,281.60828328004226,0.06627104014987163,2.453462245252685
0.013803199425317925,0.07711847348676308,29.860693553360225,281.60828328004226,0.06627103014987164,2.453462255252685
0.013803182820920126,0.07711759626354191,29.860693547005358,281.6082832799404,0.06626995697293055,2.4534622920934526
0.013803183275029086,0.0771176062635419,29.860693547005358,281.6082832799404,0.06626995697293055,2.4534622920934526
0.013803182820252911,0.07711759626354191,29.86069355700536,281.6082832799404,0.06626995697293055,2.4534622920934526
0.01380318282092207,0.07711759626354191,29.860693547005358,281.6082832899404,0.06626995697293055,2.4534622920934526
0.013803182689014277,0.07711759626354191,29.860693547005358,281.6082832799404,0.06626996697293054,2.4534622920934526
0.013803182823581391,0.07711759626354191,29.860693547005358,281.6082832799404,0.06626995697293055,2.4534623020934525
0.013803118661010768,0.07711408737065721,29.86069352158589,281.60828327953294,0.06626566426516618,2.4534624794565234
0.013803119635584827,0.0771140973706572,29.86069352158589,281.60828327953294,0.06626566426516618,2.4534624794565234
0.013803118659780601,0.07711408737065721,29.86069353158589,281.60828327953294,0.06626566426516618,2.4534624794565234
0.013803118661005136,0.07711408737065721,29.86069352158589,281.60828328953295,0.06626566426516618,2.4534624794565234
0.013803118095490292,0.07711408737065721,29.86069352158589,281.60828327953294,0.06626567426516618,2.4534624794565234
0.01380311866740726,0.07711408737065721,29.86069352158589,281.60828327953294,0.06626566426516618,2.4534624894565233
0.013802896803481197,0.07710005179911843,29.86069341990802,281.6082832779031,0.06624849343410873,2.4534632289088067
0.013802899807701614,0.07710006179911842,29.86069341990802,281.6082832779031,0.06624849343410873,2.4534632289088067
0.013802896800058593,0.07710005179911843,29.86069342990802,281.6082832779031,0.06624849343410873,2.4534632289088067
0.013802896803450515,0.07710005179911843,29.86069341990802,281.60828328790313,0.06624849343410873,2.4534632289088067
0.013802894547797687,0.07710005179911843,29.86069341990802,281.6082832779031,0.06624850343410872,2.4534632289088067
0.013802896824435022,0.07710005179911843,29.86069341990802,281.6082832779031,0.06624849343410873,2.4534632389088067
0.013801455731854116,0.07694240876601416,29.860692290421174,281.60828325974046,0.06605727568834016,2.453471564744312
0.013801460278232354,0.07694241876601415,29.860692290421174,281.60828325974046,0.06605727568834016,2.453471564744312
0.013801455726983512,0.07694240876601416,29.860692300421174,281.60828325974046,0.06605727568834016,2.453471564744312
0.013801455731801793,0.07694240876601416,29.860692290421174,281.60828326974047,0.06605727568834016,2.453471564744312
0.013801452090350034,0.07694240876601416,29.860692290421174,281.60828325974046,0.06605728568834016,2.453471564744312
0.013801455764507618,0.07694240876601416,29.860692290421174,281.60828325974046,0.06605727568834016,2.453471574744312
0.01380256913342787,0.07679441753818231,29.86069123147535,281.60828324271233,0.06587814718264302,2.453479366995228
0.01380256162376361,0.0767944275381823,29.86069123147535,281.60828324271233,0.06587814718264302,2.453479366995228
0.01380256914187826,0.07679441753818231,29.86069124147535,281.60828324271233,0.06587814718264302,2.453479366995228
0.013802569133521691,0.07679441753818231,29.86069123147535,281.60828325271234,0.06587814718264302,2.453479366995228
0.01380257524063526,0.07679441753818231,29.86069123147535,281.60828324271233,0.06587815718264302,2.453479366995228
0.013802569082056532,0.07679441753818231,29.86069123147535,281.60828324271233,0.06587814718264302,2.453479376995228
0.0138014086192093,0.07691182474203316,29.860692071578306,281.6082832562214,0.06602025680151705,2.453473177165755
0.013801411470312145,0.07691183474203316,29.860692071578306,281.6082832562214,0.06602025680151705,2.453473177165755
0.013801408616228767,0.07691182474203316,29.860692081578307,281.6082832562214,0.06602025680151705,2.453473177165755
0.013801408619177412,0.07691182474203316,29.860692071578306,281.6082832662214,0.06602025680151705,2.453473177165755
0.013801406348119745,0.07691182474203316,29.860692071578306,281.6082832562214,0.06602026680151704,2.453473177165755
0.013801408640020716,0.07691182474203316,29.860692071578306,281.6082832562214,0.06602025680151705,2.453473187165755
0.013802033540695566,0.07682078661818419,29.86069141915196,281.60828324573504,0.06590993560904612,2.453477983022824
0.013802030106375696,0.07682079661818418,29.86069141915196,281.60828324573504,0.06590993560904612,2.453477983022824
0.01380203354468043,0.07682078661818419,29.86069142915196,281.60828324573504,0.06590993560904612,2.453477983022824
0.013802033540739807,0.07682078661818419,29.86069141915196,281.60828325573505,0.06590993560904612,2.453477983022824
0.013802036342126215,0.07682078661818419,29.86069141915196,281.60828324573504,0.06590994560904612,2.453477983022824
0.013802033517763096,0.07682078661818419,29.86069141915196,281.60828324573504,0.06590993560904612,2.453477993022824
0.013801429078654587,0.07689781490997338,29.860691971176593,281.60828325460767,0.06600327950328409,2.4534739167377895
0.01380143120213079,0.07689782490997338,29.860691971176593,281.60828325460767,0.06600327950328409,2.4534739167377895
0.013801429076486156,0.07689781490997338,29.860691981176593,281.60828325460767,0.06600327950328409,2.4534739167377895
0.013801429078631548,0.07689781490997338,29.860691971176593,281.6082832646077,0.06600327950328409,2.4534739167377895
0.013801427393956591,0.07689781490997338,29.860691971176593,281.60828325460767,0.06600328950328409,2.4534739167377895
0.013801429094400136,0.07689781490997338,29.860691971176593,281.60828325460767,0.06600327950328409,2.4534739267377894
0.013801410667386136,0.07690921245392186,29.860692052857296,281.6082832559205,0.06601709119652287,2.4534733150671393
0.013801413389387833,0.07690922245392186,29.860692052857296,281.6082832559205,0.06601709119652287,2.4534733150671393
0.013801410664549596,0.07690921245392186,29.860692062857296,281.6082832559205,0.06601709119652287,2.4534733150671393
0.013801410667355952,0.07690921245392186,29.860692052857296,281.60828326592053,0.06601709119652287,2.4534733150671393
0.013801408500290002,0.07690921245392186,29.860692052857296,281.6082832559205,0.06601710119652286,2.4534733150671393
0.013801410687298787,0.07690921245392186,29.860692052857296,281.6082832559205,0.06601709119652287,2.453473325067139
0.013801408952507187,0.0769113211584949,29.860692067969367,281.6082832561634,0.06601964655238074,2.4534732037496787
0.013801411778957079,0.0769113311584949,29.860692067969367,281.6082832561634,0.06601964655238074,2.4534732037496787
0.013801408949554301,0.0769113211584949,29.860692077969368,281.6082832561634,0.06601964655238074,2.4534732037496787
0.013801408952475655,0.0769113211584949,29.860692067969367,281.6082832661634,0.06601964655238074,2.4534732037496787
0.01380140670127411,0.0769113211584949,29.860692067969367,281.6082832561634,0.06601965655238073,2.4534732037496787
0.01380140897314711,0.0769113211584949,29.860692067969367,281.6082832561634,0.06601964655238074,2.4534732137496786
0.013801408681580224,0.07691172704810047,29.86069207087818,281.60828325621014,0.06602013841472812,2.453473182322969
0.013801411527909115,0.07691173704810046,29.86069207087818,281.60828325621014,0.06602013841472812,2.453473182322969
0.013801408678605145,0.07691172704810047,29.86069208087818,281.60828325621014,0.06602013841472812,2.453473182322969
0.013801408681548832,0.07691172704810047,29.86069207087818,281.60828326621015,0.06602013841472812,2.453473182322969
0.013801406414335854,0.07691172704810047,29.86069207087818,281.60828325621014,0.06602014841472811,2.453473182322969
0.01380140870235846,0.07691172704810047,29.86069207087818,281.60828325621014,0.06602013841472812,2.453473192322969
0.013801408631237674,0.07691180576647899,29.86069207144232,281.60828325621924,0.06602023380669163,2.453473178167465
0.01380141148141378,0.07691181576647899,29.86069207144232,281.60828325621924,0.06602023380669163,2.453473178167465
0.013801408628258283,0.07691180576647899,29.86069208144232,281.60828325621924,0.06602023380669163,2.453473178167465
0.013801408631205825,0.07691180576647899,29.86069207144232,281.60828326621925,0.06602023380669163,2.453473178167465
0.013801406360894684,0.07691180576647899,29.86069207144232,281.60828325621924,0.06602024380669162,2.453473178167465
0.01380140865204304,0.07691180576647899,29.86069207144232,281.60828325621924,0.06602023380669163,2.453473188167465
0.013801408621542763,0.07691182105544424,29.860692071551885,281.608283256221,0.06602025233406023,2.4534731773603684
0.013801411472465632,0.07691183105544423,29.860692071551885,281.608283256221,0.06602025233406023,2.4534731773603684
0.01380140861856256,0.07691182105544424,29.860692081551885,281.608283256221,0.06602025233406023,2.4534731773603684
0.013801408621510773,0.07691182105544424,29.860692071551885,281.608283266221,0.06602025233406023,2.4534731773603684
0.013801406350598584,0.07691182105544424,29.860692071551885,281.608283256221,0.06602026233406022,2.4534731773603684
0.013801408642353064,0.07691182105544424,29.860692071551885,281.608283256221,0.06602025233406023,2.4534731873603683
0.013801408619662309,0.07691182402576277,29.860692071573173,281.60828325622134,0.06602025593353118,2.4534731772035667
0.013801411470730591,0.07691183402576277,29.860692071573173,281.60828325622134,0.06602025593353118,2.4534731772035667
0.013801408616682028,0.07691182402576277,29.860692081573173,281.60828325622134,0.06602025593353118,2.4534731772035667
0.013801408619630626,0.07691182402576277,29.860692071573173,281.60828326622135,0.06602025593353118,2.4534731772035667
0.013801406348601403,0.07691182402576277,29.860692071573173,281.60828325622134,0.06602026593353118,2.4534731772035667
0.01380140864047395,0.07691182402576277,29.860692071573173,281.60828325622134,0.06602025593353118,2.4534731872035667
0.013801408619297352,0.07691182460286153,29.860692071577308,281.6082832562214,0.06602025663286704,2.453473177173102
0.013801411470393338,0.07691183460286152,29.860692071577308,281.6082832562214,0.06602025663286704,2.453473177173102
0.013801408616316867,0.07691182460286153,29.86069208157731,281.6082832562214,0.06602025663286704,2.453473177173102
0.01380140861926555,0.07691182460286153,29.860692071577308,281.6082832662214,0.06602025663286704,2.453473177173102
0.01380140634821344,0.07691182460286153,29.860692071577308,281.6082832562214,0.06602026663286703,2.453473177173102
0.013801408640108738,0.07691182460286153,29.860692071577308,281.6082832562214,0.06602025663286704,2.453473187173102
0.013801408619226123,0.07691182471499285,29.86069207157811,281.6082832562214,0.06602025676874924,2.4534731771671825
0.013801411470327766,0.07691183471499284,29.86069207157811,281.6082832562214,0.06602025676874924,2.4534731771671825
0.013801408616245982,0.07691182471499285,29.86069208157811,281.6082832562214,0.06602025676874924,2.4534731771671825
0.013801408619194305,0.07691182471499285,29.86069207157811,281.6082832662214,0.06602025676874924,2.4534731771671825
0.013801406348137833,0.07691182471499285,29.86069207157811,281.6082832562214,0.06602026676874924,2.4534731771671825
0.013801408640037816,0.07691182471499285,29.86069207157811,281.6082832562214,0.06602025676874924,2.4534731871671824
0.01380140861921246,0.07691182473677237,29.860692071578267,281.6082832562214,0.06602025679514195,2.4534731771660327
0.013801411470315269,0.07691183473677236,29.860692071578267,281.6082832562214,0.06602025679514195,2.4534731771660327
0.013801408616231928,0.07691182473677237,29.860692081578268,281.6082832562214,0.06602025679514195,2.4534731771660327
0.013801408619180614,0.07691182473677237,29.860692071578267,281.6082832662214,0.06602025679514195,2.4534731771660327
0.013801406348123164,0.07691182473677237,29.860692071578267,281.6082832562214,0.06602026679514195,2.4534731771660327
0.013801408640024278,0.07691182473677237,29.860692071578267,281.6082832562214,0.06602025679514195,2.4534731871660327
0.013801408619209882,0.07691182474100687,29.8606920715783,281.6082832562214,0.06602025680027337,2.4534731771658094
0.01380141147031256,0.07691183474100687,29.8606920715783,281.6082832562214,0.06602025680027337,2.4534731771658094
0.013801408616229324,0.07691182474100687,29.8606920815783,281.6082832562214,0.06602025680027337,2.4534731771658094
0.013801408619178099,0.07691182474100687,29.8606920715783,281.6082832662214,0.06602025680027337,2.4534731771658094
0.013801406348120267,0.07691182474100687,29.8606920715783,281.6082832562214,0.06602026680027337,2.4534731771658094
0.013801408640021318,0.07691182474100687,29.8606920715783,281.6082832562214,0.06602025680027337,2.4534731871658093
0.013801408619209293,0.07691182474183211,29.860692071578306,281.6082832562214,0.06602025680127341,2.453473177165766
0.013801411470312264,0.07691183474183211,29.860692071578306,281.6082832562214,0.06602025680127341,2.453473177165766
0.01380140861622891,0.07691182474183211,29.860692081578307,281.6082832562214,0.06602025680127341,2.453473177165766
0.013801408619177499,0.07691182474183211,29.860692071578306,281.6082832662214,0.06602025680127341,2.453473177165766
0.013801406348119818,0.07691182474183211,29.860692071578306,281.6082832562214,0.0660202668012734,2.453473177165766
0.013801408640020798,0.07691182474183211,29.860692071578306,281.6082832562214,0.06602025680127341,2.453473187165766
0.013801408619209556,0.07691182474167342,29.860692071578303,281.6082832562214,0.0660202568010811,2.4534731771657743
0.013801411470312379,0.07691183474167342,29.860692071578303,281.6082832562214,0.0660202568010811,2.4534731771657743
0.013801408616228824,0.07691182474167342,29.860692081578303,281.6082832562214,0.0660202568010811,2.4534731771657743
0.013801408619177816,0.07691182474167342,29.860692071578303,281.6082832662214,0.0660202568010811,2.4534731771657743
0.013801406348119855,0.07691182474167342,29.860692071578303,281.6082832562214,0.0660202668010811,2.4534731771657743
0.013801408640021022,0.07691182474167342,29.860692071578303,281.6082832562214,0.0660202568010811,2.4534731871657742
0.013801408619209192,0.0769118247418048,29.860692071578306,281.6082832562214,0.06602025680124032,2.453473177165767
0.013801411470312185,0.0769118347418048,29.860692071578306,281.6082832562214,0.06602025680124032,2.453473177165767
0.013801408616228819,0.0769118247418048,29.860692081578307,281.6082832562214,0.06602025680124032,2.453473177165767
0.013801408619177558,0.0769118247418048,29.860692071578306,281.6082832662214,0.06602025680124032,2.453473177165767
0.01380140634812,0.0769118247418048,29.860692071578306,281.6082832562214,0.06602026680124032,2.453473177165767
0.013801408640020931,0.0769118247418048,29.860692071578306,281.6082832562214,0.06602025680124032,2.453473187165767
0.013801408619209567,0.07691182474178465,29.860692071578303,281.6082832562214,0.0660202568012159,2.4534731771657685
0.01380141147031201,0.07691183474178465,29.860692071578303,281.6082832562214,0.0660202568012159,2.4534731771657685
0.013801408616228604,0.07691182474178465,29.860692081578303,281.6082832562214,0.0660202568012159,2.4534731771657685
0.013801408619177589,0.07691182474178465,29.860692071578303,281.6082832662214,0.0660202568012159,2.4534731771657685
0.013801406348119966,0.07691182474178465,29.860692071578303,281.6082832562214,0.0660202668012159,2.4534731771657685
0.0138014086400206,0.07691182474178465,29.860692071578303,281.6082832562214,0.0660202568012159,2.4534731871657685
0.013801408619209192,0.0769118247418048,29.860692071578306,281.6082832562214,0.06602025680124032,2.453473177165767
0.013801411470312185,0.0769118347418048,29.860692071578306,281.6082832562214,0.06602025680124032,2.453473177165767
0.013801408616228819,0.0769118247418048,29.860692081578307,281.6082832562214,0.06602025680124032,2.453473177165767
0.013801408619177558,0.0769118247418048,29.860692071578306,281.6082832662214,0.06602025680124032,2.453473177165767
0.01380140634812,0.0769118247418048,29.860692071578306,281.6082832562214,0.06602026680124032,2.453473177165767
0.013801408640020931,0.0769118247418048,29.860692071578306,281.6082832562214,0.06602025680124032,2.453473187165767
