LSCO 2511A, x = 24%
T=30 K, B = 45.0 T, theta= -14 to 99, phi = 0 and 45
Fixed parameters:
T=0.19,T1multvalue=-0.132,T11multvalue=0.066
cost,Tzmultvalue,invtau_iso,strength,spread_xy,n
1.2759888037579872,0.0769118247418048,29.860692071578306,281.6082832562214,0.06602025680124032,2.453473177165767
2855158.439812727,0.0750612992423105,13.78138955245292,494.0707871378752,0.1813938308256678,2.360229540757902
3938995.7599679353,0.07320060404349579,4.551063591837824,385.05730040226945,0.39868961621979726,3.431573855356485
2775139.1121653984,0.0658988666937661,16.88748160339582,324.50356094074573,0.19308870063667696,3.3121604617620473
17460976.622349232,0.07206425605146274,13.97264818720038,723.6668957111126,0.27560721757099704,2.9000304520376345
69457.89447625805,0.07702354777236493,16.65127331841985,81.46601659066982,0.18662817314318697,3.330306483485807
7538238.535105981,0.0730661899082918,20.45868988099886,500.0988701888056,0.27091165795195205,2.092910240344549
2555600.9877787395,0.062372952797821575,5.544479587935074,821.1732532272274,0.14227825240507058,2.0153344235562423
240.55186609810744,0.06327559592062511,10.453090268906509,458.6942488806833,0.05042591970203608,3.4429490410575934
9611834.44596242,0.07777994587658518,8.795683792041139,647.5463419798975,0.25708592691745347,3.087089551708422
4558.7861903060075,0.06909053664323678,21.727582097366582,13.108220952681052,0.2124996475046813,3.824061455481684
3876667.2434703615,0.060003099154371575,8.027636555059942,239.8264937806398,0.36797365693999295,2.745965073628977
40355487.2698749,0.06658728955151971,11.432106585582032,933.4454817941682,0.3004790884790174,2.0455345098576068
864975.7928950208,0.0637992862490737,0.16833564783533106,125.54455140850717,0.31490746823002935,2.921661226324909
42528604.57648341,0.060690853918683355,27.922223780273562,803.8419226968101,0.3837706138055901,3.766779707612895
3337200.220159847,0.06867830180512464,9.2189881244107,286.93833500621815,0.30303307174454636,2.469664168076857
2784958.143955675,0.07260340926228381,4.809884675725742,309.5384466272569,0.3874139822203042,3.939690545431909
44.06950384004073,0.06099200539878626,23.35363027834808,111.26941608953933,0.07113809284899555,3.380796089146653
13.642033078339896,0.07991876016689957,29.00588220771591,875.0822762751638,0.058897806069961645,2.4845366093716352
5.404606206097307,0.06946862699623771,15.792593288385715,716.4749640443843,0.08022531268168973,3.19136598422526
51213643.211067185,0.06545039454051718,14.718844100441935,998.8664277811677,0.3455258368619044,3.5315156101718754
565882.1939440754,0.07629176901271172,19.80850828860868,157.41832548060069,0.2434470662574039,2.6504134507280908
12243003.930782568,0.06258497060543537,2.8292678047165207,542.4285188940119,0.2068376866895052,2.605630203002455
12628875.484896343,0.06422053262288221,22.458838830612805,589.3915299328173,0.20337375443929878,2.2712947182364056
4829.592263737206,0.06445551230419912,21.024869801302287,24.239927542392138,0.15357756229219746,3.720758259033876
7894011.829341974,0.07468469601635191,4.085937950607386,523.2771571709287,0.2620119481628402,3.975081389784971
1701702.154681922,0.06492360858632103,0.9982847215709096,181.42343336218676,0.3226711318453611,3.022440328100563
1718060.5387036824,0.06999928512683848,2.380870890492556,243.37265378217143,0.22247507519464046,2.1724914621650724
22461794.52060643,0.07745012040498686,11.252297342145523,962.2855941736511,0.32761334177887697,2.8674034607496415
26.23693148764487,0.07557028441481112,25.783477031785708,73.54179127754958,0.07082399659252933,3.8907426076987006
12893.035994531667,0.07167114071427996,12.36213101189053,610.9001551802455,0.125710324450018,2.982855383382798
66.73822844975732,0.07863237549150698,24.97646802518613,162.2550952964031,0.09098750099775746,3.225591356292088
4913.547955033232,0.06603387479018671,19.202309246574423,472.8282421123045,0.11529594835876325,3.6474146070332107
11650210.736343252,0.07910451991323506,18.18420626134908,775.5795203504157,0.3781071712924404,2.5334725847488464
108798.02865872867,0.061796869030483384,24.442724055700175,379.89416189256167,0.13428511309274482,2.68555998835299
16651597.00194886,0.06814738608466306,17.57302941803831,621.0641802222962,0.2939244167336503,2.7665925502075277
1720753.200565282,0.07662199053838273,6.051019905965141,276.65440497975294,0.36216343254836236,2.402832825226972
2358112.198322332,0.07051347236769705,27.525303390102742,692.1293317779401,0.16671824186353634,3.509437958988897
39866820.176060185,0.06691247513095493,15.473343381473804,950.6463298461354,0.3323124258368212,2.1222101179569863
1478769.6611973117,0.06126485678465042,3.265975738910317,425.84744663361874,0.15588959296357224,2.3461281168334565
39.9138076970961,0.07432317141162745,6.628503993264939,58.35377738778101,0.10094509707300908,2.8300539590778655
14711590.137650933,0.063097361524129,28.602153459228013,897.5645059053608,0.16932796290867483,2.201873689514579
1508384.0878831786,0.07096876778534271,1.5252639740431704,212.91920242380803,0.3557237934963048,3.1257839211209646
11644880.420605313,0.07944452247798299,29.517108781494713,747.5377488394695,0.34399069747314936,2.5864811729579698
11317019.65253049,0.07129165197636815,26.161462979408753,574.2329366853234,0.2514205401782427,3.6312025061126527
17606505.051521793,0.07027304580733362,26.60565780217611,675.8224775669462,0.28739590391374686,3.25106598643306
1.9246308967418693,0.07560447232924272,7.595733028505701,798.6535808224164,0.09283501466216268,3.0630965473706775
6950486.254811861,0.06735910483211731,23.912381982190055,409.2318127393279,0.23785717941215864,3.593067827718726
151961.3841904898,0.07376390842570926,12.749847330646945,855.3228673335925,0.13178400268029117,2.3134466221581182
32338211.279545143,0.06776040356031254,18.761156072654018,917.835452232088,0.22740274454116344,3.840922353737165
10.40249746895166,0.07004156988470751,25.880175591628895,667.1823700586385,0.06602025680124032,2.833088615126428
60.84639524505609,0.07737023150001168,25.410749009497096,520.741042098869,0.07504775388490856,2.297009735177298
22950.256004607276,0.07041974807226639,2.5046425019386724,28.766397838298758,0.2722011321690762,3.431573855356485
1231573.9307859498,0.0639891539134403,11.17228869179726,197.59814940434796,0.19308870063667696,2.10013302302784
730.4370613038715,0.07206425605146274,21.28393136661038,528.6184763976298,0.08541210544652722,2.115317722791649
989123.63746068,0.07223584520185145,6.640863772163041,445.0232179725538,0.16805671470387507,3.330306483485807
120688.12425193093,0.07851056774492556,27.082385158757354,500.0988701888056,0.1392988035356751,2.5842450531391936
42774.564438777015,0.06997350911737096,24.28920961872491,411.61467797808683,0.12454134352845457,2.337854579852946
483670.3851523904,0.07461098708408304,24.543257087008797,785.0727926014445,0.15316995783827683,3.4429490410575934
208783.94357410655,0.07527687240354826,18.654490926991336,95.72723122746385,0.23178267107285405,3.087089551708422
5762983.81095257,0.07847653072021378,4.264393165755973,625.5808625789006,0.20378407161913978,3.2119006883342207
62696.23170819211,0.060161308465415425,11.394989339866362,645.5175682332144,0.12981253186685512,2.745965073628977
939761.9617693874,0.06993318343692854,11.432106585582032,452.6717581868744,0.15010819044323376,2.0455345098576068
29948777.24883111,0.07311550081635743,0.16833564783533106,972.0543094460279,0.31490746823002935,2.921661226324909
18678785.898421127,0.07525917030522411,11.820538409198246,902.7790800910896,0.3837706138055901,2.128287537013099
3714294.4134129565,0.06721282177710135,20.9607931269025,286.93833500621815,0.30303307174454636,2.469664168076857
571800.6550752508,0.07260340926228381,4.809884675725742,142.77233289641276,0.3874139822203042,3.939690545431909
136.70677315999495,0.06099200539878626,4.813912620155975,530.8241011516864,0.07615489510322146,3.5422262240411935
34.45914323703449,0.07257170540452798,11.039131918990075,3.10162807409813,0.1696656117346807,2.1507065847390225
240.30358062918498,0.06946862699623771,15.792593288385715,788.1142175414518,0.08936651139950758,2.9040756855044165
118.78654055466103,0.06545039454051718,14.718844100441935,221.03518441728022,0.08743795578970362,2.6589205845493336
2689243.31680693,0.07629176901271172,24.77462245434382,356.2408607947317,0.2276930056095403,2.2475487291111573
6297.347533568916,0.07506939501364149,17.525397282187793,542.4285188940119,0.11466407748605645,2.605630203002455
272.8111313243546,0.06422053262288221,29.51185227394479,589.3915299328173,0.06997331251752278,2.9494843859163917
3863451.5742292013,0.06445551230419912,19.968950811510858,769.2858619966482,0.15357756229219746,2.2571943227993585
9889332.70937743,0.07468469601635191,4.085937950607386,621.1594529125642,0.2319783484473371,3.975081389784971
1952172.8703777008,0.07743524443435625,24.131667036256093,472.67385117490346,0.1799316304095195,3.022440328100563
24514566.43592786,0.0723684091942714,17.826756201881167,897.550331728898,0.36482954634275444,2.7916286315398855
3973684.285671767,0.07064318234198422,16.911332792424222,325.67051363399935,0.2824777745395255,3.487741880241822
3.0299137416861344,0.07641390928314037,10.041166423880519,324.616411411536,0.08624010058932305,2.1357955723422872
7957.3372271654935,0.07167114071427996,9.461815056612277,562.9713537021306,0.125710324450018,3.0979636298332034
80.36298756755805,0.07863237549150698,18.543817533628022,743.5239927551106,0.09098750099775746,3.225591356292088
564174.1514987338,0.06603387479018671,21.03371730780895,121.50830576891627,0.21951776932104655,2.835266961483045
1729790.2338130139,0.07943611675003578,20.831947386261803,295.947406464678,0.3781071712924404,3.4133898733576977
35.3351286940912,0.061993594124961054,24.442724055700175,379.89416189256167,0.06218096080102681,2.7829120649628623
1570906.8732183685,0.07781917303379865,29.059921199145954,253.106600598008,0.2939244167336503,3.3456689032231695
3620203.006436223,0.07209132219532971,24.911860590169965,353.1386460430722,0.37583735808733953,2.402832825226972
4586905.8818685645,0.07198904681398165,27.525303390102742,370.00217599032703,0.2950725759817707,2.494844062590317
5167251.290422948,0.06691247513095493,23.686075743679492,338.1706479069911,0.2811261243847011,2.1222101179569863
32.953861314063175,0.07563634797076182,3.265975738910317,867.6044839659776,0.08624262884324785,2.1965235596035995
17.023517027886395,0.07162091833493252,25.624992878004235,221.9578844876229,0.05999333569678636,3.1300901710855515
15435087.030446574,0.07669190496229569,28.602153459228013,897.5645059053608,0.2126122183186418,3.6400061548488694
151.31849014273865,0.07096876778534271,28.108431859294367,212.91920242380803,0.08363696264783663,3.6176900842776796
209.16646560595592,0.0763014706708964,21.294099089794,747.5377488394695,0.08814855826428453,2.9098226998006727
19960591.418006748,0.06736720604130317,14.928983266703334,691.0003012071201,0.2514205401782427,2.618476319093512
143.9765144403831,0.07818293132608144,22.76903826564095,675.8224775669462,0.051279302981985186,3.875012085365978
127.61384709518471,0.07134965967225344,28.220734619221595,217.32150140900853,0.08250790391927015,3.5430751549960307
144769.45729081152,0.06735910483211731,2.725904531305389,63.39693218476174,0.23785717941215864,3.2693291314339428
14064.058389470403,0.07126793200221473,27.91248159187225,229.3936579148796,0.13178400268029117,3.887377619799599
23872636.245317478,0.07117105043517323,19.318818803269824,917.835452232088,0.22025751098005333,3.273448730914483
7652982.441862313,0.0624576302570306,23.59248820328777,353.1315183672143,0.31968661282290967,2.277482233032343
4075006.2465453716,0.0785575158229875,25.410749009497096,432.93528754968816,0.26578224476909945,2.297009735177298
5752241.877731479,0.07883677305844772,15.485989907159667,580.7699157081807,0.21658785313873782,3.078661091087721
15261431.553739555,0.07074968130669693,19.48723678474795,660.4842280754459,0.2551450062229289,3.1327416640053336
8584736.293314308,0.07206425605146274,20.85839173208116,551.0103638425187,0.39689781611045327,2.924376872490006
65913.45909793404,0.07747711952288415,13.043271330918788,81.46601659066982,0.18662817314318697,3.1418417334554665
1324880.5791513799,0.07851056774492556,5.957093005938807,243.65162383873889,0.29901633258085164,2.7452996213618346
6211620.244626885,0.06980899306086,25.66566108687797,556.1210483502767,0.1909471356316357,2.6311287312982374
2481730.2375404397,0.06043919989594424,15.370149919722422,458.6942488806833,0.15834789385213868,2.28882575138008
90811.17554839316,0.06620873041657774,2.331910665225248,172.1905604248579,0.15806316716824706,3.087089551708422
2031098.200108991,0.07215811590780925,21.727582097366582,288.5996579942557,0.2124996475046813,3.154035355059503
70.60985296025956,0.07996148387997888,18.069226276410124,645.5175682332144,0.07241459577521253,3.269921135864454
995.0339028137454,0.07198479514762503,16.15266729069871,157.3490877751696,0.10064414127151444,2.0526470639702152
756289.6866780367,0.06625695074530961,17.50681496530511,125.54455140850717,0.31490746823002935,2.921661226324909
13.622731238272902,0.07525917030522411,18.060467464098014,902.7790800910896,0.07005732500782061,2.5855083279046616
1500034.6989180855,0.07889384122484955,25.196832750404788,262.92597500082826,0.30303307174454636,2.1876173208900154
5831410.797116189,0.07260340926228381,0.3135730585762406,622.89246877176,0.18683521517150478,2.5362121679691754
0.5512201489253874,0.0778555144882489,23.35363027834808,553.5620567677462,0.07113809284899555,2.572036549758632
2.8071857186304428,0.0712538298908488,26.051607288133624,875.0822762751638,0.058897806069961645,2.909803334339811
21967072.002515607,0.06946862699623771,11.10038268430917,747.2128037571475,0.3431009438253492,3.4125828273337384
234.74934878184501,0.0623756893895285,14.718844100441935,221.03518441728022,0.08804923326766173,2.6589205845493336
20426579.21687243,0.07211791866036374,28.826407687486046,850.6103173597666,0.2307196961573998,2.6504134507280908
6787015.391048701,0.07506939501364149,17.525397282187793,486.1438535867121,0.3295473420180621,3.6753340628568303
7783885.943396784,0.0796565528974505,29.51185227394479,654.3529901609444,0.38519696132379333,2.3803359567815545
34633878.17032604,0.06751870318009148,9.6255466537187,893.6353401599254,0.31957397283299394,2.232851297542224
13495709.190889213,0.06102645862342358,8.122360620167642,523.2771571709287,0.20959768513606267,3.3022608788203316
13833403.724042706,0.07388490484379832,25.3271530042314,680.3285806729547,0.3226711318453611,2.709583906238754
213.21899643988922,0.06999928512683848,2.380870890492556,295.38553987536125,0.08181142167919772,2.88379849942231
2733997.2139663002,0.07976612914252776,16.911332792424222,744.6724889831712,0.17155606857890024,3.051280505772939
12466.773808841195,0.06427426781794228,16.998083690736728,324.616411411536,0.11163812861764202,2.1357955723422872
46419378.830945745,0.0665207439021354,27.966434358084545,973.0718739983472,0.31657049625520794,3.1926549396586723
735.9283992484184,0.06462213708942668,18.046618532946443,729.5165278855881,0.09098750099775746,2.988470565157346
23205.859534721225,0.07397307140424143,19.202309246574423,689.7602922835096,0.11529594835876325,2.1708050240299333
19470089.728803895,0.07776343761775928,20.831947386261803,931.9680609774107,0.24286270393825637,3.50592559630988
404.2674133641508,0.07662163332294865,21.50867067910847,379.89416189256167,0.09503471974144834,2.8418651606171617
17614760.53068792,0.0717009651137379,29.059921199145954,784.8568716477517,0.3843968099592696,2.1746020710695895
277508.0249019553,0.07662199053838273,18.846374611167246,253.87945864488825,0.15982022532849427,2.402832825226972
1681.4787386872838,0.068841338796064,28.210899845193296,692.1293317779401,0.09553071688964096,3.509437958988897
22690148.46919334,0.06657978167131515,23.686075743679492,935.991132325513,0.19251691817690963,2.4193330332506453
200.38168867635744,0.07515537253939389,1.8402169006003284,786.2958905421222,0.08624262884324785,3.114233237958642
1092602.9314293982,0.07411284997222678,15.229455470646553,221.9578844876229,0.21342779698062048,3.807916342478805
9040388.163250022,0.0708288745013868,28.660642023749723,897.5645059053608,0.16932796290867483,2.155602534359918
35067.71790254314,0.07096876778534271,20.281132189839226,378.6961230008081,0.1262841438950537,2.3759765706044322
546.9220847821193,0.07073571359559228,22.050171379716158,363.5149030922903,0.08814855826428453,2.451486631230464
2076.8245243070314,0.07129165197636815,19.73893614932026,210.942063936748,0.11670403952684416,3.8286366919085566
25.2318081489146,0.06183022775276366,20.243188090120036,481.2475511773561,0.051279302981985186,3.115150941344054
119.99821462945317,0.07334672486808567,15.850400361399046,763.2646415801153,0.05693473870705873,2.3653244911479914
18006357.09349101,0.07739838806142847,2.725904531305389,916.3023838109333,0.23785717941215864,2.836985331707832
14111411.414656647,0.0760098412498734,12.958951390831285,868.7845723387377,0.21014564726932664,3.013726131521837
1800217.9983693403,0.06242882594242872,8.26366410412729,193.61174339266603,0.22025751098005333,2.704850730989848
7045536.878264256,0.07745306723382715,24.100695934861115,553.5620567677462,0.364906635438888,3.2108331707664277
3.6002491457833266,0.07723211910383466,25.410749009497096,512.4816549040326,0.0666161203936412,2.617515631409132
11499.833300288537,0.07761391463621584,2.5046425019386724,28.766397838298758,0.37003930214993563,2.4631021608158115
610411.9761839912,0.07474918098299164,20.646757836425955,197.59814940434796,0.19308870063667696,2.290428010781569
783409.5632886383,0.07262073162541005,16.817466123919708,678.8318300968366,0.1540598776311802,2.923525940593372
130196.73109377883,0.06945439752601254,21.41394457522465,81.46601659066982,0.18662817314318697,2.218301073702385
209.59516510577131,0.07231466862594345,20.86335623039043,500.0988701888056,0.08414172935428751,2.5842450531391936
2.5255572564678106,0.07481715853660334,24.28920961872491,411.61467797808683,0.0652027526094579,2.432000502094077
22763714.429944437,0.07469280115444055,28.478525393702444,982.0656987370239,0.22862589436331274,2.2855684366242275
282338.15394990135,0.07572015848999969,14.670257976192312,545.0828382990676,0.15448696290299552,3.318456574882732
1233.2653061191445,0.07545598577982247,20.71938893057262,515.7408642379669,0.09930789480354116,2.6315582445495482
95.92101525994015,0.07302403505551529,14.569939035260665,645.5175682332144,0.06559908892461824,2.7531645063042927
1003.845751940689,0.07711450788821739,10.216109038763804,157.3490877751696,0.10993098879674491,2.0526470639702152
31706.986365121003,0.06861780643296654,11.04716840371725,125.54455140850717,0.14968505836824958,2.921661226324909
5.482189151742322,0.06760014275757738,18.060467464098014,893.8144718626561,0.07005732500782061,2.5855083279046616
234563.7387327724,0.06635394672347765,28.22686986542396,262.92597500082826,0.13948172826321814,2.016511171241437
10338588.919952955,0.07260340926228381,2.5327189975281392,610.7954574824818,0.3831466236911928,2.546714800575028
10.77510928692924,0.07091800467924456,24.253983480827912,281.6082832562214,0.05460605087835382,2.040094141186569
1935700.730053645,0.07276232954590385,26.051607288133624,245.70635752053076,0.32263396018873675,2.909803334339811
13186.286441813805,0.06946862699623771,28.451358100688196,512.6092792165302,0.11373690948977636,2.7266363280576846
5164164.896833795,0.06947746639687952,22.745211019212764,399.39478206337577,0.227132499421351,2.6589205845493336
3365528.8515786584,0.07629176901271172,16.753978563301516,380.7886904921677,0.2434470662574039,2.6504134507280908
15934655.237018287,0.06904653406571462,28.37881443073349,723.4499504652026,0.21628897764611574,2.3034609681295377
278.5982760269389,0.06363791117223636,0.4811956975420486,750.571751839544,0.06997331251752278,2.3001792594777273
13586.627447612262,0.07540801864448475,21.024869801302287,24.239927542392138,0.3146098380062728,3.720758259033876
13577.487054487192,0.07468469601635191,4.085937950607386,361.91962256497766,0.13347687728662078,2.673415707193327
74.37713018631723,0.06017613043993811,24.56466073389882,712.6036450775305,0.055421257670883906,2.14501169048715
3410.176892106691,0.0656807603162615,19.27828664270524,455.0400846616807,0.10543640407822134,2.838709154970224
13581222.032509752,0.075130756315852,26.590625580710743,744.6724889831712,0.38370613675541876,2.8182266316765228
0.5010525254311063,0.07641390928314037,10.041166423880519,377.1963478916337,0.09398770250033534,3.0939204199000025
3.843281607083439,0.07533216040379243,9.461815056612277,479.8661001310612,0.08810100083925101,2.743162395182021
50977.28943718827,0.0700319778157352,24.97646802518613,180.18665281983579,0.14693047735565584,3.225591356292088
310.0408997162133,0.07379492656666668,5.419056889952785,503.59244772481435,0.11529594835876325,3.7299719934298317
65573.75671456577,0.07801433556323424,12.642995923397319,400.49832519029525,0.14750798189363568,3.231582417481474
5941867.849478107,0.07279581662921059,23.59830378824251,446.75865139236635,0.34323968182031706,2.176265541573191
11.259396278471632,0.07781917303379865,21.649027406579897,440.6055051629301,0.08349277504980565,3.2133694244159647
4465432.017997805,0.07662199053838273,20.544446315689335,474.940580503341,0.21888774996025323,2.9939516514046227
5554604.325381072,0.0708245752021534,28.210899845193296,683.6445417036047,0.17370369508700584,2.4288741776142815
1711644.818676016,0.07729819160885427,11.106725047329935,338.1706479069911,0.2008173658231298,3.419840746686229
19465789.31193489,0.07563634797076182,10.423567528259667,867.6044839659776,0.2696529182092953,2.1965235596035995
11593.185650422074,0.06594098563525572,27.756295691888592,327.52343168114726,0.1202269982438781,3.545779513652896
5180.553043073443,0.07356898399106651,28.660642023749723,396.609702138428,0.09844425923791295,2.010792372971176
255.58837770890955,0.07737769476007639,3.901116436855297,481.17375692015526,0.08363696264783663,3.559098019552451
45.388978098436084,0.07725069739378043,21.294099089794,364.1392350831717,0.08814855826428453,3.2836973629860973
1302.1784682179632,0.07105836734151261,21.985451899369355,67.03973792805863,0.12099356592650216,3.8286366919085566
381.33195551488177,0.06183022775276366,6.43697688912564,15.30409659601321,0.051279302981985186,3.278718805929041
253589.88551139063,0.07129655647021715,27.111189547158958,356.48060133383524,0.14520896328221283,2.4093028511235492
99.14598817365007,0.07725675940360197,15.333474608215369,241.64655204350993,0.07471600389026481,3.2693291314339428
21659.816610586764,0.07239297553633028,13.370924008451276,573.6198740933327,0.13178400268029117,3.1503360041608865
5480170.0042575365,0.07822386329577126,13.515149511971728,547.8146128399501,0.22025751098005333,3.0780791406327355
8.327258172682367,0.07641390928314037,11.309734129589744,61.536147570742514,0.09398770250033534,2.281961920421356
150.27575639495078,0.07225181924207852,16.37762202587665,512.4816549040326,0.08412241676259205,2.304599687121054
7835600.460701018,0.07761391463621584,2.5046425019386724,585.3724594118974,0.37003930214993563,3.7699232558602596
1144.3575470848684,0.07474918098299164,20.646757836425955,197.59814940434796,0.1083620075841738,2.9665351414567187
90254.23337969981,0.07206425605146274,21.28393136661038,578.6132891221666,0.12519066626081388,2.115317722791649
3106.4362318009344,0.07598134934519543,13.043271330918788,81.46601659066982,0.14089234956598723,3.6310508191584114
13817412.09825184,0.06373391385058289,5.075257523385627,500.0988701888056,0.3381564007113938,2.5842450531391936
87.96949411638904,0.07481715853660334,16.251312879696965,465.80930231204894,0.0652027526094579,2.6325463897324646
46.366148793434704,0.06327559592062511,3.3397804328646714,413.06366481312494,0.10042984599490332,3.221122517130704
2087458.1535080525,0.0794980916972605,6.611715634520653,742.7350172738396,0.15806316716824706,2.1535192524762437
3699848.0661944672,0.07545598577982247,20.71938893057262,398.2829375281207,0.3859339452681548,2.6315582445495482
146.24396426760606,0.07459153422218717,18.069226276410124,483.44592788806585,0.05605263745248984,3.0253548088970303
31.021812569165114,0.07198479514762503,4.993101850759793,157.3490877751696,0.10064414127151444,3.51191065171722
2248664.388452437,0.06861780643296654,24.29992970216278,693.0631396040894,0.14859352507467408,2.042296061542519
869436.4180841804,0.07728568164629808,3.839676360566477,825.0320723290621,0.15593894781117176,2.9598883204714426
17.43169037987969,0.07348029076932906,9.512715746291727,568.9353491065002,0.07416114580906785,2.016511171241437
996.7971954167645,0.0776358124374287,4.809884675725742,356.8145639005912,0.12513144914324392,3.5469092063414704
1087838.155134913,0.07668853513406451,0.17674722507751284,213.5073181506798,0.32106938765086435,2.453473177165767
294.1225718825194,0.0712538298908488,8.960180389545114,408.447063129164,0.058897806069961645,3.0183977002895537
860734.1983049558,0.06946862699623771,15.792593288385715,221.10599259032892,0.1876530470304804,3.6275997552604937
1156048.183271238,0.07645042880753085,14.718844100441935,357.2284328246673,0.18062164853552742,3.198604571725835
10.073252956589876,0.07765988534048136,19.80850828860868,157.41832548060069,0.08512458389829386,3.9188282362684452
444.6235046040881,0.07230614612080193,4.114757438053724,598.2771944406873,0.05611410196120009,2.605630203002455
43.88136941424206,0.073669075948467,26.84197174303507,299.36248419004176,0.08119828560053144,3.7651973002189685
857.6374087307918,0.07304968715485677,21.222069056830012,389.0172680532609,0.09631220572956892,2.6667626580811237
3357.2166055837456,0.06373391385058289,4.085937950607386,122.21378794098581,0.13347687728662078,3.224516313877066
3777.082006472401,0.06915329210903093,24.56466073389882,77.14458988181741,0.12877284435998448,3.973927988867673
0.9464376332081577,0.06620983172544079,23.584619631133148,585.6253190431399,0.05458733319812917,2.3935299143435302
4145414.5287294625,0.06925077141734703,11.877368256174245,744.6724889831712,0.17155606857890024,3.5227915614705716
101272.2774777383,0.0778555144882489,15.491216014497029,75.76701981227018,0.22137576626504418,3.333303008686899
6180.680994968894,0.07533216040379243,9.461815056612277,665.1075166836306,0.11033241499074607,2.1136715466600613
3.520603945817295,0.06690940888708674,10.097916752669132,27.688212938547167,0.10489661892304737,3.881760929774544
8007175.964586217,0.07203128867533885,16.36201304199995,503.59244772481435,0.3504146565440711,2.596166059096086
221278.8694540122,0.07907808881337025,19.356878508316537,400.49832519029525,0.14750798189363568,2.398959373849859
140.03461529774654,0.06916785905169905,5.5749234037112885,74.3666911289306,0.0881296393886975,3.251817480223197
929.2725091447878,0.0759254685780863,16.620908543255542,591.1764911526099,0.10477657996940229,3.0993537288309025
1042258.4001965388,0.0767485702297169,25.945532621553262,233.95900171490968,0.21553683055413606,3.033897051042379
286.2975004707847,0.07718736300208308,9.501749230298541,732.1161201514005,0.06662820173109632,3.509437958988897
694.5563173133819,0.0760310492714775,11.106725047329935,338.1706479069911,0.11549259133278435,3.5863767888595
119861.0822051524,0.06442980979123242,6.673785471502155,218.11593023921438,0.14992668786384505,2.688902868980172
19.990562758229064,0.07278919018629715,25.624992878004235,300.0232943512435,0.05999333569678636,3.1300901710855515
10.385362472251972,0.06815524530677008,20.858489667177558,42.816164305967334,0.08306506941991512,2.5265356484479695
1.0804326450345696,0.07579151237576001,8.16080974488657,701.265661883413,0.0931013711533428,3.0702191509582284
381.148821534562,0.07725069739378043,8.989138853702741,3.0968146800124714,0.08814855826428453,3.4978800599374846
2143033.236627572,0.07409054741804112,21.985451899369355,356.1097582551467,0.1961160770353121,3.8286366919085566
55.24325673599319,0.07278878899908817,7.8859531098956435,679.9344075876221,0.08315784148975924,3.094891784381711
4767973.869228744,0.07560447232924272,26.60310013614196,453.8921509694923,0.395053579247718,3.0213137283395293
5.740708112880491,0.07448312720744814,15.333474608215369,520.7259611749556,0.08699920509050305,3.2693291314339428
221.68556977819927,0.07374482146350941,27.81773428767234,101.61968657551733,0.09501517680226801,3.7708460445426675
12.908581001945759,0.0700006337636037,15.850989836408697,51.51040535484498,0.08443667592395634,2.9864007920706475
70.37339236713,0.06701883453821629,13.248541520645595,273.1861081900232,0.06907663559843621,3.0939204199000025
340.4514976693956,0.07723211910383466,4.904050243362317,862.6970075504714,0.068838720124971,2.75581580955896
149.3934791525262,0.07761391463621584,13.993064665046308,168.3265584376622,0.0682851414007597,2.4631021608158115
956.5420863677112,0.07284058633554713,1.2616888901887755,433.12549862665946,0.12222727726777623,3.5526368105882917
41.52222566988827,0.07206425605146274,16.24433130741052,628.4082233555243,0.08824011936020709,3.477104137107853
179.1467305974639,0.07099312952572477,13.043271330918788,81.46601659066982,0.06774492566009685,3.6310508191584114
1922.2531647431906,0.07483679465646069,5.87548105585906,380.09035739107117,0.12301630913527938,3.106389534848269
21.041666154376998,0.07862629832700387,24.28920961872491,418.69958714502434,0.06368533218729935,2.375148961023053
660.1838334985658,0.07936338892469055,26.193103485735854,703.5223455175253,0.09585319270224119,3.221122517130704
87.2770789042116,0.07409156970287797,2.331910665225248,303.8381716035188,0.11433892998429343,3.9117905984400867
120.46561010478257,0.06199356203682964,20.71938893057262,583.2156785415502,0.07843659481834031,3.9154439196222692
3507.104057862495,0.06349996420968354,18.069226276410124,352.7406166274777,0.10902694643517943,3.1008047656622892
350.55179504485454,0.07198479514762503,4.993101850759793,157.3490877751696,0.06641165414066097,2.56117273288801
28.877283511731687,0.07357581311981314,11.04716840371725,208.7909140093942,0.08936200942967798,3.7137879787234587
42.503517462720524,0.07160072512219695,18.75311279776115,893.8144718626561,0.07005732500782061,2.0397016907523087
110.55071210618192,0.07648116738705846,10.907593150134012,201.61096011570754,0.10625638802911994,3.098936213013526
3.696479286526854,0.07761655300923673,15.349868110185431,198.95280829612602,0.09137407652186921,3.7013279332356026
7771.026231519099,0.0769118247418048,0.5300315619174931,574.651332546061,0.13536077103173916,3.3432028393051993
180.16821070137115,0.06460050227843629,23.406515904688987,504.7663720012097,0.07734765004171257,3.2080222419302027
32.412975680245616,0.07714130717673676,22.099362675583034,782.0917366093072,0.08022531268168973,2.8848290610325122
248.90431443984554,0.06545039454051718,19.646390580132365,221.03518441728022,0.08428896864961696,2.5901120571409892
9759775.468091503,0.07451470915098711,19.80850828860868,614.1422553462678,0.39327407446036156,3.8633243717361907
146.11167398489397,0.07230614612080193,4.114757438053724,884.330697968547,0.10000360347128964,2.605630203002455
585.1857383249134,0.06730810115154526,0.4359422676286755,674.1086749536137,0.10368643635105368,3.597728782659016
311.1843234702422,0.07599433385980595,0.8892968852779184,887.4982974369764,0.07756387076305962,2.7304030050814334
100.42649059134557,0.07091481765483457,7.382245626654299,107.78279010951633,0.11192828420257199,3.1203426837300845
95679.00390781512,0.0604151818447662,6.490388204280427,507.86742163733913,0.12680699784041605,2.14501169048715
37431.59085290523,0.06620983172544079,22.801621163453824,585.6253190431399,0.1192369654895611,2.3935299143435302
1242462.39021208,0.07976612914252776,8.071487071737423,508.8134525177703,0.17155606857890024,3.051280505772939
237.61419081062377,0.0778555144882489,14.727517403604715,359.2306934191229,0.09750333102073624,2.572036549758632
0.8334127205529158,0.07442834785195164,9.461815056612277,479.8661001310612,0.09381309369908725,3.2214255426220717
2.5508339691027246,0.06690940888708674,10.097916752669132,27.688212938547167,0.10489661892304737,3.7005227145576916
148.99222014616936,0.06218428261852853,5.419056889952785,312.984803101694,0.07635412311527495,3.5761779392818767
449.8897692225529,0.07801433556323424,6.28237931539978,400.49832519029525,0.05808986610977834,3.231582417481474
108.93448552285699,0.07530113586931134,0.983545148052853,64.70194255897644,0.11666489944893962,3.161935004909248
41612.0639242327,0.06423382709721372,10.590975467751493,440.6055051629301,0.12503332946295775,2.2782267663748237
294.20506599358976,0.07477346308603393,20.502602928396097,253.87945864488825,0.0972912912545286,3.1635480082012917
1469.008813728426,0.07718736300208308,12.217069208366782,892.9374722659538,0.11429150712124805,3.5296539932681164
396.6240138900931,0.0760310492714775,1.2430044684477028,338.1706479069911,0.11549259133278435,2.916595375031687
33.14136307743374,0.07744033034668728,9.51180046538472,503.43911453868117,0.08624262884324785,2.924247029468763
122.20241959822316,0.07524801838453848,17.96922546346956,221.9578844876229,0.05999333569678636,2.5968930323683743
191.63575124738603,0.062391014191896355,20.858489667177558,10.25954738753262,0.11687637151553283,3.6158945649282064
4526.496458482174,0.07579151237576001,27.456768856400515,701.265661883413,0.11150463266719618,3.4785308039619443
2717043.748904203,0.07963524919484773,24.965391250875108,364.1392350831717,0.3497744084060066,2.8428835074280436
7173.687937938204,0.07245804428468247,25.280866071914254,235.8489971661789,0.12099356592650216,3.0427972305938304
155.85939788254882,0.07546172936520101,20.243188090120036,101.9368116119818,0.051279302981985186,2.4787496745011373
131.6809175276618,0.07464657328364063,9.39671178309934,330.39381124598196,0.07698099286513169,2.9200437767064216
152.24719650991767,0.07366500477955042,3.6747202123057594,647.0789657005724,0.08699920509050305,3.4511887759309654
6.781956542427423,0.0741489675197718,17.38424277878154,101.61968657551733,0.09501517680226801,3.7708460445426675
39.83966233209908,0.07138990217934721,6.658895934938128,904.1705914860527,0.08766333423684797,3.499118022886522
172.12891624106751,0.07723043899147243,3.8736196729436188,377.1963478916337,0.11736735160421984,3.6287615281981678
2283.524692244504,0.07723211910383466,13.232779074999467,34.64199092328971,0.1433619932932067,2.015156994508545
215.0312941934901,0.07800846702966274,8.83222470102988,866.3162273025209,0.06316940305606139,2.103891922791423
1503.1638570439045,0.07312654617634132,6.73058777670871,433.12549862665946,0.12222727726777623,3.5526368105882917
3919.112637768446,0.06632664701979397,16.24433130741052,630.1724691892018,0.11324254069403655,3.477104137107853
1453334.4948855403,0.0782153008337426,13.043271330918788,636.8663068758053,0.16118195571380634,2.549166537873427
74.89409833788346,0.06911670585840216,16.7305753196666,569.5765660093834,0.08266033875210296,2.7921338700583105
2675.5969554064745,0.07386491702514371,15.571090641272239,411.61467797808683,0.11906046063947096,3.638673406426803
65.27803062522071,0.06327559592062511,6.702671509272319,231.534244712153,0.10042984599490332,3.228352363092894
48.09530625581054,0.06673885633181262,2.331910665225248,257.64353178939507,0.09665056640549255,2.8173631120503453
434.22550733157,0.07678543593169788,2.1799680087049644,583.2156785415502,0.11765912154659729,3.3847256705967976
23.17978077938,0.07996148387997888,17.24702415253687,724.0940863221393,0.07407985167534889,2.561007963470455
321.60683028089306,0.07198479514762503,13.462551399134895,728.4375072220473,0.10064414127151444,3.51191065171722
4.348219623070115,0.07357581311981314,15.185984036165372,184.1263123761566,0.09100073560547794,3.2646650958679633
766.2177156468039,0.07720840173757149,9.998510538895413,893.8144718626561,0.11045646224031125,3.277105066961303
125.26166656843012,0.07645022271915367,9.512715746291727,568.9353491065002,0.08875049176222399,2.016511171241437
65.4569849145368,0.07935613477547594,12.072753646210264,423.95682085279947,0.08569917053734424,3.7013279332356026
2793.527741845596,0.07491542268060034,10.674194418018956,291.35370966626215,0.12080424450609702,2.845217312008513
7214.235898841753,0.06654932859768996,26.051607288133624,802.5796533066007,0.10687891560980338,3.0499166857053663
680.2022855052251,0.06968073407928897,17.755044186415162,716.4749640443843,0.09345076114178599,2.8038099477867555
326.14204486272183,0.06545039454051718,20.226461344834483,868.7442784645032,0.08743795578970362,3.8486828761907215
20.956794811167114,0.07845326777223444,7.531198660293769,157.41832548060069,0.11321678668498442,3.8076609127926146
393.7297441163904,0.07927090225382125,4.114757438053724,884.330697968547,0.06515171838552358,2.4506135774849445
72.6166081397731,0.07138343095491848,5.404052776928454,42.75077929254786,0.10451672573612802,3.7651973002189685
1242.8128311654993,0.07599433385980595,19.953260235137094,887.4982974369764,0.09208181357078787,2.2431859013454165
106.48174050647341,0.07908573955995565,7.382245626654299,107.78279010951633,0.09692290125651584,3.796226644245002
83.68582471685092,0.07766036644995039,24.56466073389882,712.6036450775305,0.055421257670883906,3.2801304293577873
35267.193675208684,0.06243077227358649,23.584619631133148,585.6253190431399,0.11606957082336615,2.3935299143435302
190.88431480481688,0.07976612914252776,7.68823725150666,402.2998016086807,0.07999965275210702,3.051280505772939
268.2805046767911,0.06732574943912695,9.608371069744098,553.5620567677462,0.10117833728676268,3.287608956353564
1363.964162587942,0.06156036494041191,13.048457702891623,564.0942686117678,0.10524690184170314,3.6200816740611685
4.137280736573371,0.06798362621038757,8.576270194985257,994.3123343618297,0.08136101185389605,2.430815490612754
1.0584079587042212,0.06981381427068671,26.479369635532585,129.6828670004976,0.06681273387460077,2.767041885655039
505.93208285284607,0.06442651556367855,2.324142697705499,56.41445294838729,0.05808986610977834,3.231582417481474
377.1728843290357,0.061993594124961054,13.865498594843906,205.03539654064946,0.09858694981425015,3.505861317935993
138.36999542963144,0.06972349014694064,4.815110658770834,671.8151993750365,0.08097034957737512,3.2133694244159647
714.6400359628558,0.07240540169506358,20.502602928396097,799.6928082542399,0.08296135385411721,2.0568509869536395
21.01231721100023,0.07718736300208308,14.319112335760845,268.5377147978678,0.09755137125900734,3.509437958988897
326.2778939537148,0.06987725553326771,20.50496155247643,344.81209400972494,0.09275379297017836,3.348628519668259
0.8488426382009433,0.07589232713831101,8.465386631204723,648.7734811660372,0.09324493755482871,3.0740582410504
2403.216590113352,0.06779552977895506,25.624992878004235,221.9578844876229,0.10546676368632399,3.1522234755632166
2246.03259391922,0.07743601759408598,17.909283548399337,42.816164305967334,0.14614109905624895,3.448023693725546
4.325504354898007,0.06238903347532779,5.602976980078736,701.265661883413,0.08510551071258368,2.8354229853670168
48.205036155103265,0.07406795583133878,17.53252902883119,364.1392350831717,0.07205556386437423,3.2836973629860973
15.584503351877549,0.07105836734151261,5.440933227101063,470.316812863369,0.10440162057749942,3.8286366919085566
185.28811273495427,0.07879211797946864,20.243188090120036,481.2475511773561,0.051279302981985186,3.115150941344054
168.57743780043916,0.07306952421694025,15.935361768743858,496.14864001866556,0.09283501466216268,2.965174354187534
974.4842327716498,0.06726835218610473,8.41909804271398,255.666589839398,0.11821109143344302,3.7809637599436425
75.07044876012827,0.0741489675197718,17.38424277878154,86.40458125419758,0.10375206489809036,3.7708460445426675
81.99953145748569,0.07908672958983087,19.54321949881637,51.51040535484498,0.10852173553184691,2.9376262906586335
7896.735951290011,0.07279629440458134,27.55336958618529,514.1749095444445,0.11452428203212577,3.0939204199000025
1506.283271091072,0.07225875147420642,20.70595173224437,253.67317608475543,0.1083787084157314,3.187355307017664
5779.73879264193,0.07409126178387161,0.6318213384277698,415.962518803604,0.12524546398261968,2.4631021608158115
55.28387113077828,0.07654647683227447,11.57294269311111,433.12549862665946,0.0926296258329275,2.5068007011402345
1427.8124985794905,0.07745952072399849,27.023109990798986,628.4082233555243,0.10279683301861525,3.554400921874769
3168.4116862773394,0.07699613398498763,1.5912515389748574,368.5865493393289,0.13585772125912776,3.7397926772926136
13.996626351531756,0.06046765772736642,7.542657709985247,623.3185963135059,0.08266033875210296,2.6468924096866093
231.8831580092954,0.07687343154193765,24.28920961872491,52.80323155787261,0.1065262118093296,2.907826888146875
12.4985874418666,0.07813136367866012,10.368525767829624,413.06366481312494,0.10042984599490332,3.5023094074529237
90.89784298076538,0.06337560238565944,13.898003155003241,562.3523744526128,0.07489281940599185,2.1485515736588887
177.1040789002157,0.06479578288694644,5.321785512292719,480.6113491339825,0.06517189501303877,2.2130333972379392
2580.4201936259615,0.07488021693525326,17.24702415253687,724.0940863221393,0.0981393320692947,2.1241668557152042
77.94079094749485,0.0708101228085761,22.081147376595972,947.2187916338976,0.052811719302066906,3.51191065171722
14360.22272802451,0.06526422362602538,15.185984036165372,337.14665897284834,0.12840160380113524,3.2646650958679633
8.266137243949032,0.06760014275757738,4.503891574408115,597.0605117800363,0.08974615529428667,2.5855083279046616
8388.707846432746,0.0746961387776988,9.512715746291727,500.12301297587135,0.1122666913859223,2.016511171241437
393.75749880505,0.07431982255181788,19.029068012291535,842.530144438123,0.09137407652186921,2.8271463831087837
34.50434634491268,0.07133962273881288,29.860692071578306,281.6082832562214,0.06602025680124032,2.453473177165767
9.743760735987113,0.07353697918645548,26.051607288133624,509.407097280154,0.0729675103284787,3.197112614661645
11444756.812992135,0.07275685800370106,9.125800156583638,620.8095252250534,0.3712793173232384,3.19136598422526
0.37655742038171053,0.0690786318200744,14.718844100441935,807.1529698176955,0.07407159079095554,2.670793286960044
176.17653671926706,0.07179863869538128,20.70748189537017,520.6917910317032,0.08512458389829386,2.8554734858192012
72.69820748064112,0.06808188488102385,10.29407579885594,884.330697968547,0.06883626138339605,2.605630203002455
132.60613342874035,0.073669075948467,19.207249357308328,401.84612278765667,0.057864305626939755,3.7651973002189685
140.26494450572665,0.07599433385980595,10.428505726086037,887.4982974369764,0.07292331860342371,2.9643281851302516
9137.304244010427,0.06247126779477684,19.879121997032293,691.3059540518092,0.11192828420257199,3.0661042689955487
2.4816634111356373,0.06212887067358169,9.844813335442016,339.92625609103175,0.07135223771974109,2.14501169048715
3.4229955956132274,0.06056133822963274,18.04690185545082,684.6781619194677,0.05458733319812917,2.3695569072726084
129.16286224750803,0.07600093144569875,1.3105572356855006,402.2998016086807,0.10204950967435439,3.282721373133609
254.5380321754271,0.06754280303237581,23.35363027834808,799.9171677075162,0.072930068123194,2.2880694634639864
38.931384236390414,0.06773402705779807,3.0345953339228657,976.3889727117626,0.08295624458621706,2.3224070144961737
35.967908836804476,0.06227741145014019,10.097916752669132,876.2700555019941,0.0623560022334487,2.160702459972996
136.7468780902691,0.07794568076983038,13.945150340563309,925.8406146235923,0.06986357316381533,3.2550964004069103
302.46771852610425,0.07801433556323424,6.28237931539978,717.5341594425665,0.07303883703582073,3.231582417481474
1047.931461711226,0.06560764533699132,29.25345068159733,379.89416189256167,0.08381131281265938,2.7206210811677725
165.0239554587876,0.0721638512122617,18.718978717014156,557.1463477326279,0.09353815972052157,3.9132850398797085
2033.032551582758,0.0670603215154455,26.266699969415082,253.87945864488825,0.0972912912545286,2.6557659086752414
15.012996737372077,0.06577696209111393,14.319112335760845,268.5377147978678,0.07310906348175372,3.0064574690959445
521.5347436151219,0.06987725553326771,0.94681963979348,344.81209400972494,0.0637832677028832,3.847175469814231
35.18849523374904,0.07936061095713867,11.430959342706535,648.7734811660372,0.09680937487688379,3.0740582410504
242.3695665468569,0.07655468619588059,13.360167151940699,316.5981355858165,0.05999333569678636,3.1300901710855515
180.1327218719396,0.06815524530677008,20.858489667177558,42.816164305967334,0.09720224322430018,2.5265356484479695
253.98951881254237,0.06730656064261716,8.16080974488657,627.8542801249703,0.062088472758746766,3.3801613479640467
29.48672199321367,0.07890440102765015,11.713193619305361,164.11662990150398,0.08814855826428453,2.6994829504257996
200.44833430136504,0.07105836734151261,22.464503511506997,470.316812863369,0.07731468944529715,2.228646429529268
18.929719952430787,0.06183022775276366,20.82474505484702,608.65085094669,0.051279302981985186,3.115150941344054
178.77486745304782,0.06166899260325952,7.595733028505701,798.6535808224164,0.09930695270156983,3.725780211821097
6.758695116335909,0.07834456925889223,16.31606721634374,520.7259611749556,0.08335349674755632,3.2693291314339428
5921.147411817605,0.07299436718154861,17.38424277878154,409.4674260475911,0.12179372915186397,3.2756848859928662
56.76611950607556,0.0700006337636037,15.850989836408697,625.8081334838032,0.06287500103703297,2.5591495695528304
86.11942699142139,0.0677402720774716,5.984940251363836,630.3231768956746,0.07407159079095554,2.4034937656664175
219.98357223938325,0.06071853747941709,4.036611971944641,512.4816549040326,0.10656474641261053,3.7130866620302205
164.54397492555262,0.062469275235377396,2.8576548738250995,486.2643450869362,0.10724802255973855,3.7310336852247152
389.11551345379695,0.07014872858782843,23.04657522059064,433.12549862665946,0.08558262122772578,2.7067463713232125
5.534210878271974,0.0752720584387925,27.299696400926816,676.747067451132,0.07270471987044308,3.477104137107853
6.481610274054287,0.06892345732442912,4.972363952503189,881.8047673722081,0.09777962617928129,3.6310508191584114
2.8120348277951717,0.07391850734286431,13.45201092079144,96.02473731658966,0.0958212086335766,2.918237998106168
210.46123359959032,0.07253130079614205,7.3725897465010295,732.1285229761869,0.06643002584903934,2.432000502094077
34.369168076237344,0.06998567353294632,6.414399552125676,576.0614900290954,0.07796292939035326,2.2412831100842183
2.4805992243945996,0.07021797497340865,13.63145408369985,992.2003873730032,0.07347672773854708,2.5444138484743064
0.5815258689558378,0.07373703626672222,10.146438449552214,563.9875398462011,0.0904740152384518,3.110265310262293
0.3586760872713994,0.06817999782275375,27.944514271226822,608.9338598380365,0.050633721873430126,2.1341566036039827
29201123.141386725,0.06593597062259308,10.110494100880327,846.194058209395,0.38274690963965713,2.0210501716931484
28.038123845883558,0.06602072584165433,22.369319152051485,711.8928175164675,0.051943120511334845,2.8906188947955194
35825110.45534055,0.06364648570604825,18.060467464098014,893.8144718626561,0.217190926533348,3.194536690083946
1993911.0864053783,0.06523826194777735,2.1581955950979363,212.8083472984199,0.24021037496316697,2.1682428954415967
9104686.255539373,0.07376404037235869,11.999018164382822,539.4354732291697,0.28514577028596216,3.6353337966677373
140268.08321017708,0.06029350697639252,29.860692071578306,240.7499768810378,0.13832565202012576,2.545276139810081
50.80725859117072,0.07766760004598244,27.666944610464153,875.0822762751638,0.05298142836375072,2.909803334339811
1680118.2745292145,0.07471479170198762,10.578723674999017,934.1424683512196,0.14893827095821716,2.323858692213085
2085.848128865377,0.0611701742285248,21.624942732970013,745.097692048734,0.09398770250033534,3.0939204199000025
108.68870962746284,0.0680104781021618,26.049156928149095,453.2792234830951,0.0674986898349946,2.222661068625564
125.94001237086636,0.06820068616163084,10.29407579885594,195.35315503911164,0.06883626138339605,2.605630203002455
32.676682626162844,0.0772255381505342,29.130623610389023,6.973529257602195,0.08119828560053144,2.2125994352144027
208.09702168407935,0.06724484283947095,10.428505726086037,278.8784681417161,0.05401569470444398,2.208952823514397
4141.858417109199,0.07091481765483457,16.520494624105012,872.5921152960354,0.11192828420257199,3.1203426837300845
115.08545375325326,0.0672729561098818,3.9236379255486025,840.0253396266367,0.07135223771974109,2.14501169048715
153.20858631104602,0.06620983172544079,10.937522741213886,849.0839807710252,0.05458733319812917,2.2369856482029897
1250685.679320843,0.07013733883187377,16.82273146553871,183.99217756707645,0.2562262893165953,3.779269100455157
94.86257736564363,0.07498476252879807,27.219784392230405,553.5620567677462,0.06961670347565765,2.0604221067714468
146.44252258612323,0.07051975276074612,9.461815056612277,479.8661001310612,0.07250791107987622,3.195070009690962
550.6944469273672,0.06485051345745144,1.2707086010600523,27.688212938547167,0.05276566119838888,2.190150377769517
51.09464118164577,0.06480271705655723,27.807538730553546,596.5417631253359,0.06681273387460077,3.914590345420687
35736404.344448626,0.06154440846235043,23.8370726879069,717.5341594425665,0.317605028669418,3.4112249312114287
181.27688111146375,0.061511709030664045,25.56357554207634,379.89416189256167,0.06870028647914053,2.7829120649628623
42486161.2583555,0.061454231529486564,28.211791725717273,829.4522756639851,0.3536569316283104,2.1771001283297378
322.3486175874219,0.06309953108728318,15.95608946985939,175.0740234939322,0.09727256742176235,3.7204409563793055
2456950.2684163796,0.07123046543152589,25.266382248138687,268.5377147978678,0.3296984600667687,2.4390279630133245
3928975.09525555,0.07084251848093565,20.50496155247643,348.5467696358796,0.36185664581649324,2.3175765819671597
303.2929740425742,0.062045374329180766,8.465386631204723,294.2116199245896,0.09324493755482871,2.33172770688737
94.0747596798282,0.07903457217013739,19.55024207632773,221.9578844876229,0.062271045708367084,2.2511852260559726
10.603607363342759,0.06815524530677008,20.858489667177558,371.222963764919,0.06700785037704066,2.2034949729319795
20789431.81073088,0.07579151237576001,22.81967580394554,936.9807049624601,0.3897873088946905,3.224908830447644
11584265.043309197,0.06537343927243486,7.239728641634894,475.88650403535047,0.28850269626054376,2.6994829504257996
5.791998910671891,0.06588236973676954,19.521852594781183,615.824512976166,0.06767005724424904,3.8286366919085566
140.89241837660845,0.06247341554846413,27.903959472325916,608.65085094669,0.06268824242050944,2.6274981779650823
45.9000189094281,0.07560447232924272,11.652815188724153,718.805255645324,0.07939351511343967,3.010781807000623
16.42240470682305,0.07766760004598244,27.666944610464153,800.3413808095434,0.05298142836375072,2.0267549039225123
20.1084303168193,0.07072176168263603,15.783942322961774,831.2421553338769,0.07579952586613858,3.7708460445426675
82.90314345447948,0.07455137481526278,28.121476195195577,233.92435514516757,0.08443667592395634,3.739086556173782
314.0536822508974,0.06883477183608472,10.095705034313164,494.96560965159495,0.050633721873430126,3.5113063774738524
7.390229462570238,0.07723211910383466,21.578748673184055,510.53163142920033,0.07070195913074304,2.617515631409132
18.128563480823157,0.06318724044076934,13.993064665046308,811.8305299709114,0.0682851414007597,2.1276714078187697
5855566.259092385,0.07654647683227447,18.900817851223962,523.0930034196264,0.2315878860756177,2.360865272828959
316.38843469812844,0.0671264809152429,24.373266300232885,687.2497279135467,0.07270471987044308,2.229867065003126
30446383.90912623,0.06892345732442912,15.702207013765971,852.1700076947823,0.28949174207424067,3.252439180222501
47.042059893328066,0.07351290626881364,23.172479383420246,428.4524060445022,0.05188969912626437,2.1158264760753567
8714.361532494013,0.07481715853660334,28.570052277901098,710.8195410632908,0.1024551502054088,2.1613412895398487
55.53083742290592,0.06678016646119761,26.782039064810803,413.06366481312494,0.07124108059442588,3.5023094074529237
28451385.44678545,0.07142821583614298,28.189650999537733,992.2003873730032,0.3921668308827508,2.3854896758117246
422739.96241089114,0.06386211601638841,29.724906886241506,924.935513602355,0.12746364503493363,2.148565481744405
11606211.232141783,0.0671730753095009,14.718844100441935,604.1899117465962,0.209377132063589,2.670793286960044
355.7410015008859,0.07198479514762503,4.993101850759793,157.3490877751696,0.06738346045128019,2.7549394467827586
5916479.925076832,0.07062232301257369,29.17296227209935,436.64750519846984,0.22666678360504539,3.2646650958679633
97.2181786167981,0.07683493692680725,18.060467464098014,703.694457549317,0.05552111448709893,2.019093944050306
30.640151551135332,0.06638632700910531,15.773086535569618,325.5282076908785,0.07416114580906785,2.153148519933714
7584.480094171573,0.07761655300923673,10.221046216174798,454.3092310318679,0.135120534823644,3.909646703394899
6.104965356390396,0.07047871161057666,26.26203348605625,781.9237972637584,0.0531483906399729,2.452850832583649
44173576.86456524,0.06329849704304787,0.8119884048076713,875.0822762751638,0.3435163649602483,2.909803334339811
157.42354819771344,0.06946862699623771,17.296742540459068,716.4749640443843,0.07833610829063087,2.225590165843727
26657137.57080643,0.06557153263223058,10.041166423880519,779.3042303581312,0.2303423191955545,3.33633181698816
16.234525457607372,0.07765988534048136,5.550744134246926,388.14442066800325,0.08512458389829386,2.014442040063307
139.52516219548804,0.06808188488102385,25.46060775226435,352.6643711946642,0.06883626138339605,2.084514051240703
27.3149859899602,0.06810766332361044,29.130623610389023,6.973529257602195,0.05137474632607178,2.454514119987423
190.4402492282444,0.07122115713428093,10.428505726086037,450.18748646732854,0.06134176288004978,2.4210583638800944
34751049.14264396,0.06124756157540956,6.33977858214123,697.904728154787,0.3139835334397517,3.6848912964388387
8.865007759467842,0.07092591567365798,21.32062784071246,331.72466492200164,0.07478289488682091,2.749792081619285
69.80054348354832,0.06975495270013715,27.565786683253684,556.3005585527025,0.06814175871613257,2.5462696536446585
366.3330072128457,0.06702213967724782,1.3105572356855006,402.2998016086807,0.061659030632838674,2.048204706027785
210.2666143412468,0.0627181388699735,23.35363027834808,553.5620567677462,0.07113809284899555,2.572036549758632
137.13975530253822,0.06502024789340849,5.021052064231256,254.39972721124977,0.09381309369908725,2.088421738256106
57.14933990482287,0.06390265734291886,19.056063814035518,148.03932392475997,0.05616749292478246,3.5915140932239167
0.09288988639362639,0.06981381427068671,25.2677077606977,129.6828670004976,0.06489554889629179,2.5330829240712616
29.566100551680417,0.0725499390885706,25.01719306087581,22.873876619024713,0.06859167300692487,2.575622936629466
1.885378888275198,0.06994420182791161,29.6349011762632,323.1727711838198,0.05385393461579746,2.7829120649628623
73.6765978375044,0.07146972651174441,21.649027406579897,290.9118228411819,0.07366018072160893,2.0323954844939234
69.00729890884966,0.06935344985179492,15.53460021479816,22.256228619042588,0.07641317638957748,2.3935737968784334
2.3922836297487575,0.07031083643619546,16.214021655748994,268.5377147978678,0.07310906348175372,2.0806098014057888
3.351031994793149,0.06574919884108266,20.50496155247643,233.51504194200447,0.059564650796633034,2.2403124524365357
6865870.930441211,0.07589232713831101,29.996990867849032,551.716987699259,0.3757153139472318,2.0632613607224073
141330.2472534516,0.07162091833493252,25.624992878004235,79.30270458839641,0.20210069572493616,2.022327343448934
3.493866969480872,0.07614836518008133,24.211566231166316,42.816164305967334,0.08306506941991512,2.9804222671180702
0.25940879298903086,0.06675210422277421,25.38460833722801,287.67735359152834,0.061281875587024526,3.0702191509582284
8.506564506175845,0.06768544499085825,20.795066561235995,164.11662990150398,0.07162246716798262,2.37204665204989
7.086138402609247,0.07279917327036305,29.750518451643867,431.9078604541018,0.06418898938709922,2.7734366444954794
27.83538330250407,0.06307280589795865,20.82474505484702,608.65085094669,0.051279302981985186,3.115150941344054
649.1702176790034,0.06602667456395032,16.553040280222966,573.3850706989174,0.09283501466216268,2.832262096026092
17.291684876486812,0.07448312720744814,19.949613215568412,170.41606619987334,0.08699920509050305,3.057040318575724
14.780962759619342,0.07534833693417818,17.38424277878154,101.61968657551733,0.08327294735895949,2.98801012477865
11.29974916331513,0.0700006337636037,22.290604502586664,126.57623458342164,0.07845820861803557,2.8968751802827772
0.054693097840408614,0.06981381427068671,25.2677077606977,156.2205870877612,0.06489554889629179,2.5330829240712616
215.00689716307465,0.07723211910383466,25.410749009497096,346.29646725645335,0.08422320569138256,2.4175728839532598
254.42373130052914,0.06261023921797515,25.90677855528756,25.934074909762614,0.08987083697276355,2.609232272517481
4823438.927991707,0.07673888898204508,25.183013001343852,429.3684633217182,0.3188138058981956,3.4640708273743126
0.7943563047127273,0.0685471070878877,27.343051070002865,507.21176181043836,0.05383827330541882,2.223793079313733
551.1240417883134,0.06879810032479963,17.97132825648387,192.33419440405095,0.09777962617928129,2.7100640905792073
85.57576144397737,0.07496764455142318,14.239726353802743,450.8705303489078,0.0958212086335766,3.2224440960901246
389.9972765354603,0.07481715853660334,24.28920961872491,411.61467797808683,0.08752838076949129,2.564130939102662
3224456.948203832,0.07813136367866012,24.628636966107845,413.06366481312494,0.22605807546929738,2.456933575625041
19.279024650912923,0.06698108985952621,13.63145408369985,992.2003873730032,0.07354758738755049,2.281655161474694
2.788392307104415,0.07373703626672222,10.146438449552214,352.8310640231182,0.0904740152384518,3.110265310262293
452.61703671530194,0.0761573388532864,1.160994545124458,100.87264507138536,0.07407159079095554,2.670793286960044
8.777512839428026,0.07721540499775277,28.846272609967453,426.30997195406326,0.06101409977349467,2.723396419630741
282.87348291468777,0.07703321426404816,9.300184026244782,384.27092604800316,0.06176558695889392,2.4307153208839476
15.977364595945357,0.07113737683703379,24.602545137814765,552.2047818759465,0.05564849613796427,2.5855083279046616
234.336398888847,0.07655362078850966,11.90843658859945,568.9353491065002,0.059929289821666204,2.587569170246949
10.293987924302392,0.07591299074732999,15.349868110185431,55.418897342320406,0.09602362966131534,3.7013279332356026
5.898356553961479,0.07076051766757238,29.867053472248873,764.2222481713479,0.05566226381553385,2.3462871562181515
2.8082098905524884,0.07138664529175211,19.382942992406882,632.6670728307387,0.06631767587958906,2.3768056821993766
233.12218545946288,0.06844341634530338,16.473321036916726,537.1710333875939,0.08022531268168973,2.11876626838267
17.30941882802948,0.07661858131316968,27.40702963181961,128.6609110909419,0.06262119126051938,2.456516264137651
6.272583633078215,0.07765988534048136,26.943251275434342,671.8230037845201,0.07012776517861849,3.9188282362684452
8.945356683127825,0.07167261687413513,20.762173758250633,884.330697968547,0.06304601766429824,2.523585013271105
6.988148425380517,0.07003698974104713,25.941955144165767,40.017693529208145,0.06521336444600717,2.5415815875149512
288.2612471914373,0.07834649781203298,10.428505726086037,32.70249254099144,0.07292331860342371,2.788830301410226
18.766605339084286,0.06432660833832593,28.106727331153728,107.78279010951633,0.06158508394181855,2.803144724353812
0.6455960827410894,0.07005585745292363,16.521870693468404,339.92625609103175,0.07135223771974109,2.14501169048715
1015.6010142150587,0.06620983172544079,23.584619631133148,585.0314125866822,0.08424551331564675,2.3935299143435302
56.74431769852451,0.06961530652093882,13.05960517601064,626.0227406328344,0.07278805854923104,3.282721373133609
24.848299883441864,0.061014289045916895,20.702012883089225,236.34289261147302,0.06571267212979245,2.572036549758632
32.70819232516619,0.06992753574028235,23.148806536004024,86.09246391914661,0.05912940347536286,2.6039112765854053
33.38378607088592,0.06673431778701529,10.097916752669132,27.688212938547167,0.08953923436575628,2.428627016807654
351.2106992224353,0.07591299074732999,11.853458207187035,55.418897342320406,0.050633721873430126,3.2076975992172265
93.33867775851199,0.06993577347144306,13.41584884723641,325.6388798010167,0.06859167300692487,3.021760861158606
46.72724563907174,0.0659260437419204,29.6349011762632,307.98590214145304,0.05964371159191939,2.4726376527020095
33.08334065707995,0.07781917303379865,17.455374258611798,663.2575239565429,0.07525260001111933,3.094416438752741
173.35381752964219,0.07207688610432987,15.53460021479816,40.08991001911102,0.05827235955534274,2.1642529888423674
0.8236283953357786,0.06719918323476166,16.214021655748994,130.76257545182415,0.07310906348175372,2.0806098014057888
3.7952414710394304,0.07082917635509742,22.489559632787696,584.1191648250193,0.06880609111674005,2.6314624467879164
66.09325676108267,0.06890114354858631,15.875194426798089,248.32056394599266,0.058909750178080145,2.120366244325639
151.65334732326372,0.07299620615093179,25.624992878004235,109.55040245575907,0.08887238874973918,2.8316958431594155
20.53960154615342,0.07490825635938685,24.813998092700842,575.8525695670271,0.05513139811906875,2.1307057685639363
27.60736274707712,0.07254285591549575,24.23198723875536,287.67735359152834,0.08012914103851959,3.40115657618536
4.170951371931194,0.0713126260123496,17.759865777770358,542.2081392857511,0.07916701319533923,3.0709172816716674
84.83390491300818,0.06588236973676954,23.782084215717433,409.99796795241144,0.06767005724424904,2.2855149687913316
7.251942091870265,0.07115065377751092,16.55198661755152,738.5078692939567,0.08402277644513198,3.735148661736085
0.33316733053957137,0.07252166168204233,19.699198318522846,369.7373217377287,0.07451887240561891,2.8350089845754463
102.47961417241888,0.07448312720744814,15.969324812574264,478.4437425279562,0.09399727057779547,3.2693291314339428
130.83342806452026,0.06980085572919646,17.38424277878154,89.4111912803541,0.09501517680226801,2.615172901271831
0.612521736292926,0.0700006337636037,21.512515435085554,716.4565107096269,0.06688918250294773,2.8968751802827772
10.266938157456167,0.06981381427068671,19.12811122052514,156.2205870877612,0.08496984716544834,3.556300889787958
96.037622565265,0.06577201637012071,29.414924663674036,239.35179592162604,0.06382625250068288,2.3523301216356294
72.79074998612592,0.0724314652716821,20.460716560834566,642.5831229125138,0.07630594295294085,2.3639384555892438
5.745679325449172,0.06997066821694628,27.944031682729932,160.02857631245513,0.06434695401431215,2.5068007011402345
0.9088301060441492,0.06489645577635723,27.343051070002865,727.2462411666356,0.05383827330541882,2.975908479905294
62.44089540344768,0.06974880061917228,21.406413669037363,881.8047673722081,0.05343432315046864,3.0200173600009004
0.9701170488057909,0.07391850734286431,12.691532783023357,147.20499239238632,0.09172237608420505,3.0632203975913583
407.735432521569,0.06665679769740432,0.2686253675889674,411.61467797808683,0.0652027526094579,2.421289074670576
10.387329255766256,0.0698510977536662,29.26402931230036,413.06366481312494,0.060257935005808255,2.5656866782033836
4.738233503233818,0.07021797497340865,28.588853586461262,193.08410266241953,0.06606431257859935,3.0979273255516153
53.193720037297425,0.06905584123920365,23.109395875096375,563.9875398462011,0.05209363865533556,3.754668544288146
1.0595782256964081,0.07378618517945663,19.784368577761356,366.42569364625416,0.07979598162826823,3.1654030917901745
7.159595512012773,0.06489355857366284,29.863340139560083,881.958883873778,0.050804138889393,2.723396419630741
8.318455288756816,0.07191099204701776,27.70330662024472,81.19802234257855,0.056977554920781215,2.114000858816857
190.7757163446206,0.07331095060202737,13.560481356684576,361.8237067823593,0.06190690892279932,3.270743238930637
2265124.8783908943,0.07348029076932906,11.723169001200915,568.9353491065002,0.1609736111861283,2.0452642615051397
3.6659223973345556,0.06179789662120381,20.216615266339375,198.95280829612602,0.06322280355073034,2.471697482812266
1.6285243575615556,0.0723192684952713,20.928512503678988,308.71937031610287,0.077910058837031,3.1900460551194008
308.31549482041476,0.0712538298908488,9.386420643821907,110.91129187125892,0.058897806069961645,2.909803334339811
185.48368240525676,0.07406651585602016,15.792593288385715,716.4749640443843,0.09428394457812692,3.19136598422526
63.49264485390142,0.07641390928314037,10.644846947519747,42.51356773470559,0.09398770250033534,2.7287900726788155
2.6487701373891834,0.07765988534048136,26.943251275434342,671.8230037845201,0.07181600263179816,2.9454368740710435
113.07993689356753,0.06714387638355768,13.835596531431696,82.82648363601766,0.06304601766429824,2.523585013271105
1.5131940593792044,0.07135842477380432,24.98087858537694,554.8634274980261,0.06521336444600717,3.2890768356674176
14.011402875280552,0.06467141458890534,28.45434307069174,276.48238756378066,0.05591802375432964,2.5862548368915084
663.4360057222541,0.06432660833832593,28.106727331153728,209.81592494102966,0.08287970086527885,2.803144724353812
2351989.241085416,0.07050769650429428,19.056478200038228,339.92625609103175,0.19163544770327232,2.11070532475562
36.95312315341941,0.07107893750187064,22.201187558493217,651.7810163804057,0.05458733319812917,2.5266185326513773
54.62066064383518,0.06908204169142712,13.05960517601064,60.86445042096091,0.07278805854923104,2.0960907658893575
3.7048683220101237,0.06485613822130029,26.20993815934286,250.20517113117313,0.05838532221146181,2.788725337357284
580.9261401317513,0.06536337636744437,0.8483189636389206,249.0351012708504,0.05343965141024676,3.2214255426220717
423.37272151582226,0.07753858911539095,29.275760927005607,85.88420479442374,0.10489661892304737,3.7005227145576916
5.108547017625937,0.06817999782275375,16.947630375480355,248.32777673031774,0.06643072911114595,2.1341566036039827
51.50178389463567,0.07125406938463234,14.732818926213218,389.01005163080214,0.08564106308854341,2.575622936629466
0.2899740618342187,0.06590811621926722,29.6349011762632,323.1727711838198,0.05385393461579746,3.9763148782989655
91.21106578374551,0.0721741066182169,19.311395031601137,130.36374925373218,0.06203943882482599,3.2133694244159647
6.810583608704742,0.07329277050953271,18.38080081574211,39.65585995416285,0.09325924489164816,2.3935737968784334
813378.9160417812,0.06615797516547388,28.340359222689724,130.76257545182415,0.3066240984670779,2.0806098014057888
0.14447818201782103,0.06574919884108266,15.692791867967134,452.1960388717756,0.07456367942359068,3.0353015731104978
419.6332939631038,0.07437722247297264,8.465386631204723,30.34426030458303,0.05612607950040985,3.948525072773329
7.60107380699443,0.07162091833493252,16.6499697785603,455.6847846423603,0.08143937977540339,2.944928791147232
113.79845816402243,0.06747827130387465,24.211566231166316,351.7788164988529,0.07043633509230071,2.235681368998102
0.14503142510050954,0.07976164688701187,18.342175864822302,277.5352669426228,0.08583450620889982,2.9565752794320774
3.9030722207889355,0.06886821028940687,29.503530559491736,137.05665480904537,0.06145006135162606,2.767231175639154
279.0927557447209,0.06767230383327892,20.89548805781832,615.824512976166,0.08772625499561737,3.591782287448253
77.99214236080242,0.06735457162718642,29.262484877737055,686.0474241890337,0.06301063717272312,2.549313468433173
0.6882503083886515,0.06941425836121176,27.827980368594886,205.1403522294858,0.05340909636466104,2.127537722809164
388.6818418500351,0.06527514049592673,21.798600981672912,358.9764906934408,0.08699920509050305,3.2693291314339428
206.86415248372086,0.06807197988894716,21.39184296147296,66.78285960423733,0.09501517680226801,2.879621070005745
44.56761591285586,0.0700006337636037,24.63238409439917,959.651857916065,0.06796028803645604,2.5115887623531314
11894215.393611254,0.06479282361508143,24.952983907398554,474.3718893697669,0.28526701623564626,2.367741392360394
16.025144708331766,0.07582435169825134,25.410749009497096,316.0230427293782,0.06268270793231423,2.603232119079913
24343427.180942412,0.06293636828522926,13.993064665046308,896.4847097790272,0.19016174849012724,2.9271046683053275
6.55084308863174,0.06997066821694628,27.944031682729932,763.9151716374706,0.05452850589913727,3.1404004078276544
2382305.2112024226,0.07162805037604432,22.905365085521588,273.2024584873371,0.23845108533169396,3.806548169960398
1615182.242553713,0.06585792038346838,0.6652597606893753,186.07362836219835,0.33655089628885837,2.6208880419077873
1722.6562092292206,0.06597888141575592,19.8610811648134,751.8721928146522,0.09172237608420505,2.4506646469237103
12.219633549823818,0.06570521819738795,21.91698877993157,456.20904674512826,0.06785598556460673,2.838808313938106
2.599017885537129,0.06286400485214745,16.460565049331848,613.1430145151439,0.06790863017343388,2.631627863185132
60.83038200532212,0.0720516171854551,25.88886532575963,393.26555160382026,0.07347672773854708,2.559725802089069
972.2090343643024,0.07373703626672222,24.011528505983833,563.9875398462011,0.0904740152384518,2.4289270021836695
111.45900014268335,0.0690786318200744,25.477961901673687,0.3196895072327379,0.07667090835283127,2.8100301607790934
7.080046160316635,0.06681289305960288,26.320438096246328,483.22035275232116,0.05640050884229669,2.2648280883831404
0.44134863574197525,0.06790373205898742,15.185984036165372,184.1263123761566,0.08330907255123218,3.2646650958679633
12481.261876816976,0.06854956528622938,18.060467464098014,455.8809043961458,0.12259499515486866,3.014621268044985
220666.37902469884,0.07018543537524374,11.459703177179996,84.87806991112399,0.36164675212738684,2.016511171241437
128.12984492848219,0.06960762226259459,15.745329983563511,885.0944469246044,0.08928292169095053,3.3768422556918094
50.42594327170257,0.07158306500243579,29.683643518642064,481.7719214095217,0.06602025680124032,2.453473177165767
79.83539431282071,0.06234284432709908,7.200329091630783,131.62899881778054,0.10199154732661993,3.096265433276754
0.544419530157848,0.06847734058181522,25.26806794246579,491.2627602163754,0.05466062570489111,2.254958578415209
128.04878853348671,0.07641390928314037,16.575550054588312,533.3981209939241,0.09398770250033534,3.0939204199000025
0.14278597790898673,0.07150485704943996,16.608813765103466,397.9889332218237,0.07808442841028196,2.8360766007719813
2.684632534041127,0.07167261687413513,29.662908094763914,79.09025020716075,0.06410893910191665,3.682154034413295
5.782381834942784,0.06578014849373649,24.98087858537694,554.8634274980261,0.05524697458174574,3.2890768356674176
122.09820169586274,0.06734068747525042,15.774672144048187,800.871578409375,0.08363369873410675,2.8657363788550345
318.9050415840233,0.07116278143182432,5.391617945475669,970.0978475549115,0.06158508394181855,2.4992185925769963
34618.49359948399,0.07005585745292363,26.171722024157802,33.726671335200024,0.36133183972763405,2.065033556162953
8.500549539174209,0.07944589152816985,23.25555404198568,458.2691307327395,0.06865048217012099,2.3945379414690797
2.2347510876195464,0.07962669400903828,20.188534419223103,278.71450284032244,0.08547606985821735,3.0011322919795695
6.4223094812639046,0.0739021363602694,27.360701538629932,553.5620567677462,0.057775999990249904,2.572036549758632
3.263745756891132,0.07442834785195164,27.265283701902,244.04486178117395,0.06189005383934679,2.4429219087205145
151.89845401655074,0.06733435053454585,3.8634180956087256,246.06122375244038,0.10489661892304737,2.6175902565815
10.365952772499199,0.07421087673110452,27.944514271226822,608.9338598380365,0.06921428750227102,2.9384440132347827
58.912665976645,0.06900985952061206,12.922902520094944,22.873876619024713,0.08795074953225418,3.0810377166170784
229.93493310676092,0.06590811621926722,25.911342460738616,323.1727711838198,0.08255647387038614,3.9763148782989655
99.51960275034764,0.07556721376405212,17.137610781205478,394.9446043692463,0.09261143000613431,3.0329089743879933
93516.64576021087,0.0708137731220147,18.38080081574211,54.49866193718009,0.2574055383968309,2.1923406034224504
61.53267547459771,0.07334864888793537,16.214021655748994,365.7008014134784,0.06649923549371661,2.49866143274308
14.139388140172391,0.06846464995389132,15.692791867967134,837.8822719736147,0.07456367942359068,3.7762418375739233
17.247606870979432,0.07589232713831101,8.465386631204723,406.203041898593,0.09324493755482871,3.410133479922563
6.549016732815739,0.0690076608886115,14.712196474739963,269.94465459076696,0.08375685229291255,2.944928791147232
12.998458505082178,0.07513200372040482,13.890102561236167,665.869755164315,0.09068716546840994,3.3983707152566964
202.47311375750004,0.0696264591919758,13.980537331398121,512.3010261202357,0.050575540021785825,2.5881091532977045
3.3311209300711315,0.07237495275913006,29.503530559491736,178.56880316347332,0.05881956528799029,2.859211186340162
12.748602532991056,0.0711726528597711,20.467160859808565,615.824512976166,0.0770278740312216,3.1023408472773815
472.0495149086747,0.07115065377751092,22.73302659011297,760.697245696751,0.08794947549415882,2.986569279594833
4.773892819037796,0.06846476408628333,26.357752280735607,277.0485550772381,0.06341530924006356,2.6914869185878976
15.12655530560873,0.07473982039487569,15.333474608215369,520.7259611749556,0.08660858886752826,2.9516661314212005
251.42275104590146,0.07400334883485543,15.06097176408536,65.25479372257684,0.05500785015526055,3.7708460445426675
21.57031307116717,0.06923829425173751,26.251698773032984,402.5781469651631,0.05090860030516181,2.8625497626432708
0.09026374692917705,0.0714857057552246,24.730878686267893,442.88557492058885,0.06239649343025913,2.427172962202916
890.6772062273119,0.06930445375106113,25.410749009497096,876.7225627616542,0.09058671826003464,3.3553161048072493
372.96102719578573,0.0706066643987135,13.598914548542767,811.8305299709114,0.08557439860300328,2.1276714078187697
7.886125989720022,0.0712025396307889,27.944031682729932,508.5909126719851,0.05973527211344898,2.2310250384126733
19.51824182422721,0.06792319090309777,27.343051070002865,28.98808963382305,0.05383827330541882,2.9620704061906227
1413625.4449944203,0.06743024083308126,13.672781307924085,224.32574373041058,0.20004552386840516,2.032810073999314
13664108.7445187,0.06778168493292612,12.691532783023357,602.2564353287289,0.39049130551014705,2.8728330275639395
69.58975330686266,0.06983466657733947,29.189299970164697,443.1484661934376,0.0652027526094579,2.341806634012478
60.200087559905576,0.06286400485214745,26.34470354551592,275.6021442816746,0.06343302893405836,2.6895906916501975
7.856843489636265,0.07021797497340865,13.63145408369985,246.54997043532885,0.08007202322190382,2.878231583248583
0.25166792721218645,0.06950499264700169,22.604664678587177,563.9875398462011,0.061052758579509925,2.1965125690812544
24.285146097107855,0.0690786318200744,24.50497891402313,68.69928866708591,0.07407159079095554,2.1685532452263296
35.212307434203325,0.07167286903169676,26.320438096246328,337.0191438679463,0.070521829841001,2.4874615944405587
49.464914400514445,0.06915600937353746,15.515198571774937,184.1263123761566,0.07206668419649473,3.2646650958679633
5851056.496970057,0.06149254848543345,29.507495565615407,313.8273755819548,0.3618418846293617,2.0156971946671187
4.332225540049497,0.06287564282472104,9.512715746291727,682.3588820477978,0.07416114580906785,2.1962899077664595
4.389616822678156,0.07279617489487496,21.16111555990711,66.60537761896433,0.07953940420796352,2.9608233157230393
42.917715798206345,0.06340931838248745,29.860692071578306,152.33446596470446,0.05547291724232323,2.2427442968642657
0.16885686029040275,0.06685533003593429,23.629931107227883,658.4532732708876,0.06133829542606142,2.909803334339811
61.6415761649669,0.06847734058181522,20.18916933951973,70.26350213895,0.08581148707148925,2.4302061946168676
44.11459411753178,0.07641390928314037,20.18916933951973,70.26350213895,0.09398770250033534,2.4302061946168676
62.16201458602028,0.07310099347560674,11.638563647893362,397.9889332218237,0.07808442841028196,3.060061107920837
767775.312273141,0.06696542151172966,28.092273040839604,298.3369754888613,0.16759113854274815,3.2504997305946706
34.7080043852841,0.07071686331905928,18.15597894199024,554.8634274980261,0.0628326527474524,2.5465218796379294
227.24895232772835,0.06467141458890534,25.309556551086622,403.5263404034425,0.0729399949195885,2.5862548368915084
137.3852289707325,0.07400464380945804,18.562235493268375,107.78279010951633,0.05451979552470901,2.2323376641253874
128.95035794948967,0.06960012906048989,20.75757367779173,339.92625609103175,0.08833630726782454,3.7276380464444623
54.06320204434593,0.07284069435499885,23.584619631133148,585.6253190431399,0.05458733319812917,2.9240165535360907
2.0188125213886274,0.062145267821179545,18.98579873380988,458.1052268043332,0.05862645943787015,2.573551986051875
63.11664406428015,0.07721229528626408,23.35363027834808,437.70762133826213,0.06010752704511024,2.9290076705532266
642.3279352033067,0.06917218886074852,15.758894124341536,479.8661001310612,0.09381309369908725,2.5160230330918876
409.7535611083594,0.07230067789662598,5.316578087600952,180.4345592529586,0.053199257866816924,2.018885883927679
41.939996741120865,0.07746585928755624,27.944514271226822,608.9338598380365,0.050633721873430126,2.3175443170833203
3695970.3639620845,0.06351184467077974,8.34906104650673,256.4789510869997,0.3447698772892858,2.980852173179205
15.494686566377034,0.07541908477967033,29.6349011762632,323.1727711838198,0.07228157596259638,3.026383707954999
2162706.619164211,0.06763271222588804,21.649027406579897,236.7636140068787,0.363880908563017,2.081573209589427
52.20518654082591,0.07042414902812487,15.509940613877497,322.6763103622984,0.08932118609591203,3.1309620210549736
54.66525010555185,0.06719918323476166,16.214021655748994,56.71878379497866,0.07310906348175372,3.5675074198599903
24.56949009171761,0.06900649028007384,25.245499695630492,202.11121546531507,0.05555204850515416,3.1981058645198446
9.497703058260528,0.06280883934331241,10.526094158113349,527.7251380090343,0.07620872718381844,3.0740582410504
5828776.5379586015,0.06641096793116484,16.672317821693618,375.3935881935406,0.3668833127047536,2.0254857598892957
5.448758576026172,0.07170305196090712,26.52111948450174,426.5140605537623,0.06952546430427173,3.2023869677436383
141.06226825154272,0.07338283211754626,23.77272917314172,277.5352669426228,0.08583450620889982,2.9565752794320774
350.97939406525774,0.07237495275913006,20.083687955257222,627.8494430386343,0.08454270436170211,2.3679438827188495
0.43582620231552655,0.06646823709647268,19.521852594781183,615.824512976166,0.06767005724424904,2.832281981789575
6.272661006819405,0.06978252042331803,27.251739667239764,27.00044129203434,0.06125432953879864,2.057465699462343
14844.342703737755,0.07252166168204233,26.78473703247248,189.87456565724892,0.1329214514911015,3.285058633026553
1319.7966903552935,0.06704238440099594,20.16446271169857,406.1696448378471,0.08699920509050305,2.014257894611385
3.9654191657740885,0.06642228733146437,17.408472635153835,584.3557217012236,0.07099693823185241,2.61597870053639
106.1016608948088,0.0760335660709777,28.654397646323464,1.6173196232580267,0.07327236063983852,2.8968751802827772
5.210523383581084,0.06068766948209759,20.846381380198356,696.4362856681813,0.0503815766715725,2.5330829240712616
157.71516128131563,0.07723211910383466,15.728881358926705,601.6385208567265,0.06029006058085751,2.617515631409132
3.8942874872429742,0.06870336624087868,24.653025892961736,34.96298644774919,0.0682851414007597,2.561809510124424
507.37766219056016,0.06997066821694628,0.9353320129603251,291.53615532820675,0.05830699565960429,2.5068007011402345
65.70729552428995,0.07494646768792083,17.862709356050445,403.26121110809333,0.08815673746122824,2.8669730679655663
41.79767748166505,0.07310655449881075,26.887759758147155,881.8047673722081,0.07759959396911423,3.992490130660955
136.15275601858286,0.07391850734286431,26.782648069667147,190.63054222545583,0.08564811891663382,3.0632203975913583
6.228917761625247,0.07481715853660334,24.28920961872491,411.61467797808683,0.0652027526094579,2.611848701190966
6.565206452642595,0.06762743828886318,13.02897429454091,613.1430145151439,0.07671098999502976,3.0507286652326115
161.53545480576543,0.07021797497340865,13.63145408369985,992.2003873730032,0.05422749661728746,2.5444138484743064
5.866537904387727,0.06355209576428976,29.621149418543844,563.9875398462011,0.051001235385965044,3.8536147758688815
9355852.028231531,0.0690786318200744,26.916019086511948,479.7780748424666,0.30398508887400755,2.670793286960044
0.6022083684091948,0.06681289305960288,25.94045722382461,312.336981030898,0.05270194720361429,2.2648280883831404
24.611159079130317,0.06743223615928452,16.341038009098074,184.1263123761566,0.06744898372536462,2.5211070436914707
46.79166648514817,0.06861903862055435,18.060467464098014,38.31236610995353,0.07005732500782061,2.5855083279046616
34759660.61142875,0.07077496712535386,16.61682921217178,995.9461214172366,0.27315713612051173,2.1962899077664595
507.39209604861446,0.07085390146331672,0.19144652810418172,305.1209957839138,0.06322478544664403,2.510740364085194
3.4833618850747783,0.06761530594797158,14.533562351326772,762.1903003243192,0.06950103721172607,2.453473177165767
129.8181112014076,0.07275969335249115,16.172414313220376,658.4532732708876,0.08543460936590089,2.5144653596629873
38.112651731697824,0.06828958024827993,12.878717763802928,402.1292295368487,0.0717243213425145,2.74900401440516
473.376625303183,0.07641390928314037,11.784736418161048,377.1963478916337,0.09614395127242509,2.084098093759043
5.8204974391144875,0.07150485704943996,16.608813765103466,279.56445069156894,0.07649337662682387,2.8360766007719813
0.9403590955311594,0.07167261687413513,25.83474987129464,252.12123910194862,0.06187439048824031,2.448576247238006
20.70908077053468,0.06717853339452466,24.98087858537694,427.9364365343477,0.05129022451875134,3.2890768356674176
1.1479818803723796,0.06943278324929518,28.45434307069174,416.6008055229208,0.05680546166864375,2.522400456257034
31741062.390545838,0.06960631876258906,15.08493595183005,963.1216103604835,0.38128396286377353,2.6771730195401497
20.478819980659623,0.07114078165639028,22.111054710615036,48.48285749972837,0.07135223771974109,2.8719341416587336
19.592916856752602,0.07462776829597215,23.584619631133148,447.36528038574863,0.060389459253364475,2.3935299143435302
26601.97986579306,0.07887433742715645,29.31354367567495,35.2927323179743,0.29612292468373,3.792747416174273
161.4148816709023,0.0778555144882489,19.615719866322827,64.99975391415495,0.05868560536106829,2.572036549758632
53.45291033196121,0.06843491400533154,9.461815056612277,632.6595906304029,0.07085720539387247,2.3713817879716044
738.1877356392262,0.06716086856960776,24.660918734675015,668.5649140529908,0.09054650848096663,3.7005227145576916
292.8712684737943,0.06976283029388856,10.430087720385572,608.9338598380365,0.05542666987031192,3.516449904765395
24.856590614877792,0.07049170274184603,25.01719306087581,310.48478001111425,0.06859167300692487,2.341681925105943
22441080.37985824,0.07509493290378838,13.361209080499197,908.8792645462443,0.33390624488009746,2.5883940499437754
9.293683099921346,0.07231813902776045,22.73200376760021,366.26738887058957,0.0677942424039216,3.2133694244159647
136.56579319729258,0.07329277050953271,18.38080081574211,141.18432966185776,0.09325924489164816,2.562464855255656
0.14055863280584874,0.06719918323476166,16.829733180249143,251.12120560155847,0.07310906348175372,2.5463875280357464
275.7009959509634,0.07876948893783244,15.692791867967134,452.1960388717756,0.05043195049016841,3.1580659325031997
3.5914913853680783,0.07589232713831101,16.25177028703773,42.73667152452606,0.09215322053424904,2.426335873481441
782.1225550733791,0.0678338403411827,16.687972724788715,746.3321148434204,0.08375685229291255,2.0318860329270354
3.417653593301353,0.06142863291642876,21.85173536723095,655.5288397566719,0.05380581244726046,2.2636559269546077
214.55166273568923,0.06984206492141189,19.204260254713343,680.8047506302663,0.08583450620889982,2.9565752794320774
22.857225534726467,0.07390089506779844,25.615748797446887,178.56880316347332,0.05881956528799029,2.452720801413153
22.597418961433334,0.07121292600846195,28.271251063921223,194.44064483267158,0.05059825647273514,2.881870904723171
541.1815950804032,0.06978252042331803,1.42164853681615,27.00044129203434,0.05677441791881355,2.057465699462343
1.2973028964910687,0.06815669565599695,15.334632429574553,133.04902930121585,0.08409340033412627,2.9873308618018073
3.5744644703901836,0.06908329911185067,13.445789107441716,385.2613649539549,0.08611027653097075,3.369757459706742
6.0161417325995235,0.07990334376350289,21.290414454958054,318.6764511089739,0.07567417860632084,2.589595698581188
832.7476667640987,0.0700006337636037,21.512515435085554,580.2985077572821,0.09319954853528079,2.8968751802827772
5.429689120753544,0.06782200366687781,17.19402246866817,156.2205870877612,0.0780738713788498,2.5330829240712616
12833352.925824651,0.06746945846049328,24.927598949670788,536.7039773390492,0.2990805381706231,2.4166200498201107
20.63436755015078,0.07092194764568488,19.317915789578393,220.22554858136277,0.0682851414007597,2.7576616153006346
15.409428052661529,0.07023837718052667,25.036707261358238,23.106006306414656,0.06434695401431215,2.046822001020216
5.671355000095705,0.0685471070878877,28.603246675605114,339.74088088140695,0.05383827330541882,2.045232497678729
290.537761555924,0.07108157205245141,4.972363952503189,881.8047673722081,0.06661505083040847,2.6665182948127906
363.4611071351526,0.07314240097257546,6.627767653117683,222.76179774565657,0.058230364521139444,2.406059028663008
6.808885636742013,0.07136034878257735,24.28920961872491,40.51035382166879,0.0736791624983601,2.9711662403419705
6.074782449820041,0.06884208629759231,22.75569906785788,613.1430145151439,0.06790863017343388,2.793626592726814
185.7401600870997,0.07248109749836988,21.62239787527588,992.2003873730032,0.07941007049175075,2.5444138484743064
22.781873322910755,0.0706411636391121,25.61698740891657,300.40551713991016,0.07100301430119266,2.6975621110890815
25.696183716373543,0.06662860557634606,28.84192456784536,807.1529698176955,0.05773623147079546,2.670793286960044
86.8888192817513,0.07878439455291303,25.94045722382461,254.8778218419811,0.05270194720361429,2.622254137200062
57.96761759220966,0.07469762316809471,15.185984036165372,611.7866630193715,0.08330907255123218,2.3398387093084647
3.785564817759341,0.06619926687066052,27.01984394969039,893.8144718626561,0.05431706349737603,2.5855083279046616
193.96551199087003,0.07266973540354564,9.512715746291727,241.19781650786263,0.06421084454377962,2.1867828957443542
9.217981372037844,0.07446679964658057,20.64924635816767,95.49300704330534,0.07815590802691488,2.8849582683678507
59.11488122384606,0.0746871381877042,27.253012462127877,684.2561778589904,0.07134071395441446,2.453473177165767
25.97800718309943,0.06849343555886782,26.250131704235166,628.070617337663,0.06676708143831539,2.909803334339811
9.325391085512475,0.06847734058181522,23.81797537708046,134.76254770577503,0.06978521694235551,2.4160067125270417
2.914452194532381,0.06671387029187964,23.143814439787477,49.384796672055415,0.06686040012316363,2.6859180032384327
17.730322134690194,0.07205872028958328,23.041580911365827,397.9889332218237,0.07673432474269479,3.066730112378333
11.543387306958294,0.07274101160139908,25.83474987129464,29.618275707204134,0.07094820320869419,2.5352882916908346
418.15436611074745,0.06893695437605786,1.0987654490389787,554.8634274980261,0.06521336444600717,2.5788693191609138
8937377.376628846,0.06552197956237928,28.45434307069174,416.6008055229208,0.2666314942411426,3.4529449569438206
0.22793802021107035,0.06612922056146217,25.836603468366057,107.78279010951633,0.06158508394181855,2.803144724353812
31.60231742089124,0.06729993337938213,25.690799280122647,97.44562091034817,0.07135223771974109,2.4805913126449024
42.74228751673139,0.07738038651208651,27.634629908626266,279.81602670606975,0.05458733319812917,2.510011718167158
121.39057783272679,0.06533154044480995,13.310366837543151,133.06648090208205,0.05862645943787015,2.5206799152673134
7.4913644775464565,0.06770204549324987,25.78298563779403,298.27880985679815,0.06468905491376717,2.806800891188776
2.611546841537164,0.06789258301660488,27.833734401118676,347.91035602234547,0.06098087817484915,3.2214255426220717
1.0458161684874154,0.0648678448929985,28.257787719541877,44.01158623422458,0.058689311901129165,2.6323168079842825
8.273857126927247,0.06906346821384365,27.944514271226822,608.9338598380365,0.053704797490531364,3.3641322313228708
65.58564513169541,0.07251603980886545,25.01719306087581,4.843169681431505,0.07462811482918205,2.4902342081234266
14.35455587416614,0.06590811621926722,29.6349011762632,410.43907675505454,0.05385393461579746,2.4376435706537616
24.590437266606315,0.07231813902776045,26.39313966347867,610.7139266648569,0.0677942424039216,2.49428821951948
12.23291382852187,0.06566612766836682,18.38080081574211,96.17655098595355,0.06548803443772916,2.378925722249946
39.84813765988427,0.06719918323476166,16.829733180249143,228.74877544025287,0.06484350105221817,2.8088561684216033
83.30812366622015,0.07237887348846184,19.506365135154066,900.7892781984974,0.08272020577571784,3.036798683015435
11357488.711336019,0.07589232713831101,8.465386631204723,648.7734811660372,0.28801380884758193,3.0740582410504
0.822099681942578,0.06395768522755074,28.31480407969635,269.94465459076696,0.05078523275094163,2.944928791147232
4.371223647109408,0.07003878606322034,27.655252695253715,180.99569311353383,0.05380581244726046,2.2636559269546077
0.7560362925249811,0.06897110815301523,24.606936925183735,273.08183941934766,0.06574094679049827,2.817231400838393
0.9035870014648877,0.06903515010666135,15.419353113159072,235.43106430413587,0.08037176176169439,2.798417676500031
3.710765480424126,0.07001365586587624,19.521852594781183,97.8397634841449,0.07173651787048604,2.3218718761689443
2.725744235584731,0.07600709164552961,29.059285118077355,331.9940344590424,0.06125432953879864,2.5479896965940485
4.337102710041146,0.07252166168204233,19.699198318522846,369.7373217377287,0.07616765872482864,2.651504628929748
4.670875931329096,0.06600291646081494,14.25915808629422,310.6746335481384,0.07498237553061146,2.343553053647672
59.45248231070225,0.07293558018421213,16.75249604708355,584.3557217012236,0.08691314116373366,3.020943717288681
25026518.44485889,0.062473212145931184,26.750853854419276,680.9084495819343,0.3731046685988251,2.097353804953888
7.77094304511731,0.07131837522635427,21.55833799713747,378.64508717951816,0.0769737288044545,3.1671057553366078
1.4548237150879246,0.07723211910383466,12.800910834954175,336.23079141600624,0.0883815874854531,2.6223443747378643
227.46265553926136,0.0715824644502987,25.26723110668339,576.6323917010201,0.07844014681207323,2.561809510124424
0.2676998721028076,0.06886770801256732,29.947825312999854,100.14299159825617,0.05776978152044651,2.560027960678256
9.655723328121725,0.06709846165909564,4.661870571412308,507.21176181043836,0.10035925107170285,3.7010163811699837
238.96054494633478,0.06783461583212483,4.972363952503189,881.8047673722081,0.07400149545747592,3.6310508191584114
2365.868393816696,0.07098209371497019,23.501794865819555,903.683773786694,0.09172237608420505,2.2822026294526614
6398744.076141756,0.06960397127167818,8.544968332856214,411.61467797808683,0.31858146817656785,2.3133696329315603
118.82353239050622,0.07547064709376902,16.460565049331848,95.221896903566,0.06790863017343388,2.631627863185132
98.19039936281634,0.07021797497340865,13.63145408369985,383.55307398400987,0.06449796531422408,2.6068055563562824
1892.5190110547119,0.06950499264700169,3.49134982040783,563.9875398462011,0.1078236441744915,2.1965125690812544
57.9661063225775,0.07244944108409904,14.718844100441935,637.7434566144607,0.06830580818882162,2.670793286960044
0.6699451652592804,0.06700812317116081,24.670149617152283,924.8435473466726,0.05270194720361429,2.355317960937784
0.6083959808196652,0.07294995133504072,9.277676283581037,217.54566560558777,0.09675522843693787,3.3522373854216356
45.69485567351049,0.06619926687066052,13.453307407661404,267.082331726985,0.08804457144500921,3.028327866442516
182.82318205189907,0.07896976414873988,9.512715746291727,123.67626045137149,0.081926343697277,3.140414817812392
4.73181105618821,0.07070742169191711,26.059259660393288,106.45443905528748,0.06960286864428825,2.4397286922677535
32.53181860436,0.07227390221395714,29.860692071578306,281.6082832562214,0.07224759666619196,3.253166546315395
16.13097076916142,0.06685533003593429,23.629931107227883,658.4532732708876,0.06133829542606142,2.2606379048315173
19.05460153616403,0.06266286054146532,26.608042651059932,491.2627602163754,0.053719065595119686,2.413011553075095
320.39472715657007,0.07577433404909456,8.14696149553981,305.194451720163,0.05700109954660412,2.09909087025302
65.8590759797975,0.06181010323895271,11.565009302113362,10.171222520788717,0.08667908053714743,3.2409452295855425
69917.32447081743,0.06699903693068635,27.90783450646338,252.12123910194862,0.12710502576233484,2.0361675640908365
0.027778652666945493,0.07321073360313964,24.98087858537694,554.8634274980261,0.06971899502810469,3.2890768356674176
6944129.310319743,0.06889201255058112,29.48449605541667,416.6008055229208,0.31465327095020373,2.2258998495008893
466.3676694805769,0.07004956368081913,2.2127126028240216,107.78279010951633,0.06158508394181855,2.427362026285242
148770.43441417324,0.07000909691374171,8.09431789142182,573.455400953137,0.15190721767658455,3.682717161028783
1.2028101581645143,0.06338376856264569,23.584619631133148,191.78082092381266,0.06328565133959618,3.4869298138262925
7.957859947910789,0.062145267821179545,28.112231886666933,988.387173208961,0.05100664557283335,3.2301108799975724
6.148943128774075,0.07838551393470194,23.35363027834808,583.9878638593017,0.07381387883414492,3.2939135471160297
219.73793869701342,0.07629089387392754,0.7464306422986162,207.13964353831602,0.09381309369908725,2.8196477532861426
448.17216944058885,0.06046312818629759,1.973493860525064,44.01158623422458,0.06223802547443419,3.242880054084093
42.42930153672471,0.07415442701032827,28.12797148204102,481.1196050687144,0.050633721873430126,3.5532299298464296
259.2115902539934,0.07728741224708778,14.795098509094164,722.3798612057475,0.053529280232944315,3.209388356614464
405570.8197062332,0.07744528842963343,20.281202365122294,231.942547493306,0.17967946285939623,3.9763148782989655
522.6760787075776,0.07231813902776045,17.618592159757945,366.26738887058957,0.10071790390475117,3.2347507609062256
14164119.379205592,0.06835718167513258,9.726393214548306,584.530659198105,0.3152068245243675,2.3935737968784334
88.2766806967349,0.07005475023140927,16.829733180249143,251.12120560155847,0.06259393928298954,3.0978401201612624
1.7732052527450408,0.07424624322701691,16.640768338229478,86.36935550016864,0.09141959332619096,3.639574794588107
640.9980324165663,0.06847089131702176,26.46430440897941,454.1505494425752,0.08683813707961385,3.0740582410504
59.95340151229353,0.06395768522755074,18.467773621862776,162.98336983210703,0.0829229136884167,3.3009377528427817
240.20677711899586,0.06574099630181876,21.85173536723095,745.5592440478493,0.08026630783270808,3.1204318394705064
23.59744612678225,0.07976164688701187,26.18537063781261,277.5352669426228,0.0706129252352542,3.601679089855428
1262508.8199394506,0.07709956672267147,28.56013361387496,235.43106430413587,0.3750685251202932,3.356772189235059
24607000.62483824,0.06300888596703523,5.3336103087043725,692.2188506878923,0.23196384161937092,2.832281981789575
158.51872427351765,0.07320873837512851,11.814321779332618,798.4756801579927,0.0674819621454861,3.182072735210263
16331222.829967413,0.0730469040864722,25.616586701470837,733.212884203012,0.35147293915220335,2.910763652610666
190.20360294778087,0.065858759976444,13.445789107441716,642.5043936379825,0.05190057577998286,3.5427131341855818
498.0075888166896,0.06640557751118464,28.50346694557863,774.7993234497269,0.0783234518909385,3.066976361403956
43.8959951457672,0.0762101455928055,21.512515435085554,503.66390349059674,0.06318307054423872,2.661125600406492
48.344066658492295,0.0728438714395514,24.98087858537694,723.1197323768331,0.05280920309740511,2.9316527120831024
9.047473720095393,0.06464987410303343,25.6696897440888,576.951994085088,0.05716789860993496,2.6223443747378643
28.12856971968887,0.0765817656769123,15.201771631884194,630.7053340581326,0.09295169617921109,3.568479674019891
63.186628918930694,0.06886770801256732,25.359451813506098,549.0618275134752,0.06485187682389593,2.1248465765450817
0.3658142437498527,0.07398865809247242,23.805006756358498,507.21176181043836,0.06518424438819029,2.223793079313733
339.08130593612384,0.06892345732442912,4.972363952503189,280.4561011350942,0.06558970368288755,2.9776688819992785
13.591426684353682,0.06589423186710289,20.150559892395233,624.5326726934733,0.07151077881648515,3.0632203975913583
1299.561276068017,0.07481715853660334,12.532474015868829,411.61467797808683,0.1130629743779728,3.1184624080580896
8852621.748478677,0.06286400485214745,21.937756767747207,377.6745551222505,0.3212358782515593,3.097838436114494
5.471080930237781,0.07395584026356228,19.433113811724983,960.2027073037074,0.07347672773854708,2.5444138484743064
0.4568149524114637,0.07338763090335962,20.04957281072798,372.03399696609733,0.07850103971927302,3.451375815065032
57.93901170869003,0.07438661492294876,26.14628536724743,319.1936501121703,0.07969922261196344,2.9980500087679847
0.07770424408993051,0.07454580426010113,25.94045722382461,312.336981030898,0.07361721673025945,3.6135299407726595
96.80918867546094,0.06969538282848417,15.185984036165372,492.64344686513977,0.06465297867996261,3.386632301479667
1.433246223401016,0.06978789849487432,20.828989723294693,893.8144718626561,0.07353070987132526,3.5414337956846094
335.24826978061174,0.06287564282472104,5.214208187410417,682.3588820477978,0.05670349328524399,3.104489751862521
19.129305105925543,0.07062419521087379,20.190879607721556,444.84249771540294,0.07377558294534176,2.471697482812266
2.198298779736726,0.07025776932643314,18.78642890576153,573.0084406065487,0.06602025680124032,2.3232564999225778
78.85709939029013,0.06685533003593429,13.209528162375761,654.0609423864007,0.06446230279666185,2.909803334339811
130.9895312420316,0.07884312027111592,19.3145361703038,620.4954257861053,0.05466062570489111,2.254958578415209
192.41445610475623,0.06757306942388007,10.041166423880519,514.7922989271054,0.061114277410600715,2.8726189321101367
1.1797679106521195,0.07150485704943996,16.608813765103466,799.020704149415,0.07808442841028196,3.366343450101693
327.20280160143756,0.06462216865417113,25.83474987129464,421.6872503693414,0.08264375841152774,3.9632917069145077
0.02514004175417273,0.07173763181285892,26.70374201105429,156.2205870877612,0.06489554889629179,2.5330829240712616
123.80650270808913,0.07378862407968372,18.048272567746103,680.3635933951496,0.05385047805149584,2.522400456257034
1.6590752097678916,0.06612922056146217,21.95801468604639,331.2462326141185,0.06158508394181855,2.803144724353812
31.107598793648524,0.06710181254222526,16.521870693468404,264.2556898604048,0.06433335225534201,2.538803027369112
23.123068383603393,0.07221798745774309,20.473450906558515,303.7085332247202,0.07511245699655131,2.284963850956184
1.564604101201811,0.06948364060050688,17.567323284931128,107.75196671614378,0.07980852456397064,2.960175399765337
0.8742497081701512,0.07018153899918504,23.35363027834808,553.5620567677462,0.06989194467677243,3.2960332058890405
22.93161654700468,0.07442834785195164,16.924635057561545,232.06249364786765,0.08812825004739819,2.8124857624237345
14.549742948993725,0.07639502664071662,28.257787719541877,44.01158623422458,0.07024508863456078,2.852672493221566
53.48881516974518,0.06514042569821753,27.944514271226822,0.17390730590824433,0.05542555541737004,2.1341566036039827
4984.909179578726,0.07049170274184603,12.669176112701557,18.15869989476846,0.19438528854896872,2.3512355515310377
0.33233084713070293,0.0765665630839663,29.6349011762632,359.99825661464376,0.06444541837150489,2.7620383226370606
9.4962475226302,0.07231813902776045,25.564052489835486,202.19498463587723,0.0643815555333569,3.2133694244159647
20.634963084706847,0.0744542654152133,21.351870222852796,39.65585995416285,0.09325924489164816,2.3935737968784334
3302632.486249826,0.06825518061743929,25.218523144600425,279.62595649100734,0.28572426050155003,2.5463875280357464
51.314660196219094,0.06574919884108266,22.473522009209155,226.9364687220443,0.07558649838897624,3.0353015731104978
7.030549623874931,0.07063895885892416,25.99804556727073,63.52378773396026,0.06661210172725382,3.1839110344375925
674.0405297210648,0.063605851722806,3.2900971090997864,824.3424540367405,0.10232268553223463,2.539641629640209
31.581021579075852,0.07128444052697794,23.23006764055318,655.5288397566719,0.06805234941912053,2.2344499555621375
7.773722594915249,0.07388187181176963,18.342175864822302,687.500435885605,0.07162688979118323,2.7160007385744978
1.7344308033394236,0.06903515010666135,28.119430276884337,235.43106430413587,0.051272909532160404,2.157313401402467
11.954289657584859,0.06646823709647268,18.486203990781757,204.18175675716031,0.0731120291537605,2.3727577667484545
8.952975282202438,0.0741150085093955,25.440317308140852,331.9940344590424,0.06457269268810317,2.9616031791355675
136.8199655580821,0.06808925882648825,13.708532196988887,666.485622964382,0.058142765782368155,3.025303982088152
1.750817116675178,0.072623217795919,15.210675075285849,385.2613649539549,0.08611027653097075,3.369757459706742
66.36102228688975,0.0752262189816692,17.408472635153835,107.93015583917668,0.07099693823185241,2.4922188703385464
259.24763661931513,0.0747624393100032,9.6540196841698,716.4565107096269,0.05945389133734233,2.4591505123208144
16.0843004616236,0.07024614846346208,26.70374201105429,156.2205870877612,0.06489554889629179,2.0580076074855294
2001.8198653532418,0.07305006034578501,27.43031803001569,991.3880844077743,0.0883815874854531,2.2859465189724824
101.22244712312019,0.06740142204355964,20.29895225622507,34.96298644774919,0.050630789101133444,3.27433950850802
46.872148420804166,0.06886770801256732,15.934266388276274,149.346243762014,0.08755483847493753,2.6497326009895663
8.504705780753461,0.07380134941730225,23.805006756358498,246.87316022651927,0.06518424438819029,2.5297258943425085
1.1040462081346967,0.06991467516996552,29.6172332952564,426.36638533545215,0.0558751198695816,2.5571324964718496
106.74841647849384,0.06997369918520482,21.593187907786497,78.65329901024819,0.09172237608420505,2.967911182117462
8.405431745327006,0.07481715853660334,24.28920961872491,133.87224810206834,0.06725821555947625,2.3794698090669675
103.85261251955517,0.07350847690622939,27.462497093356887,613.1430145151439,0.07462338554558653,2.652590833289286
19.147411824577134,0.06758848022277382,25.789440868962586,819.6041111670354,0.06110884396950306,2.46007743591401
521.0703957599453,0.0793379163507231,1.9756975511990351,563.9875398462011,0.061052758579509925,2.5756531119680726
41.57964074552373,0.07265154288807266,28.818187490100236,807.1529698176955,0.06816782127742169,2.7402144278172864
582.3965583838631,0.07493500485675603,1.610063126567539,109.35268053262399,0.052943238702473444,2.328490897143496
24.78552148385072,0.07722524142372202,19.74136419629977,538.8423586744968,0.08330907255123218,2.835497893256347
425.6844582601499,0.07673657440357869,7.879956048409278,352.23373789834045,0.051909276153041695,2.789344196466693
32.35195084574916,0.07492327951580063,15.509393152905322,138.00763627920463,0.07416114580906785,2.1962899077664595
10.824781201865543,0.06477986581822308,22.815773163870585,336.34310516412546,0.06322280355073034,2.471697482812266
11.684472496908707,0.0693915252159091,24.844689609012065,355.6831095204586,0.0682899156468677,2.7324603967202648
23.675812291612246,0.07066199503070442,19.66979679279193,733.0641326059538,0.06120861569518246,2.5454368826342266
291.78820413207404,0.06847734058181522,7.763291451292095,310.5637503772174,0.05466062570489111,2.254958578415209
14.239160927904987,0.06764382936608945,10.041166423880519,377.1963478916337,0.09398770250033534,3.618044227801894
18.060638235667145,0.07150485704943996,16.455034089247224,397.9889332218237,0.08437844764795688,3.03555466620403
102.08207303312375,0.061542025768683735,24.36854909403135,402.03199542327434,0.06187439048824031,2.230509826456693
0.13523403227789835,0.06353319313917362,26.73989039240212,300.02583505210293,0.05093923295971378,3.2012826743886436
314.2103560593566,0.06943278324929518,1.9374643750710767,12.617904569020254,0.16929903851256173,3.334558332955272
494.3061212249771,0.07106494453733385,2.100562008330229,423.1674672092877,0.06158508394181855,3.2904924257044783
10.630785938601527,0.07565452139976837,29.574333471541898,171.49591512727773,0.05968475329732914,2.6795974810593575
1.6877766508623062,0.06620983172544079,24.624832587512955,585.6253190431399,0.05458733319812917,2.6804621542590334
47.9019343247068,0.06923450250895449,27.542144493854025,89.87036206848126,0.07980852456397064,3.565616143288156
0.7676527246988665,0.07127919831962588,28.90723375327176,75.15688093351446,0.060691419916539924,2.3320740237320017
96.89847609284405,0.07442834785195164,9.461815056612277,479.8661001310612,0.09381309369908725,2.4017571935425837
30.978676272934422,0.0738756098082292,28.257787719541877,37.08529204214415,0.058689311901129165,2.466626023754716
1.3549747627556323,0.07852725900678727,13.355318013229937,465.7534299576122,0.08983956963169618,2.951453035147032
18.63975221167374,0.07433348622453297,28.931570664498693,408.0550990353466,0.06859167300692487,2.604341189507439
18.004791022809865,0.07345174515388564,29.6349011762632,161.49827387002745,0.05385393461579746,2.6943946988218492
0.096526011964617,0.07079688628232303,23.63963426415806,191.3880210098655,0.07249766606569122,3.2133694244159647
31.411451484776315,0.07329277050953271,18.38080081574211,39.65585995416285,0.08154007969560301,2.889172244004909
43.1499183679307,0.06719918323476166,21.9264692238249,983.2138316187705,0.06842334038977871,2.5463875280357464
2.3656353967395267,0.07096919268839254,13.350974818866145,449.10673187818367,0.08149653062955176,3.0353015731104978
2.4205400149556855,0.07589232713831101,24.992388446565293,121.40031488488404,0.06650857644187494,2.002289070589912
378.80050027871187,0.07817746724897441,7.440381079627727,127.40073182770061,0.058247655628491546,2.104633774953722
239.97379243365992,0.06409339528020022,10.475986234387532,354.7809707105449,0.05018674439538859,2.6821752983936498
6.529133027812156,0.06389526896300085,24.446226617797286,536.2733330301965,0.052424007686919516,3.6489136426517437
5.390372309527168,0.06903515010666135,22.854843163645036,56.36575553307051,0.08037176176169439,3.005618763838734
243.43013857132058,0.06996511801366698,7.231498149768745,615.824512976166,0.06767005724424904,3.1152810270465743
15.704905243385543,0.07600709164552961,29.059285118077355,383.61417032535104,0.070345782342778,2.6313898442339023
70.03972433191896,0.07106494453733385,19.19902703853846,637.1451152263908,0.0595803453024315,3.2904924257044783
48.011464810005776,0.06998733378577925,25.280920316510933,99.23013660000868,0.05054170728795351,3.369757459706742
49.90804583100923,0.07722524142372202,17.408472635153835,601.4249233337091,0.07099693823185241,2.835497893256347
2.890228795478359,0.07148612243255437,21.512515435085554,433.580848020491,0.06688918250294773,2.6384677561298755
123.1102178355766,0.07312916884699291,16.06060898832624,156.2205870877612,0.06218620924741475,2.5330829240712616
24.35665898210178,0.07723211910383466,28.86279097580948,622.8166604763294,0.05469521582886844,2.6223443747378643
33.13215584319274,0.07464676057611314,14.72905393113113,429.6783304295976,0.08652285387152012,2.561809510124424
1.2825394875431853,0.07155948344475169,29.504671862611517,135.4008297590393,0.05587613134352806,2.2306009574346652
32.76020949124511,0.07077462638468462,23.805006756358498,309.63756586673753,0.05303520677635734,2.375750703576464
351.48180441367776,0.06991467516996552,4.778130626006497,426.36638533545215,0.06090628771382495,2.457947945584177
0.30138798656624516,0.07705462223138432,13.274552101553216,183.68659329827972,0.09427233199639795,3.181064590333634
4549903.166487699,0.07481715853660334,10.571893876182074,411.61467797808683,0.3242960229807825,2.106159592172843
1611693.1120492704,0.06286400485214745,1.540839998830176,320.7342658262163,0.16848153987515047,2.3527056331605998
218.99197601500885,0.06376500792574506,21.53040384536527,248.1036029441187,0.07347672773854708,2.1264679466598446
20.51611669016838,0.06950499264700169,27.599563980020033,563.9875398462011,0.06292868325892992,2.526032256300206
0.18688799733691774,0.07019841835773045,14.718844100441935,437.34097135797947,0.07407159079095554,2.3010464952025265
1966760.208445196,0.07273149511267893,25.94045722382461,277.80963572435644,0.3959445826541739,2.1732887006156822
71.33780997543089,0.06790373205898742,19.27309501905129,195.9779164884252,0.05993257643056735,3.760104156929001
13.506859807419048,0.07055854823434733,17.24435984563377,140.50625996888368,0.07697312536795561,3.0607718761786034
44.663310110958776,0.07605356533099529,16.580829976802374,654.1540458136112,0.08053939091788964,2.256962179541782
3.4236069400475992,0.06701102965504235,20.216615266339375,198.95280829612602,0.06322280355073034,2.320425152074163
33.70075158823032,0.0769118247418048,22.467911625373254,190.10907617310477,0.06602025680124032,2.453473177165767
34.484610414788655,0.07350889192893743,23.693184562922106,272.10423579727706,0.06133829542606142,3.0370274837126257
2.9618776164529237,0.06880236725638819,24.662077500199526,291.19082022003846,0.05601073323072514,2.254958578415209
9790.649441369564,0.07641390928314037,6.165469102860854,48.193959259676376,0.1692588159633885,3.0535144565713797
0.4072548947848677,0.07530479461169219,28.88018865081458,242.66466278144878,0.06567093865333812,2.8360766007719813
121.79035825640369,0.07768536411553431,25.83474987129464,914.7884731874715,0.07699230608026719,2.451287886191041
338.5052450117023,0.07151681628692108,3.9944242362384657,118.56304672112338,0.06971899502810469,2.4166606989927057
381.5493587983828,0.0694250465383514,5.58269852188339,156.24183717713402,0.05680546166864375,2.4248237247534323
3.566277523381056,0.06612922056146217,21.34882717881023,106.79756108655147,0.06913509210981672,2.3352287221688663
256.0042273542573,0.07361362199480664,15.909568905151287,1.537721975089596,0.08260016344289983,2.9306843063341628
193.10877212689837,0.0706492232036949,13.19296513927865,258.1657095243378,0.05458733319812917,2.3935299143435302
120.71208445298677,0.06948364060050688,17.567323284931128,173.16510794931435,0.0508568555472296,2.2009078615184094
4.7401789441102276,0.07072834350059887,27.39069405548414,39.77341661105612,0.06528724388902965,2.6346800548991616
420.96501965581206,0.07442834785195164,4.84432723528788,198.42362045199235,0.06524587703230608,3.268786205345665
6.657321161826552,0.0648678448929985,28.257787719541877,93.11070230346957,0.058689311901129165,2.6323168079842825
443.12947135406944,0.07124954661429724,7.275761640438839,13.786955723795359,0.050633721873430126,2.793194006756338
5.325833823379146,0.06648569040434701,21.56107199168857,45.57408588863365,0.06859167300692487,2.6119429799701486
2945073.8806488942,0.07019509225831068,8.202596401438669,313.3574769649558,0.38668843161989536,2.016667400683641
112.78402222512975,0.07079688628232303,17.7452132041298,851.6470137269355,0.05602059691388375,3.2133694244159647
8810045.560928248,0.06948062103069523,9.620028315238903,485.6733284879334,0.32790082848387625,2.14242940119706
2.0539550926816053,0.0710347755462636,11.953511649596871,409.34953936998306,0.0836646341870673,2.960923165786374
24.46822282649204,0.07619736794579357,26.67711341604054,452.1960388717756,0.05977682758383504,2.9212242191161844
1.0357263276600945,0.0714546135328929,25.299890855953272,470.9199637855712,0.06452265783451666,3.0740582410504
10.206207236241298,0.07541463555620972,28.31480407969635,365.7078973699939,0.054826120276243284,2.1689515760284803
3.2846246826723675,0.06802556628233068,29.57524473738556,655.5288397566719,0.05380581244726046,2.5954059487312695
632.5861312901482,0.07541463555620972,26.143096070183454,365.7078973699939,0.08583450620889982,2.1689515760284803
60.03651062301095,0.07582519796417557,15.419353113159072,257.8240144774405,0.07441522625764119,2.798417676500031
1.7835950395882585,0.0743700194411742,23.288502247473822,387.01881422187023,0.06919317243755344,2.7214305592107633
589.3442221105018,0.07469425893640501,1.978612172705862,331.9940344590424,0.05104520122046194,2.774328557706779
192.5584675597708,0.06584868272739394,24.48458886490264,316.13795143656057,0.0767830053536031,2.7706773730605097
24.37169207190869,0.07615903591705801,18.79522951313706,385.2613649539549,0.0835776571527023,2.6689287377280304
3.702343486397049,0.07396920608872302,27.985315092859782,16.739512926831708,0.07999855376884513,2.704445204391037
3.536822166021506,0.06580361728734441,26.217987570374827,276.18601820570086,0.057577126537846995,2.5065607492398407
531.5296547179416,0.06791900354623984,1.090606334122663,156.2205870877612,0.05276087298209131,2.2028617485254527
180.3583940134903,0.07142100762865118,12.800910834954175,58.82075099751336,0.06116713956633543,2.0856790808599754
3.7398888741994885,0.06870336624087868,23.961444956996814,204.72895007329748,0.0682851414007597,2.674190789059288
15.524509664209663,0.06886770801256732,26.69245546071963,222.1424664512187,0.06618671726525091,2.560027960678256
1.5890170754933786,0.07072835869905651,23.805006756358498,507.21176181043836,0.06713175996438334,2.7275962491341734
4.808499427272741,0.06991467516996552,29.6172332952564,347.78579724768775,0.053500936617880884,2.009156424345633
1533692.7670594696,0.06681086142177284,20.076792697657577,183.68659329827972,0.3429354653325707,3.0525353602321035
0.06595325593934387,0.07481715853660334,29.118874240069374,359.7373405643958,0.061247924323451636,2.37592602495791
3.420536976250184,0.0736881614523037,21.53047784732236,613.1430145151439,0.06790863017343388,2.631627863185132
165.9387394009623,0.07123917895190739,13.63145408369985,218.17117434511414,0.057534210881442616,2.350390970099502
0.04224585602983515,0.07303068937211021,22.604664678587177,563.9875398462011,0.06431955553519986,2.1965125690812544
15.239406998622194,0.07266390711646975,27.430039937992436,27.770478901905904,0.06396631487899074,2.22075611040662
3535165.0620325455,0.06700080915888422,10.880139164886042,312.336981030898,0.3922296534343076,2.0098277828418496
145.4528683907039,0.07578761802409592,15.185984036165372,72.19985655315998,0.06910363006908352,2.6103590373603636
37.506461490424265,0.06978789849487432,19.225536614333357,54.4042480017892,0.07353070987132526,3.5414337956846094
138.2557256380117,0.0702483322453945,18.185666176452518,23.915352357991708,0.05568396025329511,2.1962899077664595
2.174180739095515,0.07321715931125315,25.407106731229543,319.1768591691027,0.06700994125765014,2.3894875184770155
24.965358780627177,0.0769118247418048,23.925419378637248,197.67752249211406,0.06411970885550489,2.3400489583876585
6.996439749561048,0.07099451577855045,27.151239378105497,27.23701921376164,0.06892020792307935,2.850812303761136
22.964584624521727,0.06878898106253611,25.26806794246579,115.50212105423583,0.05140422774375111,2.254958578415209
97.06639547269708,0.07427282498554162,10.041166423880519,377.1963478916337,0.07327004375458235,2.410155301456857
72.56415989892878,0.07150485704943996,26.43146004241504,306.781274904516,0.07808442841028196,3.1077562595486072
0.3685939148176657,0.06885824697936384,25.83474987129464,69.61383806587509,0.06397957820737105,2.1402830001611126
20.878091679129845,0.06278623576704215,25.011269335646993,554.8634274980261,0.05769554829765183,2.5833746526560857
7410.093984515861,0.06943278324929518,15.77913784862392,496.56329639982266,0.11113888338527154,2.3515377755680156
81.61098008794573,0.06612922056146217,25.836603468366057,170.85994899601894,0.07336670951664753,2.803144724353812
0.09325755255629986,0.07848924967827058,21.410168672904536,244.44926409353985,0.08130080146735269,2.8966477284436536
0.6592241120883704,0.07804778803061532,28.762447219565836,299.45063793394866,0.0646842572186617,2.3700854450388564
29.70055585476261,0.06948364060050688,17.567323284931128,107.75196671614378,0.07225726788698714,2.960175399765337
191.23621688497974,0.06682361599922139,28.12796348987212,553.5620567677462,0.07113809284899555,2.735410263852161
214.68725551375934,0.06703978752121595,9.461815056612277,556.9203093102268,0.06133855112090622,3.2214255426220717
1.0917731002125795,0.0648678448929985,17.030865607807627,255.7053426357735,0.07003888138201148,2.4357101028675388
289.64292042209775,0.0796948848489838,15.03022377078661,224.73483814323157,0.050633721873430126,2.628261373411867
47.947806074686085,0.0736732841488167,21.56107199168857,58.82075099751336,0.06325402640122679,2.0856790808599754
0.20370619434718334,0.06590811621926722,29.6349011762632,21.153814597369205,0.05385393461579746,2.039269547388465
420640.51391050394,0.0698036015243531,17.314304506806398,215.8055335154329,0.16263751461326606,2.1618546026225722
165.48104263804524,0.07329277050953271,18.38080081574211,174.98857036012117,0.05235701872643428,2.877706848734216
0.14508239027514497,0.07582123461961479,22.78306062762949,323.56170770528024,0.07315787840023075,2.5534383688883198
169.2957670538546,0.07265409683119013,4.898321984225966,452.1960388717756,0.07456367942359068,2.351392475368745
9.361830407772736,0.07589232713831101,21.452483133992402,184.35605080529496,0.06992565847076132,2.2680045149792454
35.04944125546055,0.07709625152886322,14.225032309434242,569.9596897242778,0.09056444062424582,2.8515426572581832
1.3113306456252931,0.07811571977067959,13.180287139401957,655.5288397566719,0.0900592081507956,3.194123977735848
2.36110436311359,0.07086536475207805,21.213533135757814,78.31654800559386,0.07826346296552092,3.2651449441889304
143.16056157180526,0.06903515010666135,15.419353113159072,5.403585602561918,0.08037176176169439,2.798417676500031
2.1396242504269773,0.06646823709647268,19.03806081582107,615.824512976166,0.06954100580506078,2.832281981789575
0.47490571922314395,0.07218989587867754,22.21233133050813,288.200850820016,0.06846447005813089,2.2920616921914445
424.20946841083537,0.07252166168204233,4.3156749623662485,369.7373217377287,0.057370222875229526,2.4139596377125017
8465109.261117902,0.0634928516539518,18.907140401676962,399.5576488524829,0.24662334006332443,2.5032041903209725
3.902949763690637,0.0738367547547629,26.529064568501845,17.747343165188113,0.07999855376884513,2.381757362079072
519.1673774583222,0.06939737864822577,0.6476597084700177,716.4565107096269,0.058162864064728564,2.8968751802827772
1.5277371130446793,0.07173763181285892,26.70374201105429,122.984181017737,0.06375569600664122,2.0442745661847743
5814078.060278495,0.06557243890535115,13.622322802519584,336.23079141600624,0.32164322965426134,3.2181883351763334
66.30178208518025,0.0765627992107188,25.207941125711542,423.0145286478879,0.05064523686382977,2.2747634942983597
36.28168474788539,0.07864019850153746,29.947825312999854,100.14299159825617,0.05776978152044651,2.560027960678256
0.06940734626702807,0.06901173419045285,20.2994350676975,947.7849905025255,0.06518424438819029,2.576654936449097
24.487876254699295,0.07545507429489105,13.457700316248022,426.36638533545215,0.08802257854514761,2.5571324964718496
186.39794519355831,0.06607356586112181,17.164409620602,129.1144168210061,0.09427233199639795,3.181064590333634
434.87260451638775,0.07305651720487827,3.5073039347194257,359.7373405643958,0.05763799486666868,2.210247028711976
0.19843825686060884,0.07218684268708662,25.516486898627733,407.79114266981975,0.06412895546676575,2.503170652116218
7.048539087575504,0.06647023394195778,11.82787504800323,566.9101095215173,0.07347672773854708,2.5444138484743064
6.023534231668567,0.07303068937211021,23.642514140859745,260.7777237394375,0.06431955553519986,2.436918928761179
15.143148683871782,0.06915975044375841,25.292155646678978,418.41902518055,0.07221802637015437,3.6022383226839017
189.0003512449181,0.07813477854372958,10.997829161893947,497.85055417293836,0.06314272670522145,2.114307401587916
252.85268628284177,0.07042918948379112,22.600259153728167,456.70946407253075,0.08330907255123218,2.7219240756577436
230.2094603110449,0.06788153752687834,11.165234403536331,191.95100736553883,0.05401589092483569,2.483512573178591
337.75076496835334,0.06287564282472104,13.686478928828066,452.01105553615565,0.09051545133886563,2.8655984544544495
1.3537268811597145,0.06774925092481233,21.80856576062275,366.51621720882554,0.0646056265082415,2.3950998409642517
127.47663286644166,0.06059832924275922,24.59759397263759,295.06850140429106,0.06602025680124032,2.59566699236768
92200.68042596776,0.06408891379772053,23.629931107227883,41.50321387650371,0.3065839480727809,2.2654844693312426
17.032907203284083,0.07256992634904481,26.4409353622208,415.5543649096229,0.05466062570489111,2.5307811526912474
31.431682839875343,0.07641390928314037,19.854700424328364,235.55152983121644,0.0837627869646585,2.44570133451342
0.6972653399970993,0.07150485704943996,19.743772837947365,118.96610281341123,0.07808442841028196,2.8360766007719813
205.31012760861438,0.06885824697936384,11.747473374641647,164.0129283359729,0.05380153911890473,2.1402830001611126
0.5484778508177774,0.07321073360313964,24.98087858537694,554.8634274980261,0.0724882939429044,3.6469384478536577
36.69895951455633,0.0732226961653653,14.064479386131936,416.6008055229208,0.08108922210378722,2.1200153678288984
1.0992368469613334,0.07002338186439394,25.836603468366057,878.8001622082845,0.06183818240202241,2.797921786822779
83.41134336533725,0.07848924967827058,20.30264271588495,223.71879752179512,0.0637709777430649,2.4866785947318397
0.054558439849765154,0.07276555779309042,23.445149185951664,480.37803980234094,0.06443765857573244,2.265523750394345
7755148.532144465,0.06733076858988246,29.428669927650496,416.0607239215472,0.3207692004743703,2.534296064469821
2.5547315779186706,0.07563489839945828,26.307567674772628,103.25331918219825,0.06916670082245535,2.3890314558882753
63.821673192444806,0.07129419687177095,13.523391012010276,359.5959472280664,0.09381309369908725,3.2214255426220717
60.08895658628096,0.0648678448929985,14.407207850615507,257.57407220950535,0.06842687057891017,3.797748382921265
0.5397829103838139,0.06874001531319605,27.944514271226822,490.580928088338,0.050633721873430126,2.2123980399375496
20.100877883798244,0.07002486917974114,21.56107199168857,369.3246630872486,0.057943331851564195,2.3507486402855244
8.999103792011283,0.07150125691609872,28.8314034568616,21.153814597369205,0.061694330946915066,2.039269547388465
4.594268196036049,0.072645780910006,23.26774874235315,670.4331088550723,0.06720856104816245,3.2133694244159647
152.94039071607472,0.07330264226268848,18.38080081574211,39.65585995416285,0.0584881843976949,2.618841503810064
59.629099489939286,0.06719918323476166,17.782353203595346,251.12120560155847,0.05842388701747156,2.737532727875431
9.110810209857142,0.0695016430243392,19.57041973117527,496.63165996883066,0.07456367942359068,2.8096497026228384
112.1532309867809,0.0719444839889978,8.465386631204723,237.2798598208588,0.07993703398295546,3.0276160750652763
23.89820722438933,0.06928953852922581,24.783814204177325,594.4791609653485,0.06779525590293445,2.6580160010371254
85.6633738372634,0.07811571977067959,23.43549481327192,162.29390325011775,0.0900592081507956,2.726350451741574
680.3498714671548,0.07832849147809674,0.014317322055832804,2.8798515190106286,0.07064246512416514,3.0065606723170326
4523690.353172324,0.06903515010666135,1.0715392778599373,341.5055502807576,0.3397521506121155,2.798417676500031
0.05791194362173914,0.0733298659308739,28.456479523062967,328.73168645967144,0.06699525681155144,3.6143651735174265
3.4771207631907695,0.07218989587867754,22.21233133050813,759.7038067127501,0.06626613229848771,2.2920616921914445
0.05361665753956651,0.07252166168204233,25.604044037506043,637.6577594687488,0.0689229949204897,3.5262808176752523
14996.941451523435,0.06542355562649069,15.210675075285849,859.5303754850127,0.10540225725155522,2.048570107015583
10832.96387129058,0.06521814878613856,24.704728295676112,16.739512926831708,0.2130224087383087,2.0267016821128276
42.437503868997354,0.0700006337636037,29.380873221190633,716.4565107096269,0.06688918250294773,3.0633052755265835
28.018491110703046,0.06375858221200771,19.526261772244748,156.2205870877612,0.07324848071009074,2.5330829240712616
1.1022853848115646,0.062388335300523734,12.710982393918151,271.5551142938356,0.06891399301972895,2.195299901730604
16.915368788329797,0.06984276162094048,26.03268115502418,204.72895007329748,0.0682851414007597,2.4629324691577557
42.28792268779232,0.0693793080760263,21.032750292563023,114.62412561494585,0.05776978152044651,2.354461842051485
30.40176101817758,0.07027033386021375,25.221855946502373,307.4639301902836,0.07093628095885202,2.576654936449097
50.93950753384881,0.06416429423716778,29.6172332952564,602.7651657256629,0.0558751198695816,2.5571324964718496
11.091940611798849,0.07508967521519516,11.279030638941125,374.2172535071537,0.09427233199639795,3.0495174149325477
2.4000532856183296,0.06959137733017533,22.83770130069308,134.4738239478176,0.06906772723013568,2.9597544549536865
1672031.7504438548,0.06585831559494632,7.916860619561836,200.7006278963841,0.23422553613890118,2.503170652116218
4383.670980615062,0.07021797497340865,13.63145408369985,355.62828871328304,0.10619916026374573,2.0566381999340253
410.09853443778735,0.07845729181141836,7.608256909745722,313.4939278570331,0.05242245054920955,2.1965125690812544
652.3845737875056,0.07138590714435736,14.718844100441935,437.34097135797947,0.09435454746677371,2.3010464952025265
155.36642054614725,0.07556150717411055,12.704507476613019,128.54402243555666,0.07361721673025945,3.0674850751522076
466.6058575085523,0.06575490763027031,3.389243579471593,633.8247851768557,0.05126382412760189,2.6613463168251243
83.66248198556028,0.0776169480307715,8.99490348706414,893.8144718626561,0.09937283056757229,3.0186702854179197
2.558316897617033,0.07339847824761477,25.427888540096205,142.02702203302977,0.07416114580906785,2.7610736247393977
89.4567277481403,0.07347731937895713,9.045687234344513,727.9691185351383,0.07687844990669773,2.867441078115627
4.934789672430691,0.07420635489599206,26.702065216045263,121.69231269986017,0.06602025680124032,2.615703835613025
10.008721582366446,0.06685533003593429,25.086378553015244,658.4532732708876,0.05865818543939266,2.303306799758974
293.05898554248586,0.06948860917346257,13.149655693856797,491.2627602163754,0.0970845458589244,3.0294893744513196
4.363294002899885,0.07188910274039062,10.041166423880519,377.1963478916337,0.08534167942110765,2.7487342605223306
178.3989303033288,0.06529443264176112,17.685490451480128,540.6769483443672,0.07808442841028196,2.390838248545887
425.50346480879045,0.07287114716605642,5.682586120643231,69.61383806587509,0.06397957820737105,3.636675719320746
8.846319052536025,0.06568226300812184,12.02250104558824,799.0341262377758,0.07164079760509487,2.6153493810693718
4.9619892441368165,0.07139305749508283,26.19111203088361,537.651276165342,0.05646546811635461,2.522400456257034
10.712792254719545,0.06809751463791923,25.836603468366057,500.24720373082175,0.06158508394181855,2.4523291048265135
1.245959207243596,0.07042595160361764,25.67524582524,338.116254742387,0.06621141888170129,2.8966477284436536
134.51256987748974,0.06310426608345072,22.442344054996042,802.7186451289818,0.06443765857573244,2.1602347787004295
490012.68496132846,0.06564869471806782,7.628277299122351,107.75196671614378,0.23576389673117046,2.960175399765337
0.7586546950533111,0.07782121871807193,29.797356430580823,616.9322699711832,0.06591534330999002,3.145629570364312
43.09345862977365,0.06782306270785868,27.93110821391616,281.4023517621327,0.06848288440181668,2.9651986559799512
102.9802702753226,0.06084603446079766,29.642993296403453,873.1288909196803,0.058689311901129165,3.4034671675411543
131.3154271161131,0.07735372487094835,27.944514271226822,739.2984423080514,0.07947485682125999,2.82255377230167
34.407407707857516,0.0769337781844663,11.818622090492978,730.0868779015046,0.09764744676019163,3.5777836170199597
105.17814575411442,0.06581691593967828,25.75969055789303,944.7031589090271,0.06876017803550447,2.9088882435322096
234.1469443463307,0.06885151119533417,13.2423850156618,184.57077081539762,0.05093498098868934,3.079066465789695
1026.3588291274848,0.06834420521068461,13.718998524164776,976.2575125247474,0.09325924489164816,2.3935737968784334
131.557979179099,0.06719918323476166,16.829733180249143,23.552972470806026,0.059449548814583336,2.9153091446672814
53.514173328938185,0.06814759470591196,20.848338844993986,452.1960388717756,0.053036591710246134,2.707158308704571
114.59209795437032,0.0720309628296385,15.25462592196461,651.720853259115,0.09065371937261552,3.0740582410504
7.885533238058025,0.06806290518241302,27.170791827553767,864.44462702327,0.05078523275094163,2.902769983547784
24915886.9800591,0.06875950967956168,29.536743597203575,768.4658106001995,0.2966537295734709,2.988377799501054
10850647.681314232,0.06753980347056839,24.300307452193884,530.6852290625077,0.39120429764905407,2.9565752794320774
0.8249123656059449,0.0752835952937929,18.787648762394262,319.5332384223477,0.08037176176169439,2.798417676500031
80.35927182945889,0.07292665033957291,18.383378737167135,430.13287121047176,0.06523315910801891,3.6143651735174265
12.223448611849461,0.07621069695099839,19.37136327975485,492.84127521867333,0.06846447005813089,2.2920616921914445
8.744638006308158,0.06924626343994877,25.604044037506043,637.6577594687488,0.058270593538583104,3.5262808176752523
334.4908640064632,0.06525736434532123,8.923674482885886,217.84935108735596,0.10738409688110218,3.369757459706742
102.19078713334673,0.07434420005124459,20.86966762694675,447.9636870012137,0.07999855376884513,2.3184924758617242
72.11239038254502,0.06973148504467852,21.512515435085554,12.246426768819504,0.06517284252997957,2.47677251162352
0.03119678938018336,0.07173763181285892,26.70374201105429,97.39563071184705,0.0702860314964128,2.974455713062659
94.18740090919164,0.062388335300523734,23.120355700883216,271.5551142938356,0.06521726768541916,2.182115447866906
32.49477402251837,0.07503181131658453,18.977327968502227,204.72895007329748,0.0682851414007597,2.322330999056617
3.680082259074797,0.07180031952991113,29.947825312999854,37.22952170405313,0.06346231130334803,2.7042504289068745
49.140140083770675,0.06761221259396476,25.573084792271807,947.7849905025255,0.06518424438819029,2.585018848587224
14.951088598152236,0.0697429608456862,29.42394988243261,426.36638533545215,0.060750428426817354,2.5571324964718496
204.70903905776248,0.07344399616280402,13.274552101553216,207.15529951178104,0.0600486173561352,2.773345923648229
173.68817599533747,0.06930878902277571,14.5264821897286,122.68024575098241,0.05378256845720178,2.360562945442463
5.090896859425495,0.07218684268708662,20.120918135487308,407.79114266981975,0.07375495779408689,2.503170652116218
17.78922557232299,0.07021797497340865,28.364936717025266,222.19989403770046,0.06548737289782638,2.491192083998503
4.819765150478281,0.07279006402415795,29.92187692564608,111.13565909513892,0.06431955553519986,2.1962072346223556
524.1946367102569,0.07178079983008494,23.23076523292489,949.4920358762108,0.07728248492658854,2.0618670737418907
617496.5013784426,0.07454580426010113,25.94045722382461,148.13652521290288,0.30690310024200806,2.47277756846308
42.84055787325366,0.06790373205898742,23.413157667700062,267.47688168527594,0.0749846100246788,2.9398435617871206
357.6456996505626,0.07454402657759952,8.1974596329129,49.75361659297289,0.0606971969915342,2.3937180793156214
21.760000868878763,0.07274958272917674,16.43230876068125,488.7983795468918,0.07186582786702825,2.727574191904137
18.54032469833922,0.06774925092481233,29.89900663618645,200.23007978083535,0.061048557591200064,2.6663142281050325
5.062263213604355,0.07040842150414932,27.367618391361553,119.69341624054829,0.06668854602133226,2.453473177165767
29.631065383263167,0.06685533003593429,29.370337809531378,205.60398461749685,0.06045554469623465,2.414956109371241
47.58822792185566,0.0764777118232181,25.26806794246579,207.51583435141316,0.055798132514726706,2.254958578415209
178.6288346728329,0.06870899063647157,10.041166423880519,377.1963478916337,0.06304292232139644,2.637915583125432
1.160461162048825,0.07150485704943996,22.3357309012369,208.66248730469448,0.06918578037173892,2.6053542669376375
0.21129662950863926,0.06885824697936384,26.275688180077555,192.052922057121,0.05781774754642652,2.1402830001611126
14.362711013839164,0.07321073360313964,24.76901360933563,554.8634274980261,0.07423148288724321,3.088961797106866
41.92134867602293,0.07607033580411483,17.282957363535377,34.27975158517137,0.08770851765393783,3.0381129499022066
62.7157532541635,0.06612922056146217,28.272777319671768,251.2742755647866,0.06786842745457139,2.975093821535832
8829769.774971366,0.06784258949641452,6.782556880341243,456.4657015876229,0.3147077241143162,2.2608965840226856
36.02557148817991,0.07533905341707502,23.445149185951664,305.218796754079,0.06405551085912359,3.0605598904924993
101.92269315546827,0.06948364060050688,23.9182510034633,202.64672888504214,0.07980852456397064,2.7243915975447157
2.0859301733395013,0.0778555144882489,20.392725162851143,99.27136359396451,0.08573932390836972,3.0204021323806316
15.41766286393869,0.07639125025148275,28.310866868167963,797.1385163868624,0.06802847825964112,2.530652717899722
2.9934541816589695,0.0648678448929985,29.071318728010368,44.01158623422458,0.057631884241546916,2.463957215839298
3.1507834312830028,0.06817999782275375,25.388397716962686,96.38808482732134,0.0558468232010525,2.024571065557873
58.25735088014407,0.06648569040434701,16.233536648088965,45.57408588863365,0.06859167300692487,2.7294323479247513
1.9192770695320684,0.07464540280542978,21.048391797555748,70.87440508328433,0.08016767477263581,2.541105726153915
57.852348515099436,0.06998808290027551,21.533133851388428,267.2203142383779,0.05045092117018454,2.163730935298561
4056.9831363937037,0.067404927821603,14.436649917669351,278.16142259035104,0.11095195073662197,2.3935737968784334
61.6952736165765,0.07056337206785959,26.0293751766113,229.61586339467272,0.07310906348175372,2.4429116804935043
81.5716413561365,0.07308956384462756,15.692791867967134,452.1960388717756,0.0653200316853334,2.6465790103597353
0.807825014248101,0.07041263443076252,29.154529922912126,240.85750798065828,0.056510985520423385,2.252672859952631
0.9484917252600672,0.07038311017233129,27.690454924538244,105.20728481546718,0.061369962565462455,2.6009387946167175
6.120634675783421,0.06612583555779905,29.677640896958486,195.6856046575959,0.054674581289857666,2.502237546067187
16.90317968534727,0.07976164688701187,29.67310516013982,529.6602015343612,0.05975015096300004,2.6787192788121934
4975.069288483219,0.06835023517061682,18.787648762394262,481.83327254774304,0.11074100152848834,2.8047241468514343
24.493567381166116,0.07078386314557848,24.877976542413972,870.0751447491582,0.06699525681155144,2.5171561410510153
0.14469868295514599,0.07473043811752982,26.527342676529326,219.51434788509619,0.0732092675368009,3.308309003487167
0.3745669145221794,0.0724071702808518,25.08935682502532,173.63052127136189,0.06728119522287432,2.5646169453687824
2.4042420581378576,0.0736308586581416,23.62562718810903,385.2613649539549,0.06884948314041475,2.361599934940096
24.686639654384862,0.07396920608872302,26.332157791972083,134.7774312398218,0.059891747503654974,2.704445204391037
0.9276161326480032,0.07154312655071107,21.512515435085554,650.8346643089612,0.06871229360454953,2.8968751802827772
548046.8511417243,0.07173763181285892,0.17113269013342247,156.2205870877612,0.20995782989801912,2.202865674343043
52.12138387207292,0.07383257197004757,12.710982393918151,976.6709925469775,0.06526134210762008,2.0803002766465917
5.881100329662075,0.07287989961655153,26.59089736332166,323.89914201666056,0.060218949980247904,2.674190789059288
52.83083385857802,0.06886770801256732,24.26273798486794,226.35395998804483,0.07667825281717963,2.951889999615641
26.001246865173133,0.06651093239247138,18.18914400637878,947.7849905025255,0.07492691141013827,3.0037548499264637
50.40425958469976,0.06814066042375498,29.6172332952564,219.5195035290763,0.06428510689885744,2.4085171878253857
193.9195868105238,0.07112466824710528,13.274552101553216,20.266608168129096,0.06602270547761355,2.2912174040914275
4.520125194489612,0.074019967688061,28.379255842520386,172.54011904115794,0.061247924323451636,2.5881690183617665
0.02581657942361981,0.07218684268708662,25.516486898627733,261.23570074828996,0.06455982169584648,2.427740545195753
35.865844680856696,0.0732626371373105,23.186079626065958,402.941080129855,0.07561239421846286,2.5444138484743064
7.448311736310944,0.07013966414377902,28.40835270861056,563.9875398462011,0.06039629356147874,2.5880067486475413
14.622427799191055,0.06897698711469716,23.73795278540507,493.6069985415337,0.06484535565723762,2.3010464952025265
81.4706738673244,0.07454580426010113,25.94045722382461,771.2069690357507,0.08160796773130977,3.6135299407726595
2.358428794260208,0.06456606294745172,29.272059744280142,76.92360319668381,0.05345604299957804,2.478830363125361
64.5683000525869,0.07528565761890364,19.078939629147733,208.5684268574065,0.06113720931873656,2.0921739087107474
2.967850005816076,0.07316750294638114,19.236683687819742,181.57251269119456,0.07416114580906785,2.456707406256995
13.294075517921708,0.06774925092481233,21.80856576062275,468.45227157640835,0.05893111606862428,2.872299439256668
11.437644111075398,0.0747257019408591,27.000795846894,518.1814001695733,0.07438888207889208,3.391933465116043
7.728938334387953,0.06982161587913298,23.629931107227883,783.3207392992562,0.06133829542606142,3.312723052358489
11.86809405280482,0.06847734058181522,24.85955246266694,128.717824802415,0.05466062570489111,2.254958578415209
86.00813056194794,0.07304544857029865,21.307044265997,377.1963478916337,0.05624270261428263,3.0939204199000025
26.556250559163296,0.07150485704943996,26.791299534782652,40.82870389413205,0.05752142468413138,2.3678907800487563
0.08961563385321034,0.07075020281961628,24.882353066462436,114.7028201440312,0.06717495030375079,2.474942550065076
7.758450568598972,0.07611667185784832,19.91166127358027,230.5147779303412,0.08073516058255761,2.469924417562168
11.496515665539516,0.0667624694571125,28.45434307069174,261.77302150790626,0.05680546166864375,2.3360884959894275
17.36490980547542,0.07125503953233538,25.836603468366057,107.78279010951633,0.05645300614367363,2.276335368152393
3.0574114704870454,0.07222725077380962,25.01423680216722,331.88406188222774,0.06475614102752222,2.8966477284436536
218911.2847234357,0.06735915490372747,23.445149185951664,557.5371746620808,0.13232243683148787,2.2233064258247075
0.5228366392606154,0.06948364060050688,27.997328447593283,125.43325193972379,0.05978777033299815,2.7168520262609253
79.9261905426894,0.07114765873298513,23.35363027834808,553.5620567677462,0.07021122012626851,2.1326108033393654
708.4634511574676,0.07247077824823452,26.847343501867684,342.438481464991,0.09381309369908725,3.2214255426220717
17.83256572396046,0.06841951025777822,23.090168945648447,44.01158623422458,0.060239248687542074,2.108560661394451
8.382751261580214,0.06501814825872959,17.84122819426756,608.9338598380365,0.05846403566895056,2.237665286619066
50.11920457660975,0.06760495353339999,16.47603286066516,587.828758012164,0.05882315857799772,2.441846961112159
0.042408475288822495,0.06910877629424261,29.6349011762632,131.9185238980143,0.05538490804885515,2.4164316758193234
26.522086633259924,0.07079688628232303,28.16155416629128,38.24229024385386,0.05590469213350929,3.2133694244159647
1.6441004554782164,0.07329277050953271,19.545999478684607,39.65585995416285,0.09325924489164816,2.9777559512807352
57.52363964668777,0.0782144402094461,27.463761132493065,57.241707229903795,0.05993846157040983,2.5463875280357464
111.24933567463711,0.06997490316595292,15.692791867967134,536.7526913300823,0.059595084665098025,3.0353015731104978
2.889263977287067,0.07495410744433552,29.154529922912126,16.19882044662944,0.08152102732661767,2.8711531972474407
0.16467770698691092,0.0715120350465217,15.298271013106596,225.92201447167514,0.0837905978143744,3.0236608959589857
0.1381423552255281,0.07525240138370501,26.518003126206974,245.25744176204128,0.06662155912312262,2.315264915897437
8.019019043744288,0.06803308809674781,28.69380253407012,277.5352669426228,0.05975954702615599,2.6750999868761784
64.40503672910846,0.07408097683414815,18.787648762394262,412.4576051802488,0.06429619656387162,2.826752304206922
1.2105112984329582,0.0733298659308739,29.093534512712246,144.36437040807527,0.06732962380253399,2.7367919174761113
341.5491521474356,0.07347409815997051,4.850862008527169,219.51434788509619,0.0732092675368009,3.308309003487167
49.700975906066965,0.07536306603361038,25.604044037506043,81.33254934166467,0.08994919850231181,3.1639409906418905
14.41185447984396,0.072623217795919,26.138635455065838,385.2613649539549,0.06461002792514556,2.1070514959712234
111.93347565952863,0.07396920608872302,23.983949971601312,523.2571188765115,0.07999855376884513,2.704445204391037
0.03200196536295795,0.07267875907237183,27.654226108934992,59.21286431608513,0.06688918250294773,2.1531271635401152
0.3742805569431928,0.06941638223206976,22.289533612516234,156.2205870877612,0.06993801545610384,2.5330829240712616
55.55727692040195,0.0737617781094411,12.710982393918151,798.1740513259581,0.06882353486311649,2.3333312274489018
3.838118893084551,0.06489980173065617,18.192040224798195,62.13509652894726,0.06933526937667991,2.300520565284873
100.38852209369679,0.07600508597889173,19.068519788948727,496.06934976977254,0.08547107840614765,2.560027960678256
9.97639959122699,0.06901173419045285,20.206645423238584,221.1251476010181,0.07357025958162472,2.4468914343188173
4139034.4310336905,0.06836694045366275,8.675618983648423,556.7691967449956,0.18044119357407185,3.796146438945012
7.048863299086658,0.07705462223138432,28.564470534026707,409.86260457557654,0.06734759009986066,3.8324181814828933
23.91158061662415,0.07062757538368167,21.520717221759945,279.7929811348865,0.061247924323451636,2.640356392593576
15.135672689579808,0.06867398999878035,25.516486898627733,358.8502601750673,0.06455982169584648,2.427740545195753
81.73690792935767,0.07564567649923339,13.63145408369985,219.57089687119316,0.07347672773854708,2.5444138484743064
60.99890965676275,0.07855836652471825,22.604664678587177,442.78637264318775,0.07829998614632291,2.1965125690812544
44.19457595911632,0.0719443710970009,13.309575815376384,92.34545520982482,0.07407159079095554,2.083512035398603
103779.37115547422,0.06680476317569532,25.94045722382461,47.95654115185903,0.29746812985385945,2.330999551159606
14.49780705492179,0.06790373205898742,19.244837698618,400.32785365649625,0.07115999019227173,2.3819410351241865
27917611.6598384,0.06978789849487432,10.526137979326048,893.8144718626561,0.35455056489580156,2.1484382111967646
81.87361908592914,0.07339847824761477,11.831095127593294,807.4147744302553,0.07172873843545449,2.7610736247393977
44.07304492785151,0.06774925092481233,28.638183290279784,530.6319690925429,0.06401347859846643,2.7579160647324197
323.84217666132963,0.07212348566363444,4.785122364137479,378.3190190316227,0.06602025680124032,2.4833635394430393
16.857948025601303,0.06685533003593429,29.45240526363953,658.4532732708876,0.06133829542606142,3.75169673779119
380.7470364146734,0.0785210640605909,17.302955154079097,543.3693636250518,0.0912913452882389,2.254958578415209
14.384138808653667,0.06882298467142879,15.893363588794806,935.3285317656995,0.0642683408726546,2.334533593003032
2.1356237224702674,0.07115761675408099,24.886738507984198,466.28907050645967,0.05598484143083654,2.078955730928727
187.56041744436408,0.07662262622150084,24.882353066462436,516.6718330552964,0.07899203342391875,2.2295032742653627
28.046351438113824,0.07321073360313964,24.98087858537694,554.8634274980261,0.058968347726587544,3.3001082011109033
17.390003721284813,0.0799904680756648,20.66719849822538,265.288130712636,0.08461032020552586,2.522400456257034
3829956.364088746,0.06612922056146217,16.912656088051918,285.0626148362684,0.26260137819222135,2.856493470526481
77.36446871875125,0.07848924967827058,12.209860156115395,237.031720284468,0.08130080146735269,2.8966477284436536
0.023378479125930024,0.07276555779309042,26.99865276419547,168.4463568500828,0.06103514633911747,2.038973868750513
499.3130646738929,0.06948364060050688,27.997328447593283,125.43325193972379,0.08675395953815171,2.402374063437029
44.96084781105042,0.0778555144882489,22.708527966264928,528.5238702754319,0.05687945245981341,2.0497543055265948
2.0227463861870056,0.07658055833650197,20.269301995803183,593.5184508117773,0.06703742914257702,2.084333109083469
75.13998470950608,0.0648678448929985,13.573644870101372,283.71159567031066,0.08488090007370719,2.6323168079842825
4.292151213966841,0.06787786503946792,25.970856231321484,681.6794456166879,0.050633721873430126,2.351402094558602
60522.664976245534,0.07130172015588447,27.70053036948633,45.57408588863365,0.22094464617673495,3.893606363364842
15.716094161694954,0.06816856064715524,22.242401647770265,349.95969059823733,0.05538490804885515,2.3653315101086676
0.5472345672319441,0.07994072314383138,27.84218284358495,191.3880210098655,0.07249766606569122,2.35890561513864
1.1379276098605189,0.06843553381519324,23.017576784235395,149.77670483247465,0.059696788023406305,2.0153922102057353
4.8360083977809625,0.07859925074539316,25.1621134995309,261.6734261786635,0.08209746629577669,3.394687382160715
161.0477353899201,0.0676940769240759,15.692791867967134,452.1960388717756,0.05330708049183225,3.818800413659762
24.67854997106236,0.06940505705840525,20.258643766874282,982.7433357425982,0.056510985520423385,2.4270992395484896
25780180.493449003,0.0715120350465217,23.776030403622393,868.27131891836,0.29079050682343693,2.2768949908853413
42.01433840994079,0.07525240138370501,26.518003126206974,46.87275079852009,0.06635773497508429,3.8143026172413927
77.67648872045469,0.07976164688701187,26.374210846149268,277.5352669426228,0.05641966673589782,2.9565752794320774
42.2573741776873,0.07899399179941022,18.787648762394262,118.79592663938587,0.08037176176169439,3.1555562147710283
572.1993199398868,0.0791158807382967,3.2175873975208464,682.6299800744187,0.05400215546214704,3.6143651735174265
611.9623764384869,0.0795489900408224,26.527342676529326,950.7088621075479,0.08743094273106458,2.5130014778171863
14.96780014084229,0.07422469813046934,25.604044037506043,326.53736927792306,0.06295934107983106,3.02987246111686
114.91679075089351,0.07512092108032511,24.19245555809684,687.1623865361471,0.07619370459345881,2.3512737468068607
7.417382832645054,0.06723412930095021,27.985315092859782,16.739512926831708,0.0607315194018033,2.8641099321790557
107.54650847284275,0.07435523462579748,28.531550328346082,1.1395749352312237,0.06583841939671045,2.4265934907893887
8.722437109173466,0.07972764612434582,29.805153579057514,168.4463568500828,0.06328077398246015,2.306518317691759
87.18116481147581,0.07002722795486384,12.710982393918151,271.5551142938356,0.06427863149202814,2.1787185323727165
14.8875085737248,0.07152275321227917,19.90994199523164,243.24754192519003,0.0682851414007597,2.674190789059288
455.19563723109627,0.06177496100075207,3.3514216417301874,46.921876899920846,0.05107930840152855,2.2942295280091924
121.04288077010807,0.07753250951363111,19.045968863770277,252.88622209887103,0.0572041263055984,2.216636926862932
37.841189430481904,0.07043757086291307,22.433615561964242,510.1126021991423,0.05409172867026718,2.5571324964718496
111.70820054300287,0.07201155443552104,25.990686568524843,183.68659329827972,0.07770829539801555,2.3310946886593644
95.29245504510263,0.06611515845660673,29.118874240069374,288.48235095598955,0.061247924323451636,2.100264333791157
12.849572821724323,0.07430778535794548,25.516486898627733,905.8518678650166,0.05675108566861556,2.427740545195753
94.38315002357734,0.06694167693738838,25.38241405032771,211.63496632540068,0.07347672773854708,2.6169725814822957
560.364261544987,0.07303068937211021,2.3824115889545965,29.96810844645961,0.053875861786860824,2.1745124007410066
12.286691272408188,0.07265282736944555,14.718844100441935,584.1034230121727,0.07673458110631573,2.914219274694642
88.3467201244474,0.07871776090666419,25.94045722382461,938.7349054103033,0.054404816847880066,3.6135299407726595
7117328.6505174395,0.07453654262209658,12.728909328331866,564.7548499900137,0.3993735101993354,2.0384424926675604
0.17363141587395176,0.07562791084012813,29.757821385221874,81.33691722877654,0.07353070987132526,3.5414337956846094
3.230861823572543,0.07030772121483927,28.744168108975842,494.9210174092289,0.05124138935805422,2.398217336079307
0.2777389850763746,0.07962180941083341,14.620674755513416,366.51621720882554,0.08388998615431847,2.3950998409642517
305.44225928246726,0.07610117037730575,5.36049758745305,281.6082832562214,0.06683438512499593,2.1812745130604956
110.23459487566561,0.06910570142322496,14.1411516663776,658.4532732708876,0.06133829542606142,2.909803334339811
56.80983766005767,0.06912981788504381,20.416189668574944,598.1336020389999,0.05046104000548263,2.269038596563586
9.21525977019343,0.07641390928314037,27.535102407464493,26.59988735873378,0.09398770250033534,3.184946234388785
17.311595074836397,0.07162901418903636,16.608813765103466,397.9889332218237,0.07743958512626462,2.2981138795566594
19.263237869865762,0.07136043306211819,27.54316114637262,620.7639856017952,0.06717495030375079,2.834288502643384
3.5057040520588187,0.07526303947976884,19.29531720896541,187.29133070858904,0.07482267207329796,2.3497243532042056
6.555884027835507,0.07685159201249753,28.45434307069174,536.7646052644664,0.05680546166864375,2.200026954991014
345073.3263739673,0.06612922056146217,24.10666231060067,107.78279010951633,0.19819232544005644,2.803144724353812
0.757340596822105,0.07689993937080317,21.410168672904536,244.44926409353985,0.08130080146735269,3.383298091440698
0.047898314458338705,0.06772494781346275,28.921875178033233,442.53729215809545,0.05518571628101088,3.098588008269436
119.51119296182858,0.07201155443552104,25.990686568524843,1.178000285326334,0.05978777033299815,2.3310946886593644
17716651.47819714,0.0639373382531776,12.366445458046094,553.5620567677462,0.2802915862471104,3.341351213860242
32.55381773833186,0.07442834785195164,19.939326740405825,58.661266316332274,0.09381309369908725,2.553879981757766
201.42160668237528,0.0648678448929985,28.40290359568544,236.45781931108712,0.0722689581304699,2.772873341030273
259.12912557660434,0.07673763079926411,13.35983145658574,512.4780435742003,0.05429879993686987,2.6743137259900434
4.024911139990352,0.06648569040434701,25.408528540112236,45.57408588863365,0.0595559722240005,2.44115744923685
11.013426522932686,0.07079989653026655,29.6349011762632,40.0417590733897,0.05538490804885515,2.4164316758193234
1.1256231840524813,0.07204689872353508,23.63963426415806,191.3880210098655,0.06274930025221406,2.0449333148572553
12.91475421917897,0.06843553381519324,27.41774394017466,123.03645585742964,0.05020985975440856,2.496615640351622
11.415931237447953,0.07232280899443176,9.375036108387594,251.12120560155847,0.08590393233351015,2.6084626090387237
1282512.2136892416,0.06159495524713619,25.653781521533087,144.9588476294984,0.3599225136409937,2.4586213137124187
112.07673218083835,0.07041263443076252,29.154529922912126,118.92986127415969,0.07683661825248961,2.545987505528874
7.069516849222143,0.07988341100909771,26.4959770578605,330.62832940569825,0.0837905978143744,3.9278327197864407
35.758649180598454,0.07960564398269583,26.518003126206974,215.62866706324058,0.06886293628958357,3.826447107526538
10.988406238399245,0.07976164688701187,22.93856024104158,277.5352669426228,0.0692457687393038,2.240273045467373
3674.7547130939283,0.07042059230217944,18.787648762394262,329.78733655099234,0.11890945528764046,3.7411093911659186
66.4458612608332,0.06982801410795374,28.456479523062967,444.9909041918664,0.06528520924169648,2.2886130098279223
15.475439480695965,0.07473043811752982,29.824916321774666,210.59498243350436,0.0500363125851675,2.0065599487110957
0.5443768773856194,0.07901339774235129,25.604044037506043,108.4831782306158,0.07985362555581571,2.6033317370969504
7.57964484628364,0.07006413496971105,29.126772666832906,734.0674686016107,0.05291206110204155,3.42369499777358
182.77694002656148,0.07844012890697691,13.732748232139233,355.1443547095278,0.06241442412905199,2.3595622549506863
0.2886690834334762,0.07001191061764428,14.393021106990618,116.60790853361391,0.08752243733559795,2.986540050651895
12.55223544782195,0.07734574273818373,26.99865276419547,360.8778693230273,0.07003634698445155,2.2355032703747684
127.79472144773908,0.0787875755668818,12.710982393918151,271.5551142938356,0.06904469772608349,2.195299901730604
11.378763087997527,0.06870336624087868,23.398889137989265,259.1449166065247,0.06565915469848924,2.1834009395613565
5.4855816224282865,0.07541517490799153,29.947825312999854,258.82553127864196,0.06409687665936753,2.2172421626712193
2.0491518759145566,0.07699567810754573,26.70196867704638,127.25622837625792,0.06814066864094279,2.2447906768616597
19.588365525983,0.07206998738523059,29.6172332952564,132.96174553851927,0.052656195408465556,3.3026179347734006
177.16475524802135,0.0770199286316929,24.206639023291388,183.68659329827972,0.09427233199639795,3.181064590333634
12.787979934605572,0.07481715853660334,23.54067796148208,359.7373405643958,0.061247924323451636,2.212747083090084
33.33528831427361,0.07656573832047173,25.516486898627733,110.31421892536252,0.06286974834315603,2.474534919692151
0.816451633695806,0.07150597951014193,26.431946136356398,223.84646027540867,0.061718333560921795,2.1615868596262313
43.33243443978382,0.07434534840905263,27.827027085197198,280.9556925486836,0.05464607869952631,3.6716118738934873
97.82255441650202,0.0680318462800495,14.718844100441935,437.34097135797947,0.05561789012581167,2.233877445386506
9.374634395004268,0.07454580426010113,25.31171643673257,302.1213067786134,0.06464772915304337,2.810849396505354
437.796818169009,0.06790373205898742,2.236722560811108,247.8990040475363,0.056229923824694106,2.07353367849814
0.3824506643788774,0.07433083056477856,29.757821385221874,81.33691722877654,0.06635782537171747,2.5808563610974953
344.7114415233653,0.07208901079649309,1.8726553180566903,142.02702203302977,0.07416114580906785,2.42754877955978
139.79485589259195,0.07628472260965873,12.689818174662925,470.41439525496696,0.06597356935888934,2.3950998409642517
82.07393517446687,0.07045246770041441,18.74736619042638,153.10195697490235,0.05605579404468572,2.2923011775166557
22.201469553637242,0.07604768760931968,27.688827416246305,312.63194777776494,0.06193369304052054,3.5074599322862254
8.248989576808885,0.07195484671945343,25.26806794246579,354.22774750887277,0.05465399074235869,2.0681784220668624
0.12236500081947688,0.07262673049708958,19.979976371049233,211.33908465028526,0.07266274451656698,2.340864779779571
11.308721955747307,0.07150485704943996,16.608813765103466,224.49548301418298,0.07808442841028196,2.1849911700288738
7.078899842536993,0.07039867518615331,24.882353066462436,43.34096458829049,0.06717495030375079,2.474942550065076
0.04892462572150946,0.06691749563439545,20.337055472623693,295.7918252333038,0.06592255276665152,2.482068615919709
3.4964116214755547,0.07106592449923355,28.45434307069174,364.21320123126634,0.053989826634788046,2.4868848622839708
0.03601981083992094,0.07135295943686752,24.835703441621447,339.472479636971,0.06575821624345154,2.7468769469171814
21.08008054043565,0.0685043451065836,23.43168999607366,244.44926409353985,0.05780713869264539,3.0308387984729466
1.9150671481608859,0.07173763181285892,27.649786827146848,290.06607950296734,0.06489554889629179,2.739635546127208
0.44394535440219524,0.07540495386249897,18.55314259145622,177.82486369159545,0.08148858051902552,2.741791419016451
13.886847199395286,0.06833952691329585,22.85085424947497,210.56269923458,0.07113809284899555,2.572036549758632
19.02447284400605,0.06646723585882024,25.46039678020385,98.47402713174392,0.05045293108891688,2.9207582799180356
192.72533673750564,0.07747275636515003,17.738090570235315,41.9817594071157,0.060787435992196465,2.6323168079842825
60.10084903835552,0.07781520884238387,28.05920107056017,123.34139759324887,0.050633721873430126,2.1341566036039827
14.493085315227331,0.06648569040434701,25.408528540112236,216.59155253385563,0.06177261202751072,2.2353634022786655
0.029145305909254224,0.06910877629424261,29.19598923315435,131.9185238980143,0.05538490804885515,2.2804661237700996
12.829760518478912,0.07079688628232303,24.863474415745788,191.3880210098655,0.0659119059838491,2.0203479702715526
45.24360743175501,0.074666385750228,23.017576784235395,304.4799519974976,0.059696788023406305,2.656739798408043
0.053818282733303524,0.07438329775076727,25.464978552338238,183.40131287472371,0.06688778586725333,2.194428700305031
160.37764701470914,0.07931462878745693,15.692791867967134,348.4028498510477,0.058207830402909916,2.039720117608476
0.29932054168650585,0.07609882289398769,20.32941939861325,141.1733569384437,0.0786527115284455,2.43575154091812
1.4315037548783112,0.0705686687866388,27.94741993441834,213.1878231733619,0.05395566846873895,2.117335468570003
15.0135333343039,0.06851157995604168,26.98673904534219,109.09133800972734,0.052047443237881186,2.6430476988289024
258.8680069665769,0.07976164688701187,20.239728497884986,1.5918058891078886,0.07024550407604943,2.0506941313776306
429.72993132146223,0.0752835952937929,7.956464887372061,362.8251405435794,0.0534509115688494,3.825466230976202
4.157845926430464,0.06837272528710997,25.071595944657442,328.73168645967144,0.061204849339528244,2.2932371091975146
0.8073631119308462,0.07473043811752982,26.527342676529326,512.0182439498473,0.06323113143367956,2.2542179527926365
56.829755924990934,0.06713352673869988,27.372688570100134,637.6577594687488,0.05927950266739815,2.101837344355189
58.368701171590445,0.072623217795919,20.449685067721262,115.26848406316537,0.06729562165542896,3.4797309520693864
0.1724501293454438,0.07594052925350195,22.66250780081112,116.58080492988665,0.07999855376884513,2.704445204391037
12.063311638606644,0.07267875907237183,26.227990765683273,59.21286431608513,0.061836520976007836,2.157251081371891
80.5006695814846,0.07276555779309042,18.107414937315227,413.6322435871591,0.06096079283642039,2.7203929632600232
103.8673208372657,0.062388335300523734,28.246969068438624,271.5551142938356,0.059874984902947986,2.299372175684406
9.33329613375049,0.07519280068635714,23.961444956996814,236.4252850993247,0.07409394953768547,2.358911759346885
28.42925413537844,0.0720813832176475,12.837667122449476,100.14299159825617,0.08361105422287857,2.791318271368725
0.11819102069366895,0.07581037030786268,20.231576739845895,186.3834157954276,0.07481159401920878,2.212255142864622
0.9218227316698688,0.07532113784506628,23.943727506840446,275.81259115377134,0.06865266438530485,2.1612491953765685
16.118604690474076,0.07496102356815786,14.835786873394095,272.87502107890384,0.08263905950079845,3.181064590333634
0.9022325160846862,0.07434859354323756,13.59648623721459,359.7373405643958,0.08170027561578683,2.37592602495791
7.26664045940222,0.07358537566438132,25.516486898627733,202.91669096979143,0.05914266189469791,2.087245205707393
68.7784486046944,0.07866335520137845,19.396119275183683,223.84646027540867,0.08572530302319456,2.1615868596262313
1.4963777598011312,0.07480842580992839,27.080454070149706,533.891907483615,0.06314735222395745,2.7149129403546786
7.366912658883168,0.07037664990077744,27.801482447911567,437.34097135797947,0.05674318264905062,2.0117067659017787
15.546192982679699,0.07454580426010113,24.084652038836136,110.5463291341685,0.07361721673025945,3.861992269675123
10.460790926614315,0.0714558928324862,15.185984036165372,199.29781877563147,0.08330907255123218,2.4226890679669513
606363.1369450032,0.06616847937391096,24.54991992515596,125.4656577344985,0.38957553580811943,2.0114515432655073
8215.093519372265,0.07717172242734618,25.427888540096205,476.25270506115066,0.10619236512413174,2.059241838086895
132.10114787539746,0.07962180941083341,14.620674755513416,31.52311718962551,0.08388998615431847,2.7326995352925216
64.71604815660478,0.06450304054623993,20.21742352994498,640.3912507646207,0.07114016324594916,2.6140321910729822
72.58720881187182,0.07469522330397557,15.99545695751585,138.70018401183023,0.07852286118879384,3.886142546177459
19.252896076453318,0.06847734058181522,25.26806794246579,309.2593194357006,0.05466062570489111,3.089785554660181
15.534854033407568,0.06414372771237359,28.44311764376993,211.33908465028526,0.05444935832135564,2.340864779779571
344.8867690719795,0.0626484026734726,22.148004956176568,397.9889332218237,0.07411430698487953,2.2810516764724986
1389.9876194651201,0.0694246673660488,24.11126098791005,484.1931240429177,0.09700986723829633,3.0704303248518565
11.842956184026821,0.0748241830611947,24.98087858537694,554.8634274980261,0.06971899502810469,2.4018093457871856
53.18045142939876,0.07487610838317955,24.702681543475485,147.3195075468244,0.05680546166864375,2.522400456257034
12.56678753378229,0.07135295943686752,20.651936551157913,247.89078405238774,0.07652224860620438,2.5677058466798313
90.11024623435088,0.07848924967827058,21.410168672904536,189.14387663767263,0.06413926270966475,2.8966477284436536
0.40225760462024424,0.07475022161315109,27.895950266610384,254.19169645317518,0.06323373628488421,2.4216352387619917
75.07389088781775,0.07540495386249897,23.356206589002625,169.15511657400043,0.05730600138588782,2.741791419016451
41.20430753516552,0.0752815113682779,23.35363027834808,38.8674883131784,0.07113809284899555,2.695447377372705
279.03604253017943,0.0700705700949901,9.461815056612277,465.16948650325065,0.05266308657011737,2.3455648710722183
49.293306116470646,0.07350081999467233,17.45647632987394,44.01158623422458,0.07864878030014236,2.7336270959314257
83.51221704705401,0.07392838987166134,25.396977227243255,77.76811402855981,0.050633721873430126,3.420993534228156
1.9794953146428615,0.07912804196426407,25.408528540112236,161.30338413535873,0.07677339684887949,2.3879793101951723
3.6349079365274886,0.06910877629424261,26.36073413302791,917.3911338246219,0.05840757297852975,2.463178832791555
26.841996232585657,0.07079688628232303,20.040619284805718,78.27295364125041,0.07249766606569122,3.2133694244159647
4.269259108282913,0.07662678283120133,23.017576784235395,715.3955804519424,0.06135067490558932,2.0153922102057353
4.352497268233113,0.07438329775076727,29.999450188368556,280.23125595879895,0.05273255707163396,2.049198244680129
7.593255015626482,0.073077326401589,29.688528113867708,32.35051967758659,0.0667715033810741,3.0570067275682176
3.0308958611838226,0.07091093158048699,27.857941450572003,141.1733569384437,0.0678250636011902,2.8832243700554034
215.60724505991436,0.0715120350465217,22.947163156404216,395.3178100934674,0.0837905978143744,2.7327379948231143
109.9703280761768,0.06972074527831815,13.983177259735038,245.25744176204128,0.06662155912312262,3.140126705768487
317.02168557226787,0.06757389221937726,25.953133603916246,394.06683837201064,0.08583450620889982,3.944915676491502
79.12455845984945,0.06456370763720438,15.321091504206922,319.5332384223477,0.06189277448781666,3.879247711641426
0.3788029805819612,0.07426135963286976,18.26589660886015,391.3922574890955,0.07859532976753,2.7700638560570296
11.66903880370278,0.07632587162815,28.435479487279316,587.7279461870335,0.0732092675368009,3.249058399751276
111.64257949568551,0.06653449771040311,27.293450567525504,196.00741914414772,0.0689229949204897,2.2978165809700846
13.716379032364976,0.06463029791875693,16.366818459450077,385.2613649539549,0.06465021890677514,2.675950346426484
276.7283521557199,0.07594052925350195,4.371985793680643,116.58080492988665,0.07999855376884513,2.704445204391037
565.2243560267199,0.07618278430224061,2.7274283673158912,48.40385510744176,0.05251682294501492,2.1531271635401152
2.8378369787578492,0.07161911359541931,24.552947852152542,248.96797460721365,0.0644518562635297,2.684877563481813
607.2797910240313,0.062388335300523734,21.314712019570813,935.8734802662073,0.07928249385360595,2.638766776134485
9.568577327976854,0.07303353915191067,23.625789091766897,138.0491449282838,0.0682851414007597,2.7655638463525634
12.346634173914866,0.0745016804896105,19.98152804628419,165.9650595251856,0.07310606387655127,2.560027960678256
7.42739380630999,0.06901173419045285,25.42470438895589,947.7849905025255,0.06518424438819029,3.048717482128073
12.048403456810487,0.07532113784506628,23.943727506840446,80.32203364786074,0.06865266438530485,2.207543419615197
52.764483155171725,0.07461430542319838,20.925013832774,6.799746105023132,0.09427233199639795,2.5072703000207412
44.49913327895183,0.07481715853660334,20.56197373650965,171.04002825476147,0.06087594392213952,2.018230046462092
22.513513372047925,0.07031416229881086,18.42871773799558,400.12716750009,0.06455982169584648,2.4988115757163705
0.3867553780364763,0.07748021513524743,24.883384573758743,247.48839338992633,0.06964066961854021,2.2958782979109156
915.9719545654185,0.06570997229369144,26.777320039233096,563.9875398462011,0.08609525169081025,3.105561951185598
52.144615707464574,0.06945329928284731,28.981935482434825,58.53473347866179,0.07407159079095554,2.3010464952025265
275.0766314070857,0.06859628997436173,25.94045722382461,312.336981030898,0.07361721673025945,2.0960619881069773
79.3792245999717,0.06861269564877404,24.866179469321814,110.27912183765397,0.08330907255123218,3.33994012759755
253.2875830753676,0.07897415578103639,12.354223498810999,81.33691722877654,0.06434609285534135,2.354898871073667
1.2933659625667944,0.07339847824761477,26.24158365316289,215.16327844264163,0.06427776541166963,2.488826382682679
32.024809064283154,0.0707181066977705,25.182122875373622,58.399205448869225,0.05759333548419743,2.555822287149777
0.025001646705266816,0.07437730773683263,29.860692071578306,185.00496034960247,0.06602025680124032,3.029391254960589
0.5392694121939285,0.07063326434606647,29.648258822912716,119.73047526760195,0.059059688864021964,2.7416628119987934
3.800933295993775,0.07308963873912065,25.37003909118408,470.3986010385014,0.06275907909754752,2.7309988118514643
4.109635297740638,0.07205041213077935,20.269744753286734,374.83005109369947,0.06785533353765377,2.4550293129641045
113.56444981404769,0.07150485704943996,16.608813765103466,440.9135055462144,0.05858085509353597,2.8360766007719813
3.570590797509465,0.07303139920074263,20.72031225699558,114.7028201440312,0.07416376695234234,2.474942550065076
49.57710916859541,0.07668382368058685,20.83697977344404,137.25729964747853,0.07251209009125545,3.2890768356674176
8.028339914905514,0.06943278324929518,23.20284903483182,456.8729041257411,0.05818287732248806,2.523914077610497
16.456555086029415,0.07087525457938,24.835703441621447,130.3812072616277,0.0588295768184168,2.4858328052168677
418232.6103233438,0.06823614724770691,21.410168672904536,104.30905816430436,0.2523831633337074,2.0588587122808417
14569.954658282837,0.07173763181285892,20.58688851622319,187.62207544089068,0.13090348829687082,2.7338486288017774
5.194414693275717,0.07078809674055538,27.48608711848064,177.82486369159545,0.05489210452324461,2.263936589944457
0.02739318313176856,0.07336186451177892,29.203427640039997,150.0737925768155,0.06209667884738729,2.3682880841241065
204.11959080113266,0.07622214494412366,15.983553771989799,156.43042586195878,0.05965536986259681,3.2214255426220717
3.2819074383369733,0.07532360451025154,29.85060630002903,89.59606093606709,0.06379773400524791,2.4729840510389227
1.232917293356791,0.07784807793161111,25.00234701865066,479.65927856478754,0.06775447205015248,2.4390746231591702
8.475935016027853,0.0721834984168499,25.057561606358128,213.93070903250367,0.07677339684887949,3.4094989030691885
31.789611640651394,0.07339177428439812,27.178313538057214,175.8943431752973,0.05868337413870617,3.5837619546947233
25.980823644492574,0.07599030080515592,26.612964374036366,160.07144392401375,0.06413041858654209,3.2133694244159647
12.000443073648292,0.06934081962127717,28.624402589930728,149.77670483247465,0.05017647745341161,2.858244792316901
0.10085597818236633,0.07464731450654105,25.464978552338238,303.1151099911882,0.06841719456263493,2.65054167587846
11.887787532467458,0.07176559439180796,29.626536636218496,178.93423030356257,0.05385260690026847,2.895694328500613
171.67390935307014,0.07720147004700914,20.32941939861325,141.1733569384437,0.05479438636098677,3.442683816693104
4.849715799878604,0.07301379105663008,8.437981895641734,277.32703532137043,0.0837905978143744,2.17089942068057
82.62320008211726,0.07453824352711766,27.033891018449154,806.4048846438375,0.07058685283347205,2.315264915897437
80.16471852300158,0.06766564480418978,18.342175864822302,98.04074441696264,0.052350481136787586,2.0295847125276962
86.0846889107467,0.0721393413017827,26.81899199033373,160.99837052486845,0.08037176176169439,2.798417676500031
24.20186102406319,0.07771043663224461,28.456479523062967,149.27305626948572,0.06457191461861561,3.340687791999586
6.193067804649292,0.0731847679584938,26.527342676529326,90.05605095260967,0.06918446332534611,3.308309003487167
4.797345180010046,0.07252166168204233,25.604044037506043,637.6577594687488,0.060544735995498006,2.776135790315349
0.1925985951413922,0.0702762728591338,25.42296688858345,419.62299532091095,0.05541450533744799,2.0191583007807594
2.394336017718523,0.07594052925350195,27.619695681839705,381.7496375876604,0.06190865552638658,2.41356483158841
76.64664443308472,0.07480218015624487,21.56998402107215,33.74388551290838,0.06879231922854367,2.857144737908782
67.92414896452757,0.06977236700871368,26.99865276419547,979.9805682119211,0.06537777724912508,2.3952089722840824
90914.08470895252,0.07673447497577783,25.136639946467504,64.62052948518988,0.34614716863283407,2.195299901730604
8.93328293501694,0.06870336624087868,27.76890245231064,218.9512037356207,0.0502534418046352,2.4824472034167693
32.409654998025,0.06886770801256732,10.589776923974803,442.56383356828354,0.08739726398270634,2.560027960678256
216.06490461474357,0.06410075349219005,25.795862731445283,947.7849905025255,0.06518424438819029,2.2768677389133614
33.442232973211176,0.07332620323503188,20.370640054084696,275.81259115377134,0.06865266438530485,3.1859091660914456
254.13610823203393,0.07364115150995217,13.274552101553216,47.65034558755008,0.06094581840939711,3.181064590333634
331.5311938367879,0.07120582149797917,6.398542745471497,88.12401949062263,0.061247924323451636,2.1504169170957805
320.7671670415777,0.07369207274574335,9.69432317321911,261.23570074828996,0.05178587339546781,2.1989514547770255
14.167062691405128,0.06815830134726637,21.998443692712815,247.48839338992633,0.058412121037483444,2.497434858830932
405.6883775933643,0.07391374635558422,4.889513040434624,563.9875398462011,0.053544498037638916,2.028167703180042
480.9020974355042,0.07815109668486706,5.281792057649753,437.34097135797947,0.05177227675052107,2.3421293181559317
79.71676466815838,0.06869747633988503,22.47793393379068,19.702171839853577,0.054968789416029396,3.1881695902213325
4799194.8184487615,0.06790373205898742,29.770031516807187,346.5706348549163,0.38473768448917833,3.7368289228433245
477.24976348209645,0.07562791084012813,4.499368532462105,87.47708025163303,0.05476471592820292,2.099159589981137
9.050721925075308,0.07339847824761477,27.041465581812453,215.16327844264163,0.059100184091850805,2.488826382682679
0.15996312565093596,0.07603263212538437,21.97161771896244,151.87321562079848,0.07318166441006549,2.0818136027826415
18.520840174097977,0.06845848273721744,25.952266453292467,549.842650587773,0.05150734120402167,3.029391254960589
0.7798897948590986,0.06987961659625518,26.70820195992114,658.4532732708876,0.06133829542606142,2.909803334339811
17.628756907764178,0.06847734058181522,23.918090881364783,264.04916528126654,0.06644446633209927,2.254958578415209
107.28862345325788,0.06966960687156022,26.47518388534496,289.00524811899834,0.07266274451656698,2.3991255757557752
40.31047803002287,0.07150485704943996,16.005711897840033,25.821412193955382,0.08051628443772899,2.177689766383274
213431.80684519414,0.06608045288067675,10.083346938422327,114.7028201440312,0.1754627390004636,2.474942550065076
43.27502281032878,0.07036901682156368,24.98087858537694,550.6512482777692,0.050590855981645644,3.2890768356674176
270.2384082274597,0.07583491206559233,28.45434307069174,196.38471656359422,0.08777897465450685,2.714539186420465
242032.66829839454,0.07135295943686752,29.216784126263228,339.472479636971,0.1495917497841644,2.7468769469171814
26.09699126659674,0.07516209876461716,21.13806939488211,913.419702667969,0.08130080146735269,3.2868411878308006
4.553388394941041,0.07212111436291561,26.70374201105429,156.2205870877612,0.06516159359292595,3.2460836899792076
5.444912816911675,0.07821016679053314,25.82072504205996,218.39235919165014,0.07979953674795631,3.0149083759119875
57.69053482963054,0.07242979438993595,24.817058713777172,728.6589924783624,0.06796985603054734,2.1589568484893835
86.19473628239487,0.07462529766031295,13.829135145274098,22.11611957793656,0.08848444425802732,2.708190666395204
0.11051428751176594,0.072650167023786,21.16485428339134,204.09802623360287,0.07069979830244846,2.2899002029307987
8.334477301183082,0.07411559100742764,29.076346820457243,608.9338598380365,0.050633721873430126,2.1341566036039827
14.92038911929994,0.07716531444472431,26.472429417494247,157.01984046863464,0.06525825640037514,2.5247112681976303
41.5526108162289,0.07784430547172888,29.428098789759286,303.56355547908987,0.07260555809388694,2.2804661237700996
14.761352756794377,0.07056652751091974,23.63963426415806,145.8542229602832,0.07249766606569122,2.320457211970975
15.734439436907968,0.07593925677794083,28.363951786928936,149.77670483247465,0.06156531879414193,2.7472158841969416
262.31675277470094,0.06310659583392422,4.180867766962283,165.3797567827321,0.06328083928651357,2.194428700305031
157.72346652878232,0.06574919884108266,5.970171516531412,572.2217947183515,0.07456367942359068,3.239589222956133
10.436473958276498,0.07580500927334995,25.172265930497673,198.80763929800037,0.0786527115284455,2.864801493527064
162.86210461029702,0.07118993797392198,15.298271013106596,78.48007051767752,0.058610240240204975,2.517599743279402
19.656418237239848,0.07109579176917998,26.518003126206974,325.8711633159836,0.06662155912312262,2.353650170790641
76.95201097994494,0.062073175786946065,15.52250369268214,190.30451264345675,0.08583450620889982,3.3348127763953372
59.906934303397506,0.07213830267362419,25.288147096887272,140.5909667096127,0.05196738295478537,3.4061961265164573
256347.34070916203,0.0733298659308739,25.475699596778288,95.11225608112807,0.33980454250037023,2.3081960203953584
1.4029830154480107,0.07473043811752982,16.220687699416384,219.51434788509619,0.08596609445139078,3.308309003487167
7.979610443549901,0.07540453737340448,23.394526504059026,125.33663629172054,0.07679719195251042,3.5262808176752523
103.97587824333306,0.0702762728591338,18.505454193637036,139.0942514369765,0.05541450533744799,2.534292222558306
3.9748617323266178,0.07416868466947847,22.380309737497146,116.58080492988665,0.07525896520879405,2.8143864327717725
112491.02388215982,0.07267875907237183,28.17374648110887,59.21286431608513,0.33179933139578316,3.839796318087859
8.31807437617109,0.07276555779309042,28.388716264851183,168.4463568500828,0.06103514633911747,3.264414743356297
45.871192641321315,0.062388335300523734,28.302051697909093,155.7368298947809,0.05606125810300716,2.195299901730604
15.675167062741133,0.07575530471678123,19.16638875095861,235.94222618082682,0.0682851414007597,2.0903038990997542
9.450344598484302,0.07595159017013521,28.95401601481806,271.2352961869984,0.05776978152044651,2.379051824225818
2.3951374015074225,0.06900198494123606,20.74012777727198,261.37040475145756,0.06425782957087933,2.310260553235138
28.503142612281238,0.07414402970037592,23.943727506840446,26.35885563403599,0.06865266438530485,2.0024931211793087
3.0761769657129907,0.07705462223138432,28.95401601481806,271.2352961869984,0.06198660078175919,2.379051824225818
53.03179430148508,0.07481715853660334,27.45809550233089,427.5839416908922,0.0510404869058638,3.3613284069021305
18.514011147459854,0.07641568034478033,22.977038715509238,164.7517264711613,0.06807713351069672,2.427740545195753
0.04052404438597207,0.07414040032454859,25.695253830481853,181.1558838053848,0.0660090345752278,2.1710877558604897
0.6080154109255739,0.0705540389035056,22.604664678587177,133.4668690962414,0.06431955553519986,2.0174175697796684
220.1695566849868,0.06501174643699,24.7998355699128,207.22782242498147,0.07407159079095554,2.3010464952025265
114.7696517910464,0.0787760671886767,25.786326775419866,888.5152278386847,0.07462247138020378,2.1928894652344
36.403049566189836,0.07384690945976888,24.391307264232353,196.56462375509795,0.08330907255123218,3.2646650958679633
6284899.081158241,0.06669663245117546,7.384168237025463,451.5507495845793,0.20323070653916625,2.0159491253239645
0.4547171362208954,0.07378048301180513,29.429532839128687,215.16327844264163,0.06692030019648848,3.092646655999137
76.12827059440122,0.07200681678013002,21.97161771896244,341.8620170765457,0.08241783406107395,2.9399688192197075
31.7278162092896,0.07437730773683263,28.258277131503768,89.5889756918948,0.05803968741692306,3.029391254960589
100.21175729360715,0.07923521102269525,22.723475291588624,658.4532732708876,0.05044001790049493,2.0696680015609292
2.381885069852307,0.07341596900250197,25.26806794246579,491.2627602163754,0.0667265466389999,2.481648533757044
0.32943832237631976,0.07262673049708958,19.979976371049233,211.33908465028526,0.07266274451656698,2.3761769010675047
27.208460181826737,0.06996923078401207,25.72586615633203,242.82320432325474,0.05313256320505788,2.8360766007719813
242.888493758306,0.07467050958742273,24.882353066462436,354.2502435098225,0.08589615217847746,2.7134901195631453
60.29230066975296,0.06350730189811932,16.623402578711946,17.688848674413407,0.06971899502810469,3.2890768356674176
15.49181489821887,0.06934112100889538,20.98101525104782,47.69255383882711,0.08688770119912487,2.8356412971866822
17.21242775707747,0.0726643127256966,24.0448999259651,339.472479636971,0.06575821624345154,3.7050788667368364
7.891284752459988,0.07658788545570167,28.023383024898482,244.44926409353985,0.06479143306282045,2.8966477284436536
53.95805802438795,0.07173763181285892,26.70374201105429,14.927971615705076,0.056233738597057076,2.487232236609799
157.20026826882608,0.0733703966433527,18.55314259145622,122.53365387929904,0.05372375214754488,2.741791419016451
1.4589274157271757,0.07538146436784743,23.871613538823656,150.0737925768155,0.06883248202615466,2.1641356028172494
69.63234320342548,0.07648440194619568,9.461815056612277,274.2308346592807,0.08430682136341269,2.9125704485512003
5.947227207838813,0.072650167023786,21.637612314303905,204.09802623360287,0.0735516957234115,2.2899002029307987
45.320234981280294,0.06817999782275375,23.45863903773369,165.175204329731,0.050633721873430126,2.8510533303692993
924.3563638918687,0.06504446625930657,27.820821185809834,161.30338413535873,0.08359893366812426,2.213498266132485
32.35710822569407,0.07313936668873584,26.36821602403041,316.9433429090783,0.05538490804885515,2.930494837133824
95.29015546498293,0.06949719883236023,17.727343557987943,261.3884858898798,0.05370784011366356,2.3329612126063237
205.44786808186038,0.07439649001917122,10.787832919690256,149.77670483247465,0.06184630822471737,2.0153922102057353
12.151460047950234,0.07817273946202852,25.647279570254582,162.37587398746587,0.06688778586725333,2.3355774868607493
235.35065925372106,0.06574919884108266,15.478236469222523,448.97410031480854,0.09002902006806418,3.063925939628043
1.0809293537778222,0.07679789693057033,26.950678503968202,141.1733569384437,0.06943647089223487,2.43575154091812
68.44958417257303,0.07498953052568247,23.34013391606032,866.4607818778111,0.07961630348882115,2.9561470395721052
11.962191254734515,0.07240772762936117,20.06817280081144,245.25744176204128,0.06662155912312262,2.315264915897437
55.19101976988558,0.07015708162532917,9.411106834695216,277.5352669426228,0.08583450620889982,3.9342526588108218
61.1325768396557,0.07467955538821755,20.660514885760414,114.65905328920292,0.06635639082277228,2.798417676500031
16.00084045102265,0.07884249745737744,28.456479523062967,448.45244722337543,0.07707196001927474,3.132289785178025
15.795680893150918,0.07159714257447844,28.106351366200748,219.51434788509619,0.05680806827179688,3.308309003487167
1.5573404026569668,0.07368058402650571,26.499564662784195,100.3301325102758,0.0689229949204897,2.6574283619437686
126868.16642375325,0.0656027641142129,11.855277591138453,456.4788533349955,0.13033803547628497,2.133635398909223
2647190.9086060887,0.0691370800939455,22.66250780081112,259.62378915407214,0.29055772524759804,2.19960861811217
2.069187767855182,0.07501732477184445,27.654226108934992,282.95866422299326,0.058887629265317876,2.1007464798534876
6.31502952161301,0.07801814564922141,22.3904579796283,168.4463568500828,0.06949132148758563,2.038973868750513
2499362.6366314534,0.06991459054381985,4.483796841502102,271.5551142938356,0.350147471781474,2.0313790415291613
5.179232431042788,0.07547119312540983,29.399133762567097,313.8698356979147,0.0682851414007597,2.715210250818805
42.961901097942246,0.07732552044761995,24.776368059337464,606.6497230793753,0.05776978152044651,2.560027960678256
0.09531331768085453,0.07525857280754808,21.581657403585304,215.37830627755682,0.0737644176107384,2.337384420454396
674029.5276248492,0.07112078564816889,6.482578621392115,146.10558710095745,0.2517110518784243,2.710254464125863
134.5143026201776,0.07125057170387843,13.274552101553216,274.8528710360391,0.06555020953789523,2.8925131116341576
2.5623876879498724,0.07511162798076686,29.118874240069374,170.48368354817126,0.061247924323451636,2.37592602495791
52.64172914164262,0.0708555634899067,18.75745458176523,261.23570074828996,0.06455982169584648,3.0416587890884044
13.632047323000165,0.0683252779976869,25.695253830481853,101.41993550429129,0.05369477252648128,2.3332965225560693
85.04953892622004,0.07758649611389169,22.94027137430025,239.3402879088418,0.05325189800533198,2.074417735278585
61.92720156959686,0.0711483054160266,23.48245260597589,320.9201997838077,0.07407159079095554,2.343753694302496
73.31899817902634,0.07454580426010113,15.675717348117505,467.0034183674836,0.07361721673025945,3.6135299407726595
0.7977152028260317,0.07322046692803715,25.79633726574817,423.20809656675726,0.06025882863647711,2.008682158242049
32.41514285735096,0.0718786240687604,25.56945679805467,42.89976876085501,0.06101009529789306,2.659235096743047
29.9671045794501,0.07531992423720132,24.49593037735358,715.6177449030266,0.0732109951521254,2.5322393017836466
911974.4057581523,0.07603263212538437,1.0393469181044424,204.30488256664768,0.3687779301471452,2.1089186786703165
121.967675710403,0.0671869727738089,29.860692071578306,484.81420376007566,0.06721343646476025,2.7491610640939745
51.21472063906067,0.0726347332749035,26.615872601355573,64.64776605649757,0.055617673808732615,3.7748893184599064
210.2807938441507,0.07465777422961838,22.616818369553265,0.7691212041554536,0.05466062570489111,2.2979610027745565
497.6393248879335,0.07559119582347126,2.052820757210913,263.96334035695077,0.06404499646151637,2.803462312188817
81.65725721236069,0.07150485704943996,16.608813765103466,272.244947643668,0.06645261886950235,3.181409558272434
0.12402073748857792,0.06774477970685748,18.53825223640401,170.83767574661698,0.07496239849722228,2.9193492407467327
9.957624923033116,0.07324602659039471,27.345753930039713,144.1676528767925,0.06031057386498509,2.5932711387639165
16.937206457340064,0.06928928163206839,20.43189174596424,666.8100874194197,0.05957720580068657,2.522400456257034
435.0319462452187,0.07135295943686752,1.947197579144257,334.7649598430245,0.06575821624345154,2.637132836018288
482.62421637705813,0.07066386492717948,4.831615730142383,244.44926409353985,0.05056694991884736,2.7714973968084
386.37167905641087,0.07173763181285892,3.507996498102452,451.74993001574904,0.06845050977845646,3.121691553051149
168.79359515708285,0.07335276890896875,18.55314259145622,339.01203769686845,0.051793525335439794,3.7523985946236387
21.002478676223447,0.07336186451177892,25.417220960796527,150.0737925768155,0.06391290571112443,3.236871902273216
227.85675419915322,0.06986072338521593,9.461815056612277,134.79907335760123,0.060647498417790296,2.2329923020019438
112.17813471306829,0.07366293412492761,21.16485428339134,156.70649008746938,0.05207676028979644,2.4704764328550315
11.337257299224552,0.06817999782275375,27.944514271226822,90.76953541944215,0.050633721873430126,2.6827193351830565
69.44963986636323,0.07383197061359072,24.314674668634318,128.5811635737819,0.05241751813973081,2.3879793101951723
1.2543768363115029,0.06910877629424261,25.61899733010035,372.221828653929,0.05538490804885515,2.2804661237700996
4.056549377962512,0.07348806076851651,29.599322868489725,57.20776176845112,0.06129392082582208,2.22664905014277
183.465197361276,0.07539203483021792,15.85089563274176,567.416134009288,0.053484309917846556,2.4498505800594685
8.890717984074133,0.07291419574942898,27.471120032711255,93.72026552046043,0.06688778586725333,3.796348018216487
71.4790789173293,0.07136601803480222,15.692791867967134,452.1960388717756,0.05943254504442105,2.120856582229967
691.3689163846393,0.07092967099886469,28.832286919191265,610.2257161667952,0.0786527115284455,2.26312161680266
1.1321644045493642,0.06372952015153573,18.769078054510437,186.81976603200513,0.06629663788361684,2.7447424929250106
2.1802631319858126,0.07063252475535264,26.518003126206974,59.97219537660891,0.06662155912312262,2.7230997673597064
3.111151382077907,0.06949148880752588,18.342175864822302,277.5352669426228,0.06580664947048398,2.1186863014572825
0.5836978002945695,0.0735830319435621,27.527778046191045,196.56740389191305,0.06419379024504912,2.571189495995561
6.473013842221233,0.07589951981423439,28.456479523062967,129.72614433207144,0.06699525681155144,3.0423957885477018
18.20245662687366,0.06768169448512847,17.941561142278506,222.24420637788546,0.06154139812189191,2.1359652604036476
276.99400176597294,0.0676918572907581,5.494137839520938,637.6577594687488,0.0689229949204897,3.4522948588003572
109.34579759501808,0.0670716416856041,16.55515325007173,155.2132314942304,0.05472034069936957,2.5908223188539354
110.56301156600072,0.07264389110794081,23.59932465197812,494.31889680371745,0.07999855376884513,2.7802472199927193
211.60652144370698,0.0739307606490236,15.000191189323083,59.21286431608513,0.06104239324470062,3.1104690215182464
37.35164337472506,0.07056088579283783,26.99865276419547,290.43303544923117,0.06436729966207072,2.038973868750513
189.1753279830313,0.07456694127762548,19.735661913176962,20.241818602063802,0.052781662046461925,3.362500621345958
6.518898213730509,0.07147338326112343,28.834129879624356,103.38870620954191,0.05794240842993931,2.674190789059288
2.4858746944923995,0.07389287136482023,29.947825312999854,146.89702611875765,0.06533698762086387,3.7850006397932896
574201.5348774341,0.07418273204273908,8.295033300364988,153.14752123702777,0.39921436352845613,3.7362897521663587
0.10804379273482981,0.07029929686300766,26.921905056160988,139.87915850790756,0.06070602571165404,2.2036992934930537
33.03374076533403,0.07705462223138432,26.02615422879998,183.68659329827972,0.0646061701037311,3.181064590333634
2821052.170374196,0.07626981299428606,25.258485891945824,359.7373405643958,0.3964375214242901,2.8338938921758006
32.28279120275511,0.0738635429302032,29.826956553338732,261.23570074828996,0.06455982169584648,2.0161309094864484
183.90228151941142,0.06592245722048548,29.63551177342614,181.1558838053848,0.0660090345752278,2.0458143797784336
1567691.6516560114,0.06089096751064048,23.149754128186444,164.3589459855886,0.3999942816102362,2.849791804412739
83.63468741493071,0.07019841835773045,14.718844100441935,437.34097135797947,0.06319826014372393,2.5716933554029993
40.37561477073454,0.07330143913151047,25.94045722382461,497.50677462395566,0.07361721673025945,2.7178207309176647
433.7229813618342,0.06790373205898742,26.301873880279057,288.6212986460156,0.08330907255123218,2.7783103723922373
124.36592960746029,0.07664367453644318,18.37432397580242,154.9650872868126,0.059487106604583506,2.2817519931003725
1.3839973457228925,0.07284442693102335,29.429532839128687,144.0785807524091,0.06692030019648848,2.8587457918799934
29.99983118527662,0.07398570224150422,29.281665805335273,727.6447756884863,0.06603384135191245,2.474165722293663
2.7679603049590513,0.06549155055435893,20.23635975342894,61.46124409250655,0.0641754263275075,2.0381450153758296
6.318048364992377,0.06905452099108789,23.629931107227883,411.7737305997841,0.06140483632483096,3.1101940165881934
0.3043835211646041,0.07640962576498879,28.28810624324774,874.1492732470213,0.06323704690064305,2.733971117387717
1081869.039449484,0.07262673049708958,0.8232422732897859,211.33908465028526,0.21581538635286124,3.775091875695045
36.79032129155779,0.06912347105351609,25.060315083709842,208.45974899730385,0.052269525050406995,3.881596549972309
13.27511763573138,0.06906332361462537,6.769469995659001,114.7028201440312,0.09847730733778248,3.482281995417112
51.69988610049461,0.07037044390709209,24.26018066200045,308.19377087121916,0.0531709807110006,3.7457496002547206
83.95700950364292,0.06943278324929518,29.673404234041016,446.2372211117905,0.06260855675654026,2.120140631719196
0.81765972851315,0.06850008625992396,22.74828590289077,648.621179128363,0.06005274735897581,2.2176329218918927
216.87001227883846,0.07848924967827058,12.38762523980558,127.28893692507938,0.06359740327407587,2.138466891582764
369.56995395431215,0.07173763181285892,28.238041059728566,897.934129420156,0.07668514776939395,2.5330829240712616
55.52889895797938,0.07540495386249897,26.25019979358693,287.6245283562266,0.05337516906214476,2.741791419016451
12.181892152481247,0.07026809480107135,29.203427640039997,150.0737925768155,0.05341196875441068,3.6000540266158105
389.981160053748,0.07442834785195164,23.372973352903788,380.41710207178886,0.09381309369908725,3.2214255426220717
0.08080043980673791,0.07166757265597763,24.170348975052214,301.8142714367651,0.0668250899184206,2.663108863928728
18.572878453881508,0.07141434996341577,24.52386652338162,175.7876468312146,0.060189633965968076,2.745285159057455
245.29994782552438,0.07630734333720658,27.85911511078584,555.9263270470677,0.07677339684887949,2.199001816764877
192.1950843024722,0.07489704657225,17.998893018894364,131.9185238980143,0.05538490804885515,3.646615956464675
11.525679342741768,0.06990089131065712,29.074840724609388,126.36871186513861,0.05217296596493373,3.0435315783141155
43.84083479740136,0.06843553381519324,15.750341829332971,288.4758053771518,0.059696788023406305,2.0153922102057353
3.2873623582676843,0.07936522845324258,28.953691257372462,509.96903617900233,0.065768289058939,2.194428700305031
175.49106922214685,0.06923913925133611,15.692791867967134,452.1960388717756,0.0512573627133954,3.0353015731104978
3.6591142749346837,0.07213074135310507,26.143274539517122,494.48446677141544,0.05778772923570863,2.43575154091812
192.5806646237433,0.0715120350465217,26.988784209683143,319.8202495578694,0.07563386485762968,2.2910615811335653
0.02393204683947117,0.07274368688863012,26.488116657869718,290.55832612105905,0.06662155912312262,2.890662668737346
1.527691952813599,0.0745606060238096,29.60464357015122,372.32162651306555,0.06134903391290711,2.9565752794320774
0.23425405079828254,0.07119714871410301,27.317941076827818,196.56740389191305,0.06419379024504912,2.6976034002872127
20.892573830165325,0.07201253380454284,25.785237581846385,61.85486087003602,0.061013877517713366,2.4817964305457973
23.841951029818645,0.07473043811752982,26.706355698577916,437.44310184080496,0.0562134903817916,2.654870490775891
51.208378929504335,0.07200407961530901,26.262180780254155,122.57981387763044,0.05127907494242609,3.5262808176752523
0.701032536053305,0.07771405926513425,22.03519436960544,709.8810306583665,0.07259409793030866,2.6789909082216137
1.6712206357468293,0.07644163831872515,22.130245082912285,232.7865449977828,0.07398515533039066,2.5598980643047526
2.409748350086115,0.07389287136482023,24.610954345354145,146.89702611875765,0.06533698762086387,2.1531271635401152
8.00645675232817,0.07404341947231884,27.227884661070533,200.55129233311243,0.06583868224324022,3.5214520455114227
2955906.532197786,0.06882302875956715,17.57873868703884,276.1676308079367,0.3540041791762707,2.88902200876127
2.5391143748257208,0.06749931714104955,23.961444956996814,213.12820412671147,0.06588733061194693,2.674190789059288
946.0251065729055,0.06886770801256732,29.947825312999854,351.480429079984,0.07963070749340126,2.128020611378642
77.18830290328668,0.0730262376023249,20.2994350676975,667.8786154797231,0.05415874121465333,2.489921255227581
0.26771674676788637,0.06714466689207121,22.306590330933297,190.74840713992478,0.0680379457100812,2.856880244820311
262.09585657214507,0.07073646608810512,13.274552101553216,74.93164902182065,0.051144020197918194,3.181064590333634
23.503870522270013,0.06873390795449197,23.89047100703346,88.51001162945767,0.061247924323451636,3.357944723593074
5225.750679965487,0.0760152554960638,26.970350066682805,603.460135026639,0.1032449175953981,2.3360560509706376
21.401232340908336,0.07357284669625894,24.38972083088154,367.385380874804,0.06105561197761558,2.8378697498453063
12.380945918815396,0.07143201891271614,22.604664678587177,206.81599914653532,0.061232746213420036,2.261499568802316
387.9767189064021,0.0691612860481086,26.327812612160905,367.74931919977126,0.07407159079095554,2.013826681742262
1.2853325801315696,0.07502097416954694,25.94045722382461,208.11456937237722,0.07009988388844082,2.420193779694779
30.95094315037297,0.06119055206003877,18.218679949245054,244.68212574963692,0.05560060401360348,3.0695985058341027
2.8220586292579473,0.07562791084012813,29.757821385221874,81.33691722877654,0.06236936615801536,2.1288829113358094
13.167171209733773,0.06975947066417267,19.239243424090624,254.88287176371986,0.0613493323916664,2.0469055713442272
193.03666571201472,0.07981806283436002,19.838218369114824,805.7673880334805,0.0838080461139932,2.2265429018497898
0.4961395596151299,0.07004871579266356,26.480683222738215,352.74180269243993,0.05737642815432145,2.1455379577639007
11.141750476950344,0.07556739056406549,22.65445012554185,56.67187245276904,0.07191222204482017,2.0354573785402
48.042540015962416,0.07324108878952136,28.28810624324774,874.1492732470213,0.06596951782989943,2.3334511555213044
209.75496465800666,0.07363994840420864,5.073799644940587,396.3802944042236,0.07266274451656698,2.340864779779571
136.47495021697944,0.07150485704943996,16.502282007896675,7.393155861252751,0.07808442841028196,2.4944203876914024
2.7616661122759076,0.07075020281961628,27.97045732191927,84.53194303192078,0.06717495030375079,2.468013452151758
15.274958865438677,0.07321073360313964,26.067838712560032,196.5052229815633,0.06971899502810469,2.2017240108789995
21.850727610178176,0.06943278324929518,29.607584697509402,428.8204032417475,0.061014680700619356,2.522400456257034
2.6465982657028553,0.07135295943686752,24.835703441621447,279.4022440635775,0.06575821624345154,3.0981098350961633
1.6241997657133562,0.07028980360604366,21.410168672904536,172.8600520970253,0.06551408081971655,2.1661892620055876
63717.170326988344,0.07589589387158313,16.670653914262065,145.9230729349061,0.15479519742941295,2.5330829240712616
1.0780585358554027,0.0740542941130781,29.698378813108,177.82486369159545,0.0617330039696089,2.1691825762511208
0.3477986215310058,0.07329234195790227,20.37154710804154,245.3510982429774,0.07252436888388458,2.4183961685038504
7.638748391829601,0.07304488325489251,28.8135461083562,479.8661001310612,0.055266081072254586,2.736126280820242
1.0593620459855595,0.07166757265597763,27.327432022933614,257.6015092121788,0.0668250899184206,3.020239868457299
124.00774448043555,0.07249670685117615,13.406385150790832,608.9338598380365,0.08355298549798815,2.1341566036039827
17.68801686980268,0.07912804196426407,28.976499609901595,450.7411761541855,0.06582350801657139,3.844539667229463
0.02832809184307121,0.06910877629424261,29.285501624174717,131.9185238980143,0.05655307337070456,2.462357325597962
0.5377576455075137,0.07386670118039873,26.424201579404063,524.1467994898065,0.06241056501862191,2.286551325202787
25.379228594383996,0.07447170068501432,27.735171923922035,79.20200413040993,0.059696788023406305,2.64159303395535
0.7085835827332851,0.06726019187527293,23.20321300486826,183.40131287472371,0.06109763524957587,2.4081340363075294
152.68126693036822,0.06574919884108266,27.735171923922035,452.1960388717756,0.06878448833331088,2.64159303395535
3.6306589120503414,0.06828526564729452,20.32941939861325,286.97270517693914,0.06874103477466262,3.0615796648976086
3.4664140486194617,0.06681925715645617,29.510089643310188,218.20097832915218,0.052208267812439424,2.2038474665774572
31.45049653776458,0.07497407664272862,26.488116657869718,26.514025322241707,0.07199998243585232,3.505326779140358
20.064267384646307,0.0729342046481614,27.962982924278876,691.7976950360191,0.05558093531948266,3.354187752329878
2.211585757382637,0.07413252941699568,29.50231096697412,161.019420100106,0.06189052283736818,2.6976034002872127
49.96802047405872,0.0733298659308739,25.76553167275039,10.628708715563107,0.07284764026987287,3.6143651735174265
0.5669443743517377,0.0740707391904704,26.02684820647167,252.36077066824487,0.0732092675368009,3.308309003487167
116.21567147398068,0.07027771348165011,14.5993781472954,637.6577594687488,0.05583937550924553,2.26431558101376
11.098815514168756,0.0702762728591338,25.42296688858345,419.62299532091095,0.050234646659140236,2.0191583007807594
1.5399106558126543,0.0745427775599244,24.881260015763857,45.67486400955454,0.07999855376884513,2.274617142749748
20.156896708353003,0.07267875907237183,21.73955150260798,136.70349797161128,0.06688918250294773,2.5584755888682214
661591.2494047885,0.07475318704936379,18.957033042298733,159.01948049272386,0.331367104287005,2.0994196523966573
228.59133855781,0.07672653514292736,17.322528582745313,271.5551142938356,0.05173952804195034,3.9100364368099
56.51353570566994,0.07739405762779067,23.961444956996814,201.0153055972246,0.06629826935295721,3.7620520355036717
2767640.120358416,0.06949083942105144,6.418908269666048,277.08670393933835,0.2390558324852857,3.8708079895524294
40.71261621583973,0.07728624428782589,20.2994350676975,94.59753552012944,0.07356976010145833,2.576654936449097
13.36903903995967,0.07120569394989855,26.921905056160988,42.36843101611265,0.06070602571165404,2.3259891986896326
3.8149717746266845,0.06608607226176016,19.288283912299356,375.8318155871122,0.06218388094851626,2.431599707225945
4.678136862364161,0.07262903539727292,29.17360595698011,359.7373405643958,0.059664385831807,3.486888013250685
85.16216265566581,0.07144057435044031,25.516486898627733,486.7593585880545,0.07313953848190802,2.4919554935936103
16.761808715282548,0.07414040032454859,29.14308253758399,181.1558838053848,0.06733594667263681,2.1710877558604897
43.84626497094226,0.07944386400916992,22.604664678587177,563.9875398462011,0.06431955553519986,2.6160997817026495
156.34147392489638,0.07019841835773045,12.547862100111324,274.88910221203685,0.06700852254413894,3.586923016374393
0.09889814398818556,0.07113776366206218,25.94045722382461,992.5612381167705,0.057564685517231345,2.413331561729299
1.7791755446424036,0.06585409422721047,15.860327057115262,38.7082906709681,0.08330907255123218,2.193310315807167
0.03689208450074627,0.07178256478619284,24.044817575652637,331.9902006487794,0.0657856619737433,2.472881773415165
4.406369852209476,0.07378048301180513,29.418057155982872,215.16327844264163,0.06189928084874874,3.3035831805603966
0.5068219680998338,0.0794801828607141,24.643271310928448,151.87321562079848,0.0776444531052034,2.4072955215537926
0.041831722407990976,0.07437730773683263,25.95837190599015,260.4613007487235,0.06602025680124032,2.3417631116424267
17270273.11790757,0.06555470283121015,26.697595183743495,700.5906446777218,0.2077843802246059,2.909803334339811
476198.54841854493,0.07566781847627128,24.783197204152124,134.93005591282247,0.27489453225069,2.7561735002080217
35.18967309839067,0.07228208056267296,18.093318334478884,211.33908465028526,0.07266274451656698,3.2567618474427222
141.50669984927384,0.071764033193575,16.608813765103466,109.30592341977967,0.058901201826475375,2.7149903183802246
3.4253968266661365,0.07075020281961628,25.748451477870685,114.7028201440312,0.0687684027849472,2.3902684675080446
18.40946300459794,0.07142861332219178,24.98087858537694,22.99726915809231,0.07309601987649153,3.2890768356674176
2.3839585966268055,0.06943278324929518,27.710921842322676,416.6008055229208,0.06001356319159659,3.8913989602111694
0.11369100292940731,0.07483249567692345,27.370138394480914,213.22163989698612,0.06897129635513735,2.7468769469171814
0.7793120113218743,0.07848924967827058,25.55079726901444,211.30526481799217,0.08130080146735269,3.542398346107313
13.91387097507261,0.07664530610091445,26.70374201105429,144.21705925928472,0.06489554889629179,2.5330829240712616
34.14388076228275,0.07247537992406722,21.21677258967801,531.1203463958736,0.06298284573773794,3.0382152499432884
3.771399378979839,0.07617827133679383,28.096033248769547,233.378133461275,0.06614926232115043,2.1204592582919286
203702.44445771375,0.06766380056854455,24.52624215023706,412.42578953615794,0.14831823961849264,3.2214255426220717
14.077839118637392,0.07011040605195373,23.014383480523946,80.42223239633972,0.0668250899184206,2.9111780515771875
179.69800282396812,0.06817999782275375,20.615208907391906,182.8492786658481,0.08051214503079096,2.165513222135249
3.859646927582797,0.07482504447223423,22.229468123489898,161.30338413535873,0.07614816869461769,2.320855234061372
32.53023944260909,0.06910877629424261,20.615208907391906,182.8492786658481,0.05655307337070456,2.165513222135249
5.691594046772254,0.06946765552642217,19.126492205583318,65.32738118041556,0.07547852200490435,2.566061456473338
305.93529571457066,0.07406792425795951,9.60752878068179,144.69602988697807,0.059696788023406305,2.653499518239867
205.4213132918577,0.06989673514362112,8.242886702439062,196.0264385803781,0.06688778586725333,2.4587863139853097
0.6839353389972995,0.0760590535846121,22.51495072883697,452.1960388717756,0.07456367942359068,3.0353015731104978
220.66532877704037,0.07547777656560478,10.771863120867751,176.7091334788542,0.06418224628822333,2.307238306213484
4.650758282607274,0.07534850409242126,29.173857836320188,69.89426352513834,0.06753975910960411,2.7709807868686736
13.511817410293347,0.07008211556687495,24.999567439794063,159.51375039735746,0.059816646774563303,2.890662668737346
84.8253708746369,0.07150852764343582,19.8701711933079,115.20569891553924,0.08583450620889982,2.2881818225240327
56.086261028336565,0.0764131898614391,20.564526377412804,196.56740389191305,0.06677410207138013,2.6976034002872127
16.165548261929388,0.0733298659308739,27.935024372718303,183.53087144880175,0.051728186835631546,2.027946611026098
0.35742623247526306,0.0771357627061518,26.74742214997201,151.05146406074306,0.07046695244958393,2.2290156970982737
1.410106633498142,0.07252166168204233,29.76479348989095,193.66741692918413,0.062020622916429374,2.4738425427095283
6.267946676600641,0.07046439864311214,23.65790710329378,427.96081867548384,0.05541450533744799,2.074338404683136
0.3653489434465281,0.07594052925350195,27.18169585991316,246.15368128821135,0.061856817305970285,2.029263811944083
51.7032337556346,0.07267875907237183,15.846725456099547,231.49367448349005,0.06688918250294773,2.247895930310782
15.308277550059376,0.07792939778749741,26.99865276419547,129.4742335737614,0.06170975089645461,2.038973868750513
14.528839378118771,0.06848336808968766,12.710982393918151,623.9888519678419,0.06891399301972895,2.248259525296179
85.6887317068751,0.07544398609702999,23.961444956996814,51.659639234851056,0.06109698124435811,3.2973026236484886
9736446.445934558,0.07968555659698744,10.403220759487898,708.5328353149581,0.3704934282071053,2.757338703197468
24.172639541546953,0.0717820042237284,21.636553068800076,947.7849905025255,0.06388676425853812,3.420060643168002
244.62741786309542,0.07029929686300766,7.965077949013502,420.23239823914696,0.05974212001323653,2.2332877734251495
13.792086181012753,0.07033881905361057,26.9014803592907,310.6174578432239,0.05852604060920724,3.7156271874081677
27.666421597173517,0.07080609189038134,26.959965461555626,238.51464266323507,0.05453791114136139,3.694163244532167
106.02698798840302,0.06738238536659696,13.173719684802604,261.23570074828996,0.06455982169584648,2.923040361291246
30.637268551362936,0.07481055312785492,29.593280468776527,236.67529161199064,0.0557353111053939,3.781621348036359
55.54059451355303,0.06661454168442396,16.63371349812631,171.37599062415308,0.06431955553519986,3.117532411234306
111.99759776458036,0.0737416596653173,14.718844100441935,437.34097135797947,0.06139615084573291,2.2902037439592355
588.6938648178409,0.07875612795400364,1.9986484944201202,224.83768655611152,0.05914276136331992,3.6135299407726595
1306588.8332108518,0.06790373205898742,26.513352552031662,314.4807269003388,0.17631044224685574,3.2646650958679633
2.4903175297654325,0.06952178174626923,27.338782240455263,305.22681596634663,0.054565135176690704,2.472881773415165
15.041507625576287,0.07378048301180513,24.404025059614412,100.217422088175,0.06633498157284107,2.5466413047582424
10485728.11408631,0.07039606646066239,21.97161771896244,523.9067448554719,0.3343239581945414,3.755748007387035
85.1933630378555,0.07429160886084507,18.81129683998783,185.00496034960247,0.06602025680124032,3.164780546744889
111.98948390523236,0.060528597344308946,27.068790780006488,837.980498482143,0.06133829542606142,3.0792237495542785
0.319277848022822,0.07640760050748696,11.288538668306618,201.5975314663134,0.0927689106503127,2.733971117387717
5.179431753890707,0.07545786341265753,24.712121649421984,195.96438176870225,0.07117352932052945,2.1516013277004222
668.8912966005778,0.0701846087376021,29.69916082500754,397.9889332218237,0.07808442841028196,2.1798292716534187
145.03391584501594,0.07665340199860378,24.882353066462436,10.114418478578386,0.0530833183681122,3.276233666506979
17.726532837379295,0.07016213422803082,23.885059119369547,140.05729780887344,0.059925884767665194,2.6392342527516073
0.15162058714372065,0.07181763539562502,28.45434307069174,209.3092209276104,0.060210729100282995,2.3539052502690123
7.383775654570332,0.06746776535306769,24.835703441621447,922.3322642107904,0.05935500068549013,2.4159507473604815
20.6813048339339,0.06869928627530573,17.632481601956783,259.90127416270036,0.08130080146735269,2.8966477284436536
48.79179153673216,0.06756347471553703,22.522734265456105,117.67061396449884,0.05084236706372533,2.5330829240712616
45.45926056858551,0.06714219958291931,18.55314259145622,177.82486369159545,0.08148858051902552,2.741791419016451
1.4330557968540871,0.07535859284613589,25.872902110293683,818.3820752223992,0.057402477518146394,2.0216038788972988
3359290.542578548,0.07033203033965998,9.461815056612277,295.73849834360885,0.28467579373121005,3.773523779358226
21.410552777806068,0.06717704550605427,24.170348975052214,301.8142714367651,0.05355461237721934,2.961317247775827
4.008331686653336,0.07433615464981469,27.944514271226822,675.7935412263172,0.06299695102287448,2.3921016987693093
58.18815073170971,0.07095009879655344,24.626297421652573,704.7183485228197,0.06525861769619518,2.0352595003077356
13.131243841431079,0.07152217105962849,16.751504073801648,131.9185238980143,0.07785027970768615,2.8251294787899903
2.8999108811290455,0.07079688628232303,27.692135127179487,351.36101293855006,0.05547192896645872,2.5232101811122307
11.510024611768124,0.06843553381519324,23.017576784235395,93.26254199862763,0.06247552435449863,2.6323617242485664
245.3152479368972,0.07541932050670132,9.993520227828254,183.40131287472371,0.06688778586725333,2.7178630375664703
29762.725799918564,0.062219896701869296,15.692791867967134,157.07798081139146,0.1454680547631772,3.9823492982352118
58134.335938808115,0.07314902869176246,17.03610175897724,49.96740242357362,0.3857369112871055,2.43575154091812
2.2669292885175496,0.076976452986735,27.509036073457658,62.6337700597046,0.07898786824623899,3.611448982577768
27250.59351217626,0.07022230750466717,26.488116657869718,201.4793638614135,0.1258265801844049,2.198279270910274
11.621235631915306,0.06810742331536077,18.342175864822302,141.60731499436275,0.0715352615370004,2.9500870438457047
0.7929356996627522,0.07334528054957369,16.578027070611505,196.56740389191305,0.08099782464869593,2.6976034002872127
65.45438379119204,0.06959135511130464,15.923797128777398,174.76602285038194,0.07147115643570681,3.70232993300787
82.60034883092473,0.07475323460684268,29.08588796370156,221.45179916951412,0.0732092675368009,2.1908860244724018
78.53897029929468,0.07796521069915528,16.376302239056756,22.17949785687199,0.08913059069026066,2.7374307577917865
269.3689781045345,0.07089931322264516,9.28671025795444,197.32686741094363,0.05541450533744799,2.1270219627467375
2977150.775497256,0.07594052925350195,22.66250780081112,373.4557507282545,0.22585323710702904,2.329047056793682
1.3228718443121021,0.07618996572288703,27.343296667010787,99.24425998450465,0.06694284930031227,2.132557489268749
1.070705024161565,0.0723398936808043,28.123674268532476,68.93593157423629,0.061353275371486826,2.038973868750513
10.090793747632762,0.07946763547555248,20.095217452484142,184.02253191877998,0.08209872950057143,2.1758210409154657
5.178981541860983,0.06262781797018287,18.223441964551746,281.85476274176807,0.05699117799792455,2.146511436226748
7.807939797178886,0.0712326166233599,28.45193475129934,154.27531058712054,0.055489290812895914,2.560027960678256
5186239.683123799,0.06731093570434192,2.7192683640932973,422.16121290024455,0.2044520453100833,2.576654936449097
44.880853055355246,0.07029929686300766,25.767803372016793,76.95978488473668,0.07440668657326482,2.067642406365647
213.12358608621804,0.07705462223138432,13.274552101553216,183.68659329827972,0.06652951589773365,3.181064590333634
0.18045633501533612,0.07127936167315804,27.301204603337023,195.09335319939402,0.06402822026360308,2.6630793188889994
15.869361865324866,0.07218684268708662,29.540571104200687,261.23570074828996,0.06455982169584648,2.3834961133487074
98.76588505096299,0.06949713221812528,17.854752916278205,21.243134092378682,0.0660090345752278,2.5296205681527164
33.10146987031325,0.07382862481258796,22.604664678587177,563.9875398462011,0.05589765658960563,2.2145926782180925
74.89760319638938,0.06839903616949386,19.979920340099476,181.29855979286322,0.05251551816671726,2.485832670615326
1.803614403695798,0.06619923165627112,15.664213684545466,312.336981030898,0.07361721673025945,2.874906408399926
1.6414526444554447,0.06790373205898742,22.684375040276937,193.52935949489154,0.07191126560301811,3.2646650958679633
0.058398335359131914,0.07000105795869584,24.044817575652637,331.9902006487794,0.0657856619737433,2.8372917613858624
671430.6429593798,0.07378048301180513,0.7726149443086285,215.16327844264163,0.18644673250080895,2.0198209856156257
1114619.5612717173,0.06590507855706071,13.161553051967353,151.87321562079848,0.3102332748413533,2.578816548689369
14.252490446078617,0.07186732364743015,28.378038610861626,207.16726892268713,0.06602025680124032,2.337397158648783
1012482.9559419947,0.07519813276302147,23.629931107227883,212.5802096350372,0.22364543450233684,3.0632720775904443
1.7500006709085534,0.07640962576498879,23.077562808333056,874.1492732470213,0.06906217996293221,2.733971117387717
13.531143393714888,0.07262673049708958,22.309519586642047,113.5595025558971,0.06631996774095136,2.3111031408312064
0.035785986624520774,0.06482686871190262,26.500058387372054,124.28850395414992,0.051939831727728925,2.1213786644144363
2.0925540471690733,0.07427433008975781,28.65951517854021,331.914759301138,0.06302479164177341,3.0635774018518087
96.1925647902614,0.07685556603033736,23.478008546626448,12.796103385330525,0.0732277301358921,3.2890768356674176
1549982.198361949,0.07159457186049127,4.907641450046471,351.993908328865,0.18311044064108775,3.6078112247639074
2.9223896468300907,0.07107397990823176,24.835703441621447,885.1944656498457,0.06575821624345154,2.826664187705104
1074533.1258131713,0.06606348011062836,4.839534458807858,152.87018178138567,0.2635954203485455,2.8966477284436536
28.88392856754372,0.07823443264650728,23.540021569367326,354.30290980828624,0.06489554889629179,2.5330829240712616
98.99084978846685,0.07319122190537654,18.55314259145622,177.82486369159545,0.06071701730674811,2.741791419016451
32.40898835456079,0.07130328634692917,26.230609542504467,100.55123198004765,0.058292934117136624,3.4872888686976147
0.2599719078934125,0.07696442722554414,26.624772578511738,243.90722420164718,0.0728829925012339,3.0856820822051123
313993.8639572897,0.07297932921490348,13.95440433577581,102.39854297323313,0.28536237562985245,2.663108863928728
63.39450507586208,0.0732588816713404,25.30879897383041,426.36902739647144,0.050633721873430126,3.1705867636928153
24.445561104533763,0.07690180931931515,24.9151747319946,26.364920088619613,0.07677339684887949,2.447943207674614
38.82263521054763,0.069213150817663,24.81843447732134,53.83730650642673,0.05655307337070456,3.16935072915696
17.471676235166804,0.07228321234632377,23.63963426415806,238.25492658131924,0.06539728236881881,3.2990382473280766
119.50321617757385,0.06843553381519324,26.945161752019885,147.50675863493495,0.07040257278473527,2.0153922102057353
3879727.001920989,0.07438329775076727,7.1213056107752015,365.81242927990957,0.33568102062418764,3.389959070466552
13.488951550626421,0.06574919884108266,29.73120522225121,452.1960388717756,0.05207484826339692,2.3149756531049377
401242.6859315587,0.07833426086992126,20.32941939861325,141.1733569384437,0.23415213776187174,3.5648012379712988
75.79316786501647,0.0705173809757034,15.298271013106596,870.2510527545949,0.08746753449328723,3.2191936156312813
67.88780105307491,0.0788601972779872,17.414521268093715,119.93355425282175,0.0788868788570484,3.1474323377150197
220.4888109245759,0.07976164688701187,14.423770887752495,31.420915743199487,0.07649382352890946,3.760727027927143
37.47821546441365,0.07119714871410301,19.468298866381616,219.17644454408202,0.06419379024504912,2.6268657912082487
11.698114615676552,0.0733298659308739,19.968844958630434,639.0239677490068,0.07902926973888627,3.051135913764485
23.81662594411943,0.07335351976736251,28.075486771720072,219.51434788509619,0.057260869526956554,3.308309003487167
2.144620135279576,0.07107273187399879,25.604044037506043,637.6577594687488,0.06394576860592474,3.556231803438265
510.07155593325587,0.07519608484333519,4.333020145256755,129.29774006520637,0.051179358678611536,2.288672855562519
115.59870532392799,0.07313328040463414,23.70847353574627,291.3917440938735,0.07999855376884513,2.438574080365117
35.79626762971327,0.07267875907237183,16.492473517797688,227.54892680012796,0.06688918250294773,2.1531271635401152
26.45818841031941,0.07471847337551062,26.99865276419547,164.96476151686846,0.06103514633911747,3.216969413384585
0.795687022082666,0.0677598632169698,27.903168083865623,444.75686970385175,0.05457526441430044,2.4905950170947357
0.47794966491360713,0.07436613867044814,26.757518823091893,242.2122949463581,0.06883742916262908,2.674190789059288
6.686449113296837,0.07759369270319204,29.947825312999854,100.14299159825617,0.07268520278801963,2.240144682175887
4.178435575380316,0.06866274820786697,23.60012822393793,426.68539365676384,0.05848140359065973,2.576654936449097
6.599778437675907,0.07475318891868188,27.70197605281989,139.87915850790756,0.06223615744135155,2.4180552070363337
1217.6406714084087,0.06989062291143372,29.88868400636723,103.41283032763329,0.09427233199639795,2.1993790619767024
6.366973951497933,0.07506773078530254,27.07319077047282,143.0008429537387,0.061247924323451636,2.145345829782071
21.845658816233758,0.07368066373110828,25.781748435844584,290.90650997489706,0.06025043902165303,3.0411334506329233
9.904250255472594,0.07109510190975626,25.754212392493137,162.88576573442907,0.06027662441285253,2.7398056480595505
7.320962730724925,0.07500512025850631,22.604664678587177,201.74453046589923,0.06889662385306977,2.421994275634909
124.59291011561254,0.07251977189044286,14.718844100441935,230.39144250690282,0.06107603089514582,2.3235415475681416
203.18024486060602,0.07113449818713785,25.94045722382461,312.336981030898,0.07361721673025945,2.047511396288518
83.00153829360508,0.07564250825077545,15.185984036165372,196.52728031020592,0.06667214224330698,2.1173079332182807
0.04505878494228466,0.07535354499707313,24.044817575652637,331.9902006487794,0.06642718299542955,2.144544681249502
0.698931303426499,0.07378048301180513,27.09742001554957,287.3718782792208,0.06840325652861931,2.8610231959749655
13.99904099313111,0.07416745794706953,25.32841857287285,151.87321562079848,0.07318166441006549,2.2248531551891095
0.15299383732286836,0.07437730773683263,26.95388608949964,185.00496034960247,0.06405886677419861,2.1050700283185684
19.020296658665366,0.06685533003593429,28.528489429377117,152.76817474604564,0.057782837955017124,2.0427726463134546
15.203970633047263,0.07173345332819597,29.02968376929955,874.1492732470213,0.05712288607887803,2.0876678247186033
0.10794409455524324,0.07414715364387435,19.979976371049233,243.35948867309912,0.07266274451656698,2.2576941665853294
52694.916719806235,0.07097970169146423,22.881329158197428,124.28850395414992,0.15200065239726823,2.7424716233356485
6.779579094087193,0.0739635986870039,26.97055790067968,114.7028201440312,0.06717495030375079,3.072651471322978
31.541023905478973,0.07709140747518381,25.957177188317743,149.21184645617126,0.06789660387127308,3.687160999727964
14.828313857536708,0.06664333726837553,28.45434307069174,180.89496178785458,0.060210729100282995,2.517155935716479
5.25227409345737,0.07333217219912792,22.523633722339735,339.472479636971,0.06793562745101137,2.07584615468168
49.209159792101914,0.07848924967827058,21.410168672904536,244.44926409353985,0.08130080146735269,2.1338042411310045
24.90962997130699,0.07471277967324062,26.108885061312417,128.789568583201,0.06667290402837761,3.994650865982772
141.84265123787975,0.07498385005103489,18.55314259145622,302.0987045526342,0.05780229189966127,3.159694548979565
77.34640657016506,0.07236242261384919,29.203427640039997,1.7221467971006064,0.06209667884738729,3.9249618124369867
26.15294894804684,0.06989796663451611,26.624772578511738,108.28739878862223,0.05433473127601729,3.1551451458995743
290.1277637150373,0.07971452849860129,13.239355319442259,55.13234652569588,0.0668250899184206,3.968518688920794
71.77224091791237,0.07271053432521375,27.944514271226822,330.6948007471532,0.06832529936798609,2.092071212049019
93.47372465044677,0.07616730442905124,25.408528540112236,166.8261575757711,0.05159896287047949,3.4650026892628407
0.04448600249802842,0.07224852021959369,27.792648755688038,190.73471731636562,0.06058547378168491,2.210750965434467
6.518655482948336,0.07088707042299083,25.203068835466787,451.29894340377894,0.06138001338710239,3.2133694244159647
81.64514285678011,0.06987089130111944,21.656096744924277,11.564940477685866,0.059696788023406305,2.0256586577749176
11.800282317414418,0.07231072206663677,26.627324238117367,211.12005505888675,0.06688778586725333,2.194428700305031
2.294857453248747,0.07642367167675743,25.56160213712403,120.69777158701027,0.0694977695429668,2.270114014509601
60.561138258252036,0.07184518851466631,20.32941939861325,68.63061052174038,0.059972488965277404,2.1027786015652623
82.85366809793423,0.07206326583150924,15.298271013106596,225.92201447167514,0.06347775907228542,2.2423998888250583
30.126758985923168,0.07551002156600409,25.040377474502545,195.30252689096585,0.06662155912312262,3.7093279341434453
7.16882446292464,0.07976164688701187,24.53060071011167,342.7044673738602,0.08583450620889982,3.9407428073699604
0.9198038733261895,0.07119714871410301,27.317941076827818,98.04894503063468,0.06714795463533049,2.5143297680360632
33.81669740770711,0.07360511089581388,28.560822840549246,15.111229700237175,0.06699525681155144,3.6143651735174265
51.03386084028217,0.07419918106145897,26.527342676529326,219.51434788509619,0.051336318318248086,2.561248215791281
16.612351582335922,0.07655949306653463,25.659459012643776,281.7357796522971,0.0685872566095242,3.5262808176752523
1.1068745479955888,0.07241041615796592,26.561069308335266,419.62299532091095,0.05541450533744799,2.0191583007807594
129.2311311305147,0.0756602242850614,17.678324225149836,370.6622965940197,0.053622534584211845,2.052289079726108
9.545447249748285,0.07109510190975626,25.754212392493137,162.88576573442907,0.06688918250294773,2.1531271635401152
510.8903123772516,0.0731205123289201,1.4851077271759454,848.4980496176747,0.05167189263604549,2.038973868750513
3915.6205760194334,0.06872723269446106,16.7571876369371,154.0970668724575,0.11742701018832562,2.5437627150086195
1200036.3558232705,0.06677502538497788,26.757518823091893,175.1717503263742,0.2298182630856258,2.1936077709461923
221.26763192926046,0.06886770801256732,29.947825312999854,407.54066544438797,0.06779898496742767,2.1393587716330495
7.129617263638215,0.06940427673471386,28.534563672214507,236.90163284936324,0.05130328767123668,2.576654936449097
39.48825909839884,0.07403909248643252,29.69175226701418,453.8062186200915,0.06345323754716617,2.0370118232503005
638.232514993323,0.06791964817265801,28.721266295555967,135.87095795036828,0.09427233199639795,3.822150538911695
184.37795821655737,0.07481715853660334,19.214917146039653,169.68765196913682,0.0919817774770145,2.37592602495791
2.6780317110938494,0.07564063736347662,29.854825802645053,261.23570074828996,0.07193888537397888,3.5409247124270484
184120.21349923284,0.074507245954974,16.331941733487998,97.032233194188,0.2110235803685898,2.1710877558604897
10.25457163864954,0.06545870817439856,22.604664678587177,632.0163795502598,0.06431955553519986,2.716673448854625
128.68761051051027,0.07422778672858243,21.715637037828085,7.2889834673058544,0.06577626536870734,2.3010464952025265
0.10286637330938611,0.07064384833540767,21.673707733819676,664.1998071150556,0.06554062360733709,2.4602621178266926
11.104043146741468,0.07934696523763977,18.566144426489092,177.1601509859566,0.08184283639064124,2.01392346216719
58.34286529769523,0.07172824079765164,25.3271307272921,21.612826934773466,0.061005847790530726,3.5660306921101896
17.104811155793932,0.07407874695766652,23.91233274792204,215.16327844264163,0.06704342947323252,3.092646655999137
19.17576522969622,0.07603263212538437,20.85973570420557,151.87321562079848,0.08054659458986019,2.167320346559076
504.82426613310577,0.07752661066185286,0.7961836680146366,671.8658662452424,0.05866136492794141,2.0268225159188447
236.38409668713012,0.07263009954479663,12.164951820725223,413.84041335552877,0.06133829542606142,3.9406730035475244
21.800673834457463,0.07331044112864149,28.3941709946548,81.08149168183303,0.05771652402360358,2.733971117387717
0.43872915882725616,0.06465236553707768,16.580771378823897,366.1544201347383,0.06642663916524827,2.378974063105206
163.5460557181848,0.07929001491120505,21.55142407223441,341.07578417775886,0.051939831727728925,2.9372055342360675
36790.39977406048,0.06256037795009249,25.49985386406039,24.15842222855838,0.25619399683997807,3.840329800238152
100.5654590183067,0.07693775648861328,23.38226449730078,17.196533906552304,0.06971899502810469,3.2890768356674176
1.4844758081587446,0.07731610398816123,24.493470330977694,209.3092209276104,0.07641041598874673,2.625858968151114
0.6319168293230462,0.07372163805743792,27.61749342012493,201.33544340281156,0.06472935134709268,2.6614288507125923
56.73850991296906,0.07848924967827058,21.410168672904536,707.322570039787,0.05765686084536617,2.1056935044206875
61.04650002216552,0.07173763181285892,26.70374201105429,453.18621201707174,0.07503291707530238,2.9992591798715864
89.22474651548914,0.07540495386249897,27.299275434978917,194.92344333422352,0.08148858051902552,2.6590998207311163
45.56281595662615,0.07336186451177892,29.203427640039997,674.9732490883899,0.06615229712854892,2.3682880841241065
318.1736071748366,0.07696442722554414,11.055660436406281,298.9826919103272,0.05758766295927392,3.0856820822051123
32.94360288292751,0.06991215623991576,25.55378974696574,301.8142714367651,0.05511358461693014,3.9067143255986956
41.47102339506505,0.07695467528057155,26.08164212680911,608.9338598380365,0.06057182528052524,3.618364842066642
391.74388583583675,0.07912804196426407,9.192433954084773,289.1618109052447,0.05190987783890816,2.3674440233673737
167.5689641040235,0.07081335048360725,15.574030377896738,131.9185238980143,0.05655307337070456,2.7856952664384975
35.6089297380701,0.06884148302455881,15.663760741437535,352.16778205879945,0.07249766606569122,3.528578261171841
1.8276888394151416,0.07364087606084757,27.671265527107053,653.5087557438458,0.05754207072150455,2.0153922102057353
12.0117627498708,0.07181961915820102,17.832796523315075,183.40131287472371,0.07821969261021758,2.194428700305031
110.6728103256302,0.06574919884108266,21.41386170847962,452.1960388717756,0.07855381344683854,3.1516265194519963
10.27320498748131,0.07609882289398769,27.855914030825108,141.1733569384437,0.05945271262212923,2.086409125852744
7327211.367427101,0.0715120350465217,15.298271013106596,479.2053979923676,0.25529523924951136,2.053711290249008
141.13787731875823,0.07274368688863012,26.94130851020489,87.33529162056766,0.08374194826839171,2.2807557901436093
1.360542887531663,0.07976164688701187,17.4658481029087,187.2353242274778,0.08775236826460156,2.9565752794320774
14.277786999646821,0.07682447521987955,14.557555140733763,67.82236129082838,0.08706945095195864,2.3123988511783775
10.898350960055774,0.07614860107802064,24.110512557362796,69.31690775509702,0.07156434115494262,2.280273519156053
315.0325156855729,0.07627099361530132,12.599176431880426,152.89072542548655,0.05659561300177918,3.8373504873699993
1.5311532528627254,0.07139534047160119,27.078263159932877,637.6577594687488,0.06183428254839951,3.5262808176752523
7115491.766184996,0.06865932258580439,18.090835308846042,419.62299532091095,0.30432028227823216,2.13061524488894
10.277964656083213,0.07594052925350195,28.67017480109884,315.27988676539223,0.06106444488770424,2.923568913108951
96.98500668287834,0.07840390609009182,27.654226108934992,59.21286431608513,0.051932216148414534,3.5078048141696367
7.640323910657666,0.07352383400077653,20.8914114367691,168.4463568500828,0.07692591838272203,2.29563421932935
1.2858030293590856,0.07819368493757024,26.74184253653696,144.436806567494,0.0757187749474943,2.537344226529867
13.862656521100423,0.07436613867044814,26.13357354832752,61.341525653738245,0.06590957841834641,2.376373205048768
0.7270844418607841,0.07661116972649899,17.285742093517612,188.31165524863394,0.08228244956187836,2.560027960678256
13.038791215347967,0.07666795918018489,20.912099891861622,193.9943514748249,0.07332859755438814,2.576654936449097
1.156330972241111,0.06782801602263071,18.795804781530506,139.87915850790756,0.06834001763496766,2.2036992934930537
76.21723071639525,0.0739078156105922,25.41269608668923,36.871940743012374,0.05836702087411205,3.813353758048676
0.13351708646002935,0.07354387737034233,28.67502122798964,160.30528563862134,0.060887938916571266,2.203556378475486
1.2477703467418557,0.07218684268708662,25.516486898627733,249.0481014980421,0.07268676477836936,3.4195363692892746
0.16667437436812713,0.07414040032454859,28.70586169128207,181.1558838053848,0.0660090345752278,2.625434628925258
0.955506937713545,0.07303068937211021,28.96066425336003,103.51282145706404,0.06431955553519986,2.1965125690812544
79.3566495803925,0.07177584812434507,20.006788388990522,225.1079315277089,0.057098074513640074,2.670067236710886
53.9280225557151,0.07175535889598392,25.94045722382461,312.336981030898,0.07361721673025945,2.559419770307755
0.7616801440683336,0.07082261620012108,15.185984036165372,387.17674910787974,0.08330907255123218,3.2646650958679633
26.86584562248142,0.07153694255657743,24.044817575652637,331.9902006487794,0.0712126940376277,2.375062646266402
20.13531645428273,0.07256989214140964,20.672550742298426,91.73057397101587,0.07405755011997467,3.092646655999137
98.10966933993251,0.07610556104082733,21.18368784995531,496.47138752129405,0.0506301488768372,2.0818136027826415
0.4918043749487361,0.07499726918374755,29.732941118172985,185.00496034960247,0.06586815226318232,3.029391254960589
0.8383499903953859,0.06685533003593429,22.349673492595297,658.4532732708876,0.06954771733368964,3.9011399620851988
44797.96406906188,0.07640962576498879,13.350624692067386,135.24374517822184,0.16315346437421455,3.8803928861829604
0.8415249617718683,0.07463240755744026,27.837495304104685,212.20837940891022,0.06537129072910117,2.683589407116717
334.59419990034615,0.07410768821853196,11.197127529851755,621.4677655918033,0.051939831727728925,3.650532808647119
2.288900820808881,0.07517640359874825,22.175006039535294,114.7028201440312,0.07377737711192989,2.325950679105759
1.153625355885329,0.07321073360313964,27.12794926321525,110.5271440209919,0.062083316432405666,2.084794309097269
0.027384916335607384,0.07409960998411884,27.83292479614791,445.6453735416503,0.06097325931777295,2.3539052502690123
28.271677345798086,0.07545835031409896,24.835703441621447,156.49689034029547,0.06575821624345154,3.0854823303637517
0.5112633850550344,0.06999261868949329,18.668220691190417,244.44926409353985,0.07435306883467435,2.568104243017881
72.75539516181117,0.07057132794262848,19.301494208690016,105.94512956417509,0.06489554889629179,3.6541893546710194
1.5512221676425724,0.0768162125772055,28.072719985787444,177.82486369159545,0.0728147161753401,2.732219576078019
257.09778532203313,0.07336186451177892,13.585035961191597,304.10139728497745,0.05260367600652832,2.891428038050849
8.692593821176077,0.07418202323892817,23.117713492235804,139.528252745246,0.0728829925012339,3.0856820822051123
6419969.9561285,0.06829131669181766,27.857169237037887,433.68453017310793,0.3923982654241934,2.1000607585151876
155.70972666473557,0.07665063069954509,18.477671027232507,394.86736002447725,0.050633721873430126,2.1341566036039827
6.940194432884615,0.07232960289045111,27.032392970563436,161.30338413535873,0.07677339684887949,3.959991826601118
3.8622089286382852,0.07118126331972294,29.285501624174717,131.9185238980143,0.05997885956272922,3.279967003344649
106.25108050099035,0.06935985496896946,18.55699867011986,147.26472456646462,0.050634182082542833,2.1807337282598493
1.7122732575187825,0.07248733636270925,25.64755922269709,300.98668687429796,0.061659086497677984,2.0153922102057353
61.73888497171008,0.06892717049833401,19.914313617431855,691.2450115945065,0.0708644219603026,2.194428700305031
2683504.5375626613,0.06574919884108266,29.47623431841184,237.17365986937602,0.3581639572735238,2.9658927115196914
2.4800805265737047,0.06991444622439937,20.32941939861325,141.1733569384437,0.06686653965683934,2.132968937299663
16.538007806993612,0.0744757905399884,24.058680973129317,104.34255059671335,0.06600912383615667,2.374557583259591
5.319586281790527,0.07388167756883794,27.58488333760136,351.4688522259609,0.06662155912312262,2.491716814019442
39.854921283216896,0.07302587466485007,24.297766212229085,143.84987795000626,0.08583450620889982,3.5527399874276044
15.320003539892674,0.07352313950595403,28.014275533572267,196.56740389191305,0.060329959498520214,3.358106852224533
0.8495259731866991,0.07488690046657154,28.013477875393136,400.2310460443856,0.06294127190854915,2.3060164436120125
6477739.716137449,0.06946478503432217,26.527342676529326,398.71736646136003,0.30896723577311663,3.308309003487167
3.937603203962222,0.07252166168204233,21.462408355907698,170.85557892717753,0.0689229949204897,2.3418435784605376
0.20968894624562273,0.0719642884976878,25.519816501355375,417.6947356780113,0.05872465259399612,2.0191583007807594
12.165217321840021,0.0714003552678719,28.01514751265467,80.67298689801765,0.05824781691792913,2.704445204391037
69.35795274950776,0.0737096719630935,27.654226108934992,166.51225711699846,0.07587323289168399,2.319519734348099
2.1709421017619888,0.07115389495927794,26.007482466334707,168.4463568500828,0.06103514633911747,2.399076711900144
3.2416094576498384,0.0677598632169698,24.570632840608447,444.75686970385175,0.05457526441430044,2.411603860403318
1.135746639514966,0.07436613867044814,28.23321419393984,158.15865833456564,0.061629550378045794,2.2233730257896362
8.010242658234368,0.06886770801256732,26.711978346679643,325.3452763603881,0.05776978152044651,2.0292366503458434
36.97706810991358,0.06901173419045285,23.735173210525836,154.85135319258836,0.07167944948829524,2.203300087030278
15.166494517486187,0.07481316884170192,25.71813409123852,188.9000794359298,0.06354487849940568,2.693747718073788
30.836958654710564,0.07590769342428472,13.274552101553216,114.93469011407325,0.09427233199639795,2.228687456658477
0.22907252814067586,0.06596914435588293,26.9288191808171,101.46597717010525,0.061247924323451636,3.687436738525384
22.89590537748908,0.07152114689270311,27.73658768953419,261.23570074828996,0.05643406286081459,3.7912122520247693
0.2100090816211163,0.0726784646682491,22.030741811696274,181.1558838053848,0.07053496507972484,2.2408646091781543
42.221816491879125,0.07303068937211021,21.453289409652783,83.94623626367911,0.06915066807971848,3.1961641479500336
82.73904609257652,0.07341929629681027,24.83583040176163,437.34097135797947,0.07407159079095554,2.3010464952025265
11.1950381862639,0.07436970926827248,26.32214916943167,55.483287100035454,0.06770398921642734,2.448731555028022
1.2893921803923998,0.06790373205898742,22.932377131201655,236.6957133442965,0.07050472973472849,3.2646650958679633
54.231750242012126,0.07312324887826469,24.044817575652637,331.9902006487794,0.05850003076788593,3.634497916567411
21.91684470542276,0.07135649679566658,28.387438878935818,182.5200440247578,0.06692030019648848,2.3029543743808825
65.53844749075168,0.07243762050788562,28.494844271127352,153.30028780971605,0.07318166441006549,2.2732878021294454
16.016242483493244,0.07437730773683263,20.196160367841948,36.33401059603301,0.08279354651067991,2.6895821035300003
6.100531706828833,0.0727112191666335,21.966914015134694,658.4532732708876,0.06586816169522439,2.1029746986831803
1.0434166681857422,0.07105570148539782,28.28810624324774,219.34085199716094,0.05455051643244416,2.1369548602142743
38.99143766954334,0.07404251389849836,25.72326348819498,420.02287470447175,0.05943627096795445,3.8487253389715006
510.7560778187407,0.07607954513879601,5.2287329671543255,84.2402404587495,0.056701931085089335,3.9850153774474206
40.04455996372145,0.07123611735988562,29.416087084353013,744.6393196168052,0.05901175402171735,2.042998067711693
96.28578593581719,0.07321073360313964,29.988696065185067,193.6140026169158,0.06971899502810469,2.0040577098555037
13.64962348801975,0.07433016397260542,27.83292479614791,114.62798616681101,0.06490132986196023,3.463965101853189
7.719846919228354,0.07323806887862641,25.368180899462473,337.97193854525943,0.06090060954896401,2.5257638043211164
21.248014859119493,0.07848924967827058,19.90639218554193,96.40870422783456,0.08130080146735269,2.8966477284436536
57.37241541810795,0.07181378522694684,24.802153243712123,156.2205870877612,0.05605736122420485,3.985602732614412
14.018912767820481,0.06944879293651,27.90448519895698,173.81385066514395,0.05250425732291622,3.0310622895684114
0.35761427018692493,0.07336186451177892,25.0654833574112,236.95172220160146,0.06209667884738729,2.046200474754824
39.72177641961824,0.07131263413995148,23.742059806987754,243.90722420164718,0.06090378520614265,3.9707242386005355
5.169137652491138,0.07090701173735352,24.170348975052214,301.8142714367651,0.057233070309131634,2.113048071329907
94.18363364585886,0.07328990523418139,24.198402699949206,61.26268261886946,0.050633721873430126,3.160983771309533
47.54914311186167,0.07191717076598926,25.408528540112236,309.35782907827866,0.05582893049186244,3.8639710540010075
0.10145116813291065,0.06910877629424261,28.337463746906103,174.90070909995717,0.05655307337070456,2.462357325597962
55.421968556816836,0.07463751666904479,22.008898737059187,44.63475024371388,0.06816514201498874,2.564086776814145
3.5837949028654004,0.06843553381519324,20.71094560670757,172.03432318130388,0.06696015137214822,2.0153922102057353
94.52374037300527,0.07590239267075574,27.726731768676384,3.438870142365886,0.06688778586725333,2.194428700305031
19.489493156141968,0.07379837079041045,27.644539786978907,156.29242038896518,0.06098723388078947,3.3652169075527363
26.269323473909814,0.07106859375274555,26.139369365847593,62.698577576400226,0.05751349783715515,2.5877741661234
161.52254305738558,0.0705584874167575,15.298271013106596,429.9790656688961,0.05478646819839278,2.8274467098571554
124.20549047766009,0.07274368688863012,17.674658382721915,110.50265213954037,0.054339993911280415,2.0087394949584345
0.4944168278367458,0.07002087036492771,13.537736126466944,199.4641966102563,0.08583450620889982,2.9565752794320774
0.38285195949343664,0.07067749980309301,29.030955006801975,196.56740389191305,0.053950200555020256,2.1299976847975275
4.614690229278441,0.0733298659308739,28.456479523062967,328.73168645967144,0.05486720726011263,2.239938232222624
102.14243269197736,0.07473043811752982,26.527342676529326,346.72041031810454,0.0732092675368009,2.1053867202329126
445.99754152131436,0.06916408864537493,5.898813737523341,197.11373943378072,0.05048612796716592,3.5262808176752523
40.957446267266874,0.07326738086418745,29.019737369340803,15.704967226002793,0.06165306152729061,3.9600239974770437
63867.29427867688,0.07594052925350195,18.542422689895794,115.80919874607167,0.16339395691297026,2.755783444727122
8.660060312693535,0.06919852604143549,26.540680191339973,127.97386098433833,0.05417355483927047,2.299231918051076
1397430.6602089612,0.06535146537358257,6.430457319253698,219.04539895721643,0.19402527073885403,2.038973868750513
2.4941901671764,0.06983899048784374,22.400526915692076,114.62475402565343,0.06621739921451464,2.305821619221425
62.65668699173556,0.07436613867044814,20.180280949955762,242.2122949463581,0.06890442364097327,3.9547751958755937
45.47208942507865,0.07251341780267605,24.045295823081133,100.14299159825617,0.05776978152044651,2.560027960678256
5.011457869442012,0.06901173419045285,14.390214560386976,947.7849905025255,0.0711025085633695,2.576654936449097
209.42751250021564,0.06835121762492992,13.802826909012113,139.87915850790756,0.05104342384450572,2.6349681670143337
17.402871497745835,0.06755859307847986,18.503140306252117,183.68659329827972,0.06921710473849574,3.181064590333634
470.3886281636793,0.07481715853660334,3.63033541255424,224.49790932179894,0.061247924323451636,2.8310939524198013
4.878521711902017,0.0746365630382062,24.82707499587003,261.23570074828996,0.06616911768828757,2.5885657463854734
218.6344921608643,0.07148179116496295,14.452486621323514,98.8377382454936,0.050230885095125216,2.1710877558604897
50.212880042064775,0.07702828703584141,24.97933862216084,493.59971868554953,0.0742671418448933,2.256156721599845
2.61306050702934,0.0785801906138825,17.3675102194338,161.29025842994065,0.08126797306960029,2.008956503036394
152.99556944039253,0.07094580888678689,25.94045722382461,205.59776670041242,0.07361721673025945,2.0065419576286505
6.500891419222061,0.0754491447831203,22.676558084571255,184.1263123761566,0.08330907255123218,3.2646650958679633
245.99381401695308,0.07300680021041704,8.89271887594554,112.10011998050618,0.0635456405989745,2.1197510705012372
47.63480004659719,0.07421252351345303,29.429532839128687,215.16327844264163,0.07321755575474947,2.5128766872689243
11.793028962669386,0.07028338674489985,17.645184956881536,168.1812768071661,0.07318166441006549,2.7052435953548266
24.451564593943832,0.07123270055538895,16.875279217010714,162.9996896153063,0.07608625363012675,3.157742117590577
14.11303496393569,0.06685533003593429,23.629931107227883,105.72968472076661,0.05877216159959489,2.9115947085728937
0.0509931617418578,0.06856760073946487,28.28810624324774,120.86265226073544,0.06053161894848469,2.871750396610543
47.35624855231982,0.07414715364387435,18.114663473383906,13.06552460087994,0.0900809569600049,2.471958601453154
106.85550903323156,0.07910419966445571,24.433917673610637,115.14330009312067,0.051939831727728925,2.1213786644144363
35.97629443376677,0.07236398535654046,20.55912721060532,214.56556359493783,0.06282570371469204,2.474942550065076
29.112210663826716,0.07321073360313964,3.4557916938050326,56.794042759931585,0.11314416601471784,3.2890768356674176
3.283389228044281,0.07412370189925162,25.178393073144722,281.7547305431809,0.060217320679912395,2.0556626920624934
54.26545649116192,0.07140767599615026,24.835703441621447,413.19754169640066,0.052225444635279616,3.888817759708675
237.9572600102008,0.07743793225357863,24.745925235309386,964.5883592587397,0.07571649419547477,2.070635183449163
54.440357833931124,0.07173763181285892,26.70374201105429,295.69647920689624,0.07276152924565268,2.5330829240712616
5.170003293805502,0.07540495386249897,16.212786914757068,232.5454678943799,0.08621379341374072,2.69509621463603
491.3766412599038,0.07623325518734053,1.216886002825646,738.6277590262036,0.06209667884738729,2.3682880841241065
3.828962480678846,0.07696442722554414,28.424565767529575,343.9264532070737,0.0728829925012339,3.0856820822051123
50.53534211757454,0.07180029991714212,19.004102952152174,228.2745877099353,0.0668250899184206,3.161351583589797
16.568970587675594,0.07341029475173928,28.64915344140228,134.39010138754162,0.058400081989595565,2.9999433555876154
131.17955541289493,0.06809060316454368,5.632144758039042,161.30338413535873,0.07677339684887949,2.365801729931991
28.33219842719984,0.07991147832973498,29.14557316803193,919.9836773862072,0.05655307337070456,2.692870398731599
0.23235379053141997,0.07328297249334607,27.901482531021003,195.69268064389365,0.0629508944962914,2.469117005969253
4.846163547873301,0.06843553381519324,17.736615809878455,301.5218575022276,0.07487355565216533,3.4555686183687966
265940.3357663787,0.06484058557429571,23.646878380111914,183.40131287472371,0.16651689811704154,3.839809687070403
13.981767648086665,0.07280345981614873,25.012347835672443,324.6150942506939,0.06571434410784435,3.906369986488219
57.71627944989365,0.06779029257279184,20.32941939861325,824.0582564942442,0.057640639401978944,3.8876154206808513
169.09582122165813,0.06876246011340002,15.298271013106596,37.63332121349288,0.05460071036408676,2.2057978258631548
0.3018239645222165,0.07930160964097296,16.214786085048733,290.55832612105905,0.08711263995794838,2.890662668737346
1.2685496465915505,0.07897735514250742,16.590051147230636,262.88331468243894,0.08583450620889982,2.877366527031895
10.059686887956438,0.07119714871410301,21.552378140087047,196.56740389191305,0.06419379024504912,2.320746079799841
153.23633200067212,0.0647428295560915,28.456479523062967,418.20803560431773,0.06816751864835191,2.820305494777629
276.39400179685884,0.07097298243104384,3.0244923265913073,83.66228365337491,0.07893680020683524,2.4903703144994687
23.697206561336458,0.06878572933181364,25.604044037506043,96.79699611170457,0.07845678417689544,3.5262808176752523
124.40058285684066,0.0702762728591338,17.503977063345072,135.6331923256255,0.05541450533744799,2.5926977807742553
0.03016421795137,0.06997617917414353,27.58687439235298,551.379336935163,0.05280055326189495,2.145551132377446
473.61876187482414,0.07433987877961602,5.101136829034839,27.450447817819338,0.05664154865017196,2.1531271635401152
341035.40956682735,0.0668304398984065,26.99865276419547,87.31775119554072,0.2551492733032723,2.973067172738037
3.8857309865108203,0.0684809031745091,27.903168083865623,444.75686970385175,0.05419409397437486,3.049655895814422
5.602340940260709,0.07436613867044814,26.757518823091893,461.7988186078561,0.06883742916262908,2.674190789059288
0.27085666856524526,0.0719852459536262,28.073448005482597,229.29547492945738,0.05776978152044651,2.2094893589844755
15.163492211208338,0.07493553901595808,27.6964244978532,66.92829710635795,0.06428696794982788,2.576654936449097
0.21424740830147038,0.07524714204784794,26.921905056160988,139.87915850790756,0.07094928268774739,2.757208577221534
0.02962694112180739,0.06982898080562795,29.950649796531234,102.01843230199569,0.05560623249856872,2.2028183447081933
5.405208133693931,0.07298855916166422,29.118874240069374,171.33198732488887,0.05640874244646357,2.37592602495791
0.5931367515079837,0.07607928247039399,25.516486898627733,261.23570074828996,0.06504152373870956,2.1387218819208766
28.169652634202812,0.07427137126059598,23.385690511167294,69.9118007451109,0.06448182844437758,2.1710877558604897
32.67596836393895,0.07305561125964434,22.604664678587177,41.28800376301365,0.07055282254226011,2.704314140013058
192.0808111256258,0.06777715997198866,14.718844100441935,117.81657630923002,0.05268895967464865,3.916000803416515
49.215102615324234,0.07682434651651046,28.149322318127922,12.236882054674084,0.07361721673025945,3.6135299407726595
205.4153127814846,0.07090275941866829,25.853389206687147,174.14706823058106,0.08330907255123218,2.6196684832653516
7.318962308371317,0.07332606919996888,24.044817575652637,243.29100195532664,0.061996772043143605,2.2381950948850626
16.575743467897453,0.07500467002193675,28.282983536431942,201.27385595983247,0.06055339541198235,3.092646655999137
11.15284320803412,0.07396592989419874,26.7162909157624,19.094553794566934,0.07318166441006549,2.1667609789431
15.221414421604628,0.07437730773683263,24.98771449281071,185.00496034960247,0.06042033323470619,2.217121278920427
34.985972679002415,0.0698612635385026,23.629931107227883,115.90790450916904,0.05747576991862516,2.798438711559779
6.079581826057595,0.06856760073946487,24.73956452451452,202.45848386855232,0.06906518350699326,2.871750396610543
77.06330253474229,0.07545958884076155,19.979976371049233,243.35948867309912,0.06604263162934187,3.2935008454769514
16.804864747935305,0.07232804345929536,26.500058387372054,116.47336052035155,0.0551483907568128,2.100589931135906
501.046057023427,0.07639059471282687,3.8326148467502676,114.7028201440312,0.061457670481858684,3.091566126405919
17.878023039655805,0.0756002062013244,28.342256213029902,586.20850459387,0.058689046982325827,3.2890768356674176
0.028580752006220733,0.0709904334265679,28.03100840406793,175.78168508097275,0.05953421928980204,2.3539052502690123
12.518792550638285,0.0761698210048811,24.835703441621447,339.472479636971,0.06575821624345154,2.7468769469171814
15.970653590288341,0.07164438576382637,23.478714487385012,244.44926409353985,0.0630233006637386,2.8966477284436536
0.2740965510224267,0.07209418198482674,19.143277218771587,156.2205870877612,0.07594192739344516,2.4859699307889978
474.0233674293046,0.071125101862142,29.63235091581312,177.82486369159545,0.08148858051902552,2.192177054110945
0.5738780401403827,0.07300633841556382,29.203427640039997,150.0737925768155,0.05996153799296408,2.3424110841531043
12.599481348794672,0.07696442722554414,24.019441359237675,169.6926571312771,0.0728829925012339,3.0856820822051123
33.69018413188836,0.07166757265597763,22.88289984235017,93.5045589825483,0.06542058138889481,3.294028443879709
4.604302351597683,0.07132751275153679,26.3524875621548,134.7362207958318,0.057694989536704266,2.1144767398069693
48.05691044568238,0.07144995885088316,25.408528540112236,161.30338413535873,0.05390329209618691,3.333909368749894
0.3082663356726734,0.06910877629424261,26.55802027787294,164.27769568696158,0.061050437395511026,2.719871710591506
19.64802803805493,0.07079688628232303,23.63963426415806,159.6599851328411,0.07249766606569122,2.270129678549937
2.505221459681609,0.07372134185970798,23.017576784235395,149.77670483247465,0.06758983225342519,2.1734239681153613
0.7358333161882507,0.07121256884529649,26.519764670147786,256.65053174950106,0.06089540594179674,2.194428700305031
61.809476913944366,0.06574919884108266,15.692791867967134,333.28600404565174,0.0617463168687199,3.0353015731104978
4.330703740713931,0.07481141892094573,22.703840773558486,104.21500063983228,0.07220736409396833,2.3290876623608723
163.31000215648646,0.0715120350465217,27.700041108119542,64.8896387452674,0.0837905978143744,2.169417388893058
0.05320815143076825,0.07274368688863012,26.488116657869718,109.29341426465811,0.06662155912312262,2.2579132925020735
10.860052509978662,0.07052571177317575,23.94596053940003,74.65257137744675,0.06730280376943101,2.9565752794320774
13.091067638621926,0.07177098191488697,25.137701215964146,589.8637719989846,0.05696056198258101,2.6976034002872127
70.9373652578584,0.07106377441202205,29.774430595131516,161.42184922413827,0.06699525681155144,2.0105813211939063
99.0586209066445,0.07909920096705597,25.608794540725963,10.523678651965042,0.07340256711023424,3.308309003487167
28.869111413374497,0.07252166168204233,28.465434557678257,115.76954187138853,0.056250692495534466,3.986332991587439
2.544366172807801,0.07086411001324183,25.42296688858345,683.6295219901087,0.05541450533744799,2.2757559978387443
2.583770987822345,0.07129489430608846,25.239796253767437,152.40949173040576,0.06040852894478965,2.145551132377446
3.2736452790211517,0.07328727288315051,24.212460632849485,521.1916942653813,0.06267522073167586,2.008517185821316
37.98310733410834,0.07698010982403021,28.002441859878957,153.6258251559007,0.06103514633911747,3.479350144375621
0.11717889444835197,0.07005190324685509,22.992731132377237,212.89686994369885,0.06740354853490743,2.6043523230564762
2.6533596417603444,0.07317561693989488,26.757518823091893,242.2122949463581,0.06883742916262908,2.674190789059288
11.839977286871793,0.06801319670843474,27.00582122623458,100.14299159825617,0.05222189985904818,2.570837864491822
18.952950123771238,0.06901173419045285,28.72155215252069,845.5248068944331,0.06518424438819029,3.496388914609324
6.631893329001006,0.0705925138475955,25.917576441612443,70.4976052281811,0.06070602571165404,2.2320725361953513
1.246200553007975,0.06982898080562795,26.268557578414217,118.86036583564464,0.06337050453638868,2.2028183447081933
0.045065208534145605,0.07128509402505971,26.952582131668912,151.2978460887668,0.060837579586010465,2.1378563592567454
0.6839379963796838,0.07218684268708662,26.363431998257226,254.8219925586177,0.06858799653176623,2.9841590220843583
170.89268364717003,0.07626075745302983,23.94106367552122,1.2967272962206948,0.074984733700356,2.2890492725761673
0.42788746766429464,0.07441433573424315,28.797845041873675,563.9875398462011,0.06431955553519986,3.314364315128874
4776942.333552982,0.07648486124043107,9.220985782661433,437.34097135797947,0.3096505769804615,2.3010464952025265
2.8956715653658955,0.07442331863632469,29.58010448605463,312.336981030898,0.06373463720510317,2.4484962095301026
181.69236189997417,0.07198386797914576,29.73339411071013,184.1263123761566,0.08330907255123218,3.2646650958679633
3523838.1946334206,0.07178256478619284,24.044817575652637,331.9902006487794,0.3351851836915654,2.11698652155279
26.099413818586527,0.07378048301180513,24.833300910107713,111.94105293347866,0.06692030019648848,3.5810535439812066
5.231779759137427,0.07297394155700772,21.97161771896244,190.12453341053583,0.06482984805047345,2.0818136027826415
29.109452486710207,0.07437730773683263,29.6078626258359,185.00496034960247,0.053041270252184,3.029391254960589
43.1850984334809,0.06685533003593429,24.920139986059695,281.6243576945086,0.067647501001902,2.4518777052219303
13.121475217266731,0.06814906798498603,25.611674541824097,376.2153823964751,0.053664272527823076,2.871750396610543
43.7249331658504,0.07113428256989053,27.80035019791248,150.17651314223133,0.07266274451656698,2.479520738152371
29.817707102788987,0.0701475925557896,23.965146113421408,177.4790097918526,0.051939831727728925,2.1213786644144363
28.417581846283475,0.07075020281961628,28.472501301146075,43.76577955829367,0.052723677845457256,3.3753538330970496
3.512913702895762,0.07090574713561311,24.98087858537694,554.8634274980261,0.06971899502810469,3.2890768356674176
11.492668516306932,0.07409960998411884,28.482710142802546,150.74056464218597,0.06072554084156004,2.9281929480152646
3.8955106561895434,0.07434242454959676,29.79688645207186,76.19188398298229,0.06575821624345154,3.0115434157690313
12.306399113808823,0.07192001497366399,29.71486533972057,303.29673187335175,0.06244898743358673,2.363650761182356
4.207944739314129,0.07173763181285892,26.353100803487152,46.328174460854484,0.06575590332753495,2.2312370351573563
2.0885561008001363,0.07331834737083007,28.136180668412425,177.82486369159545,0.06630523477801034,2.4462354752438658
10.655407427345212,0.07221487283188006,27.426059389003452,56.1258311329438,0.061245162894151356,2.3682880841241065
0.9324394202160612,0.07214318281383637,26.624772578511738,213.70500528234726,0.060855816029925125,2.0136392880912153
5.748614160716788,0.06904158807992342,27.97485147237589,138.51919080442332,0.050484847368282876,2.111611412489518
28.33977403097024,0.07309982399127224,27.944514271226822,186.0483404514149,0.050633721873430126,2.3168598876074746
15.560965829274938,0.07415722651544117,21.535975206715648,161.30338413535873,0.06807795745319226,2.3879793101951723
11.336385736410259,0.07101589833990408,29.077165542331244,131.9185238980143,0.05655307337070456,3.2809697163631926
8.255948877598026,0.07079688628232303,25.278747561465345,191.3880210098655,0.07249766606569122,2.922727278776502
0.27917863715030344,0.072924712768021,24.360999919537456,405.8844896311541,0.06300673367396761,2.1335422637882937
3.828694257740362,0.07438329775076727,28.662571435130246,135.1364713911496,0.06688778586725333,2.194428700305031
1.2099369771197468,0.06574919884108266,29.00663860898853,60.14354687114297,0.0507917671134428,2.736303987534226
21.13367908626985,0.07375542043514369,20.32941939861325,546.0674948051222,0.06402007860109771,2.43575154091812
0.027255386780748,0.0707786318897796,23.270453918049434,225.92201447167514,0.06422078991729735,2.1806801044550173
0.8341428375525332,0.07625351833756827,26.488116657869718,279.64131397968856,0.06968625030594305,2.4852994151266934
26.5075680813982,0.0695798350631209,21.11890731029387,277.5352669426228,0.0691930898609506,2.0243198247088414
2.841855337027015,0.07119714871410301,26.991484302156366,268.2559286729469,0.06419379024504912,2.500764866545475
60.46033296348277,0.0733298659308739,25.611674541824097,328.73168645967144,0.053664272527823076,3.9162399979256106
41.77512130054717,0.07473043811752982,26.527342676529326,144.59326220280002,0.05927255784487104,3.308309003487167
16.32657890738045,0.07190824696992051,26.43674773920017,34.65851096983073,0.0689229949204897,3.5262808176752523
18.892124797651086,0.07066402282542163,27.895583387454415,32.353393441902824,0.05419846590399985,2.0191583007807594
0.022222772216231843,0.07308489505733133,27.58687439235298,465.97882449950436,0.0627338453140365,2.720869410044436
8.284763988099982,0.07267875907237183,25.533603973677998,537.6358684755534,0.07200196425693459,3.170052608249525
1.4106568995888147,0.0738440881418034,26.997637030398195,620.82773517485,0.0627338453140365,2.876591299465285
0.46249157917789696,0.07247425162817071,28.54312746385392,346.27098601998216,0.06401914339017947,2.9643407907844184
202.87984772653434,0.06743944017692168,29.871132838868014,513.452716859435,0.06883742916262908,2.5275982953123055
9.249646832199145,0.06900723477279014,27.243524387606325,100.14299159825617,0.05776978152044651,3.0824551242929177
32.45175365997713,0.07395252720970891,20.2994350676975,947.7849905025255,0.06518424438819029,3.0145444194216013
20.21157913882056,0.07119139434437188,24.320233949974394,238.73411815966494,0.06070602571165404,3.1284505078667735
350.14211841971724,0.06982898080562795,7.743350932844168,191.7753290286468,0.051121251514518906,2.2028183447081933
21.905702267608593,0.07128509402505971,18.62046224188674,658.5405631555493,0.06385472382695562,2.4949350649894995
263.3469118033704,0.07182298888244631,11.045360565892633,465.5302453974651,0.05576747024895637,2.8773096682859505
0.08878533668471034,0.07422827036124453,25.695253830481853,181.1558838053848,0.072356564282379,2.901877037468166
1.2567503909474307,0.0708423838556374,22.604664678587177,562.64738462032,0.0633999057320909,2.1965125690812544
0.7383851351361309,0.07557852929920122,29.17732231140762,385.4886484714101,0.06528212743668502,2.660716104152633
8.125925293864078,0.07910171356916858,25.967094024125515,312.336981030898,0.07361721673025945,3.6135299407726595
0.37846954148933576,0.06748550979489996,17.733816000307474,626.0599142888574,0.06371750050522001,2.0715239793664635
0.7343972909566361,0.07570833608742679,26.275692881156697,331.9902006487794,0.0657856619737433,2.472881773415165
79.5862171205114,0.06865850647228988,20.093757654110334,215.16327844264163,0.05323512778308698,2.7533029411444607
99.69410938257542,0.07489116373952136,24.76835545184609,460.88109645226484,0.07318166441006549,2.0818136027826415
8.424299701790932,0.07524624309503757,29.860692071578306,495.2509856254173,0.06602025680124032,2.6326047541106745
70.28376482925597,0.078805532681175,23.629931107227883,491.6422435116701,0.06133829542606142,3.1192062748640357
4.581125167044721,0.07552065888991431,26.2439776817164,453.2246232960915,0.06053161894848469,2.2851377996607813
22.72722129548411,0.07103222508383496,16.881865162047262,778.908498587504,0.06867783266349903,2.8432838706105863
0.12762797229617254,0.07539980638160024,20.732397716462792,493.8085791757017,0.07345220474833564,2.614023743293106
21.99261795165379,0.07075020281961628,25.205866393129078,624.9652756156293,0.06693762940302267,2.474942550065076
1.1635231514607254,0.07680702434735712,28.58474240744951,201.99803615484495,0.06639166486017092,2.5860354731669273
21536960.034577925,0.07112001120093568,16.64245489139931,785.5577136208622,0.2890828130408126,2.269609824682814
6420058.426071482,0.0634569445975711,29.42389608470929,339.472479636971,0.3537309659135749,2.731756671236735
5.637519625518559,0.07478281500292093,21.410168672904536,598.6404544468271,0.08130080146735269,3.676869955772066
0.10322731574232301,0.0732843973355612,27.038751329758618,492.2754863486441,0.06172692708270605,2.5330829240712616
20.018815485093576,0.07115276023995579,18.55314259145622,175.2713010153695,0.08148858051902552,2.5173462899440313
3.4197435104337073,0.07236854185237608,22.376992391604958,380.95876118823026,0.06750872520564058,2.183002616549918
88.61889399258678,0.07276836499492709,26.624772578511738,341.4150720254749,0.0728829925012339,2.2861831435651814
0.152616077627729,0.077398950321046,28.53149143084471,544.019741500495,0.06802096336624847,2.90367781061137
67.22762853855373,0.06817999782275375,29.403009891928516,608.9338598380365,0.06494098664490103,2.732247415377522
2424535.207803551,0.0663864350275378,26.96305578047184,486.0715412852768,0.16451051329736027,2.4780037038221217
379.7041360743424,0.06910877629424261,6.358917177641231,549.5962053611476,0.05461095506965613,2.9181959637204273
30.240332302513195,0.07342100337364517,27.531135741015586,802.6084930689101,0.07249766606569122,3.1907191589944706
13.262511036279909,0.07276412425996627,27.30252598814444,405.8844896311541,0.06300673367396761,2.110454630089183
205.71022335083975,0.07915573978801659,9.337270783604211,477.3851244655422,0.06688778586725333,2.194428700305031
40.98491926071401,0.06742646701516897,21.286609122698895,418.8382762926083,0.07456367942359068,2.8284203160627053
266.283709760457,0.0722713938244141,25.142351846564118,601.3237533369543,0.0786527115284455,2.43575154091812
269.62485809644556,0.07561197481401054,8.628656507756581,225.92201447167514,0.0723177950839588,3.5576624170007003
0.7137000919761578,0.07096218112404121,22.98241358824035,290.55832612105905,0.07134145072554504,3.42023828390094
242.95064657369608,0.07976164688701187,29.842672942040995,514.758369981715,0.08583450620889982,2.9565752794320774
0.061206145440132274,0.07265515974125075,26.472843211234483,499.56066796477865,0.06460852649591828,2.915654536831083
57.85647358534881,0.07773690272880822,21.501644946337326,545.7400704695026,0.06699525681155144,3.370919882817711
0.2818479344579575,0.07667830869571993,28.77046694357573,466.8806962746957,0.06988249228320631,3.308309003487167
0.28604683271248504,0.07564889351205735,26.355769656728253,637.6577594687488,0.06774084967180757,2.7676873109540705
2.769768885763374,0.07246836511906826,27.051513009729682,483.779027556419,0.058518076877395214,2.0191583007807594
37.11394035151347,0.07008650474281305,26.99865276419547,150.16708194395903,0.07728535983253212,3.4037218642059193
46.59834238122109,0.0728980794631029,27.654226108934992,415.4500156553345,0.06688918250294773,2.1531271635401152
12.47927248033064,0.07308489505733133,20.494719221065687,516.2518819218811,0.07367316442589575,2.416104680459994
352.0682655547402,0.07396105202971073,5.3569707579759935,255.77335604019024,0.06278937925308159,2.2789884518579915
0.8198896099483577,0.07302609209798103,29.421074292486352,302.93221456173274,0.058470289113058016,2.1931747876185796
7229756.799872629,0.06124692913046271,25.157728995951764,361.8638105953882,0.39010090398172603,2.0491264110221357
206.44037313703558,0.06826342224783398,3.6612116603936116,947.7849905025255,0.06518424438819029,2.0596657361434496
1.239418662653083,0.07576723641347852,22.74364209266337,729.2679277567944,0.06914611569148979,2.6608441562108958
14.357731737311923,0.07488434262948054,29.537151763503296,464.9182257793535,0.05560623249856872,2.920530282784289
8.25811647634703,0.07160239282618375,27.340213125793788,688.9620130540118,0.059069651949805124,2.1378563592567454
93.62279114948458,0.07179879986273055,19.7955656406997,261.23570074828996,0.05677956337034251,2.9525603057554832
1.547556956124565,0.07414040032454859,26.621606098633613,495.07629438282555,0.0643581897097526,2.8896437766528145
9.895378263738099,0.07303068937211021,25.13199986779152,198.95821489817462,0.06956950343608567,2.1965125690812544
72.28827117151083,0.07277892017456924,19.855749668058436,436.0776707542006,0.05650482386126385,2.4791971267444404
47.735027517195576,0.07113356755396232,28.16375702727816,173.05710168383,0.07361721673025945,2.7071511440082947
1488026.8003033493,0.06338565323376766,29.03554426989045,330.22759059355553,0.16007216315326928,2.0715239793664635
100.13453373369273,0.07178256478619284,20.81560002369519,473.17429286883964,0.051384608159834394,2.766669636443781
0.9209442988723835,0.0723304763619601,27.127029019872268,370.29841614290626,0.06764893026989166,3.197650564221198
5930057.906327565,0.06474817229407924,21.97161771896244,340.9425851326026,0.261634223928368,2.4292003846434733
0.5529152875361836,0.07413846226102733,25.40683078773204,451.77339685664873,0.06847153745420775,2.7201457106542715
5.5493659273478535,0.06993567729863052,29.173983143820514,658.4532732708876,0.06133829542606142,3.1789544566020664
9.870181803713443,0.07788959542800425,28.28810624324774,412.1953254548762,0.06325550452911369,2.829167566122308
25.95698171216437,0.07740650868615105,19.979976371049233,448.77734144648014,0.07206078138276731,2.908798207840368
25.630917305776833,0.07410290159996667,26.500058387372054,124.28850395414992,0.06097191229511023,2.9118060800087235
16.44477869160638,0.07387990028958116,27.38680881582204,114.7028201440312,0.062485150638911136,3.0523540705575964
0.04771555502588277,0.06933189617087374,25.444760159677806,491.5356729314186,0.06318073527421766,3.0760536118827337
0.17533012935937314,0.07141639702841128,29.295285207155153,445.6453735416503,0.06097325931777295,3.219253030602654
0.053782138538549615,0.07226977260072938,24.931934291260582,496.45015197383606,0.0693208087609603,3.310313404573172
0.035440797421025155,0.07536270462307597,25.349871749349532,487.03569567745035,0.06996230287650271,2.8966477284436536
0.033155604838701135,0.06939974577573098,27.65798857296768,450.2479315796059,0.05793050884534057,2.8023770534101966
3.961480883731949,0.07316010305371878,18.55314259145622,177.82486369159545,0.08148858051902552,2.6219596506484972
3.8627713524270497,0.06534769461956544,18.324644003864876,705.1555507319533,0.06039282670729118,2.3682880841241065
2.0225498206848487,0.07660866846585777,27.444439583170848,243.90722420164718,0.0697794164503722,3.128533513915139
1.991831217187539,0.06642137337313468,25.584885902298204,765.8762497255512,0.052094597852293395,2.1111153994301644
2.4993013044559937,0.07619334175754469,26.980281013678166,608.9338598380365,0.06673399859752455,3.1484788203860408
31.10420363886145,0.07772312253384428,23.74012923086807,435.59018169841755,0.07677339684887949,2.3879793101951723
13.641104832383645,0.06744721494749899,22.7576383893922,131.9185238980143,0.06207673312229936,3.1900730647158673
2.876487153585482,0.07685412786148627,23.63963426415806,191.3880210098655,0.07249766606569122,2.540326962561518
2.899807230550289,0.072924712768021,28.69153049972626,405.8844896311541,0.065264518726353,2.8846609368906293
59.77517216989099,0.07438329775076727,17.452952803642077,822.0061074881996,0.059958733588697105,2.194428700305031
7.172743778876503,0.06897376874684097,15.692791867967134,452.1960388717756,0.07456367942359068,3.0353015731104978
0.04236793110112913,0.07135377015767516,22.92121062760841,567.2051867142341,0.061750721753564525,2.1838652391931515
6.283031051386386,0.0707786318897796,21.646926920861993,480.2940974032273,0.0668193838276763,3.027434985916625
111.31480709215838,0.07596240415486283,18.500895322292518,656.3612801205587,0.059919975851732005,2.870962821937346
0.12628365218951254,0.07765349492918001,23.902172843219972,536.173606795933,0.06987286428631145,2.3838665916077293
0.036249924305988675,0.07265515974125075,28.58631916284216,123.33943049677083,0.06265970563599982,2.344022887290012
331.9935995318338,0.07530922983763946,10.648717919680681,328.73168645967144,0.05143823105702891,2.4937928243496765
22.084964636041924,0.07473043811752982,28.246190667785367,369.90661204561263,0.052511891643555214,2.37295453591905
0.967925102079052,0.07054045581172826,29.926435070835467,408.4213966010561,0.05802988505831494,3.5262808176752523
0.1999992588534441,0.07494950120997233,27.906593811179597,419.62299532091095,0.06294466288867195,2.3808435820820804
183.02648611379644,0.07413812663604245,14.330247534048745,677.1155687322304,0.0603940089267134,3.2744998872467557
279.00064019351817,0.07423267245889781,4.649809407393846,423.0720185496735,0.06688918250294773,2.1531271635401152
14.336222717379167,0.07308489505733133,19.96294312853931,670.910866771459,0.06942801444856672,3.0686032940348498
6.863322360202281,0.06925186667941108,19.79064737289682,212.89686994369885,0.07223773374528639,3.342256350730487
7.09756224925397,0.06417332530597776,18.82851011571784,321.7606066862812,0.061570145414797245,2.674190789059288
158.15809096853462,0.07829307784032136,16.46905437214438,138.16538898535418,0.06597561384811748,2.8036715365591593
1.1901362095434136,0.06901173419045285,17.401261131946274,619.8136377651582,0.06518424438819029,2.172769097545415
29.731466747220722,0.07029929686300766,28.182023130408993,356.36114129722836,0.06290751077399384,2.2036992934930537
390.1865698431657,0.06982898080562795,6.2035016912672365,102.01843230199569,0.05972591679834113,3.1310286507762513
0.4672904782088777,0.07366078549499108,22.293456694815635,700.5977897368952,0.07280856021725032,3.027253221625063
0.27196392193222224,0.07527981000051476,26.489867881005615,490.4604960399831,0.0657554103497357,2.4863776088486973
0.32483186874789627,0.06663157261402507,25.695253830481853,181.1558838053848,0.05974622018780418,2.626485182957948
31.730717275821586,0.07501363044221182,22.604664678587177,563.9875398462011,0.06431955553519986,3.0789556214111853
40.71295824614516,0.07517120650764625,14.718844100441935,437.34097135797947,0.07407159079095554,2.6705418484681815
0.4803021181580051,0.07208476434903466,28.108521188640353,242.815671114826,0.06390153299250131,2.7140269073451337
0.20762939505199351,0.07008585741342568,25.875101643226824,486.40141262855315,0.06371750050522001,3.0046986420960016
35.155339318835175,0.07178256478619284,24.044817575652637,331.9902006487794,0.05608792504843679,2.781082357576755
0.2949129003155049,0.07444220535263163,23.753419953351703,453.6014174322156,0.06834427182749628,2.603130079165691
58.60289597772654,0.07167736689142647,29.73787533438249,356.3698562107702,0.07318166441006549,3.2178136698018656
268.9964617072839,0.07437730773683263,11.112030221758717,393.2362050427115,0.06017948029365333,3.1993633036132043
20.259385917382957,0.07328918750417784,23.629931107227883,611.5493695298459,0.06133829542606142,2.909803334339811
0.10180276281829986,0.06856760073946487,26.621253720746353,790.858642796398,0.06053161894848469,3.7506739046105584
12.82703943238455,0.07269987256128808,26.758721591981626,243.35948867309912,0.06740020939097624,2.2576941665853294
145.40628910033183,0.06482686871190262,10.74223655394269,490.46952321827894,0.059217673501505946,2.6470223480973614
7.2854002586312365,0.07533103164271751,29.37420857024456,114.7028201440312,0.0650033487133132,3.142999713878639
0.9073785063492931,0.072667549146305,27.61917437815336,310.34934549030015,0.06371478546492856,2.5325832836951427
7.846047612506192,0.07409960998411884,25.70963984472661,717.3612720001338,0.06346625761900115,3.1783182656703377
0.023077368833187423,0.07135295943686752,26.2304909917779,550.4116106448473,0.06212443493475714,2.7468769469171814
255.9333230892354,0.07566274414466008,10.663144062958494,454.5394280008897,0.0594690738156369,2.4758915323040775
14.910908621477695,0.07173763181285892,25.67501441564324,363.7980171197913,0.06205098957108349,3.9271449661937465
1.6135150367408349,0.07493412227597704,18.55314259145622,177.82486369159545,0.08148858051902552,2.5225157960327342
57.72152946909044,0.07336186451177892,29.203427640039997,434.8581991469085,0.07220985363025123,2.764044393902293
19.08903081367864,0.07696442722554414,26.624772578511738,243.90722420164718,0.0728829925012339,2.2313562531000826
342.2282396817925,0.07166757265597763,7.097210869643318,577.0831980478096,0.06303541973838694,3.781422761457777
438.42413808384737,0.06986196683225149,5.3902304417779625,422.27341170729295,0.050633721873430126,2.5361044798363963
0.25744066513579766,0.07330217046466511,28.451772042069813,282.2233747133391,0.06624731450547,3.052695492818847
22.610510571076944,0.06910877629424261,28.226162125783098,176.45824844533638,0.06570164077038401,2.462357325597962
15.673173030555194,0.07617294175243541,23.63963426415806,345.4574122026314,0.06958836332112653,3.2133694244159647
3.014054233514763,0.072924712768021,25.955709796005607,761.6816388638152,0.062363226341034445,2.9998037090862004
0.14550506989104503,0.06700165658287316,29.755419548043058,164.07323088708551,0.05435372644253905,2.8428427322082994
4.6935111335123505,0.07130529693225104,29.70710073435466,452.1960388717756,0.05128077478578799,2.4849107872434595
0.0724243689268747,0.07120868694348814,23.64690698975167,567.2051867142341,0.06329110806470614,2.467257166225004
25.489934149288903,0.07227625233443645,23.270453918049434,417.1977869814598,0.06422078991729735,3.8179227045551585
304.84005110519126,0.07274368688863012,7.942007571124249,380.35643697721775,0.06497760858543022,3.3572868806512552
356.5957997616424,0.0744005343840321,5.7073300291812785,350.5501752622765,0.06458142807424366,2.701791880410628
0.03957490114679053,0.07675241281265832,29.28630601286624,425.88425118167686,0.06692830921534146,3.013457163889666
0.30110017674559353,0.0733298659308739,25.466648050351296,123.77552450219576,0.07418691584228498,2.956828032845413
5.167429380743269,0.07401773393468916,26.527342676529326,680.4540041832339,0.06123709169062633,2.8508919097132246
20694495.8747364,0.07127297351726797,11.94260519574843,755.085643924706,0.28240039351937685,3.5262808176752523
10.972115728770797,0.07111776998469789,27.762862116290506,570.2688490873967,0.05541450533744799,3.156824466723905
10.087866949418128,0.07366917062303771,25.57074207229414,675.6028061978275,0.06256748612886295,2.038973868750513
0.6400159306603099,0.07721652631798602,22.072264961747717,212.8568103812966,0.07798663932888455,2.8064062507738567
15.074933846373067,0.07444413015175519,27.58687439235298,48.13507100552579,0.06683262075276364,2.777466384738751
431.3239084802271,0.07005190324685509,3.314651070424441,58.62977203437117,0.06533861458058185,2.6043523230564762
0.4762574448085576,0.06879321597274189,24.42631232130061,679.8945560576244,0.05662011773887271,2.357569136870694
5.673534597556824,0.07139941633296623,26.34723145241658,319.72243175604416,0.05776978152044651,2.560027960678256
31.249438392097332,0.06901173419045285,29.94601594118486,479.62786468060216,0.06684300663351009,3.537257501034802
3.533579061899607,0.07029929686300766,29.532975341170555,164.42513471525484,0.0586420324880208,2.2036992934930537
2.7197112330569877,0.06991872373812275,28.597986945894895,102.01843230199569,0.0583626445022207,2.7477506737649646
0.08932008386699763,0.07082086695351479,26.266009176634142,552.3362627874278,0.06368274431099435,3.0447908372191765
13.109294200448964,0.07441920013776307,27.66205743114442,89.69030210952485,0.06455982169584648,2.925071200058583
0.5420435492666253,0.07414040032454859,25.695253830481853,821.6784083653143,0.06855272518308053,3.4998650128488986
72.46004042222194,0.0795602053220601,22.604664678587177,563.9875398462011,0.06431955553519986,3.234667850175625
22.477630423801415,0.07698753892590045,27.721781968614394,598.9863564734692,0.07407159079095554,2.8700200850268645
0.31192234150782056,0.07076265331040672,22.109655831410123,312.336981030898,0.07361721673025945,3.6135299407726595
33.728396166538964,0.07008585741342568,25.221066033412004,906.2838538422578,0.07048087595359803,3.0046986420960016
0.9459976162246908,0.07250929585735427,26.029283759413378,546.918894795847,0.0629222758445746,2.827540192483161
393.66860578114455,0.07182803114761781,4.133592913808794,82.5314702059294,0.06834427182749628,2.7364922069028124
5.994049786299737,0.07603263212538437,26.108898461195608,662.8434973142478,0.06761674796619671,3.4550164563515353
0.12180546882796811,0.07293648695372726,29.860692071578306,473.4997109112543,0.058283157996340734,2.5599425290520923
10.296303153871232,0.07428719406783138,27.20402158023016,580.7694158470701,0.06133829542606142,3.341397799831822
20.22722334816075,0.07557910285710036,28.28810624324774,352.7221152247909,0.06053161894848469,3.572800592719118
12.24064002442626,0.07188754003299334,19.979976371049233,243.35948867309912,0.07266274451656698,3.2192669818543953
16.99915568070388,0.06584400485241872,28.67472019970387,766.8655035673723,0.051939831727728925,2.2176325595602697
31.94139711332404,0.07464332859351147,25.405925019397966,621.7670322094243,0.07176597832058584,2.474942550065076
76.35699308377997,0.0722870632387665,24.98087858537694,392.31264200547395,0.08005287256735805,3.149515162010859
176.27132703290965,0.07519917304692751,14.27885626847651,431.9240466343231,0.05416044765584424,2.0242799198574035
5.497025255071312,0.07041090128703792,26.2304909917779,550.4116106448473,0.06003203368298546,2.2183292662042273
0.5887233384530478,0.07354389444587875,28.387776088285793,490.1490808825269,0.06443330849573423,2.8966477284436536
0.6165803651967929,0.07173763181285892,25.22005599755012,638.8270039507457,0.05899263725573489,2.323108108546675
12069885.286310526,0.07540495386249897,29.056852138226954,654.1099271733297,0.32535922820537044,3.420309119988919
14.97360099306129,0.07731795411141008,27.323548769097382,894.0401219093553,0.06889827510725666,2.4579542213215007
67.63443050816005,0.06681900250695039,26.837233490931617,199.5060406661127,0.0728829925012339,3.0856820822051123
40.28218561529488,0.07188754003299334,23.053550119623598,648.0469300878372,0.060249837634765324,3.9070843858653097
0.6109724643932803,0.07679290038372767,27.944514271226822,390.76422081048014,0.06307380293884438,2.122488137738844
0.217047099115593,0.07407341010325966,28.475027459217685,189.7573397188931,0.06035996418657211,2.006342659676217
50.049509400783876,0.06910877629424261,28.4430333747571,131.9185238980143,0.07119734979099979,2.5863948830161645
32.6788853469139,0.07079688628232303,23.63963426415806,909.106750268894,0.07249766606569122,2.912624963975998
39.931110716303564,0.072924712768021,27.997859212632644,502.3775647981703,0.07023099412819644,2.6529442153162286
8.801064805815646,0.07438329775076727,29.06485032351035,269.11415168476094,0.057850942661876265,2.7122895724171787
6.293876451116551,0.06980403918606044,26.230930982877485,379.5840537314533,0.057759836583059804,3.0353015731104978
1.6084234984700654,0.07982031756569517,29.399036413630434,106.60017211951919,0.07613912016695926,3.3210433829000134
0.2536525422721019,0.0707786318897796,26.394043878546814,331.1717741679739,0.058818057440993776,2.3632048022871683
6.123583216805424,0.07661751523434066,26.738309318509188,618.2199684687596,0.06767446446146924,3.4895622262175046
91.87596300302941,0.07765349492918001,23.902172843219972,438.1944913008534,0.05846183230530752,3.8298531126831543
10.129318601773047,0.07406080109900431,28.58631916284216,599.7302473889451,0.07223007393474981,3.7473059774200634
6.202482431679208,0.0733298659308739,25.220360327121284,835.1772793374212,0.06699525681155144,3.9737345439861063
117.53978139242487,0.07097426374974272,28.82751002291441,558.8671970120251,0.0732092675368009,2.8640512598352634
3.160187428109075,0.07899084824433733,21.01219084811855,508.61937122685094,0.07543765870221783,2.3266835726769006
10.505864489049848,0.0702762728591338,21.839446706412367,541.8640317760645,0.05541450533744799,2.0191583007807594
2.1103718656249453,0.07184327833298085,28.722864836733798,168.4463568500828,0.054185036614235155,2.038973868750513
35.88613851549667,0.07713198557609922,25.455314745234205,59.21286431608513,0.06541385361393104,2.30312403552867
0.09744719541362637,0.07308489505733133,24.29949424327696,807.6748185500335,0.06963983747714972,3.243647409059048
5.076775008513085,0.07005190324685509,29.945501117737564,554.6929854597336,0.062445947088120235,3.68852637989327
4.569319984462333,0.0707369550372697,24.42631232130061,320.1785914470712,0.0577161233158891,2.21810172892495
2.9102534609013895,0.07403513257775397,29.947825312999854,476.9856175711441,0.06286065378152103,2.657401559887694
2.6324264156767856,0.06901173419045285,29.728598377281493,56.24876044812146,0.06518424438819029,2.800276517400585
129.25319362489103,0.07089046622180269,23.690348166557072,395.8431768251579,0.08127899403755182,2.9615718678720855
38.12109442820488,0.0792235752211003,29.950649796531234,102.01843230199569,0.05560623249856872,2.2028183447081933
2.165083954401447,0.07128509402505971,26.81922021429024,445.310970934641,0.0672818290565084,3.2531834343649275
1.9458170648025295,0.07855936354418362,25.516486898627733,555.2476002816168,0.07434475650514069,3.634505195820525
2.670887440664032,0.07414040032454859,24.82970214266873,730.452892000317,0.0660090345752278,3.003792075864072
6.472514822379467,0.07303068937211021,29.44779059796979,836.4167450627547,0.06431955553519986,3.0120267537518703
33.740161895103384,0.07193731890594479,14.718844100441935,458.30534562992705,0.07407159079095554,2.970197138431417
232.44147671945495,0.07454580426010113,9.60289919769911,157.44443509118776,0.07361721673025945,3.5779648307975536
14.489478306049744,0.07008585741342568,25.875101643226824,150.61949775524772,0.05867475875355105,3.0046986420960016
0.12472571375166903,0.07358543399757708,28.884454474631365,426.8640026298143,0.06055028976957713,2.4939912892824476
18.815243948915302,0.07444220535263163,25.418749197562235,53.631641037816905,0.06834427182749628,2.603130079165691
0.6075727301419438,0.0740002903599436,21.1476463119104,585.4129608763182,0.07103765871117734,2.699529739639108
7.966107252051988,0.07437730773683263,28.20581515004608,219.32117511105344,0.06214267294390463,3.029391254960589
153.0070829622174,0.07421753153481306,15.091770616366286,358.8267448907226,0.060359552870452554,2.6635615161221744
103.07727904200402,0.06399775444527836,24.068580699011846,65.85828875157273,0.07364979926293452,2.0922831019625514
644.4854299339149,0.07414715364387435,0.022319919678253086,271.58222419351864,0.054005179691950844,2.621506837622581
0.510659975143745,0.07319573919534483,26.500058387372054,495.06624862150636,0.06173191157875149,2.5375041846561333
420.5178051611044,0.07653616367116979,2.7510715937576187,459.8260133858165,0.06717495030375079,2.5435276948468992
0.1601211991036981,0.07915815784811406,24.98087858537694,452.2544134401365,0.06971899502810469,2.3709535518987757
138.05342378847638,0.06381816732823709,27.83292479614791,432.3959026066408,0.06716924116315232,2.854521737952368
1.1026910827597762,0.07163293804132437,28.915311150240917,550.4116106448473,0.05273679668643266,2.283512635050081
353.1294879808946,0.07487360431088151,9.071023621345589,29.65410172185898,0.05993581466528708,2.2419036306999147
2.7924294475564198,0.07173763181285892,27.496727832923455,618.6527779808117,0.05391841849560702,2.327025530423766
104.67029869343186,0.07540495386249897,25.68314633755165,402.8715783470118,0.08148858051902552,2.8317558399406524
41.230402637295796,0.06988156239355456,29.203427640039997,393.6316689965709,0.0693030014842799,3.1725659811590576
145.19940128518695,0.07696442722554414,22.60819990602816,50.02074640991259,0.05592919836827315,3.9144835030584355
6.6491162120911556,0.07166757265597763,27.219140912167063,130.62406314091305,0.07156877034966741,2.8320224930938176
1.7724967236665297,0.06817999782275375,27.944514271226822,718.763226348442,0.05703266736465684,2.874593327333753
20.99882844932489,0.0722970885188576,18.50319850742883,548.2714792773655,0.06035996418657211,2.006342659676217
9.183163917521792,0.0722970885188576,29.285501624174717,548.2714792773655,0.05727079503234431,3.6443130974344737
17.069850462825276,0.07326844184357204,27.151049027168433,401.6092359848921,0.054730355504955086,2.560204357557244
503.636493657566,0.07527625033346999,1.766389170064409,405.8844896311541,0.05854397325644814,2.297899160172453
1.697904011653418,0.07143438932425708,23.09672879106929,984.177494951944,0.06351142338520904,2.7575497035009393
19.818984241398766,0.07667884840008711,28.72212301023354,425.26559219757377,0.07459293352929233,3.0353015731104978
0.127202198802821,0.07135377015767516,22.92121062760841,421.01051953846235,0.06876941648074869,2.908854089876681
9.602660555041645,0.07757174007924879,21.485970981874882,225.92201447167514,0.07653115474805497,2.9780925156903364
5.695182617721492,0.07274368688863012,17.178723797153935,635.7316317901747,0.07190250619854816,2.5987454635042955
0.18331171883784514,0.0720462652046173,29.99838738675258,323.720212883895,0.056626188680517,2.5621037747005455
123.53353649084153,0.07113224680907271,21.75930049240155,886.2809582075408,0.07440034609089549,2.344022887290012
386.80248526299715,0.0733298659308739,7.687698975741519,173.07381323328093,0.05560029476479619,2.7876465665346153
7.404048062121014,0.06631725471340673,25.9750106566894,219.51434788509619,0.05502490795460441,3.308309003487167
38.04020667069183,0.07727546220360902,25.604044037506043,637.6577594687488,0.06229586141897081,3.5262808176752523
38.064872677372776,0.07571776086894295,25.42296688858345,874.7887827615732,0.05541450533744799,2.7139419249106655
0.5889341634090229,0.072399016314174,28.288999746679636,427.72674091735234,0.06440791326280132,3.0697587514782745
33.294558884949325,0.07495287763867776,28.354528570415717,486.6466780643677,0.06688918250294773,2.1885553857239444
1.227525384729803,0.07493661591889364,26.218961135877816,751.5451926817909,0.06379275761612563,2.720869410044436
0.5441528597947669,0.0763096598760684,24.03691477763035,436.09827860897076,0.0718322582843309,2.6043523230564762
7.868135768244715,0.07392460690315768,24.42631232130061,493.49532463182663,0.06870980794273268,2.357569136870694
1.4679350975286596,0.07091085106711355,29.947825312999854,100.14299159825617,0.05776978152044651,2.5949301205652437
19.61742803794113,0.07743966162925116,26.644731389815476,207.09071976272656,0.07774218478033146,2.576654936449097
0.48180995410103783,0.07029929686300766,25.430191042212044,503.259499886484,0.06070602571165404,2.702956210409768
57.09510841222229,0.07389254979332557,22.303723687885878,501.5700732210335,0.08237800626929537,3.1333230166650745
18.35601989284278,0.07740280238132176,24.530131093098383,151.2978460887668,0.07083949654348368,2.944655971885357
4.09797215646538,0.0710822923093521,20.764620814906838,387.84928809922116,0.06562747347888809,2.427740545195753
0.10092720820092879,0.07448164092877008,27.348465456205112,181.1558838053848,0.0660090345752278,2.3373046845124144
1.7870836006283093,0.0679722280354945,26.0508246852627,696.078724905522,0.054570754952400935,2.1965125690812544
137.46474952976445,0.07236856928289999,29.250054888032572,437.34097135797947,0.07407159079095554,2.6113713858988605
18.05767441830149,0.07454580426010113,22.151698304933767,969.9195255323839,0.06594105173225784,3.1000159599987436
0.11228356860632879,0.07008585741342568,25.875101643226824,795.489881278282,0.06461511931010377,3.476054624618225
2.307986616413679,0.07374134295677202,28.797743178791414,331.9902006487794,0.0657856619737433,2.759521431253295
0.14752672460993732,0.07260176209853035,27.40224284868862,453.6014174322156,0.06484975969699966,3.0025288912381063
59.10961003609742,0.07300123694152773,29.319353877103467,151.87321562079848,0.07318166441006549,2.3431221760160756
2.78497033576367,0.07152843641003213,23.643877752116396,730.1547017386345,0.06476802245704188,3.029391254960589
18.303825035380306,0.07659020816468783,24.759742886164354,519.8366140529023,0.06133829542606142,2.4622999511690065
0.505771481890092,0.07232558917442489,27.376674735563657,416.8535191711197,0.06458129121401304,2.871750396610543
9372125.470667591,0.06740106093825615,19.979976371049233,785.5030759028891,0.17755820016549395,2.8325645999262337
0.2820241564010479,0.07018457272712843,28.10374064727142,605.3846082197867,0.057393310616204424,2.665588738810723
57.65751358306356,0.07701946056581847,18.218991535627683,366.0042480768377,0.06717495030375079,2.4734337728477067
5.428619375113337,0.07966883919688898,27.605013128836912,554.8634274980261,0.07687387619696928,3.2890768356674176
2.9441112579923985,0.0738148412527614,29.467145372918612,445.6453735416503,0.06097325931777295,2.3539052502690123
22.554005252183508,0.07704165798694262,25.439816644991314,533.5453077085099,0.06212443493475714,2.76029331395535
2.7346185447530953,0.07570006431862376,27.716989822075885,253.1877759328829,0.06842686247964097,3.3119938991280162
2.0378029962463193,0.07310020153413437,28.58337623525155,280.0036755884636,0.06625167541449586,2.843553216025126
81.10522598797658,0.07318536766669945,18.55314259145622,196.87258255416378,0.05766649011184294,2.108724287796943
25.406241462803642,0.07411650542986395,29.49551901329189,150.0737925768155,0.057041098213643115,3.5816097947354915
402.4809378438348,0.06940581666542758,23.836693700445583,888.4279462855434,0.0728829925012339,2.0315495468150235
7.058250828563516,0.07166757265597763,24.170348975052214,515.8754571238436,0.0668250899184206,2.4093417803829467
9.556508025395315,0.061266279149278194,27.944514271226822,545.5019681155226,0.050633721873430126,3.3619433073718867
15.581219398735742,0.07453590020366112,28.475027459217685,461.8837362637022,0.06715036634319102,2.457069502274914
439.0674903426526,0.07143601795556641,6.016334669068305,131.9185238980143,0.05044701798543913,2.31650222716996
48.87098879103138,0.06947033075770767,29.810677202654027,346.03570148436813,0.07249766606569122,3.9980545791289863
10.277947047836847,0.07189811671791671,25.366292698646063,968.8354401799771,0.06300673367396761,2.29757832680742
19.507041473910313,0.07438329775076727,26.08190662559246,183.40131287472371,0.05616805738816125,2.0878819364631482
53.07416535526621,0.06574919884108266,15.692791867967134,416.36829157237156,0.06048466959554144,2.6923999628497843
11.3095736442657,0.0716759740991845,22.92121062760841,777.8088148259958,0.05603772565137849,2.1838652391931515
0.07581230060313345,0.07215186310291256,26.39676656043965,497.3568556397576,0.05871763403322805,2.1806801044550173
0.3685430023430369,0.07097406651434222,24.118551364445015,922.4003415968139,0.06314896474799814,2.8198684671956045
0.08754885973702875,0.07470176884966184,28.723973553611657,536.173606795933,0.06638908049589093,3.4577372870569643
12.86087567135719,0.07265515974125075,28.58631916284216,278.11983392428425,0.06549540646853125,2.3708889046577704
2.44212938396101,0.07266456101580245,28.369663151938994,288.1292494762567,0.06699525681155144,2.9945439538675496
5.847493886056746,0.07403998066825378,28.008449842271837,219.51434788509619,0.06099529429601486,2.6894892731860858
1.0813086436447876,0.07592403141315598,26.178999864049466,637.6577594687488,0.06630187248947794,2.821312765938508
22.762348107252315,0.07534099564113304,28.311628087259113,419.62299532091095,0.05541450533744799,2.7675197250655805
0.04789096450855328,0.07190722004764136,26.99865276419547,118.31567730498568,0.06103514633911747,2.0219342946110386
5.930252948842895,0.06961009444590105,27.63937367935725,407.6842948306909,0.057423751512611226,2.1531271635401152
8.53613533483349,0.07064347098493987,28.082370733587332,682.6985053234657,0.0627338453140365,2.774119820823608
448.80904068705706,0.07240376832407436,5.666363238670241,212.89686994369885,0.0520289774681266,2.5184709130887013
0.16040135361013774,0.07277374298924678,26.436425737693014,679.8945560576244,0.06217993903571453,2.549033681967286
0.6513660944171517,0.07001235813142552,26.095476899788153,657.9459280989583,0.05997704520755409,2.560027960678256
2.642965414991027,0.07278521169232186,26.042330907880384,947.7849905025255,0.06382772060977585,2.576654936449097
0.9187199532521768,0.07397182173581088,29.63372265556542,286.233162209935,0.06737248544215343,3.301003339467997
13.083414952570003,0.07237362253268478,28.40384641622026,329.17715498033897,0.05560623249856872,2.9643387481422696
7.246149072509347,0.07363511784720252,25.499317257400172,688.9569886818425,0.06327896634617095,2.1378563592567454
1.965496376542666,0.07224911829239422,26.921632802472867,261.23570074828996,0.06120983327713214,2.622231530797883
3.602039804895725,0.07089013551721433,28.553078865115552,174.2767062100893,0.0660090345752278,2.8892625708452218
0.7891259945959801,0.07303068937211021,28.818815503499756,275.08616402938026,0.06014360330087207,2.6369425515410243
146.50833673927065,0.06999410704537595,14.718844100441935,470.98062180959147,0.05478418031132018,2.5363802356441143
254.0471876117088,0.07893698660099324,12.494121713949669,312.336981030898,0.06185686506996993,2.747157893981728
3.427097864443528,0.07368086638461412,25.875101643226824,504.5367681146159,0.061283804151603116,2.543802496501316
0.5683533816979847,0.07587810988691128,25.2703028819896,331.9902006487794,0.07008339663308638,2.7925849510627767
0.03559221630115145,0.07511878798907647,26.048000002815822,501.61943140392253,0.06484975969699966,2.448984064456158
0.13370420730120808,0.07437521330963076,28.38256775707417,403.01943520095233,0.06230802870029056,2.464133437568067
2.8850700576827224,0.0742224721340121,29.21484954471984,185.00496034960247,0.06141165207211355,2.6851034851650315
0.025647209846489084,0.07392481120648489,28.308999430679716,588.3787508433832,0.06339803366995242,2.909803334339811
4.251649002802778,0.07164764411328059,29.057460809786402,120.86265226073544,0.05808720173517273,2.6283261841577783
0.03425254278670755,0.06967958942863359,27.727534307793412,243.62834319512308,0.05741953264377661,2.394485222034419
23.05071262571371,0.06482686871190262,26.843971265112778,722.2856896927719,0.06024760624732928,3.030687272618338
4.0632633687842725,0.0740121606030238,29.86346834424792,114.7028201440312,0.06449874947432388,3.411832646117837
5.163179277392506,0.07202901443600028,26.77596129938869,554.8634274980261,0.06534023567900404,2.6822087540504853
0.031919024566629685,0.07406165286621338,25.003040408815185,259.32723969994487,0.07148431899411567,2.9662169232066553
37.2802947614436,0.07576102635709069,26.2304909917779,65.95275649332547,0.06212443493475714,2.5092449841702633
0.023028777552529883,0.0711329859641619,26.65387335320068,467.766429444995,0.05825066194799919,2.329326418849378
185.56057518192102,0.07173763181285892,13.432093985117831,156.2205870877612,0.05815348725734809,2.4273994920938424
333.57321267563543,0.0753477578443361,10.039574116078011,177.82486369159545,0.05754269962212963,2.9508537774733834
0.027820363405611483,0.07336186451177892,27.84704028789268,489.0203345481616,0.06209667884738729,2.6778706951426363
1.0602990524260298,0.07328463080291413,28.51125136748528,650.2069553530456,0.05807716328941967,2.644887102694476
0.0742989746169089,0.07599443052599922,21.63966999783027,505.5345215288132,0.07623922075431577,3.002104857268212
1.494903522327955,0.07293564975860625,27.944514271226822,388.2418090248688,0.05923139609384789,2.117912977532384
2.0847864069985427,0.07333219109259266,27.304782805060434,306.8718747813149,0.06887043015900987,2.9586970368689176
3.4322547905211738,0.06910877629424261,25.376831683804667,314.6804959536262,0.05655307337070456,2.4735630395854704
0.1488536869920593,0.07155500982271354,27.309531547808312,340.54690736148564,0.06258255604318352,2.7097845694010054
4.972297674123647,0.07291018694244779,24.360999919537456,269.56228520389595,0.06045714721604295,2.1476525286248602
8.49450320511076,0.07081135968355079,29.636033350175634,183.40131287472371,0.06688778586725333,3.106065450950469
0.2513510024595451,0.07202866509162278,28.96005459187223,290.7338254113811,0.06184804580846717,2.7902847636816097
203.49630451301974,0.07138866126710221,10.199483300077823,567.2051867142341,0.05771536201861943,2.1838652391931515
27.58168965440042,0.07496470758276742,23.270453918049434,514.9409867400215,0.06422078991729735,3.0952046625891168
0.2645488142288348,0.07274368688863012,23.425947188232996,290.55832612105905,0.06705398002994967,2.4252612733425423
0.07497170193056543,0.07055807697832946,27.260732928539753,423.19319109442534,0.0578105418950591,2.4965868871545913
0.07021536849174354,0.07410339867638913,28.07371311772532,465.0460545704133,0.06507316454728743,2.9251760321839644
8.185878273170182,0.07106292941843365,20.40891585710915,595.1676405802899,0.06699525681155144,2.8746454870575175
5.277589459790215,0.07224108249506052,28.197491411560677,298.7269175236851,0.057401603251303834,2.7351074167723053
263.64155754579815,0.07535335535115352,11.470058975374956,400.75190538204464,0.06249675352177811,3.5262808176752523
4.433811050409183,0.07398849183604853,25.42296688858345,475.9016126571896,0.06282485053558998,2.0191583007807594
9.644695089383207,0.07276555779309042,25.03155022521085,502.6623895679041,0.06213132775042404,3.0101800211247047
576.3731806436929,0.07086370304070211,0.007856111624874984,283.70726909738886,0.05681473213339078,2.1531271635401152
1.973311999762769,0.07442691295524333,27.58687439235298,169.83936934400037,0.06581602881149098,2.737852917815424
51.28877944955029,0.06847893708627108,29.026984089888106,212.89686994369885,0.06740354853490743,2.6043523230564762
21.29510508301847,0.07412253119267377,23.60138460300241,367.81416885785706,0.06217993903571453,2.668368238877565
6.335918659492073,0.0779469551741094,27.751940439703507,526.8182197664204,0.06258226073916212,2.560027960678256
6.528495124137305,0.07702413982816168,25.79221184558567,410.81075871189176,0.06518424438819029,2.576654936449097
399.65833141884366,0.06964222103232398,26.87616904835972,516.19716684505,0.07515805136982653,2.2036992934930537
157.87331092792178,0.06972249731533131,15.769017372107012,102.01843230199569,0.05242002284071712,2.2028183447081933
0.45626159087626117,0.07158656979724848,29.2031583170825,875.2852792683718,0.06170016462808803,3.6067494665066913
121.66146900876109,0.07342387490946754,16.886699695931707,103.0472919270382,0.06551097354614746,3.0292559279076645
0.08957976333671111,0.07571255627582173,28.345248559842805,359.75431030416394,0.0660090345752278,2.676307223279731
23.07259748667093,0.07257720547600034,22.604664678587177,426.61717026478914,0.06234518489835522,2.8685734801141445
356.92458561199606,0.07019841835773045,24.118932484226573,717.6753901311163,0.07407159079095554,2.0689739150644826
236.07327074065924,0.071250081452154,25.94045722382461,389.0653659062214,0.07361721673025945,2.0595332590786963
0.22130028560668463,0.07008585741342568,29.07417837700976,770.1741135815953,0.05435788512440318,2.565554725339232
0.27607704719650117,0.0752359006596314,27.347509335002712,326.6007215010962,0.0665380362711426,2.76522306523744
484.8153149162066,0.07511878798907647,3.709021295350704,17.381888578864903,0.06727150788468281,2.448984064456158
17.165603435315482,0.07140187203715209,29.4143275311992,301.2352724698994,0.05038717830070183,3.6321690841111147
2.458612848876438,0.07166252021514885,29.860692071578306,622.467434004748,0.05534168866501549,3.029391254960589
6.5364437364734025,0.07436764997981991,25.918927378092704,270.92493160693266,0.06539502183504892,2.909803334339811
57.803500351750984,0.06856760073946487,28.28810624324774,266.28744974164954,0.07353919719227522,3.5636825401792205
24.63914811170435,0.07466712990376294,25.562087891762935,411.33223366469844,0.05741953264377661,2.5479766945648175
0.6897880732588649,0.06482686871190262,27.322132362882847,125.06710838999402,0.051939831727728925,2.7095858933079047
29.62135194400785,0.07403957561661839,24.882353066462436,691.0485714436585,0.05465113087785642,2.4780000348860267
0.0354328117054368,0.07339673679150048,24.643266272622583,496.45331166466076,0.06908230383610331,2.967175588004425
30.602414855482508,0.06864351247026318,20.895206374495125,445.6453735416503,0.06097325931777295,3.475566981852152
10.472796187772655,0.07133043839642449,27.552234751155265,528.7162115564819,0.06212443493475714,2.3520550445383126
513.4920455040428,0.07347093422393998,0.6267289929409667,240.07797951713252,0.0619301957533572,2.329326418849378
226.02675352544577,0.06963556079600779,11.19553937419084,156.2205870877612,0.05883933143843895,2.730578217687661
9.028703024886052,0.07540495386249897,26.762961532019524,467.5574194227465,0.058774843902990676,2.375106337677291
5.910589958573237,0.07484264119326141,29.203427640039997,732.960326731207,0.06209667884738729,2.3682880841241065
44.6532721820387,0.07009906981225698,28.165945852058364,160.96464141246378,0.0728829925012339,2.7951352780001857
28.146042883089592,0.07599443052599922,28.385691133079263,156.6174762465521,0.05919077660060659,3.002104857268212
7.375271228454329,0.06817999782275375,27.007951875703416,562.4405383681941,0.050633721873430126,2.6200631261500007
33.59438582804452,0.06751610050633301,28.475027459217685,162.66096291417676,0.06035996418657211,2.006342659676217
44.33245841395884,0.07797191158682246,29.285501624174717,76.3989002141505,0.05655307337070456,2.462357325597962
32.603670982154995,0.07154969134292238,23.539799503275894,191.3880210098655,0.06097589635562761,3.2133694244159647
0.037683377975098006,0.07267245629433648,28.917883447433248,232.57675640097773,0.05999856724993913,2.3690385523093003
28.92772050681998,0.07438329775076727,24.560877754815856,47.68594533165026,0.06606915798402146,2.3368533397684828
74.87767184451674,0.06574919884108266,28.97832820889113,244.17021554075146,0.06769731074468655,3.0353015731104978
17.175071601542996,0.07493678308858617,22.92121062760841,201.1845110867098,0.0670160360087583,2.5861434705893784
8.235637878727891,0.07605798459474748,28.512575668049955,225.92201447167514,0.06766803738581034,2.1806801044550173
0.2634312229408325,0.06998058107648335,26.488116657869718,672.1209314642908,0.060482506114771684,3.153793390590763
3.0909664777194954,0.07055807697832946,26.324085287708638,243.68898151975907,0.0578105418950591,2.432741241294517
17.09966088317539,0.06926831796056133,28.58631916284216,192.0202349835863,0.06948754455698292,3.395881443143254
14.90477977706298,0.0733298659308739,18.8344638570867,302.2016256678176,0.06771501072346739,2.287296351946616
7.65801690878023,0.07725021893263363,26.527342676529326,219.51434788509619,0.0732092675368009,3.9666380399219427
20.88773906134611,0.07020382127623362,23.518848295968372,28.335034671852213,0.07101661974197268,3.125890247574639
0.3749920502055133,0.07328096067285529,28.367579633633454,159.46288834422347,0.06070149757688356,2.0191583007807594
0.21944561970134369,0.07573327976404405,29.098503557583925,174.99479992781693,0.06107253329601445,2.053981824596143
66.11660408399449,0.07267875907237183,19.35087961244665,633.8719135547544,0.058234102928283654,2.5970451717343797
6.344905694393117,0.07405856157990681,27.58687439235298,253.04711589226508,0.0627338453140365,2.983407658644203
883480.8862495348,0.07005190324685509,12.411300975333035,155.92733787964642,0.27405564124214293,2.7298992757261002
4.6235449499672345,0.07213100876646741,26.140553617216835,719.692455806638,0.057606081985148466,2.6086349976860386
0.04369827910340837,0.06886770801256732,29.947825312999854,200.16671657089887,0.05405748040085659,2.560027960678256
3.8096971122653995,0.07557059750348147,25.145703266644666,488.95753043806593,0.07062203531689165,2.576654936449097
3.6367613896519453,0.07063865592549888,27.2625090321168,139.87915850790756,0.05624481661087874,2.2036992934930537
43.3812312135134,0.07407331854354113,27.516987456301685,102.01843230199569,0.05560623249856872,3.058980096098285
0.09807794804384326,0.06777899706863248,27.21406322122703,755.7926608790033,0.05256113986458896,2.400513746680817
2.251483711225527,0.07448443725151092,18.362268080663238,261.23570074828996,0.07983928006938706,2.5620065033748967
13.85728128206189,0.07414040032454859,29.454297466079563,527.8825860621326,0.0660090345752278,2.6120976360354797
40.29551597120392,0.07551224214008066,21.59621862170176,211.72673787639332,0.06431955553519986,2.4730678233738823
48.71698575267736,0.06963339261967781,26.897623540842254,385.5097431710686,0.07407159079095554,3.401467281377353
67.07103850247415,0.0771901356835167,25.94045722382461,493.1385778862608,0.07361721673025945,2.1861570660992027
1.0650018056151493,0.0722904450716441,24.183493505844396,927.0116392069456,0.06918843760370169,3.8158042020208396
13.182447690877462,0.07199650771043734,25.816270806004724,552.5111802229459,0.0657856619737433,2.379745296890005
476.4364277924865,0.07712193116378321,28.076185038396037,501.61943140392253,0.07994533674643436,2.0556548546256845
7.458847258200217,0.07437521330963076,25.186778190600428,823.6597685171139,0.06230802870029056,2.8201149764078597
20.209955148970447,0.07437730773683263,22.00264144610225,683.4275899706305,0.06602025680124032,3.029391254960589
2.114087317460139,0.07392481120648489,28.308999430679716,248.6303934542774,0.06741000156208812,2.7087516385591055
3579483.5494367355,0.0677693581453108,25.66385003095362,383.1529892965748,0.19424230581794805,2.871750396610543
0.5181116713994526,0.06898108008678702,24.96057825385978,243.62834319512308,0.06213912578346925,2.394485222034419
150.65960165979578,0.06482686871190262,29.571634382628936,517.2760368652912,0.07070760417242783,3.701281880926671
20.721041295509956,0.07251901641791293,24.882353066462436,114.7028201440312,0.0642220627196492,3.1037815858525706
16.64105091108842,0.07203561288512296,24.664581797530865,827.9635654430617,0.06971899502810469,2.7449097271969856
27.079860125798866,0.07409960998411884,27.83292479614791,84.38921419676666,0.05433606311058195,2.1299747265892535
209.6336024859179,0.07798458165094402,12.009450470379308,382.6923644912098,0.06944469409533624,3.30029997051985
4284545.789563131,0.0711329859641619,29.676647627202225,360.08841541668244,0.3420177593127983,2.131487505534196
27.651098737392665,0.07608584113465329,22.83711235093451,426.52246635281136,0.06489554889629179,2.7678711856094234
425279.7677504155,0.06477881756470354,28.83475018112774,177.82486369159545,0.16787177097280961,2.741791419016451
3.0639882740065456,0.07500803332029202,26.13179867316561,499.6786391668459,0.06209667884738729,2.463789451174396
83.66253256847978,0.07375769377326151,26.624772578511738,503.5014230236318,0.0728829925012339,2.378633550921787
2.204162453786057,0.06936536702106223,23.78567954924891,505.5345215288132,0.054636726220505166,2.0411165611835522
0.9292298555735583,0.07314906489053254,26.90410438081763,843.3590395108708,0.06395062556900638,3.296726072300317
0.31861787445723705,0.07117091275879577,28.475027459217685,189.7573397188931,0.06112869811242885,2.8466561822640735
33.278137267090216,0.07370650576590455,27.150595998447876,556.8976837383316,0.06934953348521714,2.462357325597962
173.65197501600477,0.06678271118730003,27.867826662758517,367.61555746864815,0.07249766606569122,2.7599891598700252
1.379604048412323,0.07087039354080818,28.917883447433248,825.8343367300984,0.05999856724993913,3.0922699318219053
20.231478888048088,0.07188921623826633,25.464978552338238,965.3800103347356,0.07197157788804301,3.2480078325206385
9708480.03466758,0.06574919884108266,1.0038325969733428,452.1960388717756,0.25558414923948725,3.0353015731104978
1.360413748305045,0.07364744287193703,27.447425258005552,711.4869319264208,0.05933250724159386,2.1838652391931515
53946.22670051819,0.0707786318897796,23.270453918049434,439.7389247161937,0.12727273398290528,2.367705020973786
3.6294360285877008,0.07557410594581843,20.43499756223205,290.55832612105905,0.07610626185191316,2.890662668737346
0.07677206966425675,0.07487925993200784,23.75816344335533,556.9602602618816,0.06847226019773836,2.595287875070994
9.59356183405453,0.07315224682361235,28.58631916284216,520.803035516126,0.06899618532603907,3.214088734192977
0.7492093525600334,0.0733298659308739,28.456479523062967,565.0828905258593,0.06699525681155144,3.5088552910262427
25.168263305619227,0.07473043811752982,26.586388791827794,279.10673750938776,0.05664238943077357,2.5279476168023645
6.803575079837707,0.07440360103202422,28.362979396889294,589.4145628054814,0.0565601724645656,2.582077986275559
3.251618621153996,0.0702762728591338,28.106586808196482,425.674061285021,0.05541450533744799,2.8250951740180197
10.523226049906471,0.06786965412563475,26.99865276419547,481.8312761398334,0.050602208007676536,3.066560137201148
1.3031926635518132,0.07840043196935186,24.97890967368268,548.8046597024338,0.07848303437711945,3.520755193102155
6.803917057073056,0.07308489505733133,24.402390139584895,746.7709504976326,0.055018363201267795,2.0256803013689457
4.905598655244323,0.07005190324685509,28.30353901685535,985.2915501123107,0.0644697153597113,3.7648854432397476
0.07748383222898636,0.07336989866040687,23.730469412696742,737.5036912980206,0.0604478744440447,2.0315538435784446
6.907450878844868,0.06886770801256732,23.751240974483025,751.6795263965835,0.061603207042583125,2.2807571245309664
1.7820711390010069,0.0711726669423586,29.544845654747984,65.22394815053616,0.06518424438819029,3.7267126898471106
51.01525831702847,0.07029929686300766,26.921905056160988,545.1835447026239,0.07625764526116569,3.9566933144502405
260.08569595969794,0.07418687722829487,9.030924731909675,102.01843230199569,0.06441155767349052,2.2028183447081933
80.00634944386321,0.06858443936409019,15.86061822798551,682.2883552839493,0.06359016276282592,3.538245287556301
438.71168900717964,0.07841101926173084,4.7953673228099465,384.2467454989166,0.059877661547491995,2.427740545195753
354.0000608135356,0.07414040032454859,6.636795980937448,483.8387730022381,0.0660090345752278,3.6195683387843727
10.758175471742934,0.07001629746417837,26.166848158973757,216.0103956588947,0.06431955553519986,2.1965125690812544
20.397377200878594,0.070357374051715,25.99560102636078,570.0153983054862,0.06387700336143351,2.3010464952025265
6.478941067373165,0.0712004085460099,27.768218548117716,312.336981030898,0.05670721962752334,2.852758253873459
5.599091359811254,0.07579726429214927,23.299702211708567,887.133426753425,0.06632220805934663,2.713732738867109
71.51621728810854,0.07940636569105591,25.596774960623975,171.44764798843056,0.08555726748807735,2.472881773415165
0.043175958469403045,0.07479296900333687,27.384542049888736,743.7109475192785,0.06484975969699966,2.840143428796978
363.4680958789107,0.07699105096345635,6.055646860642163,493.90926051357786,0.06230802870029056,2.464133437568067
