LSCO 2511A, x = 24%
T=30 K, B = 45.0 T, theta= -14 to 99, phi = 0 and 45
Fixed parameters:
T,T1multvalue,T11multvalue,mumultvalue,n0.19,-0.132,0.066,0.81,4cost_leastsq+cost_shape,Tzmultvalue,invtau_iso,strength,spread_xy
0.0058085464254580355,0.03325,9.000000000000002,14.0,0.12599999999999997
3227.3802667457157,0.03552720666471535,28.711431824285093,12.236644834473562,0.2604840042300368
416.34247790459534,0.04287737882042844,24.080207274901113,13.638376139063391,0.3473831649477092
246.37312621199808,0.04434379280890492,7.823687342056218,7.482608876868626,0.09541291238506866
2251.329618925556,0.025482880520058135,13.138060808483278,18.16045124213601,0.16724663874100293
889.1932438251074,0.026312763029830696,11.45108777740743,15.486585839568011,0.11849396292926456
22.849180698107947,0.033717591383454704,9.273681534200524,18.07031535500034,0.08317762513504942
5.700641173545943,0.046953670248670164,18.042676901321702,19.976587346733663,0.4865925982456054
732.3437903859851,0.04136956186532831,25.52583106913963,6.291231457433298,0.33993556149540954
103.55746196466151,0.02971062498882404,4.485229240893441,3.91287401571981,0.4295161795345612
399.0120372387116,0.039994786761769596,20.76477795068346,12.451105435933831,0.397805117532655
22004.30660464825,0.021410071225331832,21.495616185145657,11.157367789593481,0.43805090631456867
16307.135656204517,0.022048662053633913,22.78030057166166,23.25962110123365,0.06371835481681642
911.8936345019888,0.037848810734509304,1.3121030009424999,2.4939828731774494,0.18794560203124758
524.8392471156463,0.03348957514804624,16.73744941242278,5.021554540852474,0.1516330683150035
45.751739460530096,0.028795647372064193,4.931112542562367,23.940503269178613,0.38669743851117566
2.4552452330446632,0.031210721763775724,7.458936827127843,8.686054447218844,0.280329038755784
185.37913937845528,0.0491571952852794,27.28172580385276,20.61521519842259,0.2294959634017153
580.3360488394245,0.04707773085183514,2.943211938046396,9.021644945205704,0.4565110664591058
4508.73091768355,0.024139300131011537,14.82343522270744,16.237115028898224,0.31130633280592845
2.4256319553379972,0.04807989062566559,17.859770895481883,14.0,0.16499376541178987
3189.2956665252345,0.03552720666471535,28.711431824285093,6.974430855012735,0.2604840042300368
667.1108533323506,0.04287737882042844,1.6043610467237777,5.8465488028629355,0.3473831649477092
1325.5323884348386,0.03515563852629887,21.426203574868232,22.918848601054975,0.4749126890742953
1976.7967417711907,0.025482880520058135,12.624492351499574,19.924515409130976,0.16724663874100293
66.73185189911538,0.026312763029830696,4.180769444028453,15.486585839568011,0.11849396292926456
1570.563448781427,0.025683245744906835,11.98057593294388,18.07031535500034,0.3054157614653754
5.700520709118347,0.046953670248670164,18.042676901321702,12.598642810801403,0.4547409842747271
1571.9154038566248,0.035921086860207216,25.65571080333048,6.291231457433298,0.1603121347045389
442.36191529780734,0.0315403764453156,13.179538664112297,10.817981989680117,0.4295161795345612
124.71773514712325,0.038347862628622324,7.012313532764585,13.111188616764501,0.3030863012132086
455.4357166102862,0.045064714348343915,5.992714935522361,11.157367789593481,0.08100244397115752
427.1834564399334,0.03833619639407834,19.351989896391675,9.171129746370625,0.2600119454092096
2267.907910793737,0.034552602859418045,24.24595335495786,21.262359249727986,0.39553219967258074
313.36351480966806,0.02287371486284319,6.458603630970973,15.157741965653107,0.25666157917628213
257.96322673517943,0.024083598335120367,6.90874756082308,11.763872869037286,0.33528651826422545
435.6767273478351,0.038043291229012115,19.180552316942894,6.621432653752025,0.2868364234089441
10203.109787631534,0.028152137371377683,27.28172580385276,14.888811383235499,0.2773228694591756
408.2975157122444,0.03532515911530212,2.943211938046396,16.515665661673083,0.2634667605200307
103.89869376921374,0.0267501635649953,7.408037125343515,14.7252242311402,0.20784806814377493
117.41031767831117,0.028091129883443294,3.827942943639913,10.037606675686643,0.19949737411934412
1409.7557890420894,0.024047382064066234,2.4932363132353963,18.411536742336033,0.08456698840644239
127.36445566896852,0.04287737882042844,19.61107845796574,12.422359912901845,0.26818465223930815
132.67789202790394,0.04434379280890492,9.241828003487736,4.807168459930589,0.3730404383648124
1738.820253907453,0.025482880520058135,12.149633782251858,19.924515409130976,0.26269223892757176
2293.37184319649,0.023359998314666723,11.792224665886836,12.921420891432781,0.12059474310015234
12358.518798979712,0.020615145360605807,17.252558199217308,8.745630455814661,0.08317762513504942
220.85623806277164,0.030518413890161217,10.809250677351947,12.598642810801403,0.2357445348375255
484.80163510754085,0.04136956186532831,25.52583106913963,15.625547660114663,0.08912551621506387
993.6444382532972,0.029597231293603244,15.106385149845748,23.139062623460433,0.07679750621161571
462.82264783244034,0.03498736890426999,2.461943996855867,12.995235092589168,0.3030863012132086
917.7522789026349,0.030618717308196118,14.733566787808149,10.810159054737321,0.1860759933215457
17.37402775391899,0.03833619639407834,9.80985238664966,15.551891562277579,0.2600119454092096
905.447223771758,0.037289892071109505,1.3121030009424999,2.4939828731774494,0.18794560203124758
313.36665282862026,0.02287371486284319,6.458603630970973,9.29424328671614,0.43205044076770815
4452.055762815927,0.030849908095987276,24.133432159395532,12.002881057644755,0.2959459501502405
42.98849370528255,0.031210721763775724,5.850366217748144,16.584442027178316,0.17228400065333965
14999.969516703342,0.02608662998278123,27.28172580385276,23.299889612009107,0.4372800009867984
518.9268059957094,0.03149977200364241,1.6615573772605536,7.6325527531866255,0.30490885514000454
19.329927926383007,0.03325926632099555,7.408037125343515,12.06138502850741,0.16021333644987149
1488.1159884390026,0.02740758043527868,14.464972219914126,16.02350809977754,0.1255402405996445
639.3227621180872,0.024047382064066234,8.369828182512377,21.588125056783163,0.08456698840644239
3.0168687831676184,0.031143511004933754,7.265008473110637,9.163008270517533,0.26818465223930815
143.83170725842655,0.03448182351503538,5.404664150674645,15.493310125071918,0.20760086949267864
1738.8201914415936,0.025482880520058135,12.149633782251858,19.924515409130976,0.2367406535650254
1054.3317071811966,0.026555462281615864,12.221263105905477,15.486585839568011,0.11849396292926456
91.75869489748473,0.033717591383454704,12.160719557010568,20.908971654287768,0.08317762513504942
28815.262058715194,0.02296747840754905,27.73059502401305,17.539411986904607,0.4547409842747271
93.2560564171032,0.04136956186532831,8.856449840836962,19.45690495601719,0.24554273584491537
12.626284586780804,0.030605876823666067,6.58469063256652,3.91287401571981,0.28075113821370856
1257.4140661823792,0.022237856329947864,8.959943233883724,4.085417318950167,0.1564252956484593
87.02829607948114,0.045064714348343915,11.577767921562275,10.51543081345427,0.08100244397115752
1539.204571807084,0.02740758043527868,14.464972219914126,15.551891562277579,0.11013526617319991
393.63286919804256,0.037289892071109505,3.632227493411465,2.4939828731774494,0.17943829927914878
14.081049508058264,0.03509712735450532,10.59619674458877,22.403919017998156,0.49638053862939535
91.30397131085496,0.030807652016475756,4.931112542562367,23.940503269178613,0.38669743851117566
37.377420210553524,0.031210721763775724,9.018908394965756,21.87306192968088,0.40559612968466485
119.13917478116092,0.027509721509016573,8.46346870245133,16.088187204596494,0.12682473210656867
13.363838709478047,0.03532515911530212,8.511257925550954,16.515665661673083,0.19755176563015028
31.11766292471394,0.030701588899871315,7.408037125343515,20.870205892035212,0.09308704985526722
747.3423208425098,0.021751934283167854,1.2781919798986046,15.608735429076393,0.12599999999999997
35.31259115052111,0.029501863312266736,8.015178509998815,16.805572257858927,0.22571766209934097
173.35069136885048,0.025532600978290403,7.265008473110637,12.980941609940672,0.2370353465401056
481.02684153499825,0.025529343463342465,8.7810889363182,12.12344788547177,0.3730404383648124
10.164448491185361,0.03599178044102068,11.419038229102629,10.729998071704403,0.1059336940050642
328.8885732497807,0.03790250805381641,4.180769444028453,10.700673890747533,0.2747924376334728
56.92032641537529,0.030006119432059625,9.273681534200524,14.161493148501025,0.14168987860575508
203.13969229554422,0.038171185937328454,18.042676901321702,13.301634231824783,0.14510371085087895
6.062734664287666,0.033255161825816594,8.113193351557227,19.45690495601719,0.14505861921290247
145.5250756974146,0.031004730484304178,11.10332360016507,19.329543781919607,0.11529068942217188
13.799394743241743,0.03324712459283748,9.493997720827506,10.960218311648394,0.3030863012132086
35.96472298297031,0.04191113083655972,11.401294145203329,10.51543081345427,0.1183923360774401
2.8274515444791732,0.03531165086137265,9.80985238664966,9.876624608274874,0.21150993359722436
2.545392133477805,0.0359132999356161,11.205983762364172,2.4939828731774494,0.17943829927914878
38.45950466966651,0.03509712735450532,9.249721101809214,13.600378975631655,0.07091146169441923
280.1860650334332,0.02707017672899164,8.86528914418382,23.940503269178613,0.32520877587633906
44.11306018233547,0.03645279740561339,8.41206936766185,11.756860415171314,0.14459920026103332
311.13697265803546,0.027509721509016573,9.338209530528943,16.64276060919703,0.16248933804454746
61.567201013354556,0.03253367198575456,10.967707273282524,16.515665661673083,0.1431326778053191
21.085707170786318,0.0335075974683068,9.646452660542991,13.22759701471764,0.0915290472949444
0.8166136247452982,0.04175519445207129,14.797928047954388,15.848225522645725,0.12599999999999997
14.009964672202246,0.03182912083448482,7.434916301285704,10.208827964126018,0.11398463054667107
204.05873595256932,0.04294992851291936,7.265008473110637,8.254926844925318,0.2629351970016638
143.18327170394784,0.04434379280890492,9.624293373681382,13.254073662380065,0.09271065234664713
8.556972990234886,0.032998455687315686,8.852770953762608,11.81034314444084,0.1059336940050642
17.17657783401524,0.03707899489891451,12.37561431629878,2.462682539989732,0.08004123950048378
3.028101275249132,0.03262094749334351,8.2372543920538,18.07031535500034,0.13033106205649259
32.19793400844854,0.03179524895481866,8.852597731811514,14.836335532283762,0.08983811533552355
37.47383122189793,0.029168297778801297,8.113193351557227,19.45690495601719,0.14505861921290247
0.5105419401725081,0.03436136261576058,9.59348595322032,3.91287401571981,0.1460864896942121
270.40643497249545,0.028102137180189543,9.493997720827506,21.329943038113083,0.3030863012132086
25.553514696979057,0.03663992870092246,12.04757478927231,13.173382908622017,0.185004851262396
4.906832655311977,0.037331702221198707,10.147317141599984,17.397595580917066,0.32480533440002574
2.6387736871068364,0.03198694904417782,7.744463075027215,21.949664930030153,0.18975484754831495
71.99287117301405,0.03137654669651145,7.72238521409809,22.403919017998156,0.07353552740015867
3.806902248059614,0.031190163304543637,7.184062809696806,20.206586976126758,0.15072386196738774
7.195039432463086,0.039628316706971006,13.005890183654865,8.686054447218844,0.280329038755784
57.929187602079786,0.03810890890775854,8.694426997360956,11.272847816191463,0.12682473210656867
63.76017673052184,0.030500793131935072,9.085182326043928,14.289149667208566,0.19755176563015028
6.03345089863655,0.03325926632099555,8.079024192101688,12.06138502850741,0.16021333644987149
3.6971939582302262,0.03592214969755171,11.01118012527143,15.743073552151891,0.11065838737173206
0.4300942496679858,0.034413619041915255,9.765734347013703,21.015335154505998,0.11398463054667107
8.632056949262108,0.035347597117525005,10.737417975107496,9.163008270517533,0.16808764511814206
4.276916313678852,0.030727419644513303,7.183181787481603,4.289541434326077,0.3730404383648124
94.24080439616273,0.02942089137102856,8.852770953762608,13.753775104781385,0.26482242639824705
162.28879625335887,0.024080823827840353,2.5158827813096476,11.85615677036037,0.41690711805376346
61.133824966199775,0.028247542046538933,8.2372543920538,15.438821778816425,0.13033106205649259
42.648983177450276,0.035915819626911,12.098692360042406,9.051140294691617,0.4547409842747271
1.220356515500551,0.0343645731405383,9.719043828477528,21.249789799843466,0.13234086347437418
70.87049235136746,0.03013615835274197,9.59348595322032,3.91287401571981,0.18829765977137744
69.88285132611726,0.03324712459283748,6.100721625073998,20.93882691962166,0.1628463641386958
20.482212718745366,0.03663992870092246,12.04757478927231,4.289541434326077,0.25701173717226167
23.931165887779475,0.0379066523688198,12.831163213205507,9.876624608274874,0.30625948801991143
110.07844048795997,0.0359132999356161,7.237584885280083,18.40034913241433,0.09016308552228158
105.34136586500159,0.027817034198489875,8.0269362510941,11.962658939825884,0.24689895953854799
7.599985628467827,0.02943045411446784,7.184062809696806,20.206586976126758,0.1522966402289547
2.436773488844749,0.031210721763775724,7.458936827127843,11.605888386012142,0.2654719798587245
8.15768155586963,0.030580114953791225,6.599750592138745,21.64789185957448,0.31324915962944183
13.221142378573905,0.03487231352810888,10.430219918172783,9.111733839403236,0.19755176563015028
5.8933664302765205,0.03359601912895779,8.511402704394246,14.602422825364382,0.1369933592165583
5.067909926733616,0.030928194597774458,6.9457726826264565,13.61139182607074,0.32728883501356343
38.76319817984579,0.034413619041915255,8.33257932028213,16.429124132697012,0.08769747399298253
8.195426139395645,0.031143511004933754,8.68112270716193,14.3931641894536,0.13317468692049653
39.44302712064836,0.033557155682538704,7.183181787481603,15.435166679105777,0.14196508755830803
14.172913291833863,0.03130473736111574,7.396641132507844,14.20462983736207,0.1059336940050642
17.04251364696471,0.03707899489891451,12.37561431629878,4.495353040806732,0.08004123950048378
40.02340030794971,0.03454516238656078,8.2372543920538,18.07031535500034,0.0900426283707029
687.1395382734216,0.034394353243859296,18.042676901321702,5.402716049687058,0.19951786521008585
9.928342777138512,0.03554149659806025,11.12717291343869,21.249789799843466,0.10015035175262166
33.65843782129454,0.0356820733831304,9.59348595322032,7.949409594096453,0.0737046632454442
3.533891243440656,0.031367892362254915,7.472720346918037,10.960218311648394,0.16091190776702083
3.393313648285143,0.03114206703717723,7.791597639756109,14.888864945420254,0.1537372208465243
18.208690773497068,0.03651479549535428,11.66898047350799,14.10578994640173,0.29440591149731016
34.793586207994736,0.03438426403853065,9.99995900438843,2.4939828731774494,0.06559800191314663
25.573473154292316,0.03509712735450532,11.356246505279946,22.403919017998156,0.08811926989961344
3.7697993900014923,0.031190163304543637,7.184062809696806,21.083503983919126,0.3879288665129104
33.37654769955948,0.03462235698592033,7.458936827127843,10.068880255367555,0.4111819983368027
1.4074450234934115,0.034047716750254295,9.828845659966571,13.270670782439291,0.14314328073486396
4.810999291646162,0.03832571654411698,11.912946735009264,9.111733839403236,0.3186007312912923
2.3530973345453936,0.03567775604152421,11.067321708869105,4.444734990569772,0.16525763711079866
37.706476699646636,0.03325,7.062934753716326,18.721112457390657,0.12599999999999997
34.109032942448145,0.034413619041915255,10.248926082116398,14.877329172808563,0.06153359487497406
8.341844035200829,0.030157459361346443,6.408943893329079,17.747204503137052,0.22372075822096407
0.5909582053718537,0.03308471072956441,9.124032989101343,18.931496220933223,0.12444894859096942
0.06713687571201175,0.032998455687315686,8.852770953762608,11.47061945653847,0.132751953431909
53.38391608652174,0.035739061370719485,12.37561431629878,4.20344688050767,0.3170504009360989
2.422903952063299,0.03155126041594229,7.639476390933382,14.035924516530631,0.27036677757509653
71.33387787109463,0.03166160757231225,7.891683364177479,12.598642810801403,0.06956386687053898
5.00183026656308,0.03485507756100863,9.719043828477528,19.298979230661118,0.1012696392067543
3.352091970838488,0.0308959028542016,7.098405334975253,17.77387987659059,0.17881228742884472
24.571471842604474,0.03494873958405772,10.360523609066622,13.964075483469369,0.07717298066656417
0.2523881670885113,0.03395032578006312,9.338172317736916,15.098169161195644,0.12048537447686081
2.4263682013604098,0.035739061370719485,9.80985238664966,9.876624608274874,0.41842258416174205
33.673348059852806,0.03461314995190251,10.108316635822526,2.4939828731774494,0.07339455210783036
0.6467401862426801,0.03303338634056305,8.865451424098355,19.894575626616657,0.11250838374743807
3.418928630747026,0.0318377504960159,7.758337740496021,12.782407022465664,0.13536394743812885
3.1601821128739633,0.031985708621177805,8.104798623823608,13.440204186790808,0.20498649558150586
13.132765058448083,0.0326643193449978,9.828845659966571,13.270670782439291,0.14314328073486396
19.438991208699917,0.03625971278592668,11.583792284058507,9.111733839403236,0.08338169946593293
12.66767952186007,0.03567775604152421,9.077588721280367,15.332966605530949,0.12244176576351856
0.8451457992401494,0.03460456736135037,10.029177175447447,14.0,0.1443770940519931
29.760740006683246,0.0381824042675949,13.246928223745991,10.121165016042777,0.3693320732662276
258.2247163756946,0.0458113729947484,7.265008473110637,13.84729140908575,0.39140324051122044
3.7396986515442494,0.031175437572206685,7.180627810839203,14.635928064374474,0.23172309351045195
4.473473022410995,0.03306353844367399,8.82739083264353,12.506513262443871,0.21514396064123872
12.613618491965953,0.03596746922832376,11.07811042753113,4.495353040806732,0.3540288400967986
16.958368340439243,0.03155126041594229,7.639476390933382,22.955458793862878,0.09583873470841789
1798.9556902991733,0.030871371710492944,18.042676901321702,8.200089591522943,0.2559540160762433
7.879216838950838,0.04367081878964947,15.878163180411953,7.005704340766181,0.40916951462757845
7.084696243092324,0.0448177961529151,16.62630089089141,7.93705874708764,0.4103962799836338
206.26234915674945,0.04367081878964947,7.472720346918037,7.005704340766181,0.40916951462757845
63.83829447432786,0.03395032578006312,11.963777931752725,4.408613141762645,0.050438171781130164
27.06209565519535,0.03916258122257899,9.80985238664966,11.927350364439407,0.17015014596598205
142.28871454249975,0.03115287103604038,11.205983762364172,21.37060755878936,0.11708953640039257
7.039489306929672,0.035267472285964246,8.865451424098355,19.894575626616657,0.15862320988139858
53.42291707077894,0.035209710334023266,7.758337740496021,17.836225783534132,0.09655913920644155
0.6846542290975421,0.03320924271422839,8.961200044175404,14.194832487776225,0.14125408260670824
11.142168076061214,0.034047716750254295,9.828845659966571,19.372321721513348,0.20783503607741732
7.592450130152566,0.034605002834944866,10.146826042203589,14.424144826303742,0.10259899657403845
133.18328478173558,0.031109445794901075,11.067321708869105,4.444734990569772,0.14376627411635795
25.676700503747288,0.03325,10.55024501600262,8.848506436377694,0.12599999999999997
107.88939153862032,0.031142750626584864,7.571601311900399,24.55258485368958,0.05700091541180757
4.448139445666382,0.031143511004933754,7.265008473110637,14.675547110638522,0.12461902702792252
3.4282313782482707,0.0346137108346396,10.006665457627612,6.122417172976547,0.12444894859096942
2.0395267345645807,0.035602196964669784,10.702079002831521,11.47061945653847,0.154154050261643
26.53370997470373,0.033205186805766305,9.919189534078587,10.029377418089151,0.29745543778128125
7.153304308724619,0.03221553870414625,7.639476390933382,7.022968735458137,0.1397186064693304
105.79228544945829,0.046953670248670164,11.038650392012583,12.598642810801403,0.26792178173050696
19.067560329571236,0.0343645731405383,11.157678614915817,10.284337919252973,0.13234086347437418
2.5672689552361665,0.03506946320376743,9.591988865893798,10.985879943010257,0.3397561323685159
15.242185525055827,0.03321180140607729,7.472720346918037,18.833696564602707,0.14946593466057945
7.1090170830785455,0.03395032578006312,9.338172317736916,17.374498956286054,0.10010263117294901
2.860441958861178,0.034595997029270326,10.088054344731496,16.364450126092272,0.11163045091373391
13.969971637009891,0.031291475206810866,7.381199572179716,19.13580677846287,0.10223887620338284
0.8454545429194975,0.03243761208172437,8.566171462648562,21.37352432369274,0.1113171041415871
2.81578206048672,0.0318377504960159,7.758337740496021,13.197256281499376,0.1300311011773117
11.391829718547449,0.03434624223636278,10.052798796487796,10.326716248054005,0.1738455626732505
1.671474144225475,0.03406473475944498,9.828845659966571,19.29947792008468,0.13063506762326307
2.4916209064689667,0.03140528076307346,7.658536633210351,20.786731778097476,0.3186007312912923
166.44761572499178,0.02304896611077758,2.282328867273387,13.17543335402837,0.16525763711079866
2.1352837350605505,0.03319566760454419,9.000000000000002,15.01952331324495,0.11335962563475813
19.357373369950608,0.03433295492785742,9.765734347013703,19.449636134494742,0.08218855051639504
4.329132643923225,0.033280219921078685,8.928662127682227,15.11652276579286,0.2234004292998442
4.520148119551515,0.032862698235817195,8.724781868453572,18.931496220933223,0.20307299100923615
9.067188001182952,0.034819488620901645,10.160147395306655,11.47061945653847,0.28171821879965075
44.290097433973195,0.025464676219675512,3.8731427239673284,13.370699246070764,0.40969036913893686
72.20153895709588,0.03155126041594229,7.799825712417271,20.08652173864281,0.0703114656867779
4.606661389783997,0.03568858422095903,10.303837326662707,13.395485623671776,0.26965984727852754
1.0372226614868827,0.0342772510408279,9.719043828477528,15.804523932961912,0.11503330844415272
0.4777637601784557,0.034610946585245196,9.59348595322032,15.454540362626421,0.11763304355483103
3.902305613727558,0.033067615200695726,8.787519710515351,13.605939372855916,0.16091190776702083
26.617576671388143,0.03395032578006312,7.694265717549043,23.7074285715564,0.12048537447686081
23.929229043209787,0.03265484920582705,9.80985238664966,20.142141290839284,0.09943123037560972
15.078004238578783,0.0359132999356161,9.159339999863189,15.247996928144637,0.10877224066735314
4.713041895714876,0.03312482231037483,8.884121868316761,12.997373919982493,0.18584523167658928
4.941825571770789,0.034159657345224546,9.769901513178562,13.197256281499376,0.11029014751624716
3.084811051060205,0.032423152791334404,8.31605404289413,14.194832487776225,0.21406591270861944
25.55150817850619,0.03481586355012373,10.156574964083632,13.270670782439291,0.08003435679733431
83.32121040997244,0.030786289009763892,7.081657632760948,20.786731778097476,0.07932667641922775
55.15861780166212,0.03567775604152421,8.170467155749828,21.42567385016742,0.0900697959522731
15.022901669714413,0.031170115292155125,9.000000000000002,12.128502373723094,0.1353980134764705
13.566958969058618,0.03084824896359987,7.069634422135971,11.43307793171439,0.11398463054667107
2.5794112197096712,0.03164708818002916,7.81176134351497,14.878350679612145,0.3289032173656408
0.32095751830636393,0.03256051125540374,8.667060654553346,12.918824213155661,0.12444894859096942
3.4903040607386933,0.030534455048414268,6.915847275376349,23.549387010321844,0.405156655933239
4.641686843375851,0.033675777576280985,9.098256757255907,4.495353040806732,0.3540288400967986
36.19251594446878,0.03458988692011126,7.639476390933382,15.432032401408238,0.11776251616076272
8.034443720033263,0.03551759666224368,10.50279086721525,13.395485623671776,0.4070017003587344
2.5935402808872454,0.03371555768486484,9.719043828477528,20.867806700260765,0.11424420677046229
4.030943245195889,0.03143714321436281,7.534553450643341,10.81543914126558,0.14535363451857392
4.545932547533628,0.033669188975908836,9.09673630492707,4.642430585470914,0.350500258545264
44.003930594835026,0.03395032578006312,6.90664434958612,7.128590699080462,0.2799622462879769
163.03118571252807,0.03062791270667524,6.828152242553275,2.8825552434740125,0.07338861979346387
15.87859912560019,0.0359132999356161,11.205983762364172,2.4939828731774494,0.41932684662219377
1.299136829203324,0.03532988470784488,10.555387778575595,19.894575626616657,0.11660198652352946
6.697320317795879,0.037493171652673705,12.538977502944826,7.585339075931905,0.1300311011773117
16.96349611454747,0.03371258741860968,9.281197670768586,14.194832487776225,0.09559705158113757
3.4226361068264435,0.03565084889199675,9.828845659966571,13.404840046888784,0.14314328073486396
1.6044748662967796,0.03140528076307346,8.253883300724048,12.415217366939718,0.15181502662668384
12.769592632912435,0.03624859625980511,11.067321708869105,23.89952117445368,0.07979888849006295
15.078442746692847,0.03325,7.465330009304868,14.0,0.2947992132148685
0.6411428827755192,0.03451646652071981,9.581764988201002,17.129011428985237,0.11412545657548495
0.2503572958497934,0.033593965948374854,9.145858731235872,12.86256546206996,0.13252126326165722
2.147528824283637,0.0347917395857789,10.46699783835997,4.100545699087409,0.17230221829870684
67.93520396181282,0.031581382918366534,8.852770953762608,21.493260506495503,0.0602909771620089
0.17959573329299028,0.03352015430502197,9.114558910132203,13.106647508120215,0.13112186555861724
1.966035645932586,0.033817663548011384,9.713720089051229,13.781316661504965,0.12161572138284338
5.247842710007693,0.03297011141474222,8.848954980709747,12.244134436866878,0.26965984727852754
1.2911400369201098,0.03192862317785883,7.934810293663586,14.071165039204589,0.12514330271712484
3.3500060110718155,0.034610946585245196,9.120449591150706,15.454540362626421,0.11804205512815572
4.280598019801093,0.031367892362254915,7.472720346918037,14.320530010953266,0.13434263903727484
4.788935025510716,0.03395032578006312,9.700566447536776,14.351351679763091,0.11084648478210221
20.316335342360787,0.035739061370719485,8.854967215490987,15.046375881490214,0.13285884388321353
0.6097491262367385,0.033005806918879735,8.879550408849298,14.854671394954282,0.13395794487184423
2.420060713910141,0.03429101569610772,9.034650750730112,19.894575626616657,0.36510862156493945
3.0289416823406583,0.03220898430389228,8.965349249269892,13.197256281499376,0.1300311011773117
2.527831041764971,0.03320924271422839,8.472902170066247,12.28832062411236,0.12911303085453424
26.632819031069126,0.034047716750254295,7.759182081015019,12.507003962607396,0.13349730947169083
0.3104793850812583,0.03296261667099127,9.049568258051012,7.917262941435385,0.14890149625039364
4.7713948217271005,0.03567775604152421,9.612052285781468,18.20462020039677,0.1214774397927631
6.732175467526371,0.03356564835576183,8.945556552616509,20.680992796938224,0.10084607175768773
5.601910324184777,0.036967936222109005,12.100909820402038,8.379369454188337,0.12974887600654988
39.51451472835551,0.03175981933114361,7.508336311041271,23.19026487620579,0.08737687189662643
28.736465834679258,0.03656260957960632,8.667060654553346,12.918824213155661,0.15638843538288905
6.268303552140791,0.03512061232779735,8.852770953762608,14.249168366345387,0.24551082881156366
1.729568850259163,0.032690366942280016,9.114558910132203,12.899241893254747,0.13112186555861724
2.0210295049293103,0.03446445968496279,9.764473219652102,19.314542790308135,0.10876987061973148
0.5102921059073964,0.0330393450073949,8.896093256955789,14.737288687942838,0.13286498081943804
0.31287575209855484,0.033016949362915785,8.90117489710996,14.770657226270856,0.12158158426755986
9.815621581847823,0.030938229395987952,6.967470830377582,12.006870850246683,0.14132823935424368
17.581211626006226,0.031367892362254915,9.211078344365518,12.353970331044637,0.1354371961196915
0.6879317757443653,0.03380963305771999,9.338172317736916,15.098169161195644,0.1404970748785039
1.7854460965437629,0.03555497694729791,10.88729731781521,5.019790297804928,0.15300091422283735
6.745692021582664,0.0318433823202237,8.879550408849298,13.559698624919278,0.150292395775543
0.5099620963888388,0.03261069913595836,8.674802041339104,13.220729844653711,0.1439162818104402
24.94339100249363,0.03403454832149566,7.758337740496021,13.901586016898653,0.11496280087646354
1.1741791502671135,0.03355741648110854,8.961200044175404,15.928560295593725,0.14125408260670824
85.46645738042768,0.030954635165605742,9.828845659966571,13.270670782439291,0.08832252549292804
1.8034835035835608,0.032735894524180006,9.049568258051012,7.759519699914304,0.1325830177345236
16.099446686468934,0.03567775604152421,8.90117489710996,14.770657226270856,0.12158158426755986
20.54527081191916,0.03325,7.6203070032060065,14.0,0.11291396244496774
65.73199540901835,0.034413619041915255,6.849826790019941,19.619429669566927,0.11398463054667107
5.714577316805948,0.0350017506913544,9.145858731235872,7.241619990326695,0.13252126326165722
11.61910904811733,0.03256051125540374,9.561860665403266,13.343070631005668,0.11826968080763614
3.992298095958117,0.031192248932972257,7.474287290968673,19.428095406736684,0.132751953431909
4.3949642184091715,0.03252896383061019,9.114558910132203,13.106647508120215,0.11885923866038203
1.36899905057381,0.03288746714896777,8.509153060055365,13.887285712218674,0.11773906718214638
0.6826605135632434,0.03399957578729686,9.329111345844016,14.737288687942838,0.13286498081943804
0.08663781025910916,0.03308052235161626,8.90117489710996,9.686150131126539,0.13125518580089054
0.5724752170498372,0.034610946585245196,9.59348595322032,13.719556259828616,0.11870071190040837
4.5495404279717775,0.03420505930451301,9.461177680128039,15.49761254717,0.16091190776702083
0.4424504890223804,0.03313324889195808,8.955259610676265,14.372767611841489,0.12023513744008196
26.021794280224174,0.03555497694729791,8.507861606923315,4.999204918122308,0.14999433657015793
1.4838429742727377,0.033005806918879735,9.122297517192653,14.854671394954282,0.11832804413296225
11.829525106121368,0.031408825737197575,7.478194560170454,18.82808044713832,0.10366259087363566
0.774870256573614,0.03427198489106163,9.798360903254721,14.24178358607791,0.1388464593936078
13.444447819557828,0.03320924271422839,7.871753627204139,12.525006654343896,0.14647126180376038
1.5453058115208114,0.0345153478254241,9.828845659966571,16.22277743584359,0.11249144292800675
1.8245838106345174,0.03413165253649586,9.049568258051012,7.917262941435385,0.1357267250738208
5.589545449259901,0.03567775604152421,9.509008029253266,16.73768957101358,0.11561051615449497
2.9029226418404823,0.03285266345187782,9.000000000000002,13.218467493265008,0.11570715255177844
2.9905920144918787,0.034097992636975216,9.789617009104127,14.217123679759691,0.11398463054667107
0.4896949935436994,0.033914604612581334,9.145858731235872,17.278867647467777,0.12247319480940633
1.1020986096283962,0.0325202502611823,8.450489434640719,11.209755058310527,0.12135047914795719
0.34530120622168625,0.03368271802282793,9.389970965821565,13.372376965158022,0.132751953431909
0.3388878626765151,0.03301436382148769,8.886899819178936,14.81598999704779,0.13112186555861724
1.840845326295956,0.03288746714896777,9.093929593816227,13.33350594047298,0.11979419620869441
1.0059895043455034,0.0330393450073949,9.203919462289544,14.737288687942838,0.1269499915634442
6.18731355407791,0.03342601720771038,8.90117489710996,9.686150131126539,0.11197323847459026
0.7885999576265549,0.03466175762525817,9.59348595322032,8.499780339081738,0.1425375825505407
8.868453758346632,0.031928507085570594,7.803967313135563,19.305268263227696,0.10509244348870503
2.379209139810994,0.034451084563639656,9.338172317736916,9.196438882255968,0.12048537447686081
9.023185499803498,0.03555497694729791,9.293255356201245,13.9655425096872,0.1309441500068738
7.27921516322784,0.033005806918879735,9.792436584562704,7.608900085120467,0.14766219543463804
1.4975335870465465,0.03340105409081658,8.674802041339104,17.844900351617156,0.1213160943593676
1.6420303931531985,0.03476192076647302,10.289962280680665,14.24178358607791,0.14070175271998933
0.806070662171345,0.03320924271422839,9.207124565291636,14.672609194186855,0.12262238937276065
0.17014075636077214,0.034025511620303726,9.56275518207013,13.270670782439291,0.12899412870934582
6.958100032637079,0.03296261667099127,9.41845084365724,7.917262941435385,0.12295975036713405
161.93131684196615,0.03166222516703146,11.067321708869105,15.774650763174668,0.16525763711079866
0.9806701599482444,0.03325,8.678734817815748,14.037748643524713,0.12599999999999997
1.781415607729261,0.03351980574043045,9.256655949363854,21.015335154505998,0.14240723420007165
5.274913573815965,0.03437151565493715,9.145858731235872,16.534348531578527,0.10718099981112039
6.0075894809845165,0.03391273563392239,9.193648304639254,12.918824213155661,0.10693327650395482
0.3422629977838266,0.033277347429900885,9.026034095548376,13.869270789234301,0.132751953431909
0.37465895602478183,0.03339134583632042,9.069719617433648,13.505292113336115,0.12139371726609807
24.02900236573292,0.03240178605916892,8.12665751743932,22.77542430634707,0.09159670433705386
2.6686747339013963,0.03334503405191762,8.896093256955789,18.54493529661437,0.10931814524133746
1.0161208652289058,0.03308052235161626,8.90117489710996,19.432618026898286,0.13125518580089054
0.6331779920037399,0.03322265257009912,8.973965904451628,14.130729210765697,0.13623522412966413
4.294343697669952,0.031367892362254915,7.472720346918037,14.687569465886153,0.11608140352302143
0.17667889723941885,0.03325493254852665,9.01796854861413,16.270639995149775,0.12680919928155923
0.3431006220788452,0.03213530615145465,8.246111544622195,13.314890697699974,0.12940176266719935
10.939284557509122,0.03474365666035158,8.879550408849298,15.276441852257308,0.106950371307795
5.877874399414182,0.03261069913595836,9.406216796165854,13.476205341931706,0.1439162818104402
1.3183787701649377,0.03317552862108436,8.76943836953459,14.24178358607791,0.11592661443095248
3.739748186010939,0.03320924271422839,8.378384737009515,12.298578564952267,0.13057335373683526
0.76220317532539,0.03346590580796013,9.303315664330587,14.206358537536879,0.1417781663760662
0.8043142018824564,0.03296261667099127,8.556091135014796,11.594848985053915,0.12751712998405748
5.633933404256569,0.03287785899458558,8.832411710686273,15.257906679321218,0.16525763711079866
7.338881175761132,0.03325,8.223767406945521,14.0,0.14195661755508338
0.9744560183222093,0.03395340760055485,9.765734347013703,9.410752916753845,0.1425793380929036
0.5926864052291189,0.03395340760055485,9.145858731235872,9.410752916753845,0.13252126326165722
2.3705664316992396,0.03189411104045551,8.667060654553346,16.587224367406655,0.1362116612167809
0.20034195724732043,0.033658800452045196,9.185746944195198,12.613573292519728,0.1245179439954526
1.6946437955625808,0.03357968383569261,9.151315234975243,12.511996499815139,0.11650770750389161
0.7284812504565478,0.03322148477408112,8.985934706717561,14.099802778202067,0.11773906718214638
5.916010390241884,0.03444523454437634,8.896093256955789,5.670215375787284,0.14845568345520646
0.17831360819871192,0.033284765493543284,9.036834098709024,16.777433516928426,0.12609609973713773
42.80194396469348,0.031190032890272126,7.25757009598785,15.454540362626421,0.09330982773711696
16.147937478479125,0.0327410978498687,7.472720346918037,13.171784732923841,0.12826349249752675
0.36725676658797435,0.032883085161552965,8.645540428610282,13.653014947355627,0.1289988900100836
0.9955871862770405,0.03292001784245872,8.827420195919238,7.415222393026898,0.12940176266719935
0.09532952648562265,0.032743676879544534,8.750806782416001,12.816520065040145,0.12619614064525522
6.467637447742654,0.03261069913595836,9.357905280278818,13.220729844653711,0.12178894866789983
0.22667589746356823,0.033005656898922646,9.042144622407164,8.82824963767239,0.1388464593936078
0.8512928324148489,0.03320924271422839,8.961200044175404,22.11524259457733,0.1100433824449166
0.24407637458176057,0.034025511620303726,9.56275518207013,13.270670782439291,0.13167354143586119
2.843704601332614,0.0322359947695624,7.984531164295806,12.334726508272325,0.15700205064178469
0.1002947681301171,0.033066700124758555,8.89637747321244,12.69629245810367,0.13114883185992784
0.4064381025286407,0.03329915230455985,9.00758165112382,14.295676115104559,0.14506564454997997
0.2921451338850507,0.034341693271945375,9.73833273199386,14.670972766956734,0.12266842925402094
1.2011282390149156,0.03245057397461776,8.410857342039847,14.905092566198768,0.13800698218759969
6.377819062620658,0.03421581806541289,8.667060654553346,12.56364426695076,0.12220901899584558
0.04774076700169648,0.03306565156131636,8.880917833073315,10.49940549785945,0.13025008866309104
0.46973329194490815,0.03408274421659553,9.386900452674396,14.045095296979614,0.13219461012866138
0.011020923073137711,0.03343054459569073,9.116625027232534,17.428363286280675,0.12183760760434564
0.07290678249548559,0.033836193238812796,9.280488470626258,14.737288687942838,0.12339273257577837
5.150334094185186,0.034498684957198524,8.90117489710996,15.933934784184101,0.11769458189767704
0.8084242663163473,0.033824097736079646,9.59348595322032,14.722075483917843,0.12344653089375213
38.42989514008157,0.03431828488823513,7.472720346918037,16.299446467617926,0.11278950615254696
0.2921451338850507,0.034341693271945375,9.73833273199386,14.670972766956734,0.12266842925402094
7.473430387528542,0.03213530615145465,9.224585098770163,13.782059961933511,0.12940176266719935
0.09089403095549031,0.03375928119484375,9.229283532693008,10.834028867792934,0.13266579741068055
0.0988007352755455,0.033832690483711715,9.43692471173473,9.92809726259409,0.1330088535529815
20.26845208037535,0.033005656898922646,9.226155408279652,8.82824963767239,0.10101758378270173
0.8136125806717183,0.032517701271109645,8.419751099125458,12.228907345045393,0.13564953077454206
2.6196066228261268,0.034025511620303726,8.99797651512976,13.270670782439291,0.1350926867111631
6.020534239970807,0.03484046596604856,9.049568258051012,11.570328236878746,0.12919668469822848
0.16899057143997454,0.033235436053370086,8.980160919927004,12.69629245810367,0.12501564202187068
0.006611126344769811,0.03323901182862051,8.985031858644291,14.60092228891254,0.12525732396325606
0.19481518982652513,0.034341693271945375,9.73833273199386,12.459524471529225,0.13207150939590506
0.1826232376502194,0.03324635529198816,8.986722864916324,12.32220205485606,0.12540207479181542
1.0175394807720939,0.03464435232079664,10.141798903868978,17.92392215739102,0.12444894859096942
1.6267902318617753,0.03366196997265761,8.880917833073315,17.83448665624828,0.11286245820394222
1.2640562393122927,0.03287648111604143,9.114558910132203,15.68306210142708,0.13112186555861724
0.9685074936918723,0.03343054459569073,9.425635873639852,14.700832754453206,0.12865420352612134
1.3232717249322572,0.0331109132339419,9.280488470626258,11.358879890384966,0.12920659665918827
5.118313630700811,0.03308052235161626,9.407391464030926,18.896230571998217,0.11032520100949078
0.5096608426715207,0.03386369136781331,9.176114584273108,18.36624634354029,0.11458109116585885
0.974670272720833,0.031367892362254915,8.235688843382926,10.960218311648394,0.13044013069497137
3.2414860697810064,0.03223098690579778,9.01796854861413,10.64367884042529,0.138435840741631
15.898680848186643,0.0343918335012715,8.246111544622195,17.661397276439995,0.11667714283125241
0.34997008653903455,0.03375928119484375,9.087990969682407,16.586623275825,0.12285956820947153
0.597506244852723,0.031619679127973255,7.897383272020064,14.632038411936874,0.12402729821325914
0.09268556445045573,0.03351962300698411,9.042144622407164,19.11987420473292,0.11978393604266871
0.13427136609139245,0.03385704312154462,9.460912535139698,13.521834503326426,0.1267017010544267
0.21086238623543868,0.03418189144167432,9.618584054772944,16.049273235467528,0.1266031894325888
1.2321782451801664,0.032914938302202025,9.049568258051012,13.696784668125346,0.14890149625039364
0.07929405144334456,0.032050029068199544,8.273524669330296,15.833132900545737,0.1235881730273451
1.0719043942731865,0.03563687133187223,10.010331561075967,17.652464367396437,0.11918509639779012
0.11975632368284693,0.03348175183523345,9.180965174983852,12.459524471529225,0.13207150939590506
1.2616901701060828,0.032449982554642195,8.223049420799189,12.32220205485606,0.12540207479181542
0.5217130235984921,0.03256051125540374,8.839544475791087,12.423153870075751,0.13347414795018547
0.3150985846885574,0.0335059582881943,9.023378502192285,16.75523762813206,0.1192065010457122
1.0378943795892528,0.0345886480749051,9.76977185019543,13.106647508120215,0.11669946663997333
0.6550025698215907,0.03479211416076257,9.787029434264618,11.057432095775644,0.1438523228711487
0.6283705868993379,0.03191502784686107,8.184713624955492,12.457396457780291,0.12339273257577837
1.7408360868571306,0.035070016678961854,9.73909643904655,16.93949892251171,0.13125518580089054
0.8897673329708923,0.03232201569074577,8.567264766038765,13.81837301827083,0.11954722337081788
0.3665662098132646,0.032761314483718836,8.566589777323866,13.841387873354412,0.12805754255306848
12.769165066552102,0.03325493254852665,7.848471903408887,17.27506270973758,0.1225119074791492
4.488389831819117,0.03336401595794964,8.856502153998221,15.710531387193644,0.10893584346817026
0.25866133202893027,0.03251619439625313,8.470108435210276,14.710501191650696,0.12303676938131597
0.21994724773202445,0.033832690483711715,9.43692471173473,13.306410544881786,0.13156967618298213
0.25866133202893027,0.03251619439625313,8.470108435210276,14.710501191650696,0.12303676938131597
6.997515252784589,0.03385704312154462,8.473185943523763,16.90099986526097,0.12388715165850425
4.858414053374824,0.035643968756223395,9.56275518207013,16.069062363493103,0.1146195323556577
4.8852045060870495,0.03296261667099127,9.496950748097486,7.917262941435385,0.133371091601331
1.143339977732348,0.032553329963915016,8.273524669330296,15.336275560935501,0.1235881730273451
0.3403514729340292,0.03252043480025151,8.621678047387267,14.0,0.13249269015511486
1.0950603955381455,0.03380430223907552,9.029096545777328,16.067734027925113,0.1152430836615563
0.33720273469294115,0.032994715219576094,8.986722864916324,9.152394534972576,0.13188550116771683
0.16507123851965624,0.032593256754417134,8.667060654553346,13.683171497589546,0.12444894859096942
0.7414513654772219,0.03221671169436131,8.477978336679708,17.470415805864963,0.13025008866309104
4.872648969696679,0.03471311809695486,9.114558910132203,13.106647508120215,0.13112186555861724
0.22468145701252282,0.03278864660000459,8.778335670706701,17.78446458742793,0.11955571028198572
6.357541591833169,0.033836193238812796,8.473560897043075,14.540926751857961,0.12338794290207439
0.3236467702107015,0.03398355289720637,9.2963526536961,14.679109095059804,0.12054660429957587
0.14845014734068054,0.03262818156870644,8.684765967683761,13.700020055504178,0.12453143163556546
0.062395752297253436,0.03307890587594014,8.899821552233565,13.841387873354412,0.12805754255306848
0.38553600590682613,0.03325493254852665,9.01796854861413,10.294813467599282,0.12680919928155923
0.1812194320687695,0.034960919223812045,10.124244010152427,11.811613665954525,0.12940176266719935
0.32436349118715324,0.03444657973124634,9.75163579433168,13.847242712647507,0.13266579741068055
0.0596372743461029,0.03307560566148231,8.877005878116925,9.165378268887299,0.1330088535529815
0.21273616724407546,0.033986756844698776,9.531252840665307,13.69744009306252,0.12471626051818793
6.660876571350242,0.03377738541035202,9.460912535139698,24.606869897767695,0.09843087655146882
0.16019795878273982,0.034025511620303726,9.56275518207013,15.242426519196702,0.12519678695816236
0.2732706425923777,0.03398772173381949,9.545399612765074,16.764930446798534,0.1258056291259265
0.28970916844407013,0.03414939110476349,9.64928198243803,19.753878148451882,0.1186033696915452
0.46229058171866344,0.03325,9.217963819704455,12.66273491408484,0.13252714531912105
0.7195278054625925,0.03396114055271329,9.180965174983852,12.459524471529225,0.13207150939590506
0.9403895635533405,0.03324635529198816,9.299414195799582,16.30994639893319,0.12804679077226608
5.264234485205277,0.032593256754417134,9.31303969946615,13.683171497589546,0.12444894859096942
0.5733196734773599,0.03340374433600838,9.090019859061975,10.49940549785945,0.12415110241004057
0.38994815439073616,0.03240083730404112,8.405507218986394,13.106647508120215,0.131444047318792
0.35142861982749685,0.0334927593260355,9.10294207161642,13.197237856997173,0.12183760760434564
0.769610528124484,0.03333052284283132,8.998143397364164,10.11652751734634,0.12339273257577837
0.4808494673854167,0.03303847382726451,8.825454818216807,13.876602753680222,0.12000687895980405
2.248271728680189,0.03262818156870644,9.107006647862299,17.14561695396313,0.12218089128966783
0.019370247288016448,0.03307890587594014,8.933072275576778,15.519983368437426,0.12415458086381251
0.8977944813566308,0.03279541098721889,9.01796854861413,17.484255365844177,0.12113603886464422
0.13016937216615265,0.03300061348628673,8.956581362078746,15.460662332234936,0.12546597572107487
0.1342008394560586,0.03324703444356554,8.949619011773715,8.289783199778647,0.13395640576737228
0.6062511255108851,0.03307560566148231,8.877005878116925,7.6390429223543626,0.13089694474977542
0.4264953859455452,0.03351962300698411,8.923127018069579,19.11987420473292,0.11978393604266871
3.671728835915023,0.03301167303774219,9.460912535139698,16.843148043375564,0.12212465935440298
0.2164121350041211,0.03302147014502574,8.94483777695368,13.272158067083069,0.1247929859336068
0.17855141530853358,0.03346152617273549,9.174545181783197,16.764930446798534,0.1258056291259265
7.175607200295221,0.03355272662892153,8.273524669330296,14.373084986103663,0.12202806197770533
0.31341715003766685,0.032812937466545095,8.775324214270018,11.492803257811042,0.12599999999999997
0.12022458511637832,0.03321641532306433,8.982974076351445,12.459524471529225,0.13207150939590506
0.14528044378109609,0.03266625037847842,8.556773632064667,14.45981729765364,0.12540207479181542
0.34560206249641295,0.03299398538656637,8.679324347475102,9.760761683658384,0.13318240907450546
0.0890495916688534,0.033306378449599536,8.942315525652187,10.48209294351529,0.13111224144605407
0.10046770287446163,0.033081126550275675,8.905129174501468,12.886700945882135,0.1307808214226177
0.31269851232990864,0.03350453373814987,9.023248387842123,16.739903200349904,0.11924431064080449
0.3770178343736845,0.03284986635414619,8.711466095138093,12.115094845147842,0.12424847094765473
0.42150107848770313,0.03268390678229291,8.556502086213596,12.25866231443929,0.12464686978705625
0.08386222646714146,0.03262818156870644,8.730274452080735,13.291002603828796,0.12850722118096353
0.10520954616928119,0.03301018296258381,8.95824742501155,15.404613697694781,0.12415458086381251
3.3389091374287365,0.03325493254852665,9.561500950992857,18.189289998967965,0.11993486598688094
1.7138070995082706,0.03300061348628673,9.25907795789266,17.729413814249718,0.12121571612112053
0.1645079120153966,0.03401102422935479,9.557739105838607,16.90645215372481,0.12258777136243784
0.11040491499598931,0.032928467096147586,8.877005878116925,13.037559459281937,0.12593855108155222
1.1500250650322124,0.03351962300698411,9.042144622407164,19.11987420473292,0.1303288954279035
0.3970350037236806,0.0318727037154192,8.138675123924552,12.500576818327565,0.12528085773758968
0.15650065344021513,0.03279573195881948,8.794348963706149,17.061598313850773,0.12519678695816236
0.18088075732080522,0.03377238291642722,9.174545181783197,11.93253706249362,0.12682774582504475
0.4595155709268261,0.03305529418793738,8.87759600651927,10.751210407733959,0.12528085773758968
3.6628096596334356,0.03325,8.369328128516663,14.128173411942116,0.1242103114612918
0.07407191319527048,0.034179455571372655,9.57495183020638,14.220435833530455,0.12440368758098477
1.699890287965942,0.03266625037847842,9.043486623959,9.288223294687953,0.13145002824411123
0.22116105693493956,0.0324431435144029,8.667060654553346,18.237354505666133,0.12070747263512593
0.04515906633065312,0.03406476447338943,9.479432791756283,10.49940549785945,0.13348421508224095
0.4583379511295169,0.033186516779920884,8.905129174501468,12.886700945882135,0.12140078943599553
0.21296987763299952,0.03251551705764424,8.557507266560537,15.62877499839938,0.12791104739205983
0.19243989513759785,0.03363758585161635,9.189132409569972,13.36724773763128,0.1310303264203148
0.03254756457727518,0.03378875674959536,9.257522896562444,12.369264377034769,0.12749751025747355
3.887180768079701,0.03262818156870644,9.27877711658519,16.055602108739954,0.12850722118096353
0.19955704088969828,0.033410855468396804,9.101123595112043,16.683975203670492,0.12659411665341933
0.13551229560486272,0.03264281007437162,8.555228707297033,11.641652681040522,0.1288317740965759
0.07076538789035622,0.03274567610340464,8.743969305749655,13.708625302511027,0.12866868414817506
1.682137672117892,0.03375928119484375,9.721269850024653,14.426827110340575,0.12596404260470964
0.13272015899343753,0.033610891096554164,9.163378493020808,11.567727701419154,0.1330088535529815
0.1654502680061168,0.03328936740064259,8.91115563848552,12.378125032908622,0.12948191499145167
8.410794736547498,0.032461096152136854,9.460912535139698,17.727802500600887,0.12417220125765757
0.9440358033019736,0.032029219253490615,8.189885788460868,17.061598313850773,0.12951787238674203
4.627899141776384,0.03237567350024267,9.174545181783197,15.03241939203567,0.1258056291259265
0.2151943776052331,0.03272579914033685,8.576713834028652,17.892335638861553,0.12232986024256085
12.43455595971745,0.03325,10.143677569740413,14.0,0.12671666377560972
0.01394055949128548,0.03358624183075885,9.212203306362845,15.094043594477453,0.12440368758098477
0.2023911737996485,0.03387185638271762,9.309679102875933,13.545283350966946,0.12311466807598676
0.10817101794695677,0.03411926013233634,9.529405078708727,15.17232609328005,0.12641774164154182
0.5883797228355242,0.032910857982919386,8.738526259517883,7.321610592406761,0.13233010164124998
2.4520888118680877,0.033918394650247284,8.905129174501468,12.886700945882135,0.11754947568319218
2.4825619044080414,0.03343054459569073,8.572786809324837,16.042573617791387,0.12183760760434564
0.6222429754636287,0.03354652048781764,9.368007894039039,14.737288687942838,0.1320792435524065
0.16612072153188745,0.03258450553607449,8.694695084298704,12.369264377034769,0.12666950254671433
0.03664661500962927,0.03262818156870644,8.631992105960965,18.919485802574645,0.11992075644759348
1.2396554769784436,0.03307890587594014,9.097352234582559,10.331153506509114,0.12415458086381251
0.1025589822648403,0.03280125945526862,8.705432780531904,8.789964620985188,0.13356210996813764
0.9148870188279862,0.0332772262142719,8.743969305749655,13.416983692706902,0.12948704664149183
0.18682736684904647,0.03348797671620742,9.229283532693008,12.618362727821847,0.13266579741068055
1.024902944518456,0.03307560566148231,8.574110777553662,15.310379425670117,0.12431549568165409
2.034114763229862,0.03351962300698411,9.549708470746307,19.11987420473292,0.13265835449290278
0.15977495693543003,0.03256016751265175,8.554656533364312,8.460055901244743,0.13404830464068704
0.0915386307132379,0.03384790514185306,9.260306670133113,9.882043024518126,0.13347954841306964
1.5230943823257925,0.03346152617273549,9.485169743771493,17.14544291792371,0.12067050721926559
1.1196174263333587,0.032486105296163165,8.273524669330296,15.833132900545737,0.12563289397997784
0.1046481050678463,0.03342575007189302,9.000000000000002,14.240495308898222,0.12599999999999997
0.04876915209767808,0.03339642597564564,9.12744655457009,11.285151904921044,0.13246474686308032
2.0712205232190675,0.03266625037847842,9.01292874771827,14.45981729765364,0.11953824267139757
0.6500100338480613,0.03417029538976624,9.542882526094015,15.17232609328005,0.13468894402826384
0.1060228953622672,0.03346030219298703,9.13975770287233,8.08211428739884,0.1347736035862732
1.507340949784496,0.03252540153240917,8.905129174501468,19.179658422063095,0.1178353459431572
0.0659351655822098,0.03343054459569073,9.142158627131561,12.802141874019965,0.1298351680450635
2.376427419122099,0.03296337377849221,9.280488470626258,20.248619669129038,0.11761557931140806
0.05710229018597957,0.033956103559525795,9.33077304098298,11.548637104396569,0.12908190790057508
0.05150165036004955,0.03338892316439945,9.140375302288358,14.395491159040404,0.1260029895344779
0.34483958134605486,0.03353090705118523,9.087774039787979,15.519983368437426,0.1189552392110721
0.040480172468584465,0.03419144272654442,9.492388846472515,16.10553310897517,0.1235629518163113
0.27224467109119943,0.03388155500405611,9.350006297966676,13.708625302511027,0.13197669604130488
0.19594971069771214,0.03375928119484375,9.229283532693008,12.068970329129078,0.13266579741068055
0.04714689769619517,0.03292499338968861,8.877005878116925,14.27286306207294,0.12584041870286347
0.02553944026114539,0.033054303077824594,8.839750835737412,14.214364478133467,0.1254757100285789
0.01438197460184244,0.03388013240857171,9.367907044948666,12.470664667062824,0.12773183233182323
0.21171085518698654,0.03261844499594389,8.649993702033328,17.216253411615618,0.1200233039586951
0.43793141888371623,0.03409502672392525,9.471148343271334,16.764930446798534,0.129084897435053
2.5834806644840302,0.032050029068199544,8.820315106383028,13.527682406473904,0.12767025250166703
0.39266802214423435,0.03325,9.197468787021439,14.0,0.12599999999999997
0.06128165942002799,0.03487853615171824,9.973847335929875,11.007873295221948,0.12968727755907705
0.36637040697224915,0.03309601915429253,8.984800986127624,17.790817620084226,0.11864787717157546
0.21067889783553556,0.033612371630741975,9.29792016871329,16.269647180944773,0.12641774164154182
0.21888485167917276,0.03314544628810611,8.900355944934251,18.636937444302156,0.11821556717659595
0.14373853919920337,0.03162146384828177,8.026152664070128,16.99212670477805,0.12231272244092292
0.23455604734636426,0.033727439177612874,9.26476838869605,17.428363286280675,0.12596904213959123
0.16189598990068732,0.032567674237732706,8.683941677416286,14.737288687942838,0.12359851022037097
0.04924935050450949,0.032775688219622685,8.71773476269962,13.930339518794089,0.12749751025747355
0.26708214201723557,0.033555700428933195,9.20652069530746,19.538036223865475,0.11717561522151923
0.07501003154211454,0.03305702550864007,8.805008382326342,13.450633696812947,0.1259958473167684
0.5007021805886822,0.03271794800199211,8.768363450580363,16.10553310897517,0.11934424744193206
0.3087743543851466,0.03252497351063218,8.573371832906702,17.115039775886462,0.11934009475870053
1.110205828467677,0.03375928119484375,9.580756600472327,15.682875724217237,0.13266579741068055
0.34584859749087404,0.03301715622976321,8.957194730378884,18.637951947144536,0.12584041870286347
3.9222592704991204,0.03417819596795762,8.839750835737412,12.80815599905232,0.12495781894995717
0.1151893519933615,0.032439159506458703,8.640956893528855,13.586726112767114,0.12817809850300946
8.990324405269936,0.0321359387566169,9.260306670133113,19.738549361376464,0.11904923433520656
0.02025697950797271,0.034175769862149215,9.53065283633566,13.690633622423471,0.1258056291259265
0.15748071743830336,0.0335018899666966,9.22150098635575,14.387122478994696,0.1286918352172776
0.024805863683244528,0.03257393280950329,8.624394622289081,17.390862476642738,0.12240021711196891
0.10555977761155258,0.03425929168234797,9.50741111406587,15.094043594477453,0.12546327505794158
0.0320798341368509,0.03424305869213385,9.567474082910767,14.729326460656281,0.12540207479181542
4.139253043427562,0.03411926013233634,8.872177674386258,18.589606579327377,0.12641774164154182
0.4596725597301824,0.03276644663452793,8.712235050658464,13.928982240119092,0.13348421508224095
0.045065749908907174,0.03326421839794705,8.965286968533814,16.190793018819246,0.12396544666942427
1.2530808786311751,0.03363657676335747,9.18847839312887,9.73152132927806,0.12183760760434564
0.01504063305002383,0.033916295216725206,9.379002156988374,12.326128088137647,0.12783417399008776
0.2094650373329973,0.033947634925437335,9.257522896562444,8.88526938087394,0.1344595959050866
10.4371947926907,0.03262818156870644,9.667211318612905,18.919485802574645,0.13036864209504803
0.029976106426253882,0.032920753845946074,8.818953096810622,11.950945570681261,0.12811355237872807
0.25210973321807406,0.03424507328440093,9.54212414553206,16.10553310897517,0.1274978283885173
0.14503611513527676,0.03411650061678506,9.445344767024189,13.708625302511027,0.12866868414817506
1.49582054607417,0.03300382717910905,9.229283532693008,9.200663514500626,0.13240646000443063
0.01753992416429462,0.03320317407713958,8.931882791511045,15.24849250843762,0.12433155052708303
0.3908534190366954,0.03330537931189614,8.839750835737412,14.85485354205018,0.12566787115571965
0.01519293944094107,0.032930993906095794,8.833481232178862,12.26872073784081,0.12810195449951373
0.04300000001774473,0.03267298838814118,8.697635424497292,16.475465804868726,0.12233066338759865
3.9390753117652197,0.03307246405976984,9.53065283633566,14.194471117656422,0.1258056291259265
0.03823951699785367,0.033548229326092235,9.102203619093832,15.833132900545737,0.1235881730273451
0.8978498302805827,0.03378604802783027,9.000000000000002,14.0,0.1267701714272434
0.0146877385939694,0.033049871202357355,8.884568922897298,12.528142717947727,0.1274895578145299
0.02634040649704609,0.03362722126147491,9.246587754946997,14.729326460656281,0.12540207479181542
0.4694696859826407,0.03411926013233634,9.262407010423395,12.687809878553193,0.12735809800125142
0.27716940593740597,0.03290443823466708,8.849457235559349,13.157131679140566,0.13348421508224095
0.20494707218137947,0.0329094079289692,8.817854634223284,16.190793018819246,0.1208956265507169
0.0166689358669979,0.03307605532795247,8.916144346856491,14.219051683623118,0.12623106413676477
0.06725078828748171,0.0334846127848335,9.171684450110899,13.905406577618853,0.12783417399008776
0.02736241437660587,0.03378875674959536,9.257522896562444,13.022988910676444,0.1270721472247213
0.9205603521741574,0.03318201389795305,8.96862989070595,18.919485802574645,0.13070280888373814
0.02344461558991097,0.03337856424840733,9.076885567720911,15.210478824107874,0.12507502761802436
0.5182452877713265,0.03386886483458963,9.391778121993765,16.10553310897517,0.13090487036624915
0.4101890073880793,0.03274567610340464,8.513247168878433,14.226568117949212,0.12524527549696673
0.20472247398098456,0.032947491079545144,8.83925877913558,13.008572859515244,0.13266579741068055
0.01659397966853235,0.03320317407713958,8.931882791511045,14.89645477971143,0.12462139299120908
0.020026330856260655,0.03385527271692766,9.343286233905369,14.740509299543742,0.12535174958142778
0.15551230052856702,0.03388013240857171,9.388930742100394,12.470664667062824,0.12548889785080866
1.8471872067641224,0.03350971095159473,8.697635424497292,13.897640978684306,0.12233066338759865
0.7565222283912212,0.034175769862149215,9.232122778983172,12.974824304613971,0.12712335393313048
0.3598992073039039,0.03329451814891758,9.0283775410748,12.305427305443647,0.1235881730273451
2.7940812615668307,0.03325,9.530100262758978,10.38590905773987,0.13072773977383573
0.05232613525451499,0.03195382282146764,8.281506874272786,16.401969935988653,0.12300277694122122
0.3709599954596692,0.0340763449269301,9.500443031603252,10.700484419264594,0.12540207479181542
0.03274813568433878,0.03411926013233634,9.529405078708727,11.576198155847786,0.12900499302349694
0.03475552103261759,0.03242365507306991,8.49955696839675,17.299515580735406,0.12213338790201048
0.026694271153567303,0.033115708217497763,8.917561943426353,16.190793018819246,0.12396544666942427
0.009203103388898582,0.03290267579986577,8.797423717584286,17.428363286280675,0.12183760760434564
0.28861838203294543,0.03414967660125279,9.379002156988374,12.326128088137647,0.12462295698965078
0.2916836753126602,0.03286124183991438,8.74031271245058,16.932134544979306,0.1270721472247213
0.025209665058984317,0.034196065739742175,9.515424430356063,18.919485802574645,0.11992075644759348
0.03350548418296369,0.03331225883996975,8.968072806133371,17.906636261967435,0.12130613749278288
0.03251448803336447,0.03429118433554465,9.578121831333098,10.545783981792221,0.1306586094146009
0.14506094812346929,0.03444761462812306,9.673366750832773,8.063646392895725,0.13360827933801395
14.257284388207308,0.03172126259082721,9.229283532693008,10.834028867792934,0.12790843608689761
2.1492505496666467,0.032350323398747216,8.931882791511045,14.591374234536584,0.12462139299120908
0.16731800618251477,0.03443474196141727,9.67745307066983,12.16074163130587,0.12535174958142778
1.229525373353402,0.03388013240857171,8.990568235467958,15.471748108031882,0.12455953123493385
0.16969910652886785,0.03316795842890957,8.945922316913466,21.222474716157596,0.11673840062377783
0.10396559728315977,0.034259680918805234,9.54772773262812,12.807570249135399,0.12528021935266392
0.15976913965278264,0.03289868836436259,8.777555094873364,8.914160949707986,0.13216820853890185
0.3266899647331091,0.0320186160029531,8.291815078641967,18.171332119615755,0.12599999999999997
0.3165366198843431,0.03338367260650663,9.045512129770156,15.094043594477453,0.12018388807467506
0.07571006752616039,0.03399519722097801,9.344457258838013,13.453105225671024,0.12540207479181542
11.692417307643382,0.03411926013233634,8.343168046604688,9.563371644107644,0.1334481564208488
0.2052904934644814,0.033055832538819295,8.917669027272343,17.299515580735406,0.12604284786657008
0.4882686704989599,0.033115708217497763,8.68844982439858,17.872477025119544,0.12067443744261186
0.06393601308156632,0.033801580569609156,9.351824265583101,17.428363286280675,0.12287748992889039
0.28976338630242193,0.03313756159466287,9.014733152639142,17.316532414353787,0.11981552476029628
0.18967985100972332,0.03262032034744704,8.637530028119485,13.022988910676444,0.12481967463738936
0.026649746228942457,0.03418389141077811,9.508791755365655,12.442455913776445,0.12740573472203914
0.029340586575305243,0.03352417499170421,9.208097435426758,10.942645915953042,0.13156427880568605
0.8408621282452977,0.034055498839860934,9.438842422093138,18.188546250249082,0.1306586094146009
5.3611764055047715,0.03274567610340464,9.452655578123586,9.196770459945453,0.134799534869182
0.11471695641531435,0.0337361867760689,9.363727662520024,10.375562654713221,0.13061198629159204
7.3030551489875375,0.03320317407713958,8.135070611177932,14.89645477971143,0.12788387761516273
10.648909996964118,0.03385527271692766,8.291815078641967,18.171332119615755,0.12535174958142778
2.0840973222901993,0.03316901417063367,9.367907044948666,21.129533201170364,0.11685758236010224
0.05998620672468101,0.03267298838814118,8.72703580822112,16.109140636313306,0.1229464160768147
0.040483125637671875,0.03268468887688564,8.717725415174481,17.561949737395942,0.1215244838043745
0.28976338630242193,0.03313756159466287,9.014733152639142,17.316532414353787,0.11981552476029628
2.1048214644171335,0.03325,8.520666833272065,14.0,0.12485651946106538
0.014131478425934074,0.03310466842415431,8.930285699943173,15.297905930732874,0.12466123997097636
0.37084671132432,0.0334107659110797,9.246587754946997,17.788773558433608,0.12540207479181542
0.010447223494534051,0.0334341688502218,9.107667391906713,13.396704778142691,0.12626081503406758
0.04470015758417327,0.03323833728007795,9.008750773795613,10.995318965064474,0.1293816533190055
0.026291656082270628,0.03305041538732363,8.883592594907771,16.190793018819246,0.12396544666942427
0.2538851595066896,0.03259810179602362,8.641463589453087,17.428363286280675,0.12653834776508366
0.9713122834984567,0.03262577822393294,8.694496433840893,12.326128088137647,0.12006107112559963
0.035014498082124555,0.03378875674959536,9.257522896562444,13.362889303422936,0.12705276493648676
0.02437123689958847,0.03374223536945337,9.248161728712407,10.210665193315936,0.1322222559431458
0.13868965641687184,0.03308011639660556,8.906480585786625,15.519983368437426,0.1271068636180154
1.9155735693971898,0.03346688273208813,9.578121831333098,13.836417077412886,0.12693940355433592
0.09984100689727793,0.03384830087351839,9.332208990164748,13.708625302511027,0.12866868414817506
0.015659307357859472,0.03277515335207081,8.712427960417031,15.896016859597534,0.12377810968067077
0.26680745229821146,0.033884959547656066,9.376661168882414,12.03167302951251,0.12462139299120908
0.3294479552649483,0.033631172287990556,9.181061401532578,14.740509299543742,0.1306359677940243
1.7624336210783489,0.03314997913423012,9.367907044948666,12.78438115647843,0.12773183233182323
0.11749222069331519,0.03267298838814118,8.776021296996808,14.036135318546934,0.12610914423288785
0.00979311361764997,0.033687400871124075,9.235618685276503,12.230836415070566,0.128258402362452
1.6055064527419094,0.033548229326092235,8.750886967739751,15.022581343883774,0.12483855195154966
2.347193506463714,0.03258904060782888,9.000000000000002,14.0,0.12013533826495396
0.031891624019980226,0.03339322769599527,9.045277251375873,12.786418736313118,0.1266150202026412
0.011744562484492054,0.033601498856182264,9.186696103626483,12.330735981449902,0.12864821188783332
1.0333782019095172,0.0328908327943433,9.107667391906713,13.396704778142691,0.12620412222931277
4.713950971194549,0.03362347230739442,8.49955696839675,11.594362765944645,0.12977557567067782
0.022430726294081747,0.03305041538732363,8.872814892234583,16.190793018819246,0.12382758845316147
0.3532105825842823,0.03313348520032008,9.001115269202451,14.584625092412155,0.12183760760434564
5.383978172188692,0.033916295216725206,8.57738465216509,20.767367993862457,0.11626327564684183
0.027607563716699125,0.03252207261324546,8.615380308725516,14.730840746999176,0.12487752561017482
0.6357782055541195,0.032864594623024816,8.802901035913198,15.804782601561213,0.1322222559431458
0.10320131365760246,0.03420037718553208,9.545292317031102,9.216105920150975,0.13162242572483016
3.2754883961049597,0.03429118433554465,8.956557004604516,16.594210455827845,0.1200574240863069
0.036328735559056205,0.03247205108315209,8.535797875564299,17.48802031014235,0.12233935158766993
4.327260640035306,0.03398576412629273,8.712427960417031,9.126759731090456,0.13202018543606336
0.05062867161154462,0.032015446868287424,8.323305194458982,18.1864470077779,0.12156249523003843
0.08710211738133046,0.032609083350456786,8.611099539291697,14.740509299543742,0.12359402412238249
1.9684861463680587,0.03388013240857171,9.790594673384737,9.160171046083004,0.13115198679400658
0.06951240435226466,0.03435435518595241,9.644266819031486,9.34123489294501,0.13210834794687226
0.05350063091348109,0.033818991615988885,9.372487464119054,12.154753767961747,0.12770197261601493
0.36933288825952715,0.033548229326092235,9.28349929913657,15.833132900545737,0.12944039759347603
0.10908205419330305,0.032896995628394154,8.824484661200255,15.908122930479642,0.12599999999999997
0.12376975579103364,0.03358624183075885,9.083180622241628,14.055281271722123,0.12440368758098477
0.48344319187533835,0.032645980862613846,8.664615920596564,12.330735981449902,0.12329741493032134
0.6932636676109019,0.03297773279827758,9.107667391906713,13.818333503684537,0.1263285884747899
0.0471415327574312,0.03408784500587931,9.489165563982155,11.005446988803754,0.12918769479552566
0.05434278570535218,0.03313745185750668,8.915325760812369,17.26174528233366,0.12099113544366336
0.39845980943442033,0.03336748437083378,9.026291117571162,17.428363286280675,0.1275480454681604
0.30577765953400726,0.03361953247308641,9.379002156988374,11.702722284395795,0.12857043474824106
0.05826363122904306,0.0331053550137573,8.88508934095129,13.022988910676444,0.1258855551658198
0.011172264946967056,0.032849894836974945,8.772923369735082,15.03549883560719,0.12483371412874147
0.24466616545601672,0.03342301088206946,8.933072275576778,15.063449876743116,0.12460083407153294
0.01558673897837863,0.033347072653139936,9.045846688863932,13.381602727703228,0.1273849933570655
0.007313034947295689,0.03335863335855794,9.041088534385825,14.401594609993559,0.12508568234674816
0.010130994633409772,0.03330631446633578,9.026596901734138,13.641251050152174,0.12680347203109107
0.010767991441354739,0.03316926283011658,8.922602318879665,16.089789426795107,0.12329067390078322
0.011821751762530683,0.03377980297320388,9.29851471782705,13.19859968748941,0.12720261729102436
7.0288126681027325,0.032463261997090584,9.367907044948666,16.379052004308033,0.1230592031994382
0.5570120708907527,0.03267298838814118,8.697635424497292,12.57780117340906,0.12233066338759865
0.01191705346716342,0.033538795303202994,9.133074592263391,13.792511711190903,0.12586110864902428
0.03734296219679637,0.03411592083766512,9.510189892468603,11.114803670577142,0.12930717988908486
0.0170517875445798,0.03325,9.027942500049546,14.11970690709548,0.12608893627366793
0.14754830226316012,0.03360548523537863,9.222779226827843,15.094043594477453,0.12780377557785907
0.024400873176207483,0.03375329804618054,9.262240200565888,11.840633479606957,0.12821168713265588
2.213273116742786,0.03273378713680765,9.107667391906713,13.396704778142691,0.12312237242340476
0.3542319092055458,0.033615251651679195,9.23134763194291,13.252389381623578,0.12213338790201048
0.074776552169199,0.03232556772064183,8.455382164921865,16.795431845062794,0.12382758845316147
0.011938873386292796,0.033406107749551404,9.109167162408564,14.330253905900522,0.12553706176736015
0.05873287862021243,0.03311862254887588,8.909824267801316,13.836518585014375,0.12783417399008776
0.014112447389600047,0.03348675714276786,9.138088223621455,11.663020613834801,0.12883733794043975
0.007926858847658796,0.03301324285723215,8.861911776378548,16.3369793861652,0.12316266205956022
0.010187199270914656,0.03342261823306,9.087219325978367,13.205273740275766,0.1273616761173416
1.1404640032944615,0.03273378713680765,9.045846688863932,13.381602727703228,0.1273849933570655
0.027616272388557885,0.032923470554142395,8.796956041542934,14.401594609993559,0.12620162170714008
0.09949808554585068,0.033449757729197255,9.1093563833954,15.046743399486887,0.12680347203109107
0.03314647301706622,0.032818286711217434,8.775759997716293,15.931971878313824,0.12295106360520988
0.4716576020536109,0.03377980297320388,9.066482650576479,13.19859968748941,0.12560536255971202
0.012598509004939378,0.033768866555406375,9.27950254260952,11.901330619430015,0.1286790286254247
0.20117606473301136,0.033640590692294595,9.238779853931312,16.475465804868726,0.12684595791609368
0.0071757178382181,0.03352963971274337,9.162517381055103,12.295669123135108,0.128258402362452
1.0669812799353304,0.03353709463534552,9.510189892468603,13.179966036037106,0.12930717988908486
0.09830059198858912,0.03339712054235316,9.101131577587658,15.642062951185398,0.12599999999999997
0.8786018286510813,0.03358624183075885,9.48414550675811,10.807937083720118,0.12974069125834545
0.35146961884083505,0.03323881578275724,9.186696103626483,13.01322537121046,0.1282244312019257
0.020908557686900475,0.03294284526872335,8.791531651032855,18.28260580107503,0.12063396969742307
0.4273702236626856,0.032737570622381904,8.49955696839675,17.849651224629618,0.12125619577360464
0.2260754072545078,0.03305041538732363,8.872814892234583,16.190793018819246,0.1204848668175284
0.04161103394210766,0.032579275622506086,8.590803975027617,16.022391415891033,0.12411785388148397
0.017748877156727443,0.033264760162173855,8.975323469775944,11.32668279873582,0.1301062963049018
1.107615086111783,0.03348675714276786,8.876956827125948,16.119447228389543,0.12883733794043975
0.0175486528289897,0.033076944837950324,8.861911776378548,14.846057392525593,0.12475536180297747
0.029155037329427022,0.033323075588189664,9.087219325978367,13.027835605345755,0.12713686308826716
0.009561294476164597,0.0330568754257558,8.873084549761746,15.17187619160065,0.12457496429684922
0.04010609782452579,0.03226939030969598,8.43736135687047,18.936074816928212,0.120198718958414
2.366995112735604,0.03422760518946164,9.026596901734138,10.224288891087447,0.12999301253941964
0.052672131339010296,0.03303394760688845,8.868505933375005,16.089789426795107,0.12459245121204335
0.014714118463529833,0.0339713261501947,9.409268373535053,12.829670022656462,0.1271195975984417
0.027758447242316183,0.03347019613054282,9.165542215119286,14.669898556531153,0.1253402152080745
0.01583755952173684,0.033373951280199377,9.093840778539596,11.35061093583974,0.12962947844986616
0.04768328143702265,0.03404943401774198,9.48414550675811,10.807937083720118,0.12974069125834545
0.8421699827225277,0.03411592083766512,9.17961546704581,14.532784839543657,0.12508050270891338
0.3072371717601392,0.03325,8.809420784785296,18.173439221492607,0.1209973296756374
1.980929460629018,0.03358624183075885,9.614581488674974,8.55614336905505,0.13244062669677806
0.010647317118610061,0.033601498856182264,9.186696103626483,12.330735981449902,0.12856595083197403
0.018934416018267952,0.03285685132787184,8.789900403351902,16.609826426245913,0.1231993527739482
0.03736500558998035,0.03242365507306991,8.49955696839675,13.251685914372542,0.12717553215441704
2.6969791553092777,0.03305041538732363,9.404481892026874,11.165969795300967,0.12963997947072628
0.46089871336390376,0.03379599323133726,9.322073556666348,12.16544635644337,0.12183760760434564
0.02507293067758277,0.0334684552889734,9.14194074978426,12.326128088137647,0.12951021511796296
4.460147867421169,0.03348675714276786,8.428363449752268,18.314558565453943,0.12071871612613372
0.8162607300933729,0.033539923978135065,8.861911776378548,14.943337330897329,0.12462358218243458
0.8759511190264463,0.03342261823306,8.792272348171947,13.428236646085672,0.12686497650381967
1.3337329673782485,0.033613152823288486,8.873084549761746,15.17187619160065,0.12782532375318242
0.1798597038309973,0.03309576047022514,9.041088534385825,14.754068776915384,0.12496161606292197
0.08775151272612715,0.03383783955540264,9.347074379140746,12.032434437669107,0.12680347203109107
0.2210918068610884,0.03316926283011658,8.878065730745785,16.089789426795107,0.12613650195242337
1.0342601933040296,0.033208036998117633,9.29851471782705,12.400819977848432,0.12795540891621254
0.01938235244057543,0.03346507841182023,9.132365778749957,12.68022093193828,0.1286790286254247
0.06084101344654543,0.03300863307994952,8.83996117593146,12.747331963708517,0.12962947844986616
0.9439058281607005,0.032503128413251314,8.584328307960496,12.295669123135108,0.12010099572069419
0.008108772555802623,0.03354855205942311,9.16579589448611,12.875677139860157,0.1271358850827325
0.011578508955571382,0.033105058232913424,8.909312174432772,15.292122601904197,0.12462612362000103
0.007182959122858622,0.03338363719098043,9.055073520373249,15.167266059582193,0.12440368758098477
0.12174419389623442,0.03288336369611289,8.772016620860065,12.330735981449902,0.12622638643597703
0.008773908038442935,0.0334341688502218,9.107667391906713,13.396704778142691,0.127043477959216
0.010280012639271582,0.033759973790052515,9.290083376836176,12.718839965337846,0.12740385318378564
0.21214186810817093,0.033258840693829984,8.872814892234583,14.146518854501913,0.12382758845316147
0.9457430512746601,0.03290267579986577,9.008345104657682,13.888110834449872,0.12183760760434564
1.279213058227358,0.033287249059842615,9.379002156988374,12.326128088137647,0.12783417399008776
1.5011017937964812,0.03282820780009437,9.138088223621455,16.954438014490485,0.1223733183725347
0.4320625415062547,0.03301324285723215,9.060141495009024,16.3369793861652,0.12582718244587524
0.15875708186790677,0.03342261823306,9.01109170926328,13.205273740275766,0.12468522586708172
0.050518045453701754,0.03311911393571811,8.873084549761746,15.61184828457851,0.12457496429684922
0.007835416658785014,0.03335863335855794,9.041088534385825,13.752839234960586,0.1259489240259769
0.12386454150666448,0.03349268578126596,9.168963978491192,13.641251050152174,0.12986866012960016
0.014922992964382487,0.03342416198830243,9.071070271664054,14.750175105101127,0.12518598963866542
2.11484331958437,0.03296650494037167,9.29851471782705,14.895283537174917,0.12505013502599732
0.012817172888353465,0.033768866555406375,9.27950254260952,17.816502285141738,0.12105038190076309
0.23158470565576914,0.033373951280199377,8.989296071577868,11.35061093583974,0.12652199002298373
0.036296244573497755,0.033563330647923904,9.162517381055103,11.603032773651496,0.128258402362452
0.3110310063697905,0.03354855205942311,8.981493916692127,13.973160277619993,0.12576460635662692
0.007039790341128148,0.03311143593791895,8.914375265242818,14.596286722957958,0.12528058702515052
0.005923935198549306,0.03343074929464867,9.105045530571036,12.898380345126501,0.12745975201462426
0.5529230943981214,0.03269587267126762,8.681562089168096,12.330735981449902,0.12240217423893451
0.7017835915846093,0.03298910213416527,9.107667391906713,16.44785641753166,0.12279023954198212
0.1236806455350492,0.03356780251759934,9.290083376836176,12.718839965337846,0.12765528930479308
0.7204301563217209,0.03351516033879592,8.872814892234583,12.383917118579788,0.12832261290403787
0.0049119545235358966,0.03329644722798209,9.015628277569768,17.428363286280675,0.12183760760434564
0.017912510207819983,0.03324426155533498,8.965601133239298,18.77912981780014,0.12008639431420731
0.7723019056225681,0.03306351226068631,9.138088223621455,19.88074947267364,0.11862664229958303
0.009509356779991943,0.03301324285723215,8.861911776378548,16.739358472802945,0.1228216806287851
0.037211486061310875,0.03281378656410318,8.73887318433903,19.767001607137665,0.11909625053222819
1.3833090797573224,0.033727117068361255,8.873084549761746,16.346431237240864,0.12302315328996705
0.011135908860054371,0.032978644710382754,8.826429938837578,14.401594609993559,0.12508568234674816
0.2139178284093695,0.03342545171597156,9.097836266888907,13.641251050152174,0.12324177817413179
0.02688032601333338,0.032829172236882205,8.740645150010064,18.703819954312007,0.12013918494248832
0.027538779295233486,0.033051287983637184,8.858436486665974,19.50585264959674,0.1193521980675738
0.01182510967543663,0.03286577738760293,8.770654586694752,18.510295335320485,0.1206520619187243
0.008054227918708658,0.03338325536972168,9.07342445126357,14.500341320618253,0.12547156440755333
0.02853345717489002,0.03302421797260244,8.849237028542126,18.205936977711634,0.12046929516316465
0.360343990713696,0.03354855205942311,9.068404341965799,12.875677139860157,0.12255261569105708
0.006304501101012354,0.033407110532117694,9.07331065502435,17.01352986344343,0.12236874008875567
0.020007539319782084,0.03412033389652962,9.4972666355246,13.751125629650817,0.12564988304740604
0.018681846768127734,0.03363934666872103,9.243908016395306,13.81824900609085,0.1265644127724042
0.5416502663690848,0.0334341688502218,8.858994813017826,20.172986660845183,0.11796403954101761
0.006756656848832209,0.033390541690456896,9.070312876774837,16.85488215885231,0.12259752526504561
0.274968970604925,0.03305041538732363,9.051171185467826,14.137899477453596,0.12606794191788598
0.02397194654422108,0.03342685217812588,9.114579364667124,15.09857333455341,0.1251800431832637
0.33613231644718033,0.03374697264187088,9.274358711069226,17.007179486717757,0.12783417399008776
0.2592418247026399,0.03379576168083154,9.138088223621455,15.853233804430248,0.12368872049640797
0.0384294729842538,0.033124463854361616,8.861911776378548,18.476556946234002,0.12044865017238249
0.32940362537787954,0.033364821369845934,9.087219325978367,17.461729483404554,0.1273616761173416
0.40097819381175637,0.0330568754257558,9.073375469703976,17.193161465879598,0.12457496429684922
0.03697083674322562,0.03335863335855794,9.10414269330179,18.702019422211865,0.12045501164876371
0.12302830229673484,0.03306536014297501,8.877082337286232,19.398790080588704,0.1185261240582682
0.1360298110299033,0.03333725009290193,9.038872677600821,16.089789426795107,0.121286749057402
0.1673735068631774,0.03306849410179533,8.879997589524683,13.19859968748941,0.12444220885435017
0.03364216450268935,0.03286577738760293,8.731590830303087,18.190897544762727,0.12069331445904338
0.15170657356717773,0.03338325536972168,9.115579343860096,14.500341320618253,0.12322656503630885
0.015532182055214522,0.03394610891385752,9.39160614958779,12.067010987771265,0.128258402362452
0.012863514795557323,0.03383401930959595,9.333802037239277,12.088613140306872,0.12831514054040136
0.2683737692470804,0.03329644722798209,9.186990969114932,15.163587454747686,0.12454707777046856
0.2489416045675278,0.03343252955155283,9.105057338749777,16.60261837155742,0.12745975201462426
0.008062732945466146,0.03338606579905839,9.081177618768246,18.371569202890306,0.12081372631582815
0.5751685697461861,0.0330373225489051,9.107667391906713,17.815594751603843,0.121345568839168
0.24926270302382514,0.03311880535418035,8.90981492722308,20.636345034423293,0.12259752526504561
0.0055084680847884,0.03342988431969851,9.09911780540579,16.238802225967667,0.12310243328026996
0.04262603262022089,0.03336739786732495,9.000000000000002,12.701285526453443,0.127491324732678
0.012125534135811994,0.033520164815219064,9.16746717600496,14.309107291357998,0.12574598090969358
0.7915230376440403,0.0334492141758762,9.127365975137337,19.036185051185228,0.12883733794043975
0.02948341760008833,0.03304918942733602,8.843087942665043,18.68309414318746,0.1201075124874521
0.024091394084627793,0.03332793278039812,9.032446442267947,13.571763161616149,0.1273616761173416
0.5580868835009828,0.03347408910178383,8.873084549761746,14.220381538138058,0.12457496429684922
0.5268828127920349,0.03335863335855794,9.041088534385825,14.401594609993559,0.11833848600175617
0.016123727150685975,0.03330631446633578,9.026596901734138,15.530721735506832,0.12448196448215798
0.005440688901341647,0.033364243997839715,9.063385155304228,13.769996216897963,0.1262343976598674
0.053090487757229826,0.03326570600670129,8.989306980889127,19.865115911514554,0.1187048339763595
0.005597107040310261,0.0332063565613437,8.958503177261441,17.60067913498014,0.12166849104060534
0.016555828486407943,0.03336518195844577,9.07217371688484,18.206162978807992,0.12069913230207349
0.004856555397322403,0.0333098433049448,9.022702316316558,17.94298996759103,0.12130008863826808
0.2966832723919127,0.03354855205942311,8.977635981886829,19.002207267037992,0.11962723619063043
0.03462268441651625,0.03333832902034716,9.0322870146166,20.045577896123085,0.11874732649665415
0.009111185854541279,0.033638144179902504,9.209072028348663,15.820200836927688,0.1237368347087088
0.006413094028240987,0.033126743702083745,8.921021013246472,18.632528232967594,0.12060345935376071
0.2950310014879761,0.033471628512523,9.114261828500968,13.396704778142691,0.12252303339751891
0.06027547673202441,0.03325710266376792,9.070312876774837,17.38342076501389,0.1220958332562754
0.005153610869612869,0.0332281188468309,8.977671684497679,17.63613461620876,0.12162417398305378
0.009822567896363958,0.03341833393677359,9.093182619385765,16.04157745132274,0.12363248327820181
0.26333465748045287,0.03326793805238316,8.999423839755764,18.070414471274763,0.12574598090969358
0.04387380834951612,0.033180854795943154,8.933919179571827,20.171621302935403,0.11857345827827653
0.3396072046755544,0.03335780005628821,8.861911776378548,15.4929596585236,0.12316266205956022
0.23098350494925363,0.03342261823306,8.929580727887174,19.856004853490358,0.11890311438384574
0.025372661030618693,0.0330568754257558,8.921021013246472,18.632528232967594,0.12060345935376071
0.33474839613675444,0.03335863335855794,9.16657010713923,14.401594609993559,0.12281400842870532
0.24915036081045502,0.033536769035155345,9.152421357097456,13.641251050152174,0.12271612007941571
0.43650945871027663,0.03328308379779577,9.015850143287597,13.769996216897963,0.1204339349119562
0.07804148965564411,0.03377980297320388,9.209072028348663,15.820200836927688,0.1237368347087088
0.013851217243368972,0.033258187418475735,8.995891656614186,15.972095575229714,0.12387956232873845
0.015855450730792746,0.03353415045893358,9.154029470983541,16.73688832984332,0.12300915682760266
0.007039300160197139,0.03336966784773404,9.071917684312059,17.428363286280675,0.12183760760434564
0.009701980855143927,0.033121336605010175,8.905992468907112,18.802751803174804,0.12028237135864145
0.004891232560587512,0.0333098433049448,9.022702316316558,18.14295600672111,0.12113575996414058
0.39658236637796257,0.033254211254254165,8.984016959156506,12.898380345126501,0.12213945850442717
0.011245140554967514,0.033228374866139325,8.971869982003458,18.15621084117928,0.12144615616926516
0.8016029788400818,0.03311796812635311,9.107667391906713,13.396704778142691,0.12250501469487601
0.013173873189469979,0.03354920982466046,9.159532967048706,16.85488215885231,0.12279375142195054
0.08231072684113225,0.03335870832205716,8.977671684497679,17.29291200095845,0.12256661532656293
0.0085315521768408,0.03335370202945007,9.053596940768236,15.576338668831696,0.1241444365940429
0.17020194947079378,0.03323641794418032,8.984463684285096,14.309107291357998,0.12295567439349703
0.26538019574827626,0.03348675714276786,9.143446595413604,11.663020613834801,0.12546623110226277
0.1279306572329669,0.03322598820490985,8.861911776378548,19.589889057331877,0.11926330651685305
0.006913714932624247,0.03320476958584408,8.962771370661521,18.44839363753319,0.1206704134219799
0.07899531277932649,0.03324517907055164,8.97865148751663,20.504402051612278,0.11797819414278538
0.23641484598540322,0.03335863335855794,9.131039287996813,18.14295600672111,0.12508568234674816
0.20610394235222806,0.03356637576409997,9.026596901734138,17.100874218059833,0.122419932130512
0.016325683169805295,0.03318698211263227,8.94202729651982,18.93012835310578,0.11997378242683152
0.009330595526037103,0.03317875869713997,8.94030230764593,13.19859968748941,0.12720261729102436
0.1455188943576279,0.03339790466109602,8.958503177261441,15.441928349010446,0.12428250993317191
0.04896950915411014,0.03338325536972168,9.07342445126357,19.973253811816,0.11868658236234164
0.0323961962548389,0.03329644722798209,9.0737949808934,14.946139528265938,0.12479118991023111
0.07822498933788274,0.03354855205942311,9.16579589448611,20.527338722292516,0.11794952478844711
0.4406449973681326,0.0333098433049448,8.859328856714473,20.024540013258388,0.12130008863826808
0.33339511953917456,0.03324745242413418,8.984730159339268,17.24635922488479,0.12745975201462426
0.005906511293767565,0.033311130173111006,9.019241265900169,17.255583761493508,0.12210942332246172
0.009338744303024267,0.03340684167676135,9.09228043945442,14.409761904818131,0.12563863556247148
0.06154209765584415,0.0335149733216829,9.070312876774837,20.190068201691332,0.11864451315250416
0.016672153472222128,0.03336761241656076,9.071110788851003,18.592840296598226,0.12032489405693128
0.18835612215422903,0.03311731943326064,9.000000000000002,21.494627912643146,0.11722416331398025
0.09444191356798044,0.033277239218816146,8.994537832045218,21.151291692995358,0.11735734042168372
0.014998074670630714,0.033648396574119076,9.21985790471378,15.15465225014934,0.12478457108415555
0.005906511293767565,0.033311130173111006,9.019241265900169,17.255583761493508,0.12210942332246172
0.0074976694408355506,0.033067749371347384,8.888259498042244,18.854696101424782,0.12037900677293206
0.007516067626888965,0.033538505190624346,9.164865618224448,12.440774878513814,0.12792259489693383
0.007177080960742859,0.03331374833041512,9.016737678803768,14.401594609993559,0.12508568234674816
0.009712485555631138,0.0332214731459759,8.978941386162095,13.641251050152174,0.12680347203109107
0.3098349266657955,0.0332544362626983,8.991923560542661,18.11147039491835,0.1262343976598674
0.1168532833498831,0.03318052653592716,8.941115249239068,21.736672170561288,0.11678828981421374
0.011216012053013386,0.0333098433049448,9.022702316316558,17.94298996759103,0.12166849104060534
0.6925538842119462,0.03340527617325568,9.07342445126357,21.372877906723637,0.12547156440755333
0.04029820126348112,0.03319407134477961,9.015628277569768,17.838591344753294,0.12183760760434564
0.13259870730478593,0.0331251117936536,8.901746019631748,21.35196557725869,0.11694154651775648
0.12185347895153816,0.0333098433049448,8.907905702198924,19.369937305402058,0.11983301003532615
0.014024938931694009,0.03327311813171695,8.998002022512306,18.739070746293503,0.12016622788239492
0.015175217637910658,0.033311130173111006,8.990220589711686,17.721647489632236,0.12153385954355575
0.12892416698737913,0.0334341688502218,8.976981010568942,18.108897477635658,0.12113101171446966
0.04257818687038781,0.03327633975192035,9.070312876774837,15.470025355078908,0.12430252689766552
0.14699785867908113,0.03314683846083861,8.920076388621244,21.946354058560345,0.11640276805699823
0.807839837123986,0.03319481040308035,8.950127064461537,21.31763562162564,0.12599999999999997
0.29343434366406496,0.03330737669355717,9.020811101832962,14.309107291357998,0.12160035757775037
0.005432675269613727,0.033460799451273164,9.113664405387564,17.40713865552269,0.12177347988641035
0.008129389733180324,0.033265748574533585,9.008823107581165,15.59465556923246,0.12410645938792539
0.045883571021047745,0.03320476958584408,9.023502555312156,18.44839363753319,0.1206704134219799
0.2077562034335158,0.033538505190624346,8.999893236995902,19.09852468553345,0.1198659589429126
0.6103509749322965,0.03331374833041512,8.960875035360536,20.731732772891014,0.12508568234674816
0.34782509462608024,0.03338541914466472,9.066514226342626,13.641251050152174,0.12161814417628777
0.12847757928778675,0.03325390880980131,8.993676225949773,15.846243985702484,0.1262343976598674
0.0987802843829387,0.03317875869713997,9.027004759279539,20.497487454277817,0.1185694447430069
0.1412198884754423,0.0333526650341456,9.061511607130155,17.60067913498014,0.12416555347773237
0.021599820853651225,0.03335582657802853,9.07342445126357,18.23267025411839,0.12064056833301481
0.004945975937575709,0.03329414562141383,9.015628277569768,17.91741503778448,0.12133205564581775
0.2812722735777503,0.033259164616093975,9.16579589448611,17.54463347522018,0.12189449328278865
0.34886396224025945,0.03312230990491726,8.906942610185824,17.94298996759103,0.11732981665258929
0.007971354394385418,0.03345657987986407,9.107646567239577,16.6843165140953,0.12282226438110738
0.020767596180610647,0.033579511157003764,9.202133963465442,18.82015116761679,0.1201495292798285
0.006973078987758258,0.03305942790232918,8.875845579864187,18.891215009588347,0.12041612246589858
0.06689934941425553,0.03326295214121269,8.980204901012907,20.39004471952743,0.11816231294673035
0.02702630426055934,0.033253571644588385,8.975548654980383,17.63613461620876,0.12225000489502474
0.1443799267528108,0.03325,8.982259804137154,21.86579211251093,0.11644306192099274
0.28194880984925785,0.033520164815219064,9.070677759737226,14.309107291357998,0.12164836962989375
0.3969254954539777,0.033460799451273164,8.993296386026577,17.40713865552269,0.11709038620837778
0.41237960530898266,0.03329664959533048,9.009930039790486,17.255583761493508,0.11645574445669246
0.014005977127308871,0.0333567344686769,9.06519973162021,15.495935215654626,0.12443786432980578
0.15395370137421582,0.03332828628157599,9.164865618224448,12.440774878513814,0.12792259489693383
0.01881786667045525,0.033120805653675256,8.91628809204359,14.968412864668444,0.12527314918317395
0.9707635119911402,0.03312230990491726,8.906942610185824,13.641251050152174,0.11732981665258929
0.00786120140790491,0.033364243997839715,9.05210824660654,14.429319023157499,0.12550979106815838
0.16435858668608602,0.03339260126779771,8.94030230764593,17.67040806821784,0.12164836962989375
0.7706196217886617,0.03356294520204693,8.958503177261441,17.60067913498014,0.12565364651175526
0.005591870187723461,0.03324711820373132,8.982362173371104,18.259493787466347,0.12091454955307826
0.26219333216375273,0.03333357914552245,9.029510142350889,21.504341403993468,0.12183760760434564
0.5102333757443742,0.03302568886527186,8.845325572291923,18.54157616054877,0.1271358850827325
0.2614405721944944,0.0333098433049448,8.868420356723208,21.459671965152552,0.11723086576357264
0.3092625398788553,0.033389004406438084,9.064731222165708,17.055216158836092,0.12745975201462426
0.14290384035930356,0.03336030247518374,9.019241265900169,15.220173421342484,0.12210942332246172
0.23403775743537436,0.033331075015343485,8.875845579864187,18.20999641010194,0.12070208769981333
0.010374682513318453,0.033409800439474995,9.089252985337595,14.571454997897721,0.12548448772545104
0.009580743050120735,0.03323797988029302,8.98528092817713,15.23597029867049,0.12462022040598392
0.01625933041731917,0.03321132305309755,9.000000000000002,14.923494341519504,0.1250908052470297
0.47280806709318113,0.03317179197322964,9.16746717600496,17.517716096698376,0.12202070643908425
0.00858055104651832,0.03354085486189963,9.162025334056985,14.076234338857411,0.12598782072045198
0.010374682513318453,0.033409800439474995,9.089252985337595,14.571454997897721,0.12548448772545104
0.005916979875757879,0.033398657755880315,9.070675590073032,18.44839363753319,0.1206704134219799
0.044930926862887174,0.033538505190624346,9.093767558152408,14.98138303719209,0.124677858274302
0.1918418504877734,0.03331374833041512,9.052726315168169,17.70742535054652,0.12508568234674816
0.12177036366629843,0.03315295138486649,8.938105194748609,15.407155446156429,0.12680347203109107
0.6799135336875725,0.033364243997839715,8.991817434229436,13.769996216897963,0.11807627209903446
0.009791986268960204,0.03339887234910395,9.086563942871148,14.7000497889674,0.12528218316694714
0.24251199445790234,0.03346347311015115,8.958503177261441,17.874154337725827,0.12179152971527166
0.01226260834715407,0.03334742576623694,9.057420680670749,17.47290959493043,0.12215504414223227
0.22767443842489726,0.033307894686369036,9.015628277569768,17.428363286280675,0.11908494533428676
0.8063228750663275,0.033307894686369036,9.16579589448611,20.0671313501093,0.1271358850827325
0.03357537750558263,0.03317880442496496,8.933765190567724,19.770042623545628,0.11901082355722908
0.06552857188245884,0.033450024733607565,9.105045530571036,20.148796404324116,0.11835385385589411
0.06818346317062562,0.03344867345840177,9.019241265900169,17.086148743053027,0.12213270006927185
0.024768379090404365,0.03324131192348713,8.970977451356562,18.823472883890524,0.1199095165598062
0.008746087608430136,0.033358465817621294,9.070312876774837,17.720088592723098,0.12158431542049067
0.008530289431824638,0.033480518417593474,9.129600693424088,14.534771516088616,0.12540493539639988
0.39224630472140937,0.03327344483370748,8.997522328099944,14.0,0.12065398568396979
0.4663072119453353,0.03323902461934514,9.16746717600496,20.89778669603538,0.11769216759880338
0.3790885092024389,0.033460799451273164,8.935938823490012,17.40713865552269,0.11963841398958117
0.0055970154332980505,0.03327081580924634,9.002567432035576,17.255583761493508,0.12210942332246172
0.3535920745023695,0.033398657755880315,8.936867554354109,18.44839363753319,0.11790795321843384
0.08368117514493388,0.033538505190624346,9.06893950671435,12.440774878513814,0.12792259489693383
0.24889209296661766,0.03332372378579229,9.034537212704434,14.401594609993559,0.12199996620440437
0.6088788851566409,0.03325511928729815,8.987079339873466,13.641251050152174,0.11888395308185037
0.0050012832843748444,0.033346583496501256,9.04633088846006,17.757603085057422,0.12152591178671016
0.07183912005215327,0.033260544579448686,8.988311184909936,20.78919939295301,0.1178244397764665
0.3196359683433635,0.03352644365637909,8.958503177261441,17.75384342133961,0.12126100134995452
0.010631792699762629,0.033355358157748025,9.052692580678958,15.034024450175803,0.12490183114674908
0.00943554931355114,0.0333591420304409,9.05709344772318,15.096780542229048,0.12477573750006965
0.3794081397705287,0.03344867345840177,9.104577721706555,12.875677139860157,0.12213270006927185
0.14673877050919654,0.0331159035580486,8.903131566575077,21.93910570311956,0.1164247237359565
0.00800503070345761,0.03349201889985479,9.139378296414073,14.085307262483365,0.12595767152259355
0.05159571130160469,0.03325819778134005,8.9873975061596,18.219484525582327,0.12210942332246172
0.3722569077272668,0.03328773156468175,9.008119560979813,14.415991043267057,0.12041612246589858
0.013129910355788494,0.033390541690456896,9.070312876774837,16.85488215885231,0.1228404947609385
0.00667759840094578,0.033281437676433843,9.000997785362774,17.63613461620876,0.12176760508895354
0.013529280703236286,0.03333555543124011,9.050239925442316,13.496252659508096,0.12599999999999997
0.1544306771123544,0.033520164815219064,9.16746717600496,22.105574588086967,0.11625371815514168
0.3208234487276943,0.033460799451273164,9.054991063982754,17.40713865552269,0.11753916043523502
0.08838517538634413,0.03344648112712575,9.002567432035576,18.593781651079773,0.12053592422163362
0.009040262794263567,0.03345466181069929,9.1068660570551,17.060359069148763,0.12246965948467664
0.10442869594384331,0.033538505190624346,9.052250288185672,17.138645197361456,0.12225743585328042
0.007617464300377462,0.03314802366659668,8.92698551865894,14.401594609993559,0.12508568234674816
0.23455588059891547,0.03320741480186121,8.978941386162095,16.987296368714013,0.12680347203109107
0.005607632666736341,0.0332980791529586,9.019807546672592,18.081422998011895,0.12108230662028197
0.008754704748439923,0.03340422829494734,9.071376237525067,13.19859968748941,0.12720261729102436
0.2292499358724056,0.0332063565613437,9.122176328880936,14.024089756171868,0.12577395838352187
0.005498178443064474,0.033241812853460916,8.982362173371104,14.700645982812771,0.12483765513019848
0.01329704688592282,0.03305841636295871,8.855277850769728,17.428363286280675,0.12183760760434564
0.24563893540629364,0.03332370515600832,9.023591181909659,12.875677139860157,0.12390248513274926
0.2400493782759675,0.03317367592586645,8.932949458639943,15.159896217633834,0.12130008863826808
0.0186543248300301,0.03336887340973146,9.038201183929843,18.314861226890045,0.12045344267078475
0.21975670061811603,0.033114645821079786,9.019241265900169,17.255583761493508,0.1252137899628909
0.8108818328517013,0.03305942790232918,9.175397282638352,15.21459200562192,0.12466749252224696
0.11598637690729133,0.033390541690456896,9.1622758228898,17.857347942538084,0.12259752526504561
0.10459152570237153,0.0332281188468309,9.078944977317068,17.62343624868331,0.12170838605770343
0.5593139005821415,0.03325,9.104029606952517,14.0,0.12116806214842857
0.019041026631375742,0.033336699655659996,9.041412116689973,20.30882831687532,0.11877378232649022
0.08099209404275487,0.033460799451273164,9.020384028015034,15.300234030674863,0.124056064848654
0.007595358769001298,0.03327081580924634,9.002567432035576,14.575977749145226,0.1253520452405274
0.280556647419146,0.033540737162951306,9.175397282638352,15.21459200562192,0.1206704134219799
0.08051874333937664,0.033405670650994854,9.164865618224448,18.25996523874008,0.12095895292111256
0.00682045648584176,0.033446855535110044,9.11025689538226,13.855585425366844,0.12623103218329465
0.42722910564679756,0.03322271308610513,8.972065105894393,18.47402585237152,0.12680347203109107
0.3113714840560766,0.03303325879803281,9.04633088846006,17.324563984603113,0.12227931133007142
0.03429557740654477,0.033297438716123576,9.071376237525067,17.46645251592846,0.12179782404068193
0.27557180506186196,0.033089993800865435,8.886994682468517,21.99872515543383,0.12166849104060534
0.09146912248686204,0.03326943006211388,8.98427681123086,21.277170882713932,0.11728916904096348
0.15020172521233063,0.03316174702790164,8.927808962161329,21.97770228978169,0.11634575553989793
0.010787312813710153,0.03344756422681837,9.1041434960961,19.937783970489036,0.11922575822342238
0.04822044222536834,0.03343027622468482,9.022702316316558,17.263297054404433,0.12194583640291465
0.020721993316739455,0.03343074929464867,9.105045530571036,20.234513128662314,0.11885313809866299
0.22778544881657534,0.03355949712141769,9.019241265900169,17.591818996849252,0.12211476584053871
0.37891115943828474,0.033303882777233375,9.023841111474677,14.359979730007607,0.12041612246589858
0.06253111822879821,0.033457250779752076,9.110630898918764,16.85488215885231,0.12124257250142059
0.022430606794174933,0.03347930035965854,9.132736993813397,16.32653829286824,0.12365184678728144
0.02027649476445862,0.03334484705770068,9.000000000000002,18.559524450536436,0.12057419652873666
0.30950846213295446,0.03323654465549952,9.16746717600496,14.309107291357998,0.12574598090969358
0.06744996865023502,0.033460799451273164,9.189457721293689,16.866283139511655,0.12230382970333911
0.5117211304160701,0.033669833363518795,9.002567432035576,17.255583761493508,0.122517502225757
0.008676361351989756,0.03334590549676233,9.053854026265657,14.394404315671647,0.1256610187963375
0.007825595073413915,0.03332234960044461,9.025758511329952,12.440774878513814,0.12792259489693383
0.005272230311864731,0.033332832119065514,9.034416585953382,18.097955887353322,0.12105629717735517
0.008287538336553862,0.0332214731459759,8.978941386162095,14.394404315671647,0.1256610187963375
0.0848657139363836,0.03304207202508731,8.874000013115412,17.757603085057422,0.12028131354436303
0.9561416239077815,0.0332706995139123,8.98548382465318,21.17243833312172,0.12720261729102436
0.12667093581056996,0.0332063565613437,9.07635494046222,17.532563719983045,0.12171521232292276
0.1886088014124111,0.033241812853460916,9.053570545083325,21.61844574865802,0.11686608260725087
0.46069658194979524,0.03306975275459202,8.877137106958035,17.428363286280675,0.11608625626499497
1.0528030235896426,0.033245808089680334,8.989553212526886,22.337221521880977,0.1271358850827325
0.08059187088925365,0.03329096199189949,9.003435145545641,21.08062149152991,0.1175241751743277
0.40993507936383744,0.033420266701751744,9.105045530571036,12.898380345126501,0.12191894776034912
0.48206475032167,0.033311130173111006,9.104781913799755,13.134276098987296,0.12210942332246172
0.4563572735300065,0.03305942790232918,9.098489113126494,18.891215009588347,0.12117705657017935
0.043904441641837724,0.03329229211002803,9.019750508719603,17.678733109640195,0.12259752526504561
0.2539403206673413,0.0332281188468309,9.145375458181288,13.195111977039296,0.12701466925694097
0.00680537316258065,0.03325,9.005267137692428,15.738326454761722,0.1236542880912831
0.19117848630278653,0.03373191001490013,9.16746717600496,14.309107291357998,0.12709859206165
0.0371230818396292,0.03338537112002814,9.113664405387564,18.972269206166082,0.12005836265626371
0.27196050563125995,0.03305783595825053,9.002567432035576,20.813891877801954,0.11774336901326721
0.0053311735568257095,0.033400252770450445,9.075113396139386,17.645206129283608,0.12168057043377359
0.006459105913922676,0.03347378076248524,9.118568229599727,18.073767142614596,0.12101020203436832
0.013538373258857534,0.03373191001490013,9.272901317057158,12.7521642018533,0.12709859206165
0.1558535325343302,0.03315787793116285,8.941844374972824,21.772152237564132,0.11648643308779122
0.018833848610219715,0.033346583496501256,9.069889821854705,17.757603085057422,0.12195582387897708
0.20181067983601414,0.033213751311298056,9.071376237525067,13.19859968748941,0.12527351680736765
0.36476329633637444,0.03337436368252164,9.063455210747083,13.4575424310201,0.12166849104060534
0.006372659080456791,0.03337947818512361,9.063785612490573,17.004058458585902,0.12241965061552365
0.032441942398714084,0.03345130543135793,9.105425301941905,17.428363286280675,0.12104994461370172
0.014976886670723345,0.033387000227249164,9.076566142374194,19.160310503094507,0.11982127038448939
0.016099586853068663,0.03308711408080357,8.874586623648582,18.256287953415047,0.12130008863826808
0.005574106529220394,0.033338957447019764,9.037736179641167,18.478778684816582,0.1206749065338637
0.06041142100381304,0.033311130173111006,9.005851819945054,18.25858094339246,0.12210942332246172
0.011076362649493554,0.03342532702520957,9.09825420682878,17.684596644127897,0.12124669144686984
0.005828736257708425,0.03344482494096848,9.104180632973964,16.85488215885231,0.12226673667422619
0.022674734001376158,0.03320196157039512,8.95802283764754,17.63613461620876,0.12103179483421603
0.28660483101994216,0.03325,8.974640436970557,14.0,0.12205966511520461
0.5310814916395812,0.033520164815219064,8.947147639187035,14.309107291357998,0.12156890090168607
0.2864073034549307,0.033460799451273164,9.061649786412357,17.40713865552269,0.12602312209201474
0.10547622473106741,0.03332720857715007,9.034845170421836,17.255583761493508,0.12045740742366173
0.01680961439898932,0.033400252770450445,9.065753744014678,15.46403448350818,0.12447876956161236
0.1585052962949219,0.033258264870995924,9.118568229599727,18.21912534779786,0.12101020203436832
0.08513172997860327,0.033332832119065514,9.05771855244954,20.78246601819425,0.11781059790680048
0.006121128606165184,0.03334550867225555,9.045961082186942,17.310595485286928,0.12176912198414125
0.007391575330485968,0.033346583496501256,9.04633088846006,17.89897117037549,0.121572387969588
0.006068763554532334,0.03315469314201621,8.929394177176551,17.90736074898624,0.1212904230557032
0.012436676879297011,0.0334413532211972,9.101148002665413,17.60067913498014,0.12124877548505206
0.06188914940934481,0.033241812853460916,9.061332587435142,17.72596262659876,0.12156714651936107
0.3083461066696999,0.03326234085025034,8.979650888618439,17.428363286280675,0.11812140771492377
0.22279167076205542,0.03337955398927023,9.065085781560388,12.875677139860157,0.12413848159519528
0.005611727814236829,0.03352228691919155,9.147991431151105,16.631816263292905,0.12257418491534533
0.01796211139921945,0.03322909382691031,8.971500319431797,18.09743898388482,0.1206749065338637
0.008156297672776959,0.033216899345770476,8.965697757663936,15.603657072352442,0.1240504562303984
0.1213029721732891,0.033122482739514604,8.875845579864187,20.583956516982234,0.12041612246589858
0.5136752027997092,0.03305342525733525,9.104180632973964,19.35972053825895,0.12008737694508528
0.017082330927647583,0.0332281188468309,8.977671684497679,17.133869041730215,0.12162417398305378
0.007560077909250069,0.03320576099412737,8.957116142338432,18.527186460954546,0.12056600766719139
0.005807289019399057,0.033504079896163955,9.136093990918717,17.242742866546582,0.12187602623372257
0.07517557571401128,0.033460799451273164,9.019463946208855,18.097854583007976,0.1210564565487472
0.4643365628168627,0.033669598030761305,9.002567432035576,16.612792340847513,0.12251670637795584
0.02216296543053825,0.033400252770450445,9.029042872533019,18.40425679410071,0.12081830314856112
0.012573910685637494,0.03331718155466912,9.038511337906588,17.314991535453963,0.1223419140019239
0.05541734106583323,0.03314636921650956,8.927230058771624,21.69905343349754,0.11733700935295494
0.1170160483928135,0.03334550867225555,8.974705987242778,17.310595485286928,0.1205164412427466
0.007941281722327729,0.033353817738307596,9.04989001767957,17.757603085057422,0.12123870405437359
0.004964403384174479,0.0334258593967954,9.087726241141144,18.292213744077166,0.12091570201746366
0.032067413384729127,0.03328923812118774,8.958503177261441,17.80409192630817,0.12151860220856942
0.19417684425969473,0.03334277403352936,9.043880923807015,17.77682520760411,0.12483765513019848
0.007936861429786812,0.03329644722798209,9.027097680012718,18.540498060095846,0.1206159524180859
0.5337295928434707,0.033195144461359696,8.951671428284982,12.875677139860157,0.12065726811564925
0.021916734259257466,0.03361397297648506,9.200857620256413,17.342993744105623,0.12130008863826808
0.11616778224368352,0.03346890279160072,9.037736179641167,18.478778684816582,0.12177172139141637
0.00498445461744493,0.033311130173111006,9.019241265900169,18.02548788791126,0.12118657117994874
0.03213679310632863,0.03342922674615861,9.095607030510301,18.891215009588347,0.1211706359531943
0.00784929313988806,0.03323373190728669,8.976021535010512,16.02732059191647,0.12355235251179195
0.1725132192629296,0.033443711513941085,9.100884126343509,17.63613461620876,0.1245454367611013
0.29425088856369497,0.03338580124409916,9.069823658900381,18.19424171724086,0.12599999999999997
0.24793687069185072,0.033504079896163955,9.136093990918717,21.198163008256195,0.12187602623372257
0.004956277994525181,0.03339405307992272,9.072969407552844,18.138763316413765,0.12110127415588234
0.10621882535741792,0.03327081580924634,8.931574568333946,21.533078892616466,0.11720159432661381
0.06639748804619902,0.033354712065986884,9.036825158080056,20.897646316961072,0.11776709377617581
0.8729636464863031,0.03347378076248524,8.809882513610848,22.358317415238822,0.11636786928127732
0.005417656139072129,0.03339405307992272,9.072969407552844,18.097955887353322,0.12105629717735517
0.014254920847459631,0.03334550867225555,9.01214200539123,17.048344062124468,0.12222236890720356
0.021624116624366793,0.03342922674615861,9.04633088846006,17.97842631976102,0.1211706359531943
0.03860009833530009,0.0334258593967954,9.087726241141144,18.292213744077166,0.12184054792154878
0.005155843364348547,0.03336545581315705,9.054824130614719,18.31146569604347,0.1208717986739096
0.04596924877451364,0.03335477870302524,8.982362173371104,17.97294209581305,0.12133310116218593
0.02660264072215277,0.03329644722798209,9.06213808144472,18.02613267559858,0.12123748171936591
0.9135949788487127,0.03354855205942311,9.034173271101913,12.875677139860157,0.11824494614055431
0.024351987636924186,0.033466601571557134,9.117637050261777,17.307063930449793,0.12130008863826808
0.3716541637963529,0.03347392875338633,9.119759347387479,13.976763756999922,0.1206749065338637
0.005515093458550881,0.033531965267194666,9.151530259970535,18.02548788791126,0.12118657117994874
0.15315564055359895,0.033161090304765495,8.875845579864187,22.359191132620026,0.11621095292031997
0.007458396384781936,0.033242547953601,8.994741227430799,14.61368505130965,0.1253165042768209
0.0050723436647244925,0.03337432521609446,9.062801051020415,16.759616875091233,0.12243337900791165
0.0076709270008735115,0.03325,9.003505740373697,18.09360395085473,0.1211166229936918
0.042575133419093,0.03328661000925975,9.007960537396043,17.242742866546582,0.12111365572603108
0.008266827940081625,0.033096769524100914,8.897805877697081,15.877712574342985,0.12370620669231244
0.005012734574511677,0.03327081580924634,9.001060367253181,17.63332371762922,0.12164507725962345
0.06516087828057186,0.033400252770450445,8.993793706832712,17.710652834460774,0.12155581946619143
0.06760448617091537,0.03347378076248524,9.030963400702166,19.063450790885195,0.12021784584337847
0.10193852745341117,0.033332832119065514,9.083726740668514,20.90446710904484,0.11779085171974757
0.005313392785566951,0.033225508501843644,8.974374783482299,17.766820198292617,0.12142767044695421
0.006367159651884052,0.033346583496501256,9.053068712164904,17.26577008443471,0.12211712080214016
0.017915834413925774,0.03341750040826927,9.088053325009572,19.615761003340324,0.11934678105417956
0.10969825664276485,0.033552396145074374,9.054824130614719,17.029555628948433,0.12222291648078898
0.005262628456692367,0.03340820834010691,9.081161660595551,17.935501702404338,0.12137990291260933
0.004952818687997952,0.03329644722798209,9.015628277569768,17.63332371762922,0.12164507725962345
1.2639464610990745,0.03345271686689114,9.093973802380972,12.875677139860157,0.1171694491842572
0.011001414029549909,0.03332839419735753,9.022702316316558,17.58779484412927,0.12130008863826808
0.00549123542048272,0.033329364282522686,9.037736179641167,17.366891985157856,0.12177287588690669
0.006618619029916812,0.033311130173111006,9.034488442021168,17.91021849610904,0.12126557897939827
0.004957244098456921,0.0332945975805961,9.013028738324083,18.035060755186674,0.12117775107462578
0.005251769861046097,0.03344482494096848,9.104180632973964,17.76746622758118,0.12146625936203861
0.0077690868788996385,0.03337432521609446,9.073810182684596,18.012709664156702,0.12114554480400416
0.007541924693341374,0.03325,9.004919507917943,17.695286085916123,0.12161397803580443
0.030764990111730076,0.03334174686197978,9.034805335093672,20.045069814876392,0.11879448019423744
0.005911181006612913,0.033216699225588744,8.970265973691028,18.138763316413765,0.12124509730756108
0.007021659997833294,0.03324867906385265,8.986191727276474,17.80079355025172,0.12164507725962345
0.006064386994781911,0.03315067975833748,8.934313501882212,18.54238698497328,0.12069452758919877
0.10787720015258663,0.03347378076248524,9.010916190611947,17.97576143907302,0.12133459829713789
0.01294821780148906,0.03327615287524659,8.999479800609958,18.617848886123202,0.12105629717735517
0.005042417644067578,0.03337041127239219,9.059025219499347,17.88991322121614,0.12140785946908672
0.0054547418654852355,0.033346583496501256,9.034503656695668,17.967294018162228,0.12128518448825662
0.004907625504735037,0.03328969299896313,9.01090097593745,17.91868591701983,0.12131499278827951
0.014581367682944333,0.033384985596776655,9.054824130614719,17.930094506718866,0.1208717986739096
0.01079330019880143,0.03337765448672624,9.081161660595551,18.111542791536696,0.12137990291260933
0.04345467339691692,0.03329644722798209,9.015628277569768,20.550891926000315,0.11827750778792859
0.4616133658429338,0.03336293946234837,9.053604435966632,12.875677139860157,0.12117362350875888
0.0073950984325065776,0.03322463190564151,8.979538884286887,15.494796469986506,0.12419782108664301
0.039728353870658484,0.03332391088347703,9.029781940347362,17.366891985157856,0.12102365221513794
0.005272359452078874,0.03328529898516239,9.005912116564254,18.73465467922513,0.12048550647313983
0.005277528888067956,0.0332945975805961,9.01419165315163,17.761804465747716,0.12156985921918276
0.005733267598256562,0.03341474101783311,9.083594158138972,18.324764281222166,0.12081065525408133
0.005037213520087547,0.03330147007524055,9.01785637101924,16.759616875091233,0.12243337900791165
0.00572288345456321,0.03342990271418679,9.092211481862053,18.203524491233757,0.12092454230245908
0.09172648375539699,0.03335333715521587,9.136093990918717,18.19649571458621,0.12187602623372257
0.004960592235246477,0.033307791983275534,9.02466594821812,17.51054535675999,0.12172396485517772
0.005589242204760088,0.03329230453939814,9.012588323539608,17.61272914356692,0.1217473002842566
0.006200443666452228,0.033253861113049794,8.990899556456757,17.645206129283608,0.12175750440733937
0.004853673160253749,0.033354661997168716,9.04948108745631,18.01650466653926,0.12122959895001545
0.11178625801188127,0.033332832119065514,9.146926729007411,15.202224524110793,0.12447756434001986
0.004847085205644542,0.03333409652698291,9.034865949418569,18.41174505914629,0.12087756608794989
0.03561614590444723,0.033334844459397744,9.04633088846006,18.59736007292483,0.12152591178671016
0.03500835542688588,0.03339151648111318,9.01090097593745,18.47419182157561,0.12079962941862668
0.00871584804884854,0.03336914747938579,9.054824130614719,18.101356611604132,0.1208717986739096
0.00495524742233912,0.03336872957570096,9.056560711487116,18.25414328655759,0.12095316252688537
0.1344078392026394,0.03341006800143311,9.07884906344616,17.428363286280675,0.11998504725349843
0.5582595558110258,0.033322549326353305,9.16579589448611,18.75252302269461,0.1271358850827325
0.10339798828005049,0.03316713371117558,8.931803953583273,22.03325997811703,0.1166938144685869
0.004910391899344002,0.03330825962571466,9.018249566658474,18.542115162772138,0.12071875988299535
0.005005675909755243,0.03336544113135756,9.055306978613576,18.497722348728637,0.1207268555508913
0.004900223544943967,0.0332945975805961,9.013028738324083,18.301908984764808,0.1209500937386952
0.018553213896557917,0.033389677626134706,9.104180632973964,18.647649624944055,0.12062311524424266
0.10143910871662742,0.03343158150445089,9.01785637101924,17.660184300776223,0.12243337900791165
0.7139619601277494,0.03316511504860135,9.092211481862053,18.203524491233757,0.11636483430328265
0.10782412510994203,0.033325789663544575,9.136093990918717,17.628518405958708,0.1216643763054826
0.005008250564460672,0.033342403390421244,9.036709325419384,19.194971712333867,0.12009075587041712
0.11187399803669855,0.03327081580924634,9.112904913976019,14.58912121611707,0.12528267600230142
0.017004427867486037,0.0333389294894165,9.075113396139386,17.3271549338281,0.12192066067809373
0.005978969119636043,0.03332650596345605,9.022702316316558,18.204318840761715,0.1211291829145332
0.3523583196645398,0.033332832119065514,8.983118989936113,18.097955887353322,0.11650954721383605
0.246550011013627,0.033476127409197635,9.118877638932013,14.978615472678856,0.12122959895001545
0.08368230937188105,0.03315680818516301,8.929263182323753,21.6133424784093,0.11715164452081536
0.20072427488277728,0.03352940971862491,9.01090097593745,15.066012778187956,0.12473888127436056
0.008006304250495064,0.03347044634398544,9.116662316229725,14.796547434501644,0.12503105917571808
0.0048667986725756136,0.03333298283208432,9.031734630598105,18.833069441503596,0.1204687567427048
0.26187489187101154,0.03326115223342272,9.015628277569768,21.851810729199173,0.12183760760434564
0.6395849270774483,0.03354855205942311,9.049906581601704,18.2683185875375,0.1271358850827325
0.00709146475332088,0.03333409652698291,9.049979135230839,18.490410441988345,0.12087756608794989
0.01089940374127838,0.03339689945927781,9.071761187075332,18.542115162772138,0.12040378404731522
0.01956360062422564,0.03337849900302652,9.019241265900169,18.97996325249327,0.12025613169992894
0.020906435615686593,0.0332945975805961,9.053187424570014,19.053883405665474,0.12029367074438352
0.005074112965055157,0.03325081237393947,8.9872177063378,18.404099510444098,0.12085472856982199
0.005012581343635782,0.03337399993471221,9.056328477566131,16.759616875091233,0.12243337900791165
0.024079759501494026,0.03336195068126273,9.048271032998029,19.00009058800513,0.12092454230245908
0.041965971200698296,0.03324388081678517,8.982547998220795,17.242742866546582,0.12112879524007494
0.3223214280749261,0.033238675709280324,8.976517738826995,18.138763316413765,0.11736743068383135
0.034425149937171176,0.03329262919401553,9.010809653178256,17.63332371762922,0.12084362903943358
0.26268535630450707,0.033400252770450445,9.119110739172093,14.84965024820823,0.12168057043377359
0.04902702679842485,0.03336195068126273,9.048271032998029,19.00009058800513,0.12130008863826808
0.006547090307506304,0.033350588655512894,9.034416585953382,18.097955887353322,0.12100144667465546
0.005224437874268823,0.033376663709142274,9.06076252858052,17.918527782144754,0.12122959895001545
0.006568107059986962,0.03337454907468096,9.04633088846006,17.597240498901556,0.12167980474523793
0.04629795083707976,0.03326770434335151,8.999304563281981,18.97391782426781,0.12131499278827951
0.005316951511433788,0.03331058827388983,9.02450257285205,18.31146569604347,0.1208717986739096
0.006874398781800673,0.03333298283208432,9.048627619645202,18.280514683985377,0.1209459010006117
0.00485247880201601,0.03340489153111058,9.075482458126286,17.835214958450226,0.12137606798432726
0.47455544309550135,0.033331111790249626,9.034628482355734,12.875677139860157,0.12107349334370338
0.004893637730669693,0.03334209465036631,9.038825097737384,18.630308606071637,0.12061243920807688
0.31231450822222,0.03349383144184375,9.1342041751832,18.542115162772138,0.1258178499629157
0.05778660953903829,0.033436815761866884,9.019241265900169,17.61983077579992,0.12162168993970696
0.005102320839997448,0.03335528685191221,9.048311441164396,18.283774104075505,0.12104760541604914
0.005166278289587958,0.03325081237393947,8.9872177063378,16.87533481519545,0.12233333402913815
0.07346414799671618,0.03324513355323075,8.98336026478294,18.21869125241265,0.12243337900791165
0.01073513813247124,0.03336927107373949,9.054604859428288,18.69418146185399,0.12092454230245908
0.05849690204120969,0.03340508807501172,9.077358488152374,17.242742866546582,0.12091237505265112
0.005086895792611575,0.033286341936143965,9.007162248653433,18.49172854924415,0.12083848351981244
0.005603314119555161,0.03327081580924634,9.007162248653433,18.49172854924415,0.12083848351981244
0.024242818089774867,0.03344023663917473,9.098407211136927,18.215133256589116,0.12168057043377359
0.0050223788555535855,0.03334842576982164,9.0399398056907,17.480402182265912,0.12176955659806585
0.006250981571290511,0.03325716153356648,8.989679861239427,18.709966822064626,0.12073273504713142
0.005752142781564169,0.0332460871113035,8.980795656650248,18.279821490903686,0.12107172719783366
0.005039204782503779,0.03331464340497069,9.020946488807194,17.757603085057422,0.12143539066700018
0.018186067469282766,0.03331792077795191,9.023703285365364,18.472099702444233,0.12131499278827951
0.11937521484869332,0.03317518685031586,8.93784800355364,22.513923040056625,0.11624020636761956
0.01398619677775211,0.03327332061213479,9.031734630598105,18.63859481026008,0.12072820551009553
0.03141750916049506,0.03340489153111058,9.035980657371885,17.26183863534056,0.12137606798432726
0.005094872788074571,0.033376251888825724,9.061119205183282,18.29238408742178,0.12103385522380092
0.006731364703084501,0.033329494132211826,9.03307125260724,18.41174505914629,0.12104637818642519
0.009212473964054852,0.033368254316540794,9.056573833554017,18.25622489555779,0.12071875988299535
0.005020906467438223,0.033310728713272134,9.020854612742895,19.59300970744697,0.11975830304487539
0.0071270703861273915,0.03335268254006639,9.046492311871976,18.5333835249384,0.1209500937386952
0.013656136463492029,0.03330087791320238,8.9872177063378,18.367528874116342,0.12096293345510797
0.005001659039126004,0.03345623467801879,9.106189540421875,18.026654200197854,0.12119719190739309
0.005988057612479983,0.03336897466114768,9.05682983997744,18.203524491233757,0.1209031898787142
0.005120961778767665,0.03330935989211315,9.019653226145188,18.30097755807391,0.12089035147151828
0.005148881063278645,0.03341118108326038,9.072969407552844,18.355694524867474,0.12086300920402207
0.0052782786071467105,0.03339708342704407,9.071448344981937,18.25594115482233,0.12108583897339059
0.004882918375195571,0.033346546184107796,9.041983532089649,18.871831561886495,0.12046862072190118
0.0049817396818242175,0.033300856655994936,9.015781308793494,19.002314897741414,0.12036058518919901
0.004958898854959492,0.03334718066614708,9.043767472694363,18.63179925711718,0.1207015230970293
0.008523887211865219,0.03332395502768789,9.04948108745631,18.01650466653926,0.12122959895001545
0.004840566504293354,0.03332664237476431,9.029794671236443,18.28637819569161,0.12097785936937053
0.004856780300105531,0.033319549692692234,9.025739720124033,18.02426276095674,0.12121083923677861
0.005467026925603886,0.033340727408659086,9.037477233919574,18.31146569604347,0.12083543032306718
0.01947199048893049,0.03335999742449375,9.048273479731215,18.833069441503596,0.1209981540581063
0.004830401795442405,0.033338993190854205,9.039904987941426,17.835214958450226,0.12141131804452424
0.004913058807726274,0.03335495622272733,9.051120517010656,17.68146557220243,0.12155473635657582
0.01068543692045578,0.03323830174578396,8.980065150754028,18.18596671282183,0.12141131804452424
0.00958121240924607,0.03334232518603546,9.018249566658474,17.442907957630467,0.12177451613082113
0.011474899352029328,0.03335296872393497,9.019241265900169,18.02548788791126,0.12118657117994874
0.004878149192330592,0.03334413271804793,9.041319358882122,18.54059348110335,0.12076984805211174
0.02222708890477919,0.033350753268823086,9.046805859037185,18.404099510444098,0.1214708638703415
0.039495413680637734,0.03345623467801879,9.043984298536706,18.3855774160309,0.12090635888062379
0.04354615503541225,0.03342990271418679,9.025169290074572,18.316233900395467,0.12094005832206636
0.0145375525634681,0.03336447229649014,9.019653226145188,18.453613279343145,0.12078099398790787
0.004900610964752386,0.03333131072586291,9.03480822085467,18.138763316413765,0.12107647659354889
0.008055187176860202,0.033365404272580855,9.056936591545432,17.85228605674886,0.12164507725962345
0.004940238593159788,0.03335805948768121,9.053300852085869,17.6515761949328,0.1215826173396542
0.004862411374803277,0.033309371425545374,9.022702316316558,17.94298996759103,0.12130008863826808
0.005315227851905359,0.033257297288588124,8.992606620984152,17.657931036141775,0.1216668631695614
0.006565770707503141,0.03331765437872284,9.026324197974995,18.01650466653926,0.12141524255237193
0.005000313043669027,0.03326812722752902,8.996421534139529,18.326940113233793,0.12093498913291956
0.004999873828426077,0.03329669087524221,9.01903230802294,17.018833218604843,0.12221175981406573
0.055553326287530576,0.03336545581315705,8.980065150754028,18.18596671282183,0.12108576308675015
0.004908629459075971,0.03334633797575385,9.04354072740099,18.03592482026628,0.12116784844416495
0.004918837377528413,0.033346157968387385,9.045458736574117,17.47859227603245,0.12172416119991725
0.0048848687564550086,0.03330082203115867,9.015972513241664,17.82807817591961,0.12142394252393629
0.06693018204590931,0.033338993190854205,9.119501124091586,17.835214958450226,0.12141131804452424
0.004924040730816083,0.03334671811311922,9.04451917960182,17.625436535337762,0.12165428090275796
0.0049465806608932185,0.0332868831971453,9.010701319068705,18.123170482252164,0.12114134934409346
0.004968608410882034,0.03334413271804793,9.041319358882122,17.9779621965462,0.12120697077025783
0.011459646149985332,0.03331775142039075,9.024980649256385,18.03980699319206,0.12085472856982199
0.009813053356765931,0.03333982730653028,9.040969106943294,18.026654200197854,0.12154140220783863
0.005104987605271093,0.03330956859200214,9.020930070176156,17.816196039626675,0.12149172301628502
0.004848482273774644,0.03339037652827416,9.069304061448776,17.754351242980817,0.12147822036909628
0.005089348942017955,0.033425904769670396,9.091157646725264,17.76498895061,0.12142425894813755
0.00490349466739891,0.03333101090875913,9.033717553919097,18.232528460422373,0.12106277933466283
0.004951263798631136,0.033314611978954786,9.027955673490608,17.07332768269772,0.12213544761422465
0.017476382230606453,0.03336361106757842,9.057409215956707,17.43978539576642,0.12130008863826808
0.004893415139842215,0.033344817293534224,9.043768864299217,17.60509392215087,0.12166516248042031
0.004867767036842189,0.03332174536626883,9.028178654510537,18.069913684041044,0.1211505157352778
0.039323391852021036,0.0333837447391999,9.06680599071994,18.41174505914629,0.12174894701792649
0.02113167050926322,0.03324428792042682,9.025739720124033,17.920205258431718,0.121319803357028
0.007445519748506738,0.033358567680625784,9.054824130614719,18.182653752695376,0.1208717986739096
0.004864211488611162,0.03332039848043006,9.029340150778342,17.383727233534316,0.12187691248801616
0.0052331951390243905,0.03332664237476431,9.024877124347354,18.03395435504396,0.12122283730626915
0.010509718080838575,0.033423459086671804,9.087226313519402,18.154801230297128,0.12142394252393629
0.00553721369360826,0.03342265500936285,9.088470665875825,17.835214958450226,0.12128925353232892
0.012636024474777683,0.033352595259144656,9.018249566658474,17.609567766763035,0.12165588957407308
0.007389766889436491,0.0332868831971453,9.026186438395918,17.33579429712017,0.12195239144617606
0.004889864544941349,0.033339845717897554,9.042301994499681,17.51269356552706,0.12172425924847438
0.04177079018688999,0.03325081237393947,9.05004463605655,18.002463148108504,0.12122427000053734
0.0049082209266400525,0.03333969783428052,9.041347958017152,17.444437790957437,0.12182741996851607
0.030976183285587326,0.0333413805798367,9.020930070176156,18.425298071111918,0.12149172301628502
0.041516696265532206,0.0332830888065822,9.069304061448776,18.04386522045137,0.12147822036909628
0.004930117029896804,0.03328875693370459,9.010780957641273,17.761737451750932,0.12145701096984957
0.004872349500129101,0.03333101090875913,9.033717553919097,18.117342727150664,0.12116382469725354
0.0057767062111563116,0.033346546184107796,9.053642549786119,17.330797187082073,0.12192078599286402
0.004867068386114029,0.0333098433049448,9.022702316316558,17.9027025148959,0.12135732811206137
0.005203943981370073,0.033344817293534224,9.037315854629828,17.723208370638403,0.12156252354972513
0.012133953217153576,0.03337712073056035,9.04948108745631,18.01650466653926,0.12155525479752691
0.0048328731466962096,0.03331957552616942,9.02726327707739,17.986444821947494,0.12125702419725781
0.004806413465371618,0.03336039637244346,9.050183331409942,17.92307302133537,0.12132330803459523
0.004821858670406395,0.033355687919169895,9.04751457673084,17.9294694192484,0.12128682040399455
0.004820704725437149,0.03334156915635129,9.038842776123502,18.104969399780355,0.12112678129020557
0.004805732705986842,0.03335515731795059,9.04772807259345,17.899680381084135,0.12134649050732679
0.0048469739091131555,0.033335846095854035,9.035309129804423,17.82807817591961,0.12142394252393629
0.02110964920673208,0.03328156438659848,9.04772807259345,17.956003312766533,0.12135878755924373
0.06201191675628857,0.03330825962571466,9.05949436444492,17.681944167799983,0.12071875988299535
0.004867896092858514,0.0333647464814817,9.055161074330469,18.123170482252164,0.12114134934409346
0.004820903517951005,0.03332861010425327,9.0320613560509,17.99783260740104,0.12124519231266198
0.10097157094904732,0.03325081237393947,9.058390266068141,17.542007701439857,0.12085472856982199
0.004955229111403293,0.03330549568129913,9.016768407166516,17.966824542473212,0.12129705890546841
0.013650381848377167,0.03333316684132159,9.020930070176156,18.09790856053044,0.12149172301628502
0.008905934275430762,0.03332839556023918,9.032732455969063,17.754351242980817,0.12120124677461616
0.03357096701035194,0.033365255070626765,9.056185512450547,17.3956958887682,0.12107647659354889
0.03705390886181862,0.033432598732100915,9.033717553919097,17.37508959848677,0.12186488171223014
0.05112622527769168,0.03336708115340455,9.057416533303329,17.819114296354783,0.12046862072190118
0.01471057902382856,0.0333098433049448,9.03956748777582,18.38570065221826,0.12130008863826808
0.004928818509160058,0.033281814571563755,9.005287203681027,18.071476337657742,0.12118426341871086
0.004872160222260658,0.03332148130142373,9.028554386829361,16.938298169057205,0.12227824424823824
0.020915714890822584,0.03331957552616942,8.985851085663793,18.155526423445018,0.12108546091124794
0.004809917364189225,0.03336402058957377,9.051881804116078,17.93925533202468,0.1213072711113467
0.004888699156154683,0.03331244692582186,9.020881579987414,18.484754830056907,0.12077480734258741
0.004836437111238843,0.0333464243309938,9.040958732701743,17.696144782578425,0.12153331546833693
0.005617734273737084,0.03336039637244346,9.042690871950008,18.757902922970963,0.12060134447570528
0.006181367831729127,0.033349934941221154,9.047088529085023,17.98476990284174,0.12142394252393629
0.004840517113092198,0.03336132393677457,9.051208591479021,17.970268092506345,0.12129623195352654
0.010818199056074708,0.03334809690191198,9.018249566658474,17.947385675155672,0.12129104528619433
0.004888227272995096,0.03337947428670577,9.063124430277355,18.007698362960454,0.1212051380699602
0.004918157479162927,0.0333231439468258,9.0320613560509,18.095426356495512,0.12117695020091793
0.03723237617867771,0.033353202930731574,8.9872177063378,18.404099510444098,0.12085472856982199
0.016296500561201764,0.033355318996651014,9.048316223204314,17.911231600112817,0.12182741996851607
0.0303890597816549,0.03335078080276182,9.020930070176156,18.360922048524987,0.12149172301628502
0.01016077902122605,0.03339037652827416,9.043604639410042,17.795225579334154,0.12142493690553802
0.004806442257037444,0.03337226572958048,9.056431940828055,17.987029047191257,0.12125303317465677
0.006187595539033986,0.03335206501157295,9.047349382090573,18.117342727150664,0.12129595715608876
0.08230328007341951,0.033346546184107796,9.065907726471707,17.582648871085837,0.12046862072190118
0.004933222029173479,0.033342658765469525,9.038928303621233,17.94298996759103,0.12133863457118924
0.007476813498234794,0.03334593147418214,9.043034444087724,17.60509392215087,0.12139688809939339
0.00514796525585682,0.0333231439468258,9.028537772182375,18.095426356495512,0.12122959895001545
0.005500411000039454,0.03330722514352469,9.02726327707739,18.41718541229853,0.12082195912046226
0.004813383316545726,0.03336402058957377,9.052113925773604,18.20817188417655,0.12102411088275947
0.009735074109415414,0.03341142613894351,9.080358757283754,17.62766845022979,0.12128682040399455
0.00988762898977174,0.03334156915635129,9.063124430277355,18.104969399780355,0.1212051380699602
0.004828875258592409,0.033344306207110506,9.040132799070115,18.191961879653206,0.12103890016021215
0.004806518407429947,0.03334305020831531,9.040696675538337,17.989042978408992,0.12124915997029811
0.004815334617740049,0.03333906763894555,9.039062289591568,17.90078950066949,0.12134649050732679
0.01093392689747694,0.03330825962571466,9.04637590345455,17.886797500463704,0.12135925764372013
0.004810123533786955,0.0333472048108894,9.04297239777944,17.904521037794378,0.12134430542436395
0.010573659459108724,0.03337001069759235,9.055834865413267,17.99783260740104,0.12091229805428735
0.046087018178216345,0.033364083000663486,8.9872177063378,17.683389892162666,0.12157777801815356
0.0048187435820649105,0.03335587819666444,9.049204289320166,17.444437790957437,0.12177217959856315
0.004813493313490338,0.03338024786677319,9.061790910005724,17.98187992014114,0.12124353706225804
0.004805073516207311,0.033359536951801334,9.050347135266172,17.897014516869888,0.12134769388422886
0.004837190501080537,0.0333278993906435,9.033257155355928,17.987029047191257,0.12125303317465677
0.005724553932545039,0.03337773454470719,9.060710935327286,17.939617884232444,0.12116382469725354
0.00482003061498319,0.033346546184107796,9.041983532089649,17.833171092987783,0.12141509071969445
0.004807116187648597,0.03334929640677553,9.044338166354425,17.948403406659033,0.12130008863826808
0.004815217434423001,0.03335514099993592,9.0473958241092,17.89985026300088,0.12135292361807151
0.0048214113444176344,0.033346247939502936,9.042814188148594,18.016792764275607,0.12124355263312653
0.008116704964303941,0.03331957552616942,9.045661791006655,18.19694148278116,0.12105965459662746
0.0048053760075187245,0.03335591220433816,9.047667246182312,17.93925533202468,0.1213072711113467
0.004806502116669045,0.03335330501760726,9.045383071610814,18.203035324622924,0.12105125898725241
0.00847261590232542,0.03335802233908864,9.049050382449384,18.104969399780355,0.12141102825222688
0.004815705908378626,0.03337092938818347,9.057108265255835,17.869792686179398,0.12137792658997254
0.0048128584542557525,0.033362969025453326,9.05308096260577,17.728481615439808,0.12151094759772435
0.010086339069437034,0.033382878654668956,9.06518631920294,17.559311533303802,0.12134769388422886
0.012891424279135935,0.03330825962571466,9.018249566658474,18.542115162772138,0.12112653978616772
0.007442439696005025,0.0333472048108894,9.05922375865171,17.863695788614827,0.12134430542436395
0.007551831427323132,0.03332861010425327,9.049318481056229,18.156052928992857,0.12110922126846516
0.04569955844332766,0.033364604602311054,8.9872177063378,17.830401045249896,0.12140624490142107
0.005185714555802653,0.03335587819666444,9.05420440399591,17.957953876860095,0.12128034174717095
0.0048069058786355725,0.03336885817325611,9.054458220238399,18.20564018277657,0.12105240362855224
0.005330306749688658,0.03335515731795059,9.040039363719043,17.93953773626818,0.12130326169623754
0.004801875815414515,0.0333673392739023,9.05436422305229,18.07094768762053,0.12117675824747087
0.0051385959562029624,0.03337066367589985,9.056103417427135,18.117342727150664,0.12120681076055076
0.006407446400692929,0.033346546184107796,9.055568663285886,18.08673175351444,0.12117356879657451
0.006668815658974644,0.03336227162339258,9.05156920775936,18.137561159240526,0.12130008863826808
0.008530407136045672,0.03339006931507885,9.0473958241092,18.020079769754712,0.12122833112520803
0.005179157981476009,0.033412956164939694,9.080813315733856,17.907840556459803,0.12124355263312653
0.00882083998337948,0.03331957552616942,9.02726327707739,18.282807940702426,0.12125702419725781
0.004805692655590517,0.033375552798688604,9.059275988946979,18.065948150548056,0.12117901504937464
0.004801314535142723,0.03336776865294475,9.05432962501661,18.09345790216403,0.12115445027243119
0.00950503788122448,0.03333811329452805,9.038842776123502,18.4455687976682,0.12112678129020557
0.004802220379280941,0.03337272141447668,9.057000052705998,18.11321475331757,0.12113338517161171
0.004808749330909309,0.03336640307640658,9.053387580403705,18.025480599053157,0.12120073213598898
0.006788781113432925,0.03336776865294475,9.041265959685818,18.14964762995946,0.12115445027243119
0.00480098546967157,0.03336974675120317,9.055318508401358,18.04908121804755,0.12119113551891997
0.005489000927304454,0.0333619346556958,9.04297239777944,18.132332729986786,0.12113576292020187
0.004957252513327978,0.03344885144192411,9.100599079086786,17.860331075756786,0.12137195102041837
0.004800879084627213,0.03335834970946314,9.049302079136213,17.91052241716305,0.12132941592534793
0.004813358362737232,0.033378417611724394,9.061167408426325,17.845103283066035,0.12139592744148717
0.004805795897210824,0.03335485733052491,9.047591734369073,18.20564018277657,0.12105240362855224
0.004800936700062642,0.03335862832617775,9.049279629062783,17.925128910263798,0.12131494066200119
0.004811715516761982,0.03334084891095506,9.039750357500584,18.00997911759785,0.12122684926322355
0.004819412968640068,0.03333101090875913,9.033717553919097,17.839258278681534,0.12140477432436514
0.005825009902051589,0.03332707801401186,9.041983532089649,17.841083460246317,0.12139597439027952
0.004804449917204656,0.03335903419903323,9.049351077459928,17.737669844961566,0.12149479507452698
0.005165311530153208,0.033365538253341896,9.0473958241092,17.76397584691189,0.12147163106568382
0.004807784323184621,0.033343746335644506,9.040542054823913,17.971616070929795,0.12127188834949867
0.004802738316558275,0.03337297678887343,9.057313259095054,18.004325044918126,0.12123002659421622
0.006248302228483231,0.03335591220433816,9.052299487619198,18.105913478638097,0.1213072711113467
0.0059548916045654605,0.0333673392739023,9.043197182329813,18.07094768762053,0.12117675824747087
0.004801216053875916,0.03336120216742037,9.051217134453397,17.908682350014082,0.12132602244053045
0.004806356389647344,0.03337272141447668,9.057000052705998,17.978314315739915,0.1212496701491548
0.006857560049758155,0.0333501558414662,9.04480285435449,17.784893732450882,0.12124915997029811
0.004800879084627213,0.03335834970946314,9.049302079136213,17.91052241716305,0.12132941592534793
0.004800881162758105,0.033358359709463145,9.049302079136213,17.91052241716305,0.12132941592534793
0.004800878593050752,0.03335834970946314,9.049302089136214,17.91052241716305,0.12132941592534793
0.0048008816107434574,0.03335834970946314,9.049302079136213,17.910522427163052,0.12132941592534793
0.00480088754606242,0.03335834970946314,9.049302079136213,17.91052241716305,0.12132942592534793
2842.0027776382112,0.02,9.098459721164952,17.657910813650723,0.05
2841.9941943942495,0.020000010000000002,9.098459721164952,17.657910813650723,0.05
2842.002784690111,0.02,9.098459731164953,17.657910813650723,0.05
2842.002776694642,0.02,9.098459721164952,17.657910823650724,0.05
2842.002855634433,0.02,9.098459721164952,17.657910813650723,0.050000010000000004
21.711470045953266,0.031300351541177746,9.05687534525461,17.871604869065944,0.11034034837494221
21.711279352819584,0.03130036154117775,9.05687534525461,17.871604869065944,0.11034034837494221
21.711471886535406,0.031300351541177746,9.056875355254611,17.871604869065944,0.11034034837494221
21.71146987016797,0.031300351541177746,9.05687534525461,17.871604879065945,0.11034034837494221
21.711454843682507,0.031300351541177746,9.05687534525461,17.871604869065944,0.1103403583749422
0.004816028587482249,0.033356446060723584,9.04930908440897,17.910486418422856,0.12131925103554696
0.00481589788151788,0.033356456060723585,9.04930908440897,17.910486418422856,0.12131925103554696
0.004816029149974624,0.033356446060723584,9.04930909440897,17.910486418422856,0.12131925103554696
0.004816034335342595,0.033356446060723584,9.04930908440897,17.910486428422857,0.12131925103554696
0.004816028870794676,0.033356446060723584,9.04930908440897,17.910486418422856,0.12131926103554695
0.004800626824254543,0.03335809590710814,9.049303013108267,17.910517617661522,0.1213280607000292
0.004800619581908627,0.033358105907108145,9.049303013108267,17.910517617661522,0.1213280607000292
0.004800627336546879,0.03335809590710814,9.049303023108267,17.910517617661522,0.1213280607000292
0.004800618946987573,0.03335809590710814,9.049303013108267,17.910517627661523,0.1213280607000292
0.004800637593553359,0.03335809590710814,9.049303013108267,17.910517617661522,0.1213280707000292
0.004800672247921164,0.03335822521659791,9.049302537259846,17.91052006295441,0.12132875117232401
0.004800670230493626,0.03335823521659791,9.049302537259846,17.91052006295441,0.12132875117232401
0.004800672190414194,0.03335822521659791,9.049302547259847,17.91052006295441,0.12132875117232401
0.004800675668272159,0.03335822521659791,9.049302537259846,17.910520072954412,0.12132875117232401
0.004800683053161514,0.03335822521659791,9.049302537259846,17.91052006295441,0.12132876117232401
0.004800626125034448,0.0333581593912247,9.049302779491875,17.910518818170928,0.12132839968538689
0.004800617458652462,0.0333581693912247,9.049302779491875,17.910518818170928,0.12132839968538689
0.004800626049754868,0.0333581593912247,9.049302789491875,17.910518818170928,0.12132839968538689
0.00480062150357999,0.0333581593912247,9.049302779491875,17.91051882817093,0.12132839968538689
0.0048006336519985805,0.0333581593912247,9.049302779491875,17.910518818170928,0.12132840968538688
0.004801387767826783,0.0333589848832425,9.04930280564515,17.91051923458078,0.12132705676793004
0.004801436684066726,0.0333589948832425,9.04930280564515,17.91051923458078,0.12132705676793004
0.004801387156202206,0.0333589848832425,9.04930281564515,17.91051923458078,0.12132705676793004
0.004801399459614921,0.0333589848832425,9.04930280564515,17.91051924458078,0.12132705676793004
0.004801386727648647,0.0333589848832425,9.04930280564515,17.91051923458078,0.12132706676793004
0.004800450363697059,0.033358483675242454,9.049302789765855,17.91051898175223,0.12132787213738033
0.004800455366561699,0.033358493675242455,9.049302789765855,17.91051898175223,0.12132787213738033
0.004800450873021623,0.033358483675242454,9.049302799765856,17.91051898175223,0.12132787213738033
0.004800447374001154,0.033358483675242454,9.049302789765855,17.91051899175223,0.12132787213738033
0.0048004581348002565,0.033358483675242454,9.049302789765855,17.91051898175223,0.12132788213738033
0.004800505522254406,0.03335868219333545,9.0493027862577,17.910519286540637,0.12132685723851509
0.004800512562098227,0.033358692193335454,9.0493027862577,17.910519286540637,0.12132685723851509
0.004800505901238655,0.03335868219333545,9.0493027962577,17.910519286540637,0.12132685723851509
0.004800499549198389,0.03335868219333545,9.0493027862577,17.910519296540638,0.12132685723851509
0.004800500401134552,0.03335868219333545,9.0493027862577,17.910519286540637,0.12132686723851509
0.004800423729069366,0.03335856042699288,9.04930278840952,17.910519099590577,0.12132747975367747
0.004800456649143122,0.03335857042699288,9.04930278840952,17.910519099590577,0.12132747975367747
0.0048004232375484495,0.03335856042699288,9.04930279840952,17.910519099590577,0.12132747975367747
0.004800423363424879,0.03335856042699288,9.04930278840952,17.910519109590577,0.12132747975367747
0.00480042498939344,0.03335856042699288,9.04930278840952,17.910519099590577,0.12132748975367746
0.00480025005753635,0.033358344864642724,9.049302625237472,17.91052000706468,0.12132725188412694
0.0048002650842506964,0.033358354864642725,9.049302625237472,17.91052000706468,0.12132725188412694
0.004800250244022832,0.033358344864642724,9.049302635237472,17.91052000706468,0.12132725188412694
0.004800263724599626,0.033358344864642724,9.049302625237472,17.91052001706468,0.12132725188412694
0.004800264539124311,0.033358344864642724,9.049302625237472,17.91052000706468,0.12132726188412693
0.004804279547363398,0.033357276185317204,9.049302574069568,17.9105208630561,0.12132445847371386
0.004804218392468216,0.033357286185317206,9.049302574069568,17.9105208630561,0.12132445847371386
0.0048042860589613285,0.033357276185317204,9.049302584069569,17.9105208630561,0.12132445847371386
0.004804290435435472,0.033357276185317204,9.049302574069568,17.9105208730561,0.12132445847371386
0.004804283314658513,0.033357276185317204,9.049302574069568,17.9105208630561,0.12132446847371385
0.0048003364986885025,0.03335816188661412,9.049302616476563,17.910520153626532,0.12132677359965165
0.004800323947192857,0.03335817188661412,9.049302616476563,17.910520153626532,0.12132677359965165
0.004800336645535827,0.03335816188661412,9.049302626476564,17.910520153626532,0.12132677359965165
0.004800338300448403,0.03335816188661412,9.049302616476563,17.910520163626533,0.12132677359965165
0.004800330430552368,0.03335816188661412,9.049302616476563,17.910520153626532,0.12132678359965164
0.0048002667376627365,0.03335827650930662,9.049302621964648,17.91052006181598,0.12132707321078395
0.00480024974306069,0.03335828650930662,9.049302621964648,17.91052006181598,0.12132707321078395
0.004800266131907008,0.03335827650930662,9.049302631964649,17.91052006181598,0.12132707321078395
0.004800261322218315,0.03335827650930662,9.049302621964648,17.91052007181598,0.12132707321078395
0.004800257755108913,0.03335827650930662,9.049302621964648,17.91052006181598,0.12132708321078395
0.004800247156781345,0.03335831504061542,9.04930262380951,17.910520030953148,0.12132717392739432
0.0048002532424884035,0.03335832504061542,9.04930262380951,17.910520030953148,0.12132717392739432
0.004800247069348683,0.03335831504061542,9.04930263380951,17.910520030953148,0.12132717392739432
0.004800254126322396,0.03335831504061542,9.04930262380951,17.91052004095315,0.12132717392739432
0.00480026900962993,0.03335831504061542,9.04930262380951,17.910520030953148,0.12132718392739432
0.00480025942033995,0.033358300519483915,9.049302623114244,17.91052004258429,0.12132713597075102
0.004800252982419333,0.033358310519483916,9.049302623114244,17.91052004258429,0.12132713597075102
0.004800258962180603,0.033358300519483915,9.049302633114245,17.91052004258429,0.12132713597075102
0.004800259168705882,0.033358300519483915,9.049302623114244,17.910520052584292,0.12132713597075102
0.004800253325956529,0.033358300519483915,9.049302623114244,17.91052004258429,0.12132714597075102
0.0048002615005517295,0.03335831061111393,9.049302623597427,17.910520034501094,0.12132716234916381
0.004800251436812019,0.033358320611113934,9.049302623597427,17.910520034501094,0.12132716234916381
0.004800261194814768,0.03335831061111393,9.049302633597428,17.910520034501094,0.12132716234916381
0.00480025248562789,0.03335831061111393,9.049302623597427,17.910520044501094,0.12132716234916381
0.004800256311063377,0.03335831061111393,9.049302623597427,17.910520034501094,0.1213271723491638
0.0048002697198728395,0.03335831428480593,9.049302623773322,17.910520031558537,0.12132717195179131
0.004800250096759721,0.03335832428480593,9.049302623773322,17.910520031558537,0.12132717195179131
0.004800269467307589,0.03335831428480593,9.049302633773323,17.910520031558537,0.12132717195179131
0.0048002594901414754,0.03335831428480593,9.049302623773322,17.910520041558538,0.12132717195179131
0.004800267441159965,0.03335831428480593,9.049302623773322,17.910520031558537,0.1213271819517913
0.004800247156781345,0.03335831504061542,9.04930262380951,17.910520030953148,0.12132717392739432
0.0048002532424884035,0.03335832504061542,9.04930262380951,17.910520030953148,0.12132717392739432
0.004800247069348683,0.03335831504061542,9.04930263380951,17.910520030953148,0.12132717392739432
0.004800254126322396,0.03335831504061542,9.04930262380951,17.91052004095315,0.12132717392739432
0.00480026900962993,0.03335831504061542,9.04930262380951,17.910520030953148,0.12132718392739432
0.004810926254277099,0.033356653046917706,9.049302394485165,17.910522440959387,0.12132237487233216
0.004810808475127661,0.03335666304691771,9.049302394485165,17.910522440959387,0.12132237487233216
0.004810928549733153,0.033356653046917706,9.049302404485166,17.910522440959387,0.12132237487233216
0.004810927905859001,0.033356653046917706,9.049302394485165,17.910522450959387,0.12132237487233216
0.004810906738486563,0.033356653046917706,9.049302394485165,17.910522440959387,0.12132238487233216
0.004800764166697312,0.033357939889601056,9.049302572045619,17.910520574948162,0.12132609066794693
0.004800740000118443,0.03335794988960106,9.049302572045619,17.910520574948162,0.12132609066794693
0.004800764983351805,0.033357939889601056,9.04930258204562,17.910520574948162,0.12132609066794693
0.004800760509020321,0.033357939889601056,9.049302572045619,17.910520584948163,0.12132609066794693
0.004800757677844171,0.033357939889601056,9.049302572045619,17.910520574948162,0.12132610066794693
0.0048002936641661,0.033358204556928645,9.049302608564808,17.910520191162163,0.12132685490254061
0.004800288671545442,0.033358214556928646,9.049302608564808,17.910520191162163,0.12132685490254061
0.0048002936229199124,0.033358204556928645,9.049302618564809,17.910520191162163,0.12132685490254061
0.004800296304168558,0.033358204556928645,9.049302608564808,17.910520201162164,0.12132685490254061
0.004800286298809131,0.033358204556928645,9.049302608564808,17.910520191162163,0.1213268649025406
0.00480026295149909,0.0333582742276436,9.049302618178075,17.91052009013479,0.12132705607875308
0.004800263969183355,0.0333582842276436,9.049302618178075,17.91052009013479,0.12132705607875308
0.0048002636295116285,0.0333582742276436,9.049302628178076,17.91052009013479,0.12132705607875308
0.004800250938251773,0.0333582742276436,9.049302618178075,17.91052010013479,0.12132705607875308
0.0048002616823622545,0.0333582742276436,9.049302618178075,17.91052009013479,0.12132706607875307
0.00480026845644636,0.03335830431957483,9.049302622330204,17.9105200464994,0.12132714297007831
0.004800246015120674,0.03335831431957483,9.049302622330204,17.9105200464994,0.12132714297007831
0.004800267214870788,0.03335830431957483,9.049302632330205,17.9105200464994,0.12132714297007831
0.004800258769010896,0.03335830431957483,9.049302622330204,17.9105200564994,0.12132714297007831
0.00480027096889615,0.03335830431957483,9.049302622330204,17.9105200464994,0.1213271529700783
0.004800263883037163,0.03335831288747903,9.049302623512418,17.910520034075343,0.12132716771015047
0.004800263174990974,0.03335832288747903,9.049302623512418,17.910520034075343,0.12132716771015047
0.0048002636375444685,0.03335831288747903,9.049302633512418,17.910520034075343,0.12132716771015047
0.004800272470725122,0.03335831288747903,9.049302623512418,17.910520044075344,0.12132716771015047
0.004800273513478617,0.03335831288747903,9.049302623512418,17.910520034075343,0.12132717771015046
0.004800261364938216,0.03335831485110899,9.049302623783362,17.910520031227946,0.121327173380189
0.004800265991057915,0.03335832485110899,9.049302623783362,17.910520031227946,0.121327173380189
0.004800261407763537,0.03335831485110899,9.049302633783363,17.910520031227946,0.121327173380189
0.004800262739316348,0.03335831485110899,9.049302623783362,17.910520041227947,0.121327173380189
0.004800259649337235,0.03335831485110899,9.049302623783362,17.910520031227946,0.121327183380189
0.004800255122569534,0.03335831503821902,9.04930262380918,17.910520030956622,0.12132717392047464
0.004800250354991998,0.03335832503821902,9.04930262380918,17.910520030956622,0.12132717392047464
0.004800255174540308,0.03335831503821902,9.04930263380918,17.910520030956622,0.12132717392047464
0.00480025868527769,0.03335831503821902,9.04930262380918,17.910520040956623,0.12132717392047464
0.0048002674582378856,0.03335831503821902,9.04930262380918,17.910520030956622,0.12132718392047463
0.004800264784713457,0.03335831504061471,9.04930262380951,17.910520030953148,0.12132717392739227
0.004800256736453647,0.033358325040614714,9.04930262380951,17.910520030953148,0.12132717392739227
0.004800265102454631,0.03335831504061471,9.04930263380951,17.910520030953148,0.12132717392739227
0.004800254449767374,0.03335831504061471,9.04930262380951,17.91052004095315,0.12132717392739227
0.004800266643470103,0.03335831504061471,9.04930262380951,17.910520030953148,0.12132718392739227
0.004800247156781345,0.03335831504061542,9.04930262380951,17.910520030953148,0.12132717392739432
0.0048002532424884035,0.03335832504061542,9.04930262380951,17.910520030953148,0.12132717392739432
0.004800247069348683,0.03335831504061542,9.04930263380951,17.910520030953148,0.12132717392739432
0.004800254126322396,0.03335831504061542,9.04930262380951,17.91052004095315,0.12132717392739432
0.00480026900962993,0.03335831504061542,9.04930262380951,17.910520030953148,0.12132718392739432
0.00480025854459097,0.033358315040615066,9.04930262380951,17.910520030953148,0.1213271739273933
0.004800251448158886,0.03335832504061507,9.04930262380951,17.910520030953148,0.1213271739273933
0.004800257817163496,0.033358315040615066,9.04930263380951,17.910520030953148,0.1213271739273933
0.00480026057923119,0.033358315040615066,9.04930262380951,17.91052004095315,0.1213271739273933
0.004800270846459185,0.033358315040615066,9.04930262380951,17.910520030953148,0.12132718392739329
0.004800247156781345,0.03335831504061542,9.04930262380951,17.910520030953148,0.12132717392739432
0.0048002532424884035,0.03335832504061542,9.04930262380951,17.910520030953148,0.12132717392739432
0.004800247069348683,0.03335831504061542,9.04930263380951,17.910520030953148,0.12132717392739432
0.004800254126322396,0.03335831504061542,9.04930262380951,17.91052004095315,0.12132717392739432
0.00480026900962993,0.03335831504061542,9.04930262380951,17.910520030953148,0.12132718392739432
0.004800259627820538,0.03335831504061524,9.04930262380951,17.910520030953148,0.12132717392739381
0.004800252211064557,0.03335832504061524,9.04930262380951,17.910520030953148,0.12132717392739381
0.004800260068212198,0.03335831504061524,9.04930263380951,17.910520030953148,0.12132717392739381
0.004800253216629794,0.03335831504061524,9.04930262380951,17.91052004095315,0.12132717392739381
0.0048002600692734765,0.03335831504061524,9.04930262380951,17.910520030953148,0.1213271839273938
0.004800247156781345,0.03335831504061542,9.04930262380951,17.910520030953148,0.12132717392739432
0.0048002532424884035,0.03335832504061542,9.04930262380951,17.910520030953148,0.12132717392739432
0.004800247069348683,0.03335831504061542,9.04930263380951,17.910520030953148,0.12132717392739432
0.004800254126322396,0.03335831504061542,9.04930262380951,17.91052004095315,0.12132717392739432
0.00480026900962993,0.03335831504061542,9.04930262380951,17.910520030953148,0.12132718392739432
0.004800249287696708,0.03335831504061533,9.04930262380951,17.910520030953148,0.12132717392739407
0.00480025164203635,0.03335832504061533,9.04930262380951,17.910520030953148,0.12132717392739407
0.004800249403984793,0.03335831504061533,9.04930263380951,17.910520030953148,0.12132717392739407
0.0048002546305595094,0.03335831504061533,9.04930262380951,17.91052004095315,0.12132717392739407
0.0048002686395125635,0.03335831504061533,9.04930262380951,17.910520030953148,0.12132718392739407
0.004800247156781345,0.03335831504061542,9.04930262380951,17.910520030953148,0.12132717392739432
0.0048002532424884035,0.03335832504061542,9.04930262380951,17.910520030953148,0.12132717392739432
0.004800247069348683,0.03335831504061542,9.04930263380951,17.910520030953148,0.12132717392739432
0.004800254126322396,0.03335831504061542,9.04930262380951,17.91052004095315,0.12132717392739432
0.00480026900962993,0.03335831504061542,9.04930262380951,17.910520030953148,0.12132718392739432
2810.7069665185236,0.02,9.058045889353325,17.213565983600752,0.05
2810.6984502154396,0.020000010000000002,9.058045889353325,17.213565983600752,0.05
2810.7069735512523,0.02,9.058045899353326,17.213565983600752,0.05
2810.7069658876353,0.02,9.058045889353325,17.213565993600753,0.05
2810.7069971661786,0.02,9.058045889353325,17.213565983600752,0.050000010000000004
25.948441288395763,0.031145080677758813,9.050751226847117,17.795047185594857,0.10950953436270516
25.948233247860315,0.031145090677758815,9.050751226847117,17.795047185594857,0.10950953436270516
25.94844143892335,0.031145080677758813,9.050751236847118,17.795047185594857,0.10950953436270516
25.94844214159226,0.031145080677758813,9.050751226847117,17.795047195594858,0.10950953436270516
25.948428652637162,0.031145080677758813,9.050751226847117,17.795047185594857,0.10950954436270516
0.004904261360631076,0.03335388549966806,9.049305523026412,17.910288924972956,0.12130352224403379
0.0049039474565100135,0.03335389549966806,9.049305523026412,17.910288924972956,0.12130352224403379
0.004904261249104383,0.03335388549966806,9.049305533026413,17.910288924972956,0.12130352224403379
0.004904259413121443,0.03335388549966806,9.049305523026412,17.910288934972957,0.12130352224403379
0.0049042334894444164,0.03335388549966806,9.049305523026412,17.910288924972956,0.12130353224403378
0.004806406777510594,0.03335719853280734,9.049303354584628,17.9104617784989,0.12132121229627721
0.004806331892524541,0.03335720853280734,9.049303354584628,17.9104617784989,0.12132121229627721
0.00480640658137027,0.03335719853280734,9.04930336458463,17.9104617784989,0.12132121229627721
0.004806412901787303,0.03335719853280734,9.049303354584628,17.9104617884989,0.12132121229627721
0.004806399495569413,0.03335719853280734,9.049303354584628,17.9104617784989,0.1213212222962772
0.004800469915921634,0.033358061435972725,9.049302789798464,17.910506799435428,0.12132581979684692
0.0048004594694469405,0.033358071435972726,9.049302789798464,17.910506799435428,0.12132581979684692
0.00480047006536516,0.033358061435972725,9.049302799798465,17.910506799435428,0.12132581979684692
0.004800469061787215,0.033358061435972725,9.049302789798464,17.91050680943543,0.12132581979684692
0.0048004644818781805,0.033358061435972725,9.049302789798464,17.910506799435428,0.12132582979684692
0.004800267000811967,0.03335822623316403,9.049302681935638,17.910515397531007,0.12132669973701088
0.0048002374013043116,0.03335823623316403,9.049302681935638,17.910515397531007,0.12132669973701088
0.004800266477306249,0.03335822623316403,9.049302691935639,17.910515397531007,0.12132669973701088
0.004800252471291939,0.03335822623316403,9.049302681935638,17.91051540753101,0.12132669973701088
0.004800261400975226,0.03335822623316403,9.049302681935638,17.910515397531007,0.12132670973701087
0.004800249535275721,0.033358268149422894,9.049302654500668,17.91051758446148,0.12132692355028951
0.004800241073101603,0.033358278149422896,9.049302654500668,17.91051758446148,0.12132692355028951
0.004800249307975267,0.033358268149422894,9.049302664500669,17.91051758446148,0.12132692355028951
0.0048002452483726,0.033358268149422894,9.049302654500668,17.91051759446148,0.12132692355028951
0.0048002528998016694,0.033358268149422894,9.049302654500668,17.91051758446148,0.1213269335502895
0.004800254893568958,0.03335829577008884,9.049302636422428,17.910519025536562,0.12132707103176739
0.004800248777720182,0.033358305770088845,9.049302636422428,17.910519025536562,0.12132707103176739
0.004800255537265719,0.03335829577008884,9.04930264642243,17.910519025536562,0.12132707103176739
0.004800253036328007,0.03335829577008884,9.049302636422428,17.910519035536563,0.12132707103176739
0.004800249226247406,0.03335829577008884,9.049302636422428,17.910519025536562,0.12132708103176738
0.004800257436585703,0.033358307809421416,9.04930262854246,17.91051965367428,0.12132713531618994
0.004800252515153797,0.03335831780942142,9.04930262854246,17.91051965367428,0.12132713531618994
0.004800259260557332,0.033358307809421416,9.04930263854246,17.91051965367428,0.12132713531618994
0.004800258466765908,0.033358307809421416,9.04930262854246,17.910519663674282,0.12132713531618994
0.004800259368964839,0.033358307809421416,9.04930262854246,17.91051965367428,0.12132714531618993
0.004800259683854577,0.0333583128905157,9.04930262521679,17.910519918774277,0.12132716244686428
0.0048002599462538325,0.0333583228905157,9.04930262521679,17.910519918774277,0.12132716244686428
0.004800259951050976,0.0333583128905157,9.04930263521679,17.910519918774277,0.12132716244686428
0.004800258549774709,0.0333583128905157,9.04930262521679,17.910519928774278,0.12132716244686428
0.004800253611496838,0.0333583128905157,9.04930262521679,17.910519918774277,0.12132717244686428
0.0048002515677789325,0.03335831441195589,9.04930262422098,17.910519998153593,0.12132717057064558
0.004800258612523957,0.033358324411955895,9.04930262422098,17.910519998153593,0.12132717057064558
0.004800251553434237,0.03335831441195589,9.04930263422098,17.910519998153593,0.12132717057064558
0.004800258307028998,0.03335831441195589,9.04930262422098,17.910520008153593,0.12132717057064558
0.004800257354184254,0.03335831441195589,9.04930262422098,17.910519998153593,0.12132718057064558
0.004800264423776093,0.033358314921550225,9.04930262388744,17.910520024741064,0.1213271732916417
0.004800257102997668,0.03335832492155023,9.04930262388744,17.910520024741064,0.1213271732916417
0.00480026402520011,0.033358314921550225,9.049302633887441,17.910520024741064,0.1213271732916417
0.004800260241989696,0.033358314921550225,9.04930262388744,17.910520034741065,0.1213271732916417
0.00480025631117383,0.033358314921550225,9.04930262388744,17.910520024741064,0.12132718329164169
0.004800258176389848,0.033358315034605776,9.049302623813443,17.910520030639603,0.12132717389530562
0.004800259358651825,0.03335832503460578,9.049302623813443,17.910520030639603,0.12132717389530562
0.004800257809554955,0.033358315034605776,9.049302633813443,17.910520030639603,0.12132717389530562
0.004800254249486344,0.033358315034605776,9.049302623813443,17.910520040639604,0.12132717389530562
0.004800271702895646,0.033358315034605776,9.049302623813443,17.910520030639603,0.12132718389530561
0.004800257730913804,0.033358315040589136,9.049302623809528,17.910520030951776,0.12132717392725396
0.004800247224298602,0.03335832504058914,9.049302623809528,17.910520030951776,0.12132717392725396
0.0048002586240587595,0.033358315040589136,9.049302633809528,17.910520030951776,0.12132717392725396
0.004800266880701336,0.033358315040589136,9.049302623809528,17.910520040951777,0.12132717392725396
0.004800263188652335,0.033358315040589136,9.049302623809528,17.910520030951776,0.12132718392725396
0.004800247156781345,0.03335831504061542,9.04930262380951,17.910520030953148,0.12132717392739432
0.0048002532424884035,0.03335832504061542,9.04930262380951,17.910520030953148,0.12132717392739432
0.004800247069348683,0.03335831504061542,9.04930263380951,17.910520030953148,0.12132717392739432
0.004800254126322396,0.03335831504061542,9.04930262380951,17.91052004095315,0.12132717392739432
0.00480026900962993,0.03335831504061542,9.04930262380951,17.910520030953148,0.12132718392739432
0.004800252960262395,0.03335831504060228,9.049302623809519,17.910520030952462,0.12132717392732414
0.004800244019753688,0.03335832504060228,9.049302623809519,17.910520030952462,0.12132717392732414
0.0048002534991771935,0.03335831504060228,9.04930263380952,17.910520030952462,0.12132717392732414
0.004800264074334789,0.03335831504060228,9.049302623809519,17.910520040952463,0.12132717392732414
0.004800263663367245,0.03335831504060228,9.049302623809519,17.910520030952462,0.12132718392732414
0.004800243234888425,0.03335831504061542,9.04930262380951,17.910520030953148,0.12132717392739431
0.004800251247266501,0.03335832504061542,9.04930262380951,17.910520030953148,0.12132717392739431
0.004800243195810551,0.03335831504061542,9.04930263380951,17.910520030953148,0.12132717392739431
0.004800260677562621,0.03335831504061542,9.04930262380951,17.91052004095315,0.12132717392739431
0.004800272570882868,0.03335831504061542,9.04930262380951,17.910520030953148,0.1213271839273943
0.004800247947493495,0.03335831504060885,9.049302623809513,17.910520030952803,0.12132717392735923
0.004800253211121666,0.03335832504060885,9.049302623809513,17.910520030952803,0.12132717392735923
0.004800247480754756,0.03335831504060885,9.049302633809514,17.910520030952803,0.12132717392735923
0.0048002552041393936,0.03335831504060885,9.049302623809513,17.910520040952804,0.12132717392735923
0.004800264195263012,0.03335831504060885,9.049302623809513,17.910520030952803,0.12132718392735922
