LSCO 2511A, x = 24%
T=25 K, B = 45.0 T, theta= -14 to 99, phi = 0 and 45
Fixed parameters:
T,T1multvalue,T11multvalue,mumultvalue,n0.19,-0.132,0.066,0.81,4cost_leastsq+cost_shape,Tzmultvalue,invtau_iso,strength,spread_xy
1.6549844166522143,0.03335834970946314,9.049302079136215,17.91052241716305,0.12132941592534793
7372.256432082318,0.029401781988012462,28.530996432817638,22.400729478995213,0.0913695105487104
10502.496215012068,0.02526398097079129,0.7121455871429898,5.743291111711794,0.1125403900402665
447.0809997761691,0.04310979044395208,3.325820486852928,15.552548178801135,0.45130864394554493
69.10893898135163,0.039454176659343934,14.892425178046873,5.2795404571752,0.3654224411263334
148.17950366054285,0.04899114224527223,10.039225992158116,20.044636272120123,0.4867848876326598
296.1994704589687,0.04457283894916808,23.680569331093587,18.946316485606125,0.3288124558732036
20348.870822330653,0.02124150807145632,20.332542628628214,13.355408081251882,0.4099426943854888
1030.235070480438,0.037503240549300064,25.425718906345153,18.018480396613242,0.06332167825498927
4.1187345466570475,0.04007374475028323,12.296324732160915,11.759154411978656,0.26108933672752477
182.56225403567925,0.047135165034292784,8.505702070867141,7.050788327629787,0.2767720585971925
2013.7499652108338,0.028179595704327546,15.860777791559874,2.3336331411284323,0.46568474446838726
675.3921684821705,0.04645413810549237,2.2003142147467454,24.66277449654011,0.12350312878173003
36.78881026371545,0.032681850785198814,6.22715892647129,21.40436091591394,0.16743053063940969
32.55941387278873,0.024251178255772717,5.173804075703771,23.222840327100958,0.2989866158911343
3777.222007055131,0.02696843496918513,18.662444405721597,3.3558016183160557,0.1930754078680277
915.2592744901999,0.04242772583037832,27.70240524536976,9.148125442126751,0.41039426756282027
47.68189711010324,0.03486465788559916,12.009269872722955,10.794878269078435,0.14330808517996266
10064.103202157368,0.022132639703380155,16.606713188770055,8.412943184001882,0.2429300845066556
6017.654727319672,0.030942030989169686,26.7177929785227,15.812698049256706,0.2268901883362926
143.30954455509985,0.037366490522279396,15.930810812143328,5.674863132635867,0.09266216504197078
105.5964635667964,0.029401781988012462,4.04936633843694,15.98635480226411,0.26466769042778315
12306.364540208759,0.026256623805551223,27.838070167179335,5.743291111711794,0.1125403900402665
38.846293466001065,0.04495505511250485,18.12023088536468,22.621211627126826,0.45130864394554493
32.06345461382376,0.039454176659343934,14.892425178046873,12.116184404431518,0.13388936984174035
104.660020761001,0.04619499014083003,10.039225992158116,23.838294257273702,0.2679140798477833
71.76222384803454,0.04457283894916808,10.816711036032288,8.45201731244254,0.1159853377485798
336.4772684187375,0.02124150807145632,1.1436756653920686,5.850724740313906,0.4099426943854888
2452.977030483658,0.037503240549300064,29.074976278875457,18.018480396613242,0.1515187702474608
1.1906776884695336,0.03905041224758462,11.904228194922052,11.759154411978656,0.13835093063605586
202.25859216784815,0.047135165034292784,8.505702070867141,22.61833552413976,0.12284276667813832
219.7658055659182,0.028179595704327546,9.564336714171821,11.479584008009114,0.14184453167789585
182.46479400095797,0.030268967121597545,10.52026817334471,19.165585661375182,0.1425355821395878
63.844403298978726,0.04418813189587621,10.892476583144116,13.486380345247465,0.11027119537917171
2110.9667728714335,0.03335834970946314,21.737190707719304,23.222840327100958,0.2989866158911343
501.55541667160145,0.028850517395401898,1.210430751138885,17.113792915919994,0.1930754078680277
416.0710245406823,0.043328087663678475,27.70240524536976,7.693996799841246,0.060671901333110734
109.24138448124417,0.03837136762041714,6.837223522278867,9.269674888177967,0.23398581726617726
38.608495394835536,0.04592667534369607,12.987930602251756,5.959588492765853,0.13507416191621605
12.784631946119553,0.029562384958057186,5.713770203036303,15.812698049256706,0.3643479968649621
17.874664443043944,0.041494904770325906,11.641983531995365,11.759154411978656,0.13835093063605586
3111.812552343183,0.029401781988012462,20.962403048239807,11.062048349941216,0.0902119373876335
11078.580649331972,0.038210078931273664,0.7121455871429898,5.743291111711794,0.1125403900402665
34.876807364818525,0.048256285413706385,22.92689360773634,9.45861942861523,0.08902160191344963
9.934936866483438,0.038135015384595856,10.105429465868076,12.116184404431518,0.12499429803783696
245.00307080413086,0.03315066435289121,12.62895679649979,23.838294257273702,0.15495520702727938
142.8216635900324,0.049300150584286544,10.679958473952981,4.396884425830878,0.21992763014197475
79.14004564722099,0.04742270533482989,11.57387763972116,5.159597511244382,0.23281480577845665
27.926264549440948,0.04103783755859418,10.747247463039704,12.562123890941905,0.12722147946202725
79.25403518627725,0.049729546843429104,13.600909998805415,6.434464019908579,0.08513025479184855
17.842865109867837,0.04237025047111176,16.741532300692672,8.604247993726009,0.06459962018218601
86.7101822558709,0.042801908386854985,9.564336714171821,12.833125279304262,0.1285749574032016
15.514313348977018,0.04159413236602143,11.840393433971155,19.165585661375182,0.1353384237727637
62.71883252327797,0.031266958570590524,5.202559180632965,21.40436091591394,0.16743053063940969
12.79190214578757,0.034045453947876114,10.208057178254702,23.222840327100958,0.12983753208968066
434.3599464345423,0.028850517395401898,10.707015023813018,19.685754205707255,0.21407510078635988
19.716106577578866,0.03715468514631431,11.592237305958198,7.693996799841246,0.060671901333110734
23.94726413122882,0.03486465788559916,11.262410197750421,15.280425108096853,0.13612374921186554
3.85981525544208,0.03374314871304793,8.22390482103378,5.959588492765853,0.22323169226395426
23.913876812353703,0.04313997368430436,12.25547374326247,14.120201001927947,0.13787368138867864
6.318661531379807,0.042503993326637214,15.2250964906442,3.7828067307579882,0.10538836646818114
21.814075980566255,0.04923913962319562,20.67687352459027,15.98635480226411,0.3946138818019846
318.98048618983603,0.03392955943616249,3.0641441155419322,9.250743004205862,0.48988679686399017
94.98802470918108,0.048256285413706385,12.166607471405705,5.724109016737018,0.08902160191344963
669.3101778435104,0.038135015384595856,22.534215610924377,9.07471646991636,0.10688601905770204
79.45919597598802,0.04619499014083003,11.393658452346513,23.838294257273702,0.13657919557809708
99.28124882843079,0.04457283894916808,19.835305401682263,8.816261863898571,0.28197052272331213
102.61788463529265,0.04716448463559198,11.57387763972116,5.453500731312076,0.07811193729095603
7.176147276764734,0.04103783755859418,13.50282904060443,5.654820917982062,0.22127430265990883
63.302609542206156,0.03335834970946314,6.1163926502541734,24.28800000039073,0.12132941592534793
22.655806484682834,0.04237025047111176,16.741532300692672,11.122757191429937,0.1459743500816518
421.77383368087396,0.03741064053429123,2.729476271011933,23.198264732882972,0.17618325765380075
1.2063974392268642,0.03970209348033801,12.742971814016483,5.440919473623415,0.14335165089007146
53.53247821620294,0.046242024533614,11.746257625981535,21.40436091591394,0.19873560020446723
113.49569687268145,0.047155600846630674,10.208057178254702,15.121915544565152,0.342209516068412
27.468371533449666,0.03549224794181324,7.636278870996008,22.665824384164317,0.22327800672747078
152.94621702225342,0.04417126505900675,20.744312274302175,7.693996799841246,0.3499863564794312
53.62960863898227,0.04625670533237099,12.970549129572504,17.22709068542653,0.06305097805779883
23.478409293733865,0.030984218415647666,8.22390482103378,20.009961246233736,0.3141547379019367
207.0172538064793,0.03989468057942601,5.713770203036303,7.784900519159517,0.3643479968649621
75.60589615461912,0.04690781303315495,11.904228194922052,9.696018751273611,0.11042440659570438
2978.6756324938683,0.030787762148732925,20.67687352459027,12.379225594731981,0.3946138818019846
55.210232877542325,0.04967020192191361,14.504897773096195,11.138100952424983,0.1457905467554252
15.965970521836187,0.04082821897989863,12.160281414693912,5.869616085512408,0.07977573136856209
29.930777778095692,0.041028030489895784,10.105429465868076,10.010032858847792,0.20253733483741806
4.456378880639665,0.04899348581980491,20.465361957778764,6.163050270288349,0.13679707197375265
9.897649305846944,0.04570556450161539,15.313585601896017,8.45201731244254,0.08350059071878074
107.59565517151997,0.03131191471968401,10.53640000980581,7.336286718663472,0.13645755339849203
16.355916591273637,0.04103783755859418,15.049259274170337,6.458086796605101,0.09749822680605102
33.684812652231805,0.04574785198943915,18.516680254532677,13.812271222481986,0.3875600546345712
23.357377490403785,0.04800547258085647,15.319647962785305,8.604247993726009,0.15449559040113617
9.04370896080054,0.037717351901103556,9.564336714171821,14.31514411069784,0.3270939978580561
38.71931978493853,0.047294826583894695,13.92319450327873,11.277014727241182,0.1441264949054158
67.47890105964173,0.04702173893518853,11.889975116454744,9.791635424352165,0.16743053063940969
1.466988331364334,0.034045453947876114,9.387002160200506,14.974946598260583,0.13084634846462354
8.809688500112898,0.0428058372222098,13.053626044527354,4.120494532381542,0.14396213556992432
4.50451745253292,0.044877195735028075,16.157810817663087,6.57626736794292,0.08282491996657995
5.582804635925065,0.04795909959797621,17.951073783779428,15.280425108096853,0.4423422594847972
305.00872706999513,0.03374314871304793,14.75072209403133,5.959588492765853,0.14853305161575076
11.690049536586129,0.03783384944221339,9.856636612175041,15.812698049256706,0.12409964810853938
8.355771880948176,0.03905041224758462,11.904228194922052,13.931224790623201,0.0842765744407796
120.38437868862401,0.029657470748672636,9.604000228558558,12.308460847621706,0.13177077404853715
2.321173188944043,0.044248660037105536,15.480360613206336,9.243187843114267,0.109859658864844
8.313191526406081,0.04082821897989863,11.789713670217074,11.21590445763221,0.12025171938913795
26.97240540896251,0.0398857538874159,10.105429465868076,8.97582602634858,0.12499429803783696
3.6272715386532375,0.03549697597233353,9.559460460390234,10.97957824243561,0.17991105267827767
3.6396310431740218,0.047424233478778596,18.72301880627107,8.45201731244254,0.08025726769787125
5.486097091692127,0.04380283304834644,14.95857445779404,18.36848683036026,0.29014520607578753
1.4844221252800232,0.036994355997280674,10.576898646085223,14.915500372779094,0.14099307543304218
3.0212484294522755,0.034951864657884385,9.049302079136215,10.004245596713702,0.4804092988291827
2.2500009576262756,0.036553782035406206,10.855318088841312,8.604247993726009,0.12484906003330554
5.795332085678649,0.02949673567447965,6.023787331460046,14.31514411069784,0.4747845548785472
18.395933883279373,0.03970209348033801,14.421881697606198,4.306044923385818,0.14735676499154288
1.667675546842523,0.035166332837858395,9.599882556977605,21.40436091591394,0.1297642799604484
1.1502890945345592,0.03780897729281456,11.526177183343762,9.360142402104128,0.13084634846462354
0.7507187189475254,0.036780815096857676,10.827562628704252,4.120494532381542,0.1575690189156828
7.449376746745051,0.04192898700185833,13.953914556529927,6.57626736794292,0.47169761687666756
3.8780369617335912,0.04795909959797621,17.951073783779428,15.280425108096853,0.08187775327947097
7.278337486592666,0.0359975918395939,11.15129259676975,5.959588492765853,0.1685544319873312
7.142083534231906,0.036413554204836246,11.35761156501954,12.552865410156855,0.12409964810853938
3.460910942763398,0.04834148495785394,19.7094764074133,19.5093510930282,0.06097812130702021
187.5982697428824,0.043380031672923744,20.67687352459027,7.467352470932472,0.3946138818019846
10.919071849946622,0.03283995091272429,7.626786544920638,2.9168963860680517,0.24711487294638282
1.5110403567476467,0.04667250833338897,17.340231068703087,11.21590445763221,0.12025171938913795
3.7125224810662503,0.035080892216274216,9.533055671069729,4.801858965088977,0.19955818634554584
3.1991833093473736,0.03713678812110239,10.313804896920384,7.256864439108493,0.19000969910956383
1.5089062390403798,0.047933345022084434,18.72301880627107,8.45201731244254,0.14834882959401977
1226.5929527272046,0.03286401386620483,19.45573585291183,15.595026134266924,0.11932991432102402
16.40467988587082,0.036994355997280674,11.989940118605627,22.386281390425665,0.14099307543304218
3.2325725719335354,0.029542496490869204,6.317769711122695,12.485385506681435,0.20381201824131254
52.03985874007236,0.034293069948375374,10.855318088841312,10.416002899163724,0.19537463108784092
226.93159203457492,0.041187641639793764,6.023787331460046,7.805899104123171,0.12510641277327741
1.8762013679218787,0.03970209348033801,12.742971814016483,16.738914447647673,0.14335165089007146
3.830519489450613,0.04968575927576632,18.863667562093404,3.362779254853148,0.15652444568845683
3.756955232025048,0.0476155318504695,17.73213064615905,14.937421473697842,0.08420414581653365
1983.8859194059457,0.031893141446051806,19.487736536244313,9.360142402104128,0.46624532785975686
0.5187528658343783,0.034945884372788005,9.64816652643691,7.91925903154065,0.1454480705103684
3097.474820686301,0.030790061199124266,23.850885955606916,9.539104588067364,0.06774146583019125
526.2821385587692,0.03374314871304793,15.301106472267907,9.202496515244945,0.22323169226395426
220.05707635641974,0.036413554204836246,4.600137049224829,10.417528318835883,0.2050325504262932
222.87560458981153,0.02826240192695333,9.64816652643691,7.91925903154065,0.1454480705103684
1.2477751289828187,0.03786059759422952,11.270270483438123,2.319620506073443,0.1516807036795777
445.0140703340139,0.0345056681045412,15.480360613206336,9.243187843114267,0.18419411185398812
136.4633063099199,0.040601922960392375,17.340231068703087,5.9310669911876035,0.2504814387400697
5.055868895512941,0.03598555983114332,10.040362478515245,19.051617935610658,0.1612433623171486
766.3916344112588,0.026511954411016864,10.313804896920384,15.193286500661003,0.22251691254193706
205.7868987153894,0.047933345022084434,8.800394729313378,8.36548417247614,0.14834882959401977
7.833356451617524,0.04460691041376555,15.84127045563174,18.36848683036026,0.44271181358741474
6.520292178076567,0.03887125675923841,11.896041355259703,13.818818164854008,0.24977279275328285
4.841463188827298,0.04341331390365931,15.618442885764917,17.91052241716305,0.07800655066612844
8.730973901116663,0.04042337231426364,13.084085062138227,2.1470549102127325,0.4214732330544731
248.2624111659748,0.02949673567447965,10.49593832356044,7.473033890605161,0.11794939101560287
1.2715377111196375,0.03580171706513374,9.919918590196284,5.440919473623415,0.1630200971569803
17.389094075511437,0.03456407405180853,10.002803177227714,8.801659678965581,0.10277440872307239
1.6132980656075242,0.03585452398471568,10.470350471253774,11.108833306774226,0.1422290960534789
3.6078419661368684,0.03447186200142176,9.021777811886729,11.152656996117758,0.1705497056510526
8.277640056492933,0.04619428714741394,17.05929845399388,5.889568920645348,0.4724790210335288
1.367841766275346,0.041572631898284036,13.895131982051938,15.280425108096853,0.14243727499713538
3.227741605208295,0.032945032859131175,8.136456087475256,11.427985255384922,0.22323169226395426
5.477782258116758,0.037972306191071496,11.750338601351393,8.33777935898711,0.10863844558548794
2.509941890882757,0.03765163007137237,11.053628393192815,5.2268327085381205,0.12400353010711515
3.6237082404862644,0.030244067273862734,6.54736661442773,14.499826722444565,0.3502082528956417
0.6985909808973207,0.03792415770301494,11.3916647735808,9.243187843114267,0.13725614701725164
0.8189806572462385,0.03679398877508705,10.860407923953932,8.849338136452538,0.13602277152508857
9.681177708362629,0.029376835721240373,5.930985642177703,5.432538813140198,0.1976002438427692
1.1180317228224834,0.03405029661452181,8.837792571400044,7.256864439108493,0.1486208070716172
270.11029462807033,0.03808552299839882,18.72301880627107,6.584482415078123,0.08581404347995311
13.770434113784136,0.044620724297693204,16.481711127441365,5.998294672339325,0.29014520607578753
40.53781206931042,0.036994355997280674,12.314702807494626,17.116228192280705,0.2310249770147999
290.42260896468014,0.03335834970946314,13.199916746383524,17.91052241716305,0.34663130006004667
17.622777826857387,0.03503303089470021,10.855318088841312,5.907001327210449,0.1803757330337962
5.82247389700954,0.038709444499419425,11.719058032762986,14.394003356585731,0.4747845548785472
76.31537367490877,0.03970209348033801,8.526807760879496,5.440919473623415,0.1763526163834907
1.4092555945400171,0.035166332837858395,9.573863356927998,5.907001327210449,0.1297642799604484
1.6653466287940655,0.03980149379302349,12.912640118394082,13.098405572943634,0.1414566482380863
8.510300733370103,0.03878155153728545,12.02893830102571,18.278678489554025,0.23482583909435462
6.789770277722112,0.029474968960247313,5.95172183969609,11.777601886749594,0.3817925606720414
1.4868328663805626,0.03375721297825251,8.697549173686692,15.280425108096853,0.14243727499713538
64.57911603890237,0.032945032859131175,11.081784505318078,5.3673676353872235,0.16503959271409663
0.8448841180880475,0.03375721297825251,8.697549173686692,5.9044846166162905,0.1508244098598873
3.0028616509432755,0.03078784973786855,6.9972994338357815,15.623947736928809,0.20597244659522773
143.8755510286398,0.03151853120781283,11.270270483438123,4.996147337803592,0.1623473436756504
0.6718351586684537,0.03792415770301494,11.3916647735808,8.706005080031279,0.1374752898153176
0.7414111613167802,0.03725560686301843,10.860407923953932,5.266230253997994,0.1530172872277385
0.43486681073291805,0.034697967403688926,9.529535822451432,6.77529237775264,0.14731207947149724
11.12363299337835,0.03890976699705597,12.283089318364592,7.256864439108493,0.07477146394436013
1.8139790047385023,0.0314211010729887,7.369236926578354,5.549476566030702,0.15673997825286873
4.756251275923713,0.02909245771908745,5.93706366321733,18.36848683036026,0.29014520607578753
1.2710922210506586,0.04160310622286044,13.69415109231119,18.958919516851992,0.14099307543304218
11.261820146374381,0.03335834970946314,9.049302079136215,20.410777073906658,0.41136489667746673
0.8225524803833683,0.03464420244524134,9.426849419139401,9.435154008110572,0.12484906003330554
8.240798243060102,0.03628024003092784,10.504138363937479,15.098446974109942,0.4747845548785472
0.6912547562100196,0.033940397293607524,8.844047347806711,6.214978394366322,0.1499958704945207
36.34126227974289,0.035166332837858395,7.225368002412708,11.987468818989642,0.20670585083742493
753.8291414616143,0.028536426227048124,11.904228194922052,15.398860232496409,0.4156420184203612
73.16467461485207,0.03780897729281456,7.727775455922506,8.284354501507288,0.14160687171525602
9.052948730299907,0.036780815096857676,11.689834718324509,4.120494532381542,0.13788418069012578
1.4583316512136903,0.03834424549592283,11.833703642490157,15.280425108096853,0.14243727499713538
3.587823431809291,0.03369151325154232,8.136456087475256,13.603230401897438,0.22323169226395426
73.32564593766338,0.03375721297825251,11.363406615917429,14.894816755289972,0.1508244098598873
2.9013969012002736,0.035626011756371194,9.529535822451432,5.748364065144778,0.16329493144857887
6.81969144381071,0.03786059759422952,12.321090870399464,13.501923202676135,0.14292747057815258
1.0432734933211516,0.034571248170990235,9.572247122909996,7.931987899326566,0.1563275103734922
0.6214308525296954,0.03725560686301843,10.860407923953932,7.4011388127305295,0.1414794897302594
102.047899651557,0.030293252698152917,9.64816652643691,12.63281670353228,0.15248710884614008
63.237283987082165,0.03405029661452181,11.535551029371046,17.658345676926096,0.05229576448891393
150.29816476333994,0.047933345022084434,10.2501931865373,5.748364065144778,0.16329493144857887
7.76201679090476,0.037687764105621364,11.544726804485244,2.4411990287439043,0.29014520607578753
955.4047177414939,0.029687496263265285,13.69415109231119,11.953511665737752,0.23888100466142886
0.7910180560109987,0.036486252869601256,10.677254683392341,8.261128133617134,0.1378471698458033
1.0030665921323805,0.03442873936247033,9.50405525875369,7.274407559383504,0.15739898884907297
11.57007325935132,0.03973811117070533,12.595195072408327,6.167160088517739,0.06771925720325347
1.588071039816211,0.0455281756414105,16.879219225918966,10.10509451898978,0.1499958704945207
20.477167551490126,0.035166332837858395,11.20054197738736,6.853502106175797,0.1297642799604484
0.4790046270714814,0.033065224964513175,8.389362157095125,7.979253529424844,0.1429588463621781
4.4041454892770115,0.033690337251279054,8.728759119161982,9.449775374257069,0.19095255152817742
45.69351753621693,0.04233689539542363,10.827562628704252,6.2101610774589115,0.1608203285145517
1.3215782821827466,0.03560560273125861,10.125909173197805,15.280425108096853,0.14243727499713538
4.425977897817502,0.03888503649952223,12.290864732268856,11.427985255384922,0.1572870532586354
5.2230527783571805,0.029721092591017937,6.334835209039042,5.9044846166162905,0.1945848714126335
6.561578368760188,0.034697967403688926,9.529535822451432,22.111406506128745,0.09837859892618739
41.73533126420832,0.03786059759422952,8.674226775628782,5.668010091704277,0.1543655688805483
3.5523684538259763,0.031485618920105776,7.499578201175277,9.776199925568253,0.20823588303034365
2.899774372568977,0.03725560686301843,10.57305086591106,2.3633483638396644,0.1414794897302594
2.046606105633543,0.035722163760855935,9.64816652643691,2.347531016893079,0.15762117784063492
0.5408437910359808,0.03660398484621987,10.521335284251483,7.24168892831508,0.14296548646700835
1.522764555981051,0.047933345022084434,18.72301880627107,3.8996478344768466,0.15819994860558823
1.7118684315758963,0.03701637044948577,11.017483330634295,18.36848683036026,0.13504140137078038
1.3551852401562434,0.0353589743291393,10.073028762241847,9.406436270786877,0.12795459354254343
1.798820759362906,0.037717444378213026,11.637500768476835,9.350535729794277,0.13242392416546783
661.5165598838267,0.03464420244524134,1.828634217023966,6.422976880999682,0.14329532800272973
229.2104223573718,0.02949673567447965,10.472808825028455,2.830566795137802,0.14361428294602288
3.8820828213232192,0.03320688238346323,8.402971069860238,9.39008366872925,0.20527839652403057
52.29394129172317,0.035166332837858395,11.955399449227793,4.74680408808277,0.08340424512855404
0.27717961576658534,0.034133407047659006,9.018692519435891,6.357732263197524,0.1429588463621781
2.316945213062655,0.044697818245103105,16.48992538596335,8.256217890618847,0.13084634846462354
9.279628041474139,0.04787283340405249,18.482480157460998,6.416731647424783,0.29064859133804305
95.20981865087225,0.04441746893494136,10.125909173197805,7.918446311040386,0.14243727499713538
9.899709507715375,0.0341734740509359,8.136456087475256,4.375536280222633,0.15969885508581935
177.67293033417974,0.025602745218328383,3.0227861375736236,6.215476831883912,0.13513274460940286
7.123375735079806,0.032572872644032864,9.018692519435891,11.818588450649958,0.15080239836779352
253.53223244415375,0.030784199867390512,11.270270483438123,2.319620506073443,0.38775349704542056
2.7389909930505105,0.04375595992025539,15.91445096162493,8.275921932488842,0.15696610263184638
1.888554527419658,0.031748102415596224,7.436420009903494,6.414268838430623,0.1414794897302594
1.0875297427876605,0.03274504559341901,8.076256607742103,7.242600695066586,0.13316211419730187
181.35435874276368,0.02572769650864196,3.0678526968051294,3.0930446159585188,0.1499081433443388
0.5985694580441964,0.033629517358117283,8.618281910383635,5.374248855522675,0.14597682933563988
1.9726105752686762,0.03686640655280465,11.017483330634295,18.36848683036026,0.1395691818491087
231.21859746259574,0.033354886365902135,13.69415109231119,6.697450139256981,0.1529036487168352
11.746898504874547,0.034745774757975675,10.677254683392341,7.534661812064184,0.14483498548009163
17.529876118297555,0.03464420244524134,10.845581926227519,18.898844638102304,0.12484906003330554
5.42806784358306,0.034367718613522495,9.18885291617245,6.9913937904475665,0.4747845548785472
1.9167182499558622,0.033225198975079376,8.26133878912755,6.214978394366322,0.15209309363283732
2.720521990739331,0.035166332837858395,9.27512433759477,13.975692680112687,0.14084412640189403
8.949524256261272,0.03677016180590386,9.529535822451432,6.77529237775264,0.14731207947149724
2.4922222664957836,0.032740267613716754,7.942131346150644,6.658832782080288,0.13084634846462354
15.51767976088863,0.036780815096857676,9.108104999422709,7.219944929067991,0.14155393466282082
0.6757751860215471,0.03188866942419526,7.704610271817337,5.7647583285238415,0.14896796601152956
4.798602083178935,0.03282132235269712,8.330054212882184,6.652060959448493,0.22323169226395426
1.2600298061701636,0.03375721297825251,8.697549173686692,12.09800598511628,0.1508244098598873
0.31497716125646946,0.034797931377553604,9.546749745423451,7.654739655910731,0.1389787627155034
6.061513224669477,0.03129387692087777,6.972120410930307,3.488239917974621,0.1510395429996741
75.2706962703415,0.03310670230435679,11.3916647735808,6.805748562453299,0.1560739452773256
22.974140579187697,0.03587578411740799,10.860407923953932,23.162056830871002,0.06749647791009691
7.404782073203272,0.0367601355333918,9.64816652643691,7.91925903154065,0.1454480705103684
35.667115805909965,0.03310670230435679,10.521335284251483,6.805748562453299,0.1560739452773256
3.910889735585348,0.033629517358117283,8.618281910383635,9.867137339218907,0.11713993940010298
38.08584631370167,0.03701637044948577,8.308585137841838,5.915534696438115,0.14332848665469644
86.95166275510525,0.03599069684351844,13.69415109231119,6.496617015722521,0.14099307543304218
19.89412177168819,0.03432525435350467,10.677254683392341,6.49962636211962,0.1359642044198816
20.926057635072592,0.03464420244524134,10.831494434396422,7.686882936568074,0.12484906003330554
6.937484809581395,0.03273277395526672,9.18885291617245,6.355230710105271,0.16389213650506518
3.2344319125774925,0.03418471645324875,8.764327079896212,18.40604467933857,0.163667721603552
1.248093889353305,0.034660331865433436,9.35687205686731,16.404216932923827,0.14016997631047978
0.5730730191500585,0.0356644983004064,10.041582742574114,6.77529237775264,0.13540372397127368
7.589129169635939,0.03008659007855729,6.155016963844126,16.64326760935117,0.23061798977048212
28.28840001388078,0.03390050668021231,10.827562628704252,5.727887116674304,0.1575690189156828
1.454734139461394,0.03684601063224747,10.986474771018525,8.700182321211981,0.13005976493362795
1.184940278202358,0.03220146018986807,8.136456087475256,15.465076713523722,0.14018017284575504
86.6464764933213,0.040750534159341587,8.697549173686692,17.330903707127963,0.13853068257666934
3.4003235163734784,0.03105880239178692,6.9791784216245585,6.357732263197524,0.1429588463621781
4.285018206997188,0.03661817470679491,11.270270483438123,6.965747194913595,0.13729243771135322
41.53528537989843,0.03441082364469799,11.3916647735808,13.463896011995589,0.14808655805817847
0.5717518910277148,0.037103516381709375,10.860407923953932,7.4011388127305295,0.1414794897302594
8.055617874399045,0.034071657881980064,9.64816652643691,11.812436632000704,0.15675952214773528
154.48721787437563,0.030375049929048718,10.521335284251483,3.302179698664487,0.16156276367907496
13.720195247092487,0.03574426522274421,8.618281910383635,5.374248855522675,0.14054699565369508
5.547677410676399,0.03758851671881422,11.017483330634295,18.36848683036026,0.25680476349190706
0.5272792366841339,0.03381990010936235,8.986783046388986,3.170559505440133,0.15858995559644984
0.6394414433835393,0.037009960181660105,10.807024943324024,8.261128133617134,0.1419669980243906
31.203504441854054,0.03464420244524134,11.349536327403486,18.981740763385567,0.13233498863008925
0.4758476147507374,0.03402150833684269,9.149372425984978,6.9913937904475665,0.13651877560770542
1.64377033801183,0.032229462411861226,7.955390547341349,8.48870153325586,0.12535858986888
16.023831603584757,0.034660331865433436,10.807024943324024,7.280601913419132,0.1419669980243906
0.5602422415780012,0.03130173930736213,7.442805254555478,6.77529237775264,0.14731207947149724
7.084116649088983,0.03780897729281456,10.12566496064971,6.795124740475264,0.13084634846462354
4.205224403191629,0.036780815096857676,9.86422473860359,4.120494532381542,0.1376250753990128
2.8122935366370556,0.029684526291191476,6.40426049832223,17.379086663751416,0.12606544014472165
3.034841478435842,0.03373277106030332,8.536680633320145,16.43469907204227,0.15065715986118458
1.102332417549457,0.03601030922552367,9.875792430782235,5.9044846166162905,0.14565835041609013
5.638249479220553,0.034133407047659006,9.611685620318864,2.4605291144697503,0.1429588463621781
0.71026928917861,0.03659664739613469,10.599596385661686,8.40436891870827,0.12992158372760707
32.00509314340364,0.034691978007713106,11.3916647735808,7.908835234943453,0.1374752898153176
61.727374801271104,0.032820553622711544,10.860407923953932,6.8942197951144175,0.1414794897302594
0.4484929448517236,0.035782567500499844,10.046446244597984,4.255712210923647,0.15108010215731493
0.4958343555132083,0.035038684671321416,9.465338211170456,9.988455083723903,0.12704900163800373
0.6276714965041794,0.03663921750028162,10.680901589082023,6.298339454719192,0.14770738891651272
1.8687963976542852,0.03701637044948577,11.017483330634295,21.739862022732037,0.13483628438557252
1.2131851003310214,0.03603807643608059,10.07245254460989,6.853265946962342,0.15858995559644984
0.8094075230623791,0.032756548667245325,8.458434788089663,13.681789794084882,0.13518695769625258
0.45552355333871586,0.034314839906652225,9.0024311583037,9.636209708887769,0.1306054534939886
0.32070852635338165,0.032579403145136486,8.179670710232704,6.9913937904475665,0.13651877560770542
0.9115127994639328,0.0332281294239966,8.572046827701325,2.727009442671145,0.15886869108635243
0.4043717413371124,0.035910748966495334,10.059158647449191,6.827238106489175,0.13820093606724781
21.72627338500776,0.034697967403688926,11.098983224814479,7.363084537027678,0.14731207947149724
0.7539166965693592,0.03453237762592641,9.335730267089097,7.136436316922638,0.13084634846462354
1.1349662231716116,0.03300269767606326,8.637191704515953,14.347463962937194,0.13836916048491754
18.59450305648843,0.03420240759221178,7.704610271817337,5.7647583285238415,0.14805640618336446
8.578881048246751,0.03472239977499667,8.136456087475256,15.524629314755405,0.16198622927868794
9.112553885185278,0.03375721297825251,9.857714328639076,7.216936194932954,0.13701268268488573
1.4903543136028972,0.034133407047659006,8.779266393984603,3.4271803605841953,0.1588369455205685
0.3839595069157178,0.035031282632533224,9.461686194763132,9.958768333003176,0.12992158372760707
64.39238231229047,0.03471758385234514,11.3916647735808,15.896354149337812,0.16183065111934272
0.36547633904472254,0.03303259018940098,8.356360764243256,7.4011388127305295,0.1414794897302594
0.6855612806066912,0.03220792756589059,8.011916075707148,4.027430620811678,0.14813967097762673
0.40463115250949133,0.03344275549253381,8.549492889322622,8.816946604148802,0.1364570084316215
7.080038616140073,0.03498909553949258,8.618281910383635,5.374248855522675,0.1385527527098737
17.68444923007594,0.03701637044948577,9.157448553481874,6.679508124212724,0.14685453263346296
1.5597475307250306,0.03596389411682236,9.960491591425704,15.36852133611944,0.13562892357246534
0.42045208234795517,0.0329129715193757,8.355199818072958,3.960825755590262,0.1527837958514227
1.29520220287824,0.0345982936741631,9.404814829884113,7.0813601300299736,0.1279205820658411
0.44022893432028765,0.033421189175441096,8.522705439564051,6.978334318730739,0.1383992252574763
0.39793330524939885,0.03542850520823803,9.825795282961913,4.707000038500615,0.1499958704945207
14.09102265922488,0.03374161317748275,10.059158647449191,4.141333612433883,0.14368507109538417
2.019913501912463,0.029639329464086286,6.462352549959908,6.77529237775264,0.14508301143736319
0.2562701902244079,0.0345220870090074,9.335730267089097,11.435256206369937,0.13084634846462354
36.5524164409321,0.036780815096857676,8.21418202776561,12.313651482260195,0.12683870977009915
0.31115662336827243,0.03381697853008631,8.987843987693928,8.607335380260903,0.14108460928874972
0.7014184067298292,0.037498992132161596,11.199243302557655,13.2793725871504,0.12654007008823107
0.38562899297542236,0.03507581402355369,9.608927990063384,13.656043791864132,0.12280616490455015
3.0069803657267817,0.0345220870090074,9.89849957259718,9.93931424014733,0.13489138798205708
0.16790863073542472,0.033663854627634826,8.889472103720134,13.512413310805652,0.12610057972908306
46.082199590632925,0.03792415770301494,8.470754631528763,12.118010031263196,0.12908858491064856
0.9858024622989165,0.03595100225001705,10.366460981043266,15.286768720169656,0.12157301179813979
0.8718371968920204,0.035155564417855396,9.778689171159986,16.97621712021682,0.11503826762430289
0.44773183891402396,0.03344275549253381,8.795374297041413,13.294200077976775,0.12345870879239401
1.2285715469852327,0.03166770524217384,7.573412314116685,15.259548615068447,0.11753196269333738
37.1762027974235,0.03391391880409562,11.017483330634295,18.36848683036026,0.13507859449885948
4.596022065114186,0.03288220368436978,8.333472897596614,16.377843491547694,0.15858995559644984
0.7648726271546108,0.033113128981926865,8.548600669815627,17.10032496027369,0.114804213256705
0.8632011396120177,0.031603132583741686,7.514958934396334,9.302471733530094,0.1306054534939886
0.2117426401258426,0.03292431076847684,8.50420410285711,15.966452949668055,0.12218383089843216
55.36873539262588,0.031476541063363506,9.825795282961913,13.45986591425844,0.12802275383194728
0.7481988996169457,0.03536771828881825,9.970373977846712,18.710798399636555,0.12288221741905486
4.593905092323441,0.034697967403688926,10.067171812879085,16.000546875264416,0.11835476038692716
2.668385604125322,0.034133407047659006,8.544783491389948,6.357732263197524,0.13791184654481295
0.31138390979778946,0.033851683348948905,9.004966644238444,8.746523154854149,0.1405806911002847
0.08443651299234807,0.03307760514971653,8.536741635634062,14.068088435447393,0.12531273564165718
0.2516824205982346,0.03306067871234015,8.52705780433556,11.098561075979784,0.13490372421470342
0.6800722628010567,0.035464214408584424,9.608927990063384,14.009005573384144,0.12585503014331514
0.4810280737054107,0.0344738898452323,9.354134684968491,14.436933516124148,0.12157490823937678
11.544197406851168,0.03692043403028055,9.335730267089097,15.09319496076905,0.12216702518506739
10.390189432488148,0.02986287181946861,6.5623025678824884,12.181044018064387,0.11521179294639372
0.4239085300937306,0.03303259018940098,8.356360764243256,14.436933516124148,0.12157490823937678
0.3261728087281169,0.0335244863529892,8.608407544026317,9.571053024831935,0.13401179745319863
22.171933344471206,0.03083993852797571,8.549492889322622,17.956852450009144,0.11378863080147875
0.7906378045639606,0.033629517358117283,8.618281910383635,16.077253884925707,0.11580885980390007
0.2992706453147794,0.033399832138978625,8.688466763817228,15.180350926979486,0.12136706053183152
0.25690856708838317,0.03395925165953112,9.04523362246356,11.125931731537685,0.13275969029043444
0.5159866839724307,0.0329129715193757,8.193569868029865,12.846571450703092,0.12629639446947463
0.3261728087281169,0.0335244863529892,8.608407544026317,9.571053024831935,0.13401179745319863
0.33924011258070796,0.03292431076847684,8.50420410285711,17.688160117398027,0.11953495141086731
0.9894807074206036,0.03233724763974986,8.07305102796117,4.707000038500615,0.14114473757368481
13.221462906027883,0.035910748966495334,8.785384811424375,9.013655657715649,0.13820093606724781
2.910623189661399,0.034697967403688926,8.85906263976563,11.54369481500615,0.1323415618507517
0.3155143253114129,0.03423185477504178,9.1499530210797,9.025358058381334,0.13885352617445162
5.363927434634582,0.033851683348948905,8.137268933461318,16.379454826990074,0.11946238760558786
0.28334001941861464,0.03311132585422146,8.427563377935398,9.068980513002884,0.1371674401784197
10.01750969565375,0.03366750098296733,8.956467411401398,11.098561075979784,0.10435032773133451
0.3299036696155326,0.03081651570534422,7.199018939354115,13.656043791864132,0.1278883764086782
0.2885657807167446,0.03275232252240553,8.242580491430878,7.1776921780409335,0.14312721413136978
0.2885657807167446,0.03275232252240553,8.242580491430878,7.1776921780409335,0.14312721413136978
56.44047674503498,0.03792415770301494,8.121150528484893,16.246324616977063,0.11955376685599944
0.7044816384666592,0.03486097135942985,9.717001935729355,15.732196411025225,0.12466999828663083
0.9710044232198234,0.03350475002483407,8.74344200961328,15.94607816421693,0.11486543444451247
0.2109411747193472,0.033493508738675695,8.651197939916788,7.730867288966867,0.1364570084316215
3.515265091790693,0.03216654735102743,7.930420723445232,5.374248855522675,0.13028234822843462
0.7894327377680812,0.033763240847599234,8.688466763817228,9.354539948219399,0.13883624696971053
7.475002920926165,0.029180619367762107,6.071486168079145,11.125931731537685,0.1222449654794594
2.8662667763024454,0.03411700982478232,9.352626168545328,3.960825755590262,0.13709339055830008
2.1341362780421385,0.032548880046343494,8.608407544026317,15.863395565553603,0.13401179745319863
2.492579955460195,0.03292431076847684,8.887991775084195,15.966452949668055,0.12218383089843216
0.5500677722425691,0.033462696235683896,8.923658039480202,15.445314080417567,0.12420368830094006
0.8775375811724264,0.036090971392100435,10.357774822665355,11.650668590062212,0.13820093606724781
1.8365253780225699,0.03266170156075736,8.422285331351336,20.40530958192792,0.11038061454647954
0.2714869012838951,0.033473427827554976,8.600219337452364,10.084862948386528,0.1330178839354545
10.151509241805883,0.033851683348948905,7.925547818904465,7.721633463463993,0.14304898193356927
0.8341277325387473,0.031057016238423808,7.260492636294484,12.781110840560464,0.13220019224878346
0.8109827839991219,0.03266507580463058,8.52705780433556,11.060927943461987,0.12858761575911956
1.8052722090781435,0.03128071863747931,7.529358875443991,23.344803956842668,0.1278883764086782
4.993663816145132,0.031824353672403084,7.834135252965844,20.538200683844273,0.10762674230781549
11.973697080515691,0.03273201307221814,9.335730267089097,16.572783215168783,0.11827472133969452
0.30532501348221086,0.03253295120441782,8.222611013330905,15.885661849091894,0.12071223738667056
3.4128676753590366,0.03437973574767891,9.343044661544912,7.4011388127305295,0.12178864386144364
1.847750240472611,0.033520265006828705,8.699265615391642,9.571053024831935,0.1211076022610271
1.8462351547927924,0.032805269291542226,8.651197939916788,7.730867288966867,0.13054005399249155
1.4254981784171041,0.03243876226076763,8.14133006674703,18.230073375322565,0.11220892715174666
1.6098123614868585,0.032801535763933465,8.688466763817228,16.84621782321619,0.11993872430796543
1.5776509094559092,0.03395925165953112,8.593097066878135,10.531785393030502,0.1321533575050542
4.8158343939378065,0.03362225909501523,8.850872257937219,3.960825755590262,0.1299132338966438
0.05017814873950066,0.0325420729201248,8.248950361446603,14.503807708551054,0.12490820615561651
0.27670966161861676,0.031061950724796818,7.341179163955523,16.168163316191507,0.12218383089843216
0.6800625015248558,0.032496607779965034,8.303466892048181,17.651642583263403,0.11771068780543756
0.14026407042057032,0.03281814230590786,8.293223343094844,11.72567832078226,0.13028221748930824
0.9702607991607307,0.032211237672171406,8.071161813356388,14.772981599103291,0.14731207947149724
0.5398370506934893,0.03224130548745718,8.043068349986658,7.572732066613349,0.1330178839354545
0.5560091528300976,0.03216429796947443,8.092526459820075,11.037982820459035,0.1405806911002847
0.05743301136951487,0.032343011052324476,8.155219269964949,13.512413310805652,0.12610057972908306
0.30684494608359003,0.03268396534456935,8.205592329744242,8.445901141956721,0.14011136016651604
0.22968125314139312,0.032600655475230354,8.287237510816293,9.7069219530752,0.13880898531590719
0.4386426226973229,0.033376683649080585,8.589168952204123,12.656654888272536,0.12270965324412683
25.611974803012874,0.03219536874939134,8.149631761093517,11.435256206369937,0.09885099475414469
0.3288672729399359,0.03249434504044205,8.222611013330905,15.885661849091894,0.12071223738667056
0.41396613341358846,0.034743410942329016,9.533617603699415,7.4011388127305295,0.14473603900011797
0.16369316414477314,0.0333331522393678,8.608407544026317,9.571053024831935,0.13120049312526164
0.8924388648096033,0.03241094777817277,8.256604435567535,14.023514593881972,0.1364570084316215
0.32657160950725705,0.033629517358117283,8.93648249944908,15.766112218783167,0.12287832411736319
0.20337988715028232,0.03328147880393143,8.695684289154514,12.305197741771785,0.13021485357979642
0.18004075118423357,0.032108960752426544,7.872742716451353,13.962091453262131,0.1249711757878336
0.3925683171653044,0.03297518508782305,8.625158006441854,15.045523963839978,0.1248452365233994
1.3375731892226197,0.03429927341364631,9.4046158015115,14.068088435447393,0.14082717750833904
1.010203568507005,0.03292431076847684,8.1419602618838,20.427639739145338,0.11449089569967091
0.358284980782683,0.032946932348657754,8.600617258666215,15.010186771297871,0.12484934415354018
4.872827228447353,0.03277472605195128,8.293223343094844,11.72567832078226,0.11437838387252289
24.96917058755479,0.032096235589629894,9.529535822451432,10.427128498235291,0.1375240695230518
6.476702452934694,0.03207502634646678,8.123925363860932,22.43486899951226,0.10549564159824618
21.927321431235008,0.03185089990329925,9.004966644238444,8.746523154854149,0.11994772154259556
0.7317985660707558,0.03235149833623115,8.155219269964949,13.512413310805652,0.120325862792733
2.266839712419321,0.034014477214442534,8.52705780433556,11.16207673559428,0.1305140143489028
1.006925364808006,0.03233439924389086,8.184933569052292,21.065495485788517,0.13880898531590719
0.6806779823579343,0.032219950932428076,8.248950361446603,15.715150094750486,0.12207320539110664
17.530786017259064,0.0345220870090074,7.924945269619201,16.09840525307587,0.13084634846462354
1.2822888819797478,0.032208721493008546,8.222611013330905,17.388660361474134,0.11552666647172058
0.5587694308214114,0.03303867951433606,8.356360764243256,14.41169343717475,0.11974992071482171
0.2267223947910425,0.03282190205030794,8.298551262866551,13.816556652506847,0.12362967392973417
0.18547010533829555,0.0331734982194918,8.487098157268903,7.730867288966867,0.1364570084316215
0.1771257161474025,0.032853952213282016,8.41153993865462,15.447289235067558,0.12226057887598168
5.150341039126587,0.03328147880393143,8.023948351903643,18.423489022859634,0.13021485357979642
0.5278726542180464,0.032108960752426544,8.155388538241798,15.715150094750486,0.12207320539110664
3.8374298518601173,0.032367399221016405,8.625158006441854,17.083794672300034,0.11629236192897369
0.20810676104425815,0.03295150994814618,8.550914259536917,15.519244518010453,0.12405991320997053
0.1852340717625532,0.03292431076847684,8.36467684635743,17.010527693417202,0.12045007244514544
0.7382406091965326,0.032758713677609255,8.600617258666215,9.272349755746935,0.1345328773852406
2.3435409187500875,0.032252225190398415,8.293223343094844,11.72567832078226,0.11951549254447344
0.30361103603962303,0.03233830260564574,8.078071664067819,13.03268352157772,0.1318769980272476
1.0086880750535148,0.032572591452390505,8.371242137448824,19.023760980719025,0.11394772539930112
1.2748909424917068,0.033551898463237306,8.9129278383374,17.23879494342678,0.1405806911002847
0.2911475148144335,0.03359081706790655,8.73069292684422,13.512413310805652,0.12897674530625863
0.5995781748291966,0.0326956764730523,8.52705780433556,9.568689584783076,0.13277778716417382
0.1277524522219961,0.032600655475230354,8.287237510816293,10.495705897434533,0.1347072648417638
0.13371050415975244,0.0325420729201248,8.309572567370306,15.173981086376855,0.12458766791640535
12.074156709250905,0.0345220870090074,8.13178830779265,13.49513937499201,0.12968632057064744
0.09780328090361967,0.033392689218799204,8.687794420759285,13.907337005005015,0.125341187204239
1.225278047379954,0.03284770370463601,8.308722910624613,13.747644737550457,0.1414794897302594
0.5032519550455753,0.03276398541954346,8.302046222573665,18.970659999184413,0.11513283938286673
0.15251397366367922,0.03199901927222593,7.974310684915284,7.730867288966867,0.1364570084316215
0.20327525359280801,0.032853952213282016,8.41153993865462,15.24665734330324,0.12226057887598168
0.41345416116028155,0.03314048455796679,8.463544656274138,12.305197741771785,0.1237498912841716
0.283109522811804,0.03331643839998161,8.693204066305654,12.808838893775016,0.1249711757878336
1.5766962662107646,0.03389965885959983,8.625158006441854,15.045523963839978,0.12897966127837232
0.12447099778734491,0.03307760514971653,8.476539566146954,16.780041898776478,0.12118036959427328
0.4224538825099926,0.03261745370075836,8.179310833797842,18.776212818525956,0.117033007192174
0.14319306714054417,0.03269541934504703,8.334794227089816,13.558166147821698,0.12484934415354018
0.26550307701132475,0.03281814230590786,8.30899574315039,17.124666349108455,0.11964472060648412
0.08097983254733962,0.03216973112674686,8.060645154239062,9.859977781200058,0.1318769980272476
0.882118962573534,0.03222438875893917,7.973005192861079,10.084862948386528,0.12495439385543886
13.526215762821328,0.033851683348948905,7.804696656587555,16.19877652332709,0.1405806911002847
0.21654993803459474,0.034272000652977766,9.182400326708308,17.043701912764334,0.12106128752754228
1.2240243605143493,0.03236542041654662,8.158432769405046,16.57219681290028,0.13490372421470342
0.4501096552042024,0.03227999360898678,8.169603123655751,10.495705897434533,0.127964901396129
0.026897882065452506,0.03164018458258532,7.787232246649062,10.506816873126088,0.13210160912150515
26.887524428893848,0.0345220870090074,7.504287231046069,5.513273762123801,0.14128857213409898
0.04944968962390629,0.03233817195494372,8.151199279425885,14.607835093740242,0.12488979424070049
0.03687101950631559,0.03197396246225631,7.955707002758323,11.05005446092358,0.13040015987941603
0.1839935235083226,0.030606212542881574,7.158832561745861,14.114753131741496,0.1253738468425934
0.11331889260739267,0.03248384835896117,8.136407935106718,10.652347247853466,0.1328399128336609
2.0506142323211454,0.032853952213282016,7.955797925349764,9.235200195673325,0.13494586018216423
3.533916842294863,0.032393071545312735,8.695684289154514,10.319844434755332,0.13021485357979642
3.0137932767575832,0.032108960752426544,7.484228888039714,13.950571741933334,0.12222122747155587
0.43328246188592057,0.03297518508782305,8.625158006441854,11.638768896370514,0.12830072738692896
4.413612686595245,0.03307760514971653,7.837345714162001,14.722766146762696,0.12531273564165718
1.194768174376162,0.031476268172859125,7.706792175259937,17.010527693417202,0.14015625716866742
0.23764879963105084,0.030425051420658232,7.108222818320243,13.558166147821698,0.12551346219286272
0.13797313274685982,0.03126092678745804,7.5536887603233795,11.317652749655075,0.12862941659242255
0.05182523291479223,0.0322474970401814,8.060645154239062,9.725589118818275,0.13476408714402807
8.612555679337795,0.031578859855580975,8.600219337452364,8.52500102727711,0.13848098446999307
0.07881269333036553,0.03125594559814441,7.528163522007772,8.29638164868951,0.13697268590747816
0.2317071944352962,0.03154940776893689,7.792531096661986,13.512413310805652,0.13092551747907968
3.042173480943104,0.03306067871234015,7.964166472212644,10.001259440173774,0.1338245836918995
0.07881269333036553,0.03125594559814441,7.528163522007772,8.29638164868951,0.13697268590747816
0.19280067960317165,0.03164018458258532,7.787232246649062,8.012998459320615,0.13536664857260083
0.051403559248932765,0.0320355965224857,8.010170338998385,11.435256206369937,0.13084634846462354
0.5397340452463244,0.030686785130363672,7.178897022366193,6.764098872021345,0.13882685227060687
1.5993120364287692,0.030841928440829922,7.339917444384878,7.588908990426938,0.13040015987941603
5.728082405292392,0.03187726825811881,8.608407544026317,9.571053024831935,0.1365126299193435
3.572751044523331,0.031303401157195467,8.136407935106718,10.940044540061912,0.1328399128336609
7.175126444161543,0.031113171586426312,7.560439163309962,7.201453106788098,0.12226057887598168
0.022966391825633613,0.03180797694269166,7.865439451263765,12.266161624981565,0.12879841863041291
1.7549153183673663,0.031178423972569227,7.872742716451353,14.774363182520254,0.1242910092153143
18.95187692456108,0.030924569146701806,8.625158006441854,15.045523963839978,0.13233023977958758
0.03136984950799409,0.03172006298385012,7.82288033148696,11.218553698702415,0.13023401117721742
5.428588761914355,0.03292431076847684,7.73358763356744,17.010527693417202,0.1262862776685467
0.20429626157168834,0.030882789702025196,7.401553326032809,7.433756299545646,0.13796098773077858
0.051633671092044635,0.031205929887339667,7.561679349482713,12.351859183838005,0.13077459973015448
4.9509621957213525,0.0322474970401814,7.400770063906813,9.749234297486339,0.13282241976677778
24.262645582254656,0.030656067807412486,8.600219337452364,10.084862948386528,0.13199937199945846
0.06179169955514284,0.031885766377927775,7.860898704201386,12.551093481540166,0.12980624762300683
0.03527862156925092,0.032027251528440846,7.989069147068922,12.781025061431114,0.12810231734269178
0.08290934208170278,0.03306067871234015,8.52705780433556,11.098561075979784,0.13057942256814534
5.4842545156821245,0.03234488169076026,7.528163522007772,13.8722388826973,0.13697268590747816
1.7436584016556023,0.03263318034884057,7.865439451263765,11.21555100554193,0.12720552030663393
0.08316921820063315,0.03232044414064573,8.096457283777946,10.815562510810327,0.1331999458154007
12.44023564303438,0.030835165749911703,8.151199279425885,8.38407051597581,0.12488979424070049
1.5126475138422744,0.03273268825077821,7.955707002758323,9.483888900862041,0.13424752165749557
0.040502508906669815,0.032021972605104386,7.934984364784069,9.297428989606447,0.13527114913107963
0.3601612344926397,0.03248384835896117,8.136407935106718,5.94700490696195,0.1401193226955132
0.1131961632267751,0.031207407888334558,7.546437124307826,8.973056982337951,0.13399098411957677
0.03757125823111968,0.031009961731156308,7.450177582269866,11.849174075338961,0.13139487035893924
0.1503311646847898,0.031893670309784315,7.957557399509695,13.962091453262131,0.1249711757878336
4.294734640404876,0.03219216838131021,8.625158006441854,13.168254877903735,0.1248452365233994
0.9527477219325495,0.03172006298385012,7.500246565488812,15.67585389105161,0.1232702433990919
0.5011279923045922,0.030410946600804362,7.292134119035863,17.010527693417202,0.12668850425412995
0.2607167624506638,0.031809413002838585,7.850629750729271,8.983238810539328,0.13192353252058456
0.017300703362684793,0.031748091856081996,7.812521606882769,12.351859183838005,0.12836489142208118
2.958722880116185,0.0322474970401814,8.602438775475907,11.941878935347592,0.13476408714402807
1.249836986659811,0.033473427827554976,8.385750970166242,13.983496668353702,0.12724648378522546
0.5916934827768159,0.03212142739127821,7.860898704201386,14.49956946558457,0.12980624762300683
0.04612132414942967,0.03232920222104199,8.08021278434412,10.506993175807425,0.13131247110786876
0.06132497848519848,0.031518447416907326,7.738908726647993,11.098561075979784,0.13023446394090563
0.904088904988513,0.03112915507839775,7.35201228279924,11.926590496419742,0.13697268590747816
1.038298473587988,0.031230399430151257,7.812521606882769,11.749734920584064,0.12836489142208118
0.026763025719086196,0.03192309505011603,7.923460794772985,11.435256206369937,0.1299418052435965
0.04868604103447511,0.03233817195494372,8.151199279425885,14.43889453625356,0.12563788386851096
0.34852268499003514,0.03157744695155418,7.757064944844548,14.719192668173598,0.13040015987941603
1.0764151930473977,0.03243567691889255,8.17617487853201,9.297428989606447,0.1253051721490136
10.712864710155399,0.03248384835896117,7.190921665228785,9.386745523340364,0.1328399128336609
2.8930410894806053,0.031207407888334558,8.022466366664748,11.101485461648133,0.13149621694609642
0.019943512752141353,0.03164018458258532,7.741149171823831,11.037862901481377,0.13133021627394956
0.10565697146995373,0.031150488636851707,7.455414686685704,8.877184304151449,0.13523759990500206
0.09390735295852856,0.032697935694060015,8.230580455176462,12.630222397060889,0.1270119436255139
0.4785451471579688,0.03286338750124303,8.437494250230348,16.428658326778503,0.11897179877828692
1.5503467628125667,0.03292431076847684,8.026708149544387,14.09165660242483,0.1254540112684019
0.11339643738123112,0.03290294388050693,8.342591765665158,15.185409062361746,0.12484934415354018
0.44076908110070406,0.03119177668644497,7.481263476455515,10.218329967142433,0.12879841863041291
0.18685067341589548,0.03294928041471226,8.336870075967354,11.305582568425999,0.13074821878500384
0.1019296237642238,0.03306178299657875,8.429377458746142,17.165152400172246,0.12128200348078383
0.07384514912656881,0.03206161042084461,7.95551144489,12.612728556050646,0.12980624762300683
0.04586395947923359,0.03170399116064296,7.7419979668995245,12.27757760648975,0.1293307618727688
0.7689371761598399,0.032189394651752745,8.097231789527633,11.098561075979784,0.12448814081771428
0.652726738832344,0.031110069263899233,7.424898114183486,8.29638164868951,0.13211291100623324
0.05241932089764485,0.032573353058851125,8.181732985037552,15.595821494340655,0.12357778070916922
0.030765175047873947,0.03142828204833607,7.665199739710278,13.367167598420952,0.12674271265971748
0.023040201448658423,0.03183302721408374,7.85892814762384,13.410478831862648,0.1264573426730833
0.13524377520037587,0.031115575037079186,7.534618544896675,10.230679660897405,0.1312442112816138
0.0459360700582834,0.032380608675084806,8.090424668868863,14.473038706778604,0.12548557156254858
3.1357353856431565,0.03248384835896117,7.660468030050808,10.183291107948516,0.13296770037936614
0.0389954420384898,0.03233469044572408,8.136153894108304,12.80552304476975,0.12811169197810082
0.2623541206290232,0.031808496733504915,7.831797300707346,13.523937891539946,0.13133021627394956
0.02342907252552565,0.031894542932134846,7.878005591190036,10.718576851033529,0.13205784493046532
2.155066207164255,0.03173469683210211,8.230580455176462,11.739963360959905,0.12961672490908668
0.027671040201767225,0.03172006298385012,7.82288033148696,14.776802817702965,0.1253009451501746
0.23389313161561967,0.0315808735889232,7.704951088897326,17.010527693417202,0.12045007244514544
1.4198885986377712,0.03290294388050693,8.036068418422346,12.500707148711532,0.12764143546047066
0.07612719932615056,0.031119137371296884,7.517270008302277,9.860749390116712,0.1325971485634584
0.1076293658208466,0.03160772538651127,7.699830729182507,9.725589118818275,0.13196799189997135
0.039309442443554714,0.031705378821813,7.768817855076782,10.352551908747857,0.13158889766218032
0.07429024579767017,0.03216052896187004,8.058979691249622,12.551093481540166,0.12980624762300683
0.04218371105467327,0.032089566264419236,7.999591153257165,13.647069216158796,0.1257367996256281
0.03089346499749629,0.032199220561980754,8.02387662693701,12.145714054943204,0.12917216497625472
1.8242230123127021,0.03125594559814441,7.528163522007772,8.29638164868951,0.12687070525269048
0.04204552605910336,0.03198393225605786,7.963579574373574,13.413970184085462,0.12639812835129796
0.12187866508070973,0.031560768918805694,7.72290267676347,11.435256206369937,0.1283591794443777
0.1325802724786143,0.03187853555136547,7.85892814762384,13.556981117617164,0.12481390210663226
0.029165912310193547,0.03188074664077495,7.906745753743941,13.011552338577417,0.12736131584179636
0.019791365338240254,0.03177716736562363,7.8416569372797555,12.108792745991165,0.12891568346454174
0.07964593617086797,0.0317708362652177,7.850640771078306,11.671978062233908,0.1284474868588705
0.03178936612311338,0.03187300361413228,7.880770245911056,13.90873778483971,0.12704721671511138
0.038465659454487995,0.031551974391945035,7.678322204544715,11.037862901481377,0.13048926940346292
0.033180517727061626,0.03203466434633443,7.9459514159395255,10.899770074513288,0.1319283314878346
0.057935791863008415,0.03141777851152189,7.6347108490920546,12.733868437612333,0.1270119436255139
0.12463874884572858,0.03172006298385012,7.887849343388758,12.665566153873451,0.1279407559905294
5.2773493192908365,0.031524969766838114,8.36467684635743,17.010527693417202,0.12671074661664403
3.993070508645958,0.03168192233483243,8.342591765665158,12.082364763044888,0.12782226950722778
1.2396807256238256,0.03180797694269166,7.519025390020019,10.746767230376518,0.13138513923553596
0.08800715419681475,0.03173914477680999,7.779581268791949,9.65615727714246,0.13219614917048683
0.18287923349085478,0.03146294623262126,7.768817855076782,12.463224205334107,0.13158889766218032
2.139920140165108,0.031014342094606823,7.860898704201386,12.551093481540166,0.13132053455109458
0.25097961920641004,0.031828918591135666,7.989069147068922,12.753811092005218,0.12775341149904812
0.06391777111124618,0.032199220561980754,8.02387662693701,11.636009742969161,0.12834339948212578
0.13140865791624112,0.0314802916817212,7.69358251492412,13.899833358426608,0.12473000173842533
0.05186880209963679,0.031748091856081996,7.86447766816498,12.20636846904989,0.12883255338104285
0.03569665555993011,0.031751259919989464,7.783586549429073,12.061253711591212,0.1299079403699536
0.017644867511820764,0.03190862287239553,7.898894631903557,12.15035090127563,0.1288241134917958
0.03359604886343133,0.03188074664077495,7.906745753743941,11.927598934518535,0.1288782242472344
0.025250799110379613,0.03182062671814197,7.8189956087484065,12.108792745991165,0.1292224345174034
1.2016693431217595,0.0317708362652177,8.140522652911503,12.609739358966111,0.1284474868588705
0.05802702435976688,0.03161995395929337,7.749043116708625,14.46078100427885,0.12704721671511138
0.2346258468020048,0.0314472610055232,7.679983331183165,13.580267041418816,0.13133021627394956
1.2648793804229137,0.03239810927440604,7.878005591190036,13.15759384142587,0.13205784493046532
0.08416874492714597,0.03141777851152189,7.6347108490920546,11.647630318770942,0.1284504447473046
0.10890852491368481,0.03159626797549759,7.82288033148696,11.106221398463834,0.13086974971019763
0.2451217273043426,0.03204100630433213,7.998523713887172,17.010527693417202,0.12045007244514544
1.819921345708522,0.03079728699850054,7.351824391230675,9.652767693517832,0.12484934415354018
0.03203211448589757,0.03180797694269166,7.865439451263765,12.497349898626121,0.1278972294631195
0.26769376586281557,0.0322474970401814,7.917406937018626,11.092280985922903,0.1301328975674807
0.30501921871744664,0.031569540985002385,7.768817855076782,10.352551908747857,0.12924114743710177
0.04109369693460861,0.031885766377927775,7.927789356996904,11.72516330331476,0.1300728589950081
0.07543816271802085,0.03171647807520429,7.7855786847890975,13.91292652181909,0.12810231734269178
0.5851760557670854,0.032199220561980754,7.8297921324682385,11.75014720678044,0.13064346592736203
0.06292317330925493,0.03125594559814441,7.528163522007772,12.720129631066465,0.1272211921062058
0.043046267462391104,0.03209056103542142,7.996875964044459,11.955791638294592,0.13037073534920154
0.3313710246256787,0.03230128787681061,8.03585038825625,11.435256206369937,0.1263099096473406
2.032536554425074,0.031105516246652684,7.898894631903557,12.15035090127563,0.13166471197858048
1.0471251855955142,0.032476769574585944,7.906745753743941,13.011552338577417,0.12331273147189759
0.08591578254244202,0.031454897687699004,7.626341876226157,11.052609030399775,0.12957795782877804
0.46947359293937824,0.0317708362652177,7.760890058213304,9.98988048376474,0.1284474868588705
0.020162426013903924,0.03203308076154729,7.946039680643676,12.221632324224432,0.12887486563477651
0.06831585162366269,0.03101854392416853,7.477663477936506,11.037862901481377,0.13058574758812141
0.02799639388696081,0.03161055525334576,7.714829924784742,11.667888714463505,0.12940539950643645
0.1927448224456484,0.03238512310412503,8.106011920460123,15.173665036931347,0.1270119436255139
0.03294107138339373,0.03206357817947309,7.969267247886391,10.692780917481345,0.13240741800221215
0.27853049655205364,0.03122393861059996,7.543448613218724,14.252261927416452,0.12346767502360395
0.02312835523114655,0.03187648603441842,7.894694250231772,13.48757225291962,0.12661831044804206
0.14179570358393828,0.03160895744387576,7.767305313451929,14.282051906266899,0.12415649045065055
1.1582387977068997,0.03163999929491259,8.060645154239062,10.371391071712502,0.1315049314841626
0.1785429968166214,0.03151957785517506,7.768817855076782,13.615038517773353,0.12540132923240926
0.10616862995337983,0.03181389002047895,7.927789356996904,13.202013891348983,0.1272028424621262
0.029947378754707273,0.031422822978875053,7.608804935679197,13.014001859437009,0.12759021139225804
0.03143207873968159,0.032160403862786,8.046721408069537,12.145714054943204,0.12917216497625472
0.4729315854730267,0.031587407539863055,7.528163522007772,12.553559897753313,0.12790523081593003
2.4402345227418945,0.031748091856081996,8.225079294271232,16.272488352554152,0.12146602040488497
0.1712591141587741,0.031735957220353966,7.76784568624567,8.69576542691427,0.1335611030285352
0.1712591141587741,0.031735957220353966,7.76784568624567,8.69576542691427,0.1335611030285352
0.11963420818097069,0.031837835448627706,7.883699351652894,12.034837107286613,0.12736131584179636
0.2936129828271706,0.030369395301785083,7.1212472633441,8.806378176255897,0.13396038065395954
0.0681788056308057,0.031627500753268395,7.7449208810586745,11.671978062233908,0.1284474868588705
1.9862968293482788,0.03127563645824007,7.946039680643676,11.960375237511917,0.12776603498394729
0.830162730908738,0.0321113006156083,7.741149171823831,10.25239161973699,0.13329477534081582
0.06865981961788754,0.03088571574524303,7.434098447062284,10.718576851033529,0.13205784493046532
0.11385288303231002,0.03141777851152189,7.733117415082346,12.733868437612333,0.1291092031364547
0.0905638410682112,0.03147512891122948,7.665583104783654,14.776802817702965,0.12724684814328313
4.127027912529729,0.03292431076847684,7.788346149823926,11.342515034209008,0.13016648000261377
0.025004777850764555,0.03187648603441842,7.894694250231772,13.414899914932008,0.12661831044804206
0.39605363068480787,0.03180797694269166,7.658286679921197,11.783890784218539,0.1294039410131556
7.246006484970576,0.0322474970401814,7.297253443967961,9.725589118818275,0.13735597866950805
0.5184631005386171,0.03147929753682881,7.64417508560815,10.352551908747857,0.12772471461499343
0.05472347527273025,0.031537896278808764,7.69942677778369,12.61570944001412,0.1300728589950081
1.567175754795789,0.03205116550023386,7.608804935679197,9.636418793934858,0.1344823622660699
0.41374105708273934,0.032199220561980754,8.16450339678433,12.145714054943204,0.13477107500074043
1.9926548774966475,0.0320112709883294,7.528163522007772,11.6363514044548,0.12986133327211802
1.358993498619638,0.031748091856081996,7.470136423613339,14.310748853730678,0.12363133188329986
0.23104791561843574,0.031720809806514365,7.923460794772985,13.194704107067775,0.12693327331322474
0.13024524987519223,0.03172014832667581,7.898894631903557,11.650455853484296,0.13043582770966788
0.10543667958719137,0.03188074664077495,7.963213406256505,12.82003550279605,0.12873349025594838
0.23688545634187902,0.03158592043089503,7.8416569372797555,15.338452982714982,0.12369469095097077
0.11980567545538884,0.03159098255939447,7.727989623435488,11.671978062233908,0.12791545767368118
6.404612178219766,0.030655552692839764,7.946039680643676,12.221632324224432,0.12887486563477651
0.029171342494145817,0.031429756087045825,7.613147157811768,12.999888284127152,0.1276067237019835
1.4580248293922065,0.031894542932134846,7.5462851279406316,10.718576851033529,0.12802296607679403
0.07159624282826794,0.03144131894994064,7.718482437707943,11.940272474135051,0.12924638714213962
0.4948245880843774,0.03147296185669851,7.661829807509033,11.88368286487996,0.1253009451501746
0.2430433954640465,0.03151265737968112,7.650454717151536,17.010527693417202,0.12045007244514544
0.07834560064315033,0.03187648603441842,7.942769615577647,11.418779725472262,0.1318982946885913
0.34363808229520915,0.03218794540775125,8.048046391323396,10.034746395614842,0.12879841863041291
1.1701335197664793,0.0322474970401814,7.841152839626115,9.725589118818275,0.12623125225937845
0.8319355023381072,0.03226428365217339,8.04521847093713,7.408312136828461,0.13158889766218032
0.5193850391078987,0.03157681885623343,7.927789356996904,13.248924763055717,0.1300728589950081
0.030943620238891256,0.031832812690913787,7.824819899457196,10.837261189115074,0.1315548430299744
1.7750637314721782,0.032199220561980754,7.650107947441883,16.033655623690226,0.12039274200778649
0.020127372475072958,0.03173431202983685,7.792077816203911,10.950603406514217,0.13152969585472407
0.18660966969931692,0.03196516404549245,7.812521606882769,12.351859183838005,0.12959916826591375
0.02745357385123133,0.0315841244817281,7.699650787004695,11.006590203242757,0.13107009850182447
0.045279939924660784,0.03196920462401595,7.898894631903557,11.186548139050794,0.1316517642878961
0.16285849633841737,0.03173944654349405,7.906745753743941,12.784072803596077,0.12736131584179636
0.023553893744221756,0.03196040314993504,7.93744061213265,10.945444435320413,0.13105004854319852
0.028850157254553973,0.031763670868886484,7.792826929168885,12.641667537533282,0.1275137450570274
0.016598127104902712,0.03185730542258486,7.871090076717864,12.221632324224432,0.12872487843694314
0.043467992334459214,0.03182758223820429,7.891574510155042,13.676942976346572,0.12721663148633217
0.027287787377496604,0.03182844069828055,7.878005591190036,13.296037573112534,0.1269660139054978
0.5644006432390152,0.03182819216951212,7.6347108490920546,10.858902195914833,0.13092236478232902
0.22839793655011886,0.03205013752124306,7.82288033148696,12.492496055931579,0.12777853588864518
2.2387167768307616,0.03198582805855633,7.922901510933448,10.431439690172905,0.12045007244514544
0.4806902477137629,0.03187648603441842,8.06999989802771,13.48757225291962,0.12661831044804206
0.04273955379061895,0.031911750632363754,7.926798128742837,14.770098052957794,0.1246153203342524
0.08373131824855833,0.0322474970401814,8.060645154239062,8.091180990441632,0.13627676244130474
0.9105101370696,0.031705378821813,8.070852723339529,11.534097749517349,0.1308112018581529
0.03037505318831089,0.031837584514861475,7.8552360605762885,11.813999738457868,0.12876523045670327
1.3939704722550565,0.031422822978875053,7.976494881512003,12.959604813397394,0.12760221835818494
0.017864789056523937,0.03178375570139404,7.822442543245926,11.32601095338065,0.13074604725186878
0.029174089871942876,0.03177750644239043,7.793442875427584,11.969518420240405,0.12882877436460666
0.08715933358638284,0.031994649090733615,7.978639207759416,14.154633575659977,0.1248152794866276
0.07885542143758645,0.03169682087541813,7.7530283307059396,9.281240083406852,0.13338688201976853
0.10077494097701921,0.03221854828623387,8.111792227105408,11.520219452422184,0.1288241134917958
0.5828277538100501,0.03188074664077495,7.649385726985803,12.702067832744316,0.12711828591899776
0.0469379674475885,0.03170702196342577,7.8416569372797555,12.439254224084634,0.12891568346454174
0.7139098053029895,0.031871077963550064,7.921796250427835,12.641667537533282,0.12282729413217022
0.5129452736801856,0.032149456633102654,7.812521606882769,10.28633362290386,0.13241979211359325
0.05495674721229678,0.032149456633102654,8.042985023699309,11.037862901481377,0.13241979211359325
0.018870508352902958,0.031861301522289665,7.878005591190036,11.775164643334072,0.12942175662427047
0.03274247515142745,0.03200354814139249,7.97349922779617,13.555926519234097,0.12669227769019709
0.026562818228257123,0.031831159801133706,7.878453785787279,13.029368716982074,0.12735289408349523
6.768931403666802,0.031388091205423754,8.36467684635743,13.702366405307181,0.12651927606281987
0.04924334276641719,0.03201899156253182,7.894694250231772,12.715500403569495,0.12810527438218094
0.12134477123521539,0.03147284105663413,7.67843317536083,14.180390388759928,0.12879841863041291
2.1839625379139935,0.03280993745710483,8.307955633854409,9.725589118818275,0.12087071399311919
0.10560383294359399,0.03284007917826079,8.311895247738942,10.352551908747857,0.13158889766218032
0.02634995631896858,0.031837584514861475,7.882393399671812,11.775164643334072,0.12942175662427047
0.02001546911269255,0.031885074899628094,7.886991491342785,11.7611173812241,0.129309518407128
0.01750693942482643,0.031756096996201806,7.828569979119237,12.54772333246463,0.12835549352641254
0.014638890491882637,0.03173431202983685,7.801243426169679,12.775699737522645,0.1278388957151843
0.8439446687755905,0.031342280669989425,7.627129073664636,12.775699737522645,0.12251779856138204
0.03286531356126288,0.03162863944207649,7.724082573337608,11.17481397357398,0.13017335196227423
0.13635668489298336,0.03190862287239553,7.78963524877369,12.09495472533547,0.12912823596846862
0.0328984444617646,0.03158464909637785,7.690382313007971,11.680114753757751,0.13009714073907053
0.02416392586422553,0.03177716736562363,7.790494048980637,13.200287226012605,0.1271761696725048
0.03726599469324884,0.0315639710714773,7.6787741356119845,10.999369741570572,0.13138648099235486
0.019540818547513914,0.03184935428423947,7.853352681268931,12.074084037830765,0.12868984126568644
0.024313968358662903,0.031820695709892766,7.870111453930123,13.001960596893044,0.12740540500191017
0.22145889240652486,0.031755315719630306,7.878005591190036,11.775164643334072,0.12740593724497748
0.4433034766056483,0.03200354814139249,7.97349922779617,13.555926519234097,0.12297367564556477
0.01735389998610162,0.03161926977543423,7.749134171070426,13.477315437214523,0.12735289408349523
3.6462637639680198,0.03292431076847684,7.825617432668912,12.572355452247706,0.12829967678887513
0.037178082474077445,0.031875149291550525,7.894694250231772,11.555041536256018,0.1292328307131649
0.1954240082628258,0.03191559621225726,7.865439451263765,14.379252311792484,0.12879841863041291
0.041493285955778,0.03168907379161252,7.747947327593246,10.817709549467605,0.13072294089883135
0.032654171554783104,0.03162863944207649,7.768817855076782,11.17481397357398,0.13017335196227423
0.03823859328875279,0.03153848452346297,7.666605494225152,11.587046011965956,0.1295325609076232
0.2114156266870215,0.032682466534473306,8.235331412251778,17.445398592117094,0.1198365732526804
0.17447044428137762,0.031756096996201806,7.925264313735243,13.617175377172657,0.12657818899295226
0.040168069046458324,0.031812887375561975,7.8848280129178,13.927285533257761,0.12622690665346578
0.027440939133258676,0.031668136448011384,7.768681458343871,12.775699737522645,0.1273190352040825
0.016942368426269727,0.03162697746660372,7.742899951922662,12.467301094441346,0.1282249883674657
0.037138625139938326,0.03190862287239553,7.876017276123247,12.780968638192066,0.1288241134917958
0.8383645564994289,0.03188074664077495,8.118055843171,15.956934986592167,0.12256174878881304
0.015067686959139261,0.03160218067853699,7.72646957621611,12.770430836853224,0.12821624949825583
0.023005771143812213,0.03169911908013012,7.786215308837929,12.641667537533282,0.12895881185599964
0.015749066848968468,0.031748091856081996,7.812521606882769,13.41082901569574,0.1267804524195046
0.3798991466929026,0.03186863204400532,7.741149171823831,11.037862901481377,0.12784322195143796
0.17761072215025786,0.03162612371394473,7.729585989655515,11.775164643334072,0.12722411884381202
0.5184940339278999,0.03166907784400062,7.97349922779617,13.555926519234097,0.127025784010414
0.02479246382027056,0.03157689343845493,7.749134171070426,13.09423325529233,0.12752663749639923
3.469265491693689,0.03292431076847684,7.83700789683705,13.26038767955568,0.1270968411982611
0.01625996374018294,0.03172432312092497,7.7864796762814645,12.140570459349549,0.128897339010864
0.013879867935949442,0.031671567761540884,7.770416387301339,13.099257443938516,0.12748902172971976
0.014216577152330509,0.03157410200142935,7.715148081358196,13.779440616189008,0.1264961806304444
0.014638890491882637,0.03173431202983685,7.801243426169679,12.775699737522645,0.1278388957151843
0.05018992392028103,0.03176903352165242,7.825684693244482,11.775164643334072,0.12848186282899512
0.44226098066251446,0.031885074899628094,7.728729848125591,13.613229828655404,0.129309518407128
0.019628920872372252,0.031809873681155204,7.858903763363934,13.500057997507742,0.1269000069074661
0.103055942926311,0.03185730542258486,7.786252160352128,12.221632324224432,0.12766875112422485
0.5265306826118707,0.03127811674253716,7.770416387301339,13.304037138118925,0.127309361044005
3.843038944237471,0.03162697746660372,8.31486739386834,16.682694625114376,0.1282249883674657
0.5376336529397662,0.03190862287239553,7.682299707878694,12.15035090127563,0.1270648798551782
0.08847406944028746,0.03188074664077495,7.79562646263237,13.678244763970971,0.12681474200840537
0.17825841770891793,0.032867223423036246,8.334365786992631,16.33632452452454,0.12116477765142197
0.019561810416047674,0.031550031775170996,7.684089877065462,13.46506773039286,0.12695684485319153
0.025665147576152098,0.03180555277475273,7.864241854798905,14.321714375842426,0.12562678858657494
0.013819168481295293,0.03164612585387628,7.7558477902048235,13.521173155197392,0.1269533848462696
0.14715447994860073,0.03045753184380259,7.186186708306793,11.775164643334072,0.13407662640705717
1.2273065352744386,0.03200354814139249,8.197707422621999,18.317720929701764,0.11873368520533356
0.025812804883184555,0.03161926977543423,7.76937407882936,14.103067456815186,0.12598365766865757
5.844339310705803,0.03292431076847684,7.663760628678152,13.868821408050183,0.12657575331490614
0.02339497330735018,0.03172432312092497,7.764080514271381,13.508303300104838,0.12685055416089042
0.015314081959751204,0.03149934423665891,7.676968745790865,14.440782938069997,0.12572321284293542
0.19033289949773635,0.03180580852699641,7.715148081358196,12.307691993149035,0.12873123154847202
0.016708944048230454,0.03142894012033166,7.638138276590631,14.39054468146624,0.12573019719741246
5.104941376307583,0.03067221543251673,7.882393399671812,8.72462538069302,0.1351730844872057
0.018391249464781566,0.03152062864576756,7.6719933527447095,13.855951552957631,0.12647292262952692
0.02353791515462874,0.031776449710648275,7.843337384672432,15.152675943267623,0.12445268413429542
0.29531033069494217,0.031582691212783245,7.871090076717864,13.509952021087638,0.12659053148996283
0.01601429884435182,0.03162855581203405,7.736597383849805,12.58218772589218,0.128518204586981
0.015303253414723933,0.03162697746660372,7.742899951922662,13.856415411785889,0.12665439661038713
0.017636294054810975,0.03182503768453558,7.851110589374039,12.262929480357347,0.12848270481921367
0.028624083333649727,0.03188074664077495,7.906745753743941,14.09792312150983,0.1261057955007283
0.01578033243948428,0.03160218067853699,7.72646957621611,12.632542808915217,0.12808131291106942
0.16442334178324633,0.031550031775170996,7.5949580819288425,13.495483186578976,0.12714639737416367
0.08781541782823209,0.03185842606948512,7.876233382587601,13.41082901569574,0.1291159943534471
0.023033546021920166,0.031876218975995185,7.899191859147797,12.271983084594444,0.1287754676230419
0.0171788291406515,0.031861301522289665,7.878005591190036,13.220202448529212,0.1273539214238765
0.33450211115472656,0.03200354814139249,7.767993257211823,14.32394176259426,0.12579885052166298
0.40226201350174695,0.03161926977543423,7.920436820450482,13.988984994092128,0.12632428226113826
0.02852620877902972,0.03132867578350899,7.56487252698964,13.68639658883335,0.12680842830894307
0.05851225843901026,0.03161931933083288,7.7359667866877135,12.140570459349549,0.12778779068889745
0.20942213858511016,0.031487066254260315,7.801243426169679,13.743653143068531,0.1278388957151843
0.08358379924419693,0.031723893892989206,7.715148081358196,14.018275173004703,0.1262130146232301
0.026852065848481266,0.03183471613427183,7.862752437350506,12.775699737522645,0.12732936748379198
0.017313581498047,0.03167951423882582,7.7809705834183855,13.297839772032244,0.12758667438050306
0.02314570139029936,0.03150587311879308,7.676316977916793,13.855951552957631,0.12705325208829504
0.022222716767983087,0.03160494534150797,7.714721825385027,12.164730970020479,0.12871041549620077
0.0990036822190818,0.03185730542258486,7.776188162452594,12.96147584322962,0.12757034650503596
0.027531887589883505,0.03137909630988412,7.589492963900881,13.731236179827384,0.12661274404650844
0.49302230215381626,0.03162697746660372,7.945958318351453,12.195052482474738,0.1287454024687263
1.7023810834169084,0.031189201242790107,7.851110589374039,12.262929480357347,0.12648542167580445
0.014870487277131746,0.03180546495891251,7.842212911215615,12.768283297822434,0.12801359148705085
0.014681101714122114,0.03178356552228168,7.829706560219157,12.660092142353628,0.1281052622776886
0.11216635974781163,0.031550031775170996,7.794791426980125,12.881652518763454,0.1277130396656512
0.02414377230733281,0.03172177828901057,7.794791426980125,13.41082901569574,0.1277130396656512
0.019149444963603574,0.031671567761540884,7.770416387301339,13.299767808055012,0.12772066256140663
0.06826583111081741,0.031861301522289665,7.93217807542363,13.017483029277638,0.127537246761783
0.044163943629325866,0.03146960336351487,7.668365094794704,13.555926519234097,0.12598415205590366
0.026646960623663382,0.031691486225337316,7.749134171070426,13.587207663071645,0.12708911387669247
0.2800844413676032,0.03132867578350899,7.738456289728426,13.68639658883335,0.1267370112712323
0.01813358933267497,0.03146960336351487,7.668365094794704,12.140570459349549,0.128897339010864
0.02650261914834341,0.03153561302129323,7.701469495376996,12.775699737522645,0.1274444664175193
0.02132318054439969,0.031607685576706734,7.715148081358196,14.513961884916004,0.12582900259643115
0.11151904059370948,0.03173431202983685,7.705959462642046,13.994318726350002,0.12621006311039684
0.016385068847825753,0.03178045833394979,7.830316733118449,12.494881136583988,0.12819804161461817
0.034849373670024025,0.03201279846685728,7.982066402986408,12.544337458125028,0.12828056849765576
0.024033894752072005,0.03138252445120463,7.595425588876708,14.587881348224169,0.12543663866067897
0.12536128670710217,0.03185730542258486,7.76961523647864,12.780739113201092,0.12830456822480138
0.024171243405331527,0.03164612585387628,7.724383048242593,13.800884380502138,0.12616022894148438
0.02056093354477214,0.03153961831269748,7.707604397704391,14.170737642738619,0.12650343852812002
0.07822535838595475,0.03152855741202918,7.68478042896148,12.262929480357347,0.12740238003999516
0.014709297014226042,0.03164900252724232,7.755282884592229,13.674127546534494,0.12686748858928232
0.014273978589553524,0.03173982586607275,7.795213422158305,13.219274068913593,0.12729536596245564
0.016586958858285643,0.03145507861043034,7.649223228789912,14.710434200029049,0.12537778091018795
0.013678009769950587,0.03168739796769999,7.775098999361916,13.306429444676997,0.12721692955984448
0.05114336703691206,0.031438135847557815,7.615622448938867,12.584085845679839,0.12748902172971976
0.016239637217931195,0.031799010286623255,7.817759739610924,13.220202448529212,0.12716366931427314
0.05079146203830584,0.032068045796419246,7.988351447384002,12.873961641570686,0.12669227769019709
0.037858536591446765,0.031597162962201296,7.723930918540754,13.93615143338262,0.12735289408349523
0.027672197977181713,0.03132867578350899,7.56487252698964,14.798076801439239,0.1252623167117888
0.0238917108061416,0.03164766831297083,7.7864796762814645,12.683839966419166,0.12832033514774327
0.017641557951901372,0.03184179506740315,7.870555481502957,12.797675084113738,0.1279057403727027
0.10541377164714849,0.03170246198110311,7.805980912121256,12.684699471743135,0.1264961806304444
0.01804501396659992,0.0318044232673462,7.853191921759033,13.225288840929402,0.12732382774199094
0.04017719303644421,0.03139470222892045,7.591417615425446,13.075441968984975,0.12819804161461817
0.017619027824742832,0.03162379555791502,7.72559490534058,13.855951552957631,0.12616283296565273
0.0593379623950723,0.031907774312222845,7.828569979119237,12.143902497002108,0.12848712963355055
0.01818513833186289,0.03178971548351425,7.845135335047083,12.221632324224432,0.128768649171399
0.018302230793463183,0.03171111668000625,7.8065187671804335,13.610362842096928,0.1268124501865172
0.02158712256770474,0.031669212601376055,7.742899951922662,13.345875336334977,0.12733446500572207
0.07490454665400888,0.03169897053003032,7.851110589374039,14.111665203804934,0.12602108116154448
0.02135900226306635,0.03164900252724232,7.755282884592229,11.862179736217266,0.12905411414950502
0.015818406169372076,0.03184504028836496,7.8611256050404394,12.336342074737464,0.12853932245222832
0.013910597691135331,0.031734235605086446,7.798110912759374,13.064898561645302,0.12747810514300445
0.11635065545141342,0.03147599094189616,7.7558477902048235,14.46930952724468,0.125553240707623
0.014139248766982273,0.031652377337284356,7.755582584305122,13.702611060130105,0.12675264133015243
0.03367796470842861,0.03177509466124148,7.831739762396952,13.220202448529212,0.12828403877536104
0.017666424394692765,0.03160897725078095,7.747221150458842,14.304289141694777,0.12606402502472042
0.05836877823877112,0.03175734359482347,7.749134171070426,13.081066390573548,0.12747221323671173
0.015582918420051217,0.031671078773331585,7.752361771818452,13.692492849470618,0.12656197254041895
0.10966422000549782,0.03172432312092497,7.703986775646749,14.245689118691832,0.12607531557204965
0.016852986280730543,0.031734120827435625,7.792413889180972,12.775699737522645,0.12828066782245096
0.024694372588386176,0.03173157823314825,7.791929480773614,13.779440616189008,0.12711862002464538
0.021645564485190786,0.03166367925539372,7.743679231543398,12.775699737522645,0.12762140893317175
0.09826710930834029,0.031593894520486096,7.737110569533197,14.231615571555256,0.12819804161461817
0.015250014396371404,0.031604081077351825,7.743253408733686,13.37079657952736,0.12725668751920768
0.024227557848054117,0.031734235605086446,7.828569979119237,13.064898561645302,0.12747810514300445
0.01600159497187992,0.03179953573763198,7.828346944838855,12.221632324224432,0.1290093575948494
0.020837377944361808,0.031644453980123624,7.775098999361916,14.13321397845478,0.1262392247919355
0.01673958324043251,0.031766329631363374,7.810851690567435,13.856415411785889,0.12665439661038713
0.014651397912307755,0.03174587725140598,7.804483746142208,12.888431226726876,0.1276358798029179
0.023936863308181965,0.03164900252724232,7.783079309296131,13.940620379684976,0.12624317873325236
0.022820494080987613,0.03164264731679091,7.756502998868021,13.686580745956613,0.12729536596245564
0.02352503648280347,0.031734235605086446,7.767681983819047,13.767824222495706,0.12639920681660585
0.0172109980842449,0.03171765632388255,7.781590850460768,13.521173155197392,0.12715351646312617
0.041390135872020936,0.031671567761540884,7.812979802497468,12.763361663854925,0.1277820843822254
0.07384923499222183,0.031799010286623255,7.758573189344258,13.54019260463082,0.12672319524730533
0.03914809247505692,0.031731840537115155,7.788580259795136,13.412985024874825,0.12606402502472042
0.01506860593513115,0.03161926977543423,7.749134171070426,13.512928515080496,0.12707265124238384
0.016141164588099544,0.031562529346249604,7.697279078910726,14.15152323106143,0.1259412360252243
0.050577887163775204,0.03160053128760436,7.7864796762814645,13.734903401302637,0.12683049270204355
0.0746342128671855,0.03156371565312753,7.720750307662502,14.19240092668353,0.1278388957151843
0.016330023187310024,0.031569364495917324,7.723736935793142,13.74294164530124,0.12686751236539878
0.013975683220731805,0.03173431202983685,7.801243426169679,13.079434797531714,0.12745055957750767
0.11826946202479917,0.03178045833394979,7.7480898379248115,12.494881136583988,0.1269822928293476
0.014514256470189665,0.031731840537115155,7.788580259795136,13.412985024874825,0.12700119193190929
0.04903136879297674,0.03168706246790409,7.828569979119237,13.71345430476706,0.1265808716592994
0.014938076532316534,0.03178127651889583,7.829600717155055,12.644192328097533,0.12809710073018463
0.016886443048904878,0.03158698179291944,7.739912017585809,13.395581750576074,0.12721692955984448
0.02384042192095039,0.0316211118858549,7.744709990630035,13.856415411785889,0.12708592817257486
0.014623652021861102,0.03173404919076305,7.794083313875289,12.937423621484765,0.12758834333554844
0.026070837060961086,0.0315918870836419,7.755282884592229,14.126195064619457,0.1263838237321045
0.015458977107516132,0.031754211269652305,7.810900333173217,13.219274068913593,0.12754814633705489
0.06502503272297315,0.031696308345565284,7.788268664975384,13.064898561645302,0.1262727694121543
0.019976814561377287,0.03170903538756666,7.810770914387735,12.534592530379111,0.1284250033401807
0.08724585309797488,0.031617643883086265,7.747774525580277,14.537964521269027,0.12748902172971976
0.023355316239564328,0.031799010286623255,7.817759739610924,12.087148301604126,0.12857666286568406
0.059783072146501456,0.031754211269652305,7.810900333173217,13.212487328170072,0.12606402502472042
0.023155260660077767,0.03171574112684372,7.812644691895324,13.669620858314296,0.12707265124238384
0.01471289193051815,0.03153956778241167,7.703678542259247,13.806113208715619,0.12656197254041895
0.023697306433782775,0.031766062430179,7.815593138757021,12.641446922699817,0.128897339010864
0.027681816284064416,0.031757351375662865,7.799966797235498,12.416311511334694,0.1278388957151843
0.018113178614145485,0.03157566411593557,7.72970395015549,14.411999481240862,0.1259555317138054
0.06081464340213759,0.03173431202983685,7.862129523886233,13.079434797531714,0.12745055957750767
0.04036521452504793,0.03178045833394979,7.776805465670067,12.494881136583988,0.12811665152182433
0.11814792992645728,0.0319022788778496,7.8880637027833345,12.13677484727606,0.12700119193190929
0.13217243030859355,0.031756096996201806,7.828569979119237,12.54772333246463,0.12639971441294756
0.09863515827654586,0.031627480728037984,7.829600717155055,13.478396735222956,0.12707199532486455
0.03111971220390204,0.03154202972180042,7.707524503772957,13.955745400363675,0.12721692955984448
0.013868578946737174,0.031679704655175105,7.7736690814431135,13.856415411785889,0.1264630157267796
0.015467220236881435,0.03173832147699548,7.7945068264432456,13.152078404652585,0.12758834333554844
0.02192999599261973,0.031669267088563255,7.745208042681585,13.674127546534494,0.12620463512573477
0.014217122445714173,0.03172189076236099,7.796830308639595,12.869495441337145,0.12777564698942964
0.03969814642122955,0.031639038218654936,7.798110912759374,12.974178768664405,0.12772163835600966
0.016258584987369522,0.03178088499394367,7.810126874533405,13.521173155197392,0.1269533848462696
0.014761942480649581,0.03162894816706675,7.752202705133567,14.338383058551518,0.12576388986102827
0.048494562962392906,0.031799010286623255,7.779212345339321,12.950963451220977,0.12716366931427314
0.01495497158228163,0.03175116392278976,7.809452942838285,12.861916817456958,0.12765275531569312
0.031351805898761916,0.03161926977543423,7.7783976547950235,13.463351981458247,0.12697393776316981
0.014977668620795644,0.03162421523638363,7.7316311650481415,13.71868245651182,0.12656927132724316
0.014232811149537113,0.031576899926223735,7.721714633944313,13.679926083242819,0.12672737143775667
0.014574440896556832,0.031805001042706345,7.832202622472947,12.846717265746992,0.12777807750089795
0.013806496529785743,0.03169348001926833,7.7775302777336925,13.87237930378121,0.1264500249277042
0.014013117846306392,0.03168800953315211,7.774563801753479,13.418034487994467,0.12714147967785297
0.05551297718496593,0.03174286760392584,7.796324124431752,13.57510669811518,0.12819804161461817
0.018068176565635263,0.0315921390096264,7.7397114518395576,13.412985024874825,0.12746011943765126
0.01431645585939436,0.03173914199690528,7.800612374108983,12.54772333246463,0.12835549352641254
0.015890794865396594,0.03178127651889583,7.813671492174148,13.207774645959693,0.12744529242750324
0.014476451219909956,0.03167753890111524,7.777326491550348,13.251347617576545,0.12721692955984448
0.014376371754685922,0.031679704655175105,7.778364912049124,13.409796745233317,0.12712753925013243
0.01656383576423726,0.03162486303312273,7.758127673241177,13.022046988219467,0.12758834333554844
0.013672833115070584,0.03171462645701566,7.789549986869029,13.578271793081488,0.12681929742843082
0.013972533343544856,0.031620093606076885,7.7442900132612325,13.422214689894219,0.12704419308264125
0.01409030219757548,0.03167034624866927,7.767190411132772,14.208312400112963,0.12601851460866875
0.01376790364150415,0.03169747916372358,7.779803405421513,13.816758662862195,0.12651986052324993
0.029658326237450728,0.03175165299227388,7.808266873423278,13.099257443938516,0.12836441009995095
0.04699820515914244,0.031799010286623255,7.782381317295387,13.323497542117815,0.12738913611004435
0.014439831317477418,0.03180181415341461,7.83203963707832,12.861916817456958,0.1278395645674451
0.014326019296311806,0.031572674300693854,7.719918266210786,13.76302459280331,0.12661063697323666
0.02841144315943531,0.03166122245640896,7.7639339819258275,13.806113208715619,0.12728751444253755
0.01394320691848687,0.031772008968827335,7.817194385054301,13.40135222316064,0.12706254000487693
0.016619502218168464,0.0317819128806679,7.830510400889019,12.846717265746992,0.1281801064552163
0.12029510909425724,0.031519292330867726,7.7775302777336925,14.641527987031651,0.1264500249277042
0.013961091665601322,0.031687873735168265,7.77738005773535,14.028016019435452,0.12623908002007297
0.014376818152404297,0.03178045833394979,7.827481484205399,13.823235405545418,0.1264734705186234
0.04045928174086589,0.03156727229932582,7.71839528205111,13.412985024874825,0.12617434397153876
0.08324187278421946,0.03174525624697995,7.805024455920622,13.851096449514603,0.12835549352641254
0.028918671137684183,0.03178127651889583,7.78628407418182,13.474904492525168,0.1269086877381429
0.013782409567827447,0.03171996131596469,7.7916825776623675,14.074693541009179,0.1261466086171225
0.014353752326958886,0.031576114815626416,7.722777220653339,13.568934155002928,0.12685623589715825
0.08654934282202668,0.03173404919076305,7.742341096233034,12.937423621484765,0.12643869236247435
0.02559504794563371,0.03168579726059804,7.775005110277558,13.306429444676997,0.12795340893464427
0.02538082905939255,0.03183040996559265,7.848088949562934,13.422214689894219,0.12763245670670342
0.01521844131123581,0.03166175831662881,7.77361758369328,13.303086294585146,0.12724719632623
0.015376801983821485,0.031874022259121795,7.866519387840741,13.086807673564401,0.12751695588065332
0.06970346420236909,0.03181244689198035,7.770416387301339,12.678614458578526,0.12798419599518407
0.02641087943079274,0.03172179194862932,7.792805062045523,13.220202448529212,0.12662287268663006
0.014910643743210616,0.03173615404322107,7.79369112353208,12.72172092723426,0.12796363074361972
0.01573315476167321,0.03168097860815662,7.779857517966935,13.76302459280331,0.12633584243109125
0.018334217144585396,0.03151609631526096,7.70372854091621,14.054407113798627,0.12633420625474912
0.014753962393229144,0.03157291329314811,7.720963468734398,14.190631596845417,0.12605839951816478
0.015241866664607924,0.03151074115128647,7.6899798002327096,13.933307054085303,0.1263802257126868
0.014064397268802598,0.03169189832420341,7.781316183347244,13.87237930378121,0.1264500249277042
0.030110804908037532,0.031847878703129856,7.853497905743626,14.028016019435452,0.12683539039330893
0.01746139082308848,0.03178045833394979,7.827481484205399,13.823235405545418,0.12604882405671453
0.053616787602911144,0.03161714326085537,7.75413103245995,13.412985024874825,0.12600829584205606
0.01386310029052011,0.03161839564749602,7.737636574393914,13.97743121788329,0.12628592219132648
0.048059842212819504,0.03178127651889583,7.768110885101645,14.272549160484553,0.1259289138472725
0.022751254593708664,0.03171734739897507,7.803407553967059,13.230582519809051,0.12681929742843082
0.09421064512072275,0.03153828032542943,7.7736690814431135,13.856415411785889,0.12604744918906532
0.016240903780695322,0.03173404919076305,7.801589399611254,12.84350502926328,0.12758834333554844
0.02679632409925991,0.03168739796769999,7.780091662207123,13.306429444676997,0.1265287164200836
0.013793211274405158,0.03172052863088592,7.7919093597740385,14.127483589914327,0.1260750741297735
0.016066324583730193,0.03171734739897507,7.803407553967059,13.230582519809051,0.12747520296580991
0.016394473378074797,0.03172774714406037,7.791659645912092,12.423408048377064,0.12828781144292487
0.04493468529057531,0.031544745172156594,7.706218204676491,13.099257443938516,0.12656958296726195
0.014370797234701981,0.03172282593074349,7.799532843332522,13.987677709389763,0.12624764977131014
0.014207233781519701,0.031787490195864194,7.828263827222722,13.476326807007894,0.12697854679877937
0.01367070449622587,0.031718507326101014,7.79175588642316,13.524296141972611,0.12688706762449248
0.014152129911277924,0.0316828379626736,7.773989826693997,14.253919854238992,0.12595716325053646
0.01381718349413863,0.031738913577039354,7.80335487078887,13.24048324932826,0.1272434145139544
0.014293487516575921,0.031785468891079284,7.828110353871845,12.873139359066178,0.12779054029349837
0.015331068686841547,0.03169348001926833,7.789404209652402,13.72930552669337,0.12661459125192207
0.015491198035024602,0.031668515299572375,7.77738005773535,13.588291967502272,0.12686136596735492
0.07499507887617145,0.0318211435669396,7.844587049063212,13.823235405545418,0.12817533042887122
0.018787581232399105,0.03182310509129553,7.8447359834139245,13.412985024874825,0.12738735177832955
0.01387674966103512,0.03161839564749602,7.737636574393914,13.808109034616963,0.12653072073503055
0.013874249860765369,0.03177932175763347,7.818631341632769,13.490953429402115,0.12687647389766535
0.016693049052497362,0.03175274831772575,7.79175588642316,13.505522842393823,0.12688110292660051
0.013744806565698372,0.03171402722761098,7.786301368041513,13.300601440538706,0.12719940935403581
0.028683966845349,0.031702473056335355,7.779733936699541,12.937423621484765,0.12699764309100117
0.03930737274643957,0.03168739796769999,7.789667574416266,13.306429444676997,0.12634299317922604
0.028935581112734927,0.03172052863088592,7.776317202049464,13.560328387457139,0.1260750741297735
0.01365584431306801,0.031690412191048296,7.773163901672803,13.559420326347604,0.1267765895235717
0.013596201223521016,0.03169521970161869,7.780393428157037,13.934830926684972,0.12625655899344532
0.10155640254667764,0.031671567761540884,7.752674975648495,14.565842300589413,0.12748902172971976
0.01397635472614233,0.03172844801015706,7.799532843332522,13.987677709389763,0.1262507707024967
0.01564830592125221,0.03173070231566098,7.8001732365177485,13.476326807007894,0.1271938700483873
0.01357873603646467,0.03168517437770702,7.774139732088578,14.419477748959443,0.12561819119512624
0.01347386326946592,0.03171810673163648,7.784064263885828,14.590894904290158,0.12535164658347092
0.03258163864644361,0.031672154331925585,7.80335487078887,14.833424482570976,0.1250129321831897
0.11642834505436578,0.03175224586861097,7.796995601374931,14.5024707580977,0.12779054029349837
0.03008119082818078,0.03169348001926833,7.799762544265296,14.311498630617013,0.1264500249277042
0.019285790409440992,0.03171383302584977,7.781171448659151,14.247543535150315,0.12623908002007297
0.013437748626440598,0.03170355680915635,7.777943418003258,14.59407925897029,0.12536121942316694
0.07578904030487395,0.031675461674103636,7.759351433252902,14.629203443345283,0.12700119193190929
0.03702736822479602,0.03170477175324918,7.737636574393914,13.97743121788329,0.12623475174627413
0.013541646571869204,0.03177932175763347,7.818631341632769,14.595819153879127,0.12536644991308513
0.013337669486188935,0.03170893237259824,7.780092280272103,15.094288660083874,0.12468339805686907
0.013689637757698624,0.031717395104199395,7.79040104765457,13.300601440538706,0.12719940935403581
0.336100287200343,0.03173404919076305,7.809204645676639,12.937423621484765,0.12446632045479736
0.017740149063061268,0.031728531891293946,7.775098999361916,14.533730959908917,0.1255167273821156
0.025434396874175355,0.031730069492995935,7.791467987873096,14.127483589914327,0.12534573435587
0.01393516587313828,0.03168716628705744,7.774317278745966,14.459235479241636,0.12565418931147718
0.018994538965855973,0.03172732230504651,7.797142099740847,13.559420326347604,0.12635541915260853
0.11668236378025759,0.031730069492995935,7.770416387301339,14.58892823293361,0.12748902172971976
0.023696608143524856,0.03163306196844948,7.743765495792238,13.987677709389763,0.12564110552936877
0.015612279682843995,0.031725301258944946,7.786215861812224,16.450867441146965,0.12283335068406356
0.019725392990055955,0.03169521970161869,7.770980974251524,16.67962205215132,0.12245964539767978
0.013669300158343821,0.03167036422536297,7.761602856728442,15.644034532848147,0.12396593716946247
0.25158301028626984,0.03172169983111313,7.778482994237181,13.24048324932826,0.12450820547325553
0.01385832238379197,0.03172618108327219,7.797274637064549,14.116221094542691,0.12606870546490015
0.04186848738703777,0.03179920163874182,7.7775302777336925,15.226911022192276,0.1244970420027085
0.013656581140845819,0.03166196449290108,7.761216360029385,14.670400476039394,0.12530407994829684
0.013519180394808048,0.031715714749900994,7.78496997554637,15.617455900549153,0.123960096444264
0.013851169701949153,0.03162768640500758,7.741616633523393,13.954673826955608,0.12631892689566665
0.01339295706795728,0.03172518173242576,7.7902082863423745,14.31032184391686,0.12571602459518635
0.26548082817385354,0.03170044461493248,7.7719609236547225,14.595819153879127,0.12275225804089046
0.028070254177667214,0.03173535146314283,7.797431381950603,15.094288660083874,0.1253878621803322
0.014457447542385446,0.031717395104199395,7.775369083111041,15.373288819629794,0.12424785322967771
0.22922950473115955,0.031708691191781005,7.775461482860579,15.73644221919343,0.12758834333554844
0.0150596928764389,0.03168739796769999,7.775098999361916,16.01836732780303,0.12342317687742552
0.013746944422466979,0.03176448449620262,7.808913002948765,14.818242912874041,0.12511807607751632
0.013603151200611906,0.03172068190443668,7.791796612961574,14.428045471320196,0.1256270461824808
0.013613295037452651,0.0317142710905236,7.782425268842708,14.267725278447882,0.1258106412015157
0.1944792109501427,0.031671567761540884,7.8264595466364115,15.480294877357004,0.12748902172971976
0.01665659539177204,0.03172844801015706,7.775809310685371,14.628825009212338,0.12530893365459284
0.01360327735056886,0.03167468720432845,7.762562505693653,14.559408763725315,0.12542889611320904
0.01466095330370985,0.03169521970161869,7.780393428157037,15.683141366885444,0.12384936363459473
0.0891575671235489,0.03172271167584011,7.782302333678717,14.419477748959443,0.1241385889446919
0.013950743046869779,0.0317553428789538,7.800450247596065,16.004486977962166,0.12341976801964866
0.016173288687726148,0.031721459285530586,7.791706330764019,14.281263480294067,0.12606870546490015
0.013381392834399812,0.03171279204984194,7.785734366304994,15.190810600749165,0.12457286333746637
0.013505490325671152,0.03172323604659047,7.7836760552931015,15.50056348770786,0.12412059903443373
0.09028062979618734,0.031791292660500146,7.784064263885828,15.614206722668698,0.12535164658347092
0.035279392034801765,0.031715246251770024,7.741616633523393,15.010042172710804,0.12479736454067683
0.21244794887919452,0.03170579447194386,7.770545585455549,14.31032184391686,0.12340091267765416
0.07166117522322236,0.03168953364936213,7.770302036709645,15.767916296866968,0.12536644991308513
0.014033856552038476,0.03171078440336711,7.780092280272103,14.167229394083312,0.12601498915603357
0.01419519111253403,0.03172006600139267,7.781996876202464,13.852747935682244,0.126316964805173
0.1240244857893938,0.031723298844381465,7.794403485827942,12.937423621484765,0.12583722225653163
0.14644477174365594,0.03169701882539519,7.7771073497639716,13.306429444676997,0.12515215403685423
0.0967857551305125,0.03176448449620262,7.747993049897369,15.509464508937754,0.12511807607751632
0.02579757124635989,0.03172068190443668,7.756338292263369,14.358493758513532,0.12563164184137915
0.014706577002805142,0.03166415493302144,7.749299641764488,15.570484140138747,0.12399885772689592
0.0221591589416528,0.031671567761540884,7.767740614477746,13.527752019179404,0.12748902172971976
0.05829348688301981,0.03172280358124768,7.783159244218469,13.987677709389763,0.12500734163599003
0.013803693967965412,0.031683355006328316,7.772625100710299,14.024455840061103,0.1262369944823854
0.08813549491827585,0.03170571764279831,7.775392980056434,13.934830926684972,0.12477546255707339
0.013578666017480052,0.03168763432339476,7.7754629053378235,14.419477748959443,0.12561819119512624
0.018678685435597774,0.03171625022509303,7.80335487078887,15.773619246966195,0.12374163343309397
0.015011180811162374,0.031730230421801724,7.784721655206383,16.408406573910618,0.12291320112713447
0.013337979707893037,0.031712127082676025,7.781457401206933,15.190810600749165,0.12457286333746637
0.014513028223920485,0.03172323604659047,7.781996876202464,13.852747935682244,0.126316964805173
0.013984386051884352,0.03171810673163648,7.794403485827942,14.279655013079568,0.12583722225653163
0.02048100499210338,0.03162768640500758,7.761925262787795,15.346871490830488,0.12430816418188584
0.09541976136303335,0.031672383538174476,7.7902082863423745,15.806765990235256,0.12571602459518635
0.027066121355020883,0.031652683808950095,7.747795041569515,14.595819153879127,0.12473534435734215
0.015327816807171761,0.03169891211382801,7.767599030670847,15.22175398769143,0.12468339805686907
0.01764038935974324,0.031717395104199395,7.766350208339553,15.087080360554356,0.12467594807208962
0.014558050583991188,0.031689676780415996,7.777003888475237,12.937423621484765,0.12758834333554844
0.01360591723337327,0.03170239849885055,7.773583541613786,15.464784177735028,0.12415863861966142
0.021874614711465012,0.03176448449620262,7.790945800119065,14.976560210744472,0.12511807607751632
0.013884728452235245,0.03163338303176831,7.741096120792485,14.876523191389545,0.12494490091873958
0.015099369544574776,0.0317142710905236,7.7743093091131605,14.408081693906365,0.12563469549262837
0.016584821179271413,0.031671567761540884,7.774976784688918,15.831074988100053,0.12369507766913007
0.013839007728203116,0.03172844801015706,7.791248064099136,13.987677709389763,0.1262507707024967
0.24541344106487095,0.03173250342191282,7.7828540597327525,14.559408763725315,0.12288634645793492
0.013737740032293382,0.031637889723049054,7.746572965002916,14.054287157960697,0.12615241731252802
0.013347383474889825,0.031706244560577614,7.778943760259673,15.013081656613148,0.12477639446038419
0.19218576996950898,0.03169299992273867,7.770615073303523,15.68554302313707,0.1272434145139544
0.02718403788679838,0.03172618108327219,7.754878195492068,15.258212742318406,0.12439593035701677
0.07777683487896651,0.03168976410769118,7.781457401206933,15.190810600749165,0.12337311930109604
0.017475062857526272,0.03171432599589364,7.787976692553297,15.50056348770786,0.12452893368073642
0.014054032149428627,0.03171773738957444,7.784064263885828,14.465650003491445,0.12535164658347092
0.013816155734457557,0.03171216818764574,7.784602004083913,13.954673826955608,0.12631892689566665
0.01362415482127959,0.031725705608367155,7.795514634672095,14.31032184391686,0.12577066074041687
0.013842993233069319,0.03170676579715351,7.7735868070718865,15.231299109493053,0.12445169554406749
0.01381647965399618,0.03165544604248293,7.750322716830773,14.824521444622619,0.1250486235486725
0.3820619016970831,0.03165788367014139,7.79040104765457,13.300601440538706,0.12389452392420036
0.017016157040060466,0.03167501683735901,7.777003888475237,15.655310170415039,0.12386324679971675
0.014049198484838286,0.031675549658939074,7.768428501623369,15.464784177735028,0.12415863861966142
0.015188540369938252,0.03174404414704222,7.789966291269598,16.055032939925486,0.12330339045696223
0.01762137072344398,0.031702530006776274,7.791796612961574,14.428045471320196,0.12590307512437454
0.014050479012425489,0.03169047315717098,7.776430487661461,13.241495980080932,0.1271628032005722
0.021930584949818373,0.031696041904195116,7.76391185248176,16.952584709729102,0.12211573892210983
0.013964292195710356,0.03172844801015706,7.791248064099136,13.320858800035944,0.1270719187138506
0.013566606614685483,0.03166591655932208,7.760103152281729,14.384239966366465,0.12567076845801112
0.013902827886641572,0.031653683184135736,7.749526911189187,15.583505917292415,0.124030890781472
0.01376842104456652,0.03168589661382187,7.777393219886628,13.806903113526547,0.1264396392232789
0.22014941279050856,0.031723822073267766,7.80335487078887,13.24048324932826,0.12476506283346483
0.01720002605937304,0.03172618108327219,7.791313915111574,16.320751310835448,0.12292599328714646
0.01896537380998069,0.031720589000227485,7.787346609252743,14.864026352376353,0.12457286333746637
0.01371752739207362,0.03172323604659047,7.781762911896403,15.368002950543644,0.1243167529895225
0.015428826199787181,0.03171810673163648,7.784064263885828,16.352255538554793,0.12295843401494286
0.02074895947970976,0.03171216818764574,7.787445976207689,13.540110115546575,0.12631892689566665
0.01688481948666316,0.03169984438929153,7.7902082863423745,14.529356895923891,0.12571602459518635
0.11810320798370945,0.031696016659944634,7.771474761095206,14.595819153879127,0.1237024762521052
0.014585743395282352,0.03170893237259824,7.793102479650071,14.353711905304326,0.12573233015599664
0.013477724760231484,0.031697324917321565,7.772866082484274,15.654302091606617,0.12394575875979796
0.01825762335847346,0.031689676780415996,7.793488073330893,12.937423621484765,0.12758834333554844
0.013494244952462243,0.031710463908330586,7.780783660142772,14.434898277391845,0.1255675837326075
0.02056561038583029,0.031721039236847326,7.783098605282334,15.108463100178485,0.12511807607751632
0.014502266838266765,0.03172068190443668,7.777085955261873,15.080114219989262,0.12463884660109364
0.013382993934775003,0.0317142710905236,7.786824602546487,15.005299592487514,0.12478943427564348
0.10450259337991333,0.031671567761540884,7.763253375826001,13.099257443938516,0.12579073535793442
0.013794791632031313,0.03169954675666403,7.774436492625934,15.965349144185865,0.12352487482651989
0.013876756388155526,0.031699136958082935,7.78030740016871,14.266049644610069,0.12567076845801112
0.07782582963019041,0.03169521970161869,7.780393428157037,15.205722211267098,0.12625655899344532
0.01330628801106484,0.03171953111927595,7.787034411090521,14.935404010940264,0.12486081970417476
0.013292399738235797,0.031751352764362244,7.801807181996208,14.971590918354499,0.12478711144132185
0.02831141581474263,0.03172618108327219,7.813677986136626,16.283211153497582,0.12290969978982291
0.013494437826902262,0.03176136263927468,7.810859662962956,15.190810600749165,0.12460836999564534
0.01349793801496632,0.03173924755224058,7.791836149348119,15.435194873398814,0.12418444611037024
0.05255101728281708,0.031782080382809545,7.816086077388448,15.478802189695116,0.12535164658347092
0.013576517232796327,0.031702165324689835,7.774771331052897,14.85663981278871,0.12493078798239884
0.013534064070287254,0.03175538960505692,7.809174266947163,14.053685393539117,0.12608594990370145
0.013394623628570128,0.03176296021963892,7.8090333797840366,14.411577486831755,0.12552475073839298
0.03624667220405023,0.031751352764362244,7.801807181996208,15.693472589643953,0.12478711144132185
0.013645689284545511,0.03168729640032355,7.774740789647971,14.051794557120063,0.12616385587198492
0.013766898844521081,0.031689676780415996,7.777003888475237,14.441777014953729,0.12548430432872099
0.04349023996806742,0.03168622804505122,7.780783660142772,13.766765473597962,0.1255675837326075
0.013625020031328644,0.03179359176706666,7.827860427643162,14.78373827952551,0.12511807607751632
0.02925652120921282,0.03172068190443668,7.816070207561699,14.817941305769876,0.1256270461824808
0.2190122659938947,0.031733299745747526,7.786824602546487,13.180777174067408,0.12478943427564348
0.031676151843648186,0.031671567761540884,7.800242397396265,15.262365485066802,0.12439915552768019
0.07403472886492189,0.03169954675666403,7.79356555768768,15.965349144185865,0.12516836567943784
0.02821046733241022,0.031752855485156106,7.805569017600921,14.384239966366465,0.12493890456675888
0.01656746683190333,0.03173653530426898,7.780393428157037,14.379826703838372,0.12560519446444038
0.013573455247798192,0.031754506663773406,7.800693934467373,14.88907921345195,0.12484947581705336
0.013648082494952498,0.03169575743146302,7.773045446009184,15.12688176417857,0.12455676859534526
0.013647793269657904,0.031703404627567884,7.775417047403128,14.639776497642464,0.1252062095673749
0.013403374940581483,0.03172536207851366,7.78984656472295,14.56608553694638,0.1253102174792479
0.013549546367578155,0.031766166248405794,7.8139747744991075,13.894105032139768,0.12626050931737748
0.013380173953769968,0.03178257570402743,7.81630201195943,15.007096990520171,0.12471478995581595
0.10345845237857576,0.031702165324689835,7.789652147032862,14.85663981278871,0.12354634392990135
0.013396438218433459,0.031737999773004615,7.797299614780486,14.221306573500705,0.1258154093662214
0.014113852082401073,0.03179473371549138,7.818982852634547,15.377444264275498,0.12414771713934206
0.013867662339605602,0.031735765368498155,7.801807181996208,14.971590918354499,0.12478711144132185
0.05944263088527825,0.031753152836161994,7.806313391143638,14.815839093615411,0.12394575875979796
0.014707699432669087,0.031766898963536745,7.816101313373219,14.611750543478117,0.12548430432872099
0.014203851064352922,0.031690138908362496,7.780783660142772,14.672957406285986,0.12521443391306464
0.17751089756468308,0.03178831778405545,7.827860427643162,14.78373827952551,0.12304740140670703
0.07222368399181457,0.031773325508824196,7.811545413597508,15.526780963151856,0.1256270461824808
0.013492273167574998,0.03171011738190059,7.783856715384446,13.855963539173619,0.1263503938137242
0.014586627419193495,0.031671567761540884,7.770416387301339,15.33101447521019,0.12434184394781111
0.013501625166283763,0.03180428390417423,7.826379752022016,15.031783100452952,0.12466450739757154
0.013988586231755347,0.03166591655932208,7.760103152281729,15.157609953606292,0.12451118948495452
0.02076349433478855,0.03171255521050294,7.783878525000596,14.294408204168166,0.12625655899344532
0.0242005826861649,0.031821543553216106,7.830842585686496,15.478478559590584,0.12468339805686907
0.024784881429549658,0.03171953111927595,7.81599674695108,15.019898026334463,0.12463055939269968
0.016105934283031562,0.031703404627567884,7.775417047403128,15.89257293617036,0.12345045253649622
0.013747124969676831,0.03164890352590084,7.753578162125833,13.557330027105111,0.126777716285467
0.049584657697922946,0.03174374009132861,7.796559159923424,15.435194873398814,0.12538049826035683
0.013444347960681472,0.03171702319007929,7.784156197713397,14.520993086251332,0.125442382439335
0.01595549762315922,0.031692205323848324,7.772552251208651,15.125833678882291,0.12493078798239884
0.013849246962430685,0.031741607346250075,7.7902082863423745,15.441768481699107,0.1241678022822878
0.014937167059837162,0.03176296021963892,7.796759334779727,15.32567779611907,0.12425246877504295
0.03226494079149314,0.03183216511256061,7.801807181996208,15.668965689062976,0.12385185123913975
0.0983632015817658,0.031748225175939296,7.796844566453349,14.50300799820941,0.12394575875979796
0.013551725122389545,0.031856237553530474,7.857469574612904,15.299777549799597,0.1243330763563032
0.014407465198794128,0.03162580098731233,7.734401284099929,14.429402090709965,0.12550438767980845
0.0299529218069972,0.03173187288126962,7.827860427643162,15.812489442630214,0.12368605532545801
0.013543675787651286,0.03179573647398119,7.82558220593569,14.41074579631178,0.12547828007285675
0.013911128503564784,0.031782149096741444,7.814387499581163,15.181513390235494,0.12440547774625021
0.28969537465536915,0.03179403252698421,7.770416387301339,13.099257443938516,0.12451484186368567
0.013763625728263278,0.031802816084623126,7.826131004860746,15.395515586434929,0.12414223659278223
0.013845088798306527,0.03181827632547798,7.833646433578038,14.483166809534474,0.12535299613801773
0.16967339472114903,0.03175837445188924,7.8024623636449695,13.934830926684972,0.12411859969980268
0.01384937107188994,0.03169743356605305,7.7720958588734055,15.992485346243202,0.12348997440353007
0.018980690105491867,0.03167427992729657,7.787034411090521,14.481251878141473,0.1255289858637434
0.01372402648056098,0.03165111042037767,7.754617080122427,13.587795110072737,0.12673483597808674
0.01334266333516013,0.03176005960205123,7.807510121040761,14.84106766938644,0.12493286277707658
0.013267358059656256,0.03173924755224058,7.797398042658453,15.123987639171535,0.12460919908392734
0.014169990983756021,0.03161267769170072,7.729461690773082,14.759951355699398,0.1251002173402818
0.03156290097628154,0.031702165324689835,7.792114852743534,14.85663981278871,0.12581443751218957
0.01352669570044579,0.03177720935457442,7.8149404922532595,15.78658292631412,0.12370727341543405
0.013424147755923726,0.031746064813092785,7.8023371524522895,14.777528269298603,0.12513232482763065
0.013373180166415883,0.031721000295022526,7.784763155956737,15.403837569946152,0.12424442350908385
0.06826450731032924,0.03182898607935409,7.772866082484274,15.19184206677739,0.12445988217181825
0.04892612388966423,0.031856237553530474,7.800109894445558,15.299777549799597,0.1243330763563032
0.01328126988003149,0.03177850582504016,7.815623167998407,15.168631323657014,0.12451826541023397
0.0163774728414282,0.03172233916482492,7.788794738352339,14.78373827952551,0.12477661125534761
0.05014515048978295,0.03180455999234824,7.82558220593569,15.32835158822818,0.12547828007285675
0.013695876592834633,0.031663262410679044,7.761627265273853,15.005299592487514,0.12478943427564348
0.01366087684364365,0.03179617939230383,7.830456968255948,15.078591380450238,0.12472582459838222
0.015511790915412892,0.0317695665894857,7.826379752022016,14.754273023985156,0.1250670854258303
0.013460608865112422,0.03178011908171159,7.8199196538232325,14.35013494839203,0.12559244765457617
0.01359222314293771,0.03169151817430896,7.770358534006349,15.03482393326663,0.12469326141395462
0.02984571704818159,0.031783458256627206,7.780092280272103,15.602394074359147,0.12399259510828178
0.01341684750697094,0.031759933347028445,7.810738650482135,15.539341527217783,0.12411170258244508
0.03518942305138144,0.03175669139519345,7.775417047403128,15.062078207175308,0.1252062095673749
0.013352536117484185,0.03176535304955832,7.812674253749746,14.793757381880948,0.1250223276870197
0.02460394761174583,0.031751352764362244,7.788187442007978,14.971590918354499,0.1242917339516238
0.05120660455955422,0.031666397117844546,7.81630201195943,15.014522118951906,0.12478114250158906
0.01809858031619707,0.031720370092787734,7.774771331052897,14.85663981278871,0.12465540326677158
0.1256857368029507,0.03172518173242576,7.773447347897761,14.31032184391686,0.12397429730098972
0.013409358265931294,0.0317899765761545,7.821532654265612,14.75375512489126,0.12503814784027886
0.013267358059656256,0.03173924755224058,7.797398042658453,15.123987639171535,0.12460919908392734
0.013267232913915423,0.03173925755224058,7.797398042658453,15.123987639171535,0.12460919908392734
0.013267359116448354,0.03173924755224058,7.797398052658453,15.123987639171535,0.12460919908392734
0.01326735941555179,0.03173924755224058,7.797398042658453,15.123987649171536,0.12460919908392734
0.01326734611187516,0.03173924755224058,7.797398042658453,15.123987639171535,0.12460920908392734
266.06911567371014,0.05,7.691718832188654,14.98839809691642,0.5
266.0689653199356,0.04999999,7.691718832188654,14.98839809691642,0.5
266.06911512970663,0.05,7.691718842188654,14.98839809691642,0.5
266.0691156721559,0.05,7.691718832188654,14.98839810691642,0.5
266.0691156782798,0.05,7.691718832188654,14.98839809691642,0.49999999
0.015879507692395694,0.03175167400484496,7.797326127894594,15.123895370409594,0.12486465274111086
0.015880529598290977,0.03175168400484496,7.797326127894594,15.123895370409594,0.12486465274111086
0.01587950371172246,0.03175167400484496,7.7973261378945935,15.123895370409594,0.12486465274111086
0.015879509272149588,0.03175167400484496,7.797326127894594,15.123895380409595,0.12486465274111086
0.01587967534232024,0.03175167400484496,7.797326127894594,15.123895370409594,0.12486466274111085
0.013246549301422236,0.03174017651302559,7.797392666546894,15.123980741461926,0.12462829596036233
0.01324650913917157,0.03174018651302559,7.797392666546894,15.123980741461926,0.12462829596036233
0.013246548853792313,0.03174017651302559,7.7973926765468935,15.123980741461926,0.12462829596036233
0.013246548952237957,0.03174017651302559,7.797392666546894,15.123980751461927,0.12462829596036233
0.013246549316669756,0.03174017651302559,7.797392666546894,15.123980741461926,0.12462830596036233
0.013245687935221007,0.031741341249627034,7.7973941234495605,15.123982599731113,0.12462316179291914
0.013245711641108207,0.031741351249627035,7.7973941234495605,15.123982599731113,0.12462316179291914
0.013245688211518421,0.031741341249627034,7.7973941334495604,15.123982599731113,0.12462316179291914
0.013245687357792765,0.031741341249627034,7.7973941234495605,15.123982609731113,0.12462316179291914
0.013245687268875836,0.031741341249627034,7.7973941234495605,15.123982599731113,0.12462317179291914
0.013245000883880653,0.0317408954554174,7.797393459587401,15.123981761522456,0.12462550988983921
0.01324500052848461,0.031740905455417405,7.797393459587401,15.123981761522456,0.12462550988983921
0.013245000549549385,0.0317408954554174,7.7973934695874005,15.123981761522456,0.12462550988983921
0.013244999485595446,0.0317408954554174,7.797393459587401,15.123981771522457,0.12462550988983921
0.013244999380377142,0.0317408954554174,7.797393459587401,15.123981761522456,0.1246255198898392
0.013245142287301372,0.03174077588008809,7.797392814511795,15.123980955223614,0.12462784512255051
0.013245138458064952,0.03174078588008809,7.797392814511795,15.123980955223614,0.12462784512255051
0.01324514201983108,0.03174077588008809,7.797392824511795,15.123980955223614,0.12462784512255051
0.013245142121636005,0.03174077588008809,7.797392814511795,15.123980965223614,0.12462784512255051
0.013245142415640253,0.03174077588008809,7.797392814511795,15.123980955223614,0.12462785512255051
0.013244995900069141,0.03174087581805364,7.797393353649291,15.123981629107318,0.12462589339548781
0.013244995746871694,0.03174088581805364,7.797393353649291,15.123981629107318,0.12462589339548781
0.013244996549438863,0.03174087581805364,7.797393363649291,15.123981629107318,0.12462589339548781
0.013244996720167487,0.03174087581805364,7.797393353649291,15.123981639107319,0.12462589339548781
0.013244997751913106,0.03174087581805364,7.797393353649291,15.123981629107318,0.1246259033954878
0.013244997703019266,0.031740887709115866,7.7973934177982605,15.123981709288989,0.12462566117034875
0.013244997523753273,0.03174089770911587,7.7973934177982605,15.123981709288989,0.12462566117034875
0.0132449983214094,0.031740887709115866,7.79739342779826,15.123981709288989,0.12462566117034875
0.013244998300017002,0.031740887709115866,7.7973934177982605,15.12398171928899,0.12462566117034875
0.013244997134722547,0.031740887709115866,7.7973934177982605,15.123981709288989,0.12462567117034874
0.01324499759995659,0.03174088066328961,7.79739337978799,15.123981661778842,0.12462579877100641
0.013244997234259806,0.03174089066328961,7.79739337978799,15.123981661778842,0.12462579877100641
0.013244997704220406,0.03174088066328961,7.79739338978799,15.123981661778842,0.12462579877100641
0.013244995390494311,0.03174088066328961,7.79739337978799,15.123981671778843,0.12462579877100641
0.013244996646531837,0.03174088066328961,7.79739337978799,15.123981661778842,0.1246258087710064
0.013245010999434939,0.03174084201636294,7.797393201406236,15.123981924069154,0.1246264324268446
0.013245007631992533,0.03174085201636294,7.797393201406236,15.123981924069154,0.1246264324268446
0.013245011592901295,0.03174084201636294,7.797393211406236,15.123981924069154,0.1246264324268446
0.013245010075861659,0.03174084201636294,7.797393201406236,15.123981934069155,0.1246264324268446
0.013245011620619074,0.03174084201636294,7.797393201406236,15.123981924069154,0.12462644242684459
0.01324499844817135,0.03174086943375514,7.79739332795608,15.123981737991839,0.12462598289069426
0.013244995481397195,0.03174087943375514,7.79739332795608,15.123981737991839,0.12462598289069426
0.013244999086710936,0.03174086943375514,7.79739333795608,15.123981737991839,0.12462598289069426
0.013244997501336323,0.03174086943375514,7.79739332795608,15.12398174799184,0.12462598289069426
0.013244996820001147,0.03174086943375514,7.79739332795608,15.123981737991839,0.12462599289069426
0.013244995934242023,0.03174087843253257,7.797393369491535,15.123981676918621,0.1246258353465466
0.01324499649095333,0.031740888432532574,7.797393369491535,15.123981676918621,0.1246258353465466
0.013244995646755424,0.03174087843253257,7.797393379491535,15.123981676918621,0.1246258353465466
0.01324499659763122,0.03174087843253257,7.797393369491535,15.123981686918622,0.1246258353465466
0.01324499748082519,0.03174087843253257,7.797393369491535,15.123981676918621,0.1246258453465466
0.013244995805675211,0.031740879545860724,7.797393374630299,15.123981669362648,0.12462581709239434
0.013244995375943166,0.031740889545860726,7.797393374630299,15.123981669362648,0.12462581709239434
0.013244996105183812,0.031740879545860724,7.797393384630299,15.123981669362648,0.12462581709239434
0.013244996665472998,0.031740879545860724,7.797393374630299,15.123981679362648,0.12462581709239434
0.013244996225607306,0.031740879545860724,7.797393374630299,15.123981669362648,0.12462582709239434
