LSCO 2511A, x = 24%
T=25 K, B = 45.0 T, theta= -14 to 99, phi = 0 and 45
Fixed parameters:
T=0.19,T1multvalue=-0.132,T11multvalue=0.066
cost,Tzmultvalue,invtau_iso,strength,spread_xy,n
1.4274255927512818,0.033369871920650995,9.0583774685104,564393.5399989765,0.13598510117993956,5.166800979923964
33.81448409219207,0.02375915049513838,2.938532919458904,799018.2730293082,0.10736471663494448,5.7625484545886945
36.63390717209124,0.03357662441520181,10.158475346701149,1090292.370839735,0.4699455209502391,4.947057123342631
2.1999095117647673,0.04180334287167842,13.629356885029482,1011990.503255757,0.05134580272711811,7.654351255949407
28979.506608189437,0.020422739380636504,22.29762342633872,287878.6663993493,0.33460664281736274,3.013727619454664
3009.2546839594984,0.02936869592907795,19.188362530591597,628552.0605666436,0.39531651696730974,6.426878345427883
11.29458261590004,0.044298088260228775,12.691909181049684,1119706.9876098998,0.41297074849429527,6.832194275678331
8370.122516531574,0.027592625124722207,24.582729133361727,85519.80709172774,0.16636935069149175,3.266535349055319
2930.927351266722,0.03602579850315753,28.658536533585295,758724.9574982584,0.1798923679359744,4.493978580903984
108.13038205657254,0.04086667945549157,7.818721433223491,462155.35043289745,0.1529925862974556,3.825748090060559
2.966552250756169,0.03496661084335936,8.639528852316255,548513.4991260297,0.07456528634381088,2.3340683602996237
411.4992716906371,0.03913848367427607,19.737489799345305,965548.0979366938,0.20380408487303453,5.019174500648018
283.2369911948977,0.035118841972975295,14.726499758839656,200330.82043682446,0.27051987249816434,1.3348967434787578
23175.222306649845,0.021892205486794727,23.2917854606737,324128.44304522226,0.26007049915745484,3.7408355402720277
403.86290952713017,0.02258581680520708,0.9748396786832974,891632.221396496,0.43917607557500526,7.998766426012224
46.88025736326283,0.03294860228667176,5.984311327233039,426381.1051459635,0.24705300969948688,0.656343668136131
9.802170380179188,0.02682585467540465,4.6896243094114975,851844.5976974589,0.33914290152460214,4.34849668828451
574.4086436764092,0.04314296419324991,1.609325289060349,39266.26895251474,0.4489719129023941,6.5958857991351865
583.8720115130399,0.04293689219814448,25.705058992839973,151165.76239006512,0.21269671408213844,2.8722353241401226
1946.1480546886328,0.03709053137143013,26.704700642578786,595781.23115632,0.13839910783089276,2.267189627485345
1288.4411447747011,0.030929072370655498,16.364649251409872,1166836.6385316239,0.3619830567709414,7.315162437618762
120.07228576497516,0.03893957635412307,6.548851847049251,368378.9624206367,0.09325671719946177,5.4716446456401755
6667.291209100142,0.03155768629423489,29.406172104454996,485266.2047224741,0.3893106116524826,6.175296033690098
8514.975339901212,0.025241077281799376,20.626258605904344,944174.2501831609,0.48740542701286704,1.5479144041400996
2333.486777943259,0.02879868562199766,16.975294796852147,116617.58758205397,0.31271441991134463,1.768424543489735
668.3738569241124,0.04002990799030586,0.5640503324757287,564393.5399989765,0.35697599494242455,5.166800979923964
413.0552849633623,0.04143420978652093,2.938532919458904,719571.5829214733,0.10736471663494448,3.6449800966507553
77.17953144296675,0.03357662441520181,5.886566763740083,1090292.370839735,0.14837954735764164,5.422371702008954
691.3579670925585,0.04180334287167842,26.322941117153867,610553.8301834017,0.17835653047547828,7.654351255949407
210.30774465813747,0.03706271756998048,4.718804281943376,275254.77271707717,0.448495238984599,6.154492149850272
352.966214334928,0.02936869592907795,1.9566636840992064,851885.9121380588,0.4023505933880923,7.654796776859721
2.5954768068650766,0.040326221880022176,12.691909181049684,595822.6564931001,0.41297074849429527,6.832194275678331
440.2203041169828,0.027592625124722207,1.2208783176239297,85519.80709172774,0.15699250835685222,5.628206765328537
2674.442050020661,0.028052565721621077,16.832732134627015,758724.9574982584,0.149466096155787,1.3638669094702447
2.040251032951102,0.03319512382222204,7.703905397570171,39756.383399501094,0.24975485701457711,5.564314240735239
17.37542072087559,0.04310929769983145,11.610324163664671,548513.4991260297,0.18372321455600266,2.799917643556416
9.387467075392308,0.041914145177071496,14.413304578718906,965548.0979366938,0.48534230724059324,5.8574689191712555
4156.814138954587,0.024351939688500482,14.726499758839656,789355.5290598129,0.31234661564007116,6.9953131273986795
323.1149515616446,0.023714004411261834,0.9901833547091901,324128.44304522226,0.1089529031446955,7.847850612432463
5348.447811756132,0.027070806543534675,19.929433552287204,241250.27966379328,0.21002028621170407,3.802767012144365
46.88032051775217,0.03294860228667176,5.984311327233039,707546.1716229848,0.1457078965181055,0.656343668136131
313.5081414608044,0.02682585467540465,8.753226687746196,689806.735219641,0.17694380961312384,4.236505002779592
982.6324520723429,0.031225531130780276,15.477231735335266,1093664.085694564,0.3345334148266176,7.054223117939998
41.632567564224225,0.0335233951689711,10.248335779697062,1025308.4294580978,0.26309916314310083,4.817569557100362
185.41978065401153,0.03891926755170782,16.771885382961397,161224.32412337844,0.3466527683678629,7.472268282210535
11672.930152005934,0.020960030283888563,16.088707289101688,339467.9447662985,0.20084584063957212,7.348829424808711
366.40659220454455,0.037567483742478903,3.0695268051407485,9721.37630063342,0.27411896120732604,7.959357827536925
895.0819204223484,0.040699758239804054,29.406172104454996,806171.7135554818,0.06816792261846485,4.56622732100424
5455.055981510523,0.027440078481018065,20.626258605904344,998805.1154317763,0.18603973535549423,3.510632004367724
4813.40501289098,0.02879868562199766,21.716373555042733,116617.58758205397,0.31271441991134463,1.768424543489735
1571.6442626225107,0.021811807964948034,9.0583774685104,766223.10039235,0.05366713265652032,5.847455885844876
11.933272566165805,0.02935750390641257,5.543059094379036,602044.7576483918,0.23064696982591007,0.8925354317070191
537.8282417524133,0.03357662441520181,15.405809237975742,724736.8863843497,0.2929938469777772,4.947057123342631
53.77193387440085,0.04180334287167842,16.368695664800406,1149515.6693206402,0.4079699051109019,6.590874890658961
279.01774470843543,0.04077577782686795,4.718804281943376,275254.77271707717,0.4870718818919091,1.520158118146373
2679.382811635861,0.02936869592907795,18.464379940138215,600622.1594054049,0.4023505933880923,4.639067771022988
18.486977227378215,0.040326221880022176,10.099405325834336,595822.6564931001,0.4520134356734592,4.958856322714746
459.3706973693298,0.028061947333364357,1.2208783176239297,615050.4246854911,0.28368594102712696,3.8026715095692802
2155.4944892726444,0.028052565721621077,15.703891931996985,716345.8939157771,0.15563513414948682,1.1644830751403665
610.4264736771361,0.024036827676271903,0.3823791260350493,1159897.6015610741,0.49417293139640395,5.564314240735239
232.15119364927776,0.022647233733275207,1.4357781967654812,607653.1036643191,0.07456528634381088,1.7800462676163389
1.7192874192625829,0.041914145177071496,13.566036793928758,886952.2084527746,0.2212097821841746,1.6576956826539364
10908.49554164051,0.02210783026709611,17.42516959601686,697703.4531184549,0.3674006153263436,1.3348967434787578
157.37657595098878,0.028631905381283917,8.825549933621861,324128.44304522226,0.40301675370550033,7.410072867947907
13710.019922644731,0.027317318073462375,29.189996127947943,891632.221396496,0.3847990720452709,4.127681523276795
0.15148864757559283,0.036091923851473036,9.683655264310525,426381.1051459635,0.24705300969948688,2.554959947255778
10330.206128658025,0.02682585467540465,28.347166806481496,851844.5976974589,0.0777732005088431,4.34849668828451
2659.416873810561,0.030284881231102193,19.589368377021543,339806.2799800149,0.480358864538302,6.5958857991351865
1272.2391154494435,0.03496409238403551,20.850722038599965,1064830.850905071,0.2094209155408134,2.846136142301333
4588.257710551971,0.02790464140464603,20.03869288058156,968068.6701548726,0.3466527683678629,3.459316962793174
94.90098025374627,0.04041011917776854,16.364649251409872,157278.47182150523,0.10202054751170922,0.80830977465068
37.46558239777143,0.025373468221114404,5.406272538858774,354741.5604130742,0.06757660308784891,5.4716446456401755
4937.324285841946,0.027565574279481135,20.078895983853172,843787.7322192639,0.16693722299809022,3.105880637162615
5772.571806500114,0.027440078481018065,21.05826836500779,493448.27293775574,0.3134794500301341,3.510632004367724
2333.494180317509,0.02879868562199766,16.975294796852147,156814.6741879449,0.29054059554085093,1.7844908494506493
618.5180127378089,0.03652491503055296,0.8255750003187625,802506.3834097593,0.18346439249133617,1.8762916398092013
613.9465572476613,0.03343795034635351,0.7195881820473957,610887.5585653472,0.23064696982591007,5.424339284228343
75.36456042540054,0.04498638516245789,10.158475346701149,1090292.370839735,0.3715013831317234,5.624568818098224
2.114614374719129,0.04180334287167842,15.005899076108292,17456.88919980498,0.05134580272711811,2.3653396416501384
459.0323840724046,0.04090586331887547,22.081345391227398,385316.70587936306,0.1490662706801311,0.7712329911408324
376.8880782350964,0.03053143666949226,1.9566636840992064,596175.5940605869,0.39809228315963535,7.654796776859721
0.9542945004355585,0.040326221880022176,11.585538516969564,1148243.3923975278,0.4176641329552635,2.0766883972560617
0.10534228061825265,0.039036621257113255,11.268488756272712,396080.07810248976,0.30604333494252106,7.310401587447291
878.6415380978663,0.028052565721621077,12.120881547750288,803564.1586939277,0.3577570139573313,7.1401366655391945
1606.1432962772801,0.03754226367054305,25.73431806713859,509918.0122535445,0.24975485701457711,4.099363507292942
302.75987530929467,0.029315985742003843,2.273156478505612,368909.53373998374,0.44639732050474756,0.5030193210640959
14.386440638030471,0.04018114422219589,13.566036793928758,886952.2084527746,0.19967227037429647,7.5340582682302735
5.86491368850035,0.04282671186383996,14.726499758839656,200330.82043682446,0.19763048554002371,1.3348967434787578
3.8904339900747518,0.03170914398664642,6.876637197176898,324128.44304522226,0.2582784202943635,7.555860728099205
403.8628219517144,0.02258581680520708,0.9748396786832974,891632.221396496,0.2309635781461419,5.832054702442155
6.85153143570364,0.03272178407840055,7.5166954984245535,1174107.7078653784,0.15454588724592566,7.817200938313528
3348.261160864292,0.02682585467540465,16.589065114946255,1072500.9868323496,0.33914290152460214,4.34849668828451
77.98327681573556,0.03798392680475638,14.097378161913403,1079628.6098997141,0.4489719129023941,3.229352237926923
41.6284651836932,0.0335233951689711,10.248335779697062,460943.9030869041,0.2168724365908897,6.974489684551671
334.0376717009642,0.03687252351758935,16.771885382961397,1052097.9257657824,0.31502423755216796,5.624568818098224
159.6562213958498,0.03808612432974849,5.510501010679379,433489.38412139216,0.10202054751170922,5.147345153845188
14.335153618794235,0.025373468221114404,5.406272538858774,365283.3024960777,0.06757660308784891,1.5674632689394716
446.25586800202734,0.0437501793830633,3.227325526217049,806171.7135554818,0.06816792261846485,1.262953835433334
607.0304498280743,0.024146236488775123,0.3967525914611798,1073420.4915550232,0.44521722121545426,0.7196834484114083
711.9907994683181,0.02879868562199766,0.10469753299838125,934285.2567237508,0.3940628593635751,4.961589210395087
68.5760077437521,0.04322374026364529,9.580811717439914,357855.16706605395,0.4548150748844851,6.2143678974632195
22.724618761750243,0.02531517066443956,5.543059094379036,398119.4901608906,0.07955088657046192,0.8925354317070191
31.56307689843115,0.03379836336056906,10.158475346701149,1090292.370839735,0.4699455209502391,5.256568756995629
321.21289566192326,0.02748151565252357,9.230591384434625,867878.9124088036,0.4312809580272776,3.6078999013439708
14.663162081157253,0.04012628469748906,10.205787628591402,286723.2910880656,0.2664097735958998,6.154492149850272
677.0523217203818,0.020030841631159597,5.777239776540876,666088.4947788506,0.1897390594676553,2.8433143347791514
19.72075519427537,0.04331544802654537,11.585538516969564,128111.07348452986,0.19585516204532766,7.180846326522762
69.67176754898156,0.036091923851473036,6.652594685195334,839934.2289094591,0.28467994225930815,2.554959947255778
191.35883857238858,0.044092338886354505,7.035514452067314,597598.8561734899,0.3010398502926635,7.1401366655391945
182.75507788490413,0.030177117479110328,3.36825806595124,902549.0697048849,0.24975485701457711,6.377412343348754
6.0676362975196,0.03496661084335936,8.412116703706218,548513.4991260297,0.07456528634381088,4.495299654878924
35.916954754476805,0.044200851058484744,11.235211139104639,259819.23766108905,0.3447873107332649,6.6690678671924575
355.3212644594579,0.04282671186383996,22.922966504659854,1057070.971679891,0.46403215099845085,5.279831586722182
18.590861175921418,0.03702773222291625,11.710134786123449,423112.21764904517,0.28243860637683327,5.451194506653781
5190.858732462821,0.02258581680520708,13.71074808403042,295880.3436178559,0.2309635781461419,4.417637299132522
1.0819076666365968,0.044470403497032227,15.121592616164044,564393.5399989765,0.42073643594854127,6.781399258444932
1812.76551952753,0.02779950763684468,14.613900980306632,443865.68649107567,0.44641481983012665,6.615937613099123
5339.272765204867,0.027872476253133417,21.11627359299527,392419.7620832096,0.4489719129023941,4.045565918380325
10.576484982239132,0.028065068445324262,5.108032119180157,460943.9030869041,0.2168724365908897,6.974489684551671
1127.4006111512856,0.03190111521622592,16.771885382961397,839934.2289094591,0.28467994225930815,5.962184203068305
110.2910900137821,0.04041011917776854,7.386752131729384,807394.3069722031,0.3445305793779176,6.117806272378891
12.683049915118634,0.044018132669486246,13.62600816621405,365283.3024960777,0.06757660308784891,5.025546414674274
113.91451615591978,0.040137023655194934,7.212160548761981,1168044.1197373595,0.3615825051277023,3.090428753248351
679.5155590610036,0.03676030332729569,0.3967525914611798,873293.8777729771,0.4122426047887221,5.281378653364682
1074.5415448999393,0.03809580916640908,23.62362113389576,1162178.520593844,0.3940628593635751,2.3232791362676766
181.25961773653586,0.039036621257113255,5.666010267135279,693139.7544863386,0.3920254995513173,1.3466802431117735
70.34926372828383,0.03738298286489187,7.122770831661117,551163.2514076575,0.2477900759643734,4.434398274374262
88.58396430633951,0.03379836336056906,11.336154841422639,715968.8287341819,0.36154205703633285,5.256568756995629
2.836053207169104,0.035756003277686035,9.457445666020813,427389.09237944346,0.05134580272711811,6.467287184987446
1.0177359334979807,0.04367245071256358,13.574266477506848,286723.2910880656,0.20107234169317012,6.815371303041953
15.553576865533987,0.03674460031340005,8.512986231809279,754301.401156901,0.4023505933880923,7.654796776859721
0.12966079643800438,0.040326221880022176,11.91770617890006,1148243.3923975278,0.21018129053353526,2.2265194583149848
1079.0139988411715,0.03156274587740022,16.220164837008923,426381.1051459635,0.2968022782144548,7.217337463495631
96.14658430916568,0.026500106213338755,7.035514452067314,63285.916330880485,0.3010398502926635,7.347808461060296
148.4945499587455,0.04329071754901077,7.703905397570171,168553.70302432578,0.11024290111777557,5.772622738236002
124.54874786965883,0.044588473204801984,8.639528852316255,395303.2280511403,0.28654769256258317,4.680133093309741
140.60368660365555,0.03578990897417916,13.566036793928758,886952.2084527746,0.26271376134388025,7.714472568135079
176.59586628522447,0.03661279926983352,14.726499758839656,200330.82043682446,0.18289521110137041,4.646373118314559
13.95077105996656,0.033261529275176345,9.2706830585641,866066.3344494004,0.46330013107282186,6.398699293940991
8.09769341118172,0.034958585731779894,8.069902735107005,256618.2955908624,0.2309635781461419,6.7792943026838905
37.315954042847835,0.030276685385735386,5.234773075544576,884091.3335627893,0.4743682300382006,6.781399258444932
10.664312940523311,0.04218993327580921,14.701907359458227,851844.5976974589,0.33914290152460214,2.7827354362036854
0.19783541641626412,0.03434192627987538,8.592328054446465,416294.94253972935,0.4489719129023941,3.229352237926923
225.93742472436122,0.03938944007437756,5.108032119180157,1010510.7329595964,0.43482701817936664,7.130409410725975
0.10637232733650195,0.04128114343070289,12.532310486312037,161224.32412337844,0.3172190317093454,7.472268282210535
0.19840125480419402,0.04373131623435113,13.944649458098958,375865.2136652501,0.32369515222510903,0.80830977465068
1.124585601429984,0.038604348706496296,10.58012589770794,285814.8569265842,0.24928646014792497,3.816899863636434
2986.6237486876616,0.02832244959538082,17.797894349238845,81298.13412214542,0.2545630480443856,3.090428753248351
1.094290404366769,0.039406847201009426,11.873087874937454,820539.0824085575,0.24989006959667676,0.7196834484114083
720.7041472488966,0.035696163651944564,0.10469753299838125,635249.0135741279,0.42050729312951174,4.961589210395087
399.4698430703486,0.039036621257113255,19.510823698435132,226466.93285443378,0.29066109193422623,7.155491276635026
2046.6314994227464,0.028719550254128513,16.1959175582123,250270.20629330922,0.23064696982591007,6.493175696767257
19.261495034702477,0.04495788429243379,17.31767869005615,671792.7185879002,0.10673728849226724,1.1576386622304637
329.83884112585565,0.034925923405234816,15.005899076108292,479303.38980583975,0.3563332072118152,0.702691891008814
206.60831221072215,0.0259236221725122,2.3279148630502036,787170.2229407382,0.33818665989421814,6.815371303041953
61.659787140987014,0.04029211689138925,8.512986231809279,1128351.558578256,0.21271647381184552,2.360968635172603
0.6247946151151277,0.03897931250252616,10.907900984459602,309295.6173644241,0.1866634272791427,5.2457283145522045
0.15152374918436695,0.036091923851473036,9.683655264310525,660911.6283945652,0.476731450351337,5.738710962527483
23.8805170509735,0.034111663030497036,7.035514452067314,1113437.8797881198,0.3010398502926635,4.459837670044741
10641.477033106512,0.0241476133241087,20.593706816606044,359424.5907025315,0.4911056640072257,6.989341047077858
66.0133970396633,0.029776354577522327,4.403289017174398,96444.3080599794,0.12128924112271725,7.308352299689994
6.919382858156722,0.04084718644055535,13.566036793928758,529099.5407661429,0.1570271607615614,3.5740023226235227
145.3798719137933,0.04282671186383996,7.522444950604112,412158.7458393584,0.19763048554002371,1.3348967434787578
936.8829506073121,0.031316102830961756,15.37085067413145,1115141.9178824807,0.26751633746200887,4.0608786708211895
137.4852149213852,0.03796532028051938,15.217542645710843,373540.9923846411,0.2309635781461419,5.956779217652838
6.923415471912488,0.03732481615690004,11.26047671625023,980435.243516227,0.32564821739436095,2.28912669863527
1172.1141762766101,0.03384333771752716,19.08730151765137,89097.65453091374,0.2772508422541754,6.440055073680357
143.51536849661144,0.03434192627987538,12.527256849944115,416294.94253972935,0.30663098123723687,4.295094663237152
0.4282161596047553,0.041856812039815804,13.195881834793695,460943.9030869041,0.3034129411226697,4.380633168965351
0.8466105785866682,0.039092438152860016,11.628854536921455,810822.0982681708,0.22601413416702987,4.659475350486343
1.3282882402281835,0.037211892971535876,10.626700053713078,1037958.4906404768,0.24049496555501682,0.80830977465068
28.140859456837653,0.03194349457936961,8.98463840735466,141404.93466162763,0.3431387066603062,7.202005147469884
136.21864769181857,0.040137023655194934,16.98787096822946,512173.372711448,0.396322514672653,1.4973266911546292
1.0942838361231422,0.039406847201009426,11.873087874937454,523109.4660673806,0.2714236559450802,0.7196834484114083
41.74996728137968,0.03721694414736663,12.662260165421806,133934.73944302357,0.160276488472558,2.978056189951329
16.992037336053684,0.04242823331484209,11.268488756272712,201456.91284150333,0.24040479093369238,5.138212060528544
9.239011000220206,0.040489476107317096,10.744925492607027,654271.5940293772,0.23064696982591007,5.812121658727842
20.50493797430297,0.0448617869358848,17.31767869005615,615108.074511297,0.2877117075380652,6.153546830698154
1.1647673506583591,0.04180334287167842,15.005899076108292,907173.699365807,0.05134580272711811,6.327338247399041
37.72697125147275,0.04367245071256358,10.890579758970937,202427.04789100692,0.40980318697370444,6.815371303041953
24.444351260665933,0.03636841128484303,7.978950545199166,333599.01021482656,0.36540627409562776,4.648432997223785
868.2676731591407,0.027860026603163977,11.91770617890006,771000.4335470991,0.3976439572567254,5.6737945500109666
3.375390441750487,0.04417501187446145,15.355482295161806,998332.0680498921,0.30761772268384757,7.257854675217661
107.25616656922676,0.03926608407017536,15.706459940853682,769476.1679532022,0.3010398502926635,3.397361839261384
9.238430796354145,0.040489476107317096,10.744925492607027,654271.5940293772,0.37978207925828333,5.812121658727842
1.361559261432673,0.03496661084335936,8.639528852316255,548513.4991260297,0.37705574855756946,2.539624813684224
765.9391960775463,0.03370949331774901,16.91182419172817,886952.2084527746,0.28233888547787994,7.3317220024072025
17.56717888817125,0.041725584099005536,14.819397595917989,369257.64521441964,0.22293054642658322,5.704201130550672
417.9823919748146,0.03170914398664642,12.986305028844225,663556.0057529785,0.2582784202943635,6.852055995224022
3.2193151902876957,0.03787010262007562,11.263028909234194,794291.9954635422,0.3194031857538983,3.888627263513617
19.981450028948007,0.044470403497032227,12.193163274849828,222164.10218922043,0.20933673894023547,4.436178907571067
204.55513369987534,0.03666045384823834,4.6896243094114975,134725.79955538874,0.4335348708112481,3.0685825336769295
8.397220281965744,0.04167770148979115,14.172115950001773,336451.9742429431,0.4321550376361748,3.229352237926923
0.10306137409991739,0.035922003759977124,9.493034336450073,460943.9030869041,0.400866928788978,4.602897101571062
126.32635474110258,0.04128114343070289,7.367469032479971,848289.4015266707,0.26117761069669615,1.5810376641378352
1.7977418811562003,0.0313182952636457,6.879118356776049,630166.2732252752,0.4882761920215389,1.7880048424406456
17.932295667143826,0.03524306657993306,10.58012589770794,285814.8569265842,0.3038167828559297,7.915049592186607
49.670173998991444,0.040137023655194934,14.963013224448769,620343.7956361647,0.34781592676327894,4.089093487930938
317.80135721685235,0.031190995059240327,11.873087874937454,523109.4660673806,0.4271213549409515,0.7196834484114083
0.15147757276059842,0.03350860692515507,8.205577421405991,635226.9590544055,0.4856333434776372,3.755510159815548
91.65584986498766,0.032206426785422744,4.9488337499385295,409325.0081357056,0.42187933390105053,4.602897101571062
101.60934228438094,0.040489476107317096,7.603803584157496,570486.0479638323,0.45189807437403123,1.1745077298837732
220.36288857095082,0.03896486722771884,17.31767869005615,979690.6629532352,0.37437006756512375,1.1576386622304637
4.897819795151902,0.0403879279731177,13.001489043210634,485955.9409928614,0.33557388839394237,2.9979835238078
1.9454583230921054,0.02938530285702683,6.041193962127615,741854.0882287088,0.3565106302057586,4.420079142478729
40.68017448315895,0.03674460031340005,12.290476307260134,182629.03858711105,0.35786689466302557,2.2914348368659554
5.532314463074479,0.033371268721538096,8.911610332670223,1037433.6485792401,0.2912081403868743,3.100628509177055
1.8841635981496796,0.03637689330153869,10.235893718544215,982468.5694798512,0.24705300969948688,1.7959352433684819
0.9836039837903554,0.03658268744475149,9.525098070793998,1113437.8797881198,0.35685676343632056,5.685743943125184
0.36183515202906136,0.04105917200880082,12.669025107426908,888353.0437093417,0.377036236049425,5.564314240735239
0.66813435878377,0.03587970164884815,9.226868650162,396884.47745707515,0.31274737084484816,2.539624813684224
127.21338353546889,0.03605796593425177,13.566036793928758,840304.6346155568,0.3019595293438549,3.2644087777756736
0.1954853011617413,0.03481692318693026,9.037038942530328,474892.7075153261,0.49876100229111686,5.098551013453789
1.6416399347722195,0.03170914398664642,7.069098336587487,248283.6255727046,0.2582784202943635,4.351861368357074
0.31392343986092375,0.035580660111981036,9.1734549148001,418834.2081307714,0.36508734970134765,3.888627263513617
137.3053432416987,0.03784959822560369,15.121592616164044,335092.1625838194,0.42073643594854127,6.781399258444932
8.558514752024365,0.02857573089761221,5.368805828808927,851844.5976974589,0.3363205824628704,6.720822746782506
1.388084863552303,0.034158550762680595,8.240193891333352,416294.94253972935,0.4373826214001255,3.4353809371056725
94.05242042583578,0.0276942910203352,2.9448698289463433,434666.91145700146,0.05796140547320808,6.469787013568519
663.2181895477169,0.029550721684330098,12.532310486312037,161224.32412337844,0.2965374131740974,5.607044155518116
4.0052396944855815,0.041978470966829946,13.944649458098958,728314.8561125677,0.46521063005657726,4.4140660890977665
6.465722747186442,0.038251664266701305,11.792429205636724,260874.7066618054,0.24928646014792497,1.0070433664651013
11.425734114226064,0.03764418039414723,11.744344161857217,736941.2506733341,0.24271394685411454,4.723093114305165
48.39696552339757,0.039406847201009426,8.520552708267378,540761.0742943756,0.4464713915564352,3.6850180194769595
0.17530864919476094,0.03907156967336288,11.371914780400648,588928.8277748892,0.39280009183530834,3.3116026172109727
30.17205228938996,0.03897291075080228,13.463864442655115,460943.9030869041,0.22621218809024443,1.4582252311419488
22.965671174259498,0.035204323215911125,10.744925492607027,654271.5940293772,0.23064696982591007,1.4499495508935154
0.43745944445042934,0.03442883514535731,8.550000243161527,139863.85813188588,0.2122110646354676,5.097740806783904
326.03733856840125,0.03496623587340789,15.005899076108292,229458.29584618565,0.27401237352415575,5.606202229832961
0.8509841202762967,0.031616063557341804,7.12926096810789,680967.2083207848,0.3426441670772671,0.5225849611898519
0.8955896465177173,0.0428743463602356,14.005356990222507,575464.6479934773,0.45015822068477274,5.126679520783764
0.6409383545734512,0.04154996097123735,13.079120629634968,584651.295093948,0.25925804644166583,2.2265194583149848
2.7266341178637346,0.040929298709050335,13.093614013406574,867595.0984525541,0.3249103466771093,2.554959947255778
4.034719966840882,0.0314399646083145,6.75022596759251,656491.3284570539,0.3971564085469636,5.685743943125184
578.3381514523961,0.030200461482706824,12.669025107426908,429801.0239942715,0.40832832873628766,5.046800508406808
21.264781708522563,0.038813677015179404,9.226868650162,396884.47745707515,0.2934567519812442,1.3806619409143752
36.62243865983986,0.03878971089904927,13.566036793928758,442062.8513663464,0.351873049652964,1.6576956826539364
2.699459827644475,0.03370083777515404,7.873139480452664,564327.3456015296,0.3444974523217413,1.5697246584581985
66.39447802844487,0.03170914398664642,9.629782683714907,766684.0347192247,0.3854001462586254,6.25850361609311
16.803256664076653,0.038268021361635984,9.1734549148001,418834.2081307714,0.1884027435798002,3.888627263513617
142.41102899372737,0.044470403497032227,8.177962167440857,564393.5399989765,0.3519176004454253,0.6568996298615124
4.059632775301729,0.035308719718119996,8.516423733805047,304505.79379101185,0.3363205824628704,6.720822746782506
0.526626160256396,0.03610619247174987,9.379590498825085,416294.94253972935,0.3512314679948083,6.186090082043919
124.02067214429286,0.039036621257113255,6.629555964152235,788835.6737193377,0.47833381901306854,1.8693217031889695
37.61928117483346,0.03723963980506441,12.532310486312037,244128.2150313846,0.4100182134567129,4.1308952665288
409.59968942659964,0.03442801307057711,15.248642580916933,732434.0369058358,0.29492093448859114,0.80830977465068
0.35217216503918647,0.041853833706441204,13.160314879439445,450180.79503026325,0.24928646014792497,0.5556719743471126
54.52000902625237,0.02658004168004276,3.787348183312117,548488.4189930386,0.24271394685411454,0.7824852731257006
10.04890434728816,0.029158705861456163,5.533965331003612,496598.96025127306,0.2714236559450802,0.7196834484114083
13.26616893034226,0.03094981049781184,6.113315139889728,107448.30307922629,0.2997323066656674,7.046783123533539
33.38861814589575,0.026653174366464735,4.117900247732569,225796.28169969254,0.2897861345283636,3.6988916544406747
9.67949806058638,0.03240761764552978,6.85638780122672,335175.5329677544,0.442041155282732,6.416254834796436
3.281333140949105,0.043781186024755794,15.06928358076521,630213.8006748457,0.2122110646354676,5.694588887304345
1.661439577003093,0.03500595491591481,9.448577439058841,907173.699365807,0.4618877501402152,3.1015120660968476
15.145020766925477,0.033594991605449334,7.12926096810789,30072.78008187341,0.3426441670772671,6.593399953514992
259.13089239612157,0.0428743463602356,5.520596824936259,429710.71236490866,0.25556346646183004,5.126679520783764
0.1806222389312634,0.043406736885538186,14.044496483765426,1148243.3923975278,0.21018129053353526,1.9388888677630889
23.126204971537963,0.031838701240103365,6.148512917074388,426381.1051459635,0.46552909088338856,5.628474270330232
17.564038374745053,0.031792813706665105,6.300737948089434,1113437.8797881198,0.19107346593669572,2.0997667913468043
1.5873474938758902,0.03641099201753208,9.335050723072175,888353.0437093417,0.4383323999641009,7.722355496384231
81.99158699171504,0.04331571761608728,9.226868650162,177087.35114777676,0.3643985000470024,2.539624813684224
161.1589783532151,0.03541258951542174,13.566036793928758,453424.3069474414,0.3866947190711308,5.9317398805929855
8.206145163886204,0.03331489940220521,9.037038942530328,347144.32235652866,0.49876100229111686,1.1071407468380507
1.641485041275445,0.03170914398664642,7.069098336587487,736374.9989341581,0.2582784202943635,4.351861368357074
98.03840179527224,0.04423704171016748,9.1734549148001,276567.1429671799,0.36508734970134765,3.888627263513617
374.52176738699575,0.044470403497032227,4.190043724558775,837224.8161499551,0.2507619997558542,0.8441653678204335
4.059632123051957,0.035308719718119996,8.516423733805047,304505.79379101185,0.3363205824628704,7.180593146571292
0.22378225114334235,0.03621996351504445,9.546254847795744,439073.5754934683,0.34871628963799717,3.2587746637740582
0.4604700612312701,0.03751228716520423,10.605231983597527,396080.07810248976,0.3715515772645953,6.251630895892364
183.05522850728306,0.03368934854142283,12.532310486312037,138913.66934146296,0.4926488519975183,7.472268282210535
37.5450782809869,0.04373131623435113,10.927687921445322,481092.24282146327,0.32369515222510903,1.797322742193968
9.613682483964055,0.028177584380290756,5.181953214518888,933231.8350074658,0.15490879616163186,0.5556719743471126
31.36985746475556,0.03764418039414723,13.216924586449547,970188.6448157493,0.1470907640788662,3.623389990000115
0.6024632300252861,0.034129050372872824,8.360666461073162,523109.4660673806,0.2714236559450802,0.7196834484114083
0.3040592438950636,0.03987225839930504,11.529833418101335,199759.16818371462,0.4232289232719515,3.755510159815548
0.12142335413550881,0.038055637297830014,10.621336902522025,460943.9030869041,0.30342183400903106,5.721289575842817
0.1132828005854932,0.040777260259535514,12.316500186161417,386491.8285649852,0.4272973073804931,4.647709810645434
44.96131387761627,0.03923145255993513,8.550000243161527,534602.5068782767,0.356859296200065,5.097740806783904
78.2773925388082,0.04180334287167842,8.6916846109195,476265.2096012679,0.3710392647585206,2.1983720379153198
1.2713630342868685,0.03753461018946039,10.8022699972318,664800.9909909976,0.3426441670772671,4.253568477851297
0.3557856050275022,0.03354819442887732,8.139869695015719,575464.6479934773,0.4731368406122146,2.539369423300049
55.26379973427329,0.040326221880022176,8.712439940567652,536325.9900682103,0.3011869012991844,4.595013962959868
22.237755161433984,0.03277558797129167,6.543937442965042,214021.61172213242,0.2312979031073773,3.369795714266706
6.897374869983023,0.03104085136374825,6.416461661105101,415689.0116997133,0.44031900065669993,3.7519875353152297
10.643427990522417,0.030844619868658416,6.170197097640619,246286.1830367201,0.29542888124935707,5.564314240735239
57.570775343536496,0.03128952166083911,9.226868650162,329535.16194863897,0.3581831885952886,4.804744118501199
0.5352734713926466,0.041464688665834304,12.990024339622515,425127.9380619711,0.3680526809200512,1.6576956826539364
0.19548522735393187,0.03481692318693026,9.037038942530328,474892.7075153261,0.49876100229111686,6.482225823705246
4.51729693528393,0.03681418869007935,10.765961947179186,736374.9989341581,0.36545547050167443,5.706938461298362
0.16625633116955868,0.040901828497131455,12.456450457438345,331582.2193254064,0.4137144018499149,3.888627263513617
584.1825312494916,0.03294818379288464,15.121592616164044,235313.81223809568,0.42073643594854127,3.730956644790351
4.059567305551237,0.035308719718119996,8.516423733805047,343225.99210864026,0.3973163317539332,3.1402058750683555
3.1697146828968044,0.03221283698474816,7.152261829954587,510486.94402616925,0.4489719129023941,4.1286038396815
6.529100230835924,0.040096108467129944,12.964749685682902,628668.1205654969,0.30604333494252106,7.310401587447291
0.10687431226534357,0.04128114343070289,12.532310486312037,266746.9924961559,0.15149991909710467,1.767461923787629
6.957495511024334,0.03159962048264406,6.6470295949694815,408635.98647221376,0.39082017990999623,0.80830977465068
0.15949027685098482,0.03584244513092888,9.385548825645916,179420.22910706187,0.24928646014792497,3.755608533982069
82.83449548433899,0.03454682852887916,11.744344161857217,736941.2506733341,0.424160267174621,4.225753202042405
91.2981734965884,0.034129050372872824,11.604891332593164,365392.3402572527,0.2714236559450802,0.7196834484114083
39.2928682693975,0.038030790111896626,8.205577421405991,289285.08997773327,0.42840842055763545,3.6865640779134514
11.276656664092783,0.03243486902728351,6.797113957591309,952226.2085293818,0.22369463554045965,0.7701790833541504
280.9234535930615,0.032149115629005666,12.316500186161417,608271.2614440576,0.4272973073804931,5.889553941911982
12.530274168267304,0.033542999238293604,7.214963794472034,240442.32739646855,0.335294434899016,6.083124885311935
4.228835504049816,0.03180093757247437,6.89325410573173,469688.8303766602,0.30447852228629824,6.327338247399041
19.826799174258994,0.03654818868689915,11.459404330628994,476780.603332459,0.3426441670772671,0.5225849611898519
0.7903821362087106,0.03322863029801293,7.887728524183054,634345.9437531811,0.2695019238871907,4.924370140270154
4.145165968653416,0.040314940785694885,11.91770617890006,287382.2559069306,0.14379376434685304,5.142768658731714
12.530620934180943,0.033542999238293604,7.214963794472034,240442.32739646855,0.26476522096671684,6.083124885311935
0.10001991853370043,0.04420916051588225,14.424592217268126,245667.13972194184,0.42224700314759755,5.685743943125184
12.953275884383544,0.04105917200880082,10.79239167824321,450882.78090218734,0.377036236049425,5.564314240735239
4535.230718338988,0.02446543514469396,15.33026210206756,207178.86226707167,0.27844691232159513,2.539624813684224
0.29118938066757916,0.04359241731116713,13.792392527891007,464352.69584780704,0.2818463813597061,2.8771459635851895
50.17561119979958,0.04070942009070776,9.037038942530328,474892.7075153261,0.2786562050818696,4.33584680048922
2183.6266770181373,0.03170914398664642,20.15942242420173,678384.6958731203,0.2582784202943635,5.9261679913671905
0.38186277693704623,0.043346231831632845,14.131337473530284,494293.3914729218,0.4789509908752694,7.980064687836305
9.763231390228086,0.044492648752797646,16.27604606995667,59047.209546903265,0.49038889460947105,6.781399258444932
4881.874831663737,0.02432788716349342,15.56321688584698,149303.29660789884,0.3614352572016422,7.4221058364451755
524.1594910002511,0.03940030621070098,21.103038309411076,389386.24656066403,0.4489719129023941,3.229352237926923
69.19806998934837,0.039036621257113255,7.79677016175618,55324.97217645694,0.17296198342902264,0.8013159257880265
0.10559459881549677,0.037602394582543365,10.45480063065764,263353.8657387917,0.3172190317093454,7.472268282210535
0.8533862458115555,0.0422139953591336,13.565223481744443,446221.17491263105,0.26401100386991183,6.708854514357048
221.27556332632804,0.039045125996076256,17.402298686713753,331254.95220097044,0.21784170832800792,3.755608533982069
1779.1215838350622,0.03184935728143611,19.08604427860115,420172.60702187184,0.24271394685411454,4.723093114305165
43.283601142471326,0.038676265220072926,8.360666461073162,357387.2772412969,0.31128624011165507,4.834629803249408
8.309126848206066,0.03527755884834771,8.205577421405991,320977.8983715364,0.3565929849501868,3.755510159815548
0.10002659502457836,0.04420916051588225,14.424592217268126,74796.9213468231,0.29393011331722285,1.5704716544350394
0.8120106794263868,0.040244274306349456,12.316500186161417,467562.0675321862,0.4272973073804931,7.234873023318185
66.55126060459116,0.04070270579925084,8.550000243161527,336429.5162798983,0.3975112755193596,0.9766821180941112
0.6705880787166703,0.04448644905148175,15.005899076108292,485044.93310250225,0.26527066173546404,6.327338247399041
3.0145904594810373,0.04191179940197083,12.14223653368089,261932.28098623152,0.4004527228917799,5.953429362114393
121.69601429333642,0.03354819442887732,11.663680445392803,306194.29967136536,0.4474384611708849,5.214692566068292
0.12965347065425692,0.040326221880022176,11.91770617890006,285255.95327495463,0.3619677575275253,7.850488696561095
0.2972937617951977,0.040854805431792734,12.512477947963045,426381.1051459635,0.24705300969948688,2.769838074829998
0.1419579075813533,0.04192214936307591,13.061486673916518,460943.9030869041,0.3107016732698205,1.42758623033429
44.367249928657,0.040503828812028096,15.065618789022102,173808.58416182816,0.44055544223041265,4.344536238475077
0.11858479168655595,0.0394096948485395,11.511796060700103,535920.2990108706,0.31274737084484816,4.017415818880562
1.8442104052589894,0.04359241731116713,13.336246036502482,474364.03476793267,0.28599668453608384,6.487775646324481
113.04699878218614,0.04436126014842415,9.037038942530328,474892.7075153261,0.10518158159263402,7.478899899861071
1047.24017346255,0.030714482210232343,15.233667984329983,201249.90425725695,0.2138365682362085,4.351861368357074
0.14162181507504243,0.037159031064250635,10.257445034934229,367580.5421141903,0.4137144018499149,3.9306544123257035
894.335872287849,0.03391119820987383,17.81198714891022,116547.18376631779,0.24922438880181752,6.781399258444932
1.9432683404406308,0.04290500396808473,14.258436820763395,102037.86146492948,0.3973163317539332,5.181538188521137
0.34620239802133396,0.037311758040460934,10.077184420057652,181718.88026581635,0.4489719129023941,5.471984809313679
0.30368256930719517,0.0434764260648954,14.175582238142281,456781.94376410265,0.30604333494252106,7.633909396364148
1.2290428638674957,0.03620972923619827,9.28781672651531,698900.4195011924,0.3229045480047521,7.472268282210535
0.17196801220949365,0.04065034100800963,12.308391930185621,375865.2136652501,0.3504139082385376,6.457635116718441
2088.5796536816115,0.02778373469802308,15.251431267550355,497479.9997076776,0.4681813360264919,6.7910013903238395
0.17781561544559193,0.039701804208718675,11.744344161857217,274554.14244650636,0.4926666034890095,4.723093114305165
23.67691840415813,0.04318885801142851,16.22090902446477,122404.42148263357,0.3541193249247097,6.0133025114513625
0.14162333493997514,0.037159031064250635,10.257445034934229,367580.5421141903,0.4413419256808987,3.9306544123257035
1.0836329438821528,0.04420916051588225,13.891234476002172,230632.72743982618,0.493621315879746,3.9028197417994215
0.10945899126457004,0.043305290249180145,13.883934151256724,386491.8285649852,0.43392507848612205,4.084196836785435
119.72980183559349,0.04405769185235604,8.550000243161527,204593.05417003587,0.2873744849670691,6.3225016952735205
7.891881971617223,0.04448644905148175,13.098328324236542,336674.96857638966,0.47254730617938856,5.443899575648544
0.18548402797717073,0.04293258287933445,13.743248925155278,358171.4958630586,0.4153124729714018,7.601833396401885
898.1025331949584,0.03354819442887732,17.450537876535144,448752.81367594365,0.4731368406122146,7.28194485143655
1600.6328245641,0.031107256709854134,17.634387931823863,292881.6773798252,0.3810865611316587,7.850488696561095
0.14169746489112603,0.04372566333667655,14.2104617111081,426381.1051459635,0.24705300969948688,2.554959947255778
0.1206644099789134,0.04451558051311067,14.541069538612176,218048.1149593891,0.400866928788978,4.725801676637365
0.6028311695012654,0.042848770890114844,13.189782305780357,342320.5143925095,0.4035995052120884,7.093700280200587
0.17238664457397646,0.04057760268627227,12.023742940511763,128718.04597611155,0.4496514216578448,6.2897309759175775
3.6505245403875914,0.04359241731116713,14.99127947019839,464352.69584780704,0.44243893633307796,2.8771459635851895
0.10367891216312641,0.04276889527533785,13.523860747148719,125539.3414338656,0.3159475795658263,6.301419160796663
4227.416255404967,0.025563726202000994,16.328874788454094,260687.68055457028,0.47921467193335265,4.351861368357074
275.74355000251506,0.037159031064250635,16.407263449655723,370165.3659275702,0.49515340169887034,6.403131472664361
0.5243834457684263,0.04428096218320682,14.812104475286464,233269.36106203904,0.465171609631701,5.094971088051364
0.10056984868509013,0.044996854482834074,14.922072715210687,415047.08237770316,0.3973163317539332,5.181538188521137
0.14357944343062742,0.042367383403417246,13.342652454999934,241296.7118043896,0.4489719129023941,4.352681195914529
0.1024384537499795,0.043556589242289674,14.021341245091278,294919.284089627,0.41546955221433324,6.040373357018176
0.10027117007240532,0.04355468018099697,14.004362543037901,330101.2912787668,0.3172190317093454,4.398450599207885
0.5723010640918853,0.04065034100800963,11.879297108775411,115387.4176434615,0.3504139082385376,6.457635116718441
40.410573941282976,0.040755009180227134,9.385548825645916,325840.3953117174,0.48489553063654145,6.3253514217680795
1549.8227099134224,0.03004360796864061,16.289389525777377,296717.5307618797,0.338108027289544,5.129984706639381
0.24018478363501689,0.03893042080747973,11.330885592048611,375104.11951302504,0.2714236559450802,0.7196834484114083
136.59331442598102,0.037159031064250635,14.562337961105284,230859.21341967373,0.37049959088408835,3.995857564265401
0.19446913790626738,0.038805945351048615,11.230997253351116,338291.3707690253,0.48146182650397984,5.830472788032553
1.4381408848595454,0.0371255121885868,10.273084287071086,419361.2591587864,0.12142295574490122,4.084196836785435
0.11451441545778523,0.03828631498252128,10.857424664496396,198770.5739154917,0.2998072484266944,4.319390080128463
63.04457223074833,0.03968029259868745,15.005899076108292,485044.93310250225,0.4405622038653698,4.192261871213106
3.247006076772823,0.04293258287933445,12.708153192971015,358171.4958630586,0.4497839483114879,3.3867553331911884
1826.645605495121,0.020736818842866482,8.139869695015719,187389.0938152849,0.3856152585393768,1.5137820958708712
0.12970670393894904,0.040326221880022176,11.91770617890006,154037.96359554213,0.28907688244888535,7.850488696561095
0.1991927799563198,0.039218333672733266,11.4746449631604,331970.33250346506,0.24705300969948688,4.44330605563127
3024.1368420719778,0.027090759027561452,16.348364877396833,27849.61339602375,0.2995459964034788,4.602897101571062
0.10005372532940177,0.03862858539289058,11.009008870915928,70842.12724542734,0.4238280754566072,6.535689924533466
33.50063535597948,0.0394096948485395,13.892555891879887,455729.9557994199,0.41508747592679657,3.8416244484577513
9.0976157067511,0.04103506938584162,13.792392527891007,170745.4270406253,0.3424792701518846,2.7869549244146152
0.10367883866253687,0.04276889527533785,13.523860747148719,125539.3414338656,0.3159475795658263,4.116812644514274
1.6414396425810962,0.03170914398664642,7.069098336587487,150405.32985913195,0.4920167766898041,4.195635058797026
3580.6276709697568,0.025815533055447384,15.71690433775237,297284.46813103405,0.46001003141594066,5.509719438151215
0.3038027929199963,0.04430348613719427,14.720545776164887,218786.83412585536,0.397616576935311,5.457666624855244
0.11713898141732723,0.04366309380722459,14.131902537895897,415047.08237770316,0.2656278589127206,2.8517074106412843
1.3283461126639404,0.042367383403417246,13.781320210973991,93882.36955112062,0.46603827497661937,4.754990394584855
0.893671604401832,0.04433020046684293,14.021341245091278,313824.16900749446,0.3725760760353669,4.380726397847698
206.61093573292186,0.039248828128681454,17.374539471375854,159363.94694041862,0.40872959859483515,6.928181830619097
36.77866127522525,0.04065034100800963,14.906919019209235,166024.66443798324,0.4271559966044447,4.329333292385305
0.10340937013654428,0.043911576010007836,14.193441495580736,179420.22910706187,0.24928646014792497,6.7682994579082445
0.6703690035821642,0.039362206966811884,11.744344161857217,483101.9416070621,0.4823618947270088,6.029845902239577
105.01843142654761,0.033411254661755166,11.330885592048611,74324.79348689353,0.3530373121238558,5.817526417284557
179.70656410565363,0.03835197340298281,16.201113564327386,75061.14691755024,0.4949646211265125,7.117807120568148
4054.780659075418,0.026257555988791773,16.978719405998966,386746.4958716779,0.36151902972834377,5.440319752132803
4368.809827840425,0.028512991012334947,20.562716119061964,404708.8204728784,0.2675405371060736,4.084196836785435
290.9805199288686,0.035432720829615905,15.069474455589207,198770.5739154917,0.2998072484266944,4.281365251249695
0.6706318983113544,0.04448644905148175,15.005899076108292,485044.93310250225,0.28425041050850386,7.331142050756236
52.92639415430304,0.04293258287933445,17.237072175653854,358171.4958630586,0.3378563058998627,6.091495271976858
470.85558845776757,0.03354819442887732,14.92380825078418,335333.501269599,0.2963448539548681,7.220917428480764
2.967888599451477,0.04151181052421514,11.91770617890006,382801.5361916077,0.37626958658438475,7.392924956679796
59.98807709300651,0.043691179110062386,18.096240359845225,499037.08126824413,0.3916800568936039,7.462898247877307
1.2761073814798674,0.04341788891745007,13.350566293112571,227353.2713106271,0.400866928788978,2.6321172761893643
60.20736195204289,0.03408637243578211,11.009008870915928,205045.70644626825,0.419104512266547,6.19787593703895
748.6581094588335,0.03165488417656246,14.823039586348651,535920.2990108706,0.27530404505762746,4.9480165201287365
109.68851332922748,0.04025382913729285,16.559492739592606,106643.37260878086,0.4640241900479381,4.8007119792041255
5065.426343176743,0.025484539757701867,17.311263522098514,431964.08743322856,0.2209879849331,4.116812644514274
159.70104253146616,0.038389987149421934,15.925627714344968,205163.32941590546,0.39286755068904233,3.8632424018890954
16.86838481801322,0.034773567464647805,10.257445034934229,537557.673090627,0.4672875550864032,2.901014180966864
263.57757378047904,0.0353511320984994,14.720545776164887,493966.57755936973,0.47328600479622274,5.457666624855244
39.451865712114994,0.04053903160798074,14.922072715210687,225744.55074882705,0.3767944571737877,6.663722181676868
120.14843180459015,0.042367383403417246,18.584733874854603,681981.8079039356,0.4489719129023941,7.60225462891444
31.962098383504888,0.043556589242289674,16.905273012220974,186837.9910644478,0.4537983419234357,3.5679531980491843
155.84241381203094,0.04355468018099697,20.427247808436157,330101.2912787668,0.3172190317093454,4.654295443652791
1.0885523302754632,0.032448741450534065,7.474239887681458,375865.2136652501,0.3504139082385376,4.813160666516286
21.814039328450495,0.04052711047743131,14.193441495580736,68841.93510264542,0.43507432590829714,7.033823251961602
0.10050746373453492,0.04468390217124431,14.74327873047983,476625.70897187677,0.4926666034890095,5.656877001212504
0.10123379314683101,0.04324862411296321,13.779709978947048,37123.27219057968,0.29123170711327934,7.090122635000673
0.10946510857377448,0.042712024928119985,13.50577745504854,220394.03105124232,0.4546479350576704,4.71453117040184
2005.9497759040123,0.028775466289306557,16.15744688113198,252666.89762355952,0.42224700314759755,7.820801807977496
0.1046253275641533,0.043163990336927166,13.77873802814085,324550.28187942837,0.41139211282154603,6.253724948388809
17.324459298058933,0.04071099325165334,10.857424664496396,199453.20657416154,0.09810734545010918,7.729464717027421
40.520938414368274,0.04140663848108749,15.607987935321615,485044.93310250225,0.4591648524319515,6.7876651040459555
107.53701636189993,0.04293258287933445,8.405201223473163,221152.31508180773,0.26742194790343216,3.512087710056348
362.8622809314285,0.035274996847177255,15.607987935321615,444497.7146277336,0.4591648524319515,6.7876651040459555
0.46382475222947794,0.042709941240649356,13.157132414464327,285255.95327495463,0.21871091883821198,7.850488696561095
0.2511615112910939,0.04420754754103033,14.2104617111081,426381.1051459635,0.24705300969948688,4.298475693926069
822.9528092093917,0.03180610217184024,15.329291966774202,604801.7538620144,0.400866928788978,4.602897101571062
0.10004589077010863,0.03862858539289058,11.009008870915928,70842.12724542734,0.2702323985139535,4.30055549060827
1216.0527879250096,0.032740735226487155,18.04560339375429,130427.52860481269,0.4311397805671833,4.017415818880562
0.2915083195351055,0.04359241731116713,13.792392527891007,252780.58172994718,0.2301191040178425,6.252219798782043
5.566065836121686,0.04276889527533785,14.655217887405716,333669.24520603934,0.3159475795658263,6.986215994815247
0.10470880793052187,0.04355661851510137,13.960032155246573,150405.32985913195,0.2166139770283346,6.624789996471273
64.92811793335862,0.04446059106247127,10.257445034934229,301639.46562241093,0.3845417267581161,3.9306544123257035
0.2156657899534949,0.04296752716200016,13.789592402603175,496382.8200466995,0.29427646048799205,5.37321278488101
2545.733870424023,0.02706472306157477,16.66219792772832,263936.90020833054,0.1406780938700882,5.181538188521137
3159.582986180697,0.02430142506602888,13.342652454999934,173783.75546607288,0.4489719129023941,7.25282080271387
876.8520264475578,0.033605061093874164,17.40057041042784,407838.9319092388,0.31876079913694927,6.040373357018176
24.587660876755898,0.04355468018099697,16.54491872938695,330101.2912787668,0.35665726398395736,7.3949502677144014
48.18119280187193,0.03646659709006325,12.308391930185621,545667.9715298999,0.4378683662819185,6.457635116718441
26.626592495989904,0.04471961050633822,17.552925464048283,62174.7829460873,0.25571592855351005,7.962031750906755
0.10043950602306934,0.04468390217124431,14.74327873047983,7806.465428734664,0.2941759533103365,5.656877001212504
342.6750530111493,0.03749916213752571,17.43850883544883,37123.27219057968,0.29123170711327934,7.090122635000673
797.2612659511715,0.03478865225133078,18.19877965317556,772997.6743973747,0.4546479350576704,7.39405074564313
0.14835107711846243,0.04208580033873865,13.171015482947496,443063.37823727983,0.47147043635655383,4.3506833196923
1382.6396905750435,0.030215363783414752,15.935612392126158,286406.09456651314,0.3947926224793718,6.875827819490386
73.44362258694318,0.03828631498252128,14.219242064830201,391561.85631174536,0.43891874481226845,3.6933464366022637
6.48289893824101,0.04448644905148175,15.958310996595882,378416.28794157703,0.4463056919027407,5.735869431764794
0.10147421090907055,0.042987551537716814,13.611447925891527,278878.55949639884,0.37479172931053006,7.601833396401885
0.16192006276504933,0.0422449480756079,13.043380574189756,189763.562264251,0.4658431224673527,5.752460190098855
0.10970057564046548,0.044817095191963204,14.763409365286408,291137.98094439704,0.3547852306040015,7.850488696561095
0.1134231913525249,0.04489910871478043,14.808110768023692,386265.73236762814,0.24705300969948688,2.554959947255778
82.92221458785815,0.043997865308587444,9.493034336450073,296245.3123711626,0.43157503519365736,7.617324676147433
46.13425801542991,0.044604616701333415,11.009008870915928,157795.2952067983,0.2702323985139535,5.116659394123241
0.11426184642774548,0.04478636665056252,14.731801357089575,535920.2990108706,0.31274737084484816,4.017415818880562
0.12830887685969905,0.04359241731116713,13.931213587841608,260678.3010078515,0.2818463813597061,2.8771459635851895
8164.9678504802,0.020613348029926218,13.523860747148719,208462.20562716277,0.3159475795658263,6.765988855334878
0.09999013547077074,0.04468229118452453,14.722591907784803,150405.32985913195,0.35798421174143,5.258947379309375
62.426848358146216,0.04427896618129666,10.257445034934229,63677.274567896384,0.30702571564549963,3.9306544123257035
0.10641874838099775,0.04485754479843908,14.800207965681041,84901.79253256618,0.3428409239456897,5.249303455148797
12.056749604287653,0.042360015922252386,14.922072715210687,415047.08237770316,0.28570583382129516,4.25886091056017
5.763050081434402,0.0445246029934364,13.342652454999934,241296.7118043896,0.29437038279424177,5.796453249221203
4.684880758842114,0.043556589242289674,15.099118909300605,219420.526629313,0.41546955221433324,6.040373357018176
88.15127608072945,0.03923002663581994,15.27286593070443,265288.36363934964,0.34949690264495137,7.025558363256499
371.9871744420959,0.03125408287992813,12.308391930185621,375865.2136652501,0.331384951919145,6.246600769551053
0.10435194673622486,0.04473558121775679,14.727307446212688,347801.5683744699,0.24928646014792497,4.6232427254382955
3257.7980704209276,0.025861914255022378,15.27286593070443,265288.36363934964,0.34949690264495137,5.656877001212504
4.181890368303782,0.04324862411296321,14.82473258763574,285910.53894664615,0.378123540080315,7.090122635000673
0.15086167412414567,0.04254877713566603,13.465542905913942,193788.43655330327,0.35574595211125487,4.545760915840702
0.10076514888128796,0.04471224680343711,14.73211701591827,150405.32985913195,0.28492583957715995,5.258947379309375
1.7892876875674593,0.04429113573353205,13.77873802814085,103465.31582588027,0.405944193846289,4.28481724462013
0.09996720858083027,0.044741676408570935,14.762786767588091,71576.98809221061,0.32338067328161696,4.48862025964119
0.6650845496770832,0.04448644905148175,15.005899076108292,10903.976090649026,0.28726373703200636,2.60265026228871
0.10019466544826885,0.04487608770587129,14.846688297621547,252494.80828541116,0.36232519389027884,7.601833396401885
0.12192110531484748,0.04235271856385525,13.303872672918251,677231.1673243875,0.4658431224673527,3.4598169761859645
7610.872402271269,0.022402925872232693,15.555122058915792,1023650.9479294324,0.2081361994821444,4.012000128851947
0.12107803056954733,0.04145089645735645,12.741345576545804,386265.73236762814,0.27487214787522624,2.7497206800122513
2676.0799879824835,0.026909450393992333,15.489649577335138,23701.289539498976,0.275454239998755,4.965982641817973
3848.8247844663338,0.021346568299018563,11.009008870915928,235398.29903435888,0.2937581577059914,4.30055549060827
0.09987462969376079,0.044396938518673774,14.541436967686625,116051.43551477423,0.2680587341432176,3.810557425043568
0.09992175075651315,0.04414687533450723,14.373573534291724,241341.04709604522,0.2818463813597061,2.8771459635851895
20.06845208964968,0.03968050650240747,13.523860747148719,225848.93020258122,0.28836002610530903,2.2309118419608995
1.06910850836351,0.04420916051588225,14.94092577259343,604651.482679705,0.27130428821215674,3.8580529674053876
0.16182739239940303,0.04100192959414259,12.513707246317086,231747.36281539436,0.24272014131948894,3.942354973017047
490.3714189886879,0.03378947410110414,15.27792455609237,84901.79253256618,0.31091852753610866,4.371385944703941
0.10063586423066612,0.044996854482834074,14.922072715210687,221036.23576958897,0.21124563937425284,4.758222902160334
0.09989839247916055,0.04421535290578965,14.424844216338998,139477.6965367871,0.4489719129023941,3.453397800288994
1.5731476635135304,0.04460504903106215,14.021341245091278,220877.52121783694,0.31833273817813484,4.9361445500747925
1112.4691243345528,0.029210645989770405,14.004362543037901,1079558.9032764686,0.1981039710390572,3.3932041546572718
43.42918909189399,0.04065034100800963,15.143159736432162,315117.2437924855,0.32393724981406985,2.8052386405070804
10.383402002174345,0.043911576010007836,12.54447860783238,108645.71362307173,0.22981326134338342,3.3108183894967453
0.10062027247165205,0.04404994444843068,14.328897712554449,197928.00542672467,0.250411858424331,5.173208748705849
0.09987679640087542,0.04446055064212609,14.581144600850823,201673.4549729827,0.2864898013414878,2.5357025234990025
0.09989059454012783,0.044393676768371575,14.541304230882602,171985.16281220596,0.2539817810164661,4.986412921047609
0.09991486339438685,0.044290199484579094,14.474808875742644,718756.6371824498,0.2371320144660737,5.949721682054252
0.10447535346482552,0.0439898342584082,14.312723681861735,143582.87162604474,0.20196291782892967,6.253724948388809
0.14992389299617084,0.04055529711985401,12.23134995997119,81420.76203343645,0.2266042918815382,4.938428491511962
0.32484579544290987,0.04471206840636684,15.005899076108292,195124.15177075053,0.28726373703200636,5.585883567977929
6.219592489193189,0.04487608770587129,14.79897368958338,252494.80828541116,0.0793521005785375,7.601833396401885
12.383345719158614,0.04235271856385525,14.939772964877921,246467.18594280037,0.4031298726133014,5.2218480501948035
0.10298977280536228,0.04387521748820991,14.230118447214734,291137.98094439704,0.3547852306040015,6.606358100430569
0.1221393973008861,0.04468024360823298,14.808110768023692,386265.73236762814,0.3012614069764905,5.762004006445076
81.42381929022558,0.04389739581260413,9.493034336450073,156899.9775554135,0.26327063491302244,1.416454984122157
0.10169761475246801,0.044882146648330505,14.88410616871026,135719.8235777517,0.30094069724569716,6.536302622821154
0.10031518781346364,0.044140424434656114,14.36292294635601,71576.98809221061,0.23253334185585942,3.2179715325341474
0.13028353439159163,0.03746952253437493,10.418632124120736,74098.40184968908,0.2818463813597061,2.7049708606447402
43.2110955164882,0.03842873978622656,13.523860747148719,282355.86600828933,0.4133874422270226,1.30252086990417
0.11348421366706958,0.04255089742802815,13.413344683518504,151968.70371376438,0.24428920352498507,2.809611814931947
75.2228319783844,0.043767406064117796,18.85507398724018,202227.43178660877,0.16286309516433478,3.9306544123257035
70.56409741669755,0.042981361580782015,17.84195030325036,84901.79253256618,0.2892211098895414,5.0093345358076
0.10530506452148745,0.043829340839504474,14.209673836744797,164288.0401899952,0.3973163317539332,2.223256349815085
1.2934033003043117,0.04421535290578965,16.312954272028787,63662.19861458428,0.13685116426990004,3.6303325738305943
63.437541471160245,0.03834535210326529,14.021341245091278,412496.86398577417,0.3431142215875924,6.040373357018176
0.10426867081255439,0.04481297853724668,14.778679281709216,167394.46968682407,0.3172190317093454,4.398450599207885
26.363636837216955,0.044878792602612544,17.663436281919743,205446.13655186928,0.3504139082385376,4.416748643298179
35.35971461308378,0.043911576010007836,18.73833126713523,665234.1045825069,0.1562960278531193,5.273522370560939
2.774294841035271,0.04468390217124431,13.844204915941893,7806.465428734664,0.2941759533103365,1.9218595480530225
0.10675014008825362,0.04448333056399683,14.642161591396976,141489.66925154906,0.40086812311028225,2.5357025234990025
44.549972467167635,0.044393676768371575,11.522370179895503,171985.16281220596,0.11008082332877858,4.986412921047609
3.0378835570085636,0.04167086769560757,12.86159337285384,238786.25798549334,0.1248714036240755,3.810557425043568
0.10013035120431346,0.04405060619056602,14.323300766775786,185783.21697849088,0.3150991896314848,4.122973121956418
0.09987482534343331,0.043961543279272736,14.256532322623773,150405.32985913195,0.23765557287932898,2.6309559288217
0.10021545824513779,0.04418688071336968,14.393688507798903,195286.9088850217,0.28726373703200636,2.459048846915484
82.482704577659,0.0396021184345897,15.434052680625829,29870.801402239827,0.36232519389027884,4.937886743224681
0.09994925233566909,0.044142202282874965,14.379311433122261,677231.1673243875,0.2172586454589192,4.174942367229994
0.4876768962094311,0.04387521748820991,14.526712778226326,291137.98094439704,0.26409322202040475,6.606358100430569
4.652257556273112,0.04489910871478043,14.808110768023692,65810.10034220607,0.1372211532257944,4.430678069525602
194.08549432713596,0.035922003759977124,14.393694799398551,464160.363098979,0.21738142873157154,5.010483341990605
0.10021394103234124,0.044606996323977875,14.689185427574348,36815.96214452677,0.2702323985139535,4.30055549060827
3532.466689948821,0.025272614885458393,14.991375756800345,267462.6406020008,0.32338067328161696,4.48862025964119
2.51663972873028,0.04414687533450723,15.200773695828921,241341.04709604522,0.3458700646816365,4.959017386111686
3003.196904542261,0.026089933980883336,15.123996958627089,817906.4133619214,0.2868139960124252,4.433382936061009
13.169024252851603,0.04420916051588225,16.33805750926464,839304.6677138894,0.42224700314759755,5.685743943125184
0.10355836420413962,0.04405738645528914,14.35191906244102,179796.5874724051,0.2030137140589119,3.618121176989661
1441.738697786314,0.031023995282915832,17.008503277604873,84901.79253256618,0.22928187092104763,3.7186084385504152
0.4966115831899219,0.044462132697492864,14.922072715210687,141948.099632409,0.3247475726914071,4.902716150577037
0.11874222540791542,0.04433174433985469,14.424844216338998,90154.77139713941,0.4489719129023941,2.7183986995100993
0.09986974483376845,0.04439932612457366,14.541534131217569,294919.284089627,0.2783630840240699,2.949829515314083
1.4536910555066451,0.04453498945484678,14.004362543037901,361484.3595458128,0.3107108192192798,3.1300409738974935
4.930437894176268,0.04065034100800963,14.124180839558184,122715.58437415789,0.1361332891624162,6.457635116718441
0.10751299006697135,0.04476691542843982,14.736739735582878,492716.53698300465,0.2629868636005156,2.0307303605364946
16.77561132906198,0.04201504323977034,14.979836056354166,462740.7624193822,0.3385461499904884,5.656877001212504
1122.8856321312542,0.03316745237711198,18.114095824713807,134169.67850459914,0.1912398725820203,1.6865772068801284
0.5688161765778958,0.044393676768371575,14.905506105619333,496636.46980363945,0.2539817810164661,4.214830758355465
0.09988429134492711,0.04431665457686296,14.490578613689468,318155.85689333285,0.2783630840240699,3.285829101563792
2.8344717005306936,0.04278105088653866,14.323300766775786,185783.21697849088,0.27616951078648044,2.8751988361715846
0.5714493884211949,0.044527377031764945,14.256532322623773,467276.0090682029,0.23765557287932898,3.2975426550828573
0.10274967899156787,0.04418688071336968,14.4320224485353,240153.71521689033,0.2967976288543345,3.538524698197632
0.10454173862135552,0.04399779867346761,14.316578280643677,252494.80828541116,0.2081963930662687,2.131285950723819
111.44503370325953,0.03850861668889291,15.185983622845484,677231.1673243875,0.2437911005281795,2.1660762271029887
0.10166385971354377,0.044810158591894425,14.789814276751834,291137.98094439704,0.35830717631060655,6.606358100430569
0.11340268862429503,0.04489910871478043,14.808110768023692,386265.73236762814,0.3056993879349917,2.915824227466416
0.09986626847327026,0.0445260084533063,14.625818436876862,321805.3787219706,0.400866928788978,2.986302847764944
0.09988554140009578,0.044843802703774804,14.836567575132355,70842.12724542734,0.39036743975553573,3.7560311398611987
0.10052327808154399,0.044449846713301114,14.589350321695196,288750.8774796485,0.29085347392848226,4.48862025964119
0.13196373656385757,0.04240548654019012,13.352075959161676,241341.04709604522,0.3948897266413232,2.412132719146882
0.09993887595538212,0.044528353437304595,14.62293910191541,103071.36134161655,0.3159475795658263,2.3350556459189913
0.11812679672322439,0.04420916051588225,14.489817873262893,245667.13972194184,0.34419558673681233,3.630157950574629
0.13783407934008313,0.04243857042829231,13.38061591107178,364322.35062499053,0.3969060080074762,2.911672168622445
0.41406444242909274,0.04433575566631168,14.800207965681041,281427.57317973033,0.3428409239456897,5.249303455148797
0.7594913124138646,0.044996854482834074,14.489817873262893,360306.86376873415,0.34419558673681233,5.181538188521137
0.2902366591395341,0.04421535290578965,14.65392514886129,139477.6965367871,0.3517695661822406,3.0123815342764875
0.13310373938912268,0.044396938518673774,14.443176010605796,657729.382465337,0.36226905521568287,2.242653242180233
0.09988842329231218,0.044458559521395644,14.58371581083211,231019.00896937115,0.3813241792464507,1.424061391114734
0.10361276418441434,0.044272377652744756,14.491932250831537,214277.2480067007,0.3749145169181582,6.457635116718441
0.09990929378306851,0.044797838869502574,14.808460863147928,409863.5687180356,0.24928646014792497,3.729952453349655
0.099945780305906,0.04435221543079866,14.516355511825198,356797.4833621434,0.2941759533103365,3.1430761658723445
0.09993620709577472,0.044528353437304595,14.62293910191541,103071.36134161655,0.4332776999706687,2.5357025234990025
0.09988065740399099,0.0442075386626075,14.419085086187138,409534.3166880945,0.2539817810164661,3.954652012520322
0.100232052925123,0.04399154136248454,14.286396104070171,485765.3675313664,0.400866928788978,2.356815975485713
0.09993553186681807,0.04470305902318529,14.737802625664557,185783.21697849088,0.3150991896314848,4.902761804041828
0.09994079718365986,0.043994463711846385,14.282807839632856,213176.20847047807,0.23765557287932898,2.6309559288217
0.14903910723667013,0.04418688071336968,14.28582429737851,362768.8080972645,0.33508799721401256,1.3488875515504541
4.497641762908017,0.04487608770587129,14.846688297621547,219329.0575255056,0.13984803823910588,4.068862125257802
0.32883743605386506,0.04454381388322592,14.379311433122261,286904.41273107723,0.28655066833864695,4.174942367229994
0.09992075045106237,0.04456965492282303,14.650347196387164,241791.7696674731,0.3599828814059674,3.556004124078126
0.0999678357211636,0.0447097369976459,14.741053966241788,465178.31004576816,0.45228241308535855,2.915824227466416
0.21705318300635276,0.04439932612457366,14.359017434785068,419636.558798344,0.36272325381394754,1.502845467619291
0.10124042535664392,0.044989059326790905,14.911322374120603,70842.12724542734,0.4298041502548706,3.056237889109096
0.09987476081002719,0.04456840975139033,14.651955133649427,260143.3668127834,0.41928870671266233,2.8608258959150685
0.10181205412496377,0.04420565517091182,14.439192793630179,283035.9416640087,0.3027043613437534,3.025148498149554
0.09994329306236763,0.044528353437304595,14.62293910191541,75202.47705373412,0.36214765131507587,3.511736403283157
0.6420189128323428,0.04483100137294413,14.424592217268126,350763.0960257456,0.3171480020133685,3.8926801585173485
0.10015635096318806,0.04462172123460238,14.67929011046544,537058.110797996,0.4052125024515695,3.877760923084531
0.09994210596833565,0.04468308532623526,14.7242117554702,468239.729959992,0.44524151860638694,3.9191947813246495
0.11335314776133353,0.04487900357746365,14.922072715210687,415047.08237770316,0.3973163317539332,3.2085233416794976
0.09989224920364215,0.04421535290578965,14.424844216338998,492499.72692409676,0.4996602453411091,3.8994227692677885
0.09997890025708978,0.044390030036896,14.542025116218976,393725.59285025846,0.3597137703265394,2.7280733544672318
0.09988767347229258,0.044458559521395644,14.58371581083211,231019.00896937115,0.29261125041150143,3.2482740508053003
0.27387047960419086,0.04466657904360622,14.491932250831537,585086.9954614269,0.4866376967651378,3.0283293681351227
0.09989270673180686,0.04464190809575961,14.699011574283421,378673.12942305015,0.42850218538891294,3.140260763833781
0.0999465138414965,0.04435221543079866,14.516355511825198,356797.4833621434,0.3665507598417245,2.8842664910048157
0.09987578591294735,0.04457175408015063,14.654292913610242,206281.3380200551,0.2864898013414878,2.8140033345895406
0.5660678244082571,0.0442075386626075,14.779576449741684,409534.3166880945,0.36346069036475154,2.013944014472955
0.09986626847327026,0.0445260084533063,14.625818436876862,321805.3787219706,0.400866928788978,2.986302847764944
0.09986625719718104,0.0445260184533063,14.625818436876862,321805.3787219706,0.400866928788978,2.986302847764944
0.09986626849330604,0.0445260084533063,14.625818446876863,321805.3787219706,0.400866928788978,2.986302847764944
0.09986626846624413,0.0445260084533063,14.625818436876862,321805.3787219806,0.400866928788978,2.986302847764944
0.09986626846195457,0.0445260084533063,14.625818436876862,321805.3787219706,0.400866938788978,2.986302847764944
0.09986626846742586,0.0445260084533063,14.625818436876862,321805.3787219706,0.400866928788978,2.9863028577649438
0.4274446961321716,0.045,14.623814859183453,321805.3794237612,0.40199849862740994,2.986887288597564
0.42743117053006396,0.04499999,14.623814859183453,321805.3794237612,0.40199849862740994,2.986887288597564
0.42744467536958153,0.045,14.623814869183454,321805.3794237612,0.40199849862740994,2.986887288597564
0.42744469614371605,0.045,14.623814859183453,321805.3794237712,0.40199849862740994,2.986887288597564
0.42744469619543113,0.045,14.623814859183453,321805.3794237612,0.40199850862740993,2.986887288597564
0.4274446961786014,0.045,14.623814859183453,321805.3794237612,0.40199849862740994,2.986887298597564
0.09986604995822845,0.04452638691560732,14.625816837104399,321805.37872253096,0.4008678322998693,2.986303314416351
0.09986605003825633,0.04452639691560732,14.625816837104399,321805.37872253096,0.4008678322998693,2.986303314416351
0.09986604996078918,0.04452638691560732,14.6258168471044,321805.37872253096,0.4008678322998693,2.986303314416351
0.0998660499658109,0.04452638691560732,14.625816837104399,321805.378722541,0.4008678322998693,2.986303314416351
0.09986604996735055,0.04452638691560732,14.625816837104399,321805.37872253096,0.40086784229986927,2.986303314416351
0.09986604996898553,0.04452638691560732,14.625816837104399,321805.37872253096,0.4008678322998693,2.986303324416351
0.09986605001018006,0.04452638311341849,14.625816858028685,321805.37872252334,0.40086782012865646,2.986303307927742
0.0998660499737539,0.044526393113418494,14.625816858028685,321805.37872252334,0.40086782012865646,2.986303307927742
0.09986605001039135,0.04452638311341849,14.625816868028686,321805.37872252334,0.40086782012865646,2.986303307927742
0.0998660500168099,0.04452638311341849,14.625816858028685,321805.37872253335,0.40086782012865646,2.986303307927742
0.09986605002066531,0.04452638311341849,14.625816858028685,321805.37872252334,0.40086783012865645,2.986303307927742
0.0998660500048454,0.04452638311341849,14.625816858028685,321805.37872252334,0.40086782012865646,2.986303317927742
0.0998660499663261,0.04452638650995695,14.625816839336782,321805.37872253015,0.4008678310013391,2.98630331372409
0.09986605003465063,0.044526396509956954,14.625816839336782,321805.37872253015,0.4008678310013391,2.98630331372409
0.09986604996055717,0.04452638650995695,14.625816849336783,321805.37872253015,0.4008678310013391,2.98630331372409
0.09986604996471146,0.04452638650995695,14.625816839336782,321805.37872254016,0.4008678310013391,2.98630331372409
0.09986604994917306,0.04452638650995695,14.625816839336782,321805.37872253015,0.4008678410013391,2.98630331372409
0.09986604996988754,0.04452638650995695,14.625816839336782,321805.37872253015,0.4008678310013391,2.98630332372409
0.09986604996670331,0.0445263868844579,14.62581683727582,321805.3787225309,0.40086783220015665,2.986303314363193
0.09986605005376535,0.0445263968844579,14.62581683727582,321805.3787225309,0.40086783220015665,2.986303314363193
0.09986604996187265,0.0445263868844579,14.625816847275821,321805.3787225309,0.40086783220015665,2.986303314363193
0.09986604996438414,0.0445263868844579,14.62581683727582,321805.3787225409,0.40086783220015665,2.986303314363193
0.0998660499695434,0.0445263868844579,14.62581683727582,321805.3787225309,0.40086784220015664,2.986303314363193
0.09986604996316188,0.0445263868844579,14.62581683727582,321805.3787225309,0.40086783220015665,2.986303324363193
0.0998660499700226,0.04452638691537061,14.6258168371057,321805.37872253096,0.40086783229911155,2.986303314415947
0.09986605003199028,0.04452639691537061,14.6258168371057,321805.37872253096,0.40086783229911155,2.986303314415947
0.09986604996894632,0.04452638691537061,14.625816847105702,321805.37872253096,0.40086783229911155,2.986303314415947
0.09986604996254073,0.04452638691537061,14.6258168371057,321805.378722541,0.40086783229911155,2.986303314415947
0.09986604996122325,0.04452638691537061,14.6258168371057,321805.37872253096,0.40086784229911154,2.986303314415947
0.09986604995369418,0.04452638691537061,14.6258168371057,321805.37872253096,0.40086783229911155,2.986303324415947
0.09986604995539944,0.04452638691560731,14.625816837104399,321805.37872253096,0.4008678322998692,2.986303314416351
0.09986605003933526,0.044526396915607315,14.625816837104399,321805.37872253096,0.4008678322998692,2.986303314416351
0.09986604995916665,0.04452638691560731,14.6258168471044,321805.37872253096,0.4008678322998692,2.986303314416351
0.09986604996496073,0.04452638691560731,14.625816837104399,321805.378722541,0.4008678322998692,2.986303314416351
0.09986604996261883,0.04452638691560731,14.625816837104399,321805.37872253096,0.4008678422998692,2.986303314416351
0.09986604996491708,0.04452638691560731,14.625816837104399,321805.37872253096,0.4008678322998692,2.986303324416351
0.09986604996753326,0.04452638691548896,14.62581683710505,321805.37872253096,0.4008678322994904,2.986303314416149
0.09986605004875296,0.04452639691548896,14.62581683710505,321805.37872253096,0.4008678322994904,2.986303314416149
0.09986604996702184,0.04452638691548896,14.625816847105051,321805.37872253096,0.4008678322994904,2.986303314416149
0.0998660499734608,0.04452638691548896,14.62581683710505,321805.378722541,0.4008678322994904,2.986303314416149
0.09986604995436658,0.04452638691548896,14.62581683710505,321805.37872253096,0.4008678422994904,2.986303314416149
0.09986604996567387,0.04452638691548896,14.62581683710505,321805.37872253096,0.4008678322994904,2.986303324416149
0.09986604995539944,0.044526386915607306,14.625816837104399,321805.37872253096,0.4008678322998692,2.986303314416351
0.09986605003933526,0.04452639691560731,14.625816837104399,321805.37872253096,0.4008678322998692,2.986303314416351
0.09986604995916665,0.044526386915607306,14.6258168471044,321805.37872253096,0.4008678322998692,2.986303314416351
0.09986604996496073,0.044526386915607306,14.625816837104399,321805.378722541,0.4008678322998692,2.986303314416351
0.09986604996261883,0.044526386915607306,14.625816837104399,321805.37872253096,0.4008678422998692,2.986303314416351
0.09986604996491708,0.044526386915607306,14.625816837104399,321805.37872253096,0.4008678322998692,2.986303324416351
0.09986604997227669,0.04452638691554813,14.625816837104724,321805.37872253096,0.4008678322996798,2.9863033144162503
0.09986605004148537,0.04452639691554813,14.625816837104724,321805.37872253096,0.4008678322996798,2.9863033144162503
0.09986604996573224,0.04452638691554813,14.625816847104725,321805.37872253096,0.4008678322996798,2.9863033144162503
0.09986604996558518,0.04452638691554813,14.625816837104724,321805.378722541,0.4008678322996798,2.9863033144162503
0.09986604995756955,0.04452638691554813,14.625816837104724,321805.37872253096,0.4008678422996798,2.9863033144162503
0.09986604997142098,0.04452638691554813,14.625816837104724,321805.37872253096,0.4008678322996798,2.9863033244162502
0.09986604995539944,0.044526386915607306,14.625816837104399,321805.37872253096,0.4008678322998692,2.986303314416351
0.09986605003933526,0.04452639691560731,14.625816837104399,321805.37872253096,0.4008678322998692,2.986303314416351
0.09986604995916665,0.044526386915607306,14.6258168471044,321805.37872253096,0.4008678322998692,2.986303314416351
0.09986604996496073,0.044526386915607306,14.625816837104399,321805.378722541,0.4008678322998692,2.986303314416351
0.09986604996261883,0.044526386915607306,14.625816837104399,321805.37872253096,0.4008678422998692,2.986303314416351
0.09986604996491708,0.044526386915607306,14.625816837104399,321805.37872253096,0.4008678322998692,2.986303324416351
0.09986604996693196,0.04452638691557772,14.625816837104562,321805.37872253096,0.4008678322997745,2.9863033144163005
0.09986605004196136,0.04452639691557772,14.625816837104562,321805.37872253096,0.4008678322997745,2.9863033144163005
0.09986604996619258,0.04452638691557772,14.625816847104563,321805.37872253096,0.4008678322997745,2.9863033144163005
0.09986604996392004,0.04452638691557772,14.625816837104562,321805.378722541,0.4008678322997745,2.9863033144163005
0.09986604996900196,0.04452638691557772,14.625816837104562,321805.37872253096,0.4008678422997745,2.9863033144163005
0.09986604995894807,0.04452638691557772,14.625816837104562,321805.37872253096,0.4008678322997745,2.9863033244163004
0.09986604995539944,0.044526386915607306,14.625816837104399,321805.37872253096,0.4008678322998692,2.986303314416351
0.09986605003933526,0.04452639691560731,14.625816837104399,321805.37872253096,0.4008678322998692,2.986303314416351
0.09986604995916665,0.044526386915607306,14.6258168471044,321805.37872253096,0.4008678322998692,2.986303314416351
0.09986604996496073,0.044526386915607306,14.625816837104399,321805.378722541,0.4008678322998692,2.986303314416351
0.09986604996261883,0.044526386915607306,14.625816837104399,321805.37872253096,0.4008678422998692,2.986303314416351
0.09986604996491708,0.044526386915607306,14.625816837104399,321805.37872253096,0.4008678322998692,2.986303324416351
0.09986604996534768,0.04452638691559251,14.62581683710448,321805.37872253096,0.40086783229982187,2.986303314416326
0.09986605003973997,0.044526396915592514,14.62581683710448,321805.37872253096,0.40086783229982187,2.986303314416326
0.09986604997065694,0.04452638691559251,14.625816847104481,321805.37872253096,0.40086783229982187,2.986303314416326
0.0998660499668004,0.04452638691559251,14.62581683710448,321805.378722541,0.40086783229982187,2.986303314416326
0.09986604995739984,0.04452638691559251,14.62581683710448,321805.37872253096,0.40086784229982186,2.986303314416326
0.09986604996082754,0.04452638691559251,14.62581683710448,321805.37872253096,0.40086783229982187,2.9863033244163257
0.09986604995539944,0.044526386915607306,14.625816837104399,321805.37872253096,0.4008678322998692,2.986303314416351
0.09986605003933526,0.04452639691560731,14.625816837104399,321805.37872253096,0.4008678322998692,2.986303314416351
0.09986604995916665,0.044526386915607306,14.6258168471044,321805.37872253096,0.4008678322998692,2.986303314416351
0.09986604996496073,0.044526386915607306,14.625816837104399,321805.378722541,0.4008678322998692,2.986303314416351
0.09986604996261883,0.044526386915607306,14.625816837104399,321805.37872253096,0.4008678422998692,2.986303314416351
0.09986604996491708,0.044526386915607306,14.625816837104399,321805.37872253096,0.4008678322998692,2.986303324416351
0.09986604996144179,0.04452638691559991,14.62581683710444,321805.37872253096,0.4008678322998456,2.9863033144163387
0.09986605004149635,0.04452639691559991,14.62581683710444,321805.37872253096,0.4008678322998456,2.9863033144163387
0.09986604996053061,0.04452638691559991,14.62581684710444,321805.37872253096,0.4008678322998456,2.9863033144163387
0.09986604995614995,0.04452638691559991,14.62581683710444,321805.378722541,0.4008678322998456,2.9863033144163387
0.09986604996653925,0.04452638691559991,14.62581683710444,321805.37872253096,0.40086784229984557,2.9863033144163387
0.09986604995040986,0.04452638691559991,14.62581683710444,321805.37872253096,0.4008678322998456,2.9863033244163386
0.09986604995539944,0.044526386915607306,14.625816837104399,321805.37872253096,0.4008678322998692,2.986303314416351
0.09986605003933526,0.04452639691560731,14.625816837104399,321805.37872253096,0.4008678322998692,2.986303314416351
0.09986604995916665,0.044526386915607306,14.6258168471044,321805.37872253096,0.4008678322998692,2.986303314416351
0.09986604996496073,0.044526386915607306,14.625816837104399,321805.378722541,0.4008678322998692,2.986303314416351
0.09986604996261883,0.044526386915607306,14.625816837104399,321805.37872253096,0.4008678422998692,2.986303314416351
0.09986604996491708,0.044526386915607306,14.625816837104399,321805.37872253096,0.4008678322998692,2.986303324416351
174.95941712522273,0.036523599595233276,14.625560764184957,321805.37796517357,0.39995562310232097,2.9852276068312453
174.95883120371036,0.03652360959523328,14.625560764184957,321805.37796517357,0.39995562310232097,2.9852276068312453
174.9594178519851,0.036523599595233276,14.625560774184958,321805.37796517357,0.39995562310232097,2.9852276068312453
174.95941712832152,0.036523599595233276,14.625560764184957,321805.3779651836,0.39995562310232097,2.9852276068312453
174.95941712699164,0.036523599595233276,14.625560764184957,321805.37796517357,0.39995563310232096,2.9852276068312453
174.9594171281055,0.036523599595233276,14.625560764184957,321805.37796517357,0.39995562310232097,2.9852276168312453
0.09986604999444125,0.044526383757813565,14.625816837003356,321805.3787225307,0.40086783193992365,2.986303313991891
0.09986604997949672,0.044526393757813566,14.625816837003356,321805.3787225307,0.40086783193992365,2.986303313991891
0.09986604999304409,0.044526383757813565,14.625816847003357,321805.3787225307,0.40086783193992365,2.986303313991891
0.09986604998783037,0.044526383757813565,14.625816837003356,321805.3787225407,0.40086783193992365,2.986303313991891
0.0998660499897419,0.044526383757813565,14.625816837003356,321805.3787225307,0.40086784193992364,2.986303313991891
0.09986605000553714,0.044526383757813565,14.625816837003356,321805.3787225307,0.40086783193992365,2.986303323991891
0.09986604997556273,0.04452638662655668,14.62581683709515,321805.37872253096,0.4008678322669214,2.9863033143774977
0.09986605003671611,0.044526396626556684,14.62581683709515,321805.37872253096,0.4008678322669214,2.9863033143774977
0.09986604997170523,0.04452638662655668,14.62581684709515,321805.37872253096,0.4008678322669214,2.9863033143774977
0.09986604996907558,0.04452638662655668,14.62581683709515,321805.378722541,0.4008678322669214,2.9863033143774977
0.09986604995889428,0.04452638662655668,14.62581683709515,321805.37872253096,0.4008678422669214,2.9863033143774977
0.09986604996117857,0.04452638662655668,14.62581683709515,321805.37872253096,0.4008678322669214,2.9863033243774977
0.09986604997322576,0.04452638690952625,14.625816837104203,321805.37872253096,0.4008678322991761,2.9863033144155335
0.0998660500390926,0.04452639690952625,14.625816837104203,321805.37872253096,0.4008678322991761,2.9863033144155335
0.09986604996776419,0.04452638690952625,14.625816847104204,321805.37872253096,0.4008678322991761,2.9863033144155335
0.0998660499689752,0.04452638690952625,14.625816837104203,321805.378722541,0.4008678322991761,2.9863033144155335
0.09986604996235347,0.04452638690952625,14.625816837104203,321805.37872253096,0.4008678422991761,2.9863033144155335
0.09986604995929692,0.04452638690952625,14.625816837104203,321805.37872253096,0.4008678322991761,2.9863033244155335
0.09986604996422072,0.044526386915603906,14.625816837104399,321805.37872253096,0.4008678322998689,2.9863033144163507
0.09986605002971011,0.04452639691560391,14.625816837104399,321805.37872253096,0.4008678322998689,2.9863033144163507
0.09986604996150394,0.044526386915603906,14.6258168471044,321805.37872253096,0.4008678322998689,2.9863033144163507
0.09986604996483328,0.044526386915603906,14.625816837104399,321805.378722541,0.4008678322998689,2.9863033144163507
0.09986604997255805,0.044526386915603906,14.625816837104399,321805.37872253096,0.4008678422998689,2.9863033144163507
0.09986604996900222,0.044526386915603906,14.625816837104399,321805.37872253096,0.4008678322998689,2.9863033244163506
0.09986604995822845,0.04452638691560732,14.625816837104399,321805.37872253096,0.4008678322998693,2.986303314416351
0.09986605003825633,0.04452639691560732,14.625816837104399,321805.37872253096,0.4008678322998693,2.986303314416351
0.09986604996078918,0.04452638691560732,14.6258168471044,321805.37872253096,0.4008678322998693,2.986303314416351
0.0998660499658109,0.04452638691560732,14.625816837104399,321805.378722541,0.4008678322998693,2.986303314416351
0.09986604996735055,0.04452638691560732,14.625816837104399,321805.37872253096,0.40086784229986927,2.986303314416351
0.09986604996898553,0.04452638691560732,14.625816837104399,321805.37872253096,0.4008678322998693,2.986303324416351
0.0998660499547039,0.04452638691560561,14.625816837104399,321805.37872253096,0.40086783229986905,2.9863033144163507
0.09986605003810944,0.044526396915605615,14.625816837104399,321805.37872253096,0.40086783229986905,2.9863033144163507
0.09986604996181624,0.04452638691560561,14.6258168471044,321805.37872253096,0.40086783229986905,2.9863033144163507
0.09986604995548284,0.04452638691560561,14.625816837104399,321805.378722541,0.40086783229986905,2.9863033144163507
0.09986604997044574,0.04452638691560561,14.625816837104399,321805.37872253096,0.40086784229986905,2.9863033144163507
0.09986604995488213,0.04452638691560561,14.625816837104399,321805.37872253096,0.40086783229986905,2.9863033244163506
0.09986604995958992,0.04452638691560476,14.625816837104399,321805.37872253096,0.400867832299869,2.9863033144163507
0.09986605003757627,0.04452639691560476,14.625816837104399,321805.37872253096,0.400867832299869,2.9863033144163507
0.0998660499637888,0.04452638691560476,14.6258168471044,321805.37872253096,0.400867832299869,2.9863033144163507
0.0998660499627321,0.04452638691560476,14.625816837104399,321805.378722541,0.400867832299869,2.9863033144163507
0.09986604996265211,0.04452638691560476,14.625816837104399,321805.37872253096,0.400867842299869,2.9863033144163507
0.0998660499510379,0.04452638691560476,14.625816837104399,321805.37872253096,0.400867832299869,2.9863033244163506
0.0998660499547039,0.04452638691560561,14.625816837104399,321805.37872253096,0.40086783229986905,2.9863033144163507
0.09986605003810944,0.044526396915605615,14.625816837104399,321805.37872253096,0.40086783229986905,2.9863033144163507
0.09986604996181624,0.04452638691560561,14.6258168471044,321805.37872253096,0.40086783229986905,2.9863033144163507
0.09986604995548284,0.04452638691560561,14.625816837104399,321805.378722541,0.40086783229986905,2.9863033144163507
0.09986604997044574,0.04452638691560561,14.625816837104399,321805.37872253096,0.40086784229986905,2.9863033144163507
0.09986604995488213,0.04452638691560561,14.625816837104399,321805.37872253096,0.40086783229986905,2.9863033244163506
0.09986604996406613,0.04452638691560518,14.625816837104399,321805.37872253096,0.40086783229986905,2.9863033144163507
0.09986605005949192,0.044526396915605185,14.625816837104399,321805.37872253096,0.40086783229986905,2.9863033144163507
0.09986604996120513,0.04452638691560518,14.6258168471044,321805.37872253096,0.40086783229986905,2.9863033144163507
0.09986604996986942,0.04452638691560518,14.625816837104399,321805.378722541,0.40086783229986905,2.9863033144163507
0.09986604995389942,0.04452638691560518,14.625816837104399,321805.37872253096,0.40086784229986905,2.9863033144163507
0.09986604995761578,0.04452638691560518,14.625816837104399,321805.37872253096,0.40086783229986905,2.9863033244163506
0.0998660499547039,0.04452638691560561,14.625816837104399,321805.37872253096,0.40086783229986905,2.9863033144163507
0.09986605003810944,0.044526396915605615,14.625816837104399,321805.37872253096,0.40086783229986905,2.9863033144163507
0.09986604996181624,0.04452638691560561,14.6258168471044,321805.37872253096,0.40086783229986905,2.9863033144163507
0.09986604995548284,0.04452638691560561,14.625816837104399,321805.378722541,0.40086783229986905,2.9863033144163507
0.09986604997044574,0.04452638691560561,14.625816837104399,321805.37872253096,0.40086784229986905,2.9863033144163507
0.09986604995488213,0.04452638691560561,14.625816837104399,321805.37872253096,0.40086783229986905,2.9863033244163506
0.09986604995698978,0.0445263869156054,14.625816837104399,321805.37872253096,0.40086783229986905,2.9863033144163507
0.09986605003957458,0.0445263969156054,14.625816837104399,321805.37872253096,0.40086783229986905,2.9863033144163507
0.09986604996576778,0.0445263869156054,14.6258168471044,321805.37872253096,0.40086783229986905,2.9863033144163507
0.09986604995231889,0.0445263869156054,14.625816837104399,321805.378722541,0.40086783229986905,2.9863033144163507
0.09986604996770834,0.0445263869156054,14.625816837104399,321805.37872253096,0.40086784229986905,2.9863033144163507
0.0998660499568261,0.0445263869156054,14.625816837104399,321805.37872253096,0.40086783229986905,2.9863033244163506
0.0998660499547039,0.04452638691560561,14.625816837104399,321805.37872253096,0.40086783229986905,2.9863033144163507
0.09986605003810944,0.044526396915605615,14.625816837104399,321805.37872253096,0.40086783229986905,2.9863033144163507
0.09986604996181624,0.04452638691560561,14.6258168471044,321805.37872253096,0.40086783229986905,2.9863033144163507
0.09986604995548284,0.04452638691560561,14.625816837104399,321805.378722541,0.40086783229986905,2.9863033144163507
0.09986604997044574,0.04452638691560561,14.625816837104399,321805.37872253096,0.40086784229986905,2.9863033144163507
0.09986604995488213,0.04452638691560561,14.625816837104399,321805.37872253096,0.40086783229986905,2.9863033244163506
0.09986604995257203,0.04452638691560551,14.625816837104399,321805.37872253096,0.40086783229986905,2.9863033144163507
0.09986605003980294,0.04452639691560551,14.625816837104399,321805.37872253096,0.40086783229986905,2.9863033144163507
0.09986604996423387,0.04452638691560551,14.6258168471044,321805.37872253096,0.40086783229986905,2.9863033144163507
0.0998660499537609,0.04452638691560551,14.625816837104399,321805.378722541,0.40086783229986905,2.9863033144163507
0.09986604997049782,0.04452638691560551,14.625816837104399,321805.37872253096,0.40086784229986905,2.9863033144163507
0.09986604995538777,0.04452638691560551,14.625816837104399,321805.37872253096,0.40086783229986905,2.9863033244163506
0.0005663395242256948,0.03213,8.0,700000.0,0.13598510117993956,5.1668009899239635
1862.1290585318297,0.02889280128807324,17.18013173522649,780853.0797617794,0.05671245347283116,1.6092126627591883
271.830372849216,0.04337909997210546,22.310371761341216,499674.2843879423,0.4252122484960157,1.1550582969002443
641.0728330803504,0.04286705200739502,0.9133357917830818,584587.0878535408,0.18875675497595595,7.297922586626994
347.70201271941795,0.04155686551307035,3.9897356849338905,1195797.7151427618,0.4974636875601533,2.2084806696519674
57.24050635126066,0.030071621749840422,8.515488722556153,972883.2210129441,0.2731331790940981,3.8609735272306738
225.09619721949252,0.044196581549786236,6.711738673346556,828859.3250220075,0.14813174431118653,3.7432587780244186
2243.0260851624425,0.037909621490144485,29.08718909252284,59769.14460201212,0.11247833554138612,0.7117594486984595
447.60110417842895,0.034992199551188194,16.058993822866807,431967.14757598744,0.4289815546669584,5.81522675947684
0.1050529844245435,0.038803956107831314,11.133497335290429,1139755.7797636073,0.3270255176541712,6.135143253308652
8954.257417477094,0.023553502909819633,18.308092356585245,670520.7006928925,0.31134525753006975,7.77441097444499
277.9871232138007,0.03272157539961458,13.950491495172027,1016169.0383582707,0.0703612419450759,5.347958869601387
0.2092898873862314,0.04022240644069951,12.841148703194053,334490.4202827747,0.09410198418502905,6.888667793186429
182.82753468244903,0.021131547804127068,4.918826759757755,132836.80288445047,0.20196047790374996,1.8740918227375816
30920.046330679346,0.020515815669302887,23.145283781084824,927865.8908085047,0.17090758157354138,3.374171351042458
8001.982322856559,0.02796671258952899,26.94630008384275,886398.8464699464,0.12550820969592588,4.30614468799715
55.60826223516745,0.033063055940576354,10.26665251045597,222288.29551637126,0.2518864897279257,2.3473776515135643
6401.147788444276,0.02904255651988548,24.518855524566987,357337.28513062006,0.22399245193411443,3.132688947152972
95.686133915688,0.0396117666044816,7.404376761499522,1058230.1429630138,0.23032942323635472,1.0267014963857894
2188.3881780165357,0.031559008020225446,19.9821992383212,459339.64816599287,0.4761624520558352,4.697659094000361
28.85113765959257,0.024277410335251742,3.4800805251060094,23905.33367936767,0.3827103642374479,6.704479702213844
3138.052157596536,0.02579316565935822,15.000573963468641,693604.435632125,0.3004821243153205,6.224610632314318
986.0504816718012,0.03596146047520875,20.5613263824905,727479.9006547257,0.34341642482511403,7.652751558490861
2725.9456909318405,0.036197298664892116,28.237226921543133,536708.5813157334,0.4603427205664057,5.281880682410427
24423.123836942883,0.022631517049354843,25.456187007440953,254945.70628791634,0.3922877510801233,2.6765312919549267
2103.921812505108,0.027343986104381754,14.805284862692062,639966.2203576943,0.29390970603750277,3.0089129993746746
10.172183402655522,0.04285287767993587,17.18013173522649,780853.0797617794,0.05671245347283116,6.22655833031687
3721.340029380797,0.02647855535952658,16.757970650799404,499674.2843879423,0.4252122484960157,1.1550582969002443
455.3781690693292,0.024087520033485167,0.9133357917830818,107578.1482104797,0.18875675497595595,7.297922586626994
1.3640334677743757,0.040295497715792064,11.479648890888122,186463.84344704973,0.4974636875601533,2.2084806696519674
0.25865087503958406,0.038123653065806416,11.057614842900536,666643.0659166616,0.09946492282378822,3.8609735272306738
3.0407419694963487,0.044196581549786236,15.324239073235761,378577.35795660515,0.14623155425466672,1.96046222496149
6932.455603318336,0.024013351788020075,17.25541554522716,87656.46513756842,0.3949493344930858,3.017850298178971
2.580612118858088,0.04112329872236499,13.19722173363495,431967.14757598744,0.4289815546669584,5.81522675947684
1.4104306236704922,0.0354790330920919,10.326888865995896,550056.9757481664,0.14441292583455498,6.135143253308652
7190.414557219674,0.023553502909819633,18.308092356585245,828719.5310711645,0.0985165413569081,6.854204601757167
13425.86758999823,0.021546574453398054,19.060038340086837,1065554.1036786675,0.14945593154294273,3.952864670428717
3113.7616370274473,0.024480322076994437,14.468697809577005,1187825.6232906606,0.09410198418502905,6.888667793186429
161.22423553878514,0.03540181779232576,4.918826759757755,568645.0607630827,0.20196047790374996,5.259373435774231
638.4427914678888,0.03441656131542518,0.41606251198348865,1031643.1046135046,0.12279992199033285,3.946005994578275
16302.76082954391,0.025337341831718974,26.94630008384275,712742.7053568524,0.38724508967174237,4.30614468799715
2950.513540802747,0.02166385546800864,11.110755112618756,222288.29551637126,0.11463305557178738,2.3473776515135643
2174.601703874714,0.03154767413960284,19.927954382552702,357337.28513062006,0.49966999853102656,5.287242745162764
83.91758986601104,0.03892265816828103,7.404376761499522,166195.90205121838,0.43947156038248253,4.075588034722967
103.46252355747517,0.031559008020225446,10.530557783327126,459339.64816599287,0.1094999656332099,4.697659094000361
22.332328641878203,0.03321878725962859,6.71951152790197,418785.08326608466,0.3827103642374479,6.452770152037145
33.55487802176644,0.029320111331641214,4.982227391552344,882921.7144812711,0.3004821243153205,7.768494709865822
10.962624874654608,0.03782264986155807,11.829151336381106,727479.9006547257,0.34341642482511403,1.7526081832550053
179.9867337690602,0.036197298664892116,4.777901576508084,329108.3954656362,0.12536375783650894,6.806651399696505
14.019239456339037,0.043968200573585754,16.221305867484855,254945.70628791634,0.24721130685752346,4.23143763828759
40.30869822421883,0.029673599061988347,8.0,773957.0443280911,0.3482207985958612,5.1668009899239635
306.76330739331297,0.037634062201861856,17.18013173522649,1062669.925654287,0.293537581051649,5.965400196188886
334.2450445466176,0.03347043945476695,13.81521913721665,499674.2843879423,0.4252122484960157,1.1550582969002443
2959.877084340336,0.02785137905508614,17.158252785817748,397578.37720216165,0.18875675497595595,3.48827701486667
10.017185861092173,0.03682477150062009,11.157930138475635,722662.882413493,0.30705528646597613,2.351090296980607
769.9039057050617,0.038708925094785976,22.34293901976235,643119.2778097497,0.3201025290086516,1.7819411773312792
628.3890627602159,0.03169602048600393,15.324239073235761,931890.2843496648,0.09021455707592738,2.0458900166753278
7.573182292361608,0.03803437063728508,10.123206529131867,792533.9429743458,0.12850409117359635,5.181564747713481
235.60787821432888,0.03256397951399607,12.23094784532415,468109.71565033507,0.4289815546669584,0.984296461925183
2247.6726546578534,0.03681218233806452,28.776664930600678,476504.89709576877,0.17105595662682896,6.135143253308652
708.2483556527282,0.035805261342885523,20.293087088705825,828719.5310711645,0.12422533855777193,2.7582179726486187
295.57037247686435,0.034042779438696436,13.950491495172027,116281.3488149707,0.22006901790142103,4.902963431959558
29.607077374970725,0.0362298809212436,7.881699011641909,334490.4202827747,0.11646758994955042,6.888667793186429
59.84460553235304,0.03773195669107459,7.508784999389768,259767.71329507907,0.3862726850184857,5.259373435774231
222.98308565102758,0.025497305796185442,2.1555742987334785,211425.20728215115,0.1795062841627832,6.9243531281858095
8173.038456428583,0.02796671258952899,26.94630008384275,559079.3771374985,0.12550820969592588,2.627722564091883
607.0192261171871,0.027039122429890435,10.26665251045597,864588.4877766111,0.459970972761688,4.703550913530232
14.67111795014717,0.020877329640868768,2.5606830339668143,574488.111823658,0.11699105943455312,5.287242745162764
181.03489645284543,0.026155036383345254,7.502751180207102,166195.90205121838,0.08269716760897544,4.075588034722967
252.9087399977726,0.025890468494899274,1.3107323032734293,691041.1287728876,0.07629259688752721,5.053385196947483
102.30545402560946,0.03810496361665475,6.71951152790197,315225.0873453125,0.31538007313859684,6.35230507463616
132.83194976776633,0.03548433204585315,5.342711001258989,394122.8817627273,0.3004821243153205,6.5191980556681735
11.570074342016923,0.03610144812171774,10.807053073206866,1008233.5182419519,0.3318526533584817,1.7526081832550053
223.6797891885089,0.037461425133632396,4.777901576508084,797983.2147278893,0.12536375783650894,2.446163903110256
75.26831847125084,0.03180696503004597,5.073253121999608,254945.70628791634,0.24721130685752346,6.320071996706588
91.81293256669468,0.04093683776265984,8.0,422830.8318467384,0.3731370764284683,5.142256939597578
64.823695806785,0.04285287767993587,20.025690688667613,780853.0797617794,0.05671245347283116,5.198228487675275
358.0583493147375,0.02762008765463809,9.531082732675316,241088.54006392724,0.4262234704148802,1.1550582969002443
1011.7890655868191,0.025923278202695844,10.74152946506186,742155.210001954,0.19544260786240059,2.11228969576646
0.16354453191060264,0.040295497715792064,12.707523675525938,1108131.3893363504,0.13875074199265425,3.7356134418241806
270.9027211131049,0.03829266048470999,17.367427714251832,574484.0903557115,0.4107500876237319,3.8609735272306738
745.6703390741709,0.028924029997772126,12.35771342469643,422830.8318467384,0.3731370764284683,5.142256939597578
317.90048321146656,0.022686534941324697,1.2997074961226964,628793.9994834281,0.20579924073051137,5.181564747713481
126.38573213413824,0.04112329872236499,7.320520280548402,431967.14757598744,0.08012835034046048,7.023604270820406
480.1982068476345,0.039033283192491657,2.140622851171443,649202.7591999944,0.1348552973036342,3.8035669508808825
864.675001961301,0.03332191639717262,17.045633366484264,828719.5310711645,0.2900817996790472,0.9506579160319921
1723.1836166827902,0.03272157539961458,19.954028606480083,1061022.6424048678,0.35444498670101193,5.347958869601387
4.712935193740292,0.022219955091804928,3.2096814637820863,334490.4202827747,0.11925735561577963,5.27287209706075
9.728971192260076,0.04395349083991849,12.62253549247952,660167.2819251046,0.3649323181236925,2.657939616747213
295.90972077480217,0.03675541727258944,16.50362371420978,211425.20728215115,0.1795062841627832,6.9243531281858095
41262.11038827504,0.02021191140737681,27.71212124100356,789890.1968604735,0.12550820969592588,6.52475943705025
346.2671498821114,0.03952010007717414,3.6240158643458233,303567.0637931838,0.2518864897279257,4.464230397074877
7.6985855322697905,0.032994220550224225,7.387348765106239,1063084.703109534,0.12154989416098616,5.287242745162764
12.41993649272,0.035496683047008606,10.489387691606222,1040789.6686447464,0.2425265682678311,5.910222837035604
206.10231662741427,0.031666564532625605,3.4818805291527273,459339.64816599287,0.1094999656332099,1.0474527221689187
41.14457803889691,0.0271747305177932,6.71951152790197,386444.49481593433,0.364288379987063,5.250462500006839
33.7481364346214,0.026717712818552113,4.131900494921183,1116153.2274010736,0.3004821243153205,2.9837359542370745
101.90583891864343,0.02758193336877634,3.5192492600274203,727479.9006547257,0.34341642482511403,6.843363755448571
16.826951987155258,0.027641732783012046,4.777901576508084,47682.002208814956,0.40984885878860383,6.8918554593719765
50.012474296712945,0.02899986227828945,4.596539376431561,752749.567681296,0.17088029267740545,5.5244177456279555
3.896336900962268,0.04246360902503343,15.448983849788956,700000.0,0.13598510117993956,4.332867650593285
166.98027788154351,0.033703201748465694,4.387745737394285,661560.84442185,0.3949442847745946,6.830361853745735
240.11356246265103,0.03716566893639964,4.372354071246235,488030.17008286127,0.19109510008556402,5.009086326868775
112.85910226857935,0.035871004229644565,5.775275092570187,107578.1482104797,0.49930383242962434,3.798422675466168
167.78768524080897,0.033703201748465694,4.387745737394285,661560.84442185,0.13875074199265425,6.830361853745735
549.1802218553896,0.038123653065806416,1.0578082659120867,1004656.5774861523,0.09946492282378822,3.8609735272306738
1240.2707444905832,0.02545000179255768,10.950577214564024,745369.638988768,0.1999763756447206,1.96046222496149
5.545967097376019,0.030785538947105746,6.381423231488384,792047.9622557785,0.35675886519221356,4.452581836252774
1.4565520559219771,0.04112329872236499,13.008778661242154,73826.57576547144,0.4289815546669584,3.868218366626265
15.776985714933026,0.04409773108720515,16.43769184270083,1131472.7610366708,0.3270255176541712,6.135143253308652
0.3094039694405026,0.04490833979624446,15.80153764651631,724780.8189521714,0.12422533855777193,2.7582179726486187
14.282237172546445,0.040474330932744856,13.758482775398782,495002.8895409042,0.44631029130303645,1.4631041302747771
25.136289830752943,0.03757144303440031,8.821628420035188,334490.4202827747,0.09410198418502905,2.530186567769657
9.729627784616387,0.04395349083991849,12.62253549247952,127747.52598650026,0.3649323181236925,4.607971231811662
151.29086534064066,0.0262756109394199,2.7801044817013576,550366.7622653297,0.1909175765011747,6.928141588757084
100.68903199932548,0.03303504207544663,11.01317887847863,761243.1623509688,0.4943563985717878,5.261848621013798
56.78089015936209,0.03485672473964013,6.472015398143423,222288.29551637126,0.49403461889033484,3.755640830070563
21.149058253134946,0.03566646338089825,7.792790102943162,1063084.703109534,0.39268836916578764,1.1567562764772163
3.5126562584080014,0.035496683047008606,10.489387691606222,917097.9021717017,0.07301791928906587,6.831287123018221
13.135971470194264,0.02964005812783524,7.461412742899863,459339.64816599287,0.11091762761793428,4.697659094000361
104.49959044308275,0.03856339794229133,15.09603432143448,418785.08326608466,0.19377375078666026,6.452770152037145
19.26922326169877,0.039575219940137435,13.413563279560618,882921.7144812711,0.38341924386980175,5.1093920222785725
26.670803985941532,0.031447293391108855,8.669211129519134,727479.9006547257,0.36789119194778425,6.468920460675232
89.42617299678685,0.03428871703370427,11.682567747419146,159960.16660505347,0.40984885878860383,3.171408575267677
7.024381328146685,0.04338396214808051,12.53858814914855,254945.70628791634,0.24721130685752346,2.793764853541903
5.877152760623561,0.03123948905463457,8.0,797647.4094907386,0.1124756630935066,5.1668009899239635
120.60120717930111,0.03944214792954556,16.112293101726664,1199381.3937432228,0.34736006562997257,4.325166792769487
2.561504615258832,0.03716566893639964,11.509978459818972,488030.17008286127,0.11409792918373726,3.0697669488374544
570.8083318532472,0.020703179757751725,0.3781440217291969,754426.1413122419,0.3241289996552808,6.53771823935517
1.8506936886965697,0.03382811058046448,9.443065085689433,431253.8344773809,0.13164592395511548,3.7356134418241806
1.9839865632082199,0.03266156615423273,8.258244177315525,893739.82948052,0.3215277039474786,4.101082043265436
2967.0845468894704,0.02631467190080825,15.324239073235761,1045287.5193518848,0.4598327071343045,1.96046222496149
0.6690419416877684,0.04171407123225699,12.47829989156227,1106568.9093622523,0.2331434507917621,5.499213699557557
7.2430642298614,0.024514987156296304,3.7019161225142714,73826.57576547144,0.09455295317307802,6.651952739854725
5.950413346723792,0.02922497688023864,6.8505174826636885,1139755.7797636073,0.3270255176541712,3.8412936657906793
60.43869918595529,0.03800049227685863,13.695262575369773,761668.1620638997,0.12422533855777193,1.1296402801905394
4.193698185052804,0.02372361440621366,3.8321095726680188,378876.8383513014,0.1401209252596221,1.4631041302747771
94.98946362048511,0.04022240644069951,7.687488954464996,1174410.8425495252,0.08416258237144317,4.18755913375035
23.146065680572796,0.04395349083991849,12.62253549247952,532269.8935186743,0.14525153496798118,5.843766959556248
2.306229229745103,0.0262756109394199,5.359933219745882,550366.7622653297,0.23549358870249856,6.928141588757084
7.012340094774349,0.03388724905240649,9.334948488469124,1057210.1429919982,0.16777143014594498,5.065371593815171
304.6345450087131,0.033063055940576354,13.234272812902752,222288.29551637126,0.22330594224964523,0.9792541630471985
63.008410107215965,0.037622056537258024,7.387348765106239,839276.8938012079,0.33893630778608924,5.287242745162764
0.5841914187484045,0.038208767274182646,10.489387691606222,819235.7389782672,0.32841701556077696,6.831287123018221
472.0775519888006,0.032992262892197664,0.5751167053999833,946817.5082729071,0.05805428277338853,4.697659094000361
371.7783169183429,0.03321878725962859,14.8079572075861,426276.84035094763,0.13814981500099904,3.1205559304339134
7.996412815855988,0.03395911271424265,7.619566789994639,846544.2845948294,0.3975834234068262,4.297455929845749
10.962499370775845,0.03782264986155807,11.829151336381106,488348.72377642954,0.34540776138258855,5.621390216498771
21.124566732972678,0.027942727080532182,4.777901576508084,1156569.5457242308,0.2016889970224589,5.132019516459493
14.743079754865745,0.03514883678697716,7.823119090320667,963506.5802314576,0.3551151147745102,1.7437002266689152
23.703837687728438,0.03213,8.968525079196432,385690.96464935626,0.13598510117993956,1.597175692433558
127.57310845233113,0.03807377025677994,17.18013173522649,214068.68949622975,0.05671245347283116,7.62582154284514
58.434970783954874,0.026829759914050722,3.8111947640293966,15809.80087994726,0.18882917162117502,5.468224074305423
116.2264698643271,0.03661796205746457,13.810175187461,808383.5619031482,0.49930383242962434,7.411704902554034
43.03295474029579,0.033405154486496474,6.238786158547786,318246.47306731297,0.22093736302153105,3.7356134418241806
127.84009003539389,0.027246798395471956,7.788627708889474,133505.9771631033,0.06335879894225804,0.9116392627571468
1.969405764869047,0.04177659599177479,13.522214996430472,378577.35795660515,0.17507652211354618,1.6944607465263042
169.40765207220647,0.02698524697648953,2.7912590446994905,534301.2896833847,0.2858889811380787,5.499213699557557
0.14471023854047704,0.03821133028195502,11.200522434530985,73826.57576547144,0.10844491056933661,3.904880777060839
16.135516881420482,0.02976708312475136,7.488888904266123,471616.99519617425,0.3270255176541712,4.721592483188723
0.2567678654691414,0.032046795658594134,7.86438287429933,762758.5199945641,0.12746322971752083,2.7582179726486187
1919.1580671441222,0.02372361440621366,11.262655186028185,378876.8383513014,0.09140192341348888,1.4631041302747771
262.83829267710735,0.032046795658594134,12.841148703194053,85217.74199303187,0.09410198418502905,5.125133679241222
23.504738435212587,0.04395349083991849,12.62253549247952,189136.40890621248,0.13375485613264743,3.810770208383066
3.1308521804493905,0.036727682516457576,11.334666514408362,978253.2386383943,0.06902672434032164,6.928141588757084
2.516477699765254,0.04217248721135261,13.105287407335892,581519.98617922,0.12002731193193952,7.2460348415248035
1.4282936443922964,0.03022151938604247,6.443070683883157,452633.98561122373,0.14959631964764794,2.3352326021763066
103.52055613524618,0.03491332661687176,13.08487121735447,492333.48522299755,0.12154989416098616,7.384313192859201
8.926737992854665,0.034191047461083056,9.565738327795945,1118965.6880329715,0.173266744623035,5.047836180102085
6.206768434608961,0.03337392214426195,7.461412742899863,426914.23729917605,0.17456702765369342,2.891259489919639
4144.403696011888,0.025600687571906623,16.26231543087016,582391.2451150331,0.23761224062576908,6.429577729167619
5.176412314236803,0.03410784311967719,9.430121202095272,1152053.712212772,0.1647448731606163,5.006168869419344
3.1149131406100574,0.03782264986155807,11.829151336381106,959154.2253614606,0.09937144117301913,7.326255180721651
176.0535811503251,0.03560137970535317,4.777901576508084,47682.002208814956,0.35062796858379414,4.144104960046676
22475.801491744638,0.022668930310613733,24.655099772928118,700284.2023287149,0.24721130685752346,4.947247088343974
0.43469958258913366,0.03422563994495514,8.883748845410555,154498.66312736174,0.13598510117993956,5.1668009899239635
244.7682061338043,0.020391431738296897,1.2951329847803468,604679.4645382598,0.1587102519465002,3.7637475261185798
1.5147346326314282,0.03385719478403643,9.24888463408666,488030.17008286127,0.16110020139234132,5.026525475691281
181.71614238496926,0.0394132176928281,5.775275092570187,107578.1482104797,0.18713824447276856,7.444254071555459
221.26478452434992,0.022326038765092725,1.6577736428134884,604114.2935179784,0.3330379391131733,1.2134369631304511
506.90869516081125,0.038123653065806416,1.829571251878619,501843.89304795297,0.48983648191240814,2.4681768191699014
32.43768722231432,0.02951257024224305,7.75859198379604,729559.294665102,0.17507652211354618,1.6944607465263042
56.650220815807295,0.029432930851764783,8.14752664510879,1088378.3203042045,0.2331434507917621,5.499213699557557
15.142823076067657,0.039799401533005076,13.357406181554927,102238.98224257154,0.18272840032583418,3.904880777060839
555.1980555728204,0.038803956107831314,1.4668648727947495,888518.7395095269,0.25945841379988777,5.20127234568391
578.1194898969547,0.032046795658594134,14.268917502660866,762758.5199945641,0.14621785496956835,1.556366036179646
443.38848259905666,0.02372361440621366,7.352118529489947,692901.0383559259,0.31775082450893444,7.170701838060543
270.26591594317676,0.04022240644069951,4.707873146442481,350297.70211353374,0.1833979559757854,4.836252762188647
9.729214677203824,0.04395349083991849,12.62253549247952,1158510.4614534294,0.2347662446818134,3.6413512032175124
28.512881829899577,0.030402805215963565,5.359933219745882,305234.2038302611,0.11087000096753777,5.307076504156647
5.1819906867957055,0.03722103340656683,9.366601201325249,694344.8799242532,0.3678103131656949,4.116225302432065
1.4541837582060024,0.030229776348125025,6.443070683883157,738761.410855747,0.1761721484741101,3.9717397703195414
4.130053014324159,0.03474742975775695,8.241408016203962,1063084.703109534,0.33955704169201306,6.501419661785507
417.1911455641838,0.024274323064824705,1.073864914913674,819235.7389782672,0.22714398629582017,4.11884604012999
10371.418880717398,0.022693352412815455,17.999393629785324,684198.5297324944,0.19776976472610663,2.891259489919639
4.285932237712464,0.028546540041758467,6.453958383305087,504976.51495985716,0.18515027548606727,6.128524915304606
18.789061823998814,0.031867142365244384,8.673761125933435,955441.7708053433,0.1359034662828109,1.375372184804874
21.512232911326535,0.03782264986155807,8.955381413876985,660361.9732969865,0.09202170128565251,4.468518232370829
8.457075627005171,0.027610647831144784,6.210490859209376,1192778.6190168587,0.2068997632736314,7.900135132937727
200.41862795743708,0.028076667166929366,2.77817533049706,82573.63401135273,0.18116160136517978,2.793764853541903
2.237924698927932,0.022613718216977767,3.593016975534619,842926.1578000672,0.13598510117993956,4.835287896990828
4.8267716624608985,0.034940276636366785,9.719539975928448,804603.6333471865,0.18426536732604754,0.6286056831944231
0.0971599021357705,0.03385719478403643,8.635052234667445,807708.6295645206,0.16445584401947166,5.026525475691281
100.7349611395482,0.035871004229644565,5.775275092570187,111559.1741940665,0.08770483503383159,3.798422675466168
89.85321118220283,0.030439826505918595,4.591755446891224,188358.67904774135,0.13875074199265425,2.974077859848485
0.10550435302588122,0.02446583893825579,4.392269471902642,912145.4128336578,0.20716673047007494,2.564615924276958
329.54612818478137,0.04177659599177479,4.268572688998217,531360.9609144845,0.17507652211354618,5.335488345214238
8.14861443057859,0.02892272050634062,6.80425672203649,1010899.1627649558,0.19341672317085645,6.5649260431964285
27.108449422913836,0.03084235661248994,8.349023607252935,73826.57576547144,0.30883513161064746,1.8663822641075125
295.17920607145743,0.038803956107831314,4.077613906318909,727280.1975699938,0.3270255176541712,6.135143253308652
0.003424338158006118,0.033200815561929754,8.589011653541254,172541.54384071816,0.12746322971752083,3.6910730751442373
4.904732325907123,0.02808837852424053,6.280359161680767,85372.35313197324,0.19341672317085645,7.5625059069915785
544.01327746987,0.030621319943678074,12.841148703194053,491132.0516715921,0.27311144897425793,7.40493441174534
442.7647607080931,0.04395349083991849,3.2061171629820873,553565.113554696,0.21753648717358529,5.898079248330374
23.80824228425065,0.029906654259269496,5.406106372714438,775140.437833262,0.23549358870249856,6.928141588757084
3.291024455900726,0.029980818477506034,6.272986954286994,581519.98617922,0.12002731193193952,4.804423224331144
39.57706049379728,0.03022151938604247,8.284599855276108,515366.2872134028,0.23559738715195708,4.1004709075251355
3.6384339503304926,0.03823467920502079,10.0381366332432,1063084.703109534,0.18149422957715614,6.501419661785507
9.075151245992435,0.03051092758295633,7.895719461327439,1022742.8032844749,0.13337154774106574,7.2210066783090205
0.1002832527453417,0.03792341450431363,10.59918779676131,1141348.2472354192,0.15904689181154888,2.891259489919639
0.10775827932166085,0.030700044117969966,6.966040226038876,504976.51495985716,0.18515027548606727,5.282936007546609
3.5452767745605067,0.03576942056584852,9.047699267907383,1031670.8785137159,0.1750488394980016,7.198646484710528
0.16831561211137414,0.0352020265172474,9.811878729633111,295251.15674765315,0.10777443208890733,1.9068045896331896
8.456067317000132,0.027610647831144784,6.210490859209376,519257.54580104246,0.2068997632736314,7.900135132937727
2.09446909413054,0.04232659903686999,12.531547676398523,1124618.7832351946,0.15495895960144773,2.793764853541903
13.753077296887387,0.03213,8.641691410073662,700000.0,0.42033973087458293,4.4796050361502555
7.327010869356219,0.02349611916123306,3.657427595748352,220710.5747749742,0.1321602280128181,4.839755407968504
8.95511386965968,0.03184763278610766,8.297371287630554,555252.2974055397,0.17524864464152562,5.026525475691281
2.2582180078464225,0.03166184116485147,7.96716181118528,111559.1741940665,0.10960032445724571,4.214296981296461
3.502472395734542,0.026636666077220886,5.035672549077612,1108131.3893363504,0.13875074199265425,4.770217899981372
20.499513820837407,0.026636666077220886,4.392269471902642,912145.4128336578,0.12924453306515557,4.770217899981372
1.319607564534055,0.027158357618440047,5.650994549655612,495820.34712208755,0.1272458026748498,1.3586246626892708
226.19465323270404,0.03211334651028507,12.47829989156227,809286.6560299671,0.08388308005664435,3.3148340495490576
829.5258198596584,0.02631080065444285,11.200522434530985,334524.03598730406,0.15870259568768014,5.667133872750331
3.6614477017796005,0.021798545156180127,3.251733351005777,385916.4595382302,0.31526019404833555,1.3379742810576802
0.519393747749428,0.0389739039929696,12.095081186618634,1130196.8646965562,0.10289089158263903,4.063181762547026
1.7777516527282158,0.02619916385287551,4.811629587299274,861327.7938189802,0.16767350496990246,3.5837482601698234
0.24575297185257966,0.02589982643042252,5.006696944384208,995053.2318742697,0.19283318048052311,4.363361682533687
0.2691295297035553,0.03929969727331917,11.217544184480948,566838.1360529998,0.2241015499757164,6.0832607037968405
6.913081454477441,0.029631689468692667,7.088632324553389,416700.1216878344,0.23549358870249856,4.029651886636676
1.9068745716014082,0.03836017356957748,10.993303055615794,172481.64762472262,0.079137021879356,7.2460348415248035
0.5451579899836709,0.04078974308529691,11.97031061475734,452633.98561122373,0.20506692508088661,5.379621678477559
23.17403749062362,0.03823467920502079,14.026116193222744,1063084.703109534,0.05534229876568453,3.8105418059316207
4.185732910242111,0.035252216454127495,9.000742155646032,819235.7389782672,0.14813763506103292,6.218761077741905
0.4918883172102442,0.039797039538442144,11.411314239072457,452664.0163490337,0.37470574983611543,4.700267589437347
87.7180478541238,0.022075868152335806,2.3682973892193306,504976.51495985716,0.1566141012589593,5.282936007546609
0.5707686388411939,0.0414738827119706,12.568983012978634,1031670.8785137159,0.17623209092291658,6.949564359995266
0.8069271579001329,0.03297047655469171,7.901186641785089,645464.9652578909,0.10777443208890733,7.459133634528891
1.353356452616124,0.034050423996489415,8.897778671728432,519257.54580104246,0.2068997632736314,4.306634419732871
9.032302633558135,0.030290961386513215,7.45095285525765,1124618.7832351946,0.06706998589300267,4.11495023155103
6.9924456921717,0.03219298528708665,8.479395481551654,253008.70020641416,0.08461229145251772,5.540521363987265
8.241679351119092,0.028554196041763884,6.635005404443444,283742.598807298,0.18426536732604754,0.6286056831944231
5.57380929132891,0.033064649714544314,8.927428805394452,781311.7711896524,0.16445584401947166,4.987439420865332
1.1479501756028259,0.02909730646332865,6.525417046355479,862252.7697210654,0.10960032445724571,4.214296981296461
211.47434896028642,0.040295497715792064,5.2672224304768385,905586.5759740244,0.08807066877727174,4.581927630387832
730.7317820970912,0.02446583893825579,8.789999624858922,684127.80273411,0.2991667468019606,3.962483373087319
0.5882089059358706,0.027977769647878285,6.002462982649741,268805.27679389814,0.11150813972623541,3.531372899023513
4.2259425814722595,0.04171407123225699,11.874606312761902,1106568.9093622523,0.2331434507917621,4.770310423706721
19.481119978960933,0.03508086780520846,11.200522434530985,970474.1563983664,0.16255941284141995,5.917214083073128
4.250562071036468,0.027556982104114947,6.0104936984527715,1139755.7797636073,0.3270255176541712,6.135143253308652
0.10620836025245632,0.033200815561929754,8.589011653541254,1085373.6103864838,0.172984871051439,7.4728260484553175
0.02893820945251504,0.03518220345973934,9.606333679431145,385725.22733775224,0.1221627529162731,4.533446598526296
95.87211689989346,0.034817771186312914,12.841148703194053,334490.4202827747,0.1131414320367693,6.888667793186429
5.36636571044842,0.04078684181606627,12.058357115658664,797580.6347042253,0.14902274787276906,6.639667791655267
13.286758817572931,0.028504609655785853,5.359933219745882,550366.7622653297,0.14908631987195498,6.928141588757084
367.13705218118446,0.0286058822528275,10.993303055615794,618718.2905615125,0.1527290213938488,7.2460348415248035
80.38051698429673,0.03494220130574927,11.97031061475734,1185442.2470611045,0.23614488159527464,6.393473298082336
3.653606435208455,0.03823467920502079,10.0381366332432,808347.7606585785,0.18149422957715614,6.501419661785507
1.635654867663131,0.03007045972063275,6.964287366821486,1046164.2259588471,0.32841701556077696,5.429405673855511
0.1673910569118433,0.028504164732318153,6.0880643899528035,686726.8833383025,0.13785903909153813,5.982167494390479
1.191415254842655,0.030700044117969966,7.210000375141077,715872.1972658901,0.2304797092693708,6.371118606760609
6.311727928819819,0.029315590807896384,6.81352627694692,666418.6725567057,0.09437571813779502,4.74210797263529
0.2906906238338875,0.03290134390586073,8.281683385353716,1037267.3788638166,0.11083604686025278,1.9068045896331896
3.8627467236129407,0.026995089560379493,5.748024447725895,423740.4181104662,0.35602699113028063,3.5105828362732523
0.01816106465621504,0.033650310678436574,8.80011908713977,1124618.7832351946,0.12910015266863814,4.851325479468049
1.030117696173812,0.03385882669613875,9.101112648926616,700000.0,0.05540560392270219,5.1668009899239635
5.100677005857429,0.034940276636366785,9.740129193636331,399781.6634849925,0.18426536732604754,0.6286056831944231
57.57923632658205,0.029928223368465148,8.635052234667445,541166.3175450844,0.07164364869586695,3.8300375354362495
6.860872137039776,0.02909730646332865,6.588172401336145,270420.15313196136,0.06960419963697545,4.214296981296461
0.362457449783329,0.03403716443337524,8.699776032764706,1147151.766943866,0.2520750640326549,7.40563906513463
69.63839306808751,0.030122907548896263,4.392269471902642,912145.4128336578,0.09675215162646292,3.7859307126439568
78.5234358030357,0.027977769647878285,7.975622244519899,268805.27679389814,0.11639810023503441,3.531372899023513
399.0152158075954,0.030356027138533682,12.47829989156227,692438.4212941186,0.12446909329877298,5.6837371536384484
132.18658909858823,0.03821133028195502,6.368703641471358,73826.57576547144,0.1293334951028774,4.9978163433341924
6.136652373349589,0.03323489058161565,9.174467726404306,852965.6522881745,0.06010934113096583,3.527691009111714
1.2615027261125142,0.03214236288342367,7.384535204721462,889909.0842077574,0.17466355382326576,6.541627034210942
0.904795294605458,0.03629009112411347,10.034938511581043,858241.7650996912,0.17235409656292267,4.533446598526296
0.7382440890659243,0.037804144581805796,10.76076407377002,334490.4202827747,0.09097684696257793,6.209265519792194
58.156199343455356,0.03447266700216317,11.217544184480948,675966.5859351043,0.2241015499757164,4.295690799908727
0.6489289186732491,0.032978624098303835,8.233302966001805,510827.90520077123,0.23549358870249856,5.732628358762297
0.7706109984673115,0.0356637536169606,9.65913700411151,932843.6915393414,0.23713796340948226,5.679522817937812
0.39307750889306703,0.034392540516654364,8.95257826948035,708857.9851238813,0.15184142328524386,4.128977221211935
1.036096699893967,0.03141793298537561,7.376889087082818,1063084.703109534,0.16599700733992057,6.818643583266646
11.123755332860156,0.03560682933552701,10.489387691606222,737376.7704296417,0.32841701556077696,5.942614767575252
96.4349410971717,0.03194885474357012,10.59918779676131,599609.5827708228,0.1651376165597618,5.260867651093009
49.255783963635636,0.03572699582681832,6.966040226038876,504976.51495985716,0.10551218124447959,5.282936007546609
139.84505366889414,0.0414738827119706,7.534240468727068,521699.08250921615,0.1493378828919772,3.9687617843525205
67.47266364922203,0.031456912880673024,9.811878729633111,581403.1307061882,0.09082193973442662,4.345811756227479
3.225337284388078,0.028333759320146767,6.296361525917385,770507.0891628677,0.2068997632736314,4.681550146740143
0.44816780332601147,0.03552651915494496,9.562039125947447,1124618.7832351946,0.15734093336668398,4.851325479468049
0.10280553168415223,0.032981191684841704,8.0,699062.4596143608,0.19262389212516123,5.1668009899239635
4.826776232347152,0.034940276636366785,9.719539975928448,958731.2949809526,0.18426536732604754,0.6286056831944231
1.0269213244101276,0.03385719478403643,8.635052234667445,131613.1561875404,0.1483789391582002,5.734699552459561
2.6851245754789623,0.034909201794958544,9.829134237157032,862252.7697210654,0.07694946869937633,4.000390171007018
0.025332336740147558,0.028189911487666496,6.119662929199778,657643.0794882157,0.13875074199265425,4.287616348388903
357.09734931602196,0.02446583893825579,7.5397972543943474,642549.40002648,0.11652964734764101,7.267141305343026
0.3281890895413163,0.03186028785529494,7.873328459891793,128721.7263726074,0.11150813972623541,3.531372899023513
203.57676976848762,0.04171407123225699,6.090686264834799,1059032.029838416,0.2331434507917621,5.499213699557557
5.909530772506667,0.028320699438537333,6.430276725708383,285668.43454027706,0.4078175505311964,3.904880777060839
0.4558164419973135,0.03267446741687064,8.243466078144394,822772.6761727858,0.11849387303574274,6.135143253308652
17.728636478069966,0.03177440462947214,8.589011653541254,172541.54384071816,0.36018726478091634,3.828568707449555
0.03474052605996547,0.0338761666717253,8.8069266346555,680086.764764968,0.1221627529162731,4.533446598526296
81.114393550133,0.04022240644069951,8.054412914106457,334490.4202827747,0.10183637661181605,6.0370600268653005
1.481508979813063,0.03670026819903418,10.360490399951809,566838.1360529998,0.2241015499757164,6.0832607037968405
0.7500457235369579,0.03684438936645291,10.306077485845352,879326.190811193,0.23549358870249856,5.450429776876238
0.10888621247024119,0.027032559924738454,5.398446565309179,387476.7484049747,0.23713796340948226,4.436598576576126
2.2507554553600904,0.03160282812377264,7.758936965260987,708857.9851238813,0.17861013039575566,5.590486400469737
0.11940040923776576,0.034248642808170415,8.988020939017254,959508.6617729425,0.140308623946855,6.818643583266646
0.7428126055643931,0.034092741889284864,8.888639143144523,261509.25724544754,0.09049028432121245,7.132675923288417
0.78439925228644,0.0322870587068826,8.055406349004683,394371.4317919378,0.09008797474699393,2.891259489919639
0.4086827069512712,0.033487600189232955,8.571578908482056,705315.0881462165,0.14549942621953324,5.282936007546609
53.56402068343492,0.0356281150717203,12.568983012978634,475366.90586097934,0.10133950130154795,6.8227078853624805
3.013209358059938,0.02872943995744852,6.490682057642401,295251.15674765315,0.12056117788708173,1.9068045896331896
84.549985361628,0.02951420141513128,8.897778671728432,842667.2723620301,0.11208205559670284,4.306634419732871
332.54889724489647,0.026379235837873872,8.80011908713977,456045.0192058369,0.0776868329952809,4.967342215957201
122.78390291514995,0.03213,4.337813035198296,304552.0869950392,0.11939220405357989,6.3083773928877225
8.448351925136494,0.03328963868330443,9.396071852452229,41664.04029756063,0.12361992299757946,5.78283680380723
2.4003905728722468,0.03191600922416104,7.924509453533333,1116415.5921535697,0.19851943556425433,4.121823338950014
28.55838090774592,0.033055274023448024,6.525417046355479,590832.1015031637,0.10960032445724571,4.214296981296461
2.14234601012617,0.03196794836064571,7.926223413261422,340077.4756655485,0.19042596480362273,3.1131351467508184
0.13588358529007472,0.03803691650913101,10.927576699858673,758995.437532444,0.16535394193421185,5.2738338508037526
2.3535947038921927,0.031411734065984034,7.671554243290353,457288.3841456035,0.19406123877903936,5.744067742680986
217.65607085407893,0.04171407123225699,5.861269152246281,135477.75919504242,0.2774500750784408,5.499213699557557
0.19964813885073274,0.03052627224610655,6.784943054167686,459826.8401223129,0.17786617787925046,3.904880777060839
17.478385618279994,0.042227525133029464,11.133497335290429,1139755.7797636073,0.16127538018493415,1.5819339610783798
17.41515773887471,0.029457880933296043,7.370619350803553,688037.6807598984,0.32925737048416404,2.4057592630607467
0.4815062982800162,0.03530312913072378,9.396263607685226,412696.41401633597,0.23890777376380115,4.533446598526296
1.2388974871658234,0.03927118538792262,12.841148703194053,95344.87959717854,0.0708243687061049,6.0877238146161865
2.5427108865266925,0.02834359396371489,6.256068339361164,740789.1891770884,0.2241015499757164,3.8181221363146896
78.72450026399403,0.029029859547475736,8.233302966001805,602283.2520598012,0.23549358870249856,1.5819339610783798
3.432746155059962,0.028035803400316316,5.398446565309179,387476.7484049747,0.16582335627224257,2.5995530578745427
0.5751033277133444,0.034392540516654364,8.95257826948035,392396.9789326056,0.07577977190656454,4.128977221211935
0.5335098753646406,0.034248642808170415,8.988020939017254,540560.6652803338,0.17617955612536274,6.818643583266646
359.6494299297027,0.028033708041113686,10.489387691606222,780703.3513607387,0.15153332170245065,4.992004822454662
187.06429356983193,0.03792341450431363,4.857994566899995,1141348.2472354192,0.07983029333715172,4.780359859884949
94.7160046642203,0.030700044117969966,4.529548810190347,212958.40421895246,0.1379064309362515,5.282936007546609
670.1812233242019,0.028663443899586114,12.568983012978634,455043.09950253845,0.1367085482473146,7.91820691573882
0.17609762791665962,0.02818314339810388,5.976687152827889,911542.3614736517,0.10777443208890733,1.9068045896331896
3.6541150774797515,0.028956870869276213,6.603736392314776,987303.585983664,0.2505123406205484,3.925505642046665
0.4513975590034257,0.029397997805705206,6.415159254976061,563855.6705887138,0.13903755335825435,6.494949189114079
8.42567655415672,0.03092196082256604,6.545659508814142,700000.0,0.13598510117993956,5.1668009899239635
14.886614690902729,0.032925077427438436,9.719539975928448,804603.6333471865,0.12053096605398031,3.2205872792625634
3.4266433231645026,0.028295836061775832,5.576309635008323,878614.9598269062,0.16445584401947166,5.026525475691281
4.027966134094184,0.02909730646332865,6.525417046355479,1087107.4143590732,0.09779520437144545,6.47470361687081
258.69019712173923,0.028189911487666496,9.691857464679599,873637.946852145,0.10761724262222208,4.184019012484101
74.58477788089925,0.029569275421494262,4.392269471902642,253742.63797732198,0.34645199961168216,0.9728100611833055
2.847618897429906,0.02887986756586398,6.691158973170607,605995.5446563732,0.11150813972623541,3.531372899023513
1.1924890316165797,0.03467062291266809,8.749161958855314,986792.337342036,0.11450750290896478,7.093815549515277
8.482923701012126,0.03821133028195502,9.618476623849856,591775.2619711449,0.3071296527564845,7.841199597656368
89.55107923220584,0.038803956107831314,7.235396698085623,853931.3436913928,0.3270255176541712,5.899371522590192
16.86962754668808,0.031625283550908614,8.589011653541254,663090.7088369266,0.07526024862630912,3.2673728711964554
0.3010303289568391,0.028245556362870128,5.955669495012433,825885.3462665554,0.1221627529162731,5.972851264148815
51.37883172451498,0.03712117138362134,12.841148703194053,334490.4202827747,0.19402498153636466,5.182997944255309
0.26911616987051423,0.03929969727331917,11.217544184480948,566838.1360529998,0.2241015499757164,4.222634192448931
0.259999737270441,0.037329153485683525,10.798952051078881,510827.90520077123,0.1344300594110323,3.2015991452295167
5.250411956949782,0.03334783800776543,8.88058346908074,866093.944207274,0.23713796340948226,5.067893296147719
0.12558556553082012,0.029107796019064887,6.277957387232176,312892.58564092696,0.17417499798843367,4.128977221211935
0.38259945543846025,0.031001541460706373,7.1727972348410445,1059386.9099991815,0.17200448783279265,6.818643583266646
4.875494246482981,0.038208767274182646,9.898798544517058,819235.7389782672,0.20734828894133775,2.955880398328114
69.02334553749466,0.022655183494893275,2.62113610971962,1149474.739948679,0.14918443696223802,2.8891430128440097
12.47507343362076,0.030700044117969966,7.903586584505631,343257.4949471231,0.08309471123136616,7.879039335622301
13.837465214112825,0.03753893670449269,12.568983012978634,653247.927651817,0.13337626762035404,6.949564359995266
131.72785487655,0.029665928584246968,9.811878729633111,850179.8020663619,0.10777443208890733,2.026667512275922
0.7478159338399668,0.03559304175220344,9.67277813950864,984147.9323957316,0.13137850620468508,3.3482777006111704
63.54085459631729,0.040461634930151355,8.80011908713977,740337.4435913579,0.07904464289418017,7.410363022346677
0.235048005511796,0.03213,7.709381227568419,700000.0,0.4852389270101223,2.618437501336407
0.1370813879871312,0.038592599040299116,10.90511304296826,1080590.787472987,0.18426536732604754,0.6286056831944231
0.46372001156736686,0.032918252073434594,8.352477733215583,877744.0000184713,0.11066219585196768,5.103108612642113
105.84471451730258,0.03774404595564887,6.525417046355479,862252.7697210654,0.1779260650560867,1.224480439195435
8.723916011254248,0.027995095202475527,6.167364426760232,747382.3778236476,0.08833222873296215,4.461219835099764
114.50063640489458,0.03136588138439919,4.392269471902642,432086.77482351696,0.3357202494772881,2.0136988115426684
0.24606775787206578,0.03626490479752447,9.83263557323977,652617.6221763524,0.18363797362691694,3.531372899023513
51.898069083298545,0.04171407123225699,9.75649031810751,1094851.1031887096,0.09703125445379654,6.5008668743721145
17.988305501828513,0.03536509385375616,11.200522434530985,478914.3676852572,0.10844491056933661,3.904880777060839
5429.195403149935,0.020191547565929217,11.133497335290429,1139755.7797636073,0.3255283580842545,6.135143253308652
0.3652979550339447,0.033818629173397605,8.589011653541254,844740.8014850828,0.26175434506511885,3.6910730751442373
0.22244669173107076,0.03256064928951973,8.073011318022482,202307.66901414475,0.1221627529162731,3.505408461730788
8.035241908131674,0.022087818760042965,3.216370615717741,97893.31760041713,0.18191541224456112,4.582057693400621
0.3189702152697227,0.033977830645199325,8.857468481896571,887271.060023731,0.1591407875887521,6.291586249370494
286.0462375294409,0.02941838378713335,10.798952051078881,677432.861110778,0.09352481467764365,3.2015991452295167
4.5567608963476385,0.030629589587490673,7.448331482824668,606433.7440053852,0.23713796340948226,4.436598576576126
0.28693158383057193,0.02770186471569184,5.740036098889025,312892.58564092696,0.2238563761207083,4.532475716160618
0.8196880748174531,0.0349193144290309,9.268923639279016,959508.6617729425,0.3059432413204022,7.587745131359407
0.3189702152697227,0.033977830645199325,8.857468481896571,887271.060023731,0.1591407875887521,6.291586249370494
0.3485822310083984,0.040378540340664015,11.804632539235719,889669.7687541875,0.15904689181154888,2.051918633028836
1.675313871603303,0.03154868082571649,7.7342433933330454,752779.8752681081,0.1140778654707521,7.132363509502975
4.0697766114025935,0.030897795231474103,6.516566911260229,415350.69766148727,0.3383252762230998,4.512215834755925
0.05964220660275697,0.035730517408708,9.811878729633111,1152455.1762568166,0.10777443208890733,3.559835616846774
2.3081595543643703,0.030689256167101907,7.334097723931276,275440.7519474382,0.15734732132538243,3.3482777006111704
1.263755290331455,0.03136507539347819,7.535846447359794,701383.373084711,0.19048527336730076,4.851325479468049
139.34663332414777,0.02045340950707907,1.7388582321223236,1128078.0565413027,0.2197730671409098,1.9624112689028905
0.4007466061943702,0.038592599040299116,11.913183331102545,753358.3177462015,0.0798213422397159,5.74754280731474
12.187715244527013,0.031952005459498084,8.635052234667445,644495.9294079194,0.09381026560863254,5.026525475691281
1.3399258568402888,0.036619894421814035,10.125630589437318,923701.0559374192,0.1371395880066353,4.214296981296461
67.41129580122526,0.028189911487666496,8.03411891655865,1170698.0726245479,0.16339891503244636,6.156453768142164
6.1083211345259425,0.028602628527480873,6.436629920853349,740420.5794376016,0.09533377035517804,4.564889468632342
219.8087448508417,0.03626490479752447,4.401744759021806,652617.6221763524,0.18363797362691694,3.6801079513564976
946.2973552748192,0.028186167863663215,12.47829989156227,1106568.9093622523,0.2331434507917621,6.700022353930608
7.655365712046441,0.02692656712748462,4.848903605377737,73826.57576547144,0.16070784630550572,3.904880777060839
2.3830520337893595,0.04129403463448651,12.662038860996873,804313.189323202,0.13750953420116152,7.257030411025011
0.25155703723574874,0.03477498290431466,9.041684991592113,266021.5739833017,0.22219068615746373,5.657975704556284
52.65701181513853,0.04215223835070283,9.606333679431145,1032681.7897566101,0.20593593317388603,6.064669520599185
0.9514683189117845,0.028690022866026104,6.60258869316951,1144083.3870555512,0.16043401429381268,6.888667793186429
3.626849752246475,0.03929969727331917,11.217544184480948,382845.4298594585,0.1355201636672833,7.317930927980318
0.022213130995507292,0.034374770217158644,9.181392410423989,468863.81953817536,0.12581933204863704,4.700994862164204
556.5875386212895,0.027032559924738454,10.750461690418891,807009.1914053087,0.14865081342928457,5.654403442036693
7.3946819678039555,0.02809676923357824,6.08621383149849,312892.58564092696,0.09178394613749583,5.762534122396746
0.4807119693310584,0.03063966825407286,6.78419452154561,506831.9785849986,0.14661409622176552,2.9556303717046397
2.518791413504921,0.033235415816041385,7.7311066015101195,887271.060023731,0.1591407875887521,4.137129619081251
52.35071733762868,0.03792341450431363,7.781083380469389,1141348.2472354192,0.19217274638864548,2.7388786262936193
11.076645977367921,0.032813784529206205,6.966040226038876,527815.980314638,0.44520572709080203,5.282936007546609
0.6134428973631727,0.02568427585040982,4.729373955139419,1031670.8785137159,0.17623209092291658,5.816536539150228
11.067810343622874,0.03391920034524759,9.811878729633111,1099973.865842434,0.10777443208890733,6.112825314945924
0.29215018833083006,0.03607383213633678,9.748961980907103,462539.3961549551,0.18412504158148213,3.3482777006111704
0.06432980730622398,0.033149910605126946,8.45824030627002,274252.4949498562,0.12910015266863814,6.153431941852924
49.51806054998555,0.03795784727386265,8.0,319371.1815586599,0.11540372256632267,7.7079355580190505
0.30608012337200596,0.03481574763394102,9.08434245557909,1080590.787472987,0.18895358333352902,4.846349700404992
0.6672355662567969,0.02589106563905441,5.070750259784447,807708.6295645206,0.4284273247723796,5.026525475691281
171.55534293897335,0.02909730646332865,2.992467373851593,1120299.801350676,0.10960032445724571,4.4342198484336715
14.248326796029922,0.027155023234482184,5.7937587305962825,999546.468007696,0.0752586106215607,7.1008946325133255
582.5873554456024,0.02446583893825579,8.74796573201121,912145.4128336578,0.12954892732046575,4.87188880134803
470.9443027881226,0.03626490479752447,1.9116765399003377,542534.2302526534,0.15739370787786314,6.976618228916459
0.37422623068812055,0.026363803546173726,5.0174022966008405,1106568.9093622523,0.23851101736860345,5.863731654838993
8.204000067868174,0.02813542558919894,6.318198170798706,684360.9957714991,0.10844491056933661,6.999105975802585
1.8730590943977543,0.038803956107831314,10.559349935829601,914660.3715772864,0.3270255176541712,7.040148142876317
0.025695580536696218,0.031876839912995565,7.877957211963033,632470.9889571168,0.15358974690101562,4.674098302416839
1.896425439413112,0.02475911025973332,4.288194186156762,837474.5678560133,0.22778646707851324,4.533446598526296
9.964244797346133,0.023065854930773382,3.4609538130857835,74246.86432017619,0.34935945778794564,6.888667793186429
53.56059914949512,0.03462589547228535,11.217544184480948,598960.2878094921,0.2241015499757164,5.928136507372781
0.465623088267179,0.030422921409895668,6.969586910023329,1119663.950476183,0.22924280318521237,4.700994862164204
15.58763124573187,0.02159957570010968,2.933651664074139,475354.1054110054,0.22889881166358905,4.236451698387918
0.6411088384085962,0.025943607416300928,4.820055265836984,10906.35064214794,0.23698079231453653,4.779106812279492
1.7775122124735323,0.03345599291605196,8.988020939017254,1053792.7492513554,0.052324873733331834,5.871209300032977
83.15163726010778,0.04251562782867573,8.857468481896571,887271.060023731,0.21577257356609364,5.106054500286957
233.05764942488625,0.03792341450431363,4.644401230775511,165254.26565495378,0.15904689181154888,2.891259489919639
99.74106488222408,0.03865178183945132,6.966040226038876,326340.7399481035,0.20565214886408062,5.282936007546609
5.780216321972702,0.038521361960149145,12.568983012978634,29703.54314469872,0.09251664484622985,3.1357606221943755
0.3147432471109856,0.035730517408708,9.811878729633111,739670.9829093358,0.10777443208890733,6.9753544165287575
403.4569214599196,0.03607383213633678,2.496061962451746,462539.3961549551,0.18412504158148213,4.812499063014485
19.10982881529206,0.03681428337004482,8.80011908713977,1124618.7832351946,0.125433331428219,4.609141594940845
0.20975300714386755,0.029780732441175843,6.826295022378108,564623.897768091,0.12592354365542444,5.1668009899239635
1.2089931893953338,0.03585809268535174,9.847711452104974,737234.3944245433,0.18426536732604754,5.2343537351035145
2.033361685456484,0.03353869443004639,8.714395119886959,1049431.3655666816,0.2097191538443599,6.60477304627128
1.8714859945614892,0.0270822507162043,5.628675634807218,675561.4229733507,0.10960032445724571,4.214296981296461
0.7582876371860717,0.033380493096462946,8.489585716031584,657643.0794882157,0.164376945409274,4.391255609466311
61.320809793736515,0.0289472920167955,4.392269471902642,810902.6654657011,0.19257527367093863,5.551478620789836
0.003935339659813312,0.03143045904976208,7.674680499726854,347279.26398512546,0.1452959421268802,5.7556184536945185
119.62833314001355,0.03307176457450779,5.0174022966008405,443572.8766569291,0.15859357761212753,5.863731654838993
8.992643765245514,0.035724348234864596,11.200522434530985,777215.0388210827,0.14111914312623738,4.763974203414286
0.2168402000525859,0.03958146051435146,11.69986669460545,1032392.4819633707,0.3270255176541712,6.135143253308652
0.6672968197866956,0.031874206554039684,7.95663335088303,995615.1083236809,0.12746322971752083,6.153620962048345
45.627321301265155,0.03518220345973934,7.197639150054201,860142.09711796,0.13260789667608122,4.409338541100316
0.9713335143507502,0.028406632171000278,6.147844757499525,404841.91246117256,0.18594728333366933,6.888667793186429
40.24831532460652,0.03929969727331917,8.731556692857987,1046989.7621797202,0.2241015499757164,4.233010376253309
0.4936018900264132,0.03323291025733845,8.748978854896542,499431.23803622316,0.12581933204863704,4.700994862164204
1.5950651540179615,0.030233884485064148,7.168667136702609,606174.0734569246,0.1263164949754889,7.193259918059051
0.14653919498935913,0.02840287195173264,6.125361778494055,371643.73337785935,0.14945397349914352,6.400862675045725
0.3270899966481783,0.0318629404681323,7.718098382881311,959508.6617729425,0.140308623946855,5.334768879614388
14.595794541687741,0.03631147153788569,8.857468481896571,1027534.5823026758,0.1591407875887521,5.60652446507919
18.829505086794143,0.03792341450431363,9.383066739495558,1141348.2472354192,0.1310055722027391,5.457664672822135
0.6124127844906171,0.02806156601452592,5.951232829054131,504976.51495985716,0.18515027548606727,4.6740837621328355
53.905081689557264,0.035480247197147985,12.568983012978634,1109725.1866423269,0.14308034170047784,3.6888437396111646
0.8333682320779234,0.035793013230948564,9.747935281665569,990398.230061188,0.16199716999840913,3.559835616846774
1.199714858735668,0.032278559316910385,8.310277761619883,462539.3961549551,0.10987539705313595,3.3482777006111704
0.3910608563753961,0.03527691229630971,9.356275090139402,903449.8869044584,0.18584872089030618,4.851325479468049
0.27736640995282114,0.02976938918553964,7.004614784123522,208532.78800590528,0.13598510117993956,4.122836144131383
258.4326718076761,0.03049392851512213,10.90511304296826,799506.0619123213,0.10574249457670556,0.6286056831944231
1196.855558228739,0.022717335453564833,8.635052234667445,280122.7256787637,0.17568274903882208,3.528882893050821
53.898096173551735,0.026524859005674993,6.525417046355479,659679.4077504289,0.11059717198336108,5.857891788913273
1.38622806728763,0.028189911487666496,6.119662929199778,657643.0794882157,0.10451665773182903,3.531773808384921
244.66278306355127,0.02446583893825579,6.941755896195723,912145.4128336578,0.20716673047007494,3.4291152998393084
11.384096024628043,0.03374696125226127,7.674680499726854,62464.40501451318,0.13642211024862846,5.391696894150785
0.32079833439876804,0.027421902040897596,5.631962124609467,285221.2618611675,0.23851101736860345,6.725664336148192
0.29952419338604275,0.03821133028195502,11.200522434530985,377487.9732957119,0.15617505318822578,3.904880777060839
0.6168663188132621,0.028864212304549382,6.29785156782258,764341.1198471274,0.3270255176541712,5.027443937579392
0.7205452213473935,0.03470053799528733,9.13995045144355,545226.2967930147,0.16736208215052756,3.981511391154327
0.1761997661615436,0.024595318313178113,4.410827104485838,248237.3714449483,0.17044676497382238,4.533446598526296
5.214622195247429,0.0314206166876776,7.988905446915574,378661.5393290769,0.0606016224405298,4.959693486574167
0.15675206011333975,0.03152151742700892,7.596991875602382,566838.1360529998,0.14781234162253612,6.6562623749228
0.7152145917032712,0.03470053799528733,9.13995045144355,468863.81953817536,0.16736208215052756,3.981511391154327
0.23135884070399101,0.026985736348204805,5.432564066602101,324822.1762554449,0.13656187269785294,0.6476467630806595
0.08092677211427676,0.033989712699144435,9.032691461938205,636141.6271135744,0.12165034635618663,4.128977221211935
0.07336098737461501,0.034248642808170415,8.988020939017254,863218.1208566132,0.1356511213130986,6.818643583266646
2.192793252437718,0.030819206969576827,6.9306613431112964,530102.7292323434,0.14533363224310933,6.291586249370494
1.5796446459896618,0.027324051447759755,5.745588608440611,183474.2139725932,0.15904689181154888,2.891259489919639
27.260269390756996,0.028029166086961387,6.966040226038876,504976.51495985716,0.10074341671635886,3.592007161930726
0.7746452863551401,0.036410812737267796,10.21655072302634,928725.285716468,0.17623209092291658,6.949564359995266
185.28027576014597,0.028863958528570134,9.811878729633111,1016182.8104865458,0.14334215345104687,5.5556200615015925
0.292923288739741,0.03607383213633678,9.748961980907103,462539.3961549551,0.22076048153808162,7.005350670654256
28.236237391922973,0.033650310678436574,6.986459968326125,902291.0591864276,0.13171902568530275,4.851325479468049
1.4114684015965433,0.037755363559266585,10.555066625566095,700000.0,0.08866293129398026,5.7315271534858745
0.20602934239260517,0.03772818613057158,10.90511304296826,829118.880551813,0.10938678959170997,7.716184841930607
0.2642681087208019,0.04199761813602683,12.818424735602374,835073.9630499317,0.18910939129080961,7.347579700505779
0.1296462891484096,0.0265866052246472,5.170104077473814,553585.1437202728,0.22583212312712356,6.781032972952108
1.3291657582059866,0.03142796026608322,7.57400476620337,701269.6452225719,0.22107031187677834,2.5805117277144154
0.5570584812803895,0.03906705985453535,12.181070433415753,514753.4109645021,0.09316281442668795,5.352093584103288
0.1156688446829461,0.03809699202332108,10.81942064932165,1015348.2462384064,0.1795021289719953,7.415603586518998
0.9872227656673445,0.029714932523604777,6.728982429708756,285221.2618611675,0.23851101736860345,5.667945036142701
0.7261371113900499,0.03726074133808261,10.394308881455203,1116569.6329758605,0.10844491056933661,3.904880777060839
2.9831841975601563,0.038803956107831314,11.133497335290429,819644.5215362587,0.15647930942077481,5.755919738030474
6.003626952532713,0.031826021384350985,8.235524511074447,172541.54384071816,0.07553483616771911,7.778915268167646
3.044373613466785,0.03518220345973934,8.921778120118898,1192761.0831497624,0.13609698033247794,2.9984561759815054
277.77275742771826,0.031965055082159986,12.841148703194053,334490.4202827747,0.10779665437717106,5.027117233654625
0.021326226439987037,0.03454506747639522,9.271017570291246,566838.1360529998,0.1250481160872617,4.665656943705227
188.96230785755245,0.034374770217158644,4.300276322967989,920052.7760560922,0.20416575193965464,3.9195643071113118
3.699118570490845,0.028598691005928916,6.443622406305376,387476.7484049747,0.24571170651421342,4.023380678045427
22.580235295070793,0.038022888997900815,9.032691461938205,636141.6271135744,0.08281331773566958,4.128977221211935
26.542434288918926,0.034248642808170415,10.876377640614256,530860.3380210258,0.1356511213130986,7.241475603583302
2.8870292429869115,0.033977830645199325,8.388834941719711,996925.1114396018,0.056448056137877706,6.291586249370494
0.18370750387884263,0.03505304435611198,9.538358978236268,306930.8897848136,0.12274766874357929,2.891259489919639
3.7784216432601436,0.029679603473677648,6.946297630289667,504976.51495985716,0.18515027548606727,3.1135552595315996
11.499391032655723,0.03342941566547423,9.54356586256518,105147.80770730058,0.06409948299167245,1.9623337450209393
0.9319966017863859,0.040719784684310555,12.467123924162312,1119923.7939100843,0.10777443208890733,6.495573327786257
231.04595889728574,0.028666643055629912,9.748961980907103,526692.7440764885,0.09722585096489872,5.852875197464484
0.15155538516168152,0.03381915520558112,8.80011908713977,830130.8259357802,0.13571882513356776,4.851325479468049
2.4546179970816024,0.02692454786819084,5.522317934511294,700000.0,0.09753181272237815,3.4509563144966373
700.8135625822639,0.026796607635843066,10.90511304296826,277176.60157838085,0.09811120871342927,3.477504842162883
17.743388020204428,0.03385719478403643,7.535476518960029,1058728.9191562743,0.16445584401947166,6.8836144870921725
60.19455033531224,0.0265866052246472,6.648402976357772,687431.5563219427,0.11348683678521107,6.639351395279684
1.3708616834305112,0.0314684702851299,7.59858610284455,701196.3824859146,0.4084201134393224,2.729749188517075
226.3409859967597,0.035894571634373915,4.392269471902642,335554.89112844394,0.127505064862369,2.564615924276958
1.394363902177779,0.037481462759615836,10.73393477578031,911571.9799524387,0.05074315414061045,3.6191670138471865
315.04787628387896,0.027421902040897596,9.516923793034994,403218.0260511916,0.12293211646994029,6.725664336148192
1611.4338900433374,0.024780414893695854,11.200522434530985,736757.8969371098,0.1897130571849462,1.9708523907224804
5.782184992175537,0.03725718392240426,11.133497335290429,1139755.7797636073,0.3270255176541712,6.135143253308652
74.08550821930407,0.033200815561929754,11.187500579296831,621539.158193114,0.103897440105616,7.016374385521491
2.2072098138371814,0.034797381315867036,9.479859739200347,617602.0324669257,0.1221627529162731,2.051055994786237
2354.2830587478848,0.02431471120151043,12.841148703194053,382249.56600530556,0.10179105856010731,7.915727641865116
7.57754780569266,0.027274804875351923,5.817458487704942,566838.1360529998,0.09971329917774607,5.537963082765787
0.006589513549242697,0.03132552203946757,7.557489720342912,468863.81953817536,0.1423873781151489,6.275479856192291
0.14734280763617075,0.04010407627663006,11.766773122152014,387476.7484049747,0.2774314089557812,4.436598576576126
0.9632948893984485,0.028858842790690446,6.072623981599998,636141.6271135744,0.12165034635618663,4.128977221211935
1.5363983130251107,0.03320429143965161,8.988020939017254,846516.4507119034,0.1356511213130986,5.0795515461868055
5.8313618115862305,0.04085080592201838,12.024354163360503,362221.82026477007,0.1591407875887521,5.755547222222296
84.0080191371309,0.03792341450431363,7.4146153583551015,1141348.2472354192,0.14640974161955608,5.594383379844323
3.1549708534069056,0.03299949037543446,8.541832496793115,902969.4624933281,0.18515027548606727,5.054874227418157
0.25091222582900086,0.03171277532148532,7.820951330550368,752066.0449178695,0.13343243855455886,6.949564359995266
19.182286238769755,0.03370467547616178,9.811878729633111,380909.32288383145,0.15475516991266686,3.559835616846774
5.9901736593102894,0.02311018579261724,3.6914257877597088,304073.343208405,0.16721320443288107,6.677094490181242
0.3059794763880136,0.02716090295673289,5.431457020397678,986268.8860746557,0.12910015266863814,7.488213495580585
0.04648863087892872,0.03476109902542378,9.270630505722954,770521.082857261,0.1320130535354775,7.154913261488549
0.05828187751823678,0.030650173355306193,7.240199134248259,540780.8509370437,0.13994383475691308,4.537662805490999
1.8823418925869682,0.03270359835697068,8.364246014659322,978148.3269374277,0.06147777540767507,3.3459115127464676
11.589487958949942,0.02608607559535536,4.384321893844584,553585.1437202728,0.16726607981133973,3.8808012233470017
2.4502007532963734,0.029673066037692188,6.119662929199778,657643.0794882157,0.18341089153953946,6.0286508885654095
0.1054972478728025,0.02446583893825579,4.392269471902642,888571.6653776715,0.2613721074610842,5.049959399136025
12.019120452388549,0.03363199972832607,7.674680499726854,894680.3565578752,0.1452959421268802,5.7556184536945185
38.032605783813665,0.027421902040897596,6.792120273399117,441219.04948604695,0.23851101736860345,3.856859282964255
3.7045639744338983,0.02872780197344574,6.397621616506003,73826.57576547144,0.10844491056933661,5.677282557438843
2.0057592753538596,0.03357707477492038,8.73130482800865,978246.1068451519,0.3270255176541712,6.135143253308652
0.13455001745021397,0.03402081440701226,8.589011653541254,953070.8796836432,0.15246723670162932,3.6910730751442373
4.032972283834561,0.029390889281630743,6.829221239432522,385725.22733775224,0.1748128167777509,4.533446598526296
1.5888807889770595,0.023716820852740544,3.9522907189021765,334490.4202827747,0.25070162530429385,6.279720312466157
14.888631312426028,0.03454506747639522,7.558267857783242,726971.2603755151,0.16792315581515227,4.425506044660313
78.35564101707305,0.03898954830630694,7.557489720342912,468863.81953817536,0.36835946069664927,5.018448530928129
55.69867915103422,0.027032559924738454,7.116618622242854,387476.7484049747,0.1256448890343039,4.436598576576126
0.8000136664011464,0.03674885472307837,10.12701521050569,440247.67459316493,0.12165034635618663,4.784185273889829
0.2477822468482521,0.03493204161340797,9.442681590411446,863218.1208566132,0.11870776249807713,6.818643583266646
0.2507278730684616,0.034177310951568056,8.741526673673226,887271.060023731,0.163532524662316,3.9403110928294405
0.884503195748387,0.03588707776315997,10.125453399998014,1141348.2472354192,0.0781958945125551,3.8798799017015044
13.433757986904128,0.03246571157409505,6.966040226038876,206215.9360683366,0.13720765946903182,6.033351363218628
12.718635047952175,0.033847033563776704,9.67443915922206,97387.1990818964,0.08748010887169538,1.218211664600318
4.884898554760351,0.03938314566642155,11.248302212263265,699028.6251071179,0.0629122709222183,3.559835616846774
0.9189796337520781,0.03607383213633678,9.91605649864066,151890.15312194353,0.18412504158148213,4.329085309542638
0.1158886863001645,0.033650310678436574,8.80011908713977,602037.5424550133,0.12910015266863814,6.0286508885654095
0.2367014477489332,0.04030537553742353,12.823005629548257,700000.0,0.09819953444692484,5.1668009899239635
0.23343910760980266,0.027315922631051634,5.627646501765927,1166046.9028727259,0.14682924359219196,5.7399122346742955
32.12885453232086,0.03385719478403643,10.755689826916973,897500.11966009,0.13300723260679848,7.598410286577355
1.8259148627313708,0.04148117413915391,12.303570567101708,553585.1437202728,0.15548402474181033,3.8252925811202956
0.09331934686914709,0.030706332958615603,7.208503079233516,422124.08339345315,0.13875074199265425,3.115308288767247
0.6707353174418937,0.028388096071108378,6.0489514609526704,674966.2366882561,0.15029572079648718,5.043834420418089
1.7233613653957813,0.03143045904976208,7.032136428605009,1108048.3403001651,0.11620145172246724,5.7556184536945185
4.667944679646077,0.029390228441954495,6.862471638540775,298027.66176045826,0.23851101736860345,7.410245073022496
44.00019857807312,0.03413225589396225,11.200522434530985,73826.57576547144,0.10844491056933661,4.41676709616487
8.393259845000024,0.02244668032698278,3.312887562569111,1009095.9394550994,0.266954329884227,6.135143253308652
0.4202375407527297,0.033200815561929754,8.312541054614542,1038865.978602409,0.12746322971752083,4.601112087328844
19.75950222085887,0.03887578504049084,9.606333679431145,385725.22733775224,0.10393427467484195,5.6468770345485275
0.14602653926838055,0.04022240644069951,12.03189549440894,12095.312045421568,0.21889905152775996,6.888667793186429
0.30910293757104923,0.029197686113484937,6.456762592433783,1001930.1603627612,0.14926451203587834,5.7752774239095555
0.18081084808813513,0.029727458056498676,6.440778369771975,1019377.0320472454,0.19140621828776982,6.696136056764724
312.7162207171749,0.027032559924738454,9.30466872705534,387476.7484049747,0.11326829682927284,3.6040537034786495
3.3677990430318623,0.024674520732587225,4.181740485488694,636141.6271135744,0.24776324311109085,7.272909117736091
342.7875684353352,0.034248642808170415,14.5408269692897,594395.7726425523,0.21319049649768698,4.066700688959967
165.43777123013894,0.034177310951568056,12.68711243743089,887271.060023731,0.260849941915326,4.797593811717762
0.17278284736440344,0.03792341450431363,10.499365249951698,1000247.4384814424,0.3705607597456403,2.891259489919639
0.2146869309982388,0.03734061920318167,10.410219446464762,624831.8444740077,0.1784308843669299,4.024134550593231
0.023391631471313082,0.03171277532148532,7.820951330550368,88624.74531870265,0.16106315231364665,7.464533220818058
446.5665984728749,0.0266756650898023,9.811878729633111,537297.3343573164,0.10777443208890733,3.0311092938127016
12.840609303698347,0.024355460689500168,4.126476067803647,462539.3961549551,0.05632798421582422,3.512568562585382
511.6310680840869,0.02553976305147959,8.80011908713977,1103221.8562322124,0.25029614850904475,3.9894185834636584
11.58064819030065,0.035214407508198216,8.0,944170.9009461263,0.2612133133833558,3.076304965321845
90.6587058052988,0.03788392728849955,7.240199134248259,332136.29295106273,0.14260920925924153,5.063962778590068
3.4318310757362576,0.026319676469330006,4.94210477813181,1053237.6225961694,0.16229799821477728,6.372485333098556
3.9574209040666766,0.0265866052246472,5.846074970334996,46872.02287127415,0.16905556527869728,7.761425996827079
1.5458375394474868,0.028189911487666496,6.119662929199778,609553.656488184,0.11170552502820114,4.5496946027874925
20.13775312516386,0.02446583893825579,5.130738782110228,888571.6653776715,0.2067400998938029,6.79021988760876
2.001081008743924,0.03230923817484538,7.721810600292757,939938.1690567561,0.1452959421268802,4.986542527653961
31.566960040598577,0.030438537174695947,5.631962124609467,866950.7558343444,0.15302312143600463,7.139342528856845
0.9823458571663419,0.028291303480124687,6.09779574888881,308638.707904111,0.18689907734726507,3.904880777060839
0.10504632088858692,0.038803956107831314,11.133497335290429,156339.24435610574,0.3270255176541712,6.369118958963479
0.38966861590585933,0.03622965596890868,10.091439685392691,512164.5572344718,0.12746322971752083,3.6910730751442373
324.4761489945414,0.03518220345973934,3.1455625379446293,341019.656724084,0.16494039176133063,5.532480437184139
0.3446401074824782,0.034445520305763484,8.906558916710079,67425.33893633785,0.18855787588541384,3.7307346241277854
0.3814649397821118,0.027602266987250906,5.71900516261935,780945.8260975279,0.21571123723482388,5.649824774872674
11.142517440526063,0.030208544893081186,7.557489720342912,468863.81953817536,0.1368455127297656,2.315982648130379
22.712944096243707,0.024984832836671873,5.398446565309179,998597.3148804638,0.2041036819983127,5.077334794700745
3.6533610966126746,0.03272760429325404,8.565092299649418,636141.6271135744,0.09512787795509006,6.1151133840262935
9.942741802724928,0.034248642808170415,8.10172954101932,776016.8319135975,0.1356511213130986,4.128992369855823
0.02035022107437857,0.030362841918411085,7.187663416522634,51441.40222689253,0.163532524662316,5.603452765178643
2.6506995605867134,0.03754472802251506,10.403294179518884,1141348.2472354192,0.1605446880203168,5.872781571529807
0.2900499596294105,0.030700044117969966,7.064467609419866,136962.25007794017,0.16652371038839814,5.282936007546609
0.14147295928581685,0.03484150295672754,9.338898934723641,88624.74531870265,0.10152318850035955,3.339644069084899
0.08716127052522751,0.035730517408708,9.811878729633111,1101004.0993701904,0.10777443208890733,3.9958942937228956
0.7098760828463186,0.03887892040211308,11.468248006514598,624155.8631989085,0.18208438743700917,3.3230884571627697
0.13668484677463502,0.029423925343565686,6.614554118397926,243097.5809503778,0.17039517311190247,7.840948904665194
0.19275592921187962,0.03193261956603824,8.0,984075.6011251913,0.13598510117993956,5.586885149672778
16.69087170097564,0.028504476141266777,7.240199134248259,540780.8509370437,0.13994383475691308,5.031312627258614
3.534489607131974,0.027841916958826356,5.988512954124683,811041.8372184117,0.10647146475962346,4.810017622184457
32.445746988398696,0.029798809630773693,5.170104077473814,663909.951495045,0.19019465469001096,5.730934570632156
0.9026725706320877,0.028350742600333823,6.119662929199778,657643.0794882157,0.16658542397158282,4.287616348388903
0.9062230512520675,0.02446583893825579,4.392269471902642,527954.4552670196,0.14659064963046572,5.078308500778753
0.1967640667145366,0.03197941828814477,8.025978299071546,567942.8696858167,0.1452959421268802,3.602616096011213
3.8296870118206705,0.030023757061635608,7.1118726267585055,285221.2618611675,0.32438733920020335,4.099259298925712
0.7244731173981002,0.02678873828916662,5.436599616940596,562725.9718107483,0.21290831979676433,5.282317241659355
0.12619555169915586,0.029568259513697504,6.688952175227847,302455.05209360586,0.15611438117982196,6.746093409367559
1.3020748979523868,0.03872296114588632,11.157302653333481,1041815.6915995098,0.09714591598059485,2.9046895962067936
1.3315745017814369,0.02883417154827562,6.537166538783454,612728.8537204494,0.12103620905931306,4.533446598526296
1.0279923357876466,0.028757105290575766,6.305918053358328,712504.2449413338,0.21889905152775996,5.259058129996964
159.27875556545717,0.028593381073531557,9.271017570291246,1064153.3481532037,0.1250481160872617,4.665656943705227
0.4153565305858389,0.03193389887973271,7.557489720342912,436245.06659852806,0.12341322246816874,5.353198632994805
10.002625863210772,0.027032559924738454,5.576400720816251,902751.2258869031,0.05347705715248954,4.535127489968405
83.81377143649898,0.033989712699144435,5.88713030446702,636141.6271135744,0.15116561538784257,6.5576888460445595
0.26097934055121463,0.034248642808170415,8.907176912515649,1039532.9945296191,0.12967891987947724,5.349212616637538
0.20341099109961736,0.03596702747328445,9.768910170457922,1091085.6744299028,0.1456734997231457,3.198695782052877
152.6780513558585,0.03792341450431363,5.779677076201043,519931.8575989077,0.18843017866072292,5.144928407757342
0.4464105760850069,0.027733122530347848,6.016016047169554,504976.51495985716,0.13859373667607178,5.282936007546609
0.7643860961720792,0.034687613640622283,9.323751817495976,676623.0121364242,0.08257405200917356,5.933881619576153
1.6906258479138858,0.03500680637481029,9.452979499538873,321193.8524888639,0.23052806431290765,5.947590932805866
12.106823009915667,0.03607383213633678,8.369847868519638,559920.92080439,0.18412504158148213,4.9569366311379
12.250103952056023,0.033650310678436574,7.640418060056203,1124618.7832351946,0.14382930906664823,6.495765300729853
0.11451767156401269,0.033350436341314835,8.599847371470666,359524.0479732201,0.1499039030636508,5.905846547735681
168.1194164533651,0.025803141678145777,7.240199134248259,551788.6159658133,0.22225393993951653,6.003735845836559
12.554827911571675,0.03385719478403643,7.792285360465157,465552.78505091893,0.147861369708126,5.026525475691281
724.9073745128187,0.0265866052246472,10.363379094684179,553585.1437202728,0.22583212312712356,5.221196125589647
25.755193720035543,0.03171975910393384,6.119662929199778,788571.3841970816,0.15836947027994835,4.287616348388903
10.382341033327672,0.02601310158078367,4.392269471902642,276584.615486798,0.2613721074610842,6.034747774747437
3.0563225288829625,0.02735052665739792,5.634903899311871,347279.26398512546,0.10350130315547226,5.490238448226584
0.9537262860359055,0.03453000835992011,9.010455191145782,709396.1801757253,0.1528048245529331,6.725664336148192
284.6432869328279,0.029963877193868328,11.200522434530985,73826.57576547144,0.10844491056933661,6.145221957918842
1.0178681618385483,0.03607370871752158,9.933711498016391,609884.6381184396,0.1873404498171091,6.369118958963479
0.016202233849456196,0.03450109087538998,9.21757220725816,172541.54384071816,0.1285682076111709,5.040936194377927
0.6374259151262551,0.03577994319540699,9.606333679431145,385725.22733775224,0.10643182440115184,3.1675058706030863
2.319961042843532,0.03153036794216897,7.7264646217965165,533841.3082544472,0.21889905152775996,6.888667793186429
0.7829260600825676,0.028631785725736717,6.220590113077542,566838.1360529998,0.19743621508824916,6.219532004348153
0.03365199449249686,0.03355081864325564,8.686828901258707,576488.6617567093,0.12492679770055973,5.093090869626587
75.78405146223892,0.0325093126855549,5.398446565309179,659607.4695090064,0.1373575285129893,6.142853905941925
0.12565145410428039,0.033122532440571645,8.456252567421402,636141.6271135744,0.12051296445075699,4.921553517901659
0.034552266332967194,0.03570505031732216,9.9078525944884,253140.13159563538,0.1665633783492143,6.212681762182537
0.15051797317531146,0.030688389387162524,7.4348760212396305,981442.2580993813,0.14959631932239015,5.511297908738963
0.05700890951428891,0.03299039460575786,8.452814122996823,284997.04582278064,0.132088678794657,2.891259489919639
105.68289581478044,0.030700044117969966,10.043892179487695,504976.51495985716,0.07225814234338054,5.282936007546609
3.0446524648474114,0.03171277532148532,8.357681311815398,523810.0772022779,0.15930233861507523,6.035694573755235
2.95157009174509,0.0289829704168349,6.57087794803544,709100.0958079968,0.34299674411771564,3.6626642379702243
1.672865567235085,0.03303050431526053,8.533324083673698,758444.6168255304,0.08707544411743678,3.3482777006111704
0.9654117525704302,0.033650310678436574,8.533324083673698,758444.6168255304,0.12910015266863814,3.766362108126561
92.22222832116368,0.03213,4.918455047777991,567278.6444637314,0.176692615148421,5.1668009899239635
2.3762285839878423,0.03288802206390091,8.639894848350824,388363.6777096729,0.11795606172977241,6.799710903694004
0.7113431816853211,0.034430446888469,8.989222075584056,807708.6295645206,0.3000929708849489,7.269529482619657
2.417840926373815,0.026976021770161583,5.273216064359678,553585.1437202728,0.161390795419098,6.941177448758494
1.1948665178282898,0.04286197817111582,13.045760849960836,151929.26897950773,0.1851262092290923,6.1541824872887325
932.2251266977339,0.02446583893825579,9.848289862126295,336904.9694760006,0.1275364789577709,5.049959399136025
27.560159504452198,0.03143045904976208,8.710202120912843,204438.31322789902,0.17717083705422637,5.7556184536945185
0.029987776510653347,0.030804900810268748,7.315629669652242,830789.9339977176,0.14933275889856432,6.712098442430107
0.7669121215179413,0.031119584501025407,7.525988524923017,672168.5335898096,0.10844491056933661,3.773795577261139
40.803869386076,0.038803956107831314,9.04403757122143,899793.5335312458,0.15433216483026088,5.53271120276526
0.06582135837843062,0.030679768640425924,7.267099936114625,172541.54384071816,0.1599091778503054,7.122768297561011
0.3306349190943686,0.02972019326307779,6.717436657564367,385725.22733775224,0.1489634148166422,4.533446598526296
2.9871790114671253,0.031409440813409725,7.7231876561780695,387562.30558466644,0.21889905152775996,4.663793517892652
479.77575562818566,0.02576060195871184,9.271017570291246,757281.7335514236,0.1250481160872617,4.665656943705227
112.11812632531718,0.03132552203946757,4.572757602193459,468863.81953817536,0.16720255347406263,7.736193764012747
336.0264866498385,0.027032559924738454,9.445828591967537,728776.528646552,0.11867007447871214,4.252014095948136
0.0024451969142201824,0.031527853999275594,7.668784220019398,526996.2217539317,0.1407771596839599,5.9966391932842
0.7451744082249254,0.029637307742219208,6.660783981361213,951520.0536621985,0.19107824573773205,4.293418973801968
0.5874639889710589,0.02648591039015063,5.236402876007986,329636.6839160178,0.15917064763468175,5.711539663202643
1.3292340971700445,0.03299039460575786,8.452814122996823,1115221.036864265,0.06573834712052598,3.5028932655953176
1.9042279262004023,0.040151122212776995,11.902689774130838,323623.03692713386,0.11049902353291388,4.780194852194262
0.029459111072551464,0.033276610792406985,8.603445857177512,146943.45715796272,0.130792507073883,4.928870920656255
64.05388118501875,0.035730517408708,13.136001807654202,294698.7331260788,0.13079574666545446,3.559835616846774
0.37795527175983934,0.034449508824258915,8.917386324038507,627545.2281137949,0.18412504158148213,3.3482777006111704
0.21468415472301844,0.03591353925919532,9.996719538890915,1124618.7832351946,0.15590963920532525,6.42054070112978
0.013083362768430525,0.032640903516344445,8.284483054074112,573301.9945202202,0.1394894720720344,5.964275335333659
85.93511914451679,0.030650173355306193,9.703405313188988,904629.1881470929,0.0697537792826233,5.644911742528185
0.0008251132229009623,0.032262479821774596,8.072871707937903,807708.6295645206,0.13493078701729078,5.026525475691281
0.10944218163476055,0.037701805932738974,10.757177525785206,649891.2297880433,0.17385400546638619,6.781032972952108
0.007246412391431575,0.03351970967733589,8.740758117035496,1091302.147760719,0.12833940936872829,4.416890017745721
3.9807785104594133,0.024810535956907895,4.2010056255744015,905367.0562489398,0.2202487672862125,5.514951027026368
4.233768698705267,0.03274438910461025,7.674680499726854,347279.26398512546,0.1310956083825398,4.292393920567279
1.5849405438385662,0.036179283771791186,9.864723766092691,472278.857202525,0.0564781565454435,4.831367272550688
50.69972871239749,0.03821133028195502,8.416977083529016,494601.625165942,0.16316782876587071,6.179738206699853
0.6560385961165116,0.03313098110983812,8.312941121099358,631708.8685044214,0.17466658564680937,4.3042275858001355
1.365695691903886,0.02976131448444561,6.794085460757358,599621.887713473,0.19962438413675343,3.6910730751442373
1.8273162829273377,0.032793100626685896,8.559765599395504,385725.22733775224,0.1221627529162731,6.595233800402259
0.8273067171384829,0.028792376258708327,6.296594686811014,495370.811852907,0.21889905152775996,4.688690237319742
5.545801905955874,0.025963749899598192,4.911955696479113,1046907.7042198656,0.09043554955309988,5.051189614730206
1.6689267461239812,0.03211332504795033,7.557489720342912,468863.81953817536,0.1423873781151489,6.903790958602004
0.041255479313772096,0.030693323424136137,7.225237641872884,387476.7484049747,0.1451832150003499,6.383739978619076
4.230506066521403,0.031527853999275594,7.09076514304593,1189630.105220526,0.1355460955494141,4.940877604549166
0.08970883244739407,0.03234638761874197,8.024602275796878,920024.0773325004,0.1665633783492143,5.677705500845848
0.04574707842183839,0.036506104237828844,10.312457456829666,51441.40222689253,0.11481508629775647,3.7971914510270217
0.0012616903318523357,0.031735736063971585,7.7831316044069485,284997.04582278064,0.13912277185316593,5.71014973911428
14.767465563628118,0.03254394132674206,6.966040226038876,753289.3799314408,0.13415448592462492,5.282936007546609
0.20469040686807644,0.02934143013004052,6.780514024773964,968780.1772012345,0.16106315231364665,7.464533220818058
0.017211204861550318,0.032704674289708864,8.280622378353293,690974.3116256065,0.13653073291266354,6.122087203785478
1.2101100809493568,0.036172485688203734,10.022170867647002,780467.3111296626,0.18412504158148213,5.680394335385076
1.8794906555407054,0.03246361854962511,8.290286589182667,322813.2087092642,0.09315753581349603,3.2835981055659103
0.7693319332781416,0.03325153065508055,8.69457176952631,829068.9230805956,0.12890926133044256,7.531667229066191
0.1538331320820171,0.0295453783217423,6.669260979009659,673514.1151784104,0.15192183241407353,6.008769825280571
0.52882482186764,0.036522698376106735,10.204303268530246,807708.6295645206,0.15766283780223722,5.515082589708126
0.006385083894113143,0.031483569265262475,7.644425006971822,1137574.2160664552,0.14112959088166044,6.08681015034438
224.87090803315073,0.027292741909373613,8.740758117035496,810533.3315857187,0.07299386793079493,4.416890017745721
4.1528268267978055,0.029634931204094873,6.947918658668675,858026.752229214,0.2613721074610842,3.9021843053899605
3.660386530747005,0.03987282738973458,11.799751302075997,347279.26398512546,0.07067023167578645,5.7556184536945185
12.308053653285548,0.033080114510495966,7.315629669652242,853014.5793756614,0.1319503881243401,5.0611269536965064
37.706563013890076,0.03821133028195502,8.551211626332975,992524.967646115,0.10844491056933661,4.949466130674128
0.5885955882043569,0.03410925554322371,8.79910367930156,899782.9952771474,0.1750201023072795,4.930645148958773
0.016857601041314164,0.034196994996586405,9.121018393724814,398370.7871521808,0.12746322971752083,3.6910730751442373
0.32106037462371817,0.029667104999359775,6.685657487348719,1007847.1177167166,0.1149193596424026,4.446281193942235
0.00048353767980032067,0.0320387330633772,7.949797807236792,625798.2345045795,0.13671143083961182,5.263438472490836
3.006079449872379,0.03549137177170387,9.271017570291246,533252.1295338199,0.15144048155245093,5.145594417530638
9.655790597550086,0.026223548355004053,5.231465540750232,553532.8541528136,0.09399077145061246,6.275479856192291
1.2380024186752623,0.03654523445824523,10.058299475007477,387476.7484049747,0.1451832150003499,6.383739978619076
31.66846724805403,0.031527853999275594,9.413543556176808,603851.6245769658,0.15561559345410497,5.609638804631475
56.00604324798077,0.03570505031732216,7.19684528235766,185216.3501962208,0.15531328871733824,6.212681762182537
0.008470328877895863,0.03277077229020781,8.349884953969504,314302.47551047866,0.15126078176074054,7.279794572012893
0.39239356155198823,0.03721797807013567,10.688419133633214,409720.8723480664,0.13912277185316593,3.5557226663027426
5.001500200303337,0.030700044117969966,7.869063675113572,504976.51495985716,0.13470768624087823,5.282936007546609
1.9747568440779384,0.027313015180724997,5.769239651723067,88624.74531870265,0.21868143658714975,4.419162745169873
2.2882220122217722,0.031784674849433384,8.059259454795129,690974.3116256065,0.12461299061120201,7.236760752425045
2.2646760637413874,0.03211560006162867,8.012069958271095,931201.9999352384,0.18412504158148213,5.489648552673385
19.74617451201876,0.031125856353942223,8.80011908713977,715900.9871892814,0.14590679217653466,6.328012403615313
0.009397104774903044,0.03133840639351455,7.564576874239275,625798.2345045795,0.14228484056062668,6.216751569993648
32.587100390192006,0.03458527671507477,7.240199134248259,1055764.921458148,0.10432993315090464,2.746939387813838
0.09618924820338828,0.032262479821774596,8.072871707937903,1032336.5424763113,0.11772283040195827,2.6318585125732996
0.7683140082471788,0.029341063434705984,6.486738013223013,1019459.5486167888,0.10970876360150508,5.181983952636857
5.311496140084005,0.03278302563022874,8.740758117035496,645596.3843711056,0.09681509593785725,5.905136509780428
0.01423269676747294,0.03287565682563246,8.370133711512107,135070.11095484602,0.1275315241519132,4.362575860089646
3.0829796483796397,0.039230767773593654,11.38248276175259,347279.26398512546,0.1452959421268802,5.7556184536945185
1.4573854153964296,0.031470316642178066,7.315629669652242,552622.2632456739,0.1392251971750685,5.360776286677841
0.027215099589572477,0.031075951534415214,7.420211237397536,1100041.6774834865,0.14437353505989323,6.590280954648101
41.40370507430765,0.038803956107831314,8.945772649034524,67072.42460042657,0.17039501089105585,6.487448217896306
0.017175961652645108,0.035157851676807475,9.613877238231108,146389.32496160822,0.11933574347775633,3.6910730751442373
0.04848012533363476,0.03288240059185259,8.413864658386036,54712.83036884386,0.12999727156672358,4.533446598526296
0.025631687111099567,0.03388595645198143,8.885253283735311,760838.7539580237,0.13364267509031402,6.688011105676658
2.5088584543347294,0.03449341622729604,9.271017570291246,350490.45901240164,0.26519475115550023,7.979508605265638
2.818386085587374,0.033994849320538784,9.21223302092876,293211.49792506755,0.08490580578275803,4.4359329883835565
1.347118714458169,0.030693323424136137,7.225237641872884,419554.8857251522,0.320905696289287,6.383739978619076
6.227262902900539,0.031527853999275594,8.485410247323944,357097.25676923065,0.15098924942002506,5.9966391932842
0.14038848832364828,0.030753044697055747,7.020153704693595,450450.5688691781,0.18091635592010968,5.36785668773535
0.2467524499225795,0.03546555999724622,9.456788192004332,315452.9480634612,0.18094250228584857,7.279794572012893
0.01164991798628303,0.03250682908371781,8.167256721430327,300386.6601502968,0.13046676596209625,4.870870111536402
0.001082206398507207,0.03240756080529185,8.152674797318571,460481.6853091286,0.13377618902942884,4.755144221044079
0.055814850884479225,0.033184393381137045,8.494606520433592,88624.74531870265,0.12883053908853662,5.592934378296981
1.9896522656346067,0.032704674289708864,7.826369280044357,690974.3116256065,0.13653073291266354,5.546479449542007
0.01072791862710207,0.032421554700319495,8.111648581603005,462539.3961549551,0.1406942209504137,7.108969029087499
0.5143721336551227,0.033650310678436574,8.550301498988414,880780.1480664175,0.13078505390219378,4.7153088232984866
0.019371126682683128,0.031139537436169942,7.476563227880282,625798.2345045795,0.1407835693062546,5.450028097569739
0.6153212619648878,0.031058816730131934,7.240199134248259,372357.57281153364,0.13816915013926595,5.085534908741027
0.004077911171573379,0.03249344201268652,8.20219208328962,935890.3866708524,0.13763218973355487,5.550326383908843
7.709505034635452,0.031483569265262475,8.494188018395754,668650.9202995539,0.13001569599597032,4.307479803859772
4.321634175159382,0.03351970967733589,8.101524286628319,1091302.147760719,0.12833940936872829,3.651351283167716
30.160694830654187,0.03287565682563246,6.275207576407864,135070.11095484602,0.10620409019003826,5.118434933895604
0.27266013134083067,0.03325423246173892,8.568774170913098,217422.25005119038,0.12391446802917538,5.7556184536945185
0.013845063611820186,0.03124899994420993,7.524493020703546,830789.9339977176,0.14168422747718132,5.921036855197178
0.2548753090335171,0.029378506641517386,6.560916116311205,716813.3110269755,0.14714863064449676,5.265913315973575
0.004650529958367925,0.03138592014151264,7.604602663048386,255517.0971348082,0.13990273022861593,5.461988073482946
0.420821561642137,0.03354983913647744,8.589011653541254,640224.5875046583,0.12774620897388744,3.6910730751442373
0.07339262265232649,0.033809787276890435,8.890282180500076,385725.22733775224,0.1221627529162731,4.4821739915040615
0.022036090459446732,0.03221313374548296,8.02490091287342,761093.5790723861,0.13598510117993956,6.065811306754999
0.056067192104336555,0.030791473160287776,7.263731369623144,1170225.4128195418,0.1466374992983126,6.965225359558525
3.2623092855802414,0.03132552203946757,8.119870437189423,932621.2551022966,0.13425080534431283,4.862162380700668
0.09193227369922351,0.03475593718778105,9.41000197926359,128681.0889496567,0.14973650041217237,5.0417940161384305
0.026615303790304842,0.03236460499497805,8.129046570608324,325394.2308126338,0.1407771596839599,4.780132968784123
0.0021802172735591267,0.032100329346054876,8.018586848909433,554430.1191745598,0.13841870962094863,4.95828846095916
1.7789958710334965,0.031993815864027324,8.349884953969504,838242.854301905,0.13629869309017828,5.055386316048151
0.14901338322595487,0.031436865060283065,7.7831316044069485,933649.9012211617,0.13864336534747895,5.1174164174574885
0.004983961638527274,0.03240756080529185,8.152674797318571,387496.32029031706,0.1382329146596926,5.021638020503475
0.11154818046870682,0.029836521388365674,6.815949463755496,603231.0923700935,0.1502902288047318,5.980833058637035
0.10883622016345587,0.031846874499808844,7.822804731648005,690974.3116256065,0.13653073291266354,4.08797772109445
0.000759054067728812,0.032204448027323376,8.03565635626176,473972.3267250207,0.14596652142182667,7.108969029087499
10.595791189066691,0.03174037382405182,8.80011908713977,1124618.7832351946,0.12712599506705083,3.9408069260385026
0.0015343188937238183,0.03248738897331884,8.173372412564918,399265.92089269776,0.13671143083961182,5.263438472490836
0.01387001223855979,0.034616653550006864,9.319306003656294,570225.9284964992,0.12319269025592253,4.0990116676937385
3.512196631091511,0.031142827857703618,8.072871707937903,807708.6295645206,0.132724354745962,4.244633854616087
0.0025059384999839415,0.033004781285588765,8.479458332354717,522484.83840303204,0.14264267756480623,5.934752278015157
0.4363247497172703,0.03351970967733589,8.56096392549392,1091302.147760719,0.12833940936872829,3.883434980637384
0.01392620258763037,0.03102153519836454,7.398081307377378,135070.11095484602,0.1275315241519132,4.362575860089646
0.11976246982349152,0.031400083167530825,7.608121041346024,347279.26398512546,0.1452959421268802,4.469389300655798
0.38505601094574393,0.030825603023444073,7.524493020703546,830789.9339977176,0.14502636269849803,6.447170691154465
0.1938518650502643,0.0313573011158235,7.420211237397536,1100041.6774834865,0.12609680876811652,4.541004146899245
0.008323945696886006,0.031593598155103986,7.72866483138897,582232.6074436305,0.13683221470454893,5.461988073482946
8.52601907251149,0.03165607352691781,8.589011653541254,172541.54384071816,0.13828788895776808,5.957502963039038
0.0070417847410276,0.03282942715587892,8.375971919426526,385725.22733775224,0.14903393092563735,7.099209292835242
0.16759184876526045,0.03202338542067785,8.0,494537.15242111625,0.13598510117993956,6.436120534098651
0.10359324850190266,0.029908985961790306,6.850481240115574,476774.05769582407,0.15148590132601827,6.370763684646991
7.600313639846792,0.03296440939907589,7.557489720342912,665092.1285846974,0.14430349005895904,6.478514363555406
0.007038248774583573,0.03218829204671915,8.03206406037327,747392.5491635468,0.1451832150003499,6.383739978619076
0.08955872224224129,0.030463394319914364,7.121644457983948,746486.1705271188,0.15017032939304925,6.4118562365702925
1.511724372111181,0.03149393918643213,8.018586848909433,358207.21059571096,0.14218675495259875,6.403242952199555
0.09008457577152386,0.03277077229020781,8.234084167137489,488775.6899576786,0.13338746576942198,4.8238801688563715
0.07979600494948293,0.03352254786870664,8.702074408484002,284997.04582278064,0.13912277185316593,4.658982171817337
0.005749431833854244,0.0315108519746852,7.665511447336094,762820.7790514802,0.14003539590980166,5.7029967761253
0.027285573224817977,0.032242789292883545,8.022289748905319,584166.9487806647,0.16106315231364665,5.233045832279228
0.010845054377859795,0.030713072434161114,7.2269732638854025,690974.3116256065,0.1266106867763504,4.2125490277306765
0.27689716080430865,0.03252608370914814,8.03565635626176,513030.8706837685,0.14380696025711204,6.694493587319757
9.662474535568814,0.03177968043477215,8.80011908713977,314440.0783101308,0.15184764935612705,6.938686958660384
0.04743288563357399,0.032553699832940174,8.230781069252021,242906.28468817082,0.13671143083961182,6.055634164053478
0.048949192470865696,0.03316068719918,8.565415469226382,835759.555464084,0.13982335522460593,4.0990116676937385
0.0020568055035808707,0.031208311387942986,7.501057748592169,807708.6295645206,0.13361800008090433,5.026525475691281
2.0260802707948193,0.03405675308016629,8.479458332354717,412846.29096096766,0.12797422956904203,4.944397090004173
0.21788017885196842,0.03351970967733589,8.794779240344148,1091302.147760719,0.12833940936872829,5.713378509401952
0.003982484217739809,0.03176883975869148,7.8539169328947755,680861.5144128933,0.1421690881410456,5.303637049739271
0.11230105863256584,0.030458658523596416,7.115802643615583,347279.26398512546,0.1595574936510819,7.915892519371647
0.07956577316088206,0.030012649059342582,6.842484388720726,830789.9339977176,0.12253765825541751,3.7408504461261054
4.802268853433166,0.031075951534415214,8.124149947812896,496562.20240086736,0.152169438792019,7.49546445113631
5.429321282721856,0.030020713046588106,7.604602663048386,255517.0971348082,0.14544863211018164,5.582479854977498
3.6823106743804246,0.033200815561929754,7.966230312280942,497100.90594736976,0.13886296729300573,5.079093982433465
0.004780374015127171,0.03133116394461316,7.557435538285945,582908.6572159417,0.13965001828994286,6.301555410920908
0.0038814673327073265,0.033215830216186015,8.576349339323098,700000.0,0.12181993834655935,3.5245599750852397
0.018689856428366826,0.03186542051048046,7.8529424708764894,566838.1360529998,0.15013147608414784,7.247059795195067
4.1768987833125095,0.03132552203946757,8.173053200275533,468863.81953817536,0.14276194267493697,6.500124967891088
14.9205584187489,0.0347695194621413,8.03206406037327,664017.3203520944,0.12116512258785134,3.5857590531267722
0.016409522633619257,0.032942862931609015,8.44149356376327,266876.53128193814,0.14777327903881207,5.9966391932842
0.013128456877737947,0.03202444967225126,7.946621883195264,554430.1191745598,0.13601891502992552,4.6222684663184035
0.016745770767544847,0.03187524539665171,7.815267913356552,1013359.4361280552,0.11877672454069957,3.9656834775875525
0.8806405815181599,0.031735736063971585,7.530182001389266,284997.04582278064,0.13912277185316593,5.1907796624993185
0.5053628347925634,0.03241893135660095,8.16120807457424,500468.37164952315,0.11567217906035027,4.755144221044079
0.3777465343440387,0.031444777438928775,7.820951330550368,470653.47394933755,0.1414383078722993,6.1077522703458484
0.002060455110516076,0.03192407993783727,7.888078501237856,376624.4687186722,0.12697871128684418,3.9046668823189967
0.04535555775532421,0.032204448027323376,8.03565635626176,988665.9702179616,0.12448470713338111,4.479471531826418
0.2502428590912291,0.029521000513948487,6.65425742735499,723610.3936549716,0.12910015266863814,6.328439472027096
6.264975202596323,0.0320387330633772,7.217150140192543,625798.2345045795,0.14335789772944948,5.675491554795195
44.93806167995764,0.03098415355071755,9.319306003656294,592124.0843854541,0.13655110206975463,5.477416346469331
0.010483980316645002,0.032262479821774596,8.135954927451596,807708.6295645206,0.13657434412412103,4.653118466465367
0.01584391551444158,0.03382716810527309,8.870066250403028,556318.7764947319,0.12479419978672152,4.506930356624052
3.1104038173947766,0.03351970967733589,8.149390219102887,353816.4545228711,0.14052815979741484,5.826163268319944
0.03499935690999244,0.03183403068797806,7.868881858787654,288451.7778762616,0.1421690881410456,6.64573214297101
3.585629903053305,0.03264541405425981,7.674680499726854,560917.1322187685,0.1404362704052522,5.7556184536945185
0.0006747694215910698,0.03196673057922468,7.911037910102153,469316.41128577973,0.13059925568469238,4.410126105928598
0.0007782550845084558,0.031909414687251524,7.879510792356063,422717.4946054671,0.1310553927464931,4.470814715805499
1.4688958387158624,0.03138592014151264,7.955178352425416,255517.0971348082,0.1341512634581217,4.907896046441617
0.049297693082348916,0.03325551069745254,8.564717902475955,172541.54384071816,0.12746322971752083,3.622336687452683
0.0012486147649565025,0.03231434878552939,8.101933803520616,589575.15188389,0.1303196786046686,4.2671038074555145
3.318419832038069,0.03335078831258298,8.0,1093046.6906271572,0.12606268074709714,4.422713262951269
0.051754329487166,0.033600358461585884,8.77832567486563,566838.1360529998,0.15013147608414784,4.592863785668801
0.02706494652682103,0.03132552203946757,7.557489720342912,686932.9621482863,0.14863582881739654,7.275749200663842
0.016371817393349305,0.0321345946698517,7.969888333016224,926117.5840706299,0.12984630753164944,5.126864551734012
0.001965521944262114,0.03184579084596543,7.865590199856654,684798.1142609618,0.1396269467816714,5.391013624465792
2.945017842594365,0.03319795166758191,8.018586848909433,554430.1191745598,0.11908459071423605,3.265897894488298
0.004224092824050918,0.03277077229020781,8.349884953969504,304099.6726903213,0.12907258243471462,4.195871043462359
0.05742102102098542,0.031795348049833944,7.825682147837115,333271.154311446,0.15093220431129256,5.71014973911428
0.016803572070697916,0.03244412733117079,8.151173659888128,1003940.0393293393,0.13377618902942884,4.583043406718037
1.7946620471889945,0.03171277532148532,7.422371116000556,595816.6961322873,0.14892607737785016,6.416288720404593
0.3101634057189395,0.031950451614282636,7.933724791768746,787913.4023878778,0.12697871128684418,5.7864532321717
0.015053609208095297,0.03221602847320596,8.04165629891548,463362.4719071669,0.14661328302424015,6.336641735449053
3.2579842325549926,0.033650310678436574,8.239368096193445,679534.1104743314,0.13421909590312797,4.4362385848778985
0.022596961339079742,0.0320387330633772,7.949797807236792,1062463.3754875956,0.13588363191884206,4.577699559319414
0.0022747643711021506,0.031690271185398015,7.758123242314775,781986.3642115237,0.1394845949952953,5.743665823355747
0.0098069004728757,0.03229372344809332,8.040384348699384,573775.4288855146,0.13155513347772713,5.2254595730529445
0.012462590474159017,0.0324046030632991,8.198711641623888,266555.1331159516,0.15435596949644004,6.386834902228062
0.01468801838676282,0.032730350679805995,8.327793013839432,321863.16603313177,0.12949438299242266,4.416890017745721
0.00560919727160274,0.03238188880182681,8.136118448917415,478051.2957400761,0.13226754714810615,4.735047140667946
0.013906743983761533,0.03161989438226205,7.669738659208118,425506.5902269187,0.136917667317175,5.7556184536945185
0.004219971443460285,0.03220525036346262,8.07309976843287,469316.41128577973,0.1475197374026882,6.258881364249513
0.1200820651784469,0.031719018883384666,7.879510792356063,218517.60134064086,0.1291984513970152,4.203526465210066
2.7464384761524796,0.03138592014151264,8.076785791203562,640160.7052502753,0.13327068001348938,5.05160637088828
0.0044104507738873125,0.03225697256502134,8.070641405542485,799939.8863872378,0.12865856465434658,4.035199310529877
0.0009984646515786753,0.0322999269721047,8.094268860393317,330393.2348194414,0.1283167205974212,4.00353391140165
0.0022568257485073686,0.03209692813359338,8.014788467975059,700000.0,0.13832443740818035,4.975138179428002
0.06746304180506091,0.030654552061706662,7.1884166977532225,732044.1887984115,0.14772715847407078,7.171026124272617
0.05227060684240176,0.030457244381056094,7.122954754747969,241740.46763459878,0.14737569504125814,6.183773097048662
0.010845417672080627,0.03161989438226205,7.669738659208118,425506.5902269187,0.136917667317175,6.383739978619076
7.751601038908117,0.030310312177142466,7.865590199856654,333562.19427445665,0.1472412036102264,6.516952610229422
3.120263578914496,0.032100329346054876,8.553715658310734,197569.3902873571,0.12797389522419503,3.777895664933615
0.0035024716424845092,0.03277077229020781,8.349884953969504,1033078.8676685179,0.14422441028220848,6.323350479771605
0.021387248789842092,0.03164454662214109,7.780635815022739,48181.78870711138,0.16040472665501115,7.4342949382063015
19.078777850660344,0.03240756080529185,6.820295194089422,460481.6853091286,0.14691751361425498,5.840381609190439
0.010059547206043469,0.03130670892732974,7.514161457007258,88624.74531870265,0.1404609581104912,6.50789743010138
0.021549339004447415,0.03266230975837389,8.324759607705605,985468.9365110712,0.12739427012516388,3.281501508103589
0.043076531527056615,0.03149812054059731,7.652429065794663,473972.3267250207,0.14596652142182667,5.940979893384364
1.093835969917599,0.033003960956681344,8.80011908713977,1124618.7832351946,0.13092318389077034,4.595624996800915
0.01111062812242814,0.031786837039175286,7.810273814609678,472989.02455216995,0.14635480912632404,6.672154376580413
0.0024916351304166764,0.031694797079663474,7.758123242314775,693271.1946608052,0.1394845949952953,5.743665823355747
0.008218233342999098,0.03235188814029478,8.08517835775972,644414.9504246243,0.13493078701729078,5.026525475691281
0.10574245340446956,0.032744284781269055,8.479458332354717,1025993.2732731223,0.14264267756480623,5.048848645336969
0.0058668292775816595,0.03170662601787506,7.775394984223555,519725.6298084041,0.14232421732547862,5.892242837461024
0.0007984794554931646,0.03228885569026652,8.08737998972456,889077.777927376,0.13472087994366477,4.918735840458279
0.25962117593071454,0.03177010408211067,7.674680499726854,421368.1095344755,0.14648797501815494,6.7405365547413325
0.03146559917860424,0.03215833493446657,7.911037910102153,838100.0552919209,0.13059925568469238,5.238346130950056
1.228327712688062,0.032583303344896605,7.879510792356063,969517.3910601535,0.130002568853835,4.470814715805499
0.003651492381476877,0.03175906859478074,7.796502394035283,255517.0971348082,0.13469597154693003,5.044557592473274
8.02827412331723,0.033200815561929754,7.715358119216579,514470.07335141744,0.14010332448889068,3.6910730751442373
1.021042325383671,0.0322999269721047,8.457396574488136,895178.098560116,0.13234359181027608,4.00353391140165
0.02283709315830935,0.031833902062080664,7.836162350367877,511253.7885717528,0.13598510117993956,5.8111320367128325
0.0036219676959827274,0.03149416278185779,7.687979590754849,282079.0779490054,0.15013147608414784,7.247059795195067
0.48887642788921243,0.03132552203946757,7.776008650370913,647744.6899199177,0.13309620338648365,4.857372853780809
0.04805645304482256,0.030837104195601407,7.267908519117341,747392.5491635468,0.14495724201370155,7.050443173567345
0.014482314291717115,0.03165900552503398,7.740070954888767,684315.2496846777,0.14648675105474862,6.7674917593878146
1.3484718554691575,0.032858002972756914,8.018586848909433,467085.6050407898,0.1344325481650461,4.768767239250954
0.007205373155607534,0.032492919140762674,8.19853388488301,393230.1991002469,0.14173705111481422,6.323350479771605
0.01177022854946208,0.03204898248245775,7.952076774197971,452339.3455940336,0.13720836358413993,5.723526699242923
0.015453409753669083,0.033183527703531744,8.542666692344161,904822.2360204735,0.13003319031171026,4.9210581424823285
0.7182097095271729,0.03130670892732974,7.8073074817851795,88624.74531870265,0.1404609581104912,5.723661698559214
0.05689264355787981,0.032026797949363785,7.888078501237856,384573.03635994205,0.12697871128684418,5.410885116246748
0.03727765332985835,0.031055418671525788,7.453990611696654,264068.2525183965,0.14262316085278168,7.108969029087499
4.9740574053529185,0.032409156907759855,8.80011908713977,596522.8203499725,0.12952237374037137,4.851325479468049
0.010653985651746497,0.033251542099196604,8.616914237941618,434157.65708254965,0.1270595327171311,3.592024446502683
0.0016606670205990878,0.031690271185398015,7.758123242314775,655935.163221251,0.13641643320670915,5.224189313066777
0.5747406415906562,0.032262479821774596,7.8312968101965375,715644.054204256,0.13818761531167392,5.526393941333111
5.364595905121244,0.033004781285588765,7.7211475004972785,625505.5297335892,0.14433516612571895,6.469819157019138
0.028522613006378487,0.032873921065103166,8.408653471728858,464001.881028231,0.14232421732547862,4.759155971606926
0.0026363557532891905,0.03228885569026652,8.08737998972456,561275.6759887682,0.12921758331124628,4.316665776879869
3.1695884866046087,0.03251215521089819,7.674680499726854,973204.57579663,0.13428649815589885,4.458609228205478
0.041234845589498005,0.03195305435602422,7.902669469841031,469316.41128577973,0.1373932876944118,4.410126105928598
0.2544865856269353,0.031909414687251524,8.033596829749762,295581.63379048684,0.13568847645463752,5.012120262968839
0.014733021842552839,0.03199216687929154,7.924730609537202,524596.7069207384,0.13275850231530043,5.044557592473274
5.058590848629178,0.031944904803626016,8.589011653541254,850360.4006021763,0.13745814427707911,5.438948937303829
0.02077902416795664,0.03089378996574434,7.3584721977816185,330393.2348194414,0.14824438527270967,6.598642407220722
0.0010786035639534848,0.03202924860229956,7.944256810788159,655607.9883453358,0.13934794403138573,5.629583398518466
0.027189122612334585,0.03169009248304298,7.722518210912694,282079.0779490054,0.1372508111891159,7.247059795195067
0.02055513665455548,0.03123500913570404,7.531076004233998,196280.68765673507,0.1397355649723534,6.275479856192291
0.02361148063902066,0.03216556229888878,7.99516182806781,867582.2714477312,0.1278414978242358,3.955186953658524
0.015363830490310669,0.033295772716571075,8.612517875510147,1017000.9307193526,0.12815902828824027,4.590245736423781
0.06240560855403113,0.032100329346054876,8.018586848909433,1017000.9307193526,0.12815902828824027,4.590245736423781
0.27077342846268115,0.032492048788897915,8.349884953969504,587483.3838715082,0.1311831624209818,4.5280424077737065
0.9271663379318175,0.031735736063971585,8.084233103800946,927407.5339477361,0.1390820122660188,5.71014973911428
0.04032633815888833,0.03193156018444541,7.894270486946629,723988.6407641658,0.13377618902942884,4.069878046823454
0.03415068381098161,0.03130670892732974,7.514161457007258,416661.498519931,0.1308867261138593,4.447178174151308
0.006217091233362728,0.03260104426423271,8.221158289766908,376624.4687186722,0.1257304547708255,4.130312410378526
0.0028274767282131423,0.03312476080398661,8.546062791889264,660476.5690747092,0.14596652142182667,7.108969029087499
0.0010979344163078645,0.03247322244170687,8.18879256625474,739289.4580742728,0.1332536340298242,4.64580752154924
0.005687591522429632,0.0319984159657972,7.9335707346699555,828917.9479471049,0.14257591629331265,5.9151266761571515
0.7566441213824373,0.03218047156569558,7.758123242314775,655935.163221251,0.13558343331979972,5.053615113017274
0.24800575190275376,0.032590174989093224,8.072871707937903,475536.41660219786,0.13468164915436243,5.026525475691281
0.00486345317568085,0.032773515957146115,8.379326198761657,1178619.5648042783,0.13245991497684928,4.124581056204052
0.004066132994727689,0.03288083512313028,8.411028832487677,702497.9310587344,0.14232421732547862,6.388892579232831
0.02114835775578208,0.03270201821494437,8.314643722615418,839927.1090512191,0.13472087994366477,5.346667294898883
4.276834664458046,0.03143045904976208,8.262375746357076,406522.29310534813,0.14264022118661643,5.96167015320931
0.2163099135924031,0.03196673057922468,8.06984026716381,469316.41128577973,0.14817489173918882,7.2916135004071645
0.008250032335546506,0.03100831955414019,7.4307103505484955,422717.4946054671,0.13753520908413638,4.8269742702109415
0.6905597071871963,0.03136098466224073,7.796502394035283,119347.03783776169,0.13469597154693003,5.358888932442466
0.00082116168288334,0.03169982913665888,7.764030849629946,632590.2445527089,0.134269050254553,4.998193516298169
0.022059985316207734,0.03236856294499353,8.156578181479713,776766.4299780938,0.13568265252435419,4.00353391140165
0.0470900795058496,0.03237203740895637,8.13354730729364,700000.0,0.1307983882807759,5.1668009899239635
0.000886076961939148,0.031655765504665305,7.739793255720874,596765.6687638167,0.13461972185605628,5.0448500452250755
0.025934903216888176,0.03156410712502066,7.662335770689988,404388.19639351824,0.14707638795764616,7.2647646126410015
1.2577936982887397,0.03218829204671915,8.400194002198404,933688.1180791243,0.14436496820107436,6.282200054349434
0.0031934017158024765,0.03184579084596543,7.865590199856654,125576.57752520766,0.14225231775623942,5.391013624465792
0.003625225778195292,0.03212148040364082,8.018586848909433,554430.1191745598,0.14090859151506918,5.8412656500242095
0.00112308151591356,0.03177084059190953,7.802441163198052,648967.071116418,0.1364846409094946,5.233264284191915
0.0009398044186834423,0.031811365306591705,7.825382315015264,365647.1723400854,0.13912277185316593,5.71014973911428
0.03249079903610359,0.03230259753172376,8.152674797318571,656003.4038251991,0.13461151824710474,4.8629062000057655
0.009048249057852283,0.0324970795733338,8.201415552298302,88624.74531870265,0.1326010549934394,4.5292439890519
0.004008627867396671,0.03187025869637306,7.8564768076067875,805092.6181477237,0.14083292150841678,5.842622008927324
0.0012559297568705346,0.03169192272335342,7.759531527560598,473972.3267250207,0.13993416838711675,5.788998957172011
0.0008240985174730426,0.03209162352053996,7.979303146147505,739289.4580742728,0.135388764702425,5.125340193669478
0.018620802531550223,0.03211598029563363,7.949797807236792,675011.2513421315,0.13671143083961182,5.263438472490836
1.377710703319479,0.032364059480556,7.758123242314775,727052.2421599937,0.13709404914228518,5.279820101598993
0.0428336890401517,0.03133039391030597,7.561687260054963,564663.5038758578,0.13493078701729078,4.486308800934965
0.01072634434339677,0.033004781285588765,8.479458332354717,639296.3407909077,0.14264267756480623,5.394109961578384
4.111462605179264,0.03288083512313028,7.744838884238843,779815.6237351615,0.1403558462312389,5.865530775813253
0.0017427296379015757,0.03191118993337289,7.88013056383256,465472.60723228136,0.13386105773101173,4.918735840458279
0.0014852718007183066,0.03162635217904001,7.722964022589027,535058.2562131257,0.1399932816221564,5.848604022104553
0.26502722879307444,0.03196673057922468,7.7586503217841765,679131.3207672152,0.13059925568469238,4.410126105928598
0.0005941044964619322,0.03205398367449961,7.958186541948992,422717.4946054671,0.1365900619014594,5.201114162280229
0.004309228423266787,0.03182141711175731,7.830577885222369,652529.2811096301,0.13469597154693003,5.206273241559042
0.003710083381978135,0.03169982913665888,7.764030849629946,565856.3505434506,0.1416397550205107,6.015116275469227
0.000989835932426814,0.032292985663736735,8.089651718479034,651276.6633984337,0.13646203328870585,5.230256361369597
0.005597884431626883,0.031928859806143656,7.8770616136972444,574897.594290866,0.13381623744848717,5.1668009899239635
0.016819014467244597,0.03250388478099307,8.205658659545225,759441.9098065544,0.1330096139357725,5.0448500452250755
0.001804704012014701,0.031993466061244945,7.936794999792811,468863.81953817536,0.1423873781151489,6.275479856192291
0.03451117012915646,0.03218829204671915,7.973542777356887,682191.5406289926,0.13340166204133524,4.771728410983837
0.0021820000789245994,0.032210880201248834,8.045267524388425,684798.1142609618,0.12918636484340162,4.139447830273489
0.08425828487160333,0.032100329346054876,8.100250175076138,685488.6534436591,0.1375008975109936,4.95828846095916
0.0004836282609821574,0.03193994340612893,7.895696166959604,586238.0517551589,0.13697623499500342,5.320573456975515
0.011455779523386455,0.03189155809237163,7.825382315015264,365647.1723400854,0.13741003741203497,5.513641539492827
0.8757074703937371,0.031936825094503886,8.152674797318571,522990.4414152243,0.13009678738672018,4.654231121804355
3.0593209223152638,0.03156663638639213,8.201415552298302,88624.74531870265,0.13818037767195074,5.523044590209827
0.0016064465276032867,0.03148897885804075,7.648396798697724,568112.4387387171,0.13321178919621462,4.839246578636186
0.001353461392198938,0.032387224493329696,8.141488627485389,623104.6750779637,0.13673779695217772,5.26694645913232
0.001040706746680342,0.032128565758576526,7.9993241449772405,739289.4580742728,0.13178310665871296,4.511760669512444
0.45900367979096857,0.0320387330633772,8.16429146848018,732111.5192618849,0.13782709530436843,5.39012526306019
0.06546078601502174,0.03265485178688523,8.28673182472799,655935.163221251,0.13641643320670915,6.6208779234716655
0.0594306936163153,0.032262479821774596,7.953377109868188,353366.9671397257,0.1374919040585813,5.986044385055855
4.679748824721276,0.03180059553920329,8.479458332354717,398065.75931750715,0.13683899637562208,5.234401680109832
0.000548552174310385,0.03183809924272871,7.839848363321977,702497.9310587344,0.13564204424276227,5.158901784316525
0.0990395385473126,0.03228885569026652,7.992152202538857,895245.7493126799,0.13472087994366477,4.918735840458279
4.1659274767518,0.03283571675827579,7.722964022589027,535058.2562131257,0.13821506323823168,5.342640223359714
0.007112322587653272,0.03138980003335123,7.615187127884073,668931.7853274782,0.143711910128106,6.122091105637381
0.021092649583330424,0.03205398367449961,7.966805574547545,545631.456162738,0.144231942367273,7.406340075183736
0.008643910158558421,0.031171155071372282,7.473076826437147,255517.0971348082,0.14407691994333888,6.578026408633278
0.009686080520256737,0.03223069254729472,8.020605636699068,722294.4868574877,0.13476183176364898,4.998193516298169
0.02674991648931232,0.03182775188427123,7.833336234654529,651276.6633984337,0.1410469298868346,5.230256361369597
0.06161992024470952,0.03209206212819891,7.990747986474118,508848.54236526147,0.13598510117993956,6.214890995765424
0.000619562585342252,0.03174029681685633,7.7974939680199125,444045.1739837893,0.1426153438210468,6.304881416375828
0.002763190326921214,0.03341217642144524,8.70355589332753,468863.81953817536,0.139351243974025,5.3492751320095895
0.06545334444442485,0.03230466912915616,8.09627314632781,463114.9591867558,0.1451832150003499,4.67749808931757
0.006978263158818736,0.03144231362580997,7.621731974412576,393498.89162980084,0.13840085132291077,5.391013624465792
0.001464279588355413,0.03262562912058804,8.271977400434647,881358.0579783389,0.1371616262704398,5.18426819335834
0.0024886749431994315,0.032817116074802026,8.377954327320904,551491.4054562317,0.13051682533729855,4.173933692051994
0.4280910237440243,0.031811365306591705,8.020104434683535,135054.86335099384,0.14125550662822806,5.916093468315
0.034295825438747055,0.031672981208978206,7.749110770666353,97035.22015132196,0.14008323700371775,4.755144221044079
0.006090774579311444,0.0324970795733338,8.201415552298302,414231.9501325112,0.1326010549934394,4.730238091240569
0.00914009535271437,0.03248510790411297,8.183519464602803,928048.4087417964,0.1392700140839968,5.3420118050077035
0.02505859755860093,0.03138213625047826,7.589538399019411,913021.563567449,0.1397414208961161,7.108969029087499
0.014487881789585893,0.031562709359910485,7.688106663092874,724236.918847571,0.135388764702425,5.691006825662729
0.7000760841875553,0.03171436224795136,7.949797807236792,254080.33152892353,0.12878605841368188,5.263438472490836
0.0011731967273620875,0.03262806893469841,8.256910913556586,655935.163221251,0.13641643320670915,5.224189313066777
0.0005271920314102911,0.03159336281094376,7.717707672657635,603023.2903627574,0.13693436512314455,5.29309967061425
0.001985814623245773,0.03160673173948686,7.712661191843342,279196.4520139653,0.13627949078694868,5.276169232311051
0.002848929742264402,0.03219296999423565,8.034259468749816,446659.8705889796,0.13379362969822226,4.885566915666288
0.00081726139306789,0.03234109729107403,8.115365496120912,889077.777927376,0.13472087994366477,4.918735840458279
0.000494398265657163,0.03207870320163654,7.972095449172856,711565.3112258689,0.1399932816221564,5.848604022104553
0.01658905776011351,0.03187991757043796,7.911037910102153,491649.31204429595,0.14069586650821628,4.410126105928598
0.0009899353318542441,0.03252316267593333,8.21550979617332,725467.7087554575,0.13880726569096616,5.510976418066546
0.002246177914701654,0.032124915061764577,7.997022752192696,255517.0971348082,0.1364195938472884,5.173161231917162
0.000747314943482011,0.03238683138940997,8.13153141608889,489538.34998133034,0.1364512355584188,5.193923598103336
0.0124749460034056,0.03200452408824499,7.939971384112935,507200.464692284,0.14100083217070275,5.230256361369597
0.17734373265481834,0.03238683138940997,8.0,489538.34998133034,0.1364512355584188,5.193923598103336
1.296288240274135,0.03174029681685633,8.145856296630441,952546.0829595886,0.13951800013608684,5.696036315653617
0.000904655400382696,0.03241513147720289,8.143949366630398,592497.7543631063,0.1370373951377197,5.30680771778647
0.03321749150959318,0.0322191962101001,8.055935014464826,921902.460890474,0.1451832150003499,5.256141733470037
0.20591329068851488,0.032134161632790426,7.865590199856654,401668.11382244434,0.13846205727684055,5.391013624465792
0.02108942856638238,0.03191534783148499,7.882567777023316,451467.07100764895,0.1371616262704398,4.69160753449015
0.0012221106347950388,0.03193994340612893,7.895696166959604,707136.4631059917,0.1362849051376747,5.32699592767691
0.0006510504112862703,0.03192410604993421,7.886614717188948,510134.91451215977,0.13791110674488333,5.410979275610594
0.04294705831027801,0.03167768868271328,7.751315848513741,700459.9237506319,0.13868576290751902,4.755144221044079
0.0007044791891156865,0.0319443495318334,7.898208710272804,421775.4185696546,0.13309192463939076,4.722940100845825
0.08049145077621978,0.031621057535328255,7.648396798697724,568112.4387387171,0.14136158298281365,6.0755492828279944
0.0012329556757382672,0.0321790319996805,8.026723062608898,836056.8630639187,0.14596652142182667,7.108969029087499
0.001502122143503556,0.03209162352053996,7.979303146147505,739289.4580742728,0.135388764702425,5.167727211117746
0.039910560750582275,0.031786952824337925,7.820818177743644,625798.2345045795,0.13671143083961182,6.149375438954205
0.09139709834163574,0.03242793065188619,8.256910913556586,995091.1271570886,0.13599649101661507,5.1423757933319125
0.0005453417462791059,0.03168357573001559,7.762521722146642,603023.2903627574,0.13401508546972715,4.885404345036564
0.0015330006325162257,0.03206953588133562,7.966410102853805,279196.4520139653,0.13719007932997096,5.296716912238491
0.048010192419704334,0.031786952824337925,7.820818177743644,642916.86118971,0.13564204424276227,6.149375438954205
0.03494586432658063,0.0323879871864556,8.08737998972456,579262.6702850923,0.14048333032119859,5.722338778969358
0.01480900400022504,0.03196955922447977,7.911892783038629,923003.7788462385,0.13694567332028104,5.848604022104553
0.009806015197863668,0.03196673057922468,7.882690803253795,469316.41128577973,0.13798561125232028,5.420142129357171
0.013137750207944632,0.031745967366011596,7.78865389228424,321640.3700351359,0.1365900619014594,5.658536854040193
0.0005091661105469026,0.03176646411207331,7.813724090767876,255517.0971348082,0.1364195938472884,5.018266746373443
1.975001728981911,0.031590427429078236,8.13153141608889,323409.52917033556,0.13733239662475855,5.321652630372978
0.38891868321456835,0.032292985663736735,7.833053131765883,435363.78527320316,0.13087448513956912,5.230256361369597
0.0016763374306962842,0.03196969984139303,7.912260870419976,700000.0,0.13598510117993956,5.061108889762137
0.0237023467178385,0.03174029681685633,7.833053131765883,435363.78527320316,0.13087448513956912,4.482653698236729
0.02826480611254134,0.03237679337338736,8.139480503664975,952785.7199439381,0.12964419626501908,3.7185805203924374
1.1230035950757356,0.03218829204671915,7.719369828466787,805845.4463203689,0.14140753190195127,5.773818000642258
0.004304528995299112,0.03231856527977235,8.10345922209714,810007.0302345941,0.13941644298990669,5.391013624465792
0.003595345795403834,0.03185021342720972,7.846100899410862,251474.92209235602,0.13821172665588288,5.18426819335834
0.2661759026285294,0.03193994340612893,8.061730958720336,655328.8929968978,0.13697623499500342,5.236500317098744
0.0011212876031436042,0.03206953588133562,7.966410102853805,594262.6157668848,0.13719007932997096,5.410979275610594
0.04899116031582656,0.03172593844602074,7.7872566745865255,420356.515454613,0.1420331841626814,4.755144221044079
0.03889976954841988,0.031480496850608816,7.65308093150731,396197.07174506,0.13309192463939076,5.563920983465258
0.003510058914935869,0.032426777225581294,8.163350491838019,585944.1519595344,0.1333925459534979,4.839246578636186
0.5882761899769875,0.032204448027323376,7.795516194949068,589763.6433108966,0.12905322586377002,4.28032411550803
0.31085181518390015,0.03178017987416167,7.979303146147505,739289.4580742728,0.13340321592442322,4.855203707733141
0.019683629980771677,0.0316908325340079,7.758337403351305,661529.3645290438,0.13968697311355413,5.263438472490836
0.46800025091852804,0.032207750117638864,8.256910913556586,961397.3524085553,0.1353663424204831,5.060235242911274
0.0007723409541366622,0.03222169664637716,8.050438558447418,644132.8538281864,0.1365319610153479,5.2395601800617335
0.0045666193474173415,0.03234228610560031,8.106918179239337,979758.410194586,0.14301785021920116,6.24605133351531
0.19948309786793494,0.03183809924272871,7.979934999614839,509409.17382509186,0.136703660648004,5.2372929285000005
0.0010441533809149404,0.032386633592746496,8.141258211122278,590067.104480115,0.1337358885656695,4.791490766662927
0.0014941144592361612,0.03270520491604294,8.306404084873991,643346.2348511402,0.1394643882104073,5.599901742363032
0.03323789672144247,0.03278332147461249,8.337815694882998,663874.3282308129,0.13059925568469238,5.213849654500911
0.0009970697586142786,0.03164515783297481,7.733998731033485,503613.0955156111,0.13874912802830705,5.741503449489192
0.08200316316386441,0.03162095643899808,7.813724090767876,833706.0554762383,0.13384859987522385,4.934236681698119
0.42375931754252344,0.03238683138940997,7.9197082817341515,489538.34998133034,0.1364512355584188,5.288130691762221
0.6929060500233941,0.03180593239665306,8.089651718479034,731431.514273142,0.13646203328870585,5.1328520070481
0.0009278171445517827,0.03195624592633924,7.904330407793029,700000.0,0.13757473371933382,5.369610814245885
0.0713472422178502,0.03219293359853186,8.034392876101188,582413.7145227506,0.1341702971535173,6.304881416375828
0.9128723388035587,0.03241513147720289,7.849157056026165,607463.6151809725,0.1370373951377197,5.287316764919938
0.0014419939634800023,0.03204426804427893,7.968321978233366,613061.2088254559,0.13957902017947874,5.43046926733962
0.0016589510188381922,0.03179935836812947,7.818593799897881,460228.57553378225,0.13620799434221253,5.296532175300739
0.003916200629865959,0.031965444636761355,7.9096089783250365,709460.4037270196,0.1371616262704398,5.147097367395129
0.04302010129201765,0.032353912166038036,8.109503243565229,783001.5491388591,0.13697623499500342,6.767935889982871
0.0024191047442527897,0.03245009679721531,8.175605919720134,955842.138343351,0.13791110674488333,5.251315887200867
0.01497444119289132,0.032018367940446366,7.940861683392326,551707.2655131394,0.13377618902942884,5.1822055451901265
0.17438002478789633,0.03171436267508922,7.898208710272804,491532.8730081894,0.13737431303022146,5.436265108445529
2.121872471859594,0.03148897885804075,8.083844451131448,568112.4387387171,0.1363987640857893,5.3703257073107045
0.08835662243319667,0.03157744564784737,7.696779425463896,530890.1756396238,0.14596652142182667,5.027725922719833
0.0005042047188891583,0.03209162352053996,7.979303146147505,729077.9026428722,0.13627965024650224,5.194641450740507
1.396807708860512,0.03152278428632892,7.949797807236792,693685.8217689698,0.12751356631110786,5.263438472490836
0.4370151241085405,0.03262806893469841,8.050651145953264,644171.5827818733,0.1365315819140211,5.239509740984419
0.0008212171279825769,0.03237277022432922,8.133301823969152,603023.2903627574,0.13720487680538537,5.2866619419924845
0.11156722005054376,0.03227724308868718,7.966410102853805,279196.4520139653,0.1374157919314162,5.296716912238491
0.0009849571005724708,0.031534211595798806,7.681576500420236,591001.1113368903,0.137052045142509,5.308756887235326
0.012268721172074747,0.031886936163749775,7.857472504756699,417491.39643703686,0.1366218436096512,4.918735840458279
0.0005595417295567523,0.031719644578388266,7.781540990742365,576932.1154709443,0.13428891924189296,4.923796500687094
0.513020223957895,0.0323873684770248,7.911037910102153,589991.6281773093,0.13372960320806887,4.7904938525454845
0.0011318612760272027,0.03179469688702072,7.823886832257946,432880.50503171596,0.13860228769682412,5.592475380964593
0.009979998276545329,0.03194805425872888,7.90396190865645,797134.4919583795,0.13240392759283168,4.354547059826167
0.00050544243022902,0.03199513036263264,7.925575007572156,489538.34998133034,0.1375803809349765,5.357125194595841
0.0053852216875527,0.032292985663736735,8.06920240885448,967298.789594702,0.13661051282276176,5.230256361369597
0.17758061126170024,0.03189650234102891,8.0,510416.9664847581,0.1378355123038831,5.46240324737919
0.009669072072154599,0.03174029681685633,7.816678432718327,631365.1830718454,0.13495132692954773,5.071954200872387
0.010346536276060357,0.03214329104687614,8.007210785190736,598068.3753281455,0.1370373951377197,4.849802019593315
0.005740435374999246,0.03200174122428977,7.929674901189305,634138.3677197574,0.1396018639793433,5.43046926733962
0.0853676034479193,0.03195610909199802,7.818593799897881,763386.8823995453,0.13864828307645327,5.606057747067726
5.153950143182003,0.03137085339541626,8.271977400434647,881358.0579783389,0.13395265828625744,4.926264477723498
0.7431586524477028,0.03147081889626094,7.895696166959604,496816.2074531566,0.13561560935286507,5.245145905480081
0.0009513084865701831,0.032500994874864596,8.203350649912128,720906.771478811,0.1387113589816042,5.499648927359423
0.00458472465175904,0.03240756080529185,8.169095224221866,546473.4234884598,0.13377618902942884,4.755144221044079
0.002152665884927759,0.0319443495318334,7.898208710272804,819674.4873014269,0.13676310431175265,5.189961658972615
0.4394682542899563,0.03185836126121409,7.648396798697724,435938.53924052947,0.13814688374870926,5.5120150835848465
0.0015193513756362497,0.032204448027323376,8.038671463284121,894117.7348684717,0.14596652142182667,7.108969029087499
0.4072408746777561,0.031733245841179515,7.979303146147505,494578.7396763114,0.14359831925750632,6.622616241759834
0.0009923405893009335,0.03212230575390615,7.995757947911292,806057.7023171274,0.14100431671459843,5.963640876108147
0.7673042544269767,0.03210208370175201,8.256910913556586,655935.163221251,0.13754134423912684,5.364003918051241
0.4583740832263191,0.03159336281094376,7.9177075811822535,498888.8937924222,0.13445997115129865,4.927229545625805
0.0006462965722332144,0.03212892264786281,7.999321071290562,601879.0234288188,0.13477312629369098,4.90664410283558
0.8487289257020836,0.03183809924272871,8.109647520155036,702497.9310587344,0.13472089011563124,5.158901784316525
0.04387858666635253,0.03217589684673358,8.08737998972456,747377.1466868198,0.13835375523515706,5.555200955623409
0.0008141131314504966,0.03218763251179356,8.031411297345102,728788.3641409759,0.13702458598200415,5.242853029700611
0.661460215715757,0.03196673057922468,8.168507319038593,707836.9191051407,0.13843652807361884,5.467188794205589
0.0006807294956680412,0.031913478754341286,7.881157128502171,674193.3315620075,0.1365979821964438,5.2412847500909745
0.0008275601964712971,0.03241705629142452,8.157607894225508,625955.6776541106,0.1351987627217277,4.926676194069333
0.0009093744926208632,0.031618962257637453,7.734290409094378,533455.5275547504,0.14018111037855652,5.884275286695581
0.13171842532129024,0.032292985663736735,7.9561024037633405,651276.6633984337,0.13646203328870585,5.406105384711766
0.01576570584696501,0.03202614090828037,7.942585937271411,700000.0,0.13970913097906565,5.1668009899239635
0.04904110629468528,0.03206193442757752,7.962249658127532,546676.0744343562,0.13577432015058313,6.304881416375828
0.060809895964328065,0.03253885346986894,8.143949366630398,677529.2964156589,0.1387331965575363,5.5066602587959945
0.26007222016838305,0.03237187004859059,7.968321978233366,625086.4603752038,0.13536706455532846,5.023049567472601
0.14236904879599074,0.03202245608881928,7.818593799897881,743069.3045513065,0.13620799434221253,5.296532175300739
0.002524101901182456,0.032156284773791684,8.014256128869786,881358.0579783389,0.1371616262704398,5.18426819335834
0.0008119267218480069,0.03232168835700208,8.105184247549325,593936.8111661078,0.13722149275957418,5.307823519766572
0.024160643128098163,0.03192410604993421,7.832126642632558,335119.7921570337,0.13569816355983402,5.1416466615377345
0.000728835625763942,0.032200523441730695,8.035295059369908,460481.6853091286,0.14471988117937656,6.74763207513119
0.0004807731918171651,0.032082601115358454,7.971752570945474,476809.4497619899,0.1421447700762777,6.246770801679565
1.080321752818615,0.03148897885804075,7.890139080837165,373819.32012559334,0.13321178919621462,6.267356244469791
0.006119383553262174,0.032204448027323376,8.05639519077301,707137.2922947289,0.14232630291181608,6.39927620643167
0.22262903025661268,0.03209162352053996,7.817923698224402,465534.6833228577,0.13980315287880057,5.947368617089737
0.013796403005273981,0.03223828186844747,8.056491542057284,604050.2418867945,0.14615107769144725,6.246770801679565
0.008691620236047429,0.0324868735951219,8.1985863393075,867840.3920995039,0.13369335368121277,4.399338445132484
0.03534714010105289,0.03159336281094376,7.717707672657635,650886.7599652635,0.14327406273315768,5.29309967061425
0.0005541234361551099,0.03207885968614555,7.972081684083402,601879.0234288188,0.14007965465101457,5.864588709671299
0.047100559419282206,0.032436671795621444,8.166638507916295,702497.9310587344,0.13564204424276227,6.07330313691814
0.009896897617028938,0.032166351373282935,8.017008387550229,889077.777927376,0.1478950711314887,7.006004081896169
0.002151001820195486,0.03177049546180143,7.812820804098218,711565.3112258689,0.14227909554202528,6.077476784824889
0.0010166244360600698,0.032419823559519896,8.146262890759878,750399.3375121056,0.13606342741070612,5.181102206347257
0.10615092129126513,0.03205398367449961,7.813062460191197,776855.4298252596,0.1365900619014594,6.074937525456666
0.18977943678607612,0.03149981537841956,7.813724090767876,613628.6210543772,0.1364195938472884,5.018266746373443
0.037153982980974685,0.03250025981773695,8.200407062261917,489538.34998133034,0.14665543019131375,5.357125194595841
0.003294812348890999,0.03250025981773695,8.200407062261917,421159.4743370783,0.14665543019131375,6.795550884318383
0.00558786010523666,0.03213,8.0,595895.9462406565,0.13598510117993956,4.839974913269682
1.3453284320560444,0.03174029681685633,8.155518176816589,605799.9412471015,0.14447746081153842,6.553593222572237
0.040449070853299476,0.03241513147720289,8.08491857364028,644272.5534533599,0.13669017078468268,5.271065054030457
0.0010561438979982355,0.03228981871360782,8.085339979519322,208260.99722452508,0.1430547288941589,6.287288533811894
0.0008244656224569381,0.03141410492851997,7.618879123602149,855723.73085441,0.1362701126466586,5.292494355026355
0.0008900645489801934,0.032327204187826294,8.094691706387454,520476.26996582095,0.1371616262704398,5.337062925145164
0.037038671293314285,0.03193994340612893,7.958731159797979,586238.0517551589,0.13681305959803694,5.243092789178065
0.037852800337511074,0.03174769616215914,7.787764031101328,186127.4390346143,0.14430958230059743,5.410979275610594
1.8571802022509325,0.03144468361095017,8.035295059369908,615180.5274622623,0.13857107035809726,5.712986551328953
0.001062723684188887,0.03180662422954525,7.8330896672547885,625798.2345045795,0.14198114558296066,6.0712639248774645
0.31774452146191556,0.031763420420571155,7.648396798697724,568112.4387387171,0.14704710582807531,7.14899840137093
0.010596658639846792,0.032009636519121844,7.931617743803212,210658.64707049786,0.14596652142182667,6.279706447412127
1.0845434171828554,0.03269788800925001,7.979303146147505,603402.2914011286,0.14480674548483113,6.561175308972004
0.2702413066342314,0.032082601115358454,8.087690415168066,476809.4497619899,0.1421447700762777,7.1891963770037535
0.03332963083997425,0.03202846209896775,7.9419729219572615,655935.163221251,0.14257562460920203,5.224189313066777
0.6490691559564462,0.03159336281094376,7.895115768555579,200167.24003070145,0.13693436512314455,6.414275981092787
0.002206003647232566,0.03207885968614555,7.974310269437942,601879.0234288188,0.13823402135773946,5.6197454601162145
0.12724048930728007,0.03213984029584201,7.839848363321977,618902.9202743407,0.13564204424276227,6.150386389127595
0.0009020437802834298,0.032102899344981374,7.974742262481969,399219.41654738405,0.14255976456723396,6.310127834585996
0.16023710946160868,0.03207870320163654,7.866170830537159,486766.35575363436,0.1421199331116252,5.848604022104553
1.133408500946066,0.03196673057922468,8.119934469448262,469316.41128577973,0.13059925568469238,6.289097922097704
0.013132813496689625,0.03205398367449961,7.9231272117437594,280627.7015245176,0.1365900619014594,6.0674442178593315
0.0035381611156834305,0.03203008110399018,7.939722835881784,371633.5476828322,0.1477827771998312,7.361212237698883
0.017568486199579923,0.032400931177144675,8.13920673893318,534335.4703215027,0.14158167222198378,5.357125194595841
0.002856816662817448,0.032292985663736735,8.089651718479034,378744.63354561233,0.13646203328870585,5.230256361369597
0.0006492351957608927,0.03228207558751068,8.073703481392918,471244.53547311353,0.14034011941362043,5.91589835893637
0.0008715998971320238,0.03174029681685633,7.7974939680199125,636666.7884399797,0.14172590240299449,6.230114441589991
0.000606313022812144,0.03154095594137578,7.6895033121062095,675676.2952111894,0.1416159293758398,6.220332984903216
0.0010250629971351318,0.032097357420895485,7.97999508850553,583087.0274310905,0.1442147762149284,6.6403400472922725
2.648705831711435,0.03141410492851997,8.07960071879457,645889.2078844438,0.1362701126466586,5.588182906420612
0.002552154093468187,0.032327204187826294,8.094691706387454,520476.26996582095,0.13906233404016397,5.533712095004249
0.0007464153108186517,0.032484501206625584,8.185554006451428,401683.8804915351,0.1421504277250755,6.18872502754666
0.0005032241817452259,0.031809363496076735,7.829101903267321,583765.7999261932,0.14234900874640227,6.301336070633257
0.008801117386620398,0.03170302876201183,7.770477382327198,460481.6853091286,0.14471988117937656,6.300977000944416
0.0006713603613927724,0.031873178499913016,7.856699264991139,438228.9233185937,0.14244979154007925,6.300346377899221
0.000713410001771634,0.031667588905063604,7.751117524582824,448185.82931023824,0.14242495457542675,6.284049087498488
0.0007108507540674529,0.03207493685727366,7.9674770069889185,466421.08231094584,0.14596652142182667,7.108969029087499
0.5799524912182958,0.03209162352053996,8.2091182800726,462335.7299734388,0.13908750887016852,5.6594631026048265
0.01263948682708618,0.03227953309687543,8.079566281381773,586643.1188968834,0.1421447700762777,6.741812515887864
1.2637818761464041,0.03262806893469841,7.893769658564188,195308.07536115905,0.14327303358614701,6.417218175816291
1.1236207359511383,0.03210908046483703,7.717707672657635,386877.8042612114,0.14542440712386837,5.29309967061425
0.004005238800140723,0.03207885968614555,7.972081684083402,489015.68545448675,0.14635867169504577,6.818392259487441
0.0011647317412369824,0.03211356455662497,7.9885961352257056,469828.47148857155,0.1397253781518763,5.835225270266871
0.0010073985470967156,0.03241845257356537,8.147097335997223,420921.31548689865,0.1437134691770022,6.500292745011443
0.2815022279437336,0.031760283012585294,7.972095449172856,603118.7263847098,0.1399932816221564,5.710378066864875
0.0006248099913340093,0.03174413082178687,7.802156718151894,469316.41128577973,0.14169686926988997,6.054341116546992
0.0011032665086555867,0.032438156075794276,8.159172571135919,422717.4946054671,0.1387459260219122,5.610844640795067
0.0017024955985974416,0.03206758561828811,7.963365275225372,368665.12785644084,0.1364195938472884,5.018266746373443
0.0006924463361781306,0.032407287090693807,8.142320698061525,489538.34998133034,0.1412174538747026,6.032038745811317
0.044377276519910136,0.03184884526993604,7.851636171989802,516504.1506590817,0.13646203328870585,6.236817535677086
0.04638784971487084,0.032400004332256295,8.138843082186352,314144.24914194254,0.13598510117993956,6.263719727377798
0.7725332402676868,0.03174029681685633,8.056170283254925,444045.1739837893,0.14199423034152123,6.226741630628346
1.403867337259534,0.03223487308792258,7.6895033121062095,509437.89211122564,0.13683001627924446,5.17722431282324
0.017597814635870294,0.03208024828191775,7.971959536880851,618511.2627466044,0.14084610254711205,6.6403400472922725
0.013840989917207634,0.03233075526497164,8.10513783489043,635788.8671774559,0.1406769793940115,5.292494355026355
0.03979543910627689,0.03218025997590062,8.094691706387454,377022.1448091804,0.14697877901333048,7.142650133521785
0.0006743616374450253,0.0322873548174584,8.074083729427116,336081.4143390507,0.143168228957718,6.431146648915782
0.0010996915921741913,0.03212648859426998,7.999746019432063,474310.09420578147,0.14225969159989335,6.301336070633257
0.0005881283648830834,0.032200523441730695,8.035295059369908,552303.1359570387,0.14089823847550104,6.0160805220413
0.0641340195098837,0.0320952487398666,7.9773604212944225,503189.52637937956,0.14780452785667003,5.263438472490836
0.3459864409192909,0.031667588905063604,7.963563932366585,444158.8140514897,0.14242495457542675,5.615598311935006
0.0007550168292914543,0.03242912674275128,8.152066641808403,617582.7887398816,0.1420399654478487,6.260699274779055
0.0006135415983961887,0.03223607142362823,8.056170283254925,729077.9026428722,0.14199423034152123,6.226741630628346
0.0017009400686953515,0.03204623327175187,7.951969107400576,476809.4497619899,0.14498644605060787,6.7301480656785495
0.02896660426142443,0.03235715703294111,8.112834254153887,430186.3802585254,0.14227620675704916,5.224189313066777
0.0007230010090209235,0.03242254625199865,8.154863746592937,693266.1999180086,0.13693436512314455,5.29309967061425
0.0070543959512587425,0.03285333060696748,8.374027012412995,462813.59770627215,0.1384584880948537,5.864588709671299
0.6994898510657062,0.032325284276704704,7.839848363321977,702497.9310587344,0.1418111478444599,6.205572173020872
0.028750847058439076,0.03228885569026652,8.110318233951013,370325.98504205595,0.14587124923132425,4.918735840458279
0.008583703279265179,0.03235888862003149,8.115323084805992,658273.5056072,0.1399932816221564,5.439906976228891
0.0036067395944055433,0.03225051165949998,8.062237332191428,309438.26504278975,0.14946450509575213,7.62930816936578
0.04720604537091022,0.03214461517387225,8.004491035264333,467785.0531674743,0.14538078081664133,5.201114162280229
0.06365737815899737,0.03169348000660391,7.767927506942662,347805.2584173505,0.1458561068915091,5.018266746373443
0.24731567240576247,0.031693117800605596,7.925575007572156,516249.5042485887,0.14468064498324065,6.689461519393266
0.039578404695609026,0.031892308459995716,7.872781487115361,651276.6633984337,0.13646203328870585,6.189342119043124
0.0008595198774077064,0.03234573084539361,8.112610746851008,602731.1521054602,0.1380940584471749,5.5231894396065835
0.0005474078522674444,0.0321942027835552,8.03151789924654,474575.4709665435,0.1426153438210468,6.304881416375828
0.0006552458201263844,0.03154095594137578,7.6895033121062095,675676.2952111894,0.13967075673791537,5.776387866559508
0.2359006147903329,0.032097357420895485,8.128175995335319,497102.7114323902,0.1419461279315216,6.220341649922801
1.9201402620724657,0.03215126148239103,7.618879123602149,855723.73085441,0.14101082197394504,5.292494355026355
0.0029150579588248515,0.03185527975025843,7.850591105650912,394402.9966327149,0.14665658372718032,7.051121086644077
0.16026630360208322,0.03169219483198067,7.895696166959604,438949.3616205257,0.14592802694626308,6.973954378298172
0.02877234141661688,0.031809363496076735,7.905435994593453,393915.6226524153,0.14549155378423004,6.301336070633257
0.002513463070801579,0.031664987094895694,7.751620021820797,459564.69531504856,0.14613685312506897,6.9936924040076365
0.0009108856134384972,0.03180528081111827,7.825568000112143,625798.2345045795,0.14317332133102423,6.449008163660654
0.05201165363106845,0.03174118000993542,7.794673837408946,448185.82931023824,0.1357412505939652,6.284049087498488
0.0016614312668958896,0.03213338820756552,7.9902738722526525,466421.08231094584,0.1415935114535971,6.346476694224371
0.004288758989240447,0.03210978901414152,7.976936351933279,729077.9026428722,0.14387518373809258,6.5433517673081525
0.02679189432565266,0.03199080966174824,7.971752570945474,440051.68806099665,0.1423908156545545,6.299858376066682
0.04599502837436129,0.03154083233792814,7.69994059639328,655935.163221251,0.14635873901787289,5.224189313066777
0.005259114099197271,0.031072498593746816,7.444539804170512,495152.1310885729,0.14697593686741015,7.172348217265508
0.04148358518417368,0.03207885968614555,8.026941592966384,447237.18101882364,0.13867285737373403,5.615854428628816
0.18404643880155525,0.03183809924272871,7.711215600779202,452289.23544646625,0.14196786789750715,6.227414223238046
0.0011429723110567664,0.03228885569026652,8.08737998972456,537240.7628145554,0.14166699412903172,6.1628517182204074
0.0008685777854750794,0.03235869495272419,8.111447263472995,501731.0560437334,0.13659407159893092,5.260530789081639
0.0008930908215615187,0.032455907680136335,8.164894701016156,371363.7185929896,0.1427450224921172,6.306260793629388
0.02982999731547936,0.03195086975646343,7.899292561692188,350833.88784672203,0.1422153359455799,5.201114162280229
0.46969395845983863,0.03176646411207331,7.647849165135519,838534.1181076076,0.1364195938472884,4.558974169698463
0.0005620468438650102,0.032131295511824635,7.997958950492428,409303.1428271745,0.13779484519654545,5.385222172752789
0.10732151314418156,0.032292985663736735,7.924328965081314,457175.74630363984,0.13646203328870585,6.460206389440531
0.04360817145671811,0.03213,8.0,700000.0,0.14480170562908248,5.1668009899239635
0.0009015110369450094,0.032315819990203075,8.08642797830619,495598.8777181595,0.13831989145480864,5.598945262663467
0.005394453448973619,0.031953670985554586,7.900765370822826,360360.30271323456,0.1416159293758398,5.756145624167254
0.0024326356375389364,0.03221876008807397,8.043398764453425,583087.0274310905,0.14614775785005746,7.0040054038595105
0.10223923144344661,0.0320789561774728,7.967474086581003,350947.2728439402,0.1362701126466586,7.4029999206458195
0.6806379140633363,0.03184635332891933,8.094691706387454,520476.26996582095,0.1369051325410667,5.332190663331807
0.0006586897098848068,0.031696988136125086,7.766747186909309,450213.5104497385,0.14240510646342908,6.281408314742457
0.9184306678410936,0.031809363496076735,7.5343292413453025,583765.7999261932,0.14196644498433972,6.30459989094525
1.4167358939572074,0.032200523441730695,8.40706509977571,507800.71493984736,0.14070528414476072,5.899489129619752
0.00447330445544877,0.03146971260744377,7.6525169905291195,625798.2345045795,0.14703524717074049,7.126672998047237
0.5584999988450926,0.032199291216957665,7.751117524582824,448185.82931023824,0.13743552143720325,6.284049087498488
0.004749969091034548,0.03167946979781966,7.762326270729543,308297.1758857613,0.1479045533566246,7.108969029087499
0.0011969758151579007,0.032747782583479046,8.325875059272736,332117.10022981156,0.14187994866121834,6.129981483715727
1.1853538798352954,0.03270887786212728,7.971752570945474,226907.64980500995,0.1494269360533237,7.4822209825692765
0.0005769682916440218,0.03171688481835911,7.782753933127715,558789.5270736966,0.13641643320670915,5.224189313066777
0.07938073973249027,0.03270887786212728,8.302755434791127,603023.2903627574,0.13693436512314455,7.4822209825692765
0.0009029709955074296,0.03202865552261796,7.941860479976795,538058.180484667,0.14305250739080694,6.389772229217671
0.09371725034324116,0.03157951473265154,7.708231492681732,310022.68205018254,0.13564204424276227,7.002135948961945
0.000516938899800912,0.03208245767993697,7.971765188177813,577349.1071408489,0.14206559960836798,6.232119061306672
0.00349570438689455,0.032122567830265986,7.993955455444085,711565.3112258689,0.14134828086489207,5.848604022104553
0.0010910579528207434,0.032578947562653046,8.230476909979185,386681.6680842099,0.14255694275546898,6.2575740488970935
0.0008169855577710825,0.03241582210725395,8.142495117422982,884227.365550265,0.14174650932020486,6.3829189224294325
0.04037125578027616,0.03243756860573577,8.154154070310788,416531.47753307514,0.14231470175769165,5.018266746373443
0.34189165166432156,0.031758998700389104,7.925575007572156,417194.34324010275,0.1375803809349765,6.329556444534705
0.0013859331908921842,0.03220622410784056,8.039971337296329,651276.6633984337,0.14068251911295213,6.072317543091586
0.2466564318867344,0.03213,7.918466473064452,314843.1939761335,0.1477849621649366,5.1668009899239635
0.0025528420676324045,0.03214724367744334,8.00410441042775,341428.88027561316,0.14664820574058804,7.025229758517843
0.0005274835021356157,0.0317649215312107,7.808606360111814,492194.9840208649,0.14210639169137898,6.22158802703072
0.013111675427890981,0.03230692921957245,8.083708070926761,583087.0274310905,0.1442147762149284,6.123763543613682
0.0013156551093757892,0.03205762712905089,7.953967764861637,558821.4914365197,0.1373046643231733,5.485844531216546
0.0013732783992745415,0.03240637249977424,8.1347611765175,520476.26996582095,0.14445271126610454,6.783903864569973
0.16882176883454753,0.032162777769034576,7.895696166959604,465141.9998686168,0.1463285393479601,7.0622297466509005
0.29695143692252646,0.03213108108991638,7.829101903267321,583765.7999261932,0.14174899523727139,6.1837106951304035
0.001754167533565375,0.03199646862755464,7.93720399456866,263072.70494268887,0.14769468926802495,7.067540338821534
0.5191427493139704,0.0320387330633772,7.718834273603049,114051.88000839978,0.14210586961765925,6.052458789780456
0.0047135559397798715,0.0317887021705127,7.81510549648167,370267.90399695415,0.14797799772189504,7.286698130698683
0.0017663335316005075,0.03275524818988352,8.317300281144448,401145.9432742001,0.14235308014259035,6.2870680041519105
0.0010632165645416889,0.03206907532345987,7.964197388724698,379394.25356465974,0.13627965024650224,5.194641450740507
0.002314354541913992,0.03207300201417819,7.9649495148435125,325714.569148835,0.1477171996895694,7.347998999520695
0.000807545847825522,0.03231918705091012,8.098863503215707,565222.3635673682,0.13641643320670915,5.224189313066777
0.3096656903211472,0.031925429408223675,7.717707672657635,420573.1393045094,0.14181597431158105,6.1685654763100395
0.0005887563265995936,0.03207885968614555,7.972081684083402,601879.0234288188,0.1376587273977808,5.432121763258901
0.1195482034668878,0.0320257717840322,7.839848363321977,702497.9310587344,0.14229710022401268,6.279638037522281
0.022289167512121046,0.03232652952171119,8.103017691738392,638394.2669075778,0.1386096476197698,6.232119061306672
0.0987127369276814,0.03189275177933361,7.972095449172856,699092.5328530353,0.1399932816221564,5.808513971599881
0.8758265329897672,0.032262218487946366,7.802156718151894,469316.41128577973,0.14420055498606987,6.054341116546992
0.4969127327462629,0.03205398367449961,7.734379688476414,696067.2278424961,0.13849463852612234,5.664389190664882
0.7647752820041308,0.03232133933006865,7.813724090767876,255517.0971348082,0.14198359229534258,6.225326248524025
0.018223907841813033,0.03232133933006865,8.098674178947558,493275.3557659086,0.14198359229534258,5.357125194595841
0.0009976097940019562,0.032405170141717024,8.133380844235901,629228.7721906636,0.1425716285916799,6.430160178397716
0.04779197364193668,0.03213,7.982914137140809,425339.5137025415,0.13598510117993956,6.72432050885689
0.0010322012761178594,0.0321942027835552,8.03151789924654,429982.0370927491,0.1404661570890666,5.943308491686586
0.054923108892221476,0.0317649215312107,7.889494692700603,403292.0292821346,0.14349991595882242,6.22158802703072
0.0013510206893034022,0.03205525211613993,7.955510329392344,406253.8023197075,0.1442147762149284,6.859601287509677
0.023805810331804598,0.03219801690063879,8.035001635183736,432687.4982388197,0.14275994100531011,5.292494355026355
0.008352420838387841,0.031993166244489425,7.924742607410909,563801.2338470025,0.1371616262704398,5.6476746233550905
0.030611692392522483,0.03222338718706794,8.042014721574631,534032.8218450036,0.13697623499500342,6.1695726783524485
0.0012025586234218285,0.03245069512718921,8.166941158858346,227720.0657966078,0.14232882276676298,6.1942038083841515
0.0006417370855437198,0.03231372026231209,8.091329477848532,411526.57038861734,0.14251639447133285,6.283601860891993
0.04565762015324383,0.03214161043968929,7.949797807236792,625798.2345045795,0.1457894150660312,6.885442871369703
0.02289722743712375,0.03208476772710353,7.974409356973413,617830.1091687996,0.13870862875215606,6.284049087498488
0.025703201750850967,0.032225462750495,8.042284707360572,429982.0370927491,0.14596652142182667,5.943308491686586
0.0005679046388370606,0.03193270091737515,7.891447487088112,496330.7096502913,0.13988861450833437,5.846676272137486
0.28717806558152675,0.032401695061816706,7.971752570945474,386676.84114871034,0.1426578521656733,6.2976214914265665
0.07118784873297031,0.03189150736859208,7.782753933127715,558789.5270736966,0.1386889073478642,5.698991848372513
0.6404410510625833,0.032044841802868124,7.717707672657635,379397.00997053017,0.14697405564651447,7.092873345804495
0.04329493913016861,0.03194359431764815,7.902583644668252,402118.0679064066,0.14007965465101457,6.962379351366384
0.0005047229727106759,0.031736635065765136,7.791710675178423,429070.03592680086,0.14310431590311262,6.409990057486079
0.003827930230731871,0.032149101060816226,7.971765188177813,577349.1071408489,0.14206559960836798,6.6498111543121246
0.006334484187901853,0.03207870320163654,7.972095449172856,711565.3112258689,0.13847657054433013,5.848604022104553
0.08124148316113987,0.03174413082178687,7.911336631226848,483869.27429213386,0.14169686926988997,5.522798238340387
0.9435647633903974,0.03149976574192058,7.958186541948992,542370.3801957793,0.14196427352780772,6.211854073515612
0.0010606107096791423,0.03151401915136382,7.669056735962776,600489.1735890054,0.14237113338839422,6.346599649841995
0.010923055450185846,0.03192597656395536,7.896546023873606,489538.34998133034,0.1412103441061944,5.357125194595841
0.015140693799608654,0.032149101060816226,8.089651718479034,651276.6633984337,0.1441297564445834,5.230256361369597
0.0006914175201474923,0.03206790974678704,7.965467545098158,491734.52805548615,0.13886055199204655,5.630649477916132
0.04282781360400113,0.03153994471291116,7.6849451424069635,693344.412028142,0.13583491742484843,6.304881416375828
0.0006601821636335383,0.032121978243818364,7.996349853086085,235942.81900898402,0.1421472803369285,6.083221893374814
0.002021861341098126,0.03225578098984641,8.068786815455518,583087.0274310905,0.13459606532221202,4.7546497060778705
0.00047614624856181197,0.03186558889052608,7.858455804387343,561756.8869783621,0.1423069815913577,6.290107917722906
0.05478050884872305,0.031728073411266815,7.785909676547725,520476.26996582095,0.1467511094570264,5.337062925145164
0.1831032710339808,0.03193994340612893,8.030293975002197,586238.0517551589,0.14511978351354626,6.945280189767384
0.13784240864337888,0.031809363496076735,7.942598327250307,583765.7999261932,0.14234900874640227,6.301336070633257
0.0006752868938430009,0.03193807539887077,7.8983276550192105,552303.1359570387,0.14173011221362858,6.213355986019041
0.0005539666055581975,0.03205985883438162,7.956097173725017,625798.2345045795,0.13834924280411695,5.567594924258691
0.006300444725980408,0.031667588905063604,7.751117524582824,518824.89039768087,0.14930005191323098,7.697400540244766
0.04800443389700029,0.032202367901968086,7.9674770069889185,784848.47272683,0.1374262255366178,5.424872831779336
0.0006974143123791177,0.03208248719532058,7.979303146147505,729077.9026428722,0.14208189088919038,6.2351340190712765
0.0015863966889383958,0.031676606482836385,7.754891457319618,634774.9095333116,0.1423069815913577,6.256682610197442
0.008134233729722821,0.0320491899177962,7.961370749682092,625754.2271933919,0.13503087695154495,5.224189313066777
0.0009281818824580256,0.0319353720938539,7.893406631143617,584732.9508457686,0.13693436512314455,5.380180392015604
0.007527394172530558,0.03208164449334628,7.9682332246627094,559263.582680091,0.14007965465101457,5.478792221345259
0.0023517618341034204,0.031937425013651814,7.906357110631371,581588.3617244355,0.14310431590311262,6.074522382493954
0.6124712814663861,0.03255431373256379,7.971765188177813,484284.8536827197,0.14252027073353876,6.3313683133425895
0.05677585286300884,0.03207870320163654,8.04492123219977,728449.6894898118,0.1399932816221564,5.848604022104553
0.002113466269016019,0.03165098103076643,7.753481476917483,342123.2502312921,0.14121755964161206,6.054341116546992
0.0006321831413965286,0.032063039006332505,7.969106517633278,422717.4946054671,0.13697361920589385,5.201114162280229
0.11765038666699013,0.03185965682613093,7.813724090767876,255517.0971348082,0.1439185193774894,5.018266746373443
0.004246550238622773,0.031856986565391106,7.851381279734594,419356.37099951133,0.14773721104669005,7.263801451453997
0.08221155144978981,0.03151726265837269,7.671990376574916,395064.08446691243,0.13646203328870585,7.247971438023796
0.004691535594665571,0.03155512079522238,7.7032993994724235,564474.2112580461,0.13829982746168631,5.1668009899239635
0.02224379586552689,0.03208164449334628,7.9682332246627094,559263.582680091,0.1426153438210468,5.478792221345259
0.764459946035351,0.0317649215312107,8.07261258420131,825379.7282761622,0.13653949029617865,5.26767701347462
1.7570298518032792,0.03184992812256688,7.8473567357323235,583087.0274310905,0.1513983043625087,3.137745317455626
0.005689625701259779,0.031680508807297704,7.76958573984965,476809.4497619899,0.14120278921050491,6.246770801679565
0.0005757242304904666,0.031522356815017465,7.6810767943220455,638696.8328241553,0.1371616262704398,5.337062925145164
0.001409724982690425,0.03162696772860115,7.727200105318077,537844.8707469611,0.1425410461920511,6.321249994144839
0.0029460972426655118,0.03148328467209664,7.655398093228396,583765.7999261932,0.13898315011538573,5.51590401704044
0.2126114954889406,0.03193384598021322,8.035295059369908,706941.9623648088,0.14159811068467054,6.188133973094876
0.5123455678395092,0.03164128073283768,7.949797807236792,347249.52560290264,0.13671143083961182,5.263438472490836
0.0007962296726947064,0.03145676776587282,7.645703916163882,448185.82931023824,0.1434408576018625,6.482980830548668
0.0005627077445128734,0.031760848487870565,7.802364845782167,466421.08231094584,0.14186533869925208,6.235569941004533
0.0004697214999740166,0.031910073693871714,7.884966582774078,771225.6922261599,0.13627965024650224,5.194641450740507
0.0229315361469022,0.03157293685792405,7.709842793175729,788923.1031901977,0.13274265104956762,5.194641450740507
0.06673604498230598,0.03171688481835911,7.869606135938523,787713.3874601052,0.133957907798299,4.780263992008614
0.12870316294308998,0.03159336281094376,7.803934146753474,812783.1185265924,0.13693436512314455,5.620873225130113
0.42711504179024573,0.03169648975137817,7.972081684083402,803346.6820875522,0.1397998116449054,5.782777319552412
0.1413234645525731,0.03162668946323204,7.791710675178423,429070.03592680086,0.13795582102133097,6.409990057486079
0.07498356904689069,0.0321183121554011,7.993937252648229,906831.9449491231,0.14206559960836798,4.404314669329409
0.018716556324351995,0.03198118682150131,7.972095449172856,750006.120262377,0.13399353540323425,4.764334582900044
0.07283124675962768,0.03204492173868819,7.960553736951453,818229.3301129702,0.14169686926988997,4.222659975506501
0.03445281688431029,0.03205398367449961,7.933246194122672,422717.4946054671,0.13990770272423486,5.201114162280229
0.04141013164227347,0.03176646411207331,7.809379428596705,724222.0543393495,0.1364195938472884,6.1666229259745124
0.013807980250948346,0.03192368769054552,7.891140533610224,681809.0543128847,0.14088965896750139,5.357125194595841
0.02378161969236294,0.03181173864322564,7.832540321492425,846655.6649717264,0.13271693946327062,5.230256361369597
0.0006149109636646845,0.032131926152074906,8.000111203484375,817415.3070358478,0.13648299437230257,5.221696196681865
0.0033409381681130824,0.0321942027835552,8.05073050761764,646939.5274381908,0.1360423194010479,5.131235135935759
0.04724336660284441,0.031688386016697455,7.768197630441206,492194.9840208649,0.13614160886937163,6.22158802703072
0.016834010204865947,0.032097357420895485,8.083139086526952,896652.2864404465,0.1442147762149284,4.626593522768731
0.015977001573541823,0.03200830987338414,7.937401541210536,476809.4497619899,0.13978778822035942,6.246770801679565
0.0005314185099512949,0.03179072409055659,7.822003841224209,727081.5013061893,0.14013670619908555,5.902332555826498
0.2853433562992603,0.03232423728486191,7.895696166959604,586238.0517551589,0.13697623499500342,5.892070350654823
0.01296292651897021,0.03192711305309096,7.8945540989600405,970330.7026022715,0.14234900874640227,5.640961165970243
1.0130634322753382,0.032200523441730695,7.724985076961609,755526.7489461692,0.13643332055412416,5.215087141586394
0.13402154706522695,0.03182118483565747,7.949797807236792,679763.6304231673,0.13682925888911776,5.263438472490836
0.009237652784864454,0.0317047597555121,7.751117524582824,659738.2351011245,0.13705053583712257,5.282093108334696
0.026471640099956603,0.031760848487870565,7.818466933725761,466421.08231094584,0.139566701888376,6.235569941004533
0.004446963015865141,0.03186558889052608,7.858455804387343,561756.8869783621,0.1338162799159895,4.622283612504254
0.018922298151011818,0.03198878770249807,7.884966582774078,771225.6922261599,0.13627965024650224,5.194641450740507
0.24373429874192226,0.03171688481835911,7.929623459481753,593124.2160280367,0.13641643320670915,5.224189313066777
0.22579946768113335,0.03159336281094376,7.8611913396780615,688105.3279814826,0.14079514561274067,5.991142221333646
0.0006425645085733564,0.031514315339660655,7.674241428482788,601879.0234288188,0.13613656982727382,5.178985638146856
0.12717038970212757,0.03220045525097342,8.040582104635497,752085.8506098939,0.13189463949011682,6.409990057486079
0.003399136996243935,0.03183438844561017,7.842983424860637,630346.7266551811,0.14084086564385845,6.232119061306672
0.03339886546254474,0.03218480726993448,7.972095449172856,785173.4994568836,0.14052508487915708,5.952116015342499
0.05334964451665358,0.03221914995278517,8.051024515683217,886728.4695780121,0.13451712161570487,6.054341116546992
0.011673510420814853,0.03196307313496617,7.911491357715494,422717.4946054671,0.13997194779033806,5.201114162280229
0.0045021913314721605,0.03227493199357097,8.0761325285032,255517.0971348082,0.13864338325451292,5.624124171922695
0.0006303265304751996,0.03199513036263264,7.935126564434623,870941.8826691958,0.1375803809349765,5.357125194595841
0.004775153117255076,0.03215103691241834,8.013399106608155,858577.4647544693,0.13149707673729535,4.342021049579951
0.28240486617378435,0.03213,7.8348066011135336,671509.501783124,0.13687885913153955,5.284734705532557
0.09246601102956678,0.0321942027835552,7.891160960319666,474575.4709665435,0.13783529140238238,6.304881416375828
0.0004725752098952509,0.031898612627224925,7.8786623208106015,923843.9627978485,0.1363708608529396,5.241479119559528
0.000606263377590817,0.03207770562154001,7.969844392508716,791853.6767839777,0.13670034982064624,5.267075603586277
0.12738278453817703,0.032082601115358454,7.863985542944392,697486.2831687658,0.13935676957268361,5.719039554996507
0.5448379888459406,0.03227481439307794,7.822003841224209,727081.5013061893,0.1385784726071767,5.902332555826498
0.0013253065623593527,0.03213147176756593,7.995921110971346,586238.0517551589,0.13253301729820455,4.600266061984332
0.0008853006005598792,0.03175645926567064,7.807131273049637,949742.990121367,0.13820076763567887,5.6043730905568365
0.03611557942446505,0.03215703204189058,8.015025384175164,552303.1359570387,0.1365113891609269,6.0160805220413
0.0005226760625715594,0.0321236010343184,7.995102130247179,548288.5306034326,0.14104102051085873,6.0290037027148236
0.03168563169437639,0.03207305389375334,7.970120311297208,782943.4832719967,0.14242495457542675,5.151061941511458
0.03144185489335426,0.03182609554573447,7.840061509896123,848461.6458723727,0.14186533869925208,5.139959432155709
0.0006223338271743195,0.03162008712658295,7.736284341735931,561756.8869783621,0.14057213100183064,5.8616413802044045
0.46751235558484916,0.031910073693871714,8.086861934307969,775854.9834511094,0.13708813815843104,5.415179737411066
0.026945745469193372,0.03182303871880777,7.782753933127715,940822.4881028594,0.14156587352765543,6.308847305049289
0.0012985855958418534,0.03157301514545706,7.704792338685838,876810.914737415,0.13611910743693095,5.163291398970668
0.13690997370260863,0.031860581248274324,7.972081684083402,790599.0543412055,0.1363166446812239,5.204525040753833
0.0005476568632119235,0.03193197082176428,7.897197792050432,928932.7622303618,0.13935136687927815,5.7786654182663515
0.000904687462497846,0.03217599568265152,8.024122899233483,944395.8364455503,0.14206559960836798,6.232119061306672
0.00303565043442453,0.03223007643164039,8.048936091464373,711565.3112258689,0.13589718775047463,5.3253888299322725
0.04245748435455901,0.03212045537399751,8.0006889029301,972415.0718304965,0.1361669529641857,6.054341116546992
0.0027970793483055945,0.031974092949153675,7.9178802393190235,907396.7544102746,0.1365900619014594,5.098998697391775
0.0170993730230022,0.03154805228063225,7.690462715790804,635937.1429309209,0.13834410226245264,5.018266746373443
0.0005175653763401331,0.03162676653501261,7.737926087412667,712241.2272961199,0.13601997835907864,5.160092348745517
0.002241513030991945,0.03214180813991518,8.00484150713767,503309.0472480003,0.13315771394578438,4.577393434352617
0.20762805912984172,0.03179604471597602,8.0,700000.0,0.14044024401623267,5.1668009899239635
0.012959479902237076,0.0318624617892666,7.858301000661625,508900.8765064789,0.1426153438210468,5.641507346997307
0.2635653422417421,0.03219933631946247,7.8786623208106015,694484.1854510219,0.13655108633026203,5.20764583400049
0.0005654025728345506,0.03165204122617614,7.747804417955846,791853.6767839777,0.140923216600869,6.105221925147921
0.001345094970586626,0.03169662627681367,7.767145848999378,486869.610819531,0.1421447700762777,6.153593339361085
0.0007030033357204494,0.031986943630368914,7.9256255238655315,848521.1770181672,0.14022776734482267,5.964855457602825
0.0007118150086706857,0.03193994340612893,7.895696166959604,809155.2536825328,0.1395042036679434,5.758353499494773
0.0006831093242022151,0.03179604471597602,7.82588485387384,834796.1135358682,0.14234900874640227,6.301336070633257
0.07157419985623995,0.03204097056483037,8.035295059369908,773837.7130058785,0.1414648098762621,6.132917101251562
0.018520985263625223,0.03193526421763263,7.8969080899641435,625798.2345045795,0.14116918627989203,5.263438472490836
0.0031139310562270234,0.03203648613586581,7.947677839749194,627214.8273848636,0.1361564647870413,5.349895416428711
0.4800163454239226,0.03199702739817598,7.802364845782167,926767.049278087,0.14186533869925208,4.2487019407844615
0.5585599359159156,0.03186558889052608,7.635227578262887,1050510.0706542588,0.1347901539929192,5.018891033969231
0.5369512808453745,0.031910073693871714,8.103859739067264,779014.9834595958,0.13627965024650224,5.260849635104583
0.06083250629461841,0.03185636568575757,7.782753933127715,792249.1974725418,0.1363197957146889,5.205366884212731
0.0007894278198887337,0.03159336281094376,7.717707672657635,482833.8317636914,0.1414543234722517,6.015849680208136
0.0005138773184048619,0.031951977636295516,7.905938363211697,601879.0234288188,0.14146972193328564,6.13394692351142
0.1320163323763802,0.03184270780666354,7.851251793334298,912309.7068452179,0.13158648943686713,6.409990057486079
0.0022298686689057857,0.03173804633636701,7.7957167470840645,973999.9662485498,0.13281941655723506,4.614699424338772
0.08371301231989076,0.031776132631818325,7.8149184991397975,721689.5592659317,0.1399932816221564,4.140293300413056
0.10401719467366455,0.03241838542808301,8.159390725832653,947804.7121908325,0.13111826767773627,6.054341116546992
0.0009568695242284432,0.03205398367449961,7.958186541948992,1093715.9332862045,0.1357013805935725,5.119088413588438
0.0005431653177119371,0.03218874546023393,8.028022646962592,628197.284519245,0.138122181079619,5.509662385421958
0.0036678362083678705,0.031567515173144954,7.7051635675241394,489538.34998133034,0.13194735551126352,4.391441552835887
0.05804617824187552,0.032292985663736735,7.974216418464093,568451.41820377,0.13646203328870585,5.77458347714224
0.12657221486934694,0.03235007112420885,8.0,598992.7495069219,0.13595076255429311,5.1668009899239635
0.001125394787610133,0.03244151473973384,8.169567875976988,474575.4709665435,0.1426153438210468,6.304881416375828
0.27391965379001426,0.03231866117046792,7.8786623208106015,980476.139189705,0.1363708608529396,6.423650367672631
0.4575444757831215,0.03203112536026309,7.747804417955846,876000.9826925027,0.13486931477466085,4.9220742413120036
0.0018533009506449306,0.03173899741388779,7.795813996043575,656773.3023381691,0.1421447700762777,6.0686706873503455
0.013231535997131465,0.032213213615251556,8.043988805577317,765157.57399999,0.1300570597212615,4.039890701108887
0.0006723504746273106,0.03177464679364119,7.810473808037972,641716.0599101416,0.13635219574380697,5.178128459776827
0.5167147466979423,0.032229666224395,7.829101903267321,1002628.3530887284,0.13465233753302597,4.998115847925021
0.000620815211103777,0.03222397451762015,8.050280147685093,552303.1359570387,0.13657420613706445,5.208753493764774
0.0007160509120803817,0.03191611135645996,7.888574627653817,845473.2471413035,0.1346394250647206,4.918771073516805
0.04543029368051746,0.03170277778343275,7.77674246594564,852369.7676386216,0.13643459904594504,6.284049087498488
0.03272991560045127,0.031949553964850344,7.802364845782167,448735.45116611535,0.13685791989943194,6.235569941004533
0.21605607811177593,0.03186558889052608,7.71265819791979,501378.611799892,0.1392513938161365,5.730892481768925
0.05602943460096535,0.031910073693871714,7.812520269005187,694572.66132354,0.13627965024650224,5.190552136878667
0.3529209005530809,0.032140231794026745,7.782753933127715,804565.8662181306,0.13289978815571,5.224189313066777
0.008190858471653949,0.03159336281094376,7.717707672657635,887860.4487497003,0.13693436512314455,5.008330401838878
0.0005267739951877353,0.03203834945586926,7.955364843576322,848007.5617746155,0.13561069978927634,5.090855099614687
0.0017712879328447423,0.03219008296448913,8.033889314704265,429070.03592680086,0.13603710916287984,5.159592081788716
0.2662263788373227,0.03238227333043785,7.971765188177813,803793.5609279539,0.13596085717153306,5.152226329982982
0.0011991425324862654,0.03195340637081369,7.906239101975145,619078.8887623413,0.14075463009168251,5.848604022104553
0.022778817750537507,0.03174413082178687,7.842789669539939,881591.3661730968,0.13654029181030353,5.275268656261839
0.025662174787600113,0.03174641233162361,7.794627228677348,553194.9271413493,0.1365900619014594,5.929920305763421
0.002436001508140548,0.03210438882265515,7.984783834100155,632448.6025080002,0.13361569598545633,4.66505508856829
0.0007534781077861533,0.032143481324963794,8.006491594801613,489538.34998133034,0.13557858472968032,5.074590169659178
0.25587239443626675,0.03207649325192079,8.089651718479034,860310.4967564829,0.1332071080602222,5.230256361369597
0.0010293946877071277,0.03164908201205274,7.748634265116857,700000.0,0.13912232998147728,5.762790188056949
0.029768745600174402,0.03200720351214373,7.93438526310128,536005.4680727557,0.1426153438210468,5.199010107402382
0.0006210624024345481,0.03221810884225002,8.042319704607209,923843.9627978485,0.1357406267292522,5.168818053536902
0.08761676935233033,0.03165204122617614,7.841064614118624,801080.5874252842,0.13662922039237504,5.241151432024934
0.34098496110111554,0.03184712957915054,7.971752570945474,758918.0899154996,0.13665735433705817,6.246770801679565
0.00044967476113217763,0.03187680217872694,7.863614077552847,696575.4350507709,0.14013670619908555,5.90997743254813
0.0412709917757126,0.03181776514544193,7.895696166959604,586238.0517551589,0.13705604225984372,5.309524873486432
0.015313761843566306,0.031809363496076735,7.870526889689515,707132.0672567642,0.14316951579171244,6.458951288615747
0.0005525338603688,0.0321805712965126,8.018417863511104,700124.9561392008,0.14075661640859358,6.079075737516383
0.01320176640842989,0.0320387330633772,7.98536199413704,887241.2570652226,0.13803696167109059,5.53107860038134
0.036274336274175964,0.031667588905063604,7.812118275442447,387844.9282346049,0.14384511914156148,6.580923675550513
0.001030008260671964,0.03205937035692342,7.953684957901799,648587.0916085633,0.14315836534903897,6.506912691473659
0.0008976364937304348,0.0315993269352384,7.7144684410660025,518811.52247552277,0.1423069815913577,6.290107917722906
0.0008770547255306306,0.03211705550817899,7.9872848807085814,830349.756190815,0.13950206301009557,5.90997743254813
0.03033666644188181,0.0317647171922355,7.810071207000085,629648.375502473,0.14283884217624723,5.224189313066777
0.4942230648272553,0.03200809550156828,7.717707672657635,603023.2903627574,0.13690970296203514,5.29309967061425
0.026347943980008025,0.031825715126826117,7.905938363211697,601879.0234288188,0.14355865493713024,6.13394692351142
0.0005356820957044727,0.031680414692425704,7.76185650051729,869623.6047314107,0.14205017714230206,6.338195119475456
0.03893089991220506,0.0319022657034479,7.878789099359229,816477.3723315916,0.1366866043854687,6.232119061306672
0.0005266420212483973,0.031750914268435945,7.797767854956101,737345.6990143299,0.1403053088875066,5.925913577229651
0.29915468605732454,0.03174413082178687,7.957533148113864,789155.9846381043,0.1394965533649551,5.837356505215353
0.0007131538673556484,0.03165761972365675,7.746450358236365,765235.4005018728,0.1400323084103002,5.889591118817741
0.06217790659761154,0.03192788923062776,7.813724090767876,891239.4114217472,0.1364195938472884,5.303305228904478
0.0007020217144064072,0.03199513036263264,7.925575007572156,489538.34998133034,0.13701770084722364,5.3310535375339105
0.027030312478761667,0.03171401536292779,7.774993156356095,608599.9883015762,0.13646203328870585,5.995897339480344
0.19635058382262682,0.03213,7.901293978524955,682534.2775582048,0.14047779225025317,5.1668009899239635
0.02456078413522008,0.031998790838251606,7.928662491542551,474575.4709665435,0.13881232232118246,6.304881416375828
0.0006130806073620366,0.03182064101101927,7.836909642278212,626297.3708359816,0.1363708608529396,5.241479119559528
0.0005310506359663435,0.03162874605638412,7.732444689291476,791853.6767839777,0.13970739613085204,5.870302884526629
0.0004701342570610302,0.03183377103149821,7.839387253713759,750780.5621272449,0.13937367530879463,5.781775164785493
0.02656488129598196,0.0319429152384295,7.884966582774078,560920.1954586497,0.13627965024650224,6.171154954641941
0.0005679676297503951,0.031823419506136014,7.834279623265086,686137.4027193971,0.13697623499500342,5.320573456975515
0.09408373164811762,0.031809363496076735,7.923136362500781,786539.9028105875,0.13662893437680068,5.28638500429812
0.0015144701534065975,0.03217818812490573,8.02155767718684,700124.9561392008,0.14016099893917663,6.031322305315152
0.04085806024648066,0.0320387330633772,7.949797807236792,749153.3536565345,0.13671143083961182,6.312668611045098
0.6143551077733159,0.03212144815851809,7.751117524582824,747817.4068804897,0.13679100217425408,5.30330831689378
0.19600264034252235,0.032016825096488774,7.802364845782167,604389.8526634326,0.13684023022697572,5.280199943273427
0.006484490682619947,0.03182635071270634,7.858455804387343,561756.8869783621,0.14202048469134024,6.290107917722906
0.002870137453552846,0.03187680217872694,7.863614077552847,696575.4350507709,0.14134611724187887,5.90997743254813
0.001033009002427179,0.03180643151019415,7.8318581367966305,558789.5270736966,0.13595713154652442,5.00707187359106
0.034821396800112786,0.0321707851753912,8.008930292703877,1012211.4723911318,0.13693436512314455,6.663067013756085
0.00046585524539471056,0.031951977636295516,7.905938363211697,678494.9533834583,0.13599439884977,5.141180206923753
0.025521514944163926,0.03177610837194073,7.814899323178065,429070.03592680086,0.14310431590311262,5.330940177524598
0.0021616111751197363,0.03179699696455415,7.813043735056196,731253.8178982169,0.1431855168994308,6.512571333844962
0.00298253545256216,0.03204312358099851,7.972095449172856,712986.847071143,0.13709472873176107,5.286351886657457
0.0012431932525490395,0.03196449292947573,7.909791722600688,469316.41128577973,0.1397690159425934,5.8610565874764795
0.7744589030832472,0.03205398367449961,7.687011548135927,756360.6827014607,0.13573597521219288,5.142772431185077
0.09387674222327458,0.031554703196324405,7.813724090767876,255517.0971348082,0.1384625702480203,5.018266746373443
0.0004836832265567977,0.031911798336384856,7.886073398562491,775095.2186538402,0.1358711363566097,5.157561719323481
0.0018082168205062578,0.032292985663736735,8.089651718479034,723091.6920904177,0.13925713142985569,5.786153093225924
0.044274938339222254,0.03193839159660892,8.0,659164.9772936488,0.14064574159136753,5.1668009899239635
0.0012314630411258362,0.03214028486136429,8.00466119546702,474575.4709665435,0.13608056109346137,5.185425484883747
0.0006330592812076354,0.032285787724665366,8.081486971328813,762233.9082947387,0.14016907861197106,5.914284551835097
0.0004720963810626224,0.03194693493799458,7.902021917191455,724660.0023084185,0.13994871641755938,5.870302884526629
0.0004960656145136426,0.03177913745261215,7.811846696991116,596551.8146322279,0.1418407218699533,6.215976537308763
0.0006330920982944241,0.03177900065283672,7.809448969605863,371841.75690795365,0.14403734623398728,6.6157024468111505
0.014264437151680031,0.03178261612122696,7.819984265362487,535239.695570934,0.14124429725781357,5.320573456975515
0.0004962753391386253,0.03179584270471684,7.819250906875361,812661.9585728548,0.1404108582243031,5.994783982044417
0.000685213656468903,0.032003945253600716,7.929871854556955,781635.9050257942,0.1366658334106226,5.260403074942299
0.03391992981108605,0.032138870241868366,7.949797807236792,862397.7939958362,0.13596220763450312,5.1512369161144065
0.026078914632304676,0.031684770504795616,7.768874336505186,747051.2737836367,0.14242495457542675,5.282099791808703
0.001508418937286632,0.031918834869244024,7.883165440454354,466421.08231094584,0.1382245665657756,5.6152143111190185
0.004653396088244948,0.03165073841182976,7.744087871543931,561756.8869783621,0.1423069815913577,6.006198542877685
0.0007949986326170396,0.03170533961127958,7.769299562557757,679393.3223546266,0.14030489462403364,5.932354745339133
0.0006645039647735062,0.03171327557409369,7.782753933127715,478724.1949648021,0.14428096925280756,6.644650864132085
0.3108989742678164,0.03159336281094376,7.901587615765044,603023.2903627574,0.13851992324023615,5.29309967061425
0.014703207081061726,0.03209368860470015,7.905938363211697,678494.9533834583,0.13599439884977,5.907650232385337
0.054466038567218836,0.031714527827053515,7.791710675178423,619772.51938066,0.13758729705956113,6.409990057486079
0.03262855695663003,0.03208245767993697,7.893531660042508,618289.1428319769,0.13995182388107494,6.232119061306672
0.030547687772706562,0.03207870320163654,7.91224565376589,458939.3629274074,0.1399932816221564,5.848604022104553
0.012998223110921345,0.03219869530267352,8.031375226342695,639783.2596517005,0.1443171201960634,6.054341116546992
0.0011470781839219581,0.03205398367449961,7.958186541948992,528368.5546806669,0.14493148363923758,6.76563591656079
0.004284954224768685,0.03206858791441329,7.968021971309377,255517.0971348082,0.13580007564633897,5.13925087068827
0.0005149819998640248,0.031694384325884624,7.773617360933422,744524.2652284282,0.1371175350620288,5.313533685917325
0.0007560420038765982,0.032292985663736735,8.089651718479034,555314.1103007784,0.1442014107715598,6.648736810881646
0.0005848913740655715,0.03209081535755978,7.975881875381236,700000.0,0.13574363130212,5.1668009899239635
0.9556278454696466,0.03163495993761496,8.03151789924654,645678.9443452589,0.14077059954105658,6.012428700510636
0.029617646450051476,0.03192336544678998,7.8786623208106015,923843.9627978485,0.14059485308649103,5.241479119559528
0.013088741562959017,0.0319739806390461,7.915167141492765,543879.9489887821,0.13782046905430395,5.870302884526629
0.00046134251402134486,0.03184081394712515,7.8452196923891115,750780.5621272449,0.1403905841988329,5.977616894439137
0.003942191899391325,0.03182666222503817,7.842374111040648,362580.2462094547,0.13627965024650224,5.2630120161246925
0.0006674707181821564,0.03204755342550344,7.955589854372423,698884.8891045533,0.13733695172419128,5.320573456975515
0.0005879273555016899,0.031787331426193825,7.819250906875361,543316.7638111298,0.14118884712263322,5.994783982044417
0.2618731928171212,0.0321805712965126,7.8678800295008315,789924.2660926997,0.1421412846996803,6.280703312700357
0.0006152220364679941,0.03182674567330131,7.841083181188253,625798.2345045795,0.13643396898831,5.241702138650775
0.0004507525394198497,0.031860094481744185,7.854687924022743,824048.997183594,0.13884432839564492,5.699240106437324
0.0018166954071248032,0.03192009917584742,7.8848690811111855,544553.9081950723,0.14460800137732807,6.677474762388926
0.2796314767548641,0.03218537615422363,7.858455804387343,561756.8869783621,0.13980695378560964,5.839094391666025
0.027282539589504967,0.03187680217872694,7.910406866825643,696575.4350507709,0.13945970408350197,5.819902933632633
0.0006046666930476468,0.031592282926825414,7.713590412869052,397542.79736459453,0.14066194095714468,5.95809225452498
0.0015939078359284136,0.03138080426779953,7.595837843985673,613719.4381789083,0.1379592848119132,5.5248701451463464
0.0007050635734006811,0.031424422922418684,7.626502649448542,595404.8759589122,0.13728553123514572,5.3921992912224574
0.19089246178177413,0.031532721014816786,7.791710675178423,478859.6646352225,0.14310431590311262,6.906162610058384
0.0005761986662441105,0.031881502410051,7.867264544260306,653545.6132996952,0.14206559960836798,6.232119061306672
0.0005179734157970796,0.031688073390604254,7.768966993445588,501174.0494727706,0.13689631369555208,5.255946914884329
0.0015405742148567423,0.03182860971059703,7.834360098482804,742204.5941923747,0.1429079785458204,6.414868578267607
0.06049390571377106,0.03219465117874279,7.958186541948992,581760.226480091,0.1365900619014594,5.201114162280229
0.3701098395800611,0.032064991409096466,7.813724090767876,255517.0971348082,0.1400030220782257,5.018266746373443
0.031647357884902576,0.031911798336384856,7.990211689086392,775095.2186538402,0.14539284375921216,5.157561719323481
0.42987238214600987,0.03192338713074557,8.089651718479034,647339.5423234446,0.1377462041596342,5.439647806216314
0.0006106054085794996,0.03176166897546624,7.80298533224054,737805.1314126534,0.1406194635785835,5.974207850821715
0.0011859386534970242,0.03200521028178655,7.9347299287645985,1122933.1552431362,0.13501537723165907,4.983398736169201
0.06864395837711428,0.031898612627224925,7.796593882415688,447237.24718347134,0.14290277532637297,6.376032481235288
0.1433459311206502,0.03194693493799458,8.021817692185108,925071.0766488186,0.13839178695365803,5.549291699471724
0.0016382588041341443,0.03224345234800897,8.057757758290474,949105.6138889851,0.13350098182145706,4.751217608269878
0.011324753450943125,0.03195133690874663,7.903558504204791,961623.0850513824,0.1387621073465471,5.194641450740507
0.04345914464133782,0.03208987125764324,7.968454708316628,716736.4699620033,0.13697623499500342,6.784177253458776
0.010258456956431536,0.03173189094170382,7.819250906875361,837528.140859094,0.1404108582243031,4.939262459146303
0.08071469246948104,0.031992314854327845,8.018417863511104,875527.6989070761,0.14384095893541238,6.612237156814732
0.0005154300242494849,0.031923014372166485,7.8924809453216875,413899.27838736225,0.14013965218969776,5.718039775258063
0.14850829332192567,0.03167181182408755,7.854687924022743,762963.9456655958,0.13884432839564492,5.935927151963589
0.0006949828697181513,0.0322140482317745,8.040096760344847,466421.08231094584,0.14186533869925208,6.235569941004533
0.0018456380162700653,0.03203237196081124,7.943794074988628,637360.0620327229,0.14397890240896793,6.554088676954182
0.0008910626297189475,0.03202358302845112,7.940105642816258,794773.8471409854,0.13612974272363945,5.16007362329168
0.0005767066670547044,0.03186599556504112,7.857540179418981,818485.4661850185,0.14054626548146273,5.978753629176568
0.0005895931144584653,0.03150793663174317,7.6756364990587,692265.2666987067,0.13693436512314455,5.29309967061425
0.3090866869751786,0.031951977636295516,7.781938116198228,484930.52363902965,0.14170751261750844,5.141180206923753
0.0022392244640438903,0.03213578107578025,7.993139844083576,960339.3450293972,0.1447640040097547,6.904814561140112
0.010863260550859049,0.03208245767993697,7.902529365597273,792250.4701032965,0.13496310178989854,6.232119061306672
0.7056026129402528,0.03159834719559234,7.972095449172856,711565.3112258689,0.1398367171245905,5.826824792910265
0.0010653834306386279,0.03231292592586076,8.099065824029635,769429.5076832527,0.14169686926988997,6.248596667690004
0.0004785314284309882,0.0318861953268828,7.868780862500636,571494.0555465724,0.1400619527083281,5.8715906771046384
0.0015152626972010715,0.03204274865643325,7.946835881650705,255517.0971348082,0.14298593618512112,6.485056951673674
0.053767315367874484,0.03205704721529264,7.886073398562491,775095.2186538402,0.13989530257526436,5.887160221791374
0.0013555397807440814,0.03202747609687649,7.939918408891847,412598.5928657608,0.14480394411743436,6.72187636209004
0.0005699069370109324,0.03225181102362723,8.06015292109467,733870.3314507145,0.13973595927452187,5.8238335273745605
1.6854990315899365,0.0321942027835552,7.6967673625630635,474575.4709665435,0.1426153438210468,4.687854833230755
0.028385369146592836,0.03184730729821358,7.84853858847285,741000.3393923582,0.1363708608529396,5.965412716741543
0.0254859581408432,0.03173002132900276,7.787122512289437,598377.0229605562,0.13994871641755938,6.659881241804579
0.00793492665611886,0.03167414883248014,7.7574830356073,750780.5621272449,0.1403905841988329,5.553809838308004
0.0004870593993893484,0.03205596736093846,7.959837781012072,604387.1632363524,0.14107835397179014,6.032391639902353
0.0004846460433033676,0.0319704224880916,7.917472684164442,662615.507862935,0.1367508914408233,5.254204495005485
0.0016334498518253587,0.03208518002153942,7.978234169116657,638808.7505277966,0.1462752702048069,7.045326604975061
0.0004575321127499197,0.03192658255115517,7.890857453862428,822105.6736144375,0.14004390111483037,5.908921996186747
0.038292504844454525,0.0320387330633772,8.00620102417143,414717.0673332368,0.14183246105234126,6.177262033302231
0.31260568853399295,0.031860094481744185,7.983194612271451,773247.980672735,0.13884432839564492,6.415552034849157
0.006890309906008078,0.03184292870589875,7.802364845782167,973267.1635300005,0.13964055962029215,6.235569941004533
0.0007262728417042493,0.031624368460051906,7.730239659297717,561756.8869783621,0.13804402305180408,5.554865274669386
0.0009738161929710945,0.032215664037943896,8.040596837806014,624133.4057633606,0.14334066580812443,6.480602322900202
0.08882881265963102,0.03203352358242221,7.857540179418981,786460.9962165959,0.13723000411673258,5.361714514233783
0.007491413455514091,0.031862829600726936,7.856149172212028,603023.2903627574,0.13905589597834242,5.29309967061425
0.0005708212091711082,0.03190573255829168,7.879351692233846,690052.8282951197,0.13599439884977,5.141180206923753
0.0020332120251673374,0.032013412370277224,7.9344384517625315,429070.03592680086,0.14387078819264648,6.409990057486079
0.01996569156172701,0.03203704536489397,7.971765188177813,529270.578357818,0.14206559960836798,6.536130811287217
0.0008902161253707828,0.03183724868981015,7.841952815749845,680736.2946639102,0.14024272871720278,5.848604022104553
0.012391440492903489,0.03196115120751581,7.907080138661756,776899.7647982505,0.13842087353882312,6.054341116546992
0.0011607769305598844,0.0318861953268828,7.885724864229672,555069.9378749756,0.14120608227050807,5.8715906771046384
0.004240499632693595,0.03180321401516505,7.826489050405573,753619.69154535,0.1364195938472884,5.018266746373443
0.0015087824078497108,0.031911798336384856,7.875010153106414,900785.3832959579,0.1367888515262116,5.31857153352037
0.0006816113027031934,0.032081829228341345,7.968670005598677,947254.9998613702,0.13989166092948732,5.993747807724988
0.0015803874986756693,0.03213,8.0,431988.11674267065,0.13598510117993956,5.1668009899239635
0.0011225226089701954,0.03182830999136804,7.836318459267926,775527.3150904651,0.1427038689379743,6.382352274491016
0.0006016162310832806,0.03186540991262377,7.857274554648998,923843.9627978485,0.14040984902284548,5.970415217704869
0.008598763316129028,0.03194693493799458,7.869953600456697,557277.1652372743,0.13986356337532563,5.84953964739139
0.0004950597969772344,0.031987135829276155,7.919949578332986,908497.1746417808,0.14004066500439516,5.977616894439137
0.026716817569327804,0.031875039161501986,7.865545959969299,563651.1128853074,0.13627965024650224,5.828119208576512
0.0005776777534795879,0.031888194444830105,7.869953600456697,557277.1652372743,0.13986356337532563,5.84953964739139
0.013663609825992448,0.031932706592967194,7.888841879187236,812661.9585728548,0.14345707642714392,5.994783982044417
0.015142643432077264,0.031939496300467815,7.897858206808591,655807.7816153866,0.1376573446240374,5.908921996186747
0.011888169431149748,0.03183746670959381,7.841503290876023,838080.932226566,0.13671143083961182,5.743420574687413
0.0006100976422617613,0.03183115397345914,7.83852725735134,824048.997183594,0.14047371205088927,5.971141507244783
0.0004776294176539978,0.031698588057183924,7.774482024856259,466421.08231094584,0.136952470634608,5.225388738381667
0.009458871504730713,0.03186558889052608,7.885208469859676,561756.8869783621,0.1402130732136055,5.900936630630285
0.0019726622857658546,0.03156490226716207,7.698895900547155,696575.4350507709,0.14078147568170354,5.90997743254813
0.015600476559016564,0.032044250230004005,7.944956007429015,818485.4661850185,0.14054626548146273,6.733461502981969
0.0008740963208648288,0.03214260771877215,8.006718802049875,574410.7942478353,0.13732091184595863,5.385626289894236
0.010757536333542924,0.031608669107174546,7.7296073780021635,331919.023714113,0.13984930233327733,5.141180206923753
0.09634371618029978,0.0319364688230691,7.791710675178423,429070.03592680086,0.13964197295822744,5.84120657139995
0.0007389408534405795,0.03225422175549346,8.054852261288705,1170105.2833935083,0.14303124895862104,6.666664804837657
0.005844269538701086,0.03208997614316099,7.976103960442287,711565.3112258689,0.1399932816221564,6.159494137324429
0.024237639058545327,0.031920210742263214,7.890623862319047,469316.41128577973,0.14169686926988997,5.13777624751092
0.01785782695644899,0.03214529352675554,8.001322469792338,908764.6499058399,0.14369374027358828,5.8715906771046384
0.003613578387499893,0.03208627869696321,7.976429204634071,255517.0971348082,0.13959212239691265,5.781804852683866
0.0006567566751395863,0.03226911100061521,8.072656645135764,363624.6232225754,0.1423077047335022,6.2153643565789745
0.0016777838473020605,0.03220998970976938,8.030646123665932,802967.0688708689,0.13989166092948732,6.085054855641743
0.09902456374946192,0.03194670828529299,8.0,720520.7417300506,0.1356859106682224,5.102379240050674
0.05209060981996111,0.03195002721800118,7.900288743372823,720684.7206499808,0.1348869358829961,6.304881416375828
0.0004598067874136313,0.0319804290092712,7.9195260034904615,562048.2719263559,0.14015453668022368,5.843295057821771
0.0011282608121876854,0.03194693493799458,7.8918471398682675,440468.41454540135,0.14024566116376214,5.845347394947035
0.4741266150093473,0.03184081394712515,8.030971367857717,935144.4724311169,0.1384589967634045,5.977616894439137
0.00191634822495,0.032088873605144765,7.976106599017426,771225.6922261599,0.1331347917726855,4.660441336647527
0.02364447445362812,0.03193994340612893,7.895696166959604,586238.0517551589,0.13697623499500342,5.976774130692442
0.00048025799399021153,0.03171073422402694,7.777808735237824,755329.549800122,0.13647948644413777,5.265948827375183
0.021632574764459685,0.03184219931685668,7.890857453862428,746244.519271886,0.13612106629226806,5.2080631050696
0.0005141296678684872,0.031926022185625805,7.893432790757575,644554.5382869047,0.13761098658845905,5.413043842415096
0.0007262416782364246,0.03195651204860231,7.907420119041615,604175.2193868785,0.13954823415649548,5.80317410026998
0.016269704994134944,0.031698588057183924,7.807674702408076,722299.2125926062,0.14057186182313125,6.015661297567057
0.0016049171081905273,0.03186558889052608,7.858455804387343,816826.2721859626,0.1441338512578486,6.64082530895802
0.0009773743369987464,0.03187680217872694,7.873875415796423,674329.2513084419,0.14380072885564021,6.615522823035195
0.0008138045170409318,0.03185414148175372,7.853352739309272,818485.4661850185,0.1364726835425309,5.204432042061065
0.0007102250889772404,0.03189772944505977,7.873112972769568,603023.2903627574,0.1425653020228012,6.33448417216551
0.0004635415846023784,0.03201331855709095,7.933827517894566,595864.9891883844,0.14043256831289727,5.942511716446036
0.0004853950762927213,0.0317494790881473,7.796912002729609,748674.0023196703,0.13867105602034185,5.635057826823108
0.7562675580687754,0.03158773473472868,7.971765188177813,631928.096525083,0.13831482367966183,5.579120520379738
0.0010081989092765233,0.031834524065549936,7.8392817189693424,682093.6903853291,0.14282847729641812,6.398400110639811
0.008700170266882967,0.03181508231446361,7.802156718151894,776699.4550961736,0.14012608641201096,5.949693277327437
0.0004647297687851771,0.03199705389021092,7.928225293550882,705503.3653753024,0.1400619527083281,5.8715906771046384
0.2320883022046846,0.03208738879586326,7.813724090767876,255517.0971348082,0.14193204580135022,6.253758129380449
0.03848790010800124,0.031804219862230004,7.886073398562491,488611.2759604083,0.14082200275085333,5.954997138699581
0.0005048629858794372,0.03194938449522388,7.896600319570335,904539.5941411334,0.1394514096473178,5.864957726396678
0.1641033840124986,0.03213,7.8702636021752,638537.0527662924,0.14008001444691429,5.886975992504908
0.0012228222869012499,0.03197571181022624,7.914719510894167,661581.640796943,0.1426153438210468,6.293559154426608
0.0004674667828717646,0.03189459249978971,7.870004589315626,562048.2719263559,0.14055159021994768,5.9849822000433
0.0005685660746051939,0.031918774720568976,7.885870263342494,627127.4108324029,0.13994871641755938,5.8877429983343506
0.0006122040687264419,0.03197968417265164,7.918562474954041,581811.4330820508,0.13785268890043562,5.483937630459518
0.042163104496343966,0.03179932704211544,7.884966582774078,699284.7999925618,0.13780726679355146,5.48610982732427
0.000506523111626463,0.0316742127190104,7.759196464518502,601650.8277033917,0.14028026885897865,5.887315112257722
0.18077801126202783,0.03171073422402694,7.90911728655048,755329.549800122,0.14193365113435008,6.224471030735856
0.0005033900548076645,0.03200572643781464,7.931646188532656,552955.2618678872,0.14104161755834196,6.060881209089005
0.0012561597586383385,0.0320387330633772,7.949797807236792,625798.2345045795,0.14408566105655662,6.5878151032791825
0.0018330300741890128,0.03171463951651546,7.782568934454687,824048.997183594,0.1399628888637621,5.699240106437324
0.020084354217764125,0.03186690044391941,7.858432803563316,611133.9634835132,0.136952470634608,5.893124637068299
0.0004893418230647093,0.03195811097007079,7.905433015607712,561756.8869783621,0.1403129208860466,5.929354765383044
0.0005403785451807023,0.031957963988035396,7.908115379461886,696575.4350507709,0.13892812999243154,5.687398412719306
0.006285101395959576,0.0319845065627019,7.921045640327686,772286.0898808648,0.13896740119752446,5.978753629176568
0.3998794449217824,0.031973059637602094,7.717707672657635,603023.2903627574,0.139280172193787,5.7510423279664735
0.0004762666250001323,0.03204565488805449,7.952980969201502,519957.40005988994,0.14204251389091377,6.216058351548004
0.015956627296836827,0.03177399842564518,7.808455272703213,758285.5862272165,0.14218795533569772,5.635057826823108
0.00071308174813641,0.03171674183192911,7.779084241032025,611568.7736895039,0.14206559960836798,6.232119061306672
0.0012654226387614628,0.03207870320163654,7.972095449172856,743993.2444664716,0.1399932816221564,5.9647866125758995
0.0018783235875480151,0.0318598748391463,7.854767807107397,778756.6651926767,0.140032688104363,6.054341116546992
0.019658587092815594,0.031717104350882964,7.783742768345267,533926.9568678212,0.13728330996657742,5.8715906771046384
0.00045157458786898813,0.031943395640184585,7.899028060572949,689957.5986931862,0.14015922870300768,5.899011192890409
0.01154452283722026,0.031911804888393555,7.883701486612928,706908.059505307,0.1358711363566097,5.514274828665403
0.031252647417118244,0.03194938449522388,7.847238829554237,564999.5425771157,0.14128042896148513,6.10262237809428
0.0874155836399457,0.03213,7.905563710559735,673693.1022835758,0.1399706213779623,5.856393567796369
0.16066844895913965,0.0321942027835552,7.894673592047754,474575.4709665435,0.1393482260563589,5.837018457749885
0.00046507715544646965,0.0319804290092712,7.9195260034904615,790065.0733396973,0.13978466399773012,5.8463335173009625
0.0006311414737464302,0.03202972320511564,7.942463342940088,615984.7315122227,0.14213452720537478,6.25190092331702
0.000546037620499428,0.03186933048554926,7.861196296568092,672817.1427731141,0.13802786115993826,5.530252601582322
0.0005020610187059018,0.03187659665227546,7.864076818992667,566829.1344473915,0.14102654247044105,6.067330646750925
0.019992704293418484,0.03189372951830758,7.872460347998298,614394.204908865,0.13697623499500342,5.89632813174523
0.003983597161431948,0.03171073422402694,7.79990114255004,755329.549800122,0.1409629654971869,6.002336427111803
0.017018665578260782,0.032020396235898745,7.937678644963361,546653.4088371376,0.14004390111483037,6.471074014659667
0.03970459403497831,0.03174317325670084,7.792080024704604,626709.6937535615,0.1433316780980973,5.263438472490836
0.0008025798135118272,0.03185911570998443,7.852263514931149,656892.8586965601,0.14229245336497115,6.290235663277356
0.009924936559290217,0.03178538633677524,7.814243003930581,757873.1150359137,0.136952470634608,5.7268418885353185
0.04838417061170994,0.03186558889052608,7.963600740503841,813159.0360587785,0.1423069815913577,5.461429598792164
0.017166045906426133,0.03207380601586992,7.965226945547435,490889.9420850144,0.14452962473670466,5.90997743254813
0.0012439829450306525,0.03216798283014635,8.013463003060096,818485.4661850185,0.14256222148952916,6.360253977826389
0.5454497786577645,0.03159336281094376,7.932856644126223,873620.549570251,0.1389246063743009,5.782372624714441
0.0008425124143244562,0.03201540865616854,7.932734001027864,595864.9891883844,0.14067777244124316,5.942511716446036
0.000493081310347007,0.031843750111664064,7.841686575407062,834579.2587388608,0.1397133798656431,5.905378407708737
0.34037739003825873,0.03173576059087365,7.971765188177813,781238.6642392005,0.14295091702931037,6.4245346924930535
0.0005974224723792215,0.03188095461318604,7.861930778269282,845358.0765329772,0.13964593255063878,5.848604022104553
0.000490181288517642,0.03194290536518064,7.898815805452993,652089.8776307617,0.13774613996196072,5.4692965264092965
0.003453202359171439,0.032140640280737674,8.004427236756364,662826.8131241549,0.1400619527083281,5.585306721286814
0.00048130332952465147,0.03177999863426633,7.812093029753013,827434.9165764994,0.1403003721826211,6.003110864451186
0.0008179183691977888,0.0319602373654937,7.9085702292174,775095.2186538402,0.14104515263730869,6.009859420041194
0.12142510994723446,0.03214035893772245,7.896600319570335,866548.7165739567,0.14224508388487941,6.342090182412395
0.0005718067824934575,0.03190764617630355,7.881995599394388,841812.793328806,0.1359575937963694,5.1504244501435155
0.000533815073042392,0.031872710601711395,7.86163643683258,700432.9666959967,0.13895665055305662,5.7161738463883145
0.18670418899264632,0.0319804290092712,7.78700846888707,562048.2719263559,0.1406032131601029,5.931296381810929
0.012180615313484047,0.031935914996989216,7.892840529039429,648323.2052455229,0.14304245197460538,5.870302884526629
0.0005257887361930547,0.0319123693433633,7.8829619859026145,750780.5621272449,0.13735759291660607,5.437242262541694
0.2740847013713038,0.031910073693871714,7.726825759885876,619662.3440239875,0.1365914654468634,5.194641450740507
0.026650769583463053,0.03193994340612893,7.943373684773712,647190.3661465284,0.13993247756341726,5.890673961668757
0.0006932891891033842,0.03202343792790185,7.940219686218625,755329.549800122,0.13967019923806823,5.88865848328533
0.00230826116369171,0.03192658255115517,7.890857453862428,822105.6736144375,0.1392250064984336,5.908921996186747
0.0036667926665764202,0.031715483984277947,7.779565407092861,625798.2345045795,0.13671143083961182,5.4710371068805115
0.010244649506802893,0.03167624494929073,7.7576091268941205,781772.6170022186,0.14149543254560604,5.699240106437324
0.0313104521336631,0.03187186426676553,7.861408753216113,600422.9437491802,0.1424596928069679,5.225388738381667
0.011038778623342432,0.03186558889052608,7.889425939774088,482552.71153440286,0.1408170026874901,5.963750292069456
0.04034815834964564,0.03187680217872694,7.921292268305333,528259.8718891272,0.14005074374309248,5.88257618880995
0.0004910004002165764,0.03187419206519613,7.861094949225163,618156.7101011853,0.13773015588650672,5.472640873989173
0.14646401998143282,0.03159336281094376,7.831925579912295,635719.3074433813,0.1396777132792126,5.784684131116171
0.0004498418466599279,0.031889513967806954,7.869791587763979,595864.9891883844,0.14022390135837196,5.902484220509812
0.000522991477917271,0.031892346669142764,7.875087360988219,748674.0023196703,0.13867105602034185,5.635057826823108
0.0017540292919919647,0.03193167913183374,7.888553822434643,853809.8684100222,0.14206559960836798,6.232119061306672
0.0009492632452528954,0.03207870320163654,7.972095449172856,702352.9246183194,0.1399932816221564,5.751806807374718
0.0004866643633329211,0.031833622937444295,7.839019941670864,606403.099161256,0.13780370286676427,5.4692965264092965
0.0017083576485263294,0.03168536815408634,7.76049744761067,705503.3653753024,0.14327558967579662,6.471867170438884
0.006292577707731756,0.031943395640184585,7.899028060572949,770223.4873351548,0.14015922870300768,6.229849032480225
0.016754629223330444,0.03184880254249545,7.886073398562491,775095.2186538402,0.14014025367354932,5.952102455267446
0.003887889750201182,0.03194938449522388,7.884711733305847,904539.5941411334,0.13710626103300402,5.394489985593611
0.0005093916404801352,0.031843743524107335,7.847005308475731,733206.1271907387,0.13608860629500844,5.1775918899874815
0.001346013953588175,0.032038003020175586,7.947984415640074,700432.9666959967,0.13931914713882884,5.858695793660407
0.5023475678761578,0.03162504870144598,7.9195260034904615,826108.2013293593,0.1375702104148545,5.843295057821771
0.0008078869028235415,0.03194693493799458,7.902021917191455,847059.7722790891,0.13967509592614588,5.904962490306987
0.08414175924160994,0.03184081394712515,7.955263773416919,647149.9872483851,0.14291883073204464,5.977616894439137
0.0037226233011615527,0.031910073693871714,7.861709452655485,637285.7774668142,0.13831719760489336,5.579322543392812
0.25024730627042396,0.03165289263805538,7.895696166959604,586238.0517551589,0.13764960280481287,5.449243069377994
0.0004538387703325328,0.03192651446991884,7.889774849138739,672442.8528761456,0.13956669295886318,5.795004572555663
0.027648815667970814,0.031841864831506965,7.842733379696692,535277.7776009283,0.14004390111483037,6.766256036214314
0.12810290807001368,0.031823133362564475,7.949797807236792,678191.9729291903,0.14355370278001992,6.52999249354047
0.0011647327438939871,0.031860094481744185,7.8455971708879595,824048.997183594,0.13773370336097046,5.5147658967084885
0.0005175913130051392,0.03193024466622057,7.8918845776087965,688655.3753666602,0.14104593351404615,6.048214360968448
0.018850560007930457,0.031789278910189366,7.858455804387343,471164.849607028,0.13889093268159228,5.61083182565908
0.006073267216858516,0.031836914276161185,7.863614077552847,610984.8179402781,0.14013670619908555,5.90997743254813
0.006566128806409662,0.031843548789929406,7.849581530236331,777676.3253082776,0.136265109697086,5.472640873989173
0.025529402603284967,0.03201155923440326,7.9280192122310185,836269.4489382168,0.1409861870819581,5.29309967061425
0.0006072814797371569,0.031890870757411746,7.8700079207603,491106.7565864179,0.13902482601999797,5.683844411773422
0.036964355616681925,0.0317494790881473,7.85470628894362,823786.7294694463,0.13884698737031115,5.699673683375789
0.0013861450837381567,0.03222611484051919,8.04456141177082,783330.8822750584,0.143354934853358,6.514642335311471
0.26687057380132245,0.03177137855633394,7.972095449172856,711565.3112258689,0.1367808215735583,5.22402580206275
0.039135072775075164,0.031880247310058556,7.866939116033982,800081.5864577347,0.13780370286676427,6.487225074295756
0.10196806005301162,0.03199705389021092,7.8257590108618285,624922.2716388757,0.1377126310257384,5.484484340006992
0.043558527500792484,0.031943395640184585,7.841691892923036,744924.8818087857,0.1347935532486736,4.943289834588729
0.0007035675910262849,0.031911798336384856,7.886073398562491,775095.2186538402,0.13874867118130663,5.673931231646488
0.15777407210261502,0.03194938449522388,7.772460004324977,632665.8480052808,0.1394514096473178,5.864957726396678
0.023639898264392382,0.03167531655269554,7.755355898576759,681616.3994711188,0.1402798356902313,5.1775918899874815
0.3361028261083585,0.03220926840205088,7.86163643683258,765852.1717917174,0.1427636182090219,6.410849701140719
0.0004573554309652003,0.03189604304502842,7.873062828978771,769693.1255553877,0.13859363170634506,5.632173384827827
0.3360461815970097,0.03194693493799458,7.776994054056211,890053.132963351,0.13994871641755938,4.8746343577778575
0.0005124100937184474,0.03180273055369372,7.8233116874241455,672398.2448270269,0.13914668143896725,5.756165503854628
0.05042575039069503,0.03190833447333965,7.876542086275077,611612.9796387608,0.1444159761029399,5.194641450740507
0.031023682865061256,0.03193994340612893,7.841362311416312,610984.8179402781,0.13686160758921515,5.326015819095978
0.1412192630491015,0.03192651446991884,8.009220290481576,789935.1029088406,0.14333245868787284,6.525586012717383
0.05022161390375463,0.03192658255115517,7.821548907066076,766024.108080971,0.13595451215152646,5.197417538151248
0.0005536304998936428,0.031574744687521535,7.708578553326773,625798.2345045795,0.13848085343790947,5.571601338189733
0.0004952359827992824,0.03191580942292742,7.886184040897385,790411.8428750639,0.14128728177818053,6.156346820142561
0.0007829110510481168,0.03186048486201305,7.855947268436474,466421.08231094584,0.13738665379908402,5.389402469901103
0.12623819654529084,0.03186558889052608,7.963097292829393,852120.3445927295,0.14091545430442587,6.139404329562305
0.0028924904905194126,0.03202419592533993,7.9376237020040135,525787.5974358357,0.14548669248128598,6.838042836344981
0.0005514092942383944,0.03202976153276837,7.944752160774674,618156.7101011853,0.14132239447014194,6.146506327745916
0.012211766738344764,0.03187829170468133,7.864570003683049,699917.4378144204,0.1397838840709709,5.29309967061425
0.0011805274999414795,0.031943023296170533,7.893811414338461,595864.9891883844,0.1405640159206405,5.902484220509812
0.049705997161506116,0.031871163195630166,7.796912002729609,748674.0023196703,0.14154472492809422,6.143437411896342
0.007747958039393814,0.03176017629402152,7.807874466934942,577349.1071408489,0.14206559960836798,5.6993210339167755
0.0007468171398436563,0.03207870320163654,7.972095449172856,765414.5482149853,0.14303045910507892,6.43522164176194
0.015729696932153092,0.03171230342443033,7.778296931893924,606403.099161256,0.1416004761607157,5.4692965264092965
0.0007279781609135982,0.03199705389021092,7.928225293550882,791870.7759147038,0.14286631761171756,6.419029315791253
0.014757650236692163,0.032015503290139156,7.899028060572949,689957.5986931862,0.13807131529026304,5.529602011024799
0.000653364935535266,0.0320656084731644,7.965015704045975,775095.2186538402,0.14112902526708254,6.03897890812369
0.05327649144652954,0.03204733932538341,7.896600319570335,675835.208590554,0.14124018608436603,5.864957726396678
0.03578370255621176,0.03204733858089548,7.94875558672138,958503.0961232797,0.13608860629500844,6.26130606100984
0.019013182858946757,0.031801800482728855,7.86163643683258,782414.9561800545,0.13895665055305662,5.762235250703222
0.004389732147902132,0.03189604304502842,7.900552944819217,644095.878577112,0.14314063328423618,5.632173384827827
0.001864390142631284,0.031819378275343896,7.8323754567698405,724660.0023084185,0.1391006684777669,5.870302884526629
0.03122453672981675,0.03184081394712515,7.915441427219613,768739.1412742379,0.1421711085999221,5.977616894439137
0.0005379829610659997,0.03170242585925778,7.769921722549111,771225.6922261599,0.14026057803235273,5.962983946691514
0.00048006265735069304,0.03190562993450622,7.877325097030631,582031.8886296024,0.13783896797750797,5.473843634921577
0.005592772999897818,0.031880335960431036,7.865322111048978,693243.791848391,0.13956669295886318,6.077360220250027
0.0038196869568085366,0.031894839573320566,7.874366583506655,774660.8798780078,0.1416288943958662,5.908921996186747
0.0006398078917376183,0.0320387330633772,7.949797807236792,628847.3550385365,0.13805823537175965,5.532261964088287
0.005108124209364807,0.031860094481744185,7.83302800162418,702291.0769541876,0.14011725413647305,5.919448669901822
0.00594297353855684,0.031641688056287164,7.742053815848891,732216.0842966272,0.136952470634608,5.0488890333623
0.0004766166452197545,0.03187933237319744,7.8651562646932724,561756.8869783621,0.13642120707730818,5.219018002282921
0.0004888860264945868,0.03193873825884888,7.896892318680944,701173.7979437342,0.1400846149098765,5.90997743254813
0.000864762427793797,0.03179172904106762,7.818904154281347,845486.8350975187,0.14266459213426527,6.39961682500577
0.00048954168062373,0.032021631354763234,7.935912307893928,603023.2903627574,0.14261828983871022,6.423596461282974
0.0005057615581610495,0.031889513967806954,7.869791587763979,436553.4355438792,0.14230283509389138,6.232480290858566
0.0005036722243734828,0.0317494790881473,7.796912002729609,364235.2991962113,0.13824110556010108,5.42482458320298
0.0005974662746669583,0.03194186299844971,7.898233157638691,577349.1071408489,0.1398737255211987,5.8578680803951135
0.0006544286295536355,0.03207870320163654,7.972095449172856,683289.4111848142,0.13968723099000335,5.831081943317534
0.009980646587306241,0.03177416297919337,7.808187919565616,680184.6414076997,0.1402625873794182,5.4692965264092965
0.0005120622305479915,0.03183138666060079,7.843277987362561,462426.55210055556,0.14072268919972572,5.8715906771046384
0.011950750653464556,0.03179852507428081,7.821880558605062,703058.2022193061,0.14015922870300768,5.384513066590642
0.012205094191510451,0.03189866982415476,7.874014738453745,775095.2186538402,0.1358711363566097,5.579142825837529
0.0165087396700383,0.0319489542507752,7.898612209100931,643916.3799921576,0.1394514096473178,6.386803469466834
0.008409751242471388,0.031887965281143016,7.847005308475731,618707.2321167346,0.14294001569203657,6.3935174764456875
0.004015979244620251,0.032042630487064155,7.95267498642825,611249.5643943367,0.14100825866965855,5.7161738463883145
0.0017332117543611358,0.031920094723623324,7.891061240280689,778911.3076184121,0.1381454742293053,5.632173384827827
0.0005233964288171374,0.031882257006746614,7.868316974007415,806094.7188993638,0.14209901655604337,6.295570041869681
0.0007838076835960641,0.03201000873883231,7.929315366757169,811676.3444899287,0.1403905841988329,6.097533552911238
0.03069647222096349,0.031910073693871714,7.888062786683668,794274.4616883222,0.13627965024650224,5.885565887991488
0.0006265603489807567,0.03188097002946072,7.86647224911703,582031.8886296024,0.14276334397495394,6.358187410835575
0.010574925684978451,0.03188644486123346,7.889774849138739,620180.2991318129,0.13956669295886318,5.904293365247712
0.000965426462423263,0.03180902573359468,7.823260475043935,908018.0900139617,0.14221515051176178,6.366267192428635
0.24375032510812528,0.03175282963801322,7.949797807236792,621401.7205249518,0.13671143083961182,5.263438472490836
0.0005009993991819563,0.031852606582712946,7.851160956008542,734767.2170772215,0.14122443403932897,6.108298242468889
0.00048514303570102655,0.03199517009143399,7.922369652136226,727878.5681909533,0.14037285286357046,6.0112367938941205
0.008840353217913476,0.031867159496220425,7.8589280519059646,772970.5709697288,0.14007056324848974,6.290107917722906
0.004053698786942434,0.03197085997639556,7.915117644536793,696575.4350507709,0.14013670619908555,6.113643413183526
0.0182952097353465,0.03187419206519613,7.9035784414251244,618156.7101011853,0.14079843208626436,6.003642476102721
0.14492597487700223,0.03179194098117671,7.935912307893928,787138.1803690805,0.14058890988179765,5.997590338311133
0.00410917010986203,0.031889513967806954,7.87580379555785,849967.6283209578,0.14022390135837196,6.132614774932714
0.0006406672868401275,0.03191928710998255,7.889185586089687,788252.2694146602,0.13908644030414297,5.740563115147715
0.06474061867229287,0.03208245767993697,7.925372284892406,777989.8018710163,0.14206559960836798,5.670039256234002
0.20995752946580587,0.03181835890536367,7.972095449172856,711565.3112258689,0.14022471825092406,5.92676673053187
0.006426417498165884,0.03193447432447822,7.894483617697156,682380.0461778016,0.13989657026673494,5.4692965264092965
0.016381889382180617,0.031928613924177764,7.928225293550882,661707.6094445491,0.13826297792657663,5.564571285601001
0.0005494751762483445,0.03185636480497657,7.850039376082185,611286.1773357413,0.14114700250714216,6.081209257488657
0.03384041735029832,0.031911798336384856,7.87580379555785,849967.6283209578,0.14107068265407374,5.157561719323481
0.010474611578268778,0.03194938449522388,7.874176624116003,672312.159376852,0.1425840424408187,6.356052745323836
0.02890517595792725,0.031843743524107335,7.847005308475731,733206.1271907387,0.13608860629500844,5.91186487209636
0.006008220603979256,0.031872710601711395,7.83789010974355,750589.0336004379,0.1395365193138709,5.817012248282902
0.004857865332351694,0.03184756211506168,7.848322073563485,711786.8452589501,0.13859363170634506,5.867136359430029
0.024451465595962812,0.031863338073886874,7.902021917191455,724660.0023084185,0.1390952275167479,5.740152144514757
0.0019032317298720513,0.03189469240518849,7.8721401824277795,632229.5956894014,0.1403905841988329,5.778281496040681
0.03961710118075282,0.03185866262240993,7.854986565516004,771225.6922261599,0.13627965024650224,6.184409949750349
0.05763133813552169,0.03190562993450622,7.811817472955857,626228.2982318554,0.1383588258007743,5.473843634921577
0.024072940248795298,0.03183766950576899,7.889774849138739,709820.1286255416,0.14011754114427324,5.907506276721948
0.002365811904723696,0.03192658255115517,7.873610626336238,667117.3046318098,0.13999873454159806,5.908921996186747
0.06264207322388052,0.03189722862228948,7.949797807236792,625798.2345045795,0.14208242910799793,6.294416413842552
0.0005327763026485371,0.031860094481744185,7.854687924022743,824048.997183594,0.14001137439685513,5.880695886738222
0.0009944359660331544,0.03184836722607051,7.848027798585823,466421.08231094584,0.13913862812945194,5.734786774636513
0.008821339216493942,0.03186558889052608,7.822585756178564,561756.8869783621,0.13984222233443833,5.918864959980561
0.004376541087295127,0.031975992734877376,7.913365100356282,615520.5955138301,0.14013670619908555,6.154627335700779
0.0004487690687021388,0.03191026131962758,7.881388569918418,839394.3222190447,0.13889525376365833,5.700871218451937
0.0035518083655683413,0.031948357892251214,7.935912307893928,888004.9524725201,0.14261828983871022,5.5490575304228384
0.0017663994472400034,0.031889513967806954,7.8599570847862035,816415.32736929,0.1390145507075618,5.711859119417353
0.0005305940669248174,0.03193536949823229,7.893888382545552,764053.4353059093,0.14116374230433124,6.098523603545367
0.09053499307330001,0.03208245767993697,7.880409038937321,849035.0863365728,0.14125517909607616,6.139738947850244
0.0005756423041856169,0.03191384295930047,7.8831830665857225,711565.3112258689,0.1380009407903002,5.552587474784672
0.030104046331283392,0.031833622937444295,7.883726711715985,736449.4636365976,0.13780370286676427,5.614016660843224
0.041282513994436304,0.03188274142198629,7.928225293550882,830976.3753827414,0.13886731776102784,5.699976443385827
0.0004976329766163034,0.0319089175721031,7.884362682257972,740718.2213553893,0.13916806010328006,5.7038033985697
0.04857818934409863,0.031911798336384856,7.890499601114211,819299.9144239097,0.1358711363566097,6.102634136259791
0.10559044452615493,0.031746532659004886,7.896600319570335,708241.548088273,0.13718949290655408,5.346385826117837
0.0004563632522985846,0.031897136799414444,7.87517012739003,820683.7253155669,0.14003796391261367,5.9135089871595365
0.00045137860454707603,0.03188488522225509,7.868300882776313,911106.4287714176,0.13882873183881841,5.708824237441058
0.0018908241917485985,0.03187816440500619,7.873062828978771,769693.1255553877,0.13816538640387685,5.596540832733002
0.0024409096555583877,0.03194693493799458,7.887750297611515,972986.6035031835,0.13816640085303944,5.870302884526629
0.00045019354461764204,0.03186547115967894,7.857322827624071,836068.9356419125,0.13893292449081784,5.713480950685574
0.00045848033304235513,0.031910073693871714,7.880570817586303,1012325.5356589112,0.13812990908597308,5.5946356425989645
0.001622299006094901,0.03188294367844722,7.877325097030631,892069.8174223523,0.13894421204032595,5.724572682847604
0.012806876018710042,0.0319269674795136,7.88940150911411,953461.3880934069,0.13685823064134484,5.795004572555663
0.008602195116051333,0.03180388499837286,7.825371017727621,871604.2339025573,0.1380788905718081,5.908921996186747
0.025124091231606333,0.03190103820514309,7.949797807236792,911886.4634175533,0.13883198879509018,5.263438472490836
0.00045600414951321987,0.03193059594031508,7.892944619755599,963502.6124838407,0.13879651147718644,5.704402773063344
0.0006129881764521329,0.03182206141029386,7.835047469298785,466421.08231094584,0.136952470634608,5.225388738381667
0.0004504485672933055,0.03192418182232797,7.888568049943629,800055.3900633169,0.13893174553072465,5.696508450580688
0.0004511060323930218,0.03189793648264131,7.874402201354298,1024833.1598103738,0.13819477081144718,5.611875306938851
0.0013074977158848318,0.03187680217872694,7.873347943633225,1136315.2549098574,0.13764008181985465,5.525829262569094
0.03228452674926988,0.031856874512136854,7.852092777562634,851592.6041399097,0.13792470647746335,6.423596461282974
0.14493167523633235,0.031889513967806954,7.983955583886506,741128.7657816933,0.1398989773451035,5.902484220509812
0.00588633802857666,0.03194848522933488,7.89822737149387,748674.0023196703,0.14030388005961902,5.635057826823108
0.023833784338898226,0.03190816404701377,7.87938855055494,820131.232071318,0.1379236765399343,6.232119061306672
0.38532599653145727,0.0317255078276817,7.972095449172856,362493.1217193841,0.13786664553830547,5.3782977519377
0.0004681958445874513,0.03189895967066763,7.876670536162997,671976.3631638298,0.14056212720985103,5.97943842906113
0.003298449708975428,0.03197551598207175,7.928225293550882,733132.69787076,0.1412273885567726,6.184227544573828
0.001978869129154044,0.031900513864660085,7.877228541827898,962932.743011813,0.13910063683889531,5.899011192890409
0.000488135310689005,0.03204084730187802,7.95106548885762,772391.3953064932,0.14054729033338456,6.001721525916682
0.00393192660631245,0.031942463239700396,7.900128213991651,588090.2023206492,0.1394514096473178,5.941693651402371
0.0004770633059106373,0.032025373850278704,7.942604688087507,827954.8223960609,0.1389341858504777,5.681915129203899
0.15330003521089536,0.03188488522225509,7.954069448153951,644838.4928368591,0.13882873183881841,6.168779735572536
0.0005192140522542129,0.03189604304502842,7.873062828978771,951283.941936545,0.1374709551061194,5.453704071221028
0.0004878809696085662,0.03207958037624739,7.972063326308985,665075.5418484086,0.1399126024705785,5.8229826002199
0.008117218139820574,0.03187726926348062,7.862428897938724,836068.9356419125,0.13893292449081784,5.329445564080874
0.003306478084474434,0.0320115917957258,7.934163363636724,915742.387092585,0.13812990908597308,5.769381525864843
0.00046774578960141104,0.03187144213235399,7.861857074679798,823685.945491531,0.1392472252129014,5.7711323149633404
0.0039021836067639425,0.03192651446991884,7.901093951994258,672442.8528761456,0.13956669295886318,5.875676279626781
0.007542713847410369,0.03188119538067494,7.890857453862428,563555.5722062683,0.14064838830310597,5.976353268968587
0.0009520608308843698,0.0320387330633772,7.954357963596621,625798.2345045795,0.13982260988481243,5.833741650641246
0.013044199358291396,0.03177990377193129,7.8114952728771065,824048.997183594,0.14196374202537368,5.699240106437324
0.0005443568423178923,0.03195190522188372,7.909016093314861,665516.6118262949,0.1394286231417003,5.706665752891218
0.0005624883850894757,0.031924025115317514,7.892754581343324,844113.581547418,0.1365168864638848,5.286251275965605
0.05380497782298499,0.032038132880842146,7.881388569918418,865045.267201476,0.1358852831748568,5.153248428121789
0.06553116011112209,0.03202051446370861,7.863614077552847,696575.4350507709,0.13767970539688962,5.417055671589592
0.014853287609257701,0.03193200706990272,7.892603910563348,777941.4700368607,0.14261828983871022,5.694055971712761
0.0004732462777330068,0.03181547074996527,7.831878168933006,774802.6006772611,0.1387467700252957,5.645870963523329
0.0009196305407968631,0.03175717907342259,7.799885266289355,1009282.9979201433,0.13867105602034185,5.635057826823108
0.0010428471758369335,0.031908699231396526,7.880102812143742,577349.1071408489,0.13844607814780982,5.644373753206323
0.003298517441334247,0.03207870320163654,7.972095449172856,740691.8579631593,0.13891581068197992,5.848604022104553
0.003947988517078033,0.03181810623908552,7.831314488193358,671976.3631638298,0.14056212720985103,5.727345079666367
0.15266906331048602,0.03199705389021092,8.050448072650763,934452.7975652565,0.14327688992133325,6.563577011048481
0.01306824015898852,0.031907761951349416,7.878296987381416,923131.5605134524,0.14015922870300768,5.403286494515214
0.000463277674023549,0.031907228359704866,7.878823019454532,809656.5027313979,0.13907564980809384,5.725472468019072
0.0015027987810943332,0.031926788326532375,7.890773612459547,721810.6874979733,0.1393160474568022,5.864957726396678
0.02583698841540081,0.03162491920426051,7.731550174764245,986209.1902338777,0.13598633928087708,5.9135089871595365
0.000450126895956136,0.03193393242445291,7.893545883351502,911106.4287714176,0.13845116596390866,5.640442984863798
0.0068936889608120985,0.031729031173215155,7.790477018002641,371587.87655720825,0.13788626163410048,5.632173384827827
0.001506802979345974,0.031748137815244125,7.793720470693987,740246.2825166,0.13909288065319333,5.870302884526629
0.002576611668226184,0.03184781445213038,7.847404758167335,920419.5754994685,0.13893292449081784,5.550836549222883
0.0005449110146057024,0.03210563853848161,7.981115134653081,1144194.0786854196,0.14154441900877435,6.286617060722308
0.00048090764183438353,0.0320000690031839,7.929592999123988,594902.79726515,0.13740440806731155,5.3778016046210855
0.0005909312829879218,0.032015383386626975,7.932155114316786,672442.8528761456,0.13956669295886318,5.795004572555663
0.006357446472823011,0.032235996553289924,8.050731085953334,822105.6736144375,0.14004390111483037,6.234928277288024
0.07648209293103699,0.0320387330633772,7.900226312656414,625798.2345045795,0.1403673013952677,5.263438472490836
0.000528255220783644,0.03195111105092942,7.9084892220220135,668832.550528331,0.13941845150924012,5.699240106437324
0.174996559861405,0.03194597780030009,7.774482024856259,771091.9411980245,0.13602406317910867,5.179722289336221
0.001766489493756044,0.03192418182232797,7.915076519186414,581013.4471142413,0.14160907475758205,5.696508450580688
0.0005390936514178454,0.032064405883016484,7.963375245774893,839394.3222190447,0.1394501121355957,5.758488611402832
0.011520006751311316,0.031938440474876956,7.863614077552847,944566.4703560468,0.13878929889359157,5.707021499792075
0.0004616908308067077,0.03180840162984991,7.826697229388709,927559.2859529722,0.13798968008935483,5.572690351889272
0.018255796060677978,0.03203911996437909,7.9501642227998,683011.4301858704,0.13724308063668506,5.902484220509812
0.001689714392770052,0.0317494790881473,7.796912002729609,778086.4232874766,0.1393359025496919,5.635057826823108
0.019588893546395765,0.03208245767993697,7.898678605499159,970480.1877319496,0.13829803374832772,6.232119061306672
0.0004804829393563837,0.03201638298856649,7.938458041581303,732376.5632559124,0.13749542005722654,5.426635047302272
0.0010431976519259072,0.03189895967066763,7.882955813562667,877317.1398720606,0.1399694350273876,5.9101066225598675
0.0005627419258858955,0.03184198905795294,7.845856601772892,912919.9683364227,0.14130289343137445,6.152209475816598
0.09083888001015833,0.03209678408328494,7.899028060572949,1165232.5848143017,0.1407537690380562,5.899011192890409
0.0635205351855376,0.03205711288705223,7.878823019454532,1064944.33436458,0.14011582093398833,6.003405804116322
0.005066368426704482,0.03189990833911689,7.896600319570335,868651.5413500711,0.1388681140431059,5.704115903770838
0.0004663408157183089,0.031957145911934014,7.907537711288657,820683.7253155669,0.1398305174129386,5.8484568208131265
0.000550525393483209,0.0319226871971238,7.88802714436659,911106.4287714176,0.13985642323429,5.857601149623003
0.0006370365348508568,0.03185229388977851,7.85554926332358,779261.7058399288,0.13859363170634506,5.6310912200651675
0.06066735878261298,0.03180630880858832,7.902021917191455,724660.0023084185,0.14175910037406342,6.233375953055733
0.03649943443577054,0.031963774707777316,7.857322827624071,739937.6432522411,0.13957353058756075,5.713480950685574
0.0011531855703144228,0.031910073693871714,7.873609232597226,921276.4433505139,0.13798234784112423,5.55026552628582
0.00045503286823199895,0.03189597158555068,7.873609232597226,921276.4433505139,0.13798234784112423,5.55026552628582
0.0010432348819384208,0.03192651446991884,7.885659664003819,900702.2211506126,0.13956669295886318,5.795004572555663
0.006689150995542119,0.03192658255115517,7.868838007319216,661548.0933838962,0.1404652215376984,5.908921996186747
0.0004532601325122805,0.03185779961912459,7.852792138439339,814806.5002887782,0.13852691832029873,5.643912467403204
0.019201906075993785,0.031860094481744185,7.899147453457333,824048.997183594,0.14040888286328235,5.950409170969671
0.00045993831117735744,0.031801258518376986,7.824753544804852,823761.9432816845,0.13895283590929733,5.7030164406758805
0.003027078388608233,0.03192418182232797,7.873085315808606,911866.7865829528,0.13896604469247545,5.729593091430412
0.00048216641616072623,0.03199503596203689,7.928209930323125,753657.9695855427,0.14024749468007128,5.916186167675682
0.02893405093662479,0.03200529026831183,7.863614077552847,729848.8137685256,0.13891806897994186,5.90997743254813
0.00048216641616072623,0.03199503596203689,7.928209930323125,753657.9695855427,0.14024749468007128,5.916186167675682
0.007557200603619416,0.03193709145571051,7.869791587763979,724103.6431124642,0.1397982050366268,5.8399596490444505
0.00045204192697130487,0.03188118507150128,7.866418600625852,902522.896122742,0.1392179476726541,5.778201057040567
0.003840976392208223,0.031868015901915805,7.858796381550811,539575.1186525095,0.14206559960836798,5.950092877498083
0.0004718076287428558,0.031992853368644956,7.926406890327809,744867.6339569682,0.13994561293470126,5.863565266399606
0.005943622620191412,0.03194208357304108,7.876670536162997,975226.2263674589,0.13771453564186617,5.501994894786943
0.0004828910215342489,0.03199705389021092,7.928225293550882,593331.5804974631,0.14187467220565916,6.194136524787758
0.0004516644269738112,0.03192543265739573,7.889711954648222,761558.8858487259,0.13967515318392965,5.8295596164562244
0.0072862546337139015,0.03173400670387654,7.789519130950747,1070824.52859613,0.13907564980809384,5.397848180600634
0.2523671333002179,0.03194938449522388,8.019359516646428,506317.1194527243,0.1394514096473178,6.32803936845132
0.004491708767970364,0.031897136799414444,7.904342928647182,825705.9371206234,0.14003796391261367,5.725820240913933
0.0013436170189798692,0.03199361514307484,7.925485872482332,689251.2872706085,0.13946965887054474,5.640442984863798
0.0026458202927359268,0.03189604304502842,7.860481390732456,984027.2615825307,0.13726149307203084,5.434380753109354
0.038008893154875635,0.03194693493799458,7.8368431916339985,724660.0023084185,0.1377856320436983,5.538503694073591
0.00366693015071172,0.031899512569734036,7.876901351725209,836068.9356419125,0.14048058045720704,5.713480950685574
0.0004798400832329758,0.03193250270932525,7.894348398567829,1012325.5356589112,0.13955247659051231,5.828590144131258
0.0048093243359461635,0.03193250270932525,7.873609232597226,921276.4433505139,0.13955247659051231,5.828590144131258
0.0004610122673307245,0.03201393148780312,7.935252897355761,854261.9341962291,0.13884048865070878,5.698830944750908
0.030232077818177223,0.031649612634675584,7.743417623190407,1172471.524985365,0.14004390111483037,5.073703068452554
0.00045228916539176705,0.03193791510006792,7.895626178643493,779354.123268258,0.13852691832029873,5.627324508830771
0.00046482107106536835,0.032011046906290995,7.932812858705354,825978.9477767256,0.13884432839564492,5.699240106437324
0.0010563318111471481,0.031910196569060266,7.880358928363478,697053.3032951771,0.13895283590929733,5.59252686096328
0.006955784404648731,0.031899512569734036,7.876901351725209,680166.7815344762,0.13893174553072465,5.965810369012441
0.0004496170847832749,0.031895966957604716,7.8739353207911655,671837.882467323,0.1405017290489309,5.969103420904794
0.004533614135710391,0.03188195444613121,7.866522084688837,846977.9616872901,0.14013670619908555,5.63362713254633
0.0004778219045339691,0.03195583124057057,7.906394877737954,927559.2859529722,0.13972369369446008,5.846608907896778
0.008704251520911706,0.031889513967806954,7.897384358748185,595864.9891883844,0.140251513281054,5.906432474999395
0.00045116949395795415,0.03188118507150128,7.866418600625852,934957.1833351082,0.1392179476726541,5.778201057040567
0.0004494723842857433,0.03192791253570148,7.890454110706182,892869.0500448453,0.13856410362229374,5.655810718914671
0.012977356615649898,0.03184273343879997,7.84412416496946,1029978.979261444,0.13994561293470126,5.397564792715471
0.00045865306803907074,0.03193387395001446,7.894697054960801,827921.7832811014,0.13971926640473387,5.85002936373892
0.012899482075821237,0.03199705389021092,7.887189514360232,705503.3653753024,0.13957599510685706,5.8715906771046384
0.0019356824445376588,0.03193856819312394,7.896255055147997,831810.6827507991,0.14015922870300768,5.7681153043575435
0.0009499743001257828,0.031961268336037636,7.909258015268926,833319.1031801014,0.13907564980809384,5.802693484929912
0.0004817559859706295,0.031971988980281,7.915567896566221,639954.6573428514,0.1402491990567322,5.901408326179089
0.010847097940656419,0.031897136799414444,7.906390114556821,748108.5980492099,0.13915079020925067,5.716949192161391
0.0004553496283208144,0.031959919144472326,7.907796288144411,834459.4930105472,0.13891204848389585,5.6926938449349445
0.000448376765433841,0.03190813959322097,7.880085260980997,688266.8223372499,0.13960047956360394,5.798434432883832
0.0004818008109844185,0.03192732934780305,7.8909810740268185,724660.0023084185,0.1396890572711082,5.83690806052231
0.00046071794945161523,0.031890348467211206,7.870409933568754,763744.5129504289,0.1393609227448787,5.764276530155842
0.000991869022335155,0.03196447145781664,7.909063023757315,1012325.5356589112,0.1404832752946322,5.9527623872975495
0.053052340928731026,0.03189597158555068,7.804377185193438,853850.8566917053,0.13805521448065003,5.55026552628582
0.002930189931844914,0.031907999683285115,7.889774849138739,817219.2407762295,0.13902977260351412,5.795004572555663
0.020089052447331807,0.03192658255115517,7.846515720957671,758754.0687744636,0.13881724123061992,5.6771157274219375
0.0004629590649648477,0.03180601085313727,7.82524945975306,776664.663380398,0.13869251392369827,5.66991499174421
0.0015483404063633456,0.03182160182305808,7.833261527388606,652255.996316788,0.1397429751726938,5.699240106437324
0.0008181485486475387,0.031861027184054896,7.855083716342594,779552.5465070845,0.13934494311801163,5.7030164406758805
0.0005685819610016662,0.03197951411746929,7.918291807748268,800055.3900633169,0.13953161471433745,5.761192089817329
0.004745055129944808,0.03190813959322097,7.865914473240123,748025.2362451227,0.13996708630818294,5.798434432883832
0.0004781181917805972,0.03192589471249654,7.889922169108411,569370.9786183364,0.14003263630644308,5.859322397867361
0.03291624523178348,0.03191216177705412,7.826697229388709,639927.1036104133,0.1384137274942056,5.576774792651751
0.0015231135230368439,0.03191166228014022,7.883065066613155,722806.3580995634,0.14022390135837196,5.769860860447741
0.00045384594425000824,0.03189196272340066,7.8717383408582675,854434.7428616001,0.1389321916158257,5.704742872306598
0.00099130265955562,0.031991049796586006,7.9242172971667975,892869.0500448453,0.1409092086848945,5.997267939096464
0.0004670068486488157,0.0319783479527584,7.918355246961655,721172.1728266842,0.14009341492387306,5.874661097938368
0.04030094094210319,0.03193387395001446,7.828375275422143,744621.8632795515,0.13948851466564555,5.85002936373892
0.004137696260459839,0.03189526341514078,7.8747099176980475,705503.3653753024,0.1400619527083281,6.115811217795181
0.0005279551404194512,0.031943395640184585,7.899028060572949,583308.132587206,0.14164505956906398,6.133088050293105
0.0004498679048661135,0.031907228359704866,7.878823019454532,818379.4155629401,0.13947978390197308,5.812864185046975
0.005413629082183484,0.0320959064570275,7.981136826223831,467253.07080969476,0.1402491990567322,6.0959319372818195
0.0005861351594563862,0.03184005783585248,7.842886441095243,820683.7253155669,0.13881782816693858,5.6625268788067125
0.0007657812082985148,0.03193393242445291,7.889138345037196,786690.9604903898,0.13988416505384477,5.862850790112984
0.0005709795322749515,0.031915464533267573,7.881388569918418,843016.047680564,0.13975233694064507,5.8532009777018885
0.0007111241388825678,0.03185661714077792,7.852716522530886,788726.6146538797,0.13994871641755938,5.832534535384497
0.00044984881178771526,0.031923550031268295,7.888618970960597,486307.6898157415,0.1411881182868911,6.040493500648507
0.0008699504424516339,0.03186287850714916,7.854413267365849,1012325.5356589112,0.13812990908597308,5.692530061121308
0.0019502357236329793,0.03187885818083696,7.873609232597226,921276.4433505139,0.13798234784112423,5.596144198918452
0.0016380655364361253,0.03198157279430699,7.919906618146228,692121.4323924431,0.1404713112497835,5.795004572555663
0.014312328661198147,0.03182740793760728,7.837193156193095,822105.6736144375,0.13737674410488016,5.908921996186747
0.00045890200608620057,0.03193707937857783,7.8949849721213035,593152.4638143012,0.1392793001452092,5.721467524336507
0.0009243006451709492,0.03193621743165649,7.894973872514267,567614.6925429711,0.13884432839564492,5.699240106437324
0.0004765932366538092,0.031801258518376986,7.824753544804852,823761.9432816845,0.1397473482632508,5.842596308129361
0.0004487694190301009,0.031879199807864106,7.865185549840691,783381.1808601986,0.13893174553072465,5.696508450580688
0.007296508261525728,0.03186164411102709,7.880085260980997,746328.9942266941,0.13839362085237508,5.606390036133694
0.0038539099276993513,0.0317936073994101,7.819336127903292,766181.7157728416,0.14013670619908555,5.666912231422952
0.015427814774982212,0.03180840162984991,7.865574000088465,941715.5763077872,0.13798968008935483,5.559131465328887
0.0004781517310764718,0.03182258806194335,7.836201187491405,540016.3232893322,0.14022390135837196,5.8836444524827956
0.0021504678037680912,0.03190625455427132,7.878849754444579,620019.3150945496,0.14054783116083197,5.778201057040567
0.00045736640841399426,0.03185268082661065,7.849855153987115,662274.3313426212,0.13921110161375225,5.738221705302742
0.0005152464799669501,0.03192861507538778,7.889837733653835,721172.1728266842,0.13980633771032247,5.825686915511716
0.0004893868971034571,0.031905755051133786,7.878068200678906,671744.7018158062,0.13971926640473387,5.85002936373892
0.00046797064068228517,0.03199705389021092,7.928225293550882,618293.5777605976,0.1408527031662543,6.009515198320743
0.0016857031820729368,0.031929881259781086,7.891279005076193,641062.6439209641,0.14015922870300768,5.740611306652456
0.0009046032228226507,0.031907228359704866,7.886201450355569,623890.3158875962,0.1403182149275375,5.916842067897582
0.0039002413631732346,0.03192368526963404,7.888237349764055,849127.0498157652,0.1387856708905006,5.901408326179089
0.0020711039891877694,0.031929881259781086,7.891279005076193,820683.7253155669,0.14003796391261367,5.740611306652456
0.0005090703556396079,0.03187317370707972,7.861484964250961,772194.3866327923,0.13845116596390866,5.640442984863798
0.0007231244016966843,0.03188714460221769,7.8685100046304814,839394.3222190447,0.1404091888203868,5.933993628862982
0.0004949405906211599,0.031958338591745655,7.907982048302069,724660.0023084185,0.13994871641755938,5.879393492251926
0.0009769856194689326,0.03199268850832686,7.9260263991133115,486307.6898157415,0.13947315398666485,5.774145633707727
0.005405077943641965,0.03188975415598648,7.869547736518364,500871.95554040687,0.14057490916230278,5.5946356425989645
0.019178626742726527,0.03197652425513798,7.873609232597226,447040.2987540911,0.14111947073037956,6.016179128780166
0.000749462029882148,0.03188625041349784,7.868248592184352,871431.1740309645,0.13956669295886318,5.772734133737638
0.008334725119677366,0.03192658255115517,7.930296869596068,822105.6736144375,0.14135787993879598,5.908921996186747
0.002451006126870789,0.03193791510006792,7.881613404382996,769873.2854771863,0.13852691832029873,5.627324508830771
0.0004608113005633958,0.0318280565313105,7.837086406191952,757582.9597066973,0.13884432839564492,5.697657410147153
0.0004567162245174736,0.031867498178863495,7.858078709260811,769647.600955189,0.13895283590929733,5.69893980600693
0.003431101307827638,0.03191836229367512,7.886749199819234,541680.859371799,0.1407778680472674,5.696508450580688
0.0004922086922173844,0.03196615722010359,7.912210298598821,500814.1319242915,0.1408730483277774,5.986918606252372
0.000948396150259875,0.031950744546921865,7.902037722766431,696575.4350507709,0.14013670619908555,5.814228002300708
0.00046500721380129424,0.031904341329468594,7.8792119806625855,733915.4075478244,0.14072116363853385,6.007753999513044
0.0070842140703009536,0.031889513967806954,7.84394581370954,657193.3544879869,0.1391349865406986,5.726451403054407
0.0004532550054576007,0.03188118507150128,7.866418600625852,934957.1833351082,0.1394019403407299,5.809807804665057
0.00047275992101113764,0.03193501438030153,7.895630998875475,641269.2208796849,0.13968504240557195,5.800687490642029
0.023954574481772815,0.031848497929225436,7.918355246961655,721172.1728266842,0.14009341492387306,5.477691480888049
0.0006268033449073456,0.03189018255952549,7.870218576719647,726490.3702346697,0.13951831648351123,5.85002936373892
0.04042264061130214,0.03199705389021092,7.864539523086519,705503.3653753024,0.139515916721636,5.796181375125634
0.0005530323879310922,0.031943395640184585,7.9018898292854045,600180.2515470829,0.14004122770527044,5.8524208791505075
0.001655449660796122,0.031907228359704866,7.8681886148455735,626657.8054879484,0.13977647179564137,5.826459943978954
0.010371181875392231,0.03193941138176853,7.896022845622837,985039.3118713684,0.1377142975034836,5.901408326179089
0.00044950032381119696,0.031878685659565704,7.864604049408521,696076.0603226608,0.14010447722903582,5.9032733343971495
0.0004702919471442214,0.031841954958692215,7.844794516994082,679143.693679429,0.14000079811609226,5.865745417079118
0.005492380899013055,0.03191026131962758,7.860264885533331,776010.562798616,0.1379679554717742,5.5166873799393805
0.0006719311530803914,0.03194693493799458,7.895878495488101,651587.0774162409,0.1387048843117886,5.624046296468405
0.0006207806424116825,0.03193238219115552,7.888618970960597,897713.0414861857,0.13852024346049566,5.649938786283246
0.0004740691483566786,0.03196367280199521,7.910893896102533,1012325.5356589112,0.13812990908597308,5.5946356425989645
0.011971673845624661,0.03189597158555068,7.894545823945887,903450.8745593533,0.13798234784112423,5.70268451298725
0.00046386575572319815,0.03192651446991884,7.889774849138739,593131.3139666562,0.13990242785518417,5.841488604447651
0.0004621023191929871,0.03189424179690192,7.873326809448097,701125.3052200018,0.14076181581453406,6.012670294677958
0.05179088866814892,0.031812578351917455,7.895626178643493,608595.3007597404,0.13852691832029873,5.627324508830771
0.0004530323534461037,0.031860094481744185,7.854687924022743,825432.1215380932,0.13951879402454426,5.815220624403496
0.03784801064881561,0.03197958809454707,7.858078709260811,423853.39338543604,0.14173108562632167,6.128472405019382
0.10396654455847185,0.032036867294455304,7.865185549840691,576846.1697155015,0.1407449206830091,5.696508450580688
0.037763531460780396,0.03190813959322097,7.800483604339219,945874.9355910948,0.13757662333827037,5.798434432883832
0.051973215082058905,0.032011278275574366,7.863614077552847,293036.7744048451,0.14246532785692986,6.2174467662682105
0.03650225887778415,0.0319354969235026,7.826697229388709,465386.0152165185,0.13798968008935483,5.572690351889272
0.00045050149440461037,0.031930580555294415,7.892218425199433,612396.0541769911,0.13986962253990767,5.826295646991343
0.003420042618898851,0.03188118507150128,7.866418600625852,864534.7462190953,0.1382207634566119,5.778201057040567
0.004134230123608371,0.03192791253570148,7.890454110706182,592506.1567861444,0.14053180804793405,5.655810718914671
0.00045480373299738104,0.03189765841778436,7.87371964787586,675965.6239015793,0.13961937026316668,5.8006122034121805
0.0008718917404876105,0.03193387395001446,7.899706989901908,780872.1339509975,0.13862196789923084,5.643220254770794
0.0005394655392904812,0.03190640721491437,7.879650346836621,398006.7033478989,0.1409176728507219,5.980977468099967
0.0027943295455272257,0.03191473149610905,7.899028060572949,827529.6502893068,0.13973713994251835,5.847720262209344
0.003696662870920857,0.031918290182792075,7.878823019454532,649974.1624569892,0.13824171465976234,5.812864185046975
0.006943539791837016,0.031898901176942634,7.915567896566221,639954.6573428514,0.1402491990567322,5.613941472099882
0.007982408351318134,0.031878685659565704,7.8656056818554125,911147.6294579812,0.13818137807523068,5.9032733343971495
0.0004528933635644288,0.03193393242445291,7.893545883351502,651840.5677117526,0.1396787792882738,5.795987682583993
0.0004556785652248294,0.03192465899215836,7.889733938393465,808146.5827020139,0.13999765324519436,5.8973983920455
0.006724927269298831,0.031878338222210485,7.864897070762835,405448.74645836826,0.13994871641755938,6.080886783986348
0.017507173225204037,0.031923550031268295,7.847688131684755,690007.4616326307,0.13852601957875074,5.6106218922342395
0.0004525699446385992,0.031893174471423924,7.872090085171009,802445.1788869252,0.13844289385587596,5.609676535509525
0.0075640025570267305,0.03191783853328754,7.884731750763305,598507.5403437634,0.13798234784112423,5.7977276217986216
0.003959659868812591,0.03185160155425296,7.849022835200886,872425.9490406094,0.13956669295886318,5.591394924622428
0.0005266320772290339,0.03188343751731169,7.866641004541495,822105.6736144375,0.13672906375903274,5.359336132727399
0.0004508777223018374,0.03187564888379393,7.862326857235937,477650.67410542024,0.14064684278411677,5.941898362483954
0.005184887760657491,0.03189966336958809,7.854687924022743,886350.327251828,0.1380705639232859,5.566834306908603
0.0005344675560834023,0.03188993650351036,7.869979611972881,290910.22220778815,0.14198707368191077,6.14922084584528
0.00048604707702239473,0.03197929127718952,7.919445291242123,647971.3289607293,0.140492491976615,5.951924728058019
0.011470678795990489,0.03196802405468968,7.880085260980997,720279.9855313152,0.1396188480245142,5.797653234425538
0.0004492998618211353,0.03192201182108193,7.8877075049789065,658738.2389932803,0.13966395246164123,5.796450998932318
0.000449895143814869,0.03187341146812262,7.861808940173466,705426.7094140556,0.13999096051582893,5.8770475340191775
0.0004535519999606656,0.03189474830571887,7.872263655985853,591087.4792623178,0.139278514643536,5.71821027736198
0.0021822638852111195,0.03188118507150128,7.87800958664031,466278.2926922741,0.1408457982644428,5.976610128568688
0.0010472744003146885,0.03192791253570148,7.883432299380433,854927.1041498126,0.13903920098439201,5.726662779089834
0.003915865720343888,0.03189765841778436,7.854233971298538,675965.6239015793,0.13906987409372804,5.7315600163322475
0.0005326494789685534,0.03193373873316164,7.89383947960122,827921.7832811014,0.14000618294339823,5.87146243165081
0.00045157774703798723,0.031937783576759915,7.895542967917903,705503.3653753024,0.13992432015240489,5.8715906771046384
0.00045618274934140627,0.031943395640184585,7.897537256853556,657706.957952826,0.1391257285127609,5.709567765662064
0.00045461382038441603,0.03187373535392742,7.861445092266844,660149.2710368949,0.13879295209284978,5.644202618838575
0.010803716757727063,0.031971988980281,7.882536990849791,744868.9543235765,0.13883139184770316,5.667346416508327
0.0017098396546496384,0.03191697468841676,7.88478745453738,519080.3590336197,0.14010447722903582,5.978627934880286
0.001994045420741345,0.03189261296942677,7.871865494109314,665598.6894453026,0.13845116596390866,5.723966278238338
0.0004513536022693835,0.03189930449802517,7.875383067424613,857453.28564088,0.13842556677633253,5.618240930887378
0.01401427946631482,0.031880576525009544,7.902021917191455,724660.0023084185,0.13926007439157018,5.732957285544713
0.00044986898229859606,0.031895588417567323,7.873546667902853,524750.585653888,0.1411881182868911,6.054750641258432
0.0037723916600438745,0.03194110234811555,7.897830121164505,606326.223811369,0.14020019789766927,5.609676535509525
0.006460205693156935,0.03192950085194293,7.873609232597226,522584.19890188903,0.13798234784112423,5.946008394412425
0.000665931413250879,0.03186744078160647,7.857910215835285,893997.715636798,0.13956669295886318,5.795004572555663
0.006116063042255645,0.03186910453893827,7.858351991866546,744746.0306443471,0.13850711357954648,5.908921996186747
0.00044934091072873093,0.03187276966255099,7.8617379565777945,608768.5368954379,0.13986742147775816,5.827984737524093
0.000461486168504252,0.03193031654266568,7.891822988710384,507590.69857708225,0.1407508601614393,5.976137540123087
0.0039729072945273725,0.0319134762787345,7.858078709260811,752889.574526116,0.13844400702829834,5.69893980600693
0.0023209071738771797,0.031879199807864106,7.87755476246326,699554.4819319621,0.1394299143023781,5.778524610844801
0.0004483459440132947,0.03189665195931953,7.873773257643609,712719.531626878,0.13954791746452203,5.798434432883832
0.0005019401117488235,0.0319207783800702,7.886895164570674,658738.2389932803,0.1397312774691544,5.841112307919495
0.0004538386220126335,0.031874600877909214,7.861808940173466,781706.8838861566,0.13891449235463965,5.696558707813284
0.00045121991157933946,0.03191903276556707,7.886354300327674,781988.2414786711,0.13965094600652112,5.82945738811175
0.002347667194991505,0.03188118507150128,7.8792036690490805,846512.812722111,0.13910049516640882,5.744547775772169
0.0010202750021325317,0.03191060279143602,7.890454110706182,900624.0142892564,0.13856410362229374,5.631447666676579
0.0005518481301096224,0.031929422313913505,7.890997000910722,675965.6239015793,0.13868997819042714,5.665409352783784
0.0004501286404397565,0.03186026197124379,7.854690496004708,589048.6085504274,0.14047376379579402,5.940699810771152
0.008516557495254718,0.031937783576759915,7.8725302067421286,704479.2332902416,0.13992432015240489,5.799304138879747
0.0074669945546588495,0.03189219169805783,7.899028060572949,689957.5986931862,0.14021866056750643,5.891369090135107
0.001422027213026747,0.031907228359704866,7.887121877043302,818379.4155629401,0.1407325399408754,5.812864185046975
0.0004507323409281461,0.031894336341804094,7.872572452369465,836344.3630735055,0.13866214059311,5.65945014918424
0.0006709908796363708,0.031886879279223984,7.864604049408521,813103.966159932,0.13914419508819761,5.741834011458406
0.0006864544850352286,0.03193393242445291,7.893545883351502,680566.2937085183,0.13845116596390866,5.640442984863798
0.0071297799801903275,0.03188794013910515,7.869272060559993,648762.0003701622,0.13889525376365833,5.974968061207377
0.0004933956528076837,0.03194693493799458,7.902021917191455,723250.7827847975,0.13990419684229977,5.870302884526629
0.006511493739784035,0.03189029259047866,7.870736941246327,486307.6898157415,0.13958888475385536,6.040493500648507
0.0004513465853467095,0.03192270307609863,7.887664883349695,690269.0788360264,0.1392830391148629,5.734204391762643
0.011353824664550125,0.031874235993612415,7.861884390425291,593433.6303586551,0.13798234784112423,5.893431393575296
0.0004494703761334101,0.03189978429866649,7.8754503618468075,834538.6664105237,0.13911563655575643,5.75129795333809
0.004063645451337198,0.03188108387244397,7.8648146055953605,826756.8895659733,0.14004390111483037,5.654198814755393
0.0005629785309545241,0.03187276966255099,7.857796335916387,778787.2793774692,0.1390470039285279,5.726879251183273
0.00045123416446115624,0.0318699440682732,7.859490295417101,523171.43253867596,0.14061382626335042,5.955994359539169
0.009566276711845532,0.031867498178863495,7.882126002286941,699220.5428651086,0.13895283590929733,5.759814249525382
0.0004614157828698056,0.03188407133576292,7.866721393079781,504731.92411097104,0.14030301349269755,5.896141542439526
0.0006007757707568683,0.03189665195931953,7.8714192702706,714196.5020380771,0.1391769802344997,5.798434432883832
0.0025762342279911235,0.03192201182108193,7.8877075049789065,822399.6523397317,0.13966395246164123,5.6350315813677465
0.0004493996796937458,0.031899802011110104,7.875406773877928,544546.4119033811,0.14075288460664986,5.987501793451979
0.002017406768565883,0.03188545675922768,7.866951639687888,595864.9891883844,0.14022390135837196,5.7336026563561004
0.000551592749279041,0.03188808227523345,7.868916097635997,708747.8457378927,0.1392179476726541,5.778201057040567
0.000456429141068366,0.031844142948917374,7.846091760514575,789135.3933813374,0.13856410362229374,5.632797222210673
0.003980214313183194,0.03192466010441373,7.87371964787586,722776.5317789844,0.13961937026316668,5.765888219153428
0.005679590393873767,0.031923799005623504,7.888392727941086,789937.399923487,0.13877833876220413,5.940699810771152
0.0006697584585481039,0.03191227916955585,7.882359795481777,679455.2726684834,0.13992432015240489,5.796200073726759
0.0004509789142082075,0.03187007032537257,7.859118924965027,661292.3281981383,0.14000592792065764,5.88516435496026
0.0004489188550861732,0.03188779493964201,7.869530108273592,794687.2230859096,0.139450234443321,5.799079888948828
0.000488250218469854,0.031894336341804094,7.872572452369465,925373.6575019009,0.13866214059311,5.65945014918424
0.00045401827456426725,0.03192043488977049,7.886017950871964,634553.8456777877,0.13928396983409672,5.735182456048694
0.0006955765655826012,0.03193393242445291,7.893545883351502,911106.4287714176,0.14052910851872313,5.969943830488191
0.0025259238072249564,0.03185416638915213,7.850389215548204,839394.3222190447,0.13982763644760382,5.700871218451937
0.00045092624683697906,0.03186417316751712,7.856826264930197,941338.7990684165,0.13798681303898153,5.562650654173225
0.0031485961805824726,0.031886845257622934,7.86893078352617,680123.0253361497,0.13982160195966115,6.040493500648507
0.008983109689737433,0.03186918829616736,7.887664883349695,666485.138070931,0.13962810684963176,5.801411306537073
0.0019983304567082216,0.03189597158555068,7.885960165773966,557588.7377141482,0.14083107562788816,5.99464544965176
0.0016870396266566896,0.03190834025384218,7.8754503618468075,834538.6664105237,0.13911563655575643,5.921622427660427
0.007057218032157323,0.03186878081233813,7.890857453862428,510443.8561307517,0.14102973549158065,5.908921996186747
0.009024774990676623,0.03187276966255099,7.855832548808151,889211.2194259143,0.13986742147775816,5.53560637883527
0.006225132726201457,0.03190331371590287,7.854687924022743,778237.8824191393,0.13905344097875746,5.715108169914553
0.0004505339512001696,0.031873994357115076,7.861633086248559,736736.0081766988,0.13895283590929733,5.69893980600693
0.00572099541930096,0.03190701962925659,7.879539834995867,536630.7806902339,0.13893174553072465,5.903741162753897
0.0004483459440132947,0.03189665195931953,7.873773257643609,712719.531626878,0.13954791746452203,5.798434432883832
0.00044835648093654993,0.03189666195931953,7.873773257643609,712719.531626878,0.13954791746452203,5.798434432883832
0.00044834591431875347,0.03189665195931953,7.8737732676436085,712719.531626878,0.13954791746452203,5.798434432883832
0.0004483459385938128,0.03189665195931953,7.873773257643609,712719.531626888,0.13954791746452203,5.798434432883832
0.0004483460995309218,0.03189665195931953,7.873773257643609,712719.531626878,0.13954792746452202,5.798434432883832
0.0004483459420339487,0.03189665195931953,7.873773257643609,712719.531626878,0.13954791746452203,5.798434442883832
1877.5914423962386,0.02,7.876742711782184,712719.5321681919,0.12399615474668049,5.798632367484519
1877.5853275201478,0.020000010000000002,7.876742711782184,712719.5321681919,0.12399615474668049,5.798632367484519
1877.5914486734375,0.02,7.876742721782184,712719.5321681919,0.12399615474668049,5.798632367484519
1877.591442455325,0.02,7.876742711782184,712719.5321682019,0.12399615474668049,5.798632367484519
1877.5913993008057,0.02,7.876742711782184,712719.5321681919,0.12399616474668049,5.798632367484519
1877.5914425825508,0.02,7.876742711782184,712719.5321681919,0.12399615474668049,5.798632377484519
13.260340749811387,0.03000603144924907,7.874245164438672,712719.5317129038,0.13707642534534079,5.798465888726787
13.260191277988751,0.030006041449249073,7.874245164438672,712719.5317129038,0.13707642534534079,5.798465888726787
13.260341007675468,0.03000603144924907,7.874245174438672,712719.5317129038,0.13707642534534079,5.798465888726787
13.26034075827598,0.03000603144924907,7.874245164438672,712719.5317129138,0.13707642534534079,5.798465888726787
13.260338188653623,0.03000603144924907,7.874245164438672,712719.5317129038,0.13707643534534078,5.798465888726787
13.260340766805307,0.03000603144924907,7.874245164438672,712719.5317129038,0.13707642534534079,5.7984658987267865
0.0004482582492952886,0.03189649125641028,7.8737732977557275,712719.5316268853,0.13954770738747502,5.798434435557581
0.00044825906059113693,0.03189650125641028,7.8737732977557275,712719.5316268853,0.13954770738747502,5.798434435557581
0.0004482582462054618,0.03189649125641028,7.8737733077557275,712719.5316268853,0.13954770738747502,5.798434435557581
0.00044825823895650664,0.03189649125641028,7.8737732977557275,712719.5316268953,0.13954770738747502,5.798434435557581
0.00044825816993778367,0.03189649125641028,7.8737732977557275,712719.5316268853,0.139547717387475,5.798434435557581
0.00044825823640774797,0.03189649125641028,7.8737732977557275,712719.5316268853,0.13954770738747502,5.798434445557581
0.0004482580986704703,0.03189647980237115,7.873773300105872,712719.5316268859,0.13954769682275667,5.798434435945669
0.0004482582439305986,0.03189648980237115,7.873773300105872,712719.5316268859,0.13954769682275667,5.798434435945669
0.0004482581036838573,0.03189647980237115,7.873773310105872,712719.5316268859,0.13954769682275667,5.798434435945669
0.00044825809881134755,0.03189647980237115,7.873773300105872,712719.5316268959,0.13954769682275667,5.798434435945669
0.0004482580098084247,0.03189647980237115,7.873773300105872,712719.5316268859,0.13954770682275666,5.798434435945669
0.00044825809304725945,0.03189647980237115,7.873773300105872,712719.5316268859,0.13954769682275667,5.798434445945669
